,0,1,2,3,4,5
0,-1.101651273691856,0.24362652405703647,-1.1454283625020152,-1.2252124996435267,0.9776754627450532,0.8631380036495095
1,0.435957236387089,0.7104375219371437,-1.1454283625020152,0.28228659521340604,0.9776754627450532,-0.409485245443436
2,0.8203593639068253,0.24362652405703647,1.468534698514755,-1.2252124996435267,0.9776754627450532,-0.409485245443436
3,-0.7172491461721198,0.8660411878971794,-1.1454283625020152,0.28228659521340604,-1.4354617955730455,-1.6821084945363816
4,0.435957236387089,-1.1568064695832854,-0.09984313809530719,0.28228659521340604,0.9776754627450532,-0.409485245443436
5,-0.7172491461721198,0.24362652405703647,-1.1454283625020152,0.28228659521340604,-1.4354617955730455,0.8631380036495095
6,0.05155510886735275,-0.5343918057431423,-0.09984313809530719,0.28228659521340604,0.9776754627450532,-0.409485245443436
7,-1.101651273691856,-1.1568064695832854,-0.09984313809530719,1.7897856900703386,-0.8321774809935208,0.8631380036495095
8,0.8203593639068253,0.24362652405703647,1.468534698514755,-1.2252124996435267,0.9776754627450532,0.8631380036495095
9,0.05155510886735275,-0.37878813978310655,-0.6226357502986613,0.28228659521340604,0.9776754627450532,-0.409485245443436
10,-1.8704555287313285,0.8660411878971794,-1.1454283625020152,0.28228659521340604,0.9776754627450532,0.8631380036495095
11,-0.3328470186523835,1.4884558517373225,-1.1454283625020152,-1.2252124996435267,0.9776754627450532,-0.409485245443436
12,0.05155510886735275,-0.8455991376632138,1.468534698514755,-1.2252124996435267,0.9776754627450532,-0.409485245443436
13,0.435957236387089,0.7104375219371437,-1.1454283625020152,1.7897856900703386,-0.8321774809935208,0.8631380036495095
14,0.435957236387089,0.24362652405703647,-1.1454283625020152,0.28228659521340604,0.9776754627450532,0.8631380036495095
15,0.8203593639068253,-0.22318447382307077,-0.6226357502986613,0.28228659521340604,0.9776754627450532,0.8631380036495095
16,0.8203593639068253,0.24362652405703647,-1.1454283625020152,1.7897856900703386,-0.8321774809935208,0.8631380036495095
17,0.8203593639068253,0.24362652405703647,1.468534698514755,-1.2252124996435267,0.9776754627450532,0.8631380036495095
18,0.8203593639068253,0.3992301900170722,-1.1454283625020152,0.28228659521340604,0.9776754627450532,0.8631380036495095
19,1.5891636189462977,-1.1568064695832854,0.42294947410804684,1.7897856900703386,-0.8321774809935208,-0.409485245443436
20,-1.4860534012115922,0.24362652405703647,1.468534698514755,0.28228659521340604,-1.4354617955730455,-0.409485245443436
21,0.435957236387089,-1.312410135543321,-0.6226357502986613,1.7897856900703386,-0.8321774809935208,0.8631380036495095
22,0.05155510886735275,-0.37878813978310655,-0.6226357502986613,-1.2252124996435267,0.9776754627450532,-0.409485245443436
23,0.435957236387089,-0.22318447382307077,-0.09984313809530719,1.7897856900703386,-0.8321774809935208,0.8631380036495095
24,0.435957236387089,-1.312410135543321,-0.6226357502986613,0.28228659521340604,0.9776754627450532,-0.409485245443436
25,-1.101651273691856,0.24362652405703647,1.468534698514755,-1.2252124996435267,0.37439114816552854,0.8631380036495095
26,0.435957236387089,-1.312410135543321,-0.6226357502986613,1.7897856900703386,-0.8321774809935208,-1.6821084945363816
27,0.05155510886735275,1.3328521857772866,1.468534698514755,-1.2252124996435267,0.37439114816552854,-1.6821084945363816
28,0.8203593639068253,-0.22318447382307077,-1.1454283625020152,1.7897856900703386,-0.8321774809935208,-1.6821084945363816
29,0.8203593639068253,0.24362652405703647,1.468534698514755,1.7897856900703386,-0.8321774809935208,0.8631380036495095
30,0.8203593639068253,-0.22318447382307077,-0.6226357502986613,-1.2252124996435267,-1.4354617955730455,-1.6821084945363816
31,0.8203593639068253,-0.5343918057431423,-0.6226357502986613,1.7897856900703386,-0.8321774809935208,0.8631380036495095
32,0.8203593639068253,-0.22318447382307077,1.468534698514755,0.28228659521340604,0.9776754627450532,0.8631380036495095
33,-1.101651273691856,0.24362652405703647,-1.1454283625020152,0.28228659521340604,-0.22889316641399612,0.8631380036495095
34,-1.4860534012115922,-1.0012028036232494,-0.6226357502986613,0.28228659521340604,0.9776754627450532,-0.409485245443436
35,0.8203593639068253,-0.22318447382307077,1.468534698514755,-1.2252124996435267,0.9776754627450532,0.8631380036495095
36,-1.4860534012115922,-1.4680138015033568,-0.09984313809530719,-1.2252124996435267,0.9776754627450532,0.8631380036495095
37,-1.101651273691856,-0.22318447382307077,-0.6226357502986613,-1.2252124996435267,-1.4354617955730455,0.8631380036495095
38,-0.7172491461721198,-1.1568064695832854,-0.09984313809530719,0.28228659521340604,-1.4354617955730455,0.8631380036495095
39,0.435957236387089,-0.22318447382307077,-0.09984313809530719,-1.2252124996435267,0.37439114816552854,-1.6821084945363816
40,0.8203593639068253,-0.22318447382307077,-1.1454283625020152,-1.2252124996435267,0.37439114816552854,0.8631380036495095
41,0.435957236387089,2.5776815134575726,-0.6226357502986613,0.28228659521340604,0.9776754627450532,-0.409485245443436
42,0.435957236387089,2.5776815134575726,0.42294947410804684,0.28228659521340604,0.9776754627450532,-0.409485245443436
43,0.435957236387089,-0.22318447382307077,-0.09984313809530719,-1.2252124996435267,0.9776754627450532,-1.6821084945363816
44,0.435957236387089,1.799663183657394,1.468534698514755,-1.2252124996435267,0.9776754627450532,0.8631380036495095
45,0.8203593639068253,-0.22318447382307077,-0.6226357502986613,0.28228659521340604,0.9776754627450532,0.8631380036495095
46,1.5891636189462977,-1.1568064695832854,0.42294947410804684,0.28228659521340604,-1.4354617955730455,-1.6821084945363816
47,1.5891636189462977,-0.22318447382307077,-0.09984313809530719,0.28228659521340604,0.9776754627450532,-1.6821084945363816
48,0.8203593639068253,-0.22318447382307077,-0.6226357502986613,0.28228659521340604,0.9776754627450532,0.8631380036495095
49,0.8203593639068253,-0.22318447382307077,-0.6226357502986613,1.7897856900703386,-0.8321774809935208,-0.409485245443436
50,1.5891636189462977,0.8660411878971794,1.468534698514755,-1.2252124996435267,0.9776754627450532,-0.409485245443436
51,-0.7172491461721198,-0.22318447382307077,1.468534698514755,-1.2252124996435267,0.9776754627450532,0.8631380036495095
52,0.435957236387089,0.24362652405703647,-1.1454283625020152,-1.2252124996435267,-1.4354617955730455,-1.6821084945363816
53,-1.8704555287313285,2.266474181537501,1.468534698514755,0.28228659521340604,0.9776754627450532,0.8631380036495095
54,-0.3328470186523835,-1.0012028036232494,-0.09984313809530719,-1.2252124996435267,0.37439114816552854,-1.6821084945363816
55,0.435957236387089,0.08802285809700072,0.42294947410804684,0.28228659521340604,0.9776754627450532,-0.409485245443436
56,-0.3328470186523835,-1.4680138015033568,-0.6226357502986613,-1.2252124996435267,0.9776754627450532,0.8631380036495095
57,0.435957236387089,-1.4680138015033568,-0.6226357502986613,0.28228659521340604,0.9776754627450532,0.8631380036495095
58,1.5891636189462977,-0.22318447382307077,1.468534698514755,0.28228659521340604,-0.22889316641399612,0.8631380036495095
59,-1.4860534012115922,-1.0012028036232494,-0.09984313809530719,1.7897856900703386,-0.8321774809935208,0.8631380036495095
60,1.2047614914265614,-1.0012028036232494,0.9457420863114009,0.28228659521340604,0.9776754627450532,-0.409485245443436
61,-1.8704555287313285,0.8660411878971794,-1.1454283625020152,0.28228659521340604,0.9776754627450532,0.8631380036495095
62,0.8203593639068253,0.24362652405703647,1.468534698514755,-1.2252124996435267,0.37439114816552854,0.8631380036495095
63,-1.8704555287313285,-1.6236174674633925,-0.6226357502986613,0.28228659521340604,-1.4354617955730455,0.8631380036495095
64,-1.101651273691856,-1.1568064695832854,-0.09984313809530719,0.28228659521340604,-1.4354617955730455,0.8631380036495095
65,-1.4860534012115922,2.422077847497537,1.468534698514755,-1.2252124996435267,0.9776754627450532,0.8631380036495095
66,1.2047614914265614,-1.312410135543321,0.42294947410804684,0.28228659521340604,-1.4354617955730455,-1.6821084945363816
67,-0.7172491461721198,-0.06758080786303503,-1.1454283625020152,0.28228659521340604,0.9776754627450532,-0.409485245443436
68,-1.8704555287313285,1.799663183657394,1.468534698514755,-1.2252124996435267,0.9776754627450532,0.8631380036495095
69,1.5891636189462977,-1.1568064695832854,-0.09984313809530719,0.28228659521340604,-1.4354617955730455,0.8631380036495095
70,0.435957236387089,-0.37878813978310655,-0.6226357502986613,-1.2252124996435267,0.9776754627450532,-1.6821084945363816
71,0.8203593639068253,-1.1568064695832854,-0.09984313809530719,-1.2252124996435267,0.37439114816552854,-0.409485245443436
72,1.5891636189462977,-1.1568064695832854,0.42294947410804684,-1.2252124996435267,0.37439114816552854,0.8631380036495095
73,-1.4860534012115922,-1.0012028036232494,-0.6226357502986613,0.28228659521340604,-0.22889316641399612,0.8631380036495095
74,0.05155510886735275,-1.0012028036232494,-0.6226357502986613,-1.2252124996435267,0.9776754627450532,-0.409485245443436
75,1.5891636189462977,0.24362652405703647,1.468534698514755,0.28228659521340604,0.9776754627450532,0.8631380036495095
76,-0.3328470186523835,-1.4680138015033568,-0.6226357502986613,-1.2252124996435267,0.9776754627450532,-0.409485245443436
77,-1.101651273691856,-1.4680138015033568,-0.09984313809530719,0.28228659521340604,0.9776754627450532,-0.409485245443436
78,-0.7172491461721198,0.24362652405703647,-1.1454283625020152,0.28228659521340604,-1.4354617955730455,-1.6821084945363816
79,-0.3328470186523835,-1.4680138015033568,-0.6226357502986613,0.28228659521340604,-1.4354617955730455,0.8631380036495095
80,0.435957236387089,0.8660411878971794,1.468534698514755,0.28228659521340604,0.9776754627450532,0.8631380036495095
81,-0.3328470186523835,0.3992301900170722,1.468534698514755,-1.2252124996435267,-0.22889316641399612,0.8631380036495095
82,0.8203593639068253,0.24362652405703647,-1.1454283625020152,-1.2252124996435267,0.37439114816552854,0.8631380036495095
83,-1.4860534012115922,-1.0012028036232494,-0.09984313809530719,0.28228659521340604,-0.22889316641399612,-0.409485245443436
84,0.8203593639068253,-0.22318447382307077,-0.6226357502986613,-1.2252124996435267,0.9776754627450532,-1.6821084945363816
85,1.2047614914265614,-0.689995471703178,1.468534698514755,0.28228659521340604,0.9776754627450532,-0.409485245443436
86,-0.7172491461721198,-0.06758080786303503,-1.1454283625020152,-1.2252124996435267,0.9776754627450532,0.8631380036495095
87,-1.4860534012115922,-1.0012028036232494,-0.09984313809530719,-1.2252124996435267,0.9776754627450532,-0.409485245443436
88,0.8203593639068253,-0.22318447382307077,-0.6226357502986613,0.28228659521340604,-1.4354617955730455,-1.6821084945363816
89,-0.7172491461721198,-1.0012028036232494,-0.6226357502986613,0.28228659521340604,0.9776754627450532,0.8631380036495095
90,-0.3328470186523835,-0.22318447382307077,-0.09984313809530719,0.28228659521340604,0.9776754627450532,0.8631380036495095
91,-1.101651273691856,1.0216448538572152,1.468534698514755,0.28228659521340604,-1.4354617955730455,0.8631380036495095
92,0.435957236387089,-0.37878813978310655,-0.6226357502986613,-1.2252124996435267,0.9776754627450532,-0.409485245443436
93,0.435957236387089,-0.22318447382307077,-0.09984313809530719,0.28228659521340604,0.9776754627450532,0.8631380036495095
94,-0.7172491461721198,-1.1568064695832854,-0.09984313809530719,1.7897856900703386,-0.8321774809935208,0.8631380036495095
95,0.435957236387089,2.5776815134575726,-0.6226357502986613,-1.2252124996435267,0.9776754627450532,-1.6821084945363816
96,-0.7172491461721198,-0.22318447382307077,1.468534698514755,0.28228659521340604,-0.22889316641399612,0.8631380036495095
97,0.05155510886735275,-0.37878813978310655,-0.6226357502986613,-1.2252124996435267,-0.22889316641399612,0.8631380036495095
98,-1.101651273691856,-0.5343918057431423,-0.6226357502986613,-1.2252124996435267,-1.4354617955730455,-1.6821084945363816
99,-1.8704555287313285,-0.37878813978310655,-0.6226357502986613,-1.2252124996435267,0.37439114816552854,0.8631380036495095
100,1.5891636189462977,-0.22318447382307077,1.468534698514755,0.28228659521340604,-1.4354617955730455,0.8631380036495095
101,-1.101651273691856,-0.22318447382307077,-0.6226357502986613,-1.2252124996435267,-0.22889316641399612,-0.409485245443436
102,0.05155510886735275,1.799663183657394,-1.1454283625020152,0.28228659521340604,0.9776754627450532,-1.6821084945363816
103,0.435957236387089,-1.0012028036232494,-0.6226357502986613,0.28228659521340604,0.9776754627450532,-0.409485245443436
104,-0.3328470186523835,0.3992301900170722,1.468534698514755,0.28228659521340604,-0.22889316641399612,-0.409485245443436
105,-1.101651273691856,-0.22318447382307077,-0.6226357502986613,0.28228659521340604,0.9776754627450532,0.8631380036495095
106,0.435957236387089,1.799663183657394,1.468534698514755,-1.2252124996435267,0.9776754627450532,-1.6821084945363816
107,-1.101651273691856,-0.22318447382307077,-0.6226357502986613,0.28228659521340604,-1.4354617955730455,-0.409485245443436
108,-1.8704555287313285,-0.37878813978310655,-0.6226357502986613,0.28228659521340604,0.9776754627450532,0.8631380036495095
109,-1.8704555287313285,0.24362652405703647,-1.1454283625020152,0.28228659521340604,0.9776754627450532,0.8631380036495095
110,-0.7172491461721198,-0.06758080786303503,1.468534698514755,-1.2252124996435267,-0.22889316641399612,0.8631380036495095
111,-0.7172491461721198,-1.1568064695832854,-0.09984313809530719,-1.2252124996435267,0.37439114816552854,-0.409485245443436
112,1.5891636189462977,0.24362652405703647,-1.1454283625020152,-1.2252124996435267,-1.4354617955730455,-0.409485245443436
113,1.5891636189462977,0.7104375219371437,-1.1454283625020152,0.28228659521340604,0.9776754627450532,0.8631380036495095
114,-1.8704555287313285,-0.37878813978310655,-0.6226357502986613,-1.2252124996435267,-1.4354617955730455,0.8631380036495095
115,0.435957236387089,-1.312410135543321,-0.6226357502986613,1.7897856900703386,-0.8321774809935208,0.8631380036495095
116,-0.3328470186523835,-1.4680138015033568,-0.6226357502986613,0.28228659521340604,-1.4354617955730455,-0.409485245443436
117,-0.3328470186523835,0.24362652405703647,1.468534698514755,0.28228659521340604,0.9776754627450532,0.8631380036495095
118,0.05155510886735275,-1.1568064695832854,-0.09984313809530719,-1.2252124996435267,0.9776754627450532,-0.409485245443436
119,-1.4860534012115922,-1.1568064695832854,-0.6226357502986613,0.28228659521340604,0.9776754627450532,-1.6821084945363816
120,0.8203593639068253,0.24362652405703647,-1.1454283625020152,-1.2252124996435267,0.37439114816552854,-0.409485245443436
121,-0.3328470186523835,0.3992301900170722,1.468534698514755,-1.2252124996435267,-1.4354617955730455,0.8631380036495095
122,0.435957236387089,2.5776815134575726,0.42294947410804684,0.28228659521340604,-0.22889316641399612,-0.409485245443436
123,-0.7172491461721198,-0.22318447382307077,1.468534698514755,0.28228659521340604,0.9776754627450532,0.8631380036495095
124,-0.7172491461721198,0.24362652405703647,-1.1454283625020152,0.28228659521340604,-0.22889316641399612,0.8631380036495095
125,0.435957236387089,-1.7792211334234282,1.468534698514755,-1.2252124996435267,0.9776754627450532,0.8631380036495095
126,1.2047614914265614,-0.22318447382307077,-0.09984313809530719,1.7897856900703386,-0.8321774809935208,0.8631380036495095
127,0.435957236387089,0.24362652405703647,-1.1454283625020152,0.28228659521340604,-1.4354617955730455,0.8631380036495095
128,0.435957236387089,1.799663183657394,1.468534698514755,0.28228659521340604,0.9776754627450532,-0.409485245443436
129,0.8203593639068253,-0.22318447382307077,1.468534698514755,1.7897856900703386,-0.8321774809935208,-1.6821084945363816
130,-1.8704555287313285,1.799663183657394,1.468534698514755,0.28228659521340604,-0.22889316641399612,0.8631380036495095
131,0.435957236387089,-0.37878813978310655,-0.6226357502986613,-1.2252124996435267,-1.4354617955730455,-1.6821084945363816
132,0.435957236387089,2.266474181537501,-1.1454283625020152,0.28228659521340604,0.9776754627450532,-0.409485245443436
133,-1.101651273691856,-0.5343918057431423,-0.6226357502986613,0.28228659521340604,0.9776754627450532,-0.409485245443436
134,0.8203593639068253,0.3992301900170722,-1.1454283625020152,1.7897856900703386,-0.8321774809935208,0.8631380036495095
135,-1.4860534012115922,1.799663183657394,1.468534698514755,-1.2252124996435267,0.9776754627450532,0.8631380036495095
136,-0.3328470186523835,-1.4680138015033568,-0.09984313809530719,0.28228659521340604,-1.4354617955730455,-0.409485245443436
137,1.2047614914265614,-0.22318447382307077,-0.09984313809530719,-1.2252124996435267,0.37439114816552854,0.8631380036495095
138,0.8203593639068253,-0.22318447382307077,1.468534698514755,-1.2252124996435267,0.9776754627450532,-1.6821084945363816
139,0.05155510886735275,0.7104375219371437,-1.1454283625020152,0.28228659521340604,0.9776754627450532,-0.409485245443436
140,-0.3328470186523835,2.7332851794176083,-0.6226357502986613,-1.2252124996435267,0.9776754627450532,-0.409485245443436
141,-1.101651273691856,0.24362652405703647,-1.1454283625020152,0.28228659521340604,-1.4354617955730455,-0.409485245443436
142,0.435957236387089,-0.22318447382307077,-0.09984313809530719,0.28228659521340604,-0.22889316641399612,0.8631380036495095
143,0.8203593639068253,-0.22318447382307077,-0.6226357502986613,-1.2252124996435267,0.37439114816552854,0.8631380036495095
144,0.435957236387089,0.7104375219371437,-1.1454283625020152,0.28228659521340604,0.9776754627450532,0.8631380036495095
145,0.05155510886735275,0.7104375219371437,-1.1454283625020152,0.28228659521340604,-1.4354617955730455,-0.409485245443436
146,-0.3328470186523835,-0.22318447382307077,-0.09984313809530719,-1.2252124996435267,0.37439114816552854,0.8631380036495095
147,-1.101651273691856,-0.22318447382307077,-0.09984313809530719,-1.2252124996435267,0.9776754627450532,0.8631380036495095
148,0.435957236387089,-0.22318447382307077,-0.09984313809530719,-1.2252124996435267,0.9776754627450532,0.8631380036495095
149,-1.8704555287313285,2.266474181537501,1.468534698514755,-1.2252124996435267,-0.22889316641399612,0.8631380036495095
150,0.05155510886735275,0.24362652405703647,-1.1454283625020152,0.28228659521340604,-1.4354617955730455,-0.409485245443436
151,-1.4860534012115922,2.422077847497537,1.468534698514755,-1.2252124996435267,-1.4354617955730455,-1.6821084945363816
152,1.5891636189462977,0.24362652405703647,1.468534698514755,0.28228659521340604,-1.4354617955730455,-1.6821084945363816
153,-0.3328470186523835,2.7332851794176083,-0.6226357502986613,-1.2252124996435267,0.9776754627450532,-1.6821084945363816
154,-0.7172491461721198,0.24362652405703647,-1.1454283625020152,0.28228659521340604,-1.4354617955730455,-1.6821084945363816
155,0.05155510886735275,0.8660411878971794,-0.6226357502986613,0.28228659521340604,0.9776754627450532,-1.6821084945363816
156,0.8203593639068253,-0.22318447382307077,-0.09984313809530719,0.28228659521340604,0.9776754627450532,0.8631380036495095
157,-0.7172491461721198,-1.0012028036232494,-0.09984313809530719,0.28228659521340604,0.9776754627450532,0.8631380036495095
158,0.8203593639068253,-0.22318447382307077,-0.09984313809530719,0.28228659521340604,0.9776754627450532,-1.6821084945363816
159,0.05155510886735275,-0.37878813978310655,-0.6226357502986613,-1.2252124996435267,0.37439114816552854,-0.409485245443436
160,0.05155510886735275,-1.0012028036232494,-0.09984313809530719,0.28228659521340604,-1.4354617955730455,-0.409485245443436
161,0.8203593639068253,-0.22318447382307077,-0.6226357502986613,0.28228659521340604,-0.22889316641399612,0.8631380036495095
162,0.435957236387089,-1.4680138015033568,-0.6226357502986613,0.28228659521340604,0.9776754627450532,-1.6821084945363816
163,0.05155510886735275,0.24362652405703647,-0.6226357502986613,0.28228659521340604,0.9776754627450532,0.8631380036495095
164,0.435957236387089,2.1108705155774654,-0.6226357502986613,-1.2252124996435267,0.9776754627450532,-1.6821084945363816
165,1.5891636189462977,0.554833855977108,-1.1454283625020152,0.28228659521340604,-1.4354617955730455,-1.6821084945363816
166,-1.101651273691856,-1.4680138015033568,-0.09984313809530719,1.7897856900703386,-0.8321774809935208,0.8631380036495095
167,0.05155510886735275,-0.37878813978310655,-0.6226357502986613,0.28228659521340604,0.9776754627450532,-0.409485245443436
168,1.5891636189462977,-1.1568064695832854,0.42294947410804684,-1.2252124996435267,-1.4354617955730455,-0.409485245443436
169,0.8203593639068253,-0.5343918057431423,-0.6226357502986613,0.28228659521340604,0.9776754627450532,0.8631380036495095
170,-1.8704555287313285,-0.37878813978310655,-0.6226357502986613,-1.2252124996435267,-1.4354617955730455,0.8631380036495095
171,0.05155510886735275,0.8660411878971794,1.468534698514755,0.28228659521340604,-0.22889316641399612,-0.409485245443436
172,-0.7172491461721198,0.24362652405703647,1.468534698514755,0.28228659521340604,-0.22889316641399612,0.8631380036495095
173,0.435957236387089,-1.312410135543321,-0.6226357502986613,0.28228659521340604,-1.4354617955730455,-1.6821084945363816
174,-1.8704555287313285,0.24362652405703647,-1.1454283625020152,-1.2252124996435267,0.9776754627450532,0.8631380036495095
175,-1.4860534012115922,-1.0012028036232494,-0.6226357502986613,-1.2252124996435267,0.37439114816552854,-1.6821084945363816
176,-0.3328470186523835,0.24362652405703647,1.468534698514755,-1.2252124996435267,0.37439114816552854,-1.6821084945363816
177,-1.4860534012115922,-1.4680138015033568,-0.09984313809530719,0.28228659521340604,0.9776754627450532,-1.6821084945363816
178,0.435957236387089,-1.4680138015033568,-0.09984313809530719,-1.2252124996435267,-0.22889316641399612,0.8631380036495095
179,-1.4860534012115922,2.422077847497537,1.468534698514755,-1.2252124996435267,-0.22889316641399612,-0.409485245443436
180,-1.8704555287313285,-0.37878813978310655,-0.6226357502986613,0.28228659521340604,0.9776754627450532,0.8631380036495095
181,-0.7172491461721198,-1.0012028036232494,-0.09984313809530719,-1.2252124996435267,0.9776754627450532,0.8631380036495095
182,0.435957236387089,-0.22318447382307077,-0.09984313809530719,-1.2252124996435267,0.9776754627450532,-1.6821084945363816
183,0.8203593639068253,0.3992301900170722,-1.1454283625020152,-1.2252124996435267,0.37439114816552854,-0.409485245443436
184,-0.3328470186523835,-1.4680138015033568,-0.6226357502986613,0.28228659521340604,0.9776754627450532,-0.409485245443436
185,0.05155510886735275,1.3328521857772866,1.468534698514755,0.28228659521340604,-1.4354617955730455,-0.409485245443436
186,1.2047614914265614,-1.312410135543321,0.42294947410804684,-1.2252124996435267,0.9776754627450532,-0.409485245443436
187,-1.101651273691856,-1.4680138015033568,-0.09984313809530719,-1.2252124996435267,0.37439114816552854,-1.6821084945363816
188,0.05155510886735275,-0.5343918057431423,-0.09984313809530719,-1.2252124996435267,0.9776754627450532,-0.409485245443436
189,-1.8704555287313285,-1.0012028036232494,1.468534698514755,0.28228659521340604,0.9776754627450532,0.8631380036495095
190,-1.101651273691856,0.24362652405703647,-1.1454283625020152,0.28228659521340604,0.9776754627450532,-0.409485245443436
191,-1.8704555287313285,-1.0012028036232494,-0.6226357502986613,0.28228659521340604,0.9776754627450532,0.8631380036495095
192,-1.101651273691856,-0.22318447382307077,-0.6226357502986613,0.28228659521340604,0.9776754627450532,0.8631380036495095
193,-1.101651273691856,-0.22318447382307077,-0.6226357502986613,0.28228659521340604,0.9776754627450532,-0.409485245443436
194,0.8203593639068253,0.24362652405703647,1.468534698514755,0.28228659521340604,0.9776754627450532,0.8631380036495095
195,-1.4860534012115922,-1.1568064695832854,-0.09984313809530719,-1.2252124996435267,0.9776754627450532,0.8631380036495095
196,0.435957236387089,-1.7792211334234282,1.468534698514755,-1.2252124996435267,0.9776754627450532,-1.6821084945363816
197,0.05155510886735275,-1.0012028036232494,-0.09984313809530719,0.28228659521340604,0.9776754627450532,0.8631380036495095
198,-1.4860534012115922,0.8660411878971794,1.468534698514755,0.28228659521340604,0.9776754627450532,-1.6821084945363816
199,0.8203593639068253,-0.22318447382307077,-1.1454283625020152,0.28228659521340604,-1.4354617955730455,0.8631380036495095
200,-1.4860534012115922,-0.37878813978310655,-0.6226357502986613,-1.2252124996435267,0.9776754627450532,-0.409485245443436
201,0.435957236387089,-0.37878813978310655,-0.6226357502986613,-1.2252124996435267,0.9776754627450532,0.8631380036495095
202,0.435957236387089,2.1108705155774654,-0.6226357502986613,-1.2252124996435267,0.37439114816552854,-1.6821084945363816
203,-1.4860534012115922,0.24362652405703647,1.468534698514755,-1.2252124996435267,-1.4354617955730455,0.8631380036495095
204,1.5891636189462977,-0.22318447382307077,-0.09984313809530719,0.28228659521340604,-0.22889316641399612,0.8631380036495095
205,0.8203593639068253,0.3992301900170722,1.468534698514755,0.28228659521340604,0.9776754627450532,0.8631380036495095
206,1.5891636189462977,0.24362652405703647,1.468534698514755,-1.2252124996435267,0.9776754627450532,-1.6821084945363816
207,-1.4860534012115922,2.422077847497537,1.468534698514755,0.28228659521340604,0.9776754627450532,-1.6821084945363816
208,0.435957236387089,2.5776815134575726,0.42294947410804684,1.7897856900703386,-0.8321774809935208,0.8631380036495095
209,-0.7172491461721198,1.1772485198172509,1.468534698514755,1.7897856900703386,-0.8321774809935208,0.8631380036495095
210,-1.8704555287313285,0.8660411878971794,-1.1454283625020152,0.28228659521340604,0.9776754627450532,0.8631380036495095
211,0.8203593639068253,0.24362652405703647,-1.1454283625020152,-1.2252124996435267,-0.22889316641399612,0.8631380036495095
212,-0.3328470186523835,-1.0012028036232494,-0.09984313809530719,0.28228659521340604,-1.4354617955730455,0.8631380036495095
213,-0.3328470186523835,0.24362652405703647,1.468534698514755,0.28228659521340604,-0.22889316641399612,0.8631380036495095
214,0.8203593639068253,-0.22318447382307077,-1.1454283625020152,-1.2252124996435267,-0.22889316641399612,0.8631380036495095
215,0.435957236387089,-0.22318447382307077,-0.09984313809530719,0.28228659521340604,-0.22889316641399612,0.8631380036495095
216,-0.3328470186523835,0.24362652405703647,1.468534698514755,0.28228659521340604,-0.22889316641399612,0.8631380036495095
217,0.435957236387089,-0.22318447382307077,-0.09984313809530719,-1.2252124996435267,0.37439114816552854,-1.6821084945363816
218,0.8203593639068253,-1.1568064695832854,-0.09984313809530719,0.28228659521340604,-1.4354617955730455,-1.6821084945363816
219,0.435957236387089,0.24362652405703647,-1.1454283625020152,0.28228659521340604,0.9776754627450532,-0.409485245443436
220,-1.101651273691856,0.24362652405703647,1.468534698514755,0.28228659521340604,0.9776754627450532,0.8631380036495095
221,0.435957236387089,0.8660411878971794,1.468534698514755,0.28228659521340604,0.9776754627450532,0.8631380036495095
222,0.435957236387089,-0.5343918057431423,0.42294947410804684,-1.2252124996435267,0.9776754627450532,-1.6821084945363816
223,-1.4860534012115922,-1.0012028036232494,-0.6226357502986613,0.28228659521340604,0.9776754627450532,-1.6821084945363816
224,0.435957236387089,1.799663183657394,1.468534698514755,-1.2252124996435267,0.9776754627450532,-0.409485245443436
225,0.8203593639068253,0.8660411878971794,-1.1454283625020152,-1.2252124996435267,0.9776754627450532,0.8631380036495095
226,0.05155510886735275,0.24362652405703647,1.468534698514755,-1.2252124996435267,0.9776754627450532,-0.409485245443436
227,-0.7172491461721198,0.24362652405703647,-1.1454283625020152,0.28228659521340604,0.9776754627450532,0.8631380036495095
228,-0.3328470186523835,1.6440595176973583,0.9457420863114009,0.28228659521340604,0.9776754627450532,-1.6821084945363816
229,-0.7172491461721198,-0.22318447382307077,1.468534698514755,-1.2252124996435267,0.37439114816552854,-0.409485245443436
230,0.435957236387089,0.24362652405703647,-1.1454283625020152,0.28228659521340604,-1.4354617955730455,0.8631380036495095
231,-1.4860534012115922,-1.0012028036232494,-0.6226357502986613,0.28228659521340604,0.9776754627450532,0.8631380036495095
232,0.435957236387089,2.5776815134575726,-0.6226357502986613,1.7897856900703386,-0.8321774809935208,0.8631380036495095
233,-1.8704555287313285,-1.0012028036232494,-0.6226357502986613,0.28228659521340604,0.9776754627450532,0.8631380036495095
234,-1.4860534012115922,-1.1568064695832854,-0.09984313809530719,1.7897856900703386,-0.8321774809935208,0.8631380036495095
235,-0.7172491461721198,0.24362652405703647,-1.1454283625020152,-1.2252124996435267,0.37439114816552854,-0.409485245443436
236,-1.8704555287313285,-1.0012028036232494,1.468534698514755,0.28228659521340604,0.9776754627450532,0.8631380036495095
237,-1.101651273691856,0.8660411878971794,-1.1454283625020152,0.28228659521340604,-1.4354617955730455,-0.409485245443436
238,0.435957236387089,-0.37878813978310655,-0.6226357502986613,1.7897856900703386,-0.8321774809935208,0.8631380036495095
239,1.5891636189462977,0.8660411878971794,1.468534698514755,1.7897856900703386,-0.8321774809935208,-0.409485245443436
240,-0.3328470186523835,0.24362652405703647,1.468534698514755,0.28228659521340604,0.9776754627450532,0.8631380036495095
241,0.8203593639068253,-0.22318447382307077,-0.6226357502986613,-1.2252124996435267,0.9776754627450532,0.8631380036495095
242,-1.8704555287313285,0.8660411878971794,-1.1454283625020152,0.28228659521340604,-1.4354617955730455,0.8631380036495095
243,-1.101651273691856,-1.4680138015033568,-0.09984313809530719,0.28228659521340604,-1.4354617955730455,0.8631380036495095
244,1.5891636189462977,0.24362652405703647,-1.1454283625020152,0.28228659521340604,0.9776754627450532,0.8631380036495095
245,-1.4860534012115922,-1.0012028036232494,-0.09984313809530719,-1.2252124996435267,-1.4354617955730455,0.8631380036495095
246,-1.4860534012115922,1.799663183657394,1.468534698514755,-1.2252124996435267,0.9776754627450532,0.8631380036495095
247,-0.7172491461721198,0.8660411878971794,-1.1454283625020152,1.7897856900703386,-0.8321774809935208,0.8631380036495095
248,1.5891636189462977,0.24362652405703647,-1.1454283625020152,-1.2252124996435267,0.9776754627450532,0.8631380036495095
249,0.05155510886735275,0.7104375219371437,1.468534698514755,-1.2252124996435267,0.37439114816552854,-1.6821084945363816
250,0.435957236387089,2.266474181537501,-1.1454283625020152,0.28228659521340604,-0.22889316641399612,-0.409485245443436
251,-1.101651273691856,-0.5343918057431423,-0.6226357502986613,-1.2252124996435267,0.9776754627450532,0.8631380036495095
252,-1.4860534012115922,-1.0012028036232494,-0.6226357502986613,-1.2252124996435267,0.9776754627450532,-0.409485245443436
253,0.8203593639068253,-0.22318447382307077,-1.1454283625020152,0.28228659521340604,0.9776754627450532,0.8631380036495095
254,0.435957236387089,-1.7792211334234282,-0.09984313809530719,-1.2252124996435267,0.37439114816552854,-1.6821084945363816
255,0.435957236387089,2.5776815134575726,-0.6226357502986613,-1.2252124996435267,-1.4354617955730455,-1.6821084945363816
256,0.435957236387089,2.1108705155774654,-0.6226357502986613,0.28228659521340604,-1.4354617955730455,0.8631380036495095
257,0.8203593639068253,0.24362652405703647,-1.1454283625020152,0.28228659521340604,0.9776754627450532,0.8631380036495095
258,0.435957236387089,-0.37878813978310655,-0.6226357502986613,0.28228659521340604,0.9776754627450532,-0.409485245443436
259,0.435957236387089,-1.1568064695832854,-0.09984313809530719,0.28228659521340604,-1.4354617955730455,0.8631380036495095
260,-1.101651273691856,0.24362652405703647,-1.1454283625020152,-1.2252124996435267,0.9776754627450532,-0.409485245443436
261,0.8203593639068253,0.24362652405703647,1.468534698514755,-1.2252124996435267,-1.4354617955730455,-1.6821084945363816
262,0.8203593639068253,-0.5343918057431423,-0.6226357502986613,0.28228659521340604,-1.4354617955730455,0.8631380036495095
263,-1.4860534012115922,-0.37878813978310655,-0.6226357502986613,1.7897856900703386,-0.8321774809935208,-0.409485245443436
264,-1.8704555287313285,-0.37878813978310655,-0.6226357502986613,0.28228659521340604,0.9776754627450532,0.8631380036495095
265,0.8203593639068253,-0.22318447382307077,-1.1454283625020152,0.28228659521340604,-1.4354617955730455,0.8631380036495095
266,0.05155510886735275,-1.1568064695832854,-0.09984313809530719,-1.2252124996435267,0.9776754627450532,-0.409485245443436
267,0.435957236387089,-1.7792211334234282,-0.09984313809530719,0.28228659521340604,0.9776754627450532,0.8631380036495095
268,-0.3328470186523835,0.24362652405703647,1.468534698514755,-1.2252124996435267,0.9776754627450532,-0.409485245443436
269,0.8203593639068253,-0.22318447382307077,-0.6226357502986613,1.7897856900703386,-0.8321774809935208,0.8631380036495095
270,0.435957236387089,-1.0012028036232494,-0.6226357502986613,0.28228659521340604,-1.4354617955730455,0.8631380036495095
271,-0.7172491461721198,-0.06758080786303503,-1.1454283625020152,0.28228659521340604,-0.22889316641399612,0.8631380036495095
272,0.435957236387089,2.266474181537501,-1.1454283625020152,1.7897856900703386,-0.8321774809935208,0.8631380036495095
273,-0.7172491461721198,0.24362652405703647,-1.1454283625020152,0.28228659521340604,-1.4354617955730455,-1.6821084945363816
274,-0.3328470186523835,-1.4680138015033568,-0.09984313809530719,1.7897856900703386,-0.8321774809935208,0.8631380036495095
275,0.8203593639068253,0.24362652405703647,-1.1454283625020152,-1.2252124996435267,-1.4354617955730455,0.8631380036495095
276,-1.4860534012115922,-0.37878813978310655,-0.6226357502986613,-1.2252124996435267,0.9776754627450532,0.8631380036495095
277,-1.101651273691856,0.24362652405703647,-1.1454283625020152,0.28228659521340604,-1.4354617955730455,0.8631380036495095
278,1.5891636189462977,0.554833855977108,-1.1454283625020152,-1.2252124996435267,-0.22889316641399612,0.8631380036495095
279,0.05155510886735275,1.799663183657394,-1.1454283625020152,-1.2252124996435267,0.37439114816552854,-1.6821084945363816
280,0.8203593639068253,0.24362652405703647,-1.1454283625020152,0.28228659521340604,-0.22889316641399612,0.8631380036495095
281,0.05155510886735275,0.24362652405703647,-0.6226357502986613,0.28228659521340604,0.9776754627450532,0.8631380036495095
282,0.8203593639068253,-0.22318447382307077,1.468534698514755,1.7897856900703386,-0.8321774809935208,-0.409485245443436
283,0.435957236387089,-0.22318447382307077,-0.09984313809530719,0.28228659521340604,0.9776754627450532,-1.6821084945363816
284,-1.4860534012115922,0.8660411878971794,1.468534698514755,0.28228659521340604,-1.4354617955730455,0.8631380036495095
285,-1.101651273691856,0.8660411878971794,-1.1454283625020152,1.7897856900703386,-0.8321774809935208,0.8631380036495095
286,0.435957236387089,-0.22318447382307077,-0.09984313809530719,1.7897856900703386,-0.8321774809935208,-1.6821084945363816
287,0.435957236387089,-0.37878813978310655,-0.09984313809530719,-1.2252124996435267,0.9776754627450532,-1.6821084945363816
288,-0.3328470186523835,2.7332851794176083,-0.6226357502986613,1.7897856900703386,-0.8321774809935208,-0.409485245443436
289,0.8203593639068253,0.24362652405703647,1.468534698514755,1.7897856900703386,-0.8321774809935208,-1.6821084945363816
290,-1.101651273691856,0.24362652405703647,1.468534698514755,-1.2252124996435267,0.9776754627450532,0.8631380036495095
291,1.5891636189462977,-1.1568064695832854,-0.09984313809530719,0.28228659521340604,0.9776754627450532,-1.6821084945363816
292,-0.7172491461721198,0.24362652405703647,-1.1454283625020152,-1.2252124996435267,0.9776754627450532,-0.409485245443436
293,0.8203593639068253,-0.22318447382307077,1.468534698514755,0.28228659521340604,0.9776754627450532,-0.409485245443436
294,0.435957236387089,-1.4680138015033568,-0.09984313809530719,-1.2252124996435267,0.37439114816552854,-1.6821084945363816
295,0.8203593639068253,-0.22318447382307077,1.468534698514755,-1.2252124996435267,-1.4354617955730455,-1.6821084945363816
296,-0.7172491461721198,-0.06758080786303503,-0.6226357502986613,-1.2252124996435267,-1.4354617955730455,-0.409485245443436
297,-1.4860534012115922,0.24362652405703647,1.468534698514755,-1.2252124996435267,0.9776754627450532,-0.409485245443436
298,-0.7172491461721198,-0.06758080786303503,-0.6226357502986613,-1.2252124996435267,0.37439114816552854,-1.6821084945363816
299,1.5891636189462977,0.8660411878971794,-1.1454283625020152,0.28228659521340604,-0.22889316641399612,0.8631380036495095
300,0.05155510886735275,0.8660411878971794,-0.6226357502986613,-1.2252124996435267,0.37439114816552854,-0.409485245443436
301,1.5891636189462977,1.799663183657394,1.468534698514755,1.7897856900703386,-0.8321774809935208,0.8631380036495095
302,0.8203593639068253,-0.22318447382307077,1.468534698514755,-1.2252124996435267,0.9776754627450532,0.8631380036495095
303,0.435957236387089,0.24362652405703647,-1.1454283625020152,0.28228659521340604,0.9776754627450532,-0.409485245443436
304,0.8203593639068253,0.24362652405703647,1.468534698514755,-1.2252124996435267,0.9776754627450532,0.8631380036495095
305,-1.4860534012115922,1.799663183657394,1.468534698514755,0.28228659521340604,0.9776754627450532,-0.409485245443436
306,0.8203593639068253,-0.22318447382307077,-0.6226357502986613,0.28228659521340604,-0.22889316641399612,0.8631380036495095
307,0.8203593639068253,0.3992301900170722,1.468534698514755,-1.2252124996435267,-1.4354617955730455,-1.6821084945363816
308,-0.3328470186523835,1.4884558517373225,-1.1454283625020152,0.28228659521340604,0.9776754627450532,-1.6821084945363816
309,-0.7172491461721198,0.24362652405703647,-1.1454283625020152,-1.2252124996435267,0.37439114816552854,-0.409485245443436
310,-0.7172491461721198,-0.22318447382307077,1.468534698514755,0.28228659521340604,-1.4354617955730455,-1.6821084945363816
311,0.05155510886735275,0.8660411878971794,1.468534698514755,1.7897856900703386,-0.8321774809935208,0.8631380036495095
312,0.8203593639068253,-0.22318447382307077,-0.6226357502986613,0.28228659521340604,-1.4354617955730455,-1.6821084945363816
313,1.5891636189462977,0.24362652405703647,1.468534698514755,0.28228659521340604,0.9776754627450532,-0.409485245443436
314,-1.8704555287313285,-0.37878813978310655,-0.6226357502986613,0.28228659521340604,-0.22889316641399612,0.8631380036495095
315,0.8203593639068253,-0.22318447382307077,-1.1454283625020152,0.28228659521340604,0.9776754627450532,0.8631380036495095
316,0.8203593639068253,-0.22318447382307077,1.468534698514755,-1.2252124996435267,0.9776754627450532,0.8631380036495095
317,0.8203593639068253,0.24362652405703647,-1.1454283625020152,0.28228659521340604,-1.4354617955730455,0.8631380036495095
318,-1.4860534012115922,1.799663183657394,1.468534698514755,-1.2252124996435267,0.9776754627450532,-0.409485245443436
319,0.435957236387089,-0.37878813978310655,-0.6226357502986613,-1.2252124996435267,0.9776754627450532,-0.409485245443436
320,-1.4860534012115922,0.24362652405703647,1.468534698514755,1.7897856900703386,-0.8321774809935208,0.8631380036495095
321,0.435957236387089,-1.1568064695832854,-0.09984313809530719,0.28228659521340604,-1.4354617955730455,-1.6821084945363816
322,-1.8704555287313285,-1.0012028036232494,1.468534698514755,-1.2252124996435267,0.37439114816552854,0.8631380036495095
323,-0.7172491461721198,0.24362652405703647,1.468534698514755,0.28228659521340604,0.9776754627450532,0.8631380036495095
324,0.8203593639068253,0.24362652405703647,-1.1454283625020152,0.28228659521340604,-1.4354617955730455,-1.6821084945363816
325,-0.7172491461721198,-0.22318447382307077,1.468534698514755,1.7897856900703386,-0.8321774809935208,0.8631380036495095
326,0.435957236387089,0.8660411878971794,1.468534698514755,0.28228659521340604,-1.4354617955730455,-0.409485245443436
327,0.05155510886735275,-1.0012028036232494,-0.09984313809530719,-1.2252124996435267,0.9776754627450532,-0.409485245443436
328,-0.3328470186523835,-1.4680138015033568,-0.6226357502986613,0.28228659521340604,0.9776754627450532,0.8631380036495095
329,0.435957236387089,-0.37878813978310655,-0.6226357502986613,0.28228659521340604,0.9776754627450532,-0.409485245443436
330,0.435957236387089,-0.5343918057431423,-0.09984313809530719,1.7897856900703386,-0.8321774809935208,0.8631380036495095
331,1.5891636189462977,1.9552668496174297,-1.1454283625020152,-1.2252124996435267,0.37439114816552854,0.8631380036495095
332,-0.7172491461721198,0.24362652405703647,-1.1454283625020152,0.28228659521340604,0.9776754627450532,0.8631380036495095
333,0.435957236387089,0.24362652405703647,1.468534698514755,-1.2252124996435267,0.9776754627450532,0.8631380036495095
334,0.435957236387089,-1.7792211334234282,-0.09984313809530719,0.28228659521340604,-0.22889316641399612,-0.409485245443436
335,-1.101651273691856,-0.22318447382307077,-0.09984313809530719,0.28228659521340604,0.9776754627450532,0.8631380036495095
336,0.435957236387089,-1.1568064695832854,-0.6226357502986613,0.28228659521340604,-1.4354617955730455,0.8631380036495095
337,-0.7172491461721198,0.24362652405703647,-1.1454283625020152,-1.2252124996435267,0.9776754627450532,0.8631380036495095
338,1.5891636189462977,-1.1568064695832854,0.42294947410804684,-1.2252124996435267,0.9776754627450532,0.8631380036495095
339,0.435957236387089,-0.22318447382307077,-0.09984313809530719,0.28228659521340604,-0.22889316641399612,-0.409485245443436
340,0.435957236387089,-0.37878813978310655,-0.6226357502986613,-1.2252124996435267,0.37439114816552854,-1.6821084945363816
341,-1.8704555287313285,-0.37878813978310655,-0.6226357502986613,0.28228659521340604,0.9776754627450532,0.8631380036495095
342,-0.7172491461721198,-1.1568064695832854,-0.09984313809530719,-1.2252124996435267,0.9776754627450532,0.8631380036495095
343,-1.4860534012115922,0.24362652405703647,1.468534698514755,0.28228659521340604,0.9776754627450532,-1.6821084945363816
344,0.435957236387089,-0.22318447382307077,-0.6226357502986613,-1.2252124996435267,0.9776754627450532,-1.6821084945363816
345,-0.7172491461721198,0.24362652405703647,-1.1454283625020152,0.28228659521340604,0.9776754627450532,0.8631380036495095
346,0.05155510886735275,0.7104375219371437,1.468534698514755,0.28228659521340604,0.9776754627450532,-1.6821084945363816
347,0.435957236387089,2.5776815134575726,-0.6226357502986613,0.28228659521340604,0.9776754627450532,-0.409485245443436
348,0.8203593639068253,-0.22318447382307077,-0.6226357502986613,-1.2252124996435267,-0.22889316641399612,0.8631380036495095
349,0.435957236387089,-0.5343918057431423,-0.09984313809530719,0.28228659521340604,0.9776754627450532,0.8631380036495095
350,0.435957236387089,-0.37878813978310655,-0.09984313809530719,1.7897856900703386,-0.8321774809935208,0.8631380036495095
351,1.5891636189462977,-0.22318447382307077,-0.09984313809530719,0.28228659521340604,0.9776754627450532,-0.409485245443436
352,0.435957236387089,-1.0012028036232494,-0.6226357502986613,0.28228659521340604,0.9776754627450532,0.8631380036495095
353,0.05155510886735275,0.8660411878971794,-0.6226357502986613,0.28228659521340604,-1.4354617955730455,-0.409485245443436
354,-0.7172491461721198,0.24362652405703647,-1.1454283625020152,-1.2252124996435267,0.9776754627450532,0.8631380036495095
355,-0.7172491461721198,-0.22318447382307077,1.468534698514755,0.28228659521340604,0.9776754627450532,-1.6821084945363816
356,0.8203593639068253,0.3992301900170722,-1.1454283625020152,1.7897856900703386,-0.8321774809935208,-0.409485245443436
357,-1.4860534012115922,-1.0012028036232494,-0.6226357502986613,1.7897856900703386,-0.8321774809935208,-1.6821084945363816
358,0.8203593639068253,-0.22318447382307077,-0.6226357502986613,-1.2252124996435267,0.9776754627450532,-1.6821084945363816
359,-1.8704555287313285,1.799663183657394,-1.1454283625020152,0.28228659521340604,0.9776754627450532,0.8631380036495095
360,-1.4860534012115922,-1.0012028036232494,-0.6226357502986613,-1.2252124996435267,0.9776754627450532,-0.409485245443436
361,0.435957236387089,0.08802285809700072,0.42294947410804684,0.28228659521340604,0.9776754627450532,-0.409485245443436
362,0.8203593639068253,0.24362652405703647,1.468534698514755,-1.2252124996435267,0.9776754627450532,0.8631380036495095
363,0.435957236387089,-1.312410135543321,-0.6226357502986613,0.28228659521340604,-1.4354617955730455,0.8631380036495095
364,-0.3328470186523835,1.6440595176973583,0.9457420863114009,-1.2252124996435267,0.9776754627450532,-0.409485245443436
365,0.435957236387089,0.24362652405703647,-1.1454283625020152,-1.2252124996435267,0.37439114816552854,-0.409485245443436
366,1.5891636189462977,0.8660411878971794,-1.1454283625020152,0.28228659521340604,0.9776754627450532,0.8631380036495095
367,-1.4860534012115922,-0.37878813978310655,-0.6226357502986613,0.28228659521340604,-1.4354617955730455,-1.6821084945363816
368,-1.8704555287313285,-1.0012028036232494,-0.6226357502986613,0.28228659521340604,0.9776754627450532,0.8631380036495095
369,-0.7172491461721198,-0.06758080786303503,-1.1454283625020152,-1.2252124996435267,0.9776754627450532,0.8631380036495095
370,-1.101651273691856,-0.22318447382307077,-0.6226357502986613,0.28228659521340604,0.9776754627450532,0.8631380036495095
371,0.435957236387089,0.7104375219371437,-1.1454283625020152,1.7897856900703386,-0.8321774809935208,0.8631380036495095
372,-0.3328470186523835,-1.1568064695832854,0.42294947410804684,0.28228659521340604,-1.4354617955730455,-0.409485245443436
373,-1.8704555287313285,2.266474181537501,1.468534698514755,0.28228659521340604,0.9776754627450532,0.8631380036495095
374,0.435957236387089,0.08802285809700072,0.42294947410804684,0.28228659521340604,0.9776754627450532,0.8631380036495095
375,-0.7172491461721198,0.8660411878971794,-1.1454283625020152,0.28228659521340604,-0.22889316641399612,0.8631380036495095
376,0.435957236387089,-0.5343918057431423,0.42294947410804684,0.28228659521340604,0.9776754627450532,0.8631380036495095
377,-0.7172491461721198,1.1772485198172509,1.468534698514755,-1.2252124996435267,-0.22889316641399612,0.8631380036495095
378,0.05155510886735275,-0.37878813978310655,-0.6226357502986613,0.28228659521340604,-0.22889316641399612,-0.409485245443436
379,0.05155510886735275,1.799663183657394,-1.1454283625020152,0.28228659521340604,0.9776754627450532,0.8631380036495095
380,-1.4860534012115922,-1.0012028036232494,-0.09984313809530719,0.28228659521340604,-1.4354617955730455,-0.409485245443436
381,-1.101651273691856,0.24362652405703647,1.468534698514755,0.28228659521340604,0.9776754627450532,0.8631380036495095
382,-0.7172491461721198,-1.1568064695832854,-0.09984313809530719,0.28228659521340604,-1.4354617955730455,0.8631380036495095
383,0.8203593639068253,0.24362652405703647,-1.1454283625020152,-1.2252124996435267,0.9776754627450532,0.8631380036495095
384,-1.101651273691856,0.8660411878971794,-1.1454283625020152,0.28228659521340604,0.9776754627450532,0.8631380036495095
385,-1.101651273691856,-1.4680138015033568,-0.09984313809530719,0.28228659521340604,0.9776754627450532,-0.409485245443436
386,1.5891636189462977,0.24362652405703647,-1.1454283625020152,-1.2252124996435267,0.37439114816552854,-1.6821084945363816
387,-0.7172491461721198,1.1772485198172509,1.468534698514755,1.7897856900703386,-0.8321774809935208,-0.409485245443436
388,1.5891636189462977,1.9552668496174297,-1.1454283625020152,-1.2252124996435267,0.9776754627450532,-0.409485245443436
389,-0.7172491461721198,0.24362652405703647,-1.1454283625020152,1.7897856900703386,-0.8321774809935208,-0.409485245443436
390,0.05155510886735275,-1.1568064695832854,-0.09984313809530719,0.28228659521340604,-0.22889316641399612,0.8631380036495095
391,-1.8704555287313285,-1.0012028036232494,-0.6226357502986613,1.7897856900703386,-0.8321774809935208,0.8631380036495095
392,0.435957236387089,-1.312410135543321,-0.6226357502986613,-1.2252124996435267,0.9776754627450532,-1.6821084945363816
393,-1.8704555287313285,2.266474181537501,1.468534698514755,-1.2252124996435267,-1.4354617955730455,0.8631380036495095
394,1.5891636189462977,0.7104375219371437,-1.1454283625020152,-1.2252124996435267,-0.22889316641399612,0.8631380036495095
395,-1.4860534012115922,-1.0012028036232494,-0.6226357502986613,0.28228659521340604,0.9776754627450532,0.8631380036495095
396,0.435957236387089,-0.22318447382307077,-0.09984313809530719,0.28228659521340604,-1.4354617955730455,-1.6821084945363816
397,-1.4860534012115922,-0.5343918057431423,-0.09984313809530719,1.7897856900703386,-0.8321774809935208,0.8631380036495095
398,0.435957236387089,1.799663183657394,1.468534698514755,0.28228659521340604,0.9776754627450532,-0.409485245443436
399,1.2047614914265614,-0.689995471703178,1.468534698514755,-1.2252124996435267,-0.22889316641399612,-1.6821084945363816
400,-0.7172491461721198,-0.06758080786303503,-0.6226357502986613,-1.2252124996435267,0.9776754627450532,0.8631380036495095
401,0.05155510886735275,-1.0012028036232494,-0.09984313809530719,-1.2252124996435267,0.37439114816552854,-1.6821084945363816
402,0.8203593639068253,-0.22318447382307077,1.468534698514755,0.28228659521340604,-1.4354617955730455,0.8631380036495095
403,0.435957236387089,2.1108705155774654,-0.6226357502986613,0.28228659521340604,-1.4354617955730455,0.8631380036495095
404,1.2047614914265614,-0.689995471703178,1.468534698514755,-1.2252124996435267,0.9776754627450532,0.8631380036495095
405,0.05155510886735275,-1.0012028036232494,-0.6226357502986613,1.7897856900703386,-0.8321774809935208,0.8631380036495095
406,0.435957236387089,-0.22318447382307077,-0.09984313809530719,-1.2252124996435267,-1.4354617955730455,-1.6821084945363816
407,0.435957236387089,0.8660411878971794,1.468534698514755,1.7897856900703386,-0.8321774809935208,-1.6821084945363816
408,0.435957236387089,-1.0012028036232494,-0.6226357502986613,0.28228659521340604,0.9776754627450532,-0.409485245443436
409,-1.101651273691856,-0.22318447382307077,-0.6226357502986613,0.28228659521340604,0.9776754627450532,-0.409485245443436
410,-1.8704555287313285,1.799663183657394,-1.1454283625020152,1.7897856900703386,-0.8321774809935208,0.8631380036495095
411,-0.7172491461721198,-1.0012028036232494,-0.09984313809530719,1.7897856900703386,-0.8321774809935208,-0.409485245443436
412,0.435957236387089,-1.4680138015033568,0.42294947410804684,-1.2252124996435267,0.9776754627450532,-0.409485245443436
413,0.05155510886735275,0.8660411878971794,-0.6226357502986613,0.28228659521340604,-0.22889316641399612,0.8631380036495095
414,0.435957236387089,2.5776815134575726,0.42294947410804684,-1.2252124996435267,0.9776754627450532,-0.409485245443436
415,0.8203593639068253,-0.22318447382307077,-0.6226357502986613,0.28228659521340604,0.9776754627450532,-1.6821084945363816
416,-0.3328470186523835,-0.5343918057431423,0.42294947410804684,-1.2252124996435267,0.9776754627450532,-1.6821084945363816
417,0.8203593639068253,-0.22318447382307077,1.468534698514755,1.7897856900703386,-0.8321774809935208,0.8631380036495095
418,0.435957236387089,-1.4680138015033568,-0.09984313809530719,0.28228659521340604,0.9776754627450532,0.8631380036495095
419,-1.4860534012115922,-1.1568064695832854,-0.09984313809530719,0.28228659521340604,0.9776754627450532,-1.6821084945363816
420,0.435957236387089,-1.4680138015033568,-0.09984313809530719,-1.2252124996435267,-1.4354617955730455,-1.6821084945363816
421,-1.4860534012115922,-1.1568064695832854,-0.6226357502986613,0.28228659521340604,-1.4354617955730455,-1.6821084945363816
422,0.05155510886735275,0.24362652405703647,1.468534698514755,0.28228659521340604,0.9776754627450532,-0.409485245443436
423,0.435957236387089,2.1108705155774654,-0.6226357502986613,0.28228659521340604,0.9776754627450532,-0.409485245443436
424,0.8203593639068253,-0.22318447382307077,0.42294947410804684,1.7897856900703386,-0.8321774809935208,0.8631380036495095
425,-0.7172491461721198,-0.06758080786303503,1.468534698514755,1.7897856900703386,-0.8321774809935208,0.8631380036495095
426,0.435957236387089,-1.0012028036232494,-0.6226357502986613,0.28228659521340604,-1.4354617955730455,-0.409485245443436
427,-1.101651273691856,1.0216448538572152,1.468534698514755,0.28228659521340604,0.9776754627450532,0.8631380036495095
428,0.8203593639068253,-0.22318447382307077,-0.6226357502986613,0.28228659521340604,-1.4354617955730455,0.8631380036495095
429,0.05155510886735275,-1.1568064695832854,-0.09984313809530719,0.28228659521340604,-1.4354617955730455,0.8631380036495095
430,1.5891636189462977,-1.1568064695832854,0.42294947410804684,0.28228659521340604,0.9776754627450532,-1.6821084945363816
431,-1.101651273691856,-0.5343918057431423,-0.6226357502986613,0.28228659521340604,0.9776754627450532,0.8631380036495095
432,0.435957236387089,-1.0012028036232494,-0.6226357502986613,0.28228659521340604,0.9776754627450532,-0.409485245443436
433,0.8203593639068253,-0.22318447382307077,1.468534698514755,-1.2252124996435267,0.37439114816552854,-0.409485245443436
434,0.435957236387089,-0.37878813978310655,-0.6226357502986613,-1.2252124996435267,0.37439114816552854,-1.6821084945363816
435,0.8203593639068253,0.8660411878971794,1.468534698514755,1.7897856900703386,-0.8321774809935208,0.8631380036495095
436,1.2047614914265614,-0.689995471703178,1.468534698514755,0.28228659521340604,0.9776754627450532,-1.6821084945363816
437,0.435957236387089,-0.5343918057431423,-0.09984313809530719,-1.2252124996435267,-0.22889316641399612,0.8631380036495095
438,0.435957236387089,-1.312410135543321,-0.6226357502986613,0.28228659521340604,0.9776754627450532,-1.6821084945363816
439,0.05155510886735275,0.8660411878971794,-0.6226357502986613,0.28228659521340604,0.9776754627450532,0.8631380036495095
440,0.05155510886735275,1.3328521857772866,1.468534698514755,0.28228659521340604,-0.22889316641399612,-0.409485245443436
441,0.8203593639068253,-0.22318447382307077,-0.6226357502986613,0.28228659521340604,0.9776754627450532,-1.6821084945363816
442,-0.7172491461721198,-1.1568064695832854,-0.09984313809530719,0.28228659521340604,0.9776754627450532,0.8631380036495095
443,1.5891636189462977,0.24362652405703647,-1.1454283625020152,0.28228659521340604,0.9776754627450532,-0.409485245443436
444,0.05155510886735275,-0.5343918057431423,-0.09984313809530719,1.7897856900703386,-0.8321774809935208,-0.409485245443436
445,0.05155510886735275,-0.8455991376632138,1.468534698514755,-1.2252124996435267,-1.4354617955730455,-1.6821084945363816
446,-1.8704555287313285,-1.0012028036232494,-0.6226357502986613,-1.2252124996435267,0.37439114816552854,0.8631380036495095
447,-0.7172491461721198,0.8660411878971794,-1.1454283625020152,0.28228659521340604,-0.22889316641399612,0.8631380036495095
448,-1.8704555287313285,-1.6236174674633925,-0.6226357502986613,0.28228659521340604,-1.4354617955730455,0.8631380036495095
449,0.8203593639068253,0.24362652405703647,1.468534698514755,0.28228659521340604,-1.4354617955730455,0.8631380036495095
450,0.8203593639068253,0.24362652405703647,-1.1454283625020152,-1.2252124996435267,0.9776754627450532,-0.409485245443436
451,-1.8704555287313285,-1.0012028036232494,-0.6226357502986613,-1.2252124996435267,0.9776754627450532,0.8631380036495095
452,1.5891636189462977,0.24362652405703647,-1.1454283625020152,0.28228659521340604,-0.22889316641399612,0.8631380036495095
453,-1.101651273691856,-0.22318447382307077,-0.6226357502986613,0.28228659521340604,-0.22889316641399612,0.8631380036495095
454,1.5891636189462977,0.24362652405703647,1.468534698514755,-1.2252124996435267,0.9776754627450532,0.8631380036495095
455,-1.101651273691856,-0.22318447382307077,-0.09984313809530719,-1.2252124996435267,-1.4354617955730455,-1.6821084945363816
456,0.05155510886735275,0.24362652405703647,-1.1454283625020152,0.28228659521340604,0.9776754627450532,-0.409485245443436
457,0.435957236387089,1.799663183657394,1.468534698514755,-1.2252124996435267,0.37439114816552854,-1.6821084945363816
458,-1.4860534012115922,-0.5343918057431423,-0.09984313809530719,1.7897856900703386,-0.8321774809935208,0.8631380036495095
459,0.435957236387089,2.1108705155774654,1.468534698514755,1.7897856900703386,-0.8321774809935208,-1.6821084945363816
460,0.8203593639068253,0.24362652405703647,1.468534698514755,-1.2252124996435267,-1.4354617955730455,0.8631380036495095
461,0.05155510886735275,-0.8455991376632138,1.468534698514755,0.28228659521340604,0.9776754627450532,0.8631380036495095
462,0.435957236387089,0.24362652405703647,-1.1454283625020152,0.28228659521340604,-0.22889316641399612,0.8631380036495095
463,0.05155510886735275,0.24362652405703647,-0.6226357502986613,0.28228659521340604,-1.4354617955730455,0.8631380036495095
464,-1.101651273691856,0.24362652405703647,1.468534698514755,-1.2252124996435267,-1.4354617955730455,0.8631380036495095
465,0.435957236387089,-1.0012028036232494,-0.6226357502986613,1.7897856900703386,-0.8321774809935208,0.8631380036495095
466,-1.101651273691856,-0.5343918057431423,-0.6226357502986613,0.28228659521340604,-1.4354617955730455,0.8631380036495095
467,-1.4860534012115922,-0.5343918057431423,-0.09984313809530719,0.28228659521340604,-1.4354617955730455,-1.6821084945363816
468,-1.101651273691856,-1.0012028036232494,-0.09984313809530719,0.28228659521340604,-1.4354617955730455,0.8631380036495095
469,1.2047614914265614,-0.689995471703178,1.468534698514755,0.28228659521340604,-0.22889316641399612,0.8631380036495095
470,1.5891636189462977,1.9552668496174297,-1.1454283625020152,-1.2252124996435267,0.9776754627450532,-0.409485245443436
471,0.8203593639068253,-0.22318447382307077,-0.09984313809530719,0.28228659521340604,0.9776754627450532,-1.6821084945363816
472,0.435957236387089,-1.4680138015033568,0.42294947410804684,0.28228659521340604,0.9776754627450532,-1.6821084945363816
473,1.2047614914265614,-0.689995471703178,1.468534698514755,1.7897856900703386,-0.8321774809935208,0.8631380036495095
474,0.435957236387089,-1.4680138015033568,-0.09984313809530719,1.7897856900703386,-0.8321774809935208,0.8631380036495095
475,0.8203593639068253,0.8660411878971794,-1.1454283625020152,1.7897856900703386,-0.8321774809935208,-1.6821084945363816
476,0.05155510886735275,-1.0012028036232494,-0.09984313809530719,0.28228659521340604,-0.22889316641399612,0.8631380036495095
477,0.05155510886735275,-0.8455991376632138,1.468534698514755,-1.2252124996435267,0.9776754627450532,0.8631380036495095
478,-0.3328470186523835,-1.0012028036232494,-0.6226357502986613,0.28228659521340604,-1.4354617955730455,-0.409485245443436
479,0.8203593639068253,0.24362652405703647,1.468534698514755,0.28228659521340604,-1.4354617955730455,-1.6821084945363816
480,0.435957236387089,-1.1568064695832854,-0.09984313809530719,1.7897856900703386,-0.8321774809935208,0.8631380036495095
481,1.5891636189462977,0.24362652405703647,-1.1454283625020152,0.28228659521340604,0.9776754627450532,0.8631380036495095
482,1.5891636189462977,-0.22318447382307077,-0.09984313809530719,0.28228659521340604,0.9776754627450532,0.8631380036495095
483,0.05155510886735275,-0.8455991376632138,1.468534698514755,0.28228659521340604,-1.4354617955730455,0.8631380036495095
484,0.435957236387089,-1.4680138015033568,0.42294947410804684,-1.2252124996435267,0.37439114816552854,-1.6821084945363816
485,0.8203593639068253,0.24362652405703647,-1.1454283625020152,0.28228659521340604,0.9776754627450532,-1.6821084945363816
486,-0.7172491461721198,-1.0012028036232494,-0.09984313809530719,0.28228659521340604,0.9776754627450532,0.8631380036495095
487,-1.101651273691856,-1.4680138015033568,-0.09984313809530719,0.28228659521340604,0.9776754627450532,0.8631380036495095
488,-1.4860534012115922,-1.1568064695832854,-0.6226357502986613,0.28228659521340604,-1.4354617955730455,-0.409485245443436
489,0.435957236387089,-1.4680138015033568,0.42294947410804684,-1.2252124996435267,0.9776754627450532,0.8631380036495095
490,0.8203593639068253,0.24362652405703647,-1.1454283625020152,-1.2252124996435267,0.9776754627450532,0.8631380036495095
491,-1.4860534012115922,-1.0012028036232494,-0.6226357502986613,-1.2252124996435267,0.9776754627450532,-0.409485245443436
492,1.5891636189462977,0.24362652405703647,-1.1454283625020152,-1.2252124996435267,0.9776754627450532,-0.409485245443436
493,0.435957236387089,-1.1568064695832854,-0.6226357502986613,0.28228659521340604,-1.4354617955730455,-0.409485245443436
494,0.435957236387089,-1.1568064695832854,-0.6226357502986613,-1.2252124996435267,-0.22889316641399612,0.8631380036495095
495,-1.8704555287313285,1.799663183657394,-1.1454283625020152,0.28228659521340604,-1.4354617955730455,0.8631380036495095
496,-1.4860534012115922,1.799663183657394,1.468534698514755,-1.2252124996435267,0.9776754627450532,-0.409485245443436
497,-1.101651273691856,0.8660411878971794,-1.1454283625020152,0.28228659521340604,0.9776754627450532,-1.6821084945363816
498,0.435957236387089,0.24362652405703647,1.468534698514755,0.28228659521340604,0.9776754627450532,-1.6821084945363816
499,0.8203593639068253,-0.22318447382307077,0.42294947410804684,0.28228659521340604,-0.22889316641399612,0.8631380036495095
500,0.05155510886735275,-0.5343918057431423,-0.09984313809530719,0.28228659521340604,0.9776754627450532,0.8631380036495095
501,0.435957236387089,-1.7792211334234282,-0.09984313809530719,1.7897856900703386,-0.8321774809935208,0.8631380036495095
502,-0.7172491461721198,-0.06758080786303503,-1.1454283625020152,-1.2252124996435267,0.9776754627450532,0.8631380036495095
503,0.435957236387089,0.24362652405703647,-1.1454283625020152,-1.2252124996435267,0.37439114816552854,-0.409485245443436
504,-1.8704555287313285,-1.0012028036232494,-0.6226357502986613,0.28228659521340604,-0.22889316641399612,0.8631380036495095
505,-1.8704555287313285,-0.37878813978310655,-0.6226357502986613,0.28228659521340604,0.9776754627450532,0.8631380036495095
506,-1.101651273691856,-0.22318447382307077,-0.6226357502986613,0.28228659521340604,-0.22889316641399612,-0.409485245443436
507,0.435957236387089,2.1108705155774654,1.468534698514755,0.28228659521340604,-1.4354617955730455,-0.409485245443436
508,0.435957236387089,-0.37878813978310655,-0.6226357502986613,1.7897856900703386,-0.8321774809935208,0.8631380036495095
509,-1.4860534012115922,-1.0012028036232494,-0.6226357502986613,1.7897856900703386,-0.8321774809935208,-0.409485245443436
510,-1.4860534012115922,-1.4680138015033568,-0.09984313809530719,-1.2252124996435267,0.9776754627450532,-0.409485245443436
511,-1.101651273691856,-1.4680138015033568,-0.09984313809530719,-1.2252124996435267,0.9776754627450532,-0.409485245443436
512,0.435957236387089,0.8660411878971794,1.468534698514755,1.7897856900703386,-0.8321774809935208,0.8631380036495095
513,-1.4860534012115922,-1.4680138015033568,-0.09984313809530719,-1.2252124996435267,0.9776754627450532,0.8631380036495095
514,-0.3328470186523835,-0.5343918057431423,0.42294947410804684,0.28228659521340604,0.9776754627450532,0.8631380036495095
515,0.05155510886735275,0.8660411878971794,1.468534698514755,-1.2252124996435267,0.37439114816552854,-1.6821084945363816
516,0.8203593639068253,-0.22318447382307077,-1.1454283625020152,0.28228659521340604,0.9776754627450532,0.8631380036495095
517,-0.7172491461721198,0.24362652405703647,-1.1454283625020152,0.28228659521340604,0.9776754627450532,0.8631380036495095
518,1.5891636189462977,0.24362652405703647,-1.1454283625020152,0.28228659521340604,-0.22889316641399612,0.8631380036495095
519,-0.7172491461721198,-0.06758080786303503,1.468534698514755,-1.2252124996435267,0.9776754627450532,-0.409485245443436
520,0.435957236387089,2.5776815134575726,-0.6226357502986613,1.7897856900703386,-0.8321774809935208,-1.6821084945363816
521,-1.101651273691856,0.24362652405703647,1.468534698514755,1.7897856900703386,-0.8321774809935208,0.8631380036495095
522,-0.7172491461721198,-1.0012028036232494,-0.6226357502986613,0.28228659521340604,-1.4354617955730455,-1.6821084945363816
523,0.8203593639068253,0.24362652405703647,-1.1454283625020152,0.28228659521340604,0.9776754627450532,0.8631380036495095
524,0.05155510886735275,0.8660411878971794,1.468534698514755,0.28228659521340604,0.9776754627450532,0.8631380036495095
525,-1.101651273691856,-1.1568064695832854,-0.09984313809530719,1.7897856900703386,-0.8321774809935208,0.8631380036495095
526,-0.7172491461721198,-1.1568064695832854,-0.09984313809530719,-1.2252124996435267,-1.4354617955730455,-0.409485245443436
527,0.435957236387089,2.5776815134575726,-0.6226357502986613,0.28228659521340604,-0.22889316641399612,-0.409485245443436
528,0.435957236387089,-1.7792211334234282,1.468534698514755,0.28228659521340604,-1.4354617955730455,-0.409485245443436
529,0.435957236387089,-1.312410135543321,-0.6226357502986613,-1.2252124996435267,0.9776754627450532,0.8631380036495095
530,-0.7172491461721198,0.8660411878971794,-1.1454283625020152,-1.2252124996435267,0.9776754627450532,0.8631380036495095
531,-0.3328470186523835,-1.4680138015033568,-0.6226357502986613,0.28228659521340604,0.9776754627450532,-0.409485245443436
532,-1.4860534012115922,-1.0012028036232494,-0.6226357502986613,0.28228659521340604,-1.4354617955730455,-0.409485245443436
533,-0.7172491461721198,0.24362652405703647,-1.1454283625020152,-1.2252124996435267,0.9776754627450532,0.8631380036495095
534,0.05155510886735275,0.24362652405703647,1.468534698514755,-1.2252124996435267,-1.4354617955730455,0.8631380036495095
535,0.05155510886735275,-1.0012028036232494,-0.09984313809530719,-1.2252124996435267,-1.4354617955730455,-1.6821084945363816
536,0.8203593639068253,-0.22318447382307077,-1.1454283625020152,0.28228659521340604,0.9776754627450532,0.8631380036495095
537,-0.3328470186523835,0.3992301900170722,1.468534698514755,-1.2252124996435267,0.37439114816552854,-0.409485245443436
538,0.435957236387089,-0.22318447382307077,-0.09984313809530719,0.28228659521340604,0.9776754627450532,0.8631380036495095
539,0.435957236387089,-0.22318447382307077,-0.09984313809530719,1.7897856900703386,-0.8321774809935208,0.8631380036495095
540,-0.7172491461721198,-1.1568064695832854,-0.09984313809530719,-1.2252124996435267,0.9776754627450532,0.8631380036495095
541,-1.101651273691856,-1.4680138015033568,-0.09984313809530719,0.28228659521340604,-1.4354617955730455,0.8631380036495095
542,0.435957236387089,-0.37878813978310655,-0.6226357502986613,0.28228659521340604,0.9776754627450532,-0.409485245443436
543,0.8203593639068253,0.24362652405703647,-1.1454283625020152,0.28228659521340604,-1.4354617955730455,0.8631380036495095
544,0.8203593639068253,0.24362652405703647,-1.1454283625020152,1.7897856900703386,-0.8321774809935208,0.8631380036495095
545,0.435957236387089,0.8660411878971794,1.468534698514755,-1.2252124996435267,0.9776754627450532,0.8631380036495095
546,0.8203593639068253,0.24362652405703647,-1.1454283625020152,0.28228659521340604,-0.22889316641399612,0.8631380036495095
547,0.8203593639068253,-0.22318447382307077,-1.1454283625020152,0.28228659521340604,0.9776754627450532,-1.6821084945363816
548,-1.4860534012115922,-1.0012028036232494,-0.6226357502986613,1.7897856900703386,-0.8321774809935208,-0.409485245443436
549,-1.8704555287313285,-1.6236174674633925,-0.6226357502986613,0.28228659521340604,0.9776754627450532,0.8631380036495095
550,-1.101651273691856,-1.4680138015033568,-0.09984313809530719,-1.2252124996435267,0.37439114816552854,-0.409485245443436
551,1.5891636189462977,0.24362652405703647,-1.1454283625020152,-1.2252124996435267,0.9776754627450532,-0.409485245443436
552,-1.8704555287313285,0.8660411878971794,-1.1454283625020152,-1.2252124996435267,-0.22889316641399612,0.8631380036495095
553,0.8203593639068253,-0.5343918057431423,-0.6226357502986613,0.28228659521340604,-0.22889316641399612,0.8631380036495095
554,-0.7172491461721198,0.24362652405703647,-1.1454283625020152,0.28228659521340604,0.9776754627450532,-0.409485245443436
555,0.8203593639068253,-0.22318447382307077,-0.6226357502986613,1.7897856900703386,-0.8321774809935208,0.8631380036495095
556,-1.4860534012115922,-1.0012028036232494,-0.6226357502986613,0.28228659521340604,-1.4354617955730455,-0.409485245443436
557,-0.7172491461721198,1.1772485198172509,1.468534698514755,-1.2252124996435267,0.9776754627450532,0.8631380036495095
558,-0.3328470186523835,2.7332851794176083,-0.6226357502986613,0.28228659521340604,0.9776754627450532,-0.409485245443436
559,0.435957236387089,0.24362652405703647,-1.1454283625020152,-1.2252124996435267,0.37439114816552854,-1.6821084945363816
560,0.435957236387089,1.799663183657394,1.468534698514755,-1.2252124996435267,0.9776754627450532,0.8631380036495095
561,0.05155510886735275,1.3328521857772866,1.468534698514755,-1.2252124996435267,-1.4354617955730455,-1.6821084945363816
562,0.435957236387089,2.1108705155774654,1.468534698514755,-1.2252124996435267,0.37439114816552854,-1.6821084945363816
563,-1.101651273691856,-0.22318447382307077,-0.09984313809530719,0.28228659521340604,0.9776754627450532,-0.409485245443436
564,-0.7172491461721198,0.24362652405703647,-1.1454283625020152,0.28228659521340604,0.9776754627450532,0.8631380036495095
565,-0.3328470186523835,2.7332851794176083,-0.6226357502986613,-1.2252124996435267,0.37439114816552854,-1.6821084945363816
566,0.435957236387089,0.8660411878971794,1.468534698514755,0.28228659521340604,-0.22889316641399612,0.8631380036495095
567,-1.101651273691856,-0.22318447382307077,-0.6226357502986613,0.28228659521340604,-1.4354617955730455,-0.409485245443436
568,0.435957236387089,-1.1568064695832854,-0.6226357502986613,1.7897856900703386,-0.8321774809935208,0.8631380036495095
569,-1.8704555287313285,-1.0012028036232494,-0.6226357502986613,0.28228659521340604,-0.22889316641399612,0.8631380036495095
570,0.435957236387089,-1.0012028036232494,-0.6226357502986613,0.28228659521340604,0.9776754627450532,0.8631380036495095
571,-0.3328470186523835,1.4884558517373225,-1.1454283625020152,1.7897856900703386,-0.8321774809935208,0.8631380036495095
572,0.8203593639068253,-1.0012028036232494,1.468534698514755,0.28228659521340604,0.9776754627450532,0.8631380036495095
573,-1.101651273691856,-0.22318447382307077,-0.6226357502986613,-1.2252124996435267,0.9776754627450532,0.8631380036495095
574,-1.101651273691856,-1.1568064695832854,-0.09984313809530719,-1.2252124996435267,-0.22889316641399612,-0.409485245443436
575,0.435957236387089,-1.312410135543321,-0.6226357502986613,-1.2252124996435267,0.37439114816552854,-0.409485245443436
576,0.8203593639068253,0.24362652405703647,-1.1454283625020152,1.7897856900703386,-0.8321774809935208,-1.6821084945363816
577,-1.101651273691856,0.24362652405703647,-1.1454283625020152,0.28228659521340604,0.9776754627450532,0.8631380036495095
578,0.435957236387089,2.1108705155774654,-0.6226357502986613,-1.2252124996435267,-0.22889316641399612,0.8631380036495095
579,0.8203593639068253,-0.22318447382307077,-0.09984313809530719,-1.2252124996435267,0.9776754627450532,-0.409485245443436
580,0.8203593639068253,0.24362652405703647,-1.1454283625020152,-1.2252124996435267,0.9776754627450532,-0.409485245443436
581,0.8203593639068253,-0.22318447382307077,-1.1454283625020152,-1.2252124996435267,0.9776754627450532,-1.6821084945363816
582,-1.4860534012115922,-1.0012028036232494,-0.6226357502986613,0.28228659521340604,0.9776754627450532,-1.6821084945363816
583,0.435957236387089,-1.0012028036232494,-0.6226357502986613,0.28228659521340604,-1.4354617955730455,-1.6821084945363816
584,0.05155510886735275,0.24362652405703647,-1.1454283625020152,0.28228659521340604,0.9776754627450532,0.8631380036495095
585,0.8203593639068253,0.24362652405703647,1.468534698514755,-1.2252124996435267,0.37439114816552854,0.8631380036495095
586,0.05155510886735275,0.24362652405703647,1.468534698514755,0.28228659521340604,0.9776754627450532,0.8631380036495095
587,1.5891636189462977,-0.22318447382307077,-0.09984313809530719,-1.2252124996435267,0.9776754627450532,0.8631380036495095
588,-0.7172491461721198,0.8660411878971794,-1.1454283625020152,0.28228659521340604,0.9776754627450532,0.8631380036495095
589,-0.3328470186523835,2.7332851794176083,-0.6226357502986613,0.28228659521340604,0.9776754627450532,-1.6821084945363816
590,0.05155510886735275,0.8660411878971794,-0.6226357502986613,0.28228659521340604,0.9776754627450532,-1.6821084945363816
591,0.435957236387089,2.266474181537501,-1.1454283625020152,-1.2252124996435267,0.9776754627450532,-0.409485245443436
592,0.435957236387089,-1.1568064695832854,0.42294947410804684,0.28228659521340604,-1.4354617955730455,0.8631380036495095
593,-1.101651273691856,-0.5343918057431423,-0.6226357502986613,-1.2252124996435267,-0.22889316641399612,-0.409485245443436
594,0.8203593639068253,0.24362652405703647,1.468534698514755,0.28228659521340604,0.9776754627450532,0.8631380036495095
595,0.05155510886735275,0.24362652405703647,-1.1454283625020152,-1.2252124996435267,0.37439114816552854,-0.409485245443436
596,0.435957236387089,2.5776815134575726,0.42294947410804684,-1.2252124996435267,0.9776754627450532,-1.6821084945363816
597,-0.3328470186523835,-1.4680138015033568,-0.6226357502986613,0.28228659521340604,-1.4354617955730455,0.8631380036495095
598,1.2047614914265614,-0.689995471703178,1.468534698514755,-1.2252124996435267,0.9776754627450532,0.8631380036495095
599,0.05155510886735275,0.8660411878971794,1.468534698514755,1.7897856900703386,-0.8321774809935208,0.8631380036495095
600,-0.3328470186523835,2.7332851794176083,-0.6226357502986613,-1.2252124996435267,-0.22889316641399612,0.8631380036495095
601,1.5891636189462977,0.7104375219371437,-1.1454283625020152,0.28228659521340604,0.9776754627450532,-1.6821084945363816
602,-1.8704555287313285,0.8660411878971794,-1.1454283625020152,1.7897856900703386,-0.8321774809935208,0.8631380036495095
603,-1.4860534012115922,-1.1568064695832854,-0.09984313809530719,-1.2252124996435267,0.9776754627450532,0.8631380036495095
604,0.05155510886735275,-1.0012028036232494,-0.09984313809530719,0.28228659521340604,0.9776754627450532,0.8631380036495095
605,0.435957236387089,-0.37878813978310655,-0.09984313809530719,0.28228659521340604,0.9776754627450532,-0.409485245443436
606,0.05155510886735275,-1.1568064695832854,-0.09984313809530719,0.28228659521340604,0.9776754627450532,-0.409485245443436
607,-1.101651273691856,-1.1568064695832854,-0.09984313809530719,0.28228659521340604,-1.4354617955730455,-0.409485245443436
608,1.2047614914265614,-0.689995471703178,1.468534698514755,-1.2252124996435267,0.9776754627450532,-0.409485245443436
609,-1.8704555287313285,-1.0012028036232494,1.468534698514755,1.7897856900703386,-0.8321774809935208,0.8631380036495095
610,0.8203593639068253,0.24362652405703647,1.468534698514755,-1.2252124996435267,0.9776754627450532,-0.409485245443436
611,0.05155510886735275,-1.1568064695832854,-0.09984313809530719,0.28228659521340604,-1.4354617955730455,-0.409485245443436
612,-0.7172491461721198,-1.1568064695832854,-0.09984313809530719,1.7897856900703386,-0.8321774809935208,0.8631380036495095
613,0.435957236387089,-0.5343918057431423,0.42294947410804684,0.28228659521340604,0.9776754627450532,0.8631380036495095
614,0.8203593639068253,0.24362652405703647,-1.1454283625020152,0.28228659521340604,-0.22889316641399612,0.8631380036495095
615,-1.4860534012115922,-1.0012028036232494,-0.6226357502986613,1.7897856900703386,-0.8321774809935208,-1.6821084945363816
616,0.8203593639068253,0.24362652405703647,-1.1454283625020152,0.28228659521340604,0.9776754627450532,-0.409485245443436
617,0.435957236387089,2.5776815134575726,0.42294947410804684,0.28228659521340604,-1.4354617955730455,-0.409485245443436
618,-0.3328470186523835,1.6440595176973583,0.9457420863114009,1.7897856900703386,-0.8321774809935208,0.8631380036495095
619,0.8203593639068253,-0.22318447382307077,-1.1454283625020152,0.28228659521340604,0.9776754627450532,0.8631380036495095
620,0.435957236387089,2.1108705155774654,-0.6226357502986613,0.28228659521340604,0.9776754627450532,0.8631380036495095
621,-1.101651273691856,-0.22318447382307077,-0.6226357502986613,-1.2252124996435267,0.37439114816552854,-0.409485245443436
622,0.435957236387089,-1.1568064695832854,-0.09984313809530719,-1.2252124996435267,0.37439114816552854,-1.6821084945363816
623,0.435957236387089,-0.5343918057431423,0.42294947410804684,0.28228659521340604,-1.4354617955730455,-0.409485245443436
624,0.8203593639068253,0.24362652405703647,1.468534698514755,1.7897856900703386,-0.8321774809935208,0.8631380036495095
625,-1.101651273691856,0.24362652405703647,1.468534698514755,0.28228659521340604,-1.4354617955730455,0.8631380036495095
626,-1.101651273691856,-0.22318447382307077,-0.6226357502986613,-1.2252124996435267,0.37439114816552854,-1.6821084945363816
627,0.435957236387089,0.7104375219371437,-1.1454283625020152,0.28228659521340604,0.9776754627450532,-0.409485245443436
628,0.8203593639068253,0.24362652405703647,1.468534698514755,1.7897856900703386,-0.8321774809935208,0.8631380036495095
629,0.435957236387089,-0.37878813978310655,-0.6226357502986613,0.28228659521340604,0.9776754627450532,0.8631380036495095
630,-1.4860534012115922,0.24362652405703647,1.468534698514755,-1.2252124996435267,0.9776754627450532,0.8631380036495095
631,0.8203593639068253,0.8660411878971794,1.468534698514755,-1.2252124996435267,0.9776754627450532,0.8631380036495095
632,-0.7172491461721198,0.24362652405703647,-1.1454283625020152,0.28228659521340604,-1.4354617955730455,-1.6821084945363816
633,-1.4860534012115922,-1.4680138015033568,-0.09984313809530719,1.7897856900703386,-0.8321774809935208,0.8631380036495095
634,0.435957236387089,-1.312410135543321,-0.6226357502986613,-1.2252124996435267,0.9776754627450532,-1.6821084945363816
635,-1.4860534012115922,-0.37878813978310655,-0.6226357502986613,0.28228659521340604,0.9776754627450532,-0.409485245443436
636,-0.3328470186523835,-1.0012028036232494,-0.09984313809530719,0.28228659521340604,0.9776754627450532,-1.6821084945363816
637,-1.4860534012115922,-1.0012028036232494,-0.6226357502986613,0.28228659521340604,0.9776754627450532,0.8631380036495095
638,0.8203593639068253,-0.22318447382307077,-1.1454283625020152,-1.2252124996435267,-1.4354617955730455,0.8631380036495095
639,0.435957236387089,-1.7792211334234282,-0.09984313809530719,0.28228659521340604,0.9776754627450532,-0.409485245443436
640,0.435957236387089,-1.1568064695832854,-0.6226357502986613,0.28228659521340604,0.9776754627450532,-0.409485245443436
641,-0.7172491461721198,0.24362652405703647,-1.1454283625020152,1.7897856900703386,-0.8321774809935208,0.8631380036495095
642,-0.3328470186523835,0.3992301900170722,1.468534698514755,-1.2252124996435267,0.9776754627450532,-0.409485245443436
643,-1.8704555287313285,0.8660411878971794,-1.1454283625020152,0.28228659521340604,0.9776754627450532,0.8631380036495095
644,0.435957236387089,-1.4680138015033568,-0.6226357502986613,0.28228659521340604,-1.4354617955730455,0.8631380036495095
645,0.05155510886735275,0.24362652405703647,1.468534698514755,-1.2252124996435267,0.9776754627450532,-0.409485245443436
646,-1.101651273691856,-0.22318447382307077,-0.6226357502986613,0.28228659521340604,-0.22889316641399612,0.8631380036495095
647,-1.4860534012115922,-1.0012028036232494,-0.09984313809530719,0.28228659521340604,0.9776754627450532,-0.409485245443436
648,-1.8704555287313285,-0.37878813978310655,-0.6226357502986613,1.7897856900703386,-0.8321774809935208,0.8631380036495095
649,0.8203593639068253,-0.22318447382307077,-1.1454283625020152,-1.2252124996435267,0.9776754627450532,0.8631380036495095
650,0.435957236387089,0.7104375219371437,-1.1454283625020152,-1.2252124996435267,-0.22889316641399612,0.8631380036495095
651,0.05155510886735275,1.799663183657394,-1.1454283625020152,0.28228659521340604,0.9776754627450532,0.8631380036495095
652,-1.4860534012115922,-1.1568064695832854,-0.6226357502986613,-1.2252124996435267,0.9776754627450532,0.8631380036495095
653,1.5891636189462977,0.24362652405703647,1.468534698514755,-1.2252124996435267,0.37439114816552854,-1.6821084945363816
654,-0.3328470186523835,2.7332851794176083,-0.6226357502986613,0.28228659521340604,-1.4354617955730455,-0.409485245443436
655,-1.101651273691856,0.8660411878971794,-1.1454283625020152,0.28228659521340604,-1.4354617955730455,-0.409485245443436
656,0.435957236387089,2.1108705155774654,-0.6226357502986613,0.28228659521340604,0.9776754627450532,0.8631380036495095
657,-0.7172491461721198,0.24362652405703647,-1.1454283625020152,0.28228659521340604,-0.22889316641399612,0.8631380036495095
658,1.2047614914265614,-1.312410135543321,0.42294947410804684,0.28228659521340604,0.9776754627450532,-0.409485245443436
659,0.8203593639068253,0.24362652405703647,-1.1454283625020152,0.28228659521340604,-0.22889316641399612,0.8631380036495095
660,0.8203593639068253,0.24362652405703647,1.468534698514755,0.28228659521340604,-1.4354617955730455,-1.6821084945363816
661,0.8203593639068253,-0.22318447382307077,-0.6226357502986613,0.28228659521340604,-1.4354617955730455,-1.6821084945363816
662,-0.3328470186523835,-1.0012028036232494,-0.09984313809530719,-1.2252124996435267,0.9776754627450532,-0.409485245443436
663,0.05155510886735275,0.24362652405703647,-1.1454283625020152,0.28228659521340604,0.9776754627450532,-0.409485245443436
664,0.435957236387089,-0.22318447382307077,-0.09984313809530719,0.28228659521340604,0.9776754627450532,-0.409485245443436
665,0.435957236387089,2.1108705155774654,-0.6226357502986613,-1.2252124996435267,0.37439114816552854,-1.6821084945363816
666,0.05155510886735275,0.24362652405703647,1.468534698514755,0.28228659521340604,0.9776754627450532,0.8631380036495095
667,-1.8704555287313285,0.24362652405703647,-1.1454283625020152,0.28228659521340604,0.9776754627450532,0.8631380036495095
668,0.8203593639068253,-0.22318447382307077,-0.6226357502986613,0.28228659521340604,-0.22889316641399612,0.8631380036495095
669,0.435957236387089,2.1108705155774654,-0.6226357502986613,-1.2252124996435267,0.9776754627450532,-1.6821084945363816
670,-1.4860534012115922,0.24362652405703647,1.468534698514755,-1.2252124996435267,0.9776754627450532,0.8631380036495095
671,0.435957236387089,-1.0012028036232494,-0.6226357502986613,0.28228659521340604,0.9776754627450532,-0.409485245443436
672,0.435957236387089,0.08802285809700072,0.42294947410804684,0.28228659521340604,0.9776754627450532,0.8631380036495095
673,-1.4860534012115922,-1.1568064695832854,0.42294947410804684,0.28228659521340604,-1.4354617955730455,-1.6821084945363816
674,0.435957236387089,0.24362652405703647,-1.1454283625020152,0.28228659521340604,-1.4354617955730455,0.8631380036495095
675,-1.4860534012115922,1.799663183657394,1.468534698514755,1.7897856900703386,-0.8321774809935208,-1.6821084945363816
676,0.8203593639068253,0.24362652405703647,1.468534698514755,0.28228659521340604,0.9776754627450532,-0.409485245443436
677,1.5891636189462977,0.24362652405703647,-1.1454283625020152,-1.2252124996435267,0.9776754627450532,0.8631380036495095
678,0.435957236387089,-1.4680138015033568,0.42294947410804684,-1.2252124996435267,0.9776754627450532,-0.409485245443436
679,0.435957236387089,-1.312410135543321,-0.6226357502986613,-1.2252124996435267,0.9776754627450532,0.8631380036495095
680,-0.3328470186523835,1.6440595176973583,0.9457420863114009,0.28228659521340604,0.9776754627450532,-1.6821084945363816
681,0.435957236387089,0.7104375219371437,-1.1454283625020152,1.7897856900703386,-0.8321774809935208,0.8631380036495095
682,0.8203593639068253,-0.22318447382307077,-0.6226357502986613,0.28228659521340604,0.9776754627450532,0.8631380036495095
683,1.5891636189462977,0.7104375219371437,-1.1454283625020152,-1.2252124996435267,0.9776754627450532,-0.409485245443436
684,-1.101651273691856,-0.22318447382307077,-0.09984313809530719,-1.2252124996435267,0.37439114816552854,-1.6821084945363816
685,0.435957236387089,1.799663183657394,1.468534698514755,-1.2252124996435267,0.37439114816552854,-1.6821084945363816
686,-0.3328470186523835,-1.4680138015033568,-0.6226357502986613,-1.2252124996435267,0.37439114816552854,-1.6821084945363816
687,-1.101651273691856,-1.4680138015033568,-0.09984313809530719,1.7897856900703386,-0.8321774809935208,0.8631380036495095
688,-1.8704555287313285,0.24362652405703647,-1.1454283625020152,0.28228659521340604,0.9776754627450532,0.8631380036495095
689,0.8203593639068253,-0.22318447382307077,0.42294947410804684,0.28228659521340604,0.9776754627450532,-0.409485245443436
690,0.05155510886735275,0.8660411878971794,1.468534698514755,0.28228659521340604,0.9776754627450532,0.8631380036495095
691,0.435957236387089,-1.7792211334234282,1.468534698514755,-1.2252124996435267,0.9776754627450532,-1.6821084945363816
692,0.8203593639068253,0.8660411878971794,1.468534698514755,-1.2252124996435267,0.37439114816552854,-0.409485245443436
693,-0.3328470186523835,-1.1568064695832854,0.42294947410804684,0.28228659521340604,0.9776754627450532,-0.409485245443436
694,-1.8704555287313285,1.799663183657394,1.468534698514755,0.28228659521340604,0.9776754627450532,0.8631380036495095
695,0.8203593639068253,-0.22318447382307077,-0.6226357502986613,1.7897856900703386,-0.8321774809935208,0.8631380036495095
696,0.8203593639068253,-0.5343918057431423,-0.6226357502986613,-1.2252124996435267,0.9776754627450532,0.8631380036495095
697,-1.101651273691856,0.24362652405703647,1.468534698514755,-1.2252124996435267,0.9776754627450532,0.8631380036495095
698,0.8203593639068253,-0.22318447382307077,-0.6226357502986613,-1.2252124996435267,0.9776754627450532,0.8631380036495095
699,1.5891636189462977,1.9552668496174297,-1.1454283625020152,-1.2252124996435267,0.9776754627450532,0.8631380036495095
700,1.5891636189462977,0.24362652405703647,-1.1454283625020152,0.28228659521340604,-1.4354617955730455,0.8631380036495095
701,-0.3328470186523835,1.4884558517373225,-1.1454283625020152,0.28228659521340604,-1.4354617955730455,-0.409485245443436
702,0.8203593639068253,-0.22318447382307077,-1.1454283625020152,0.28228659521340604,0.9776754627450532,-0.409485245443436
703,1.5891636189462977,1.9552668496174297,-1.1454283625020152,-1.2252124996435267,0.9776754627450532,0.8631380036495095
704,-1.101651273691856,0.24362652405703647,-1.1454283625020152,0.28228659521340604,-0.22889316641399612,0.8631380036495095
705,0.8203593639068253,0.24362652405703647,1.468534698514755,-1.2252124996435267,0.9776754627450532,0.8631380036495095
706,0.435957236387089,0.08802285809700072,0.42294947410804684,0.28228659521340604,-1.4354617955730455,0.8631380036495095
707,1.2047614914265614,-0.22318447382307077,-0.09984313809530719,-1.2252124996435267,0.9776754627450532,-0.409485245443436
708,-0.7172491461721198,-0.06758080786303503,1.468534698514755,0.28228659521340604,-0.22889316641399612,0.8631380036495095
709,-1.4860534012115922,1.799663183657394,1.468534698514755,0.28228659521340604,0.9776754627450532,-0.409485245443436
710,0.435957236387089,2.266474181537501,-1.1454283625020152,0.28228659521340604,-0.22889316641399612,0.8631380036495095
711,0.435957236387089,-0.22318447382307077,-0.09984313809530719,0.28228659521340604,-0.22889316641399612,0.8631380036495095
712,0.05155510886735275,0.8660411878971794,-0.6226357502986613,-1.2252124996435267,-1.4354617955730455,-1.6821084945363816
713,-1.8704555287313285,-1.0012028036232494,-0.6226357502986613,-1.2252124996435267,-0.22889316641399612,0.8631380036495095
714,-0.7172491461721198,-1.1568064695832854,-0.09984313809530719,-1.2252124996435267,0.37439114816552854,-1.6821084945363816
715,0.435957236387089,2.266474181537501,-1.1454283625020152,0.28228659521340604,-1.4354617955730455,0.8631380036495095
716,0.435957236387089,-0.22318447382307077,-0.09984313809530719,1.7897856900703386,-0.8321774809935208,-1.6821084945363816
717,0.8203593639068253,0.24362652405703647,1.468534698514755,0.28228659521340604,0.9776754627450532,-1.6821084945363816
718,0.05155510886735275,-0.8455991376632138,1.468534698514755,1.7897856900703386,-0.8321774809935208,0.8631380036495095
719,0.05155510886735275,1.799663183657394,-1.1454283625020152,0.28228659521340604,0.9776754627450532,-0.409485245443436
720,-1.4860534012115922,-1.0012028036232494,-0.6226357502986613,0.28228659521340604,-0.22889316641399612,-0.409485245443436
721,-1.4860534012115922,-1.4680138015033568,-0.09984313809530719,0.28228659521340604,0.9776754627450532,-1.6821084945363816
722,0.8203593639068253,-0.22318447382307077,-1.1454283625020152,0.28228659521340604,-1.4354617955730455,0.8631380036495095
723,0.435957236387089,0.7104375219371437,-1.1454283625020152,0.28228659521340604,-1.4354617955730455,0.8631380036495095
724,-1.101651273691856,0.24362652405703647,1.468534698514755,-1.2252124996435267,0.9776754627450532,-1.6821084945363816
725,-0.7172491461721198,0.24362652405703647,-1.1454283625020152,-1.2252124996435267,-0.22889316641399612,0.8631380036495095
726,-0.7172491461721198,0.8660411878971794,-1.1454283625020152,0.28228659521340604,0.9776754627450532,0.8631380036495095
727,-1.101651273691856,-0.22318447382307077,-0.6226357502986613,0.28228659521340604,0.9776754627450532,0.8631380036495095
728,0.435957236387089,2.5776815134575726,-0.6226357502986613,0.28228659521340604,0.9776754627450532,0.8631380036495095
729,-1.101651273691856,0.24362652405703647,-1.1454283625020152,-1.2252124996435267,0.37439114816552854,-1.6821084945363816
730,0.8203593639068253,0.24362652405703647,-1.1454283625020152,1.7897856900703386,-0.8321774809935208,0.8631380036495095
731,0.05155510886735275,-1.1568064695832854,-0.09984313809530719,0.28228659521340604,0.9776754627450532,0.8631380036495095
732,0.8203593639068253,0.24362652405703647,1.468534698514755,-1.2252124996435267,0.37439114816552854,-0.409485245443436
733,-0.7172491461721198,1.1772485198172509,1.468534698514755,0.28228659521340604,0.9776754627450532,0.8631380036495095
734,0.8203593639068253,0.8660411878971794,1.468534698514755,-1.2252124996435267,0.37439114816552854,0.8631380036495095
735,1.5891636189462977,0.8660411878971794,1.468534698514755,1.7897856900703386,-0.8321774809935208,0.8631380036495095
736,0.8203593639068253,-0.22318447382307077,-1.1454283625020152,-1.2252124996435267,0.9776754627450532,-1.6821084945363816
737,0.435957236387089,-1.4680138015033568,-0.09984313809530719,-1.2252124996435267,-1.4354617955730455,0.8631380036495095
738,0.8203593639068253,-1.0012028036232494,1.468534698514755,0.28228659521340604,-0.22889316641399612,0.8631380036495095
739,-1.101651273691856,-1.0012028036232494,-0.09984313809530719,0.28228659521340604,0.9776754627450532,-0.409485245443436
740,-1.8704555287313285,-1.0012028036232494,1.468534698514755,0.28228659521340604,0.9776754627450532,0.8631380036495095
741,-0.7172491461721198,0.24362652405703647,-1.1454283625020152,-1.2252124996435267,0.9776754627450532,-0.409485245443436
742,0.435957236387089,-1.1568064695832854,-0.6226357502986613,0.28228659521340604,-1.4354617955730455,-0.409485245443436
743,-1.8704555287313285,2.266474181537501,1.468534698514755,-1.2252124996435267,0.37439114816552854,0.8631380036495095
744,0.05155510886735275,0.24362652405703647,-0.6226357502986613,-1.2252124996435267,0.37439114816552854,-1.6821084945363816
745,0.05155510886735275,-1.0012028036232494,-0.09984313809530719,-1.2252124996435267,0.9776754627450532,-0.409485245443436
746,-1.4860534012115922,-1.1568064695832854,-0.09984313809530719,-1.2252124996435267,0.9776754627450532,-0.409485245443436
747,-1.101651273691856,-0.22318447382307077,-0.6226357502986613,0.28228659521340604,-0.22889316641399612,0.8631380036495095
748,0.8203593639068253,-0.22318447382307077,-0.6226357502986613,-1.2252124996435267,0.37439114816552854,-0.409485245443436
749,-0.7172491461721198,0.24362652405703647,-1.1454283625020152,-1.2252124996435267,0.9776754627450532,-1.6821084945363816
750,0.8203593639068253,0.24362652405703647,1.468534698514755,0.28228659521340604,-1.4354617955730455,-1.6821084945363816
751,0.435957236387089,-0.37878813978310655,-0.6226357502986613,-1.2252124996435267,0.9776754627450532,-0.409485245443436
752,-1.101651273691856,-0.22318447382307077,-0.09984313809530719,0.28228659521340604,-1.4354617955730455,0.8631380036495095
753,0.8203593639068253,0.24362652405703647,1.468534698514755,-1.2252124996435267,0.37439114816552854,-0.409485245443436
754,-1.101651273691856,-1.1568064695832854,-0.09984313809530719,0.28228659521340604,0.9776754627450532,0.8631380036495095
755,-0.3328470186523835,0.3992301900170722,1.468534698514755,0.28228659521340604,0.9776754627450532,-1.6821084945363816
756,1.5891636189462977,-1.1568064695832854,0.42294947410804684,-1.2252124996435267,0.37439114816552854,-0.409485245443436
757,-1.8704555287313285,-1.0012028036232494,1.468534698514755,-1.2252124996435267,0.9776754627450532,0.8631380036495095
758,-1.101651273691856,1.0216448538572152,1.468534698514755,0.28228659521340604,0.9776754627450532,0.8631380036495095
759,0.435957236387089,-1.4680138015033568,0.42294947410804684,-1.2252124996435267,0.37439114816552854,-1.6821084945363816
760,0.8203593639068253,-0.22318447382307077,-0.6226357502986613,-1.2252124996435267,0.9776754627450532,-0.409485245443436
761,0.8203593639068253,0.24362652405703647,1.468534698514755,0.28228659521340604,0.9776754627450532,0.8631380036495095
762,-1.8704555287313285,0.8660411878971794,-1.1454283625020152,0.28228659521340604,-1.4354617955730455,0.8631380036495095
763,-1.8704555287313285,-0.37878813978310655,-0.6226357502986613,-1.2252124996435267,0.9776754627450532,0.8631380036495095
764,0.435957236387089,1.799663183657394,1.468534698514755,0.28228659521340604,-0.22889316641399612,0.8631380036495095
765,1.5891636189462977,0.24362652405703647,-1.1454283625020152,0.28228659521340604,0.9776754627450532,-1.6821084945363816
766,-1.4860534012115922,-1.1568064695832854,0.42294947410804684,0.28228659521340604,-1.4354617955730455,-0.409485245443436
767,-0.7172491461721198,0.24362652405703647,-1.1454283625020152,-1.2252124996435267,0.37439114816552854,-0.409485245443436
768,-1.101651273691856,-1.1568064695832854,-0.09984313809530719,-1.2252124996435267,0.9776754627450532,-1.6821084945363816
769,1.5891636189462977,0.8660411878971794,-1.1454283625020152,0.28228659521340604,0.9776754627450532,-1.6821084945363816
770,-1.4860534012115922,-0.37878813978310655,-0.6226357502986613,-1.2252124996435267,0.9776754627450532,0.8631380036495095
771,-1.8704555287313285,0.24362652405703647,-1.1454283625020152,0.28228659521340604,-1.4354617955730455,0.8631380036495095
772,0.8203593639068253,-0.22318447382307077,-0.09984313809530719,-1.2252124996435267,-1.4354617955730455,-1.6821084945363816
773,0.8203593639068253,0.24362652405703647,1.468534698514755,0.28228659521340604,-0.22889316641399612,0.8631380036495095
774,1.5891636189462977,-0.22318447382307077,-0.09984313809530719,-1.2252124996435267,0.9776754627450532,-1.6821084945363816
775,-1.4860534012115922,-1.1568064695832854,-0.09984313809530719,-1.2252124996435267,0.9776754627450532,-0.409485245443436
776,1.5891636189462977,0.24362652405703647,-1.1454283625020152,0.28228659521340604,-0.22889316641399612,0.8631380036495095
777,0.05155510886735275,-1.1568064695832854,-0.09984313809530719,-1.2252124996435267,0.9776754627450532,-0.409485245443436
778,0.8203593639068253,-0.22318447382307077,-0.6226357502986613,0.28228659521340604,-0.22889316641399612,0.8631380036495095
779,0.8203593639068253,0.24362652405703647,-1.1454283625020152,0.28228659521340604,-0.22889316641399612,0.8631380036495095
780,0.8203593639068253,0.8660411878971794,1.468534698514755,0.28228659521340604,-0.22889316641399612,0.8631380036495095
781,-1.4860534012115922,0.24362652405703647,1.468534698514755,-1.2252124996435267,0.37439114816552854,-0.409485245443436
782,-1.4860534012115922,-1.0012028036232494,-0.6226357502986613,-1.2252124996435267,0.9776754627450532,-0.409485245443436
783,-0.3328470186523835,0.3992301900170722,1.468534698514755,0.28228659521340604,-1.4354617955730455,-0.409485245443436
784,0.435957236387089,-1.312410135543321,-0.6226357502986613,0.28228659521340604,0.9776754627450532,0.8631380036495095
785,0.435957236387089,0.24362652405703647,-1.1454283625020152,-1.2252124996435267,-0.22889316641399612,0.8631380036495095
786,0.435957236387089,-1.4680138015033568,0.42294947410804684,0.28228659521340604,0.9776754627450532,-0.409485245443436
787,0.435957236387089,-0.37878813978310655,-0.6226357502986613,0.28228659521340604,-0.22889316641399612,0.8631380036495095
788,0.435957236387089,2.5776815134575726,-0.6226357502986613,0.28228659521340604,0.9776754627450532,0.8631380036495095
789,0.8203593639068253,-0.22318447382307077,-0.6226357502986613,0.28228659521340604,-1.4354617955730455,0.8631380036495095
790,0.435957236387089,-1.0012028036232494,-0.6226357502986613,0.28228659521340604,0.9776754627450532,-0.409485245443436
791,0.8203593639068253,-1.0012028036232494,1.468534698514755,0.28228659521340604,0.9776754627450532,0.8631380036495095
792,1.5891636189462977,0.8660411878971794,1.468534698514755,1.7897856900703386,-0.8321774809935208,0.8631380036495095
793,0.8203593639068253,-0.22318447382307077,-0.6226357502986613,1.7897856900703386,-0.8321774809935208,-1.6821084945363816
794,1.2047614914265614,-0.689995471703178,1.468534698514755,0.28228659521340604,0.9776754627450532,-0.409485245443436
795,0.435957236387089,2.1108705155774654,1.468534698514755,-1.2252124996435267,0.37439114816552854,-1.6821084945363816
796,-0.3328470186523835,0.24362652405703647,1.468534698514755,0.28228659521340604,0.9776754627450532,0.8631380036495095
797,-1.101651273691856,1.0216448538572152,1.468534698514755,0.28228659521340604,0.9776754627450532,-0.409485245443436
798,-1.4860534012115922,1.799663183657394,1.468534698514755,0.28228659521340604,0.9776754627450532,0.8631380036495095
799,0.05155510886735275,0.24362652405703647,-1.1454283625020152,-1.2252124996435267,0.9776754627450532,-0.409485245443436
800,0.435957236387089,0.24362652405703647,-1.1454283625020152,0.28228659521340604,0.9776754627450532,0.8631380036495095
801,0.05155510886735275,0.7104375219371437,-1.1454283625020152,0.28228659521340604,0.9776754627450532,-1.6821084945363816
802,-1.8704555287313285,-1.0012028036232494,1.468534698514755,1.7897856900703386,-0.8321774809935208,0.8631380036495095
803,-0.7172491461721198,0.24362652405703647,-1.1454283625020152,0.28228659521340604,-1.4354617955730455,0.8631380036495095
804,0.435957236387089,-1.1568064695832854,-0.09984313809530719,0.28228659521340604,0.9776754627450532,-1.6821084945363816
805,-0.7172491461721198,-1.1568064695832854,-0.09984313809530719,0.28228659521340604,0.9776754627450532,0.8631380036495095
806,0.435957236387089,2.1108705155774654,-0.6226357502986613,0.28228659521340604,-0.22889316641399612,0.8631380036495095
807,1.5891636189462977,0.8660411878971794,1.468534698514755,0.28228659521340604,-1.4354617955730455,-0.409485245443436
808,1.2047614914265614,-0.689995471703178,1.468534698514755,-1.2252124996435267,0.9776754627450532,-0.409485245443436
809,0.05155510886735275,-1.0012028036232494,-0.09984313809530719,0.28228659521340604,-0.22889316641399612,-0.409485245443436
810,0.435957236387089,-1.312410135543321,-0.6226357502986613,-1.2252124996435267,-1.4354617955730455,0.8631380036495095
811,0.8203593639068253,-0.22318447382307077,-0.6226357502986613,-1.2252124996435267,0.9776754627450532,-0.409485245443436
812,-0.3328470186523835,-1.1568064695832854,0.42294947410804684,0.28228659521340604,-0.22889316641399612,-0.409485245443436
813,0.435957236387089,-0.5343918057431423,0.42294947410804684,0.28228659521340604,0.9776754627450532,-0.409485245443436
814,0.435957236387089,-1.4680138015033568,-0.09984313809530719,0.28228659521340604,-1.4354617955730455,-0.409485245443436
815,0.05155510886735275,-0.8455991376632138,1.468534698514755,1.7897856900703386,-0.8321774809935208,0.8631380036495095
816,0.8203593639068253,0.24362652405703647,1.468534698514755,-1.2252124996435267,0.37439114816552854,0.8631380036495095
817,0.8203593639068253,-0.22318447382307077,1.468534698514755,0.28228659521340604,0.9776754627450532,0.8631380036495095
818,0.8203593639068253,-0.5343918057431423,-0.6226357502986613,0.28228659521340604,-1.4354617955730455,0.8631380036495095
819,-1.4860534012115922,1.799663183657394,1.468534698514755,0.28228659521340604,-1.4354617955730455,-0.409485245443436
820,0.435957236387089,2.1108705155774654,1.468534698514755,-1.2252124996435267,-1.4354617955730455,0.8631380036495095
821,-1.8704555287313285,0.24362652405703647,-1.1454283625020152,1.7897856900703386,-0.8321774809935208,0.8631380036495095
822,0.435957236387089,1.799663183657394,1.468534698514755,0.28228659521340604,0.9776754627450532,-0.409485245443436
823,0.435957236387089,2.1108705155774654,-0.6226357502986613,0.28228659521340604,0.9776754627450532,0.8631380036495095
824,-0.3328470186523835,-1.0012028036232494,-0.6226357502986613,-1.2252124996435267,0.37439114816552854,-0.409485245443436
825,0.8203593639068253,0.24362652405703647,1.468534698514755,1.7897856900703386,-0.8321774809935208,-0.409485245443436
826,-0.7172491461721198,0.24362652405703647,-1.1454283625020152,1.7897856900703386,-0.8321774809935208,-0.409485245443436
827,-1.101651273691856,0.24362652405703647,-1.1454283625020152,1.7897856900703386,-0.8321774809935208,0.8631380036495095
828,0.435957236387089,-1.1568064695832854,-0.09984313809530719,1.7897856900703386,-0.8321774809935208,-1.6821084945363816
829,0.435957236387089,0.24362652405703647,-1.1454283625020152,0.28228659521340604,-1.4354617955730455,0.8631380036495095
830,-1.4860534012115922,-1.0012028036232494,-0.09984313809530719,0.28228659521340604,-1.4354617955730455,0.8631380036495095
831,-1.8704555287313285,1.799663183657394,1.468534698514755,0.28228659521340604,0.9776754627450532,0.8631380036495095
832,0.435957236387089,-0.22318447382307077,-0.6226357502986613,-1.2252124996435267,-1.4354617955730455,0.8631380036495095
833,0.8203593639068253,-0.22318447382307077,-0.6226357502986613,-1.2252124996435267,0.9776754627450532,-0.409485245443436
834,-0.3328470186523835,0.24362652405703647,1.468534698514755,0.28228659521340604,0.9776754627450532,0.8631380036495095
835,-1.8704555287313285,0.8660411878971794,-1.1454283625020152,0.28228659521340604,0.9776754627450532,0.8631380036495095
836,-1.8704555287313285,0.24362652405703647,-1.1454283625020152,1.7897856900703386,-0.8321774809935208,0.8631380036495095
837,1.5891636189462977,-0.22318447382307077,-0.09984313809530719,1.7897856900703386,-0.8321774809935208,0.8631380036495095
838,0.05155510886735275,0.24362652405703647,1.468534698514755,0.28228659521340604,-1.4354617955730455,-0.409485245443436
839,0.435957236387089,2.1108705155774654,-0.6226357502986613,1.7897856900703386,-0.8321774809935208,0.8631380036495095
840,-1.4860534012115922,0.8660411878971794,1.468534698514755,-1.2252124996435267,0.9776754627450532,-0.409485245443436
841,0.435957236387089,0.7104375219371437,1.468534698514755,-1.2252124996435267,0.9776754627450532,-1.6821084945363816
842,-1.4860534012115922,0.24362652405703647,1.468534698514755,1.7897856900703386,-0.8321774809935208,-0.409485245443436
843,0.05155510886735275,-1.1568064695832854,-0.09984313809530719,0.28228659521340604,-1.4354617955730455,0.8631380036495095
844,-1.4860534012115922,-1.1568064695832854,-0.6226357502986613,0.28228659521340604,0.9776754627450532,0.8631380036495095
845,0.435957236387089,-0.5343918057431423,0.42294947410804684,-1.2252124996435267,0.9776754627450532,-0.409485245443436
846,1.5891636189462977,0.8660411878971794,1.468534698514755,0.28228659521340604,-1.4354617955730455,-1.6821084945363816
847,-0.7172491461721198,-1.1568064695832854,-0.09984313809530719,1.7897856900703386,-0.8321774809935208,0.8631380036495095
848,0.435957236387089,2.5776815134575726,-0.6226357502986613,-1.2252124996435267,0.9776754627450532,-0.409485245443436
849,-0.7172491461721198,-1.0012028036232494,-0.09984313809530719,1.7897856900703386,-0.8321774809935208,-0.409485245443436
850,0.8203593639068253,0.24362652405703647,-1.1454283625020152,0.28228659521340604,-1.4354617955730455,-1.6821084945363816
851,-1.8704555287313285,-1.0012028036232494,-0.6226357502986613,0.28228659521340604,-0.22889316641399612,0.8631380036495095
852,0.435957236387089,-1.4680138015033568,-0.09984313809530719,0.28228659521340604,-0.22889316641399612,0.8631380036495095
853,-1.101651273691856,-0.22318447382307077,-0.09984313809530719,0.28228659521340604,-0.22889316641399612,0.8631380036495095
854,0.435957236387089,-1.4680138015033568,-0.6226357502986613,-1.2252124996435267,0.9776754627450532,-0.409485245443436
855,1.5891636189462977,0.24362652405703647,1.468534698514755,0.28228659521340604,0.9776754627450532,0.8631380036495095
856,0.8203593639068253,-0.22318447382307077,-0.6226357502986613,0.28228659521340604,0.9776754627450532,0.8631380036495095
857,-1.101651273691856,-0.22318447382307077,-0.09984313809530719,-1.2252124996435267,0.9776754627450532,-1.6821084945363816
858,0.8203593639068253,-0.22318447382307077,-0.6226357502986613,0.28228659521340604,0.9776754627450532,0.8631380036495095
859,0.435957236387089,-1.1568064695832854,-0.09984313809530719,0.28228659521340604,-1.4354617955730455,0.8631380036495095
860,-1.101651273691856,-0.22318447382307077,-0.6226357502986613,-1.2252124996435267,0.9776754627450532,-1.6821084945363816
861,0.435957236387089,1.799663183657394,1.468534698514755,0.28228659521340604,-1.4354617955730455,0.8631380036495095
862,0.435957236387089,2.1108705155774654,-0.6226357502986613,1.7897856900703386,-0.8321774809935208,0.8631380036495095
863,0.435957236387089,-0.5343918057431423,0.42294947410804684,0.28228659521340604,0.9776754627450532,0.8631380036495095
864,-0.7172491461721198,-0.22318447382307077,1.468534698514755,0.28228659521340604,-1.4354617955730455,-1.6821084945363816
865,-0.7172491461721198,0.24362652405703647,-1.1454283625020152,1.7897856900703386,-0.8321774809935208,-0.409485245443436
866,-0.7172491461721198,0.24362652405703647,1.468534698514755,0.28228659521340604,0.9776754627450532,0.8631380036495095
867,-1.8704555287313285,-0.37878813978310655,-0.6226357502986613,0.28228659521340604,0.9776754627450532,0.8631380036495095
868,-1.101651273691856,0.24362652405703647,-1.1454283625020152,0.28228659521340604,0.9776754627450532,-0.409485245443436
869,0.435957236387089,-0.37878813978310655,-0.09984313809530719,0.28228659521340604,0.9776754627450532,-0.409485245443436
870,0.8203593639068253,0.3992301900170722,1.468534698514755,1.7897856900703386,-0.8321774809935208,0.8631380036495095
871,1.5891636189462977,1.799663183657394,1.468534698514755,0.28228659521340604,0.9776754627450532,0.8631380036495095
872,-1.101651273691856,-0.22318447382307077,-0.6226357502986613,1.7897856900703386,-0.8321774809935208,0.8631380036495095
873,0.8203593639068253,0.24362652405703647,-1.1454283625020152,-1.2252124996435267,0.37439114816552854,0.8631380036495095
874,-0.3328470186523835,-1.4680138015033568,-0.09984313809530719,-1.2252124996435267,0.37439114816552854,-1.6821084945363816
875,-0.7172491461721198,0.24362652405703647,-1.1454283625020152,0.28228659521340604,-0.22889316641399612,0.8631380036495095
876,-0.3328470186523835,-1.4680138015033568,-0.6226357502986613,0.28228659521340604,0.9776754627450532,-0.409485245443436
877,1.2047614914265614,-0.689995471703178,1.468534698514755,0.28228659521340604,-1.4354617955730455,-1.6821084945363816
878,-0.3328470186523835,0.24362652405703647,1.468534698514755,-1.2252124996435267,0.9776754627450532,-0.409485245443436
879,-1.4860534012115922,-1.0012028036232494,-0.6226357502986613,-1.2252124996435267,0.9776754627450532,0.8631380036495095
880,-1.101651273691856,0.24362652405703647,-1.1454283625020152,-1.2252124996435267,0.9776754627450532,-0.409485245443436
881,0.435957236387089,1.799663183657394,1.468534698514755,0.28228659521340604,-0.22889316641399612,-0.409485245443436
882,0.8203593639068253,-1.1568064695832854,-0.09984313809530719,0.28228659521340604,0.9776754627450532,0.8631380036495095
883,0.435957236387089,2.1108705155774654,1.468534698514755,1.7897856900703386,-0.8321774809935208,0.8631380036495095
884,-0.3328470186523835,-1.4680138015033568,-0.09984313809530719,0.28228659521340604,0.9776754627450532,-0.409485245443436
885,0.435957236387089,-1.1568064695832854,-0.09984313809530719,-1.2252124996435267,-1.4354617955730455,0.8631380036495095
886,0.435957236387089,-0.5343918057431423,-0.09984313809530719,-1.2252124996435267,0.9776754627450532,0.8631380036495095
887,-1.101651273691856,0.24362652405703647,-1.1454283625020152,0.28228659521340604,0.9776754627450532,0.8631380036495095
888,0.05155510886735275,-1.0012028036232494,-0.09984313809530719,1.7897856900703386,-0.8321774809935208,0.8631380036495095
889,-1.8704555287313285,0.8660411878971794,-1.1454283625020152,1.7897856900703386,-0.8321774809935208,0.8631380036495095
890,0.8203593639068253,-0.22318447382307077,-0.6226357502986613,0.28228659521340604,0.9776754627450532,0.8631380036495095
891,-1.101651273691856,0.24362652405703647,-1.1454283625020152,-1.2252124996435267,0.9776754627450532,0.8631380036495095
892,0.435957236387089,-1.312410135543321,-0.6226357502986613,0.28228659521340604,0.9776754627450532,0.8631380036495095
893,0.05155510886735275,0.8660411878971794,1.468534698514755,0.28228659521340604,-0.22889316641399612,0.8631380036495095
894,0.8203593639068253,-0.22318447382307077,-0.6226357502986613,0.28228659521340604,-0.22889316641399612,0.8631380036495095
895,0.435957236387089,0.24362652405703647,-1.1454283625020152,0.28228659521340604,-1.4354617955730455,0.8631380036495095
896,0.435957236387089,-0.5343918057431423,-0.09984313809530719,0.28228659521340604,-1.4354617955730455,-0.409485245443436
897,-1.8704555287313285,-1.0012028036232494,1.468534698514755,0.28228659521340604,0.9776754627450532,0.8631380036495095
898,0.05155510886735275,0.8660411878971794,1.468534698514755,0.28228659521340604,-1.4354617955730455,0.8631380036495095
899,-0.3328470186523835,0.24362652405703647,1.468534698514755,0.28228659521340604,0.9776754627450532,-0.409485245443436
900,-1.4860534012115922,1.799663183657394,1.468534698514755,-1.2252124996435267,0.9776754627450532,0.8631380036495095
901,0.8203593639068253,0.3992301900170722,-1.1454283625020152,0.28228659521340604,-1.4354617955730455,-1.6821084945363816
902,0.435957236387089,2.5776815134575726,0.42294947410804684,-1.2252124996435267,-0.22889316641399612,0.8631380036495095
903,0.435957236387089,-1.7792211334234282,1.468534698514755,1.7897856900703386,-0.8321774809935208,-1.6821084945363816
904,-1.8704555287313285,-0.37878813978310655,-0.6226357502986613,0.28228659521340604,0.9776754627450532,0.8631380036495095
905,1.5891636189462977,-0.22318447382307077,1.468534698514755,-1.2252124996435267,0.9776754627450532,0.8631380036495095
906,-1.8704555287313285,1.799663183657394,-1.1454283625020152,-1.2252124996435267,0.9776754627450532,0.8631380036495095
907,0.05155510886735275,-1.0012028036232494,-0.09984313809530719,0.28228659521340604,-1.4354617955730455,0.8631380036495095
908,1.5891636189462977,1.9552668496174297,-1.1454283625020152,0.28228659521340604,-0.22889316641399612,0.8631380036495095
909,0.8203593639068253,-0.22318447382307077,-0.09984313809530719,1.7897856900703386,-0.8321774809935208,0.8631380036495095
910,-1.8704555287313285,0.24362652405703647,-1.1454283625020152,0.28228659521340604,-1.4354617955730455,0.8631380036495095
911,0.435957236387089,-1.4680138015033568,-0.6226357502986613,0.28228659521340604,0.9776754627450532,-1.6821084945363816
912,-0.7172491461721198,-1.1568064695832854,-0.09984313809530719,0.28228659521340604,-0.22889316641399612,0.8631380036495095
913,-0.3328470186523835,-0.5343918057431423,0.42294947410804684,0.28228659521340604,-1.4354617955730455,-0.409485245443436
914,-1.101651273691856,0.24362652405703647,1.468534698514755,-1.2252124996435267,0.9776754627450532,-0.409485245443436
915,-1.8704555287313285,-1.0012028036232494,-0.6226357502986613,1.7897856900703386,-0.8321774809935208,0.8631380036495095
916,0.8203593639068253,0.24362652405703647,1.468534698514755,0.28228659521340604,0.9776754627450532,-1.6821084945363816
917,-0.7172491461721198,-0.06758080786303503,1.468534698514755,-1.2252124996435267,0.9776754627450532,0.8631380036495095
918,0.435957236387089,-1.7792211334234282,-0.09984313809530719,-1.2252124996435267,-1.4354617955730455,0.8631380036495095
919,0.8203593639068253,0.24362652405703647,1.468534698514755,-1.2252124996435267,0.37439114816552854,-0.409485245443436
920,-1.101651273691856,0.24362652405703647,-1.1454283625020152,0.28228659521340604,-1.4354617955730455,-0.409485245443436
921,-0.3328470186523835,2.7332851794176083,-0.6226357502986613,0.28228659521340604,-1.4354617955730455,0.8631380036495095
922,1.5891636189462977,0.7104375219371437,-1.1454283625020152,0.28228659521340604,0.9776754627450532,0.8631380036495095
923,0.435957236387089,-0.22318447382307077,-0.09984313809530719,-1.2252124996435267,0.9776754627450532,0.8631380036495095
924,0.435957236387089,2.1108705155774654,1.468534698514755,0.28228659521340604,0.9776754627450532,0.8631380036495095
925,-0.7172491461721198,0.24362652405703647,-1.1454283625020152,0.28228659521340604,0.9776754627450532,0.8631380036495095
926,-1.4860534012115922,1.799663183657394,1.468534698514755,-1.2252124996435267,-1.4354617955730455,-1.6821084945363816
927,0.435957236387089,-1.1568064695832854,-0.6226357502986613,-1.2252124996435267,-1.4354617955730455,-1.6821084945363816
928,-1.101651273691856,0.24362652405703647,1.468534698514755,-1.2252124996435267,0.9776754627450532,-1.6821084945363816
929,-0.7172491461721198,0.24362652405703647,-1.1454283625020152,0.28228659521340604,0.9776754627450532,-0.409485245443436
930,0.435957236387089,2.266474181537501,-1.1454283625020152,0.28228659521340604,0.9776754627450532,0.8631380036495095
931,0.435957236387089,-1.312410135543321,-0.6226357502986613,-1.2252124996435267,0.9776754627450532,-0.409485245443436
932,1.5891636189462977,0.8660411878971794,1.468534698514755,0.28228659521340604,0.9776754627450532,-1.6821084945363816
933,-0.3328470186523835,0.24362652405703647,1.468534698514755,-1.2252124996435267,0.37439114816552854,-0.409485245443436
934,0.8203593639068253,-0.5343918057431423,-0.6226357502986613,1.7897856900703386,-0.8321774809935208,0.8631380036495095
935,-1.101651273691856,0.24362652405703647,-1.1454283625020152,0.28228659521340604,-1.4354617955730455,0.8631380036495095
936,1.5891636189462977,1.9552668496174297,-1.1454283625020152,0.28228659521340604,0.9776754627450532,-1.6821084945363816
937,-1.4860534012115922,-1.0012028036232494,-0.6226357502986613,0.28228659521340604,-1.4354617955730455,0.8631380036495095
938,-1.101651273691856,-0.22318447382307077,-0.6226357502986613,-1.2252124996435267,0.37439114816552854,-1.6821084945363816
939,-1.8704555287313285,2.266474181537501,1.468534698514755,-1.2252124996435267,0.37439114816552854,0.8631380036495095
940,0.435957236387089,-0.22318447382307077,-0.09984313809530719,0.28228659521340604,-1.4354617955730455,-0.409485245443436
941,0.8203593639068253,-0.22318447382307077,-0.6226357502986613,0.28228659521340604,-0.22889316641399612,0.8631380036495095
942,1.5891636189462977,0.24362652405703647,-1.1454283625020152,0.28228659521340604,-0.22889316641399612,0.8631380036495095
943,0.8203593639068253,-0.5343918057431423,-0.6226357502986613,0.28228659521340604,0.9776754627450532,-0.409485245443436
944,-0.3328470186523835,-1.4680138015033568,-0.6226357502986613,0.28228659521340604,0.9776754627450532,-0.409485245443436
945,0.8203593639068253,-0.22318447382307077,-0.6226357502986613,0.28228659521340604,-0.22889316641399612,0.8631380036495095
946,0.435957236387089,-0.22318447382307077,-0.09984313809530719,-1.2252124996435267,0.37439114816552854,-1.6821084945363816
947,0.8203593639068253,0.24362652405703647,1.468534698514755,0.28228659521340604,-0.22889316641399612,0.8631380036495095
948,0.8203593639068253,0.24362652405703647,-1.1454283625020152,0.28228659521340604,-1.4354617955730455,-1.6821084945363816
949,0.435957236387089,-0.22318447382307077,-0.09984313809530719,0.28228659521340604,0.9776754627450532,-0.409485245443436
950,-1.101651273691856,0.24362652405703647,1.468534698514755,-1.2252124996435267,-0.22889316641399612,-0.409485245443436
951,-1.4860534012115922,-0.37878813978310655,-0.6226357502986613,0.28228659521340604,0.9776754627450532,0.8631380036495095
952,0.435957236387089,0.7104375219371437,-1.1454283625020152,0.28228659521340604,0.9776754627450532,-1.6821084945363816
953,0.435957236387089,-0.22318447382307077,-0.09984313809530719,0.28228659521340604,0.9776754627450532,-0.409485245443436
954,0.435957236387089,-1.4680138015033568,-0.6226357502986613,-1.2252124996435267,-1.4354617955730455,-1.6821084945363816
955,-1.8704555287313285,-1.6236174674633925,-0.6226357502986613,-1.2252124996435267,-0.22889316641399612,0.8631380036495095
956,1.5891636189462977,0.24362652405703647,-1.1454283625020152,1.7897856900703386,-0.8321774809935208,0.8631380036495095
957,-1.8704555287313285,0.24362652405703647,-1.1454283625020152,-1.2252124996435267,0.9776754627450532,0.8631380036495095
958,1.2047614914265614,-0.689995471703178,1.468534698514755,0.28228659521340604,-0.22889316641399612,-0.409485245443436
959,-1.4860534012115922,-1.1568064695832854,-0.09984313809530719,-1.2252124996435267,0.37439114816552854,0.8631380036495095
960,-0.3328470186523835,0.3992301900170722,1.468534698514755,1.7897856900703386,-0.8321774809935208,0.8631380036495095
961,0.8203593639068253,-1.1568064695832854,-0.09984313809530719,-1.2252124996435267,0.9776754627450532,-0.409485245443436
962,-1.4860534012115922,-1.4680138015033568,-0.09984313809530719,0.28228659521340604,0.9776754627450532,-0.409485245443436
963,0.8203593639068253,-0.22318447382307077,-0.09984313809530719,-1.2252124996435267,-0.22889316641399612,0.8631380036495095
964,-1.8704555287313285,-1.0012028036232494,1.468534698514755,0.28228659521340604,0.9776754627450532,0.8631380036495095
965,-1.4860534012115922,-0.5343918057431423,-0.09984313809530719,-1.2252124996435267,0.37439114816552854,-1.6821084945363816
966,-1.4860534012115922,-1.0012028036232494,-0.6226357502986613,0.28228659521340604,-0.22889316641399612,-0.409485245443436
967,-1.101651273691856,-1.0012028036232494,-0.09984313809530719,1.7897856900703386,-0.8321774809935208,0.8631380036495095
968,1.5891636189462977,0.24362652405703647,-1.1454283625020152,-1.2252124996435267,-1.4354617955730455,-0.409485245443436
969,-0.3328470186523835,-1.4680138015033568,-0.09984313809530719,0.28228659521340604,0.9776754627450532,-1.6821084945363816
970,0.435957236387089,-0.37878813978310655,-0.6226357502986613,-1.2252124996435267,0.9776754627450532,-1.6821084945363816
971,0.05155510886735275,-0.37878813978310655,-0.6226357502986613,-1.2252124996435267,0.37439114816552854,-1.6821084945363816
972,0.435957236387089,0.7104375219371437,-1.1454283625020152,0.28228659521340604,0.9776754627450532,-0.409485245443436
973,0.8203593639068253,0.8660411878971794,1.468534698514755,0.28228659521340604,0.9776754627450532,0.8631380036495095
974,0.8203593639068253,0.24362652405703647,-1.1454283625020152,0.28228659521340604,0.9776754627450532,0.8631380036495095
975,1.5891636189462977,-0.22318447382307077,1.468534698514755,0.28228659521340604,0.9776754627450532,0.8631380036495095
976,0.435957236387089,-0.22318447382307077,-0.09984313809530719,-1.2252124996435267,0.9776754627450532,0.8631380036495095
977,-1.101651273691856,-1.0012028036232494,-0.09984313809530719,0.28228659521340604,-1.4354617955730455,-0.409485245443436
978,0.8203593639068253,-0.22318447382307077,1.468534698514755,-1.2252124996435267,0.9776754627450532,0.8631380036495095
979,-0.3328470186523835,-1.4680138015033568,-0.6226357502986613,0.28228659521340604,-1.4354617955730455,-0.409485245443436
980,0.8203593639068253,0.8660411878971794,-1.1454283625020152,0.28228659521340604,0.9776754627450532,0.8631380036495095
981,0.8203593639068253,-0.22318447382307077,-0.6226357502986613,1.7897856900703386,-0.8321774809935208,0.8631380036495095
982,0.435957236387089,-1.312410135543321,-0.6226357502986613,0.28228659521340604,-1.4354617955730455,-0.409485245443436
983,0.8203593639068253,-0.22318447382307077,-1.1454283625020152,-1.2252124996435267,0.37439114816552854,-0.409485245443436
984,0.435957236387089,-0.37878813978310655,-0.6226357502986613,0.28228659521340604,-1.4354617955730455,0.8631380036495095
985,-0.7172491461721198,-1.0012028036232494,-0.09984313809530719,0.28228659521340604,0.9776754627450532,0.8631380036495095
986,-1.4860534012115922,-1.1568064695832854,0.42294947410804684,0.28228659521340604,0.9776754627450532,0.8631380036495095
987,0.8203593639068253,0.24362652405703647,1.468534698514755,0.28228659521340604,-0.22889316641399612,0.8631380036495095
988,0.435957236387089,0.7104375219371437,1.468534698514755,-1.2252124996435267,0.9776754627450532,0.8631380036495095
989,-0.7172491461721198,0.24362652405703647,-1.1454283625020152,1.7897856900703386,-0.8321774809935208,0.8631380036495095
990,0.8203593639068253,0.8660411878971794,-1.1454283625020152,0.28228659521340604,-1.4354617955730455,0.8631380036495095
991,-1.101651273691856,-0.22318447382307077,-0.6226357502986613,0.28228659521340604,0.9776754627450532,-0.409485245443436
992,0.8203593639068253,0.24362652405703647,1.468534698514755,-1.2252124996435267,0.9776754627450532,-1.6821084945363816
993,0.435957236387089,0.24362652405703647,1.468534698514755,1.7897856900703386,-0.8321774809935208,-1.6821084945363816
994,-1.101651273691856,-1.1568064695832854,0.42294947410804684,0.28228659521340604,-1.4354617955730455,-0.409485245443436
995,0.435957236387089,-1.1568064695832854,-0.6226357502986613,0.28228659521340604,-0.22889316641399612,0.8631380036495095
996,-1.4860534012115922,-0.5343918057431423,-0.09984313809530719,-1.2252124996435267,0.9776754627450532,-0.409485245443436
997,0.8203593639068253,-0.22318447382307077,-0.6226357502986613,0.28228659521340604,0.9776754627450532,-1.6821084945363816
998,-1.101651273691856,0.24362652405703647,1.468534698514755,0.28228659521340604,0.9776754627450532,0.8631380036495095
999,-1.4860534012115922,0.24362652405703647,1.468534698514755,0.28228659521340604,0.9776754627450532,-0.409485245443436
1000,1.5891636189462977,0.24362652405703647,1.468534698514755,0.28228659521340604,-0.22889316641399612,0.8631380036495095
1001,0.8203593639068253,0.3992301900170722,1.468534698514755,1.7897856900703386,-0.8321774809935208,0.8631380036495095
1002,0.435957236387089,-1.312410135543321,-0.6226357502986613,0.28228659521340604,-0.22889316641399612,0.8631380036495095
1003,0.8203593639068253,-0.22318447382307077,-1.1454283625020152,0.28228659521340604,0.9776754627450532,0.8631380036495095
1004,0.435957236387089,-1.0012028036232494,-0.6226357502986613,1.7897856900703386,-0.8321774809935208,0.8631380036495095
1005,-1.8704555287313285,0.8660411878971794,-1.1454283625020152,0.28228659521340604,0.9776754627450532,0.8631380036495095
1006,0.05155510886735275,1.799663183657394,-1.1454283625020152,0.28228659521340604,0.9776754627450532,0.8631380036495095
1007,0.435957236387089,-0.5343918057431423,0.42294947410804684,-1.2252124996435267,-1.4354617955730455,-1.6821084945363816
1008,0.8203593639068253,-0.22318447382307077,-0.09984313809530719,0.28228659521340604,-1.4354617955730455,0.8631380036495095
1009,0.8203593639068253,0.3992301900170722,1.468534698514755,-1.2252124996435267,0.9776754627450532,0.8631380036495095
1010,0.435957236387089,1.799663183657394,1.468534698514755,1.7897856900703386,-0.8321774809935208,-1.6821084945363816
1011,0.435957236387089,-0.22318447382307077,-0.09984313809530719,1.7897856900703386,-0.8321774809935208,-1.6821084945363816
1012,0.05155510886735275,0.8660411878971794,1.468534698514755,0.28228659521340604,0.9776754627450532,0.8631380036495095
1013,0.435957236387089,-0.37878813978310655,-0.6226357502986613,0.28228659521340604,0.9776754627450532,-0.409485245443436
1014,0.8203593639068253,-0.22318447382307077,-1.1454283625020152,0.28228659521340604,-0.22889316641399612,0.8631380036495095
1015,-0.3328470186523835,-1.4680138015033568,-0.6226357502986613,-1.2252124996435267,0.9776754627450532,-0.409485245443436
1016,-0.7172491461721198,-1.1568064695832854,-0.09984313809530719,-1.2252124996435267,0.9776754627450532,0.8631380036495095
1017,1.5891636189462977,-1.1568064695832854,-0.09984313809530719,0.28228659521340604,0.9776754627450532,-0.409485245443436
1018,0.435957236387089,-1.4680138015033568,-0.6226357502986613,0.28228659521340604,0.9776754627450532,0.8631380036495095
1019,-1.101651273691856,-1.4680138015033568,-0.09984313809530719,0.28228659521340604,-0.22889316641399612,0.8631380036495095
1020,1.5891636189462977,0.24362652405703647,1.468534698514755,-1.2252124996435267,0.9776754627450532,-0.409485245443436
1021,0.8203593639068253,-0.22318447382307077,-0.6226357502986613,0.28228659521340604,0.9776754627450532,0.8631380036495095
1022,0.8203593639068253,0.8660411878971794,1.468534698514755,0.28228659521340604,0.9776754627450532,0.8631380036495095
1023,-1.4860534012115922,2.422077847497537,1.468534698514755,0.28228659521340604,-0.22889316641399612,0.8631380036495095
1024,-1.101651273691856,0.24362652405703647,1.468534698514755,0.28228659521340604,0.9776754627450532,0.8631380036495095
1025,0.8203593639068253,0.24362652405703647,-1.1454283625020152,-1.2252124996435267,0.37439114816552854,-0.409485245443436
1026,0.8203593639068253,-0.22318447382307077,-1.1454283625020152,0.28228659521340604,-1.4354617955730455,0.8631380036495095
1027,0.435957236387089,0.24362652405703647,-1.1454283625020152,1.7897856900703386,-0.8321774809935208,-1.6821084945363816
1028,0.435957236387089,1.799663183657394,1.468534698514755,1.7897856900703386,-0.8321774809935208,0.8631380036495095
1029,-0.3328470186523835,-1.4680138015033568,-0.6226357502986613,1.7897856900703386,-0.8321774809935208,-0.409485245443436
1030,-0.3328470186523835,0.24362652405703647,1.468534698514755,1.7897856900703386,-0.8321774809935208,-0.409485245443436
1031,0.435957236387089,-0.37878813978310655,-0.6226357502986613,0.28228659521340604,-1.4354617955730455,0.8631380036495095
1032,0.05155510886735275,0.8660411878971794,1.468534698514755,-1.2252124996435267,-0.22889316641399612,0.8631380036495095
1033,-1.4860534012115922,-1.0012028036232494,-0.6226357502986613,0.28228659521340604,-1.4354617955730455,-0.409485245443436
1034,-0.3328470186523835,0.24362652405703647,1.468534698514755,-1.2252124996435267,0.9776754627450532,-0.409485245443436
1035,-1.101651273691856,0.24362652405703647,-1.1454283625020152,0.28228659521340604,0.9776754627450532,-0.409485245443436
1036,-0.3328470186523835,-0.22318447382307077,-0.09984313809530719,1.7897856900703386,-0.8321774809935208,0.8631380036495095
1037,-1.101651273691856,0.8660411878971794,-1.1454283625020152,0.28228659521340604,-1.4354617955730455,0.8631380036495095
1038,-1.4860534012115922,-1.0012028036232494,-0.6226357502986613,0.28228659521340604,-1.4354617955730455,-0.409485245443436
1039,-0.7172491461721198,1.1772485198172509,1.468534698514755,0.28228659521340604,-0.22889316641399612,0.8631380036495095
1040,0.05155510886735275,0.8660411878971794,1.468534698514755,-1.2252124996435267,-1.4354617955730455,-1.6821084945363816
1041,-1.4860534012115922,-1.0012028036232494,-0.6226357502986613,0.28228659521340604,-1.4354617955730455,-1.6821084945363816
1042,1.5891636189462977,-0.22318447382307077,0.42294947410804684,-1.2252124996435267,-1.4354617955730455,-0.409485245443436
1043,0.435957236387089,-1.0012028036232494,-0.6226357502986613,1.7897856900703386,-0.8321774809935208,0.8631380036495095
1044,-0.3328470186523835,0.24362652405703647,1.468534698514755,0.28228659521340604,-1.4354617955730455,0.8631380036495095
1045,0.8203593639068253,-0.22318447382307077,-1.1454283625020152,-1.2252124996435267,0.9776754627450532,-0.409485245443436
1046,0.05155510886735275,0.8660411878971794,-0.6226357502986613,-1.2252124996435267,0.9776754627450532,-0.409485245443436
1047,0.435957236387089,0.24362652405703647,-1.1454283625020152,0.28228659521340604,0.9776754627450532,0.8631380036495095
1048,0.8203593639068253,-0.22318447382307077,-0.6226357502986613,-1.2252124996435267,0.37439114816552854,0.8631380036495095
1049,0.435957236387089,-0.37878813978310655,-0.6226357502986613,-1.2252124996435267,0.9776754627450532,-0.409485245443436
1050,-0.7172491461721198,-0.22318447382307077,1.468534698514755,0.28228659521340604,-1.4354617955730455,0.8631380036495095
1051,0.8203593639068253,-0.22318447382307077,-0.6226357502986613,0.28228659521340604,0.9776754627450532,0.8631380036495095
1052,-1.8704555287313285,-1.0012028036232494,1.468534698514755,0.28228659521340604,0.9776754627450532,0.8631380036495095
1053,0.05155510886735275,1.3328521857772866,1.468534698514755,0.28228659521340604,-1.4354617955730455,-0.409485245443436
1054,0.435957236387089,-0.37878813978310655,-0.6226357502986613,0.28228659521340604,0.9776754627450532,-0.409485245443436
1055,0.8203593639068253,-0.5343918057431423,-0.6226357502986613,0.28228659521340604,0.9776754627450532,0.8631380036495095
1056,1.5891636189462977,0.8660411878971794,1.468534698514755,0.28228659521340604,-1.4354617955730455,-1.6821084945363816
1057,0.435957236387089,-1.0012028036232494,-0.6226357502986613,-1.2252124996435267,0.9776754627450532,-1.6821084945363816
1058,-0.7172491461721198,0.24362652405703647,-1.1454283625020152,1.7897856900703386,-0.8321774809935208,0.8631380036495095
1059,0.435957236387089,2.1108705155774654,1.468534698514755,-1.2252124996435267,0.9776754627450532,-1.6821084945363816
1060,0.435957236387089,-0.22318447382307077,-0.09984313809530719,-1.2252124996435267,0.37439114816552854,-1.6821084945363816
1061,-1.4860534012115922,-1.0012028036232494,-0.09984313809530719,-1.2252124996435267,0.9776754627450532,0.8631380036495095
1062,0.435957236387089,2.1108705155774654,-0.6226357502986613,0.28228659521340604,0.9776754627450532,-0.409485245443436
1063,0.435957236387089,0.7104375219371437,1.468534698514755,0.28228659521340604,0.9776754627450532,0.8631380036495095
1064,-1.101651273691856,-1.4680138015033568,-0.09984313809530719,-1.2252124996435267,-1.4354617955730455,-1.6821084945363816
1065,0.435957236387089,-1.4680138015033568,-0.09984313809530719,1.7897856900703386,-0.8321774809935208,0.8631380036495095
1066,-0.3328470186523835,-1.0012028036232494,-0.09984313809530719,-1.2252124996435267,0.37439114816552854,-0.409485245443436
1067,0.435957236387089,2.1108705155774654,1.468534698514755,0.28228659521340604,-1.4354617955730455,0.8631380036495095
1068,0.435957236387089,-1.312410135543321,-0.6226357502986613,0.28228659521340604,-0.22889316641399612,0.8631380036495095
1069,-1.101651273691856,-0.22318447382307077,-0.6226357502986613,1.7897856900703386,-0.8321774809935208,0.8631380036495095
1070,0.05155510886735275,-0.37878813978310655,-0.6226357502986613,-1.2252124996435267,0.37439114816552854,-1.6821084945363816
1071,0.435957236387089,-0.37878813978310655,-0.09984313809530719,0.28228659521340604,0.9776754627450532,-0.409485245443436
1072,0.435957236387089,-1.0012028036232494,-0.6226357502986613,-1.2252124996435267,0.37439114816552854,-1.6821084945363816
1073,0.8203593639068253,-0.5343918057431423,-0.6226357502986613,1.7897856900703386,-0.8321774809935208,-1.6821084945363816
1074,-1.101651273691856,0.24362652405703647,1.468534698514755,-1.2252124996435267,0.9776754627450532,-0.409485245443436
1075,0.05155510886735275,-0.37878813978310655,-0.6226357502986613,0.28228659521340604,-1.4354617955730455,-0.409485245443436
1076,0.8203593639068253,-0.22318447382307077,-0.6226357502986613,1.7897856900703386,-0.8321774809935208,-0.409485245443436
1077,-1.8704555287313285,-1.0012028036232494,1.468534698514755,-1.2252124996435267,0.9776754627450532,0.8631380036495095
1078,-0.3328470186523835,-0.5343918057431423,0.42294947410804684,0.28228659521340604,-0.22889316641399612,-0.409485245443436
1079,1.2047614914265614,-0.22318447382307077,-0.09984313809530719,0.28228659521340604,0.9776754627450532,0.8631380036495095
1080,0.8203593639068253,0.24362652405703647,-1.1454283625020152,0.28228659521340604,-1.4354617955730455,-1.6821084945363816
1081,-1.101651273691856,0.24362652405703647,1.468534698514755,0.28228659521340604,-1.4354617955730455,-0.409485245443436
1082,-1.4860534012115922,-1.1568064695832854,-0.09984313809530719,0.28228659521340604,0.9776754627450532,-0.409485245443436
1083,-1.8704555287313285,1.799663183657394,-1.1454283625020152,0.28228659521340604,0.9776754627450532,0.8631380036495095
1084,0.435957236387089,0.24362652405703647,-1.1454283625020152,0.28228659521340604,-0.22889316641399612,0.8631380036495095
1085,0.05155510886735275,-0.37878813978310655,-0.6226357502986613,0.28228659521340604,0.9776754627450532,-1.6821084945363816
1086,1.5891636189462977,-1.1568064695832854,0.42294947410804684,0.28228659521340604,0.9776754627450532,-0.409485245443436
1087,0.8203593639068253,-0.22318447382307077,-0.09984313809530719,0.28228659521340604,0.9776754627450532,-1.6821084945363816
1088,-1.4860534012115922,-0.5343918057431423,-0.09984313809530719,0.28228659521340604,0.9776754627450532,-1.6821084945363816
1089,-0.3328470186523835,1.4884558517373225,-1.1454283625020152,0.28228659521340604,-0.22889316641399612,0.8631380036495095
1090,0.435957236387089,-1.7792211334234282,-0.09984313809530719,0.28228659521340604,0.9776754627450532,-0.409485245443436
1091,0.435957236387089,0.08802285809700072,0.42294947410804684,-1.2252124996435267,-1.4354617955730455,0.8631380036495095
1092,0.435957236387089,-1.312410135543321,-0.6226357502986613,1.7897856900703386,-0.8321774809935208,0.8631380036495095
1093,0.8203593639068253,-0.22318447382307077,1.468534698514755,0.28228659521340604,0.9776754627450532,-1.6821084945363816
1094,-1.8704555287313285,-0.37878813978310655,-0.6226357502986613,-1.2252124996435267,-1.4354617955730455,0.8631380036495095
1095,0.8203593639068253,0.3992301900170722,-1.1454283625020152,0.28228659521340604,-1.4354617955730455,-1.6821084945363816
1096,0.05155510886735275,0.24362652405703647,-0.6226357502986613,0.28228659521340604,-1.4354617955730455,-0.409485245443436
1097,1.5891636189462977,0.554833855977108,-1.1454283625020152,0.28228659521340604,-1.4354617955730455,-0.409485245443436
1098,-1.101651273691856,0.8660411878971794,-1.1454283625020152,-1.2252124996435267,0.9776754627450532,-1.6821084945363816
1099,0.435957236387089,0.24362652405703647,1.468534698514755,0.28228659521340604,0.9776754627450532,-0.409485245443436
1100,0.8203593639068253,0.3992301900170722,1.468534698514755,-1.2252124996435267,0.37439114816552854,0.8631380036495095
1101,1.5891636189462977,1.799663183657394,1.468534698514755,-1.2252124996435267,0.37439114816552854,-1.6821084945363816
1102,0.8203593639068253,-0.22318447382307077,-1.1454283625020152,1.7897856900703386,-0.8321774809935208,0.8631380036495095
1103,-0.7172491461721198,-0.22318447382307077,1.468534698514755,1.7897856900703386,-0.8321774809935208,0.8631380036495095
1104,0.8203593639068253,0.24362652405703647,-1.1454283625020152,0.28228659521340604,-1.4354617955730455,-1.6821084945363816
1105,0.8203593639068253,0.24362652405703647,-1.1454283625020152,0.28228659521340604,-1.4354617955730455,-1.6821084945363816
1106,0.8203593639068253,-0.22318447382307077,-0.6226357502986613,-1.2252124996435267,0.9776754627450532,-0.409485245443436
1107,0.435957236387089,-1.0012028036232494,-0.6226357502986613,0.28228659521340604,-0.22889316641399612,-0.409485245443436
1108,0.8203593639068253,0.8660411878971794,1.468534698514755,0.28228659521340604,-1.4354617955730455,0.8631380036495095
1109,0.435957236387089,-0.22318447382307077,-0.09984313809530719,0.28228659521340604,-1.4354617955730455,-1.6821084945363816
1110,-1.101651273691856,-0.22318447382307077,-0.6226357502986613,1.7897856900703386,-0.8321774809935208,0.8631380036495095
1111,0.8203593639068253,-0.22318447382307077,-0.6226357502986613,0.28228659521340604,-0.22889316641399612,0.8631380036495095
1112,0.8203593639068253,0.24362652405703647,1.468534698514755,0.28228659521340604,-0.22889316641399612,0.8631380036495095
1113,0.435957236387089,2.1108705155774654,-0.6226357502986613,0.28228659521340604,0.9776754627450532,0.8631380036495095
1114,0.435957236387089,2.1108705155774654,-0.6226357502986613,0.28228659521340604,-1.4354617955730455,-0.409485245443436
1115,-0.3328470186523835,0.24362652405703647,1.468534698514755,1.7897856900703386,-0.8321774809935208,0.8631380036495095
1116,0.8203593639068253,0.3992301900170722,1.468534698514755,-1.2252124996435267,0.9776754627450532,-0.409485245443436
1117,0.8203593639068253,0.3992301900170722,-1.1454283625020152,1.7897856900703386,-0.8321774809935208,-1.6821084945363816
1118,0.05155510886735275,0.8660411878971794,-0.6226357502986613,0.28228659521340604,-1.4354617955730455,0.8631380036495095
1119,0.435957236387089,0.08802285809700072,0.42294947410804684,-1.2252124996435267,0.9776754627450532,-1.6821084945363816
1120,0.8203593639068253,0.24362652405703647,-1.1454283625020152,0.28228659521340604,0.9776754627450532,0.8631380036495095
1121,-1.4860534012115922,-1.0012028036232494,-0.6226357502986613,0.28228659521340604,0.9776754627450532,-1.6821084945363816
1122,-1.8704555287313285,2.266474181537501,1.468534698514755,0.28228659521340604,0.9776754627450532,0.8631380036495095
1123,-1.101651273691856,0.24362652405703647,-1.1454283625020152,0.28228659521340604,0.9776754627450532,-1.6821084945363816
1124,0.8203593639068253,-0.22318447382307077,-0.6226357502986613,-1.2252124996435267,0.9776754627450532,-0.409485245443436
1125,-0.7172491461721198,0.24362652405703647,-1.1454283625020152,-1.2252124996435267,-1.4354617955730455,-0.409485245443436
1126,1.5891636189462977,0.8660411878971794,1.468534698514755,1.7897856900703386,-0.8321774809935208,0.8631380036495095
1127,0.435957236387089,2.1108705155774654,-0.6226357502986613,-1.2252124996435267,-0.22889316641399612,0.8631380036495095
1128,-0.3328470186523835,-1.4680138015033568,-0.09984313809530719,-1.2252124996435267,0.9776754627450532,-0.409485245443436
1129,0.8203593639068253,-0.22318447382307077,-0.6226357502986613,0.28228659521340604,0.9776754627450532,-1.6821084945363816
1130,-0.3328470186523835,-0.22318447382307077,-0.09984313809530719,-1.2252124996435267,0.37439114816552854,-1.6821084945363816
1131,1.5891636189462977,0.7104375219371437,-1.1454283625020152,-1.2252124996435267,0.9776754627450532,-1.6821084945363816
1132,-1.4860534012115922,-1.0012028036232494,-0.6226357502986613,0.28228659521340604,0.9776754627450532,-1.6821084945363816
1133,0.8203593639068253,0.3992301900170722,1.468534698514755,-1.2252124996435267,-0.22889316641399612,0.8631380036495095
1134,0.435957236387089,-1.1568064695832854,-0.09984313809530719,-1.2252124996435267,0.9776754627450532,0.8631380036495095
1135,-1.4860534012115922,2.422077847497537,1.468534698514755,0.28228659521340604,0.9776754627450532,-0.409485245443436
1136,0.05155510886735275,0.8660411878971794,-0.6226357502986613,0.28228659521340604,0.9776754627450532,0.8631380036495095
1137,1.5891636189462977,0.24362652405703647,1.468534698514755,-1.2252124996435267,0.9776754627450532,0.8631380036495095
1138,0.435957236387089,0.24362652405703647,-1.1454283625020152,0.28228659521340604,-1.4354617955730455,0.8631380036495095
1139,-0.3328470186523835,-0.22318447382307077,-0.09984313809530719,0.28228659521340604,0.9776754627450532,-0.409485245443436
1140,0.435957236387089,-0.5343918057431423,0.42294947410804684,0.28228659521340604,0.9776754627450532,-0.409485245443436
1141,0.435957236387089,-1.4680138015033568,-0.09984313809530719,1.7897856900703386,-0.8321774809935208,0.8631380036495095
1142,0.435957236387089,-0.5343918057431423,0.42294947410804684,1.7897856900703386,-0.8321774809935208,-1.6821084945363816
1143,0.8203593639068253,0.24362652405703647,-1.1454283625020152,0.28228659521340604,-1.4354617955730455,-1.6821084945363816
1144,-1.8704555287313285,-1.6236174674633925,-0.6226357502986613,0.28228659521340604,-0.22889316641399612,0.8631380036495095
1145,-0.7172491461721198,0.24362652405703647,-1.1454283625020152,0.28228659521340604,0.9776754627450532,-1.6821084945363816
1146,-1.8704555287313285,-1.0012028036232494,1.468534698514755,-1.2252124996435267,-0.22889316641399612,0.8631380036495095
1147,0.435957236387089,-0.37878813978310655,-0.6226357502986613,1.7897856900703386,-0.8321774809935208,0.8631380036495095
1148,0.435957236387089,2.5776815134575726,-0.6226357502986613,-1.2252124996435267,0.9776754627450532,0.8631380036495095
1149,0.05155510886735275,0.8660411878971794,-0.6226357502986613,1.7897856900703386,-0.8321774809935208,0.8631380036495095
1150,1.5891636189462977,0.554833855977108,-1.1454283625020152,0.28228659521340604,0.9776754627450532,0.8631380036495095
1151,-1.8704555287313285,-1.0012028036232494,1.468534698514755,1.7897856900703386,-0.8321774809935208,0.8631380036495095
1152,-1.4860534012115922,-1.0012028036232494,-0.6226357502986613,-1.2252124996435267,0.9776754627450532,-0.409485245443436
1153,-1.8704555287313285,-0.37878813978310655,-0.6226357502986613,1.7897856900703386,-0.8321774809935208,0.8631380036495095
1154,0.435957236387089,-1.312410135543321,-0.6226357502986613,0.28228659521340604,0.9776754627450532,-0.409485245443436
1155,0.05155510886735275,-1.0012028036232494,-0.09984313809530719,1.7897856900703386,-0.8321774809935208,0.8631380036495095
1156,1.5891636189462977,0.554833855977108,-1.1454283625020152,0.28228659521340604,0.9776754627450532,-1.6821084945363816
1157,0.435957236387089,-1.0012028036232494,-0.6226357502986613,0.28228659521340604,0.9776754627450532,-0.409485245443436
1158,0.8203593639068253,-0.22318447382307077,1.468534698514755,-1.2252124996435267,0.9776754627450532,-0.409485245443436
1159,0.435957236387089,-0.5343918057431423,-0.09984313809530719,0.28228659521340604,-1.4354617955730455,0.8631380036495095
1160,-1.101651273691856,1.0216448538572152,1.468534698514755,-1.2252124996435267,0.9776754627450532,-1.6821084945363816
1161,-1.4860534012115922,2.422077847497537,1.468534698514755,0.28228659521340604,-1.4354617955730455,-1.6821084945363816
1162,0.8203593639068253,-0.22318447382307077,-0.09984313809530719,0.28228659521340604,-1.4354617955730455,-1.6821084945363816
1163,0.8203593639068253,-0.5343918057431423,-0.6226357502986613,0.28228659521340604,-0.22889316641399612,0.8631380036495095
1164,1.5891636189462977,0.8660411878971794,1.468534698514755,-1.2252124996435267,0.9776754627450532,0.8631380036495095
1165,0.05155510886735275,-1.1568064695832854,-0.09984313809530719,0.28228659521340604,0.9776754627450532,-1.6821084945363816
1166,0.8203593639068253,0.8660411878971794,1.468534698514755,-1.2252124996435267,0.9776754627450532,0.8631380036495095
1167,1.5891636189462977,1.9552668496174297,-1.1454283625020152,0.28228659521340604,0.9776754627450532,0.8631380036495095
1168,-1.101651273691856,0.24362652405703647,1.468534698514755,0.28228659521340604,-0.22889316641399612,-0.409485245443436
1169,0.05155510886735275,1.3328521857772866,1.468534698514755,0.28228659521340604,0.9776754627450532,0.8631380036495095
1170,0.8203593639068253,-0.22318447382307077,-0.6226357502986613,0.28228659521340604,0.9776754627450532,0.8631380036495095
1171,1.5891636189462977,0.8660411878971794,1.468534698514755,-1.2252124996435267,0.37439114816552854,-0.409485245443436
1172,-0.7172491461721198,-1.1568064695832854,-0.09984313809530719,-1.2252124996435267,0.9776754627450532,-0.409485245443436
1173,0.435957236387089,-0.37878813978310655,-0.6226357502986613,0.28228659521340604,0.9776754627450532,0.8631380036495095
1174,0.8203593639068253,0.3992301900170722,-1.1454283625020152,0.28228659521340604,0.9776754627450532,0.8631380036495095
1175,0.435957236387089,-1.4680138015033568,0.42294947410804684,0.28228659521340604,0.9776754627450532,-0.409485245443436
1176,0.435957236387089,-1.4680138015033568,-0.6226357502986613,0.28228659521340604,0.9776754627450532,-0.409485245443436
1177,0.8203593639068253,-0.22318447382307077,1.468534698514755,1.7897856900703386,-0.8321774809935208,0.8631380036495095
1178,1.5891636189462977,0.24362652405703647,1.468534698514755,-1.2252124996435267,0.9776754627450532,-0.409485245443436
1179,-0.3328470186523835,-0.5343918057431423,0.42294947410804684,1.7897856900703386,-0.8321774809935208,-0.409485245443436
1180,0.8203593639068253,-0.5343918057431423,-0.6226357502986613,0.28228659521340604,-1.4354617955730455,-1.6821084945363816
1181,-0.7172491461721198,0.8660411878971794,-1.1454283625020152,0.28228659521340604,-1.4354617955730455,0.8631380036495095
1182,1.5891636189462977,0.8660411878971794,-1.1454283625020152,1.7897856900703386,-0.8321774809935208,0.8631380036495095
1183,0.8203593639068253,-0.22318447382307077,-1.1454283625020152,-1.2252124996435267,0.9776754627450532,-0.409485245443436
1184,0.435957236387089,-1.4680138015033568,-0.6226357502986613,0.28228659521340604,-1.4354617955730455,0.8631380036495095
1185,1.5891636189462977,0.8660411878971794,-1.1454283625020152,-1.2252124996435267,-1.4354617955730455,-0.409485245443436
1186,0.8203593639068253,0.24362652405703647,1.468534698514755,0.28228659521340604,-1.4354617955730455,-1.6821084945363816
1187,0.8203593639068253,0.24362652405703647,-1.1454283625020152,1.7897856900703386,-0.8321774809935208,0.8631380036495095
1188,1.5891636189462977,0.554833855977108,-1.1454283625020152,-1.2252124996435267,0.9776754627450532,0.8631380036495095
1189,1.2047614914265614,-1.312410135543321,0.42294947410804684,-1.2252124996435267,0.9776754627450532,-0.409485245443436
1190,-1.4860534012115922,1.799663183657394,1.468534698514755,-1.2252124996435267,-0.22889316641399612,-0.409485245443436
1191,0.8203593639068253,0.24362652405703647,1.468534698514755,0.28228659521340604,-1.4354617955730455,0.8631380036495095
1192,-0.3328470186523835,0.8660411878971794,1.468534698514755,-1.2252124996435267,0.37439114816552854,-0.409485245443436
1193,0.435957236387089,0.24362652405703647,1.468534698514755,1.7897856900703386,-0.8321774809935208,0.8631380036495095
1194,-1.8704555287313285,-0.37878813978310655,-0.6226357502986613,0.28228659521340604,0.9776754627450532,0.8631380036495095
1195,0.435957236387089,-1.312410135543321,-0.6226357502986613,-1.2252124996435267,0.9776754627450532,-1.6821084945363816
1196,-1.8704555287313285,1.799663183657394,-1.1454283625020152,-1.2252124996435267,0.9776754627450532,0.8631380036495095
1197,0.8203593639068253,0.3992301900170722,1.468534698514755,-1.2252124996435267,0.37439114816552854,-0.409485245443436
1198,0.05155510886735275,-1.0012028036232494,-0.09984313809530719,-1.2252124996435267,0.9776754627450532,0.8631380036495095
1199,1.5891636189462977,0.24362652405703647,-1.1454283625020152,-1.2252124996435267,0.37439114816552854,-1.6821084945363816
1200,-1.4860534012115922,-1.0012028036232494,-0.6226357502986613,-1.2252124996435267,-1.4354617955730455,-1.6821084945363816
1201,1.5891636189462977,0.24362652405703647,1.468534698514755,-1.2252124996435267,-1.4354617955730455,-0.409485245443436
1202,-1.101651273691856,-0.22318447382307077,-0.6226357502986613,-1.2252124996435267,0.9776754627450532,-1.6821084945363816
1203,0.8203593639068253,0.24362652405703647,-1.1454283625020152,0.28228659521340604,0.9776754627450532,-0.409485245443436
1204,0.435957236387089,1.799663183657394,1.468534698514755,-1.2252124996435267,0.9776754627450532,-1.6821084945363816
1205,0.8203593639068253,-0.22318447382307077,-0.6226357502986613,0.28228659521340604,-1.4354617955730455,-1.6821084945363816
1206,-1.4860534012115922,-1.0012028036232494,-0.6226357502986613,-1.2252124996435267,0.37439114816552854,-0.409485245443436
1207,-1.4860534012115922,-1.1568064695832854,-0.09984313809530719,0.28228659521340604,0.9776754627450532,-0.409485245443436
1208,-0.3328470186523835,-0.5343918057431423,0.42294947410804684,-1.2252124996435267,0.37439114816552854,-1.6821084945363816
1209,0.05155510886735275,-0.37878813978310655,-0.6226357502986613,0.28228659521340604,-0.22889316641399612,0.8631380036495095
1210,1.5891636189462977,0.24362652405703647,-1.1454283625020152,0.28228659521340604,0.9776754627450532,-0.409485245443436
1211,1.5891636189462977,0.24362652405703647,-1.1454283625020152,-1.2252124996435267,-1.4354617955730455,-0.409485245443436
1212,-1.101651273691856,-0.22318447382307077,-0.6226357502986613,0.28228659521340604,-1.4354617955730455,0.8631380036495095
1213,0.8203593639068253,-0.5343918057431423,-0.6226357502986613,-1.2252124996435267,0.9776754627450532,-0.409485245443436
1214,-0.3328470186523835,-0.5343918057431423,0.42294947410804684,0.28228659521340604,-0.22889316641399612,-0.409485245443436
1215,0.8203593639068253,-1.1568064695832854,-0.09984313809530719,0.28228659521340604,-1.4354617955730455,0.8631380036495095
1216,0.435957236387089,0.7104375219371437,-1.1454283625020152,-1.2252124996435267,0.9776754627450532,0.8631380036495095
1217,1.5891636189462977,0.24362652405703647,-1.1454283625020152,0.28228659521340604,0.9776754627450532,0.8631380036495095
1218,-0.7172491461721198,-1.1568064695832854,-0.09984313809530719,0.28228659521340604,0.9776754627450532,-0.409485245443436
1219,0.8203593639068253,0.24362652405703647,1.468534698514755,1.7897856900703386,-0.8321774809935208,0.8631380036495095
1220,0.435957236387089,0.24362652405703647,-1.1454283625020152,-1.2252124996435267,0.9776754627450532,0.8631380036495095
1221,0.435957236387089,-1.1568064695832854,-0.09984313809530719,0.28228659521340604,-1.4354617955730455,-0.409485245443436
1222,-0.7172491461721198,-1.1568064695832854,-0.09984313809530719,0.28228659521340604,-0.22889316641399612,0.8631380036495095
1223,0.8203593639068253,-0.22318447382307077,-0.6226357502986613,0.28228659521340604,-0.22889316641399612,0.8631380036495095
1224,-1.8704555287313285,-1.0012028036232494,-0.6226357502986613,0.28228659521340604,0.9776754627450532,0.8631380036495095
1225,-0.3328470186523835,-1.0012028036232494,-0.09984313809530719,0.28228659521340604,0.9776754627450532,-1.6821084945363816
1226,-1.101651273691856,-0.22318447382307077,-0.6226357502986613,0.28228659521340604,-1.4354617955730455,-0.409485245443436
1227,0.8203593639068253,-0.22318447382307077,-1.1454283625020152,0.28228659521340604,0.9776754627450532,0.8631380036495095
1228,-1.8704555287313285,-1.0012028036232494,-0.6226357502986613,1.7897856900703386,-0.8321774809935208,0.8631380036495095
1229,0.435957236387089,-0.22318447382307077,-0.09984313809530719,0.28228659521340604,-0.22889316641399612,0.8631380036495095
1230,0.435957236387089,1.799663183657394,1.468534698514755,0.28228659521340604,0.9776754627450532,-0.409485245443436
1231,0.435957236387089,-1.4680138015033568,-0.09984313809530719,-1.2252124996435267,0.37439114816552854,-0.409485245443436
1232,-1.4860534012115922,-1.0012028036232494,-0.6226357502986613,-1.2252124996435267,0.9776754627450532,0.8631380036495095
1233,0.05155510886735275,0.24362652405703647,1.468534698514755,-1.2252124996435267,0.9776754627450532,0.8631380036495095
1234,1.5891636189462977,1.9552668496174297,-1.1454283625020152,1.7897856900703386,-0.8321774809935208,0.8631380036495095
1235,-1.101651273691856,-0.22318447382307077,-0.6226357502986613,0.28228659521340604,0.9776754627450532,-0.409485245443436
1236,1.5891636189462977,1.9552668496174297,-1.1454283625020152,0.28228659521340604,0.9776754627450532,-1.6821084945363816
1237,-1.4860534012115922,-1.0012028036232494,-0.09984313809530719,0.28228659521340604,0.9776754627450532,-1.6821084945363816
1238,0.05155510886735275,-0.37878813978310655,-0.6226357502986613,0.28228659521340604,0.9776754627450532,-1.6821084945363816
1239,-0.7172491461721198,-1.0012028036232494,-0.09984313809530719,-1.2252124996435267,0.9776754627450532,0.8631380036495095
1240,1.5891636189462977,0.24362652405703647,1.468534698514755,0.28228659521340604,0.9776754627450532,-1.6821084945363816
1241,0.05155510886735275,-0.37878813978310655,-0.6226357502986613,0.28228659521340604,-1.4354617955730455,-0.409485245443436
1242,-1.8704555287313285,-1.0012028036232494,-0.6226357502986613,0.28228659521340604,-1.4354617955730455,0.8631380036495095
1243,0.05155510886735275,1.799663183657394,-1.1454283625020152,0.28228659521340604,-1.4354617955730455,-0.409485245443436
1244,-0.7172491461721198,1.1772485198172509,1.468534698514755,1.7897856900703386,-0.8321774809935208,-0.409485245443436
1245,0.435957236387089,-0.5343918057431423,0.42294947410804684,1.7897856900703386,-0.8321774809935208,0.8631380036495095
1246,-1.4860534012115922,-0.22318447382307077,1.468534698514755,0.28228659521340604,-1.4354617955730455,-1.6821084945363816
1247,-0.7172491461721198,-1.1568064695832854,-0.09984313809530719,0.28228659521340604,-1.4354617955730455,0.8631380036495095
1248,0.435957236387089,1.799663183657394,1.468534698514755,0.28228659521340604,0.9776754627450532,0.8631380036495095
1249,0.8203593639068253,0.24362652405703647,-1.1454283625020152,0.28228659521340604,-1.4354617955730455,-1.6821084945363816
1250,-0.7172491461721198,-0.06758080786303503,-0.6226357502986613,1.7897856900703386,-0.8321774809935208,-0.409485245443436
1251,0.8203593639068253,-0.5343918057431423,-0.6226357502986613,-1.2252124996435267,0.9776754627450532,0.8631380036495095
1252,-1.4860534012115922,1.799663183657394,1.468534698514755,-1.2252124996435267,0.9776754627450532,0.8631380036495095
1253,0.8203593639068253,0.24362652405703647,1.468534698514755,0.28228659521340604,-1.4354617955730455,0.8631380036495095
1254,-1.4860534012115922,-0.37878813978310655,-0.6226357502986613,0.28228659521340604,0.9776754627450532,-1.6821084945363816
1255,0.435957236387089,-1.312410135543321,-0.6226357502986613,0.28228659521340604,-1.4354617955730455,0.8631380036495095
1256,1.5891636189462977,-0.22318447382307077,-0.09984313809530719,-1.2252124996435267,0.9776754627450532,-0.409485245443436
1257,0.435957236387089,0.7104375219371437,-1.1454283625020152,-1.2252124996435267,-1.4354617955730455,-1.6821084945363816
1258,-0.3328470186523835,1.6440595176973583,0.9457420863114009,1.7897856900703386,-0.8321774809935208,0.8631380036495095
1259,0.435957236387089,-0.37878813978310655,-0.6226357502986613,0.28228659521340604,-0.22889316641399612,0.8631380036495095
1260,-1.8704555287313285,-1.0012028036232494,-0.6226357502986613,-1.2252124996435267,0.9776754627450532,0.8631380036495095
1261,0.05155510886735275,1.3328521857772866,1.468534698514755,-1.2252124996435267,-0.22889316641399612,0.8631380036495095
1262,-0.3328470186523835,0.24362652405703647,1.468534698514755,0.28228659521340604,0.9776754627450532,-1.6821084945363816
1263,-1.4860534012115922,-1.0012028036232494,0.42294947410804684,0.28228659521340604,-1.4354617955730455,0.8631380036495095
1264,-1.8704555287313285,-0.37878813978310655,-0.6226357502986613,0.28228659521340604,-1.4354617955730455,0.8631380036495095
1265,-1.4860534012115922,1.799663183657394,1.468534698514755,-1.2252124996435267,0.37439114816552854,-1.6821084945363816
1266,1.5891636189462977,-1.1568064695832854,-0.09984313809530719,-1.2252124996435267,0.9776754627450532,-0.409485245443436
1267,-0.3328470186523835,-1.4680138015033568,-0.6226357502986613,-1.2252124996435267,0.9776754627450532,-1.6821084945363816
1268,0.8203593639068253,-0.5343918057431423,-0.6226357502986613,-1.2252124996435267,0.9776754627450532,-1.6821084945363816
1269,-1.101651273691856,0.24362652405703647,-1.1454283625020152,0.28228659521340604,0.9776754627450532,-0.409485245443436
1270,0.05155510886735275,1.3328521857772866,1.468534698514755,0.28228659521340604,0.9776754627450532,-1.6821084945363816
1271,1.5891636189462977,0.554833855977108,-1.1454283625020152,1.7897856900703386,-0.8321774809935208,0.8631380036495095
1272,0.8203593639068253,0.7104375219371437,1.468534698514755,0.28228659521340604,-1.4354617955730455,0.8631380036495095
1273,0.435957236387089,-1.1568064695832854,-0.09984313809530719,-1.2252124996435267,-1.4354617955730455,0.8631380036495095
1274,0.435957236387089,-0.22318447382307077,-0.6226357502986613,1.7897856900703386,-0.8321774809935208,0.8631380036495095
1275,0.8203593639068253,0.24362652405703647,1.468534698514755,0.28228659521340604,-0.22889316641399612,0.8631380036495095
1276,1.5891636189462977,0.24362652405703647,-1.1454283625020152,-1.2252124996435267,0.37439114816552854,-1.6821084945363816
1277,-0.3328470186523835,-1.1568064695832854,0.42294947410804684,0.28228659521340604,-1.4354617955730455,-0.409485245443436
1278,-1.4860534012115922,-1.0012028036232494,-0.6226357502986613,0.28228659521340604,-0.22889316641399612,-0.409485245443436
1279,0.435957236387089,0.24362652405703647,-1.1454283625020152,-1.2252124996435267,0.37439114816552854,-1.6821084945363816
1280,0.435957236387089,-1.4680138015033568,0.42294947410804684,-1.2252124996435267,-1.4354617955730455,-1.6821084945363816
1281,0.435957236387089,2.266474181537501,-1.1454283625020152,0.28228659521340604,0.9776754627450532,-0.409485245443436
1282,0.435957236387089,2.5776815134575726,-0.6226357502986613,0.28228659521340604,-0.22889316641399612,0.8631380036495095
1283,1.5891636189462977,-1.1568064695832854,-0.09984313809530719,1.7897856900703386,-0.8321774809935208,0.8631380036495095
1284,-1.101651273691856,0.24362652405703647,-1.1454283625020152,0.28228659521340604,-1.4354617955730455,0.8631380036495095
1285,0.435957236387089,0.08802285809700072,0.42294947410804684,-1.2252124996435267,-0.22889316641399612,0.8631380036495095
1286,0.435957236387089,0.7104375219371437,-1.1454283625020152,0.28228659521340604,-0.22889316641399612,-0.409485245443436
1287,0.435957236387089,-1.4680138015033568,-0.6226357502986613,-1.2252124996435267,-0.22889316641399612,0.8631380036495095
1288,0.8203593639068253,0.3992301900170722,1.468534698514755,-1.2252124996435267,0.9776754627450532,-0.409485245443436
1289,-0.3328470186523835,2.7332851794176083,-0.6226357502986613,-1.2252124996435267,-1.4354617955730455,0.8631380036495095
1290,1.5891636189462977,0.24362652405703647,-1.1454283625020152,0.28228659521340604,0.9776754627450532,0.8631380036495095
1291,-0.7172491461721198,0.24362652405703647,-1.1454283625020152,0.28228659521340604,0.9776754627450532,0.8631380036495095
1292,0.8203593639068253,-0.22318447382307077,-0.6226357502986613,-1.2252124996435267,0.9776754627450532,0.8631380036495095
1293,0.435957236387089,1.799663183657394,1.468534698514755,0.28228659521340604,-1.4354617955730455,-0.409485245443436
1294,0.435957236387089,2.1108705155774654,-0.09984313809530719,1.7897856900703386,-0.8321774809935208,0.8631380036495095
1295,-1.4860534012115922,0.8660411878971794,1.468534698514755,0.28228659521340604,-1.4354617955730455,-0.409485245443436
1296,0.435957236387089,-0.37878813978310655,-0.09984313809530719,1.7897856900703386,-0.8321774809935208,0.8631380036495095
1297,0.8203593639068253,-0.22318447382307077,-0.09984313809530719,-1.2252124996435267,0.37439114816552854,-0.409485245443436
1298,-1.4860534012115922,0.24362652405703647,1.468534698514755,0.28228659521340604,0.9776754627450532,-1.6821084945363816
1299,0.05155510886735275,0.8660411878971794,-0.6226357502986613,-1.2252124996435267,0.9776754627450532,0.8631380036495095
1300,-0.7172491461721198,-1.0012028036232494,-0.09984313809530719,-1.2252124996435267,0.9776754627450532,-1.6821084945363816
1301,-1.101651273691856,0.24362652405703647,1.468534698514755,0.28228659521340604,0.9776754627450532,-0.409485245443436
1302,-1.4860534012115922,-0.5343918057431423,-0.09984313809530719,-1.2252124996435267,-0.22889316641399612,-0.409485245443436
1303,-1.4860534012115922,-1.4680138015033568,-0.09984313809530719,1.7897856900703386,-0.8321774809935208,0.8631380036495095
1304,0.435957236387089,-1.0012028036232494,-0.6226357502986613,0.28228659521340604,0.9776754627450532,0.8631380036495095
1305,0.8203593639068253,-0.22318447382307077,-0.6226357502986613,-1.2252124996435267,0.9776754627450532,0.8631380036495095
1306,0.05155510886735275,1.799663183657394,-1.1454283625020152,0.28228659521340604,-0.22889316641399612,0.8631380036495095
1307,1.5891636189462977,0.8660411878971794,-1.1454283625020152,-1.2252124996435267,0.9776754627450532,-0.409485245443436
1308,-0.3328470186523835,-1.4680138015033568,-0.6226357502986613,0.28228659521340604,-0.22889316641399612,-0.409485245443436
1309,-1.101651273691856,-1.4680138015033568,-0.09984313809530719,0.28228659521340604,-0.22889316641399612,0.8631380036495095
1310,0.05155510886735275,-1.0012028036232494,-0.09984313809530719,0.28228659521340604,0.9776754627450532,-1.6821084945363816
1311,-1.4860534012115922,-1.0012028036232494,-0.6226357502986613,0.28228659521340604,0.9776754627450532,0.8631380036495095
1312,-1.8704555287313285,1.799663183657394,1.468534698514755,0.28228659521340604,-1.4354617955730455,0.8631380036495095
1313,0.435957236387089,-0.5343918057431423,-0.09984313809530719,0.28228659521340604,0.9776754627450532,-0.409485245443436
1314,-0.7172491461721198,0.24362652405703647,-1.1454283625020152,-1.2252124996435267,-1.4354617955730455,-0.409485245443436
1315,-1.4860534012115922,-1.0012028036232494,-0.6226357502986613,-1.2252124996435267,0.9776754627450532,-0.409485245443436
1316,0.435957236387089,-0.22318447382307077,-0.6226357502986613,0.28228659521340604,0.9776754627450532,0.8631380036495095
1317,-1.4860534012115922,0.8660411878971794,1.468534698514755,0.28228659521340604,-1.4354617955730455,0.8631380036495095
1318,-1.4860534012115922,-1.0012028036232494,-0.6226357502986613,-1.2252124996435267,-1.4354617955730455,0.8631380036495095
1319,-0.7172491461721198,-0.22318447382307077,1.468534698514755,-1.2252124996435267,-1.4354617955730455,-0.409485245443436
1320,0.8203593639068253,0.24362652405703647,1.468534698514755,-1.2252124996435267,0.37439114816552854,0.8631380036495095
1321,1.5891636189462977,0.8660411878971794,1.468534698514755,0.28228659521340604,-1.4354617955730455,-1.6821084945363816
1322,0.435957236387089,-0.22318447382307077,-0.6226357502986613,0.28228659521340604,0.9776754627450532,-0.409485245443436
1323,0.435957236387089,0.24362652405703647,-1.1454283625020152,0.28228659521340604,-1.4354617955730455,-1.6821084945363816
1324,0.435957236387089,-1.312410135543321,-0.6226357502986613,0.28228659521340604,0.9776754627450532,0.8631380036495095
1325,0.435957236387089,0.8660411878971794,1.468534698514755,-1.2252124996435267,0.9776754627450532,-1.6821084945363816
1326,0.8203593639068253,-0.22318447382307077,-0.6226357502986613,0.28228659521340604,-1.4354617955730455,0.8631380036495095
1327,0.8203593639068253,0.24362652405703647,1.468534698514755,-1.2252124996435267,0.37439114816552854,-0.409485245443436
1328,-1.4860534012115922,-1.0012028036232494,-0.6226357502986613,0.28228659521340604,0.9776754627450532,0.8631380036495095
1329,1.2047614914265614,-0.22318447382307077,-0.09984313809530719,0.28228659521340604,0.9776754627450532,-1.6821084945363816
1330,0.435957236387089,-0.5343918057431423,0.42294947410804684,0.28228659521340604,-1.4354617955730455,-1.6821084945363816
1331,0.435957236387089,-1.0012028036232494,-0.6226357502986613,-1.2252124996435267,-1.4354617955730455,0.8631380036495095
1332,1.5891636189462977,0.24362652405703647,-1.1454283625020152,-1.2252124996435267,0.9776754627450532,-0.409485245443436
1333,-0.7172491461721198,0.24362652405703647,-1.1454283625020152,0.28228659521340604,0.9776754627450532,-1.6821084945363816
1334,-0.7172491461721198,-1.0012028036232494,-0.09984313809530719,-1.2252124996435267,0.37439114816552854,-1.6821084945363816
1335,0.435957236387089,-0.37878813978310655,-0.09984313809530719,-1.2252124996435267,0.37439114816552854,-1.6821084945363816
1336,0.435957236387089,-0.37878813978310655,-0.6226357502986613,0.28228659521340604,0.9776754627450532,-0.409485245443436
1337,0.05155510886735275,-0.8455991376632138,1.468534698514755,0.28228659521340604,-0.22889316641399612,0.8631380036495095
1338,0.05155510886735275,-0.37878813978310655,-0.6226357502986613,0.28228659521340604,-1.4354617955730455,0.8631380036495095
1339,0.8203593639068253,-0.22318447382307077,-1.1454283625020152,0.28228659521340604,0.9776754627450532,-1.6821084945363816
1340,0.435957236387089,-0.22318447382307077,-0.6226357502986613,0.28228659521340604,-0.22889316641399612,0.8631380036495095
1341,-0.7172491461721198,0.24362652405703647,-1.1454283625020152,0.28228659521340604,-1.4354617955730455,-1.6821084945363816
1342,-0.3328470186523835,0.24362652405703647,1.468534698514755,0.28228659521340604,-1.4354617955730455,0.8631380036495095
1343,0.8203593639068253,0.3992301900170722,-1.1454283625020152,0.28228659521340604,-0.22889316641399612,0.8631380036495095
1344,0.8203593639068253,-0.22318447382307077,1.468534698514755,-1.2252124996435267,0.9776754627450532,-0.409485245443436
1345,0.05155510886735275,-0.37878813978310655,-0.6226357502986613,0.28228659521340604,0.9776754627450532,0.8631380036495095
1346,0.435957236387089,-1.0012028036232494,-0.6226357502986613,0.28228659521340604,0.9776754627450532,-0.409485245443436
1347,0.05155510886735275,-1.0012028036232494,-0.09984313809530719,-1.2252124996435267,-0.22889316641399612,0.8631380036495095
1348,0.435957236387089,-1.1568064695832854,-0.6226357502986613,0.28228659521340604,0.9776754627450532,0.8631380036495095
1349,0.435957236387089,2.1108705155774654,-0.6226357502986613,1.7897856900703386,-0.8321774809935208,0.8631380036495095
1350,0.435957236387089,0.24362652405703647,-1.1454283625020152,-1.2252124996435267,0.37439114816552854,-1.6821084945363816
1351,-1.101651273691856,-0.22318447382307077,-0.6226357502986613,-1.2252124996435267,0.9776754627450532,0.8631380036495095
1352,-0.3328470186523835,-1.4680138015033568,-0.09984313809530719,0.28228659521340604,0.9776754627450532,-0.409485245443436
1353,0.8203593639068253,-0.22318447382307077,-0.6226357502986613,-1.2252124996435267,0.37439114816552854,0.8631380036495095
1354,-1.101651273691856,-0.22318447382307077,-0.6226357502986613,1.7897856900703386,-0.8321774809935208,0.8631380036495095
1355,0.05155510886735275,0.8660411878971794,-0.6226357502986613,-1.2252124996435267,-1.4354617955730455,0.8631380036495095
1356,-0.3328470186523835,0.8660411878971794,1.468534698514755,-1.2252124996435267,0.9776754627450532,-0.409485245443436
1357,0.435957236387089,-0.5343918057431423,-0.09984313809530719,-1.2252124996435267,0.37439114816552854,-1.6821084945363816
1358,0.8203593639068253,-0.22318447382307077,-0.6226357502986613,-1.2252124996435267,0.9776754627450532,-1.6821084945363816
1359,-1.8704555287313285,-1.6236174674633925,-0.6226357502986613,-1.2252124996435267,-1.4354617955730455,0.8631380036495095
1360,-1.8704555287313285,-1.6236174674633925,-0.6226357502986613,-1.2252124996435267,0.9776754627450532,0.8631380036495095
1361,0.435957236387089,-1.4680138015033568,-0.6226357502986613,-1.2252124996435267,0.9776754627450532,-1.6821084945363816
1362,0.435957236387089,-1.7792211334234282,1.468534698514755,0.28228659521340604,0.9776754627450532,-0.409485245443436
1363,0.8203593639068253,0.24362652405703647,1.468534698514755,1.7897856900703386,-0.8321774809935208,-1.6821084945363816
1364,0.8203593639068253,-0.22318447382307077,1.468534698514755,0.28228659521340604,0.9776754627450532,0.8631380036495095
1365,0.8203593639068253,0.3992301900170722,1.468534698514755,0.28228659521340604,0.9776754627450532,-1.6821084945363816
1366,-1.4860534012115922,-0.37878813978310655,-0.6226357502986613,0.28228659521340604,0.9776754627450532,-0.409485245443436
1367,0.8203593639068253,0.24362652405703647,-1.1454283625020152,-1.2252124996435267,0.9776754627450532,-1.6821084945363816
1368,0.8203593639068253,0.3992301900170722,-1.1454283625020152,-1.2252124996435267,0.9776754627450532,0.8631380036495095
1369,0.435957236387089,-0.5343918057431423,0.42294947410804684,-1.2252124996435267,0.9776754627450532,-1.6821084945363816
1370,-1.4860534012115922,-1.1568064695832854,-0.6226357502986613,1.7897856900703386,-0.8321774809935208,0.8631380036495095
1371,-1.4860534012115922,-1.0012028036232494,-0.6226357502986613,-1.2252124996435267,0.9776754627450532,0.8631380036495095
1372,0.8203593639068253,0.24362652405703647,-1.1454283625020152,0.28228659521340604,0.9776754627450532,0.8631380036495095
1373,0.8203593639068253,-0.22318447382307077,-0.6226357502986613,0.28228659521340604,0.9776754627450532,-1.6821084945363816
1374,-0.7172491461721198,1.1772485198172509,1.468534698514755,0.28228659521340604,-1.4354617955730455,-1.6821084945363816
1375,0.8203593639068253,-0.22318447382307077,-0.6226357502986613,0.28228659521340604,0.9776754627450532,-0.409485245443436
1376,0.8203593639068253,-0.22318447382307077,1.468534698514755,1.7897856900703386,-0.8321774809935208,-0.409485245443436
1377,1.5891636189462977,0.8660411878971794,1.468534698514755,0.28228659521340604,-1.4354617955730455,0.8631380036495095
1378,-1.101651273691856,0.24362652405703647,-1.1454283625020152,0.28228659521340604,-1.4354617955730455,-0.409485245443436
1379,0.435957236387089,2.1108705155774654,1.468534698514755,0.28228659521340604,0.9776754627450532,0.8631380036495095
1380,-1.4860534012115922,-1.1568064695832854,-0.6226357502986613,0.28228659521340604,0.9776754627450532,-1.6821084945363816
1381,-1.4860534012115922,-1.1568064695832854,-0.09984313809530719,0.28228659521340604,0.9776754627450532,-1.6821084945363816
1382,1.2047614914265614,-0.689995471703178,1.468534698514755,-1.2252124996435267,-0.22889316641399612,-1.6821084945363816
1383,0.05155510886735275,-1.1568064695832854,-0.09984313809530719,-1.2252124996435267,-1.4354617955730455,-1.6821084945363816
1384,-1.4860534012115922,-1.0012028036232494,-0.6226357502986613,0.28228659521340604,-1.4354617955730455,-1.6821084945363816
1385,-1.8704555287313285,0.8660411878971794,-1.1454283625020152,-1.2252124996435267,0.9776754627450532,0.8631380036495095
1386,-1.101651273691856,-0.22318447382307077,-0.6226357502986613,0.28228659521340604,-0.22889316641399612,0.8631380036495095
1387,0.05155510886735275,-1.0012028036232494,-0.6226357502986613,0.28228659521340604,0.9776754627450532,-0.409485245443436
1388,1.5891636189462977,0.8660411878971794,-1.1454283625020152,0.28228659521340604,-1.4354617955730455,-1.6821084945363816
1389,0.435957236387089,-0.22318447382307077,-0.09984313809530719,0.28228659521340604,0.9776754627450532,-0.409485245443436
1390,0.435957236387089,-1.4680138015033568,-0.6226357502986613,0.28228659521340604,0.9776754627450532,-0.409485245443436
1391,0.435957236387089,1.799663183657394,1.468534698514755,1.7897856900703386,-0.8321774809935208,0.8631380036495095
1392,1.5891636189462977,-0.22318447382307077,-0.09984313809530719,0.28228659521340604,-1.4354617955730455,0.8631380036495095
1393,-0.3328470186523835,-0.5343918057431423,0.42294947410804684,0.28228659521340604,0.9776754627450532,-1.6821084945363816
1394,0.435957236387089,-0.22318447382307077,-0.09984313809530719,-1.2252124996435267,-1.4354617955730455,-1.6821084945363816
1395,0.435957236387089,0.24362652405703647,1.468534698514755,0.28228659521340604,-0.22889316641399612,-0.409485245443436
1396,0.435957236387089,0.7104375219371437,-1.1454283625020152,-1.2252124996435267,0.9776754627450532,-1.6821084945363816
1397,0.435957236387089,-1.0012028036232494,-0.6226357502986613,0.28228659521340604,-1.4354617955730455,-0.409485245443436
1398,-1.4860534012115922,-1.4680138015033568,-0.09984313809530719,0.28228659521340604,-1.4354617955730455,-0.409485245443436
1399,0.8203593639068253,0.24362652405703647,1.468534698514755,0.28228659521340604,-0.22889316641399612,0.8631380036495095
1400,0.8203593639068253,-0.22318447382307077,-0.6226357502986613,0.28228659521340604,0.9776754627450532,0.8631380036495095
1401,1.5891636189462977,-0.22318447382307077,0.42294947410804684,0.28228659521340604,-1.4354617955730455,-1.6821084945363816
1402,0.05155510886735275,-1.0012028036232494,-0.09984313809530719,0.28228659521340604,-1.4354617955730455,-0.409485245443436
1403,-0.3328470186523835,0.3992301900170722,1.468534698514755,0.28228659521340604,-0.22889316641399612,0.8631380036495095
1404,-1.4860534012115922,-1.0012028036232494,-0.09984313809530719,0.28228659521340604,0.9776754627450532,-1.6821084945363816
1405,0.8203593639068253,-0.22318447382307077,-1.1454283625020152,-1.2252124996435267,0.37439114816552854,-0.409485245443436
1406,-1.101651273691856,0.24362652405703647,-1.1454283625020152,0.28228659521340604,0.9776754627450532,-0.409485245443436
1407,-0.7172491461721198,0.24362652405703647,-1.1454283625020152,-1.2252124996435267,0.9776754627450532,-0.409485245443436
1408,0.435957236387089,-1.4680138015033568,0.42294947410804684,1.7897856900703386,-0.8321774809935208,0.8631380036495095
1409,-0.3328470186523835,-1.4680138015033568,-0.6226357502986613,-1.2252124996435267,0.9776754627450532,0.8631380036495095
1410,1.5891636189462977,0.24362652405703647,1.468534698514755,1.7897856900703386,-0.8321774809935208,-0.409485245443436
1411,0.05155510886735275,0.8660411878971794,1.468534698514755,1.7897856900703386,-0.8321774809935208,0.8631380036495095
1412,-1.101651273691856,-0.22318447382307077,-0.6226357502986613,0.28228659521340604,0.9776754627450532,-0.409485245443436
1413,0.8203593639068253,-0.22318447382307077,-0.6226357502986613,0.28228659521340604,-1.4354617955730455,-1.6821084945363816
1414,-1.101651273691856,0.24362652405703647,-1.1454283625020152,1.7897856900703386,-0.8321774809935208,0.8631380036495095
1415,-0.7172491461721198,-0.06758080786303503,-0.6226357502986613,-1.2252124996435267,-0.22889316641399612,0.8631380036495095
1416,-1.101651273691856,-0.22318447382307077,-0.6226357502986613,0.28228659521340604,-1.4354617955730455,-0.409485245443436
1417,0.8203593639068253,0.24362652405703647,1.468534698514755,-1.2252124996435267,0.37439114816552854,-0.409485245443436
1418,-0.3328470186523835,-0.22318447382307077,-0.09984313809530719,0.28228659521340604,0.9776754627450532,-0.409485245443436
1419,-1.8704555287313285,0.8660411878971794,-1.1454283625020152,0.28228659521340604,-0.22889316641399612,0.8631380036495095
1420,-1.4860534012115922,0.8660411878971794,1.468534698514755,0.28228659521340604,-1.4354617955730455,-0.409485245443436
1421,-1.4860534012115922,0.8660411878971794,1.468534698514755,-1.2252124996435267,0.9776754627450532,-0.409485245443436
1422,0.435957236387089,2.266474181537501,-1.1454283625020152,0.28228659521340604,-1.4354617955730455,-1.6821084945363816
1423,-0.3328470186523835,-1.1568064695832854,0.42294947410804684,-1.2252124996435267,0.37439114816552854,-0.409485245443436
1424,0.8203593639068253,0.24362652405703647,1.468534698514755,-1.2252124996435267,0.9776754627450532,-0.409485245443436
1425,0.435957236387089,-1.0012028036232494,-0.6226357502986613,0.28228659521340604,0.9776754627450532,0.8631380036495095
1426,-1.4860534012115922,2.422077847497537,1.468534698514755,0.28228659521340604,-1.4354617955730455,-0.409485245443436
1427,0.8203593639068253,0.24362652405703647,-1.1454283625020152,0.28228659521340604,-1.4354617955730455,0.8631380036495095
1428,-1.101651273691856,-0.22318447382307077,-0.6226357502986613,-1.2252124996435267,0.9776754627450532,-1.6821084945363816
1429,0.435957236387089,-1.0012028036232494,-0.6226357502986613,1.7897856900703386,-0.8321774809935208,0.8631380036495095
1430,-0.3328470186523835,-1.4680138015033568,-0.6226357502986613,0.28228659521340604,-1.4354617955730455,0.8631380036495095
1431,0.8203593639068253,0.3992301900170722,1.468534698514755,-1.2252124996435267,0.9776754627450532,-1.6821084945363816
1432,0.8203593639068253,-0.22318447382307077,1.468534698514755,0.28228659521340604,-1.4354617955730455,0.8631380036495095
1433,-1.101651273691856,-0.22318447382307077,-0.6226357502986613,0.28228659521340604,-0.22889316641399612,0.8631380036495095
1434,0.8203593639068253,0.24362652405703647,-1.1454283625020152,-1.2252124996435267,-1.4354617955730455,-1.6821084945363816
1435,0.05155510886735275,-1.0012028036232494,-0.6226357502986613,0.28228659521340604,-1.4354617955730455,-0.409485245443436
1436,0.8203593639068253,-0.22318447382307077,-0.09984313809530719,0.28228659521340604,-1.4354617955730455,-1.6821084945363816
1437,0.05155510886735275,0.8660411878971794,-0.6226357502986613,-1.2252124996435267,-0.22889316641399612,0.8631380036495095
1438,0.8203593639068253,0.24362652405703647,-1.1454283625020152,0.28228659521340604,0.9776754627450532,0.8631380036495095
1439,0.435957236387089,-0.37878813978310655,-0.09984313809530719,0.28228659521340604,-0.22889316641399612,0.8631380036495095
1440,0.05155510886735275,0.8660411878971794,1.468534698514755,1.7897856900703386,-0.8321774809935208,0.8631380036495095
1441,0.435957236387089,-0.22318447382307077,-0.09984313809530719,0.28228659521340604,0.9776754627450532,-0.409485245443436
1442,-1.8704555287313285,-0.37878813978310655,-0.6226357502986613,-1.2252124996435267,0.9776754627450532,0.8631380036495095
1443,0.8203593639068253,-0.22318447382307077,-0.6226357502986613,1.7897856900703386,-0.8321774809935208,-1.6821084945363816
1444,0.8203593639068253,0.3992301900170722,1.468534698514755,0.28228659521340604,0.9776754627450532,0.8631380036495095
1445,-1.8704555287313285,-1.0012028036232494,-0.6226357502986613,1.7897856900703386,-0.8321774809935208,0.8631380036495095
1446,0.8203593639068253,0.8660411878971794,-1.1454283625020152,0.28228659521340604,0.9776754627450532,-0.409485245443436
1447,0.8203593639068253,-0.22318447382307077,1.468534698514755,0.28228659521340604,0.9776754627450532,0.8631380036495095
1448,0.8203593639068253,-0.22318447382307077,-0.6226357502986613,-1.2252124996435267,0.37439114816552854,0.8631380036495095
1449,-0.3328470186523835,-1.4680138015033568,-0.09984313809530719,1.7897856900703386,-0.8321774809935208,0.8631380036495095
1450,0.8203593639068253,0.8660411878971794,-1.1454283625020152,-1.2252124996435267,0.9776754627450532,-0.409485245443436
1451,-1.8704555287313285,1.799663183657394,-1.1454283625020152,-1.2252124996435267,-0.22889316641399612,0.8631380036495095
1452,0.435957236387089,0.24362652405703647,1.468534698514755,0.28228659521340604,0.9776754627450532,0.8631380036495095
1453,-1.101651273691856,-0.22318447382307077,-0.6226357502986613,0.28228659521340604,0.9776754627450532,-1.6821084945363816
1454,1.5891636189462977,0.554833855977108,-1.1454283625020152,-1.2252124996435267,0.9776754627450532,-0.409485245443436
1455,-1.8704555287313285,1.799663183657394,-1.1454283625020152,0.28228659521340604,0.9776754627450532,0.8631380036495095
1456,-0.3328470186523835,-1.1568064695832854,0.42294947410804684,0.28228659521340604,-0.22889316641399612,-0.409485245443436
1457,-1.101651273691856,0.24362652405703647,-1.1454283625020152,-1.2252124996435267,0.9776754627450532,-1.6821084945363816
1458,0.8203593639068253,-0.5343918057431423,-0.6226357502986613,-1.2252124996435267,0.37439114816552854,-0.409485245443436
1459,0.8203593639068253,-0.22318447382307077,0.42294947410804684,0.28228659521340604,-1.4354617955730455,-1.6821084945363816
1460,0.8203593639068253,0.8660411878971794,1.468534698514755,0.28228659521340604,0.9776754627450532,0.8631380036495095
1461,0.8203593639068253,-0.22318447382307077,-0.6226357502986613,-1.2252124996435267,0.9776754627450532,0.8631380036495095
1462,-1.8704555287313285,-1.6236174674633925,-0.6226357502986613,0.28228659521340604,0.9776754627450532,0.8631380036495095
1463,0.435957236387089,-0.22318447382307077,-0.09984313809530719,0.28228659521340604,0.9776754627450532,-0.409485245443436
1464,0.435957236387089,-1.0012028036232494,-0.6226357502986613,0.28228659521340604,0.9776754627450532,-1.6821084945363816
1465,1.2047614914265614,-0.689995471703178,1.468534698514755,1.7897856900703386,-0.8321774809935208,-0.409485245443436
1466,-1.4860534012115922,1.799663183657394,1.468534698514755,0.28228659521340604,-0.22889316641399612,-0.409485245443436
1467,1.5891636189462977,0.554833855977108,-1.1454283625020152,1.7897856900703386,-0.8321774809935208,0.8631380036495095
1468,0.435957236387089,-1.312410135543321,-0.6226357502986613,0.28228659521340604,0.9776754627450532,-0.409485245443436
1469,0.05155510886735275,0.8660411878971794,1.468534698514755,-1.2252124996435267,0.9776754627450532,-0.409485245443436
1470,1.5891636189462977,0.24362652405703647,-1.1454283625020152,-1.2252124996435267,0.9776754627450532,-0.409485245443436
1471,-1.101651273691856,-0.22318447382307077,-0.6226357502986613,1.7897856900703386,-0.8321774809935208,0.8631380036495095
1472,0.8203593639068253,-0.5343918057431423,-0.6226357502986613,-1.2252124996435267,0.9776754627450532,0.8631380036495095
1473,-1.4860534012115922,-1.0012028036232494,0.42294947410804684,-1.2252124996435267,0.9776754627450532,-0.409485245443436
1474,0.8203593639068253,0.24362652405703647,1.468534698514755,0.28228659521340604,-1.4354617955730455,-1.6821084945363816
1475,0.435957236387089,-0.5343918057431423,0.42294947410804684,-1.2252124996435267,0.37439114816552854,-1.6821084945363816
1476,1.5891636189462977,-1.1568064695832854,-0.09984313809530719,0.28228659521340604,0.9776754627450532,0.8631380036495095
1477,-1.101651273691856,0.8660411878971794,-1.1454283625020152,0.28228659521340604,-0.22889316641399612,0.8631380036495095
1478,-1.8704555287313285,1.799663183657394,1.468534698514755,0.28228659521340604,-1.4354617955730455,0.8631380036495095
1479,0.05155510886735275,0.24362652405703647,-1.1454283625020152,1.7897856900703386,-0.8321774809935208,-0.409485245443436
1480,-1.8704555287313285,-1.0012028036232494,1.468534698514755,0.28228659521340604,0.9776754627450532,0.8631380036495095
1481,0.8203593639068253,0.24362652405703647,-1.1454283625020152,0.28228659521340604,-0.22889316641399612,0.8631380036495095
1482,-0.3328470186523835,-1.4680138015033568,-0.6226357502986613,-1.2252124996435267,-0.22889316641399612,0.8631380036495095
1483,1.5891636189462977,0.8660411878971794,1.468534698514755,-1.2252124996435267,0.9776754627450532,-1.6821084945363816
1484,0.435957236387089,1.799663183657394,1.468534698514755,-1.2252124996435267,0.9776754627450532,-0.409485245443436
1485,0.435957236387089,2.266474181537501,-1.1454283625020152,0.28228659521340604,0.9776754627450532,0.8631380036495095
1486,0.8203593639068253,0.3992301900170722,1.468534698514755,0.28228659521340604,0.9776754627450532,0.8631380036495095
1487,-1.4860534012115922,-1.0012028036232494,-0.6226357502986613,-1.2252124996435267,0.37439114816552854,-0.409485245443436
1488,0.435957236387089,0.7104375219371437,-1.1454283625020152,1.7897856900703386,-0.8321774809935208,0.8631380036495095
1489,-0.3328470186523835,0.24362652405703647,1.468534698514755,0.28228659521340604,-1.4354617955730455,-0.409485245443436
1490,1.5891636189462977,-1.1568064695832854,-0.09984313809530719,0.28228659521340604,-1.4354617955730455,-1.6821084945363816
1491,0.8203593639068253,-0.22318447382307077,-1.1454283625020152,0.28228659521340604,-0.22889316641399612,0.8631380036495095
1492,0.8203593639068253,-0.22318447382307077,-0.6226357502986613,0.28228659521340604,0.9776754627450532,0.8631380036495095
1493,-1.101651273691856,0.24362652405703647,-1.1454283625020152,0.28228659521340604,0.9776754627450532,0.8631380036495095
1494,0.8203593639068253,0.3992301900170722,1.468534698514755,-1.2252124996435267,0.9776754627450532,0.8631380036495095
1495,0.8203593639068253,-0.22318447382307077,-1.1454283625020152,0.28228659521340604,-0.22889316641399612,0.8631380036495095
1496,0.8203593639068253,-0.22318447382307077,-0.6226357502986613,0.28228659521340604,-1.4354617955730455,0.8631380036495095
1497,0.435957236387089,2.1108705155774654,-0.6226357502986613,0.28228659521340604,0.9776754627450532,-0.409485245443436
1498,-1.101651273691856,-0.22318447382307077,-0.6226357502986613,0.28228659521340604,0.9776754627450532,0.8631380036495095
1499,0.8203593639068253,-0.22318447382307077,-1.1454283625020152,1.7897856900703386,-0.8321774809935208,-1.6821084945363816
1500,0.435957236387089,-1.4680138015033568,-0.6226357502986613,-1.2252124996435267,0.9776754627450532,-0.409485245443436
1501,0.8203593639068253,0.8660411878971794,-1.1454283625020152,0.28228659521340604,-0.22889316641399612,0.8631380036495095
1502,0.8203593639068253,0.3992301900170722,1.468534698514755,0.28228659521340604,0.9776754627450532,-0.409485245443436
1503,0.05155510886735275,0.24362652405703647,-1.1454283625020152,0.28228659521340604,-0.22889316641399612,-0.409485245443436
1504,0.435957236387089,2.1108705155774654,1.468534698514755,0.28228659521340604,-1.4354617955730455,-1.6821084945363816
1505,0.435957236387089,2.5776815134575726,0.42294947410804684,0.28228659521340604,-1.4354617955730455,-0.409485245443436
1506,-1.101651273691856,-1.0012028036232494,-0.09984313809530719,0.28228659521340604,-0.22889316641399612,0.8631380036495095
1507,0.05155510886735275,1.3328521857772866,1.468534698514755,-1.2252124996435267,0.9776754627450532,0.8631380036495095
1508,-0.3328470186523835,-1.4680138015033568,-0.09984313809530719,0.28228659521340604,0.9776754627450532,0.8631380036495095
1509,1.5891636189462977,0.24362652405703647,-1.1454283625020152,-1.2252124996435267,0.9776754627450532,-0.409485245443436
1510,-1.8704555287313285,-1.0012028036232494,-0.6226357502986613,0.28228659521340604,-0.22889316641399612,0.8631380036495095
1511,0.435957236387089,0.7104375219371437,1.468534698514755,0.28228659521340604,-1.4354617955730455,0.8631380036495095
1512,1.2047614914265614,-0.689995471703178,1.468534698514755,-1.2252124996435267,0.37439114816552854,-1.6821084945363816
1513,-1.101651273691856,-1.0012028036232494,-0.09984313809530719,0.28228659521340604,0.9776754627450532,0.8631380036495095
1514,-0.7172491461721198,-1.0012028036232494,-0.09984313809530719,1.7897856900703386,-0.8321774809935208,0.8631380036495095
1515,0.435957236387089,-1.0012028036232494,-0.6226357502986613,0.28228659521340604,0.9776754627450532,0.8631380036495095
1516,0.05155510886735275,0.7104375219371437,1.468534698514755,0.28228659521340604,-1.4354617955730455,0.8631380036495095
1517,1.5891636189462977,0.554833855977108,-1.1454283625020152,0.28228659521340604,0.9776754627450532,-1.6821084945363816
1518,0.8203593639068253,-0.5343918057431423,-0.6226357502986613,0.28228659521340604,-1.4354617955730455,-1.6821084945363816
1519,-1.4860534012115922,1.799663183657394,1.468534698514755,0.28228659521340604,0.9776754627450532,-0.409485245443436
1520,-1.4860534012115922,-1.0012028036232494,-0.09984313809530719,-1.2252124996435267,-0.22889316641399612,-0.409485245443436
1521,0.435957236387089,1.799663183657394,1.468534698514755,0.28228659521340604,-0.22889316641399612,-0.409485245443436
1522,0.435957236387089,-0.22318447382307077,-0.09984313809530719,0.28228659521340604,0.9776754627450532,0.8631380036495095
1523,0.8203593639068253,-0.22318447382307077,-0.6226357502986613,0.28228659521340604,-0.22889316641399612,0.8631380036495095
1524,-1.101651273691856,-1.0012028036232494,-0.09984313809530719,-1.2252124996435267,0.9776754627450532,-0.409485245443436
1525,0.435957236387089,-1.7792211334234282,-0.09984313809530719,-1.2252124996435267,0.9776754627450532,0.8631380036495095
1526,0.8203593639068253,0.7104375219371437,1.468534698514755,0.28228659521340604,-1.4354617955730455,-1.6821084945363816
1527,0.8203593639068253,0.24362652405703647,-1.1454283625020152,0.28228659521340604,-1.4354617955730455,0.8631380036495095
1528,-1.8704555287313285,-0.37878813978310655,-0.6226357502986613,-1.2252124996435267,-0.22889316641399612,0.8631380036495095
1529,1.5891636189462977,0.8660411878971794,1.468534698514755,0.28228659521340604,0.9776754627450532,-0.409485245443436
1530,0.435957236387089,0.24362652405703647,-1.1454283625020152,1.7897856900703386,-0.8321774809935208,0.8631380036495095
1531,1.5891636189462977,1.799663183657394,1.468534698514755,-1.2252124996435267,-1.4354617955730455,-0.409485245443436
1532,0.435957236387089,2.1108705155774654,-0.6226357502986613,-1.2252124996435267,0.37439114816552854,-1.6821084945363816
1533,-0.3328470186523835,-1.0012028036232494,-0.6226357502986613,0.28228659521340604,-1.4354617955730455,0.8631380036495095
1534,0.435957236387089,-1.4680138015033568,-0.6226357502986613,0.28228659521340604,0.9776754627450532,-0.409485245443436
1535,-1.4860534012115922,-1.0012028036232494,-0.6226357502986613,0.28228659521340604,-0.22889316641399612,-0.409485245443436
1536,-0.7172491461721198,0.24362652405703647,1.468534698514755,-1.2252124996435267,0.9776754627450532,-0.409485245443436
1537,-1.4860534012115922,-0.5343918057431423,-0.09984313809530719,0.28228659521340604,0.9776754627450532,0.8631380036495095
1538,-0.3328470186523835,1.6440595176973583,0.9457420863114009,-1.2252124996435267,0.9776754627450532,-1.6821084945363816
1539,0.435957236387089,-1.4680138015033568,-0.09984313809530719,0.28228659521340604,0.9776754627450532,-1.6821084945363816
1540,0.435957236387089,2.266474181537501,-1.1454283625020152,1.7897856900703386,-0.8321774809935208,-1.6821084945363816
1541,0.05155510886735275,-1.1568064695832854,-0.09984313809530719,-1.2252124996435267,-0.22889316641399612,0.8631380036495095
1542,0.8203593639068253,-0.22318447382307077,-0.6226357502986613,0.28228659521340604,-1.4354617955730455,0.8631380036495095
1543,-1.101651273691856,-0.22318447382307077,-0.6226357502986613,-1.2252124996435267,0.9776754627450532,0.8631380036495095
1544,0.435957236387089,0.24362652405703647,-1.1454283625020152,0.28228659521340604,0.9776754627450532,0.8631380036495095
1545,0.8203593639068253,-0.22318447382307077,-0.6226357502986613,1.7897856900703386,-0.8321774809935208,0.8631380036495095
1546,0.435957236387089,2.266474181537501,-1.1454283625020152,-1.2252124996435267,0.9776754627450532,0.8631380036495095
1547,0.435957236387089,-0.22318447382307077,-0.09984313809530719,0.28228659521340604,0.9776754627450532,-0.409485245443436
1548,-0.7172491461721198,-1.0012028036232494,-0.09984313809530719,0.28228659521340604,-0.22889316641399612,0.8631380036495095
1549,-1.8704555287313285,-0.37878813978310655,-0.6226357502986613,0.28228659521340604,0.9776754627450532,0.8631380036495095
1550,-1.4860534012115922,-1.0012028036232494,-0.6226357502986613,0.28228659521340604,-1.4354617955730455,-1.6821084945363816
1551,1.5891636189462977,0.554833855977108,-1.1454283625020152,-1.2252124996435267,-1.4354617955730455,-0.409485245443436
1552,0.8203593639068253,-0.22318447382307077,0.42294947410804684,1.7897856900703386,-0.8321774809935208,0.8631380036495095
1553,0.435957236387089,-0.37878813978310655,-0.6226357502986613,0.28228659521340604,-1.4354617955730455,0.8631380036495095
1554,-1.4860534012115922,-1.1568064695832854,0.42294947410804684,1.7897856900703386,-0.8321774809935208,-1.6821084945363816
1555,0.05155510886735275,0.24362652405703647,-0.6226357502986613,1.7897856900703386,-0.8321774809935208,0.8631380036495095
1556,0.435957236387089,-1.312410135543321,-0.6226357502986613,1.7897856900703386,-0.8321774809935208,0.8631380036495095
1557,-0.3328470186523835,1.6440595176973583,0.9457420863114009,-1.2252124996435267,0.37439114816552854,-1.6821084945363816
1558,0.8203593639068253,-0.22318447382307077,-0.6226357502986613,0.28228659521340604,-1.4354617955730455,0.8631380036495095
1559,0.435957236387089,-1.4680138015033568,-0.09984313809530719,0.28228659521340604,-1.4354617955730455,0.8631380036495095
1560,-1.101651273691856,-0.22318447382307077,-0.6226357502986613,0.28228659521340604,-1.4354617955730455,-0.409485245443436
1561,-1.4860534012115922,1.799663183657394,1.468534698514755,-1.2252124996435267,0.37439114816552854,0.8631380036495095
1562,0.435957236387089,2.5776815134575726,-0.6226357502986613,0.28228659521340604,-1.4354617955730455,0.8631380036495095
1563,1.5891636189462977,0.24362652405703647,-1.1454283625020152,0.28228659521340604,-0.22889316641399612,0.8631380036495095
1564,-0.7172491461721198,-1.0012028036232494,-0.6226357502986613,0.28228659521340604,0.9776754627450532,0.8631380036495095
1565,-0.3328470186523835,-1.4680138015033568,-0.6226357502986613,0.28228659521340604,-0.22889316641399612,0.8631380036495095
1566,0.05155510886735275,0.8660411878971794,-0.6226357502986613,-1.2252124996435267,0.9776754627450532,-0.409485245443436
1567,0.8203593639068253,-0.22318447382307077,-0.6226357502986613,0.28228659521340604,0.9776754627450532,0.8631380036495095
1568,0.435957236387089,-1.0012028036232494,-0.6226357502986613,0.28228659521340604,-0.22889316641399612,0.8631380036495095
1569,0.435957236387089,-1.4680138015033568,0.42294947410804684,0.28228659521340604,-1.4354617955730455,0.8631380036495095
1570,0.435957236387089,-1.1568064695832854,0.42294947410804684,0.28228659521340604,0.9776754627450532,-1.6821084945363816
1571,0.435957236387089,-1.4680138015033568,-0.6226357502986613,0.28228659521340604,0.9776754627450532,0.8631380036495095
1572,0.435957236387089,-0.5343918057431423,-0.09984313809530719,0.28228659521340604,0.9776754627450532,-0.409485245443436
1573,-1.101651273691856,0.24362652405703647,-1.1454283625020152,-1.2252124996435267,0.9776754627450532,-1.6821084945363816
1574,0.05155510886735275,0.7104375219371437,-1.1454283625020152,-1.2252124996435267,0.9776754627450532,-0.409485245443436
1575,-1.101651273691856,0.24362652405703647,-1.1454283625020152,1.7897856900703386,-0.8321774809935208,0.8631380036495095
1576,0.8203593639068253,0.24362652405703647,1.468534698514755,1.7897856900703386,-0.8321774809935208,0.8631380036495095
1577,0.8203593639068253,0.24362652405703647,-1.1454283625020152,0.28228659521340604,0.9776754627450532,-1.6821084945363816
1578,0.435957236387089,-1.7792211334234282,-0.09984313809530719,0.28228659521340604,-1.4354617955730455,0.8631380036495095
1579,0.435957236387089,0.24362652405703647,1.468534698514755,-1.2252124996435267,0.9776754627450532,-0.409485245443436
1580,0.435957236387089,-1.312410135543321,-0.6226357502986613,1.7897856900703386,-0.8321774809935208,0.8631380036495095
1581,-1.101651273691856,-0.5343918057431423,-0.6226357502986613,0.28228659521340604,0.9776754627450532,-0.409485245443436
1582,1.2047614914265614,-0.689995471703178,1.468534698514755,0.28228659521340604,0.9776754627450532,-1.6821084945363816
1583,0.435957236387089,-1.7792211334234282,1.468534698514755,1.7897856900703386,-0.8321774809935208,0.8631380036495095
1584,0.435957236387089,-0.22318447382307077,-0.6226357502986613,1.7897856900703386,-0.8321774809935208,0.8631380036495095
1585,0.8203593639068253,0.24362652405703647,-1.1454283625020152,-1.2252124996435267,0.9776754627450532,-0.409485245443436
1586,0.05155510886735275,0.7104375219371437,1.468534698514755,-1.2252124996435267,0.9776754627450532,-0.409485245443436
1587,0.05155510886735275,0.8660411878971794,1.468534698514755,0.28228659521340604,0.9776754627450532,0.8631380036495095
1588,-1.8704555287313285,1.799663183657394,1.468534698514755,-1.2252124996435267,0.37439114816552854,0.8631380036495095
1589,-0.7172491461721198,-1.0012028036232494,-0.09984313809530719,-1.2252124996435267,0.9776754627450532,-0.409485245443436
1590,0.435957236387089,0.24362652405703647,-1.1454283625020152,0.28228659521340604,0.9776754627450532,-0.409485245443436
1591,0.435957236387089,-0.22318447382307077,-0.09984313809530719,0.28228659521340604,0.9776754627450532,-0.409485245443436
1592,-0.7172491461721198,1.1772485198172509,1.468534698514755,0.28228659521340604,-1.4354617955730455,0.8631380036495095
1593,1.5891636189462977,0.24362652405703647,-1.1454283625020152,-1.2252124996435267,-0.22889316641399612,0.8631380036495095
1594,0.8203593639068253,-0.22318447382307077,-0.6226357502986613,-1.2252124996435267,0.9776754627450532,0.8631380036495095
1595,-0.7172491461721198,0.24362652405703647,-1.1454283625020152,-1.2252124996435267,0.37439114816552854,-0.409485245443436
1596,-1.101651273691856,0.24362652405703647,1.468534698514755,0.28228659521340604,-1.4354617955730455,-0.409485245443436
1597,0.435957236387089,-1.1568064695832854,-0.09984313809530719,0.28228659521340604,0.9776754627450532,0.8631380036495095
1598,1.5891636189462977,0.554833855977108,-1.1454283625020152,1.7897856900703386,-0.8321774809935208,0.8631380036495095
1599,0.05155510886735275,-1.0012028036232494,-0.6226357502986613,0.28228659521340604,0.9776754627450532,-1.6821084945363816
1600,0.435957236387089,-1.312410135543321,-0.6226357502986613,-1.2252124996435267,0.37439114816552854,-1.6821084945363816
1601,0.435957236387089,2.5776815134575726,-0.6226357502986613,-1.2252124996435267,-0.22889316641399612,0.8631380036495095
1602,-1.4860534012115922,2.422077847497537,1.468534698514755,1.7897856900703386,-0.8321774809935208,0.8631380036495095
1603,-0.3328470186523835,-0.22318447382307077,-0.09984313809530719,0.28228659521340604,0.9776754627450532,-1.6821084945363816
1604,0.8203593639068253,0.24362652405703647,-1.1454283625020152,0.28228659521340604,0.9776754627450532,0.8631380036495095
1605,0.435957236387089,0.24362652405703647,-1.1454283625020152,-1.2252124996435267,-1.4354617955730455,-1.6821084945363816
1606,-1.101651273691856,0.24362652405703647,1.468534698514755,0.28228659521340604,0.9776754627450532,0.8631380036495095
1607,-1.8704555287313285,0.8660411878971794,-1.1454283625020152,0.28228659521340604,-1.4354617955730455,0.8631380036495095
1608,0.8203593639068253,-0.22318447382307077,1.468534698514755,-1.2252124996435267,0.37439114816552854,-0.409485245443436
1609,0.435957236387089,0.7104375219371437,1.468534698514755,-1.2252124996435267,0.37439114816552854,-1.6821084945363816
1610,0.435957236387089,0.7104375219371437,-1.1454283625020152,0.28228659521340604,0.9776754627450532,0.8631380036495095
1611,-0.3328470186523835,-0.22318447382307077,-0.09984313809530719,0.28228659521340604,0.9776754627450532,-0.409485245443436
1612,-1.4860534012115922,-1.1568064695832854,0.42294947410804684,0.28228659521340604,-1.4354617955730455,-0.409485245443436
1613,0.435957236387089,0.7104375219371437,1.468534698514755,0.28228659521340604,-0.22889316641399612,0.8631380036495095
1614,0.8203593639068253,-0.22318447382307077,-0.6226357502986613,0.28228659521340604,0.9776754627450532,0.8631380036495095
1615,-1.4860534012115922,-0.37878813978310655,-0.6226357502986613,0.28228659521340604,-0.22889316641399612,-0.409485245443436
1616,0.8203593639068253,-0.22318447382307077,-0.6226357502986613,-1.2252124996435267,0.37439114816552854,-0.409485245443436
1617,-1.8704555287313285,-1.0012028036232494,-0.6226357502986613,0.28228659521340604,0.9776754627450532,0.8631380036495095
1618,1.2047614914265614,-1.312410135543321,0.42294947410804684,0.28228659521340604,0.9776754627450532,-0.409485245443436
1619,0.435957236387089,-1.7792211334234282,-0.09984313809530719,0.28228659521340604,0.9776754627450532,0.8631380036495095
1620,0.435957236387089,1.799663183657394,1.468534698514755,1.7897856900703386,-0.8321774809935208,-1.6821084945363816
1621,0.435957236387089,0.24362652405703647,-1.1454283625020152,0.28228659521340604,-0.22889316641399612,-0.409485245443436
1622,-1.8704555287313285,-1.0012028036232494,1.468534698514755,0.28228659521340604,0.9776754627450532,0.8631380036495095
1623,0.435957236387089,-0.37878813978310655,-0.6226357502986613,-1.2252124996435267,0.37439114816552854,-1.6821084945363816
1624,-0.3328470186523835,-0.22318447382307077,-0.09984313809530719,-1.2252124996435267,0.9776754627450532,-0.409485245443436
1625,0.435957236387089,2.266474181537501,-1.1454283625020152,0.28228659521340604,-1.4354617955730455,0.8631380036495095
1626,-1.4860534012115922,-1.0012028036232494,-0.09984313809530719,-1.2252124996435267,0.9776754627450532,-0.409485245443436
1627,0.8203593639068253,0.24362652405703647,1.468534698514755,0.28228659521340604,-1.4354617955730455,-1.6821084945363816
1628,0.435957236387089,2.1108705155774654,1.468534698514755,-1.2252124996435267,-0.22889316641399612,0.8631380036495095
1629,-1.101651273691856,-0.22318447382307077,-0.6226357502986613,-1.2252124996435267,0.9776754627450532,-0.409485245443436
1630,0.435957236387089,2.1108705155774654,-0.6226357502986613,0.28228659521340604,0.9776754627450532,-0.409485245443436
1631,0.05155510886735275,1.799663183657394,-1.1454283625020152,0.28228659521340604,-1.4354617955730455,0.8631380036495095
1632,-1.101651273691856,0.24362652405703647,-1.1454283625020152,0.28228659521340604,0.9776754627450532,-0.409485245443436
1633,0.435957236387089,-0.22318447382307077,-0.6226357502986613,0.28228659521340604,0.9776754627450532,-0.409485245443436
1634,-1.4860534012115922,0.24362652405703647,1.468534698514755,1.7897856900703386,-0.8321774809935208,-1.6821084945363816
1635,-0.7172491461721198,0.24362652405703647,-1.1454283625020152,-1.2252124996435267,0.9776754627450532,-0.409485245443436
1636,0.8203593639068253,0.24362652405703647,1.468534698514755,0.28228659521340604,0.9776754627450532,0.8631380036495095
1637,0.8203593639068253,-0.22318447382307077,1.468534698514755,-1.2252124996435267,0.9776754627450532,0.8631380036495095
1638,0.435957236387089,2.1108705155774654,-0.6226357502986613,-1.2252124996435267,-1.4354617955730455,-1.6821084945363816
1639,0.435957236387089,-0.22318447382307077,-0.09984313809530719,0.28228659521340604,-0.22889316641399612,0.8631380036495095
1640,0.435957236387089,0.24362652405703647,-1.1454283625020152,-1.2252124996435267,0.9776754627450532,-0.409485245443436
1641,0.8203593639068253,-0.22318447382307077,-0.6226357502986613,-1.2252124996435267,0.9776754627450532,0.8631380036495095
1642,0.435957236387089,1.799663183657394,1.468534698514755,0.28228659521340604,-0.22889316641399612,0.8631380036495095
1643,1.2047614914265614,-0.689995471703178,1.468534698514755,-1.2252124996435267,-1.4354617955730455,-1.6821084945363816
1644,0.435957236387089,2.1108705155774654,-0.09984313809530719,-1.2252124996435267,0.37439114816552854,-1.6821084945363816
1645,-0.7172491461721198,-0.06758080786303503,-0.6226357502986613,-1.2252124996435267,0.9776754627450532,-0.409485245443436
1646,1.5891636189462977,0.24362652405703647,-1.1454283625020152,-1.2252124996435267,0.9776754627450532,0.8631380036495095
1647,-1.8704555287313285,2.266474181537501,1.468534698514755,0.28228659521340604,0.9776754627450532,0.8631380036495095
1648,-0.3328470186523835,1.4884558517373225,-1.1454283625020152,0.28228659521340604,-0.22889316641399612,-0.409485245443436
1649,0.435957236387089,-0.22318447382307077,-0.09984313809530719,0.28228659521340604,0.9776754627450532,0.8631380036495095
1650,-0.3328470186523835,1.4884558517373225,-1.1454283625020152,0.28228659521340604,0.9776754627450532,-0.409485245443436
1651,0.8203593639068253,-0.22318447382307077,-0.6226357502986613,1.7897856900703386,-0.8321774809935208,0.8631380036495095
1652,-0.7172491461721198,0.24362652405703647,-1.1454283625020152,1.7897856900703386,-0.8321774809935208,0.8631380036495095
1653,0.435957236387089,0.7104375219371437,1.468534698514755,0.28228659521340604,-1.4354617955730455,-1.6821084945363816
1654,0.435957236387089,-1.4680138015033568,0.42294947410804684,0.28228659521340604,0.9776754627450532,0.8631380036495095
1655,0.435957236387089,-1.312410135543321,-0.6226357502986613,0.28228659521340604,0.9776754627450532,0.8631380036495095
1656,-1.4860534012115922,-1.0012028036232494,-0.6226357502986613,-1.2252124996435267,0.37439114816552854,-0.409485245443436
1657,0.05155510886735275,-0.8455991376632138,1.468534698514755,0.28228659521340604,0.9776754627450532,-1.6821084945363816
1658,1.2047614914265614,-0.689995471703178,1.468534698514755,1.7897856900703386,-0.8321774809935208,-0.409485245443436
1659,0.8203593639068253,-0.22318447382307077,-0.6226357502986613,-1.2252124996435267,-1.4354617955730455,0.8631380036495095
1660,0.435957236387089,-1.4680138015033568,-0.6226357502986613,1.7897856900703386,-0.8321774809935208,0.8631380036495095
1661,0.435957236387089,-1.0012028036232494,-0.6226357502986613,1.7897856900703386,-0.8321774809935208,0.8631380036495095
1662,0.05155510886735275,-0.8455991376632138,1.468534698514755,-1.2252124996435267,0.9776754627450532,-0.409485245443436
1663,0.05155510886735275,0.7104375219371437,-1.1454283625020152,0.28228659521340604,-1.4354617955730455,-0.409485245443436
1664,0.05155510886735275,0.24362652405703647,-0.6226357502986613,0.28228659521340604,0.9776754627450532,-1.6821084945363816
1665,-0.3328470186523835,-1.4680138015033568,-0.6226357502986613,0.28228659521340604,-1.4354617955730455,-0.409485245443436
1666,-0.3328470186523835,1.4884558517373225,-1.1454283625020152,0.28228659521340604,0.9776754627450532,0.8631380036495095
1667,-1.101651273691856,-1.4680138015033568,-0.09984313809530719,0.28228659521340604,-1.4354617955730455,-0.409485245443436
1668,0.8203593639068253,-0.22318447382307077,1.468534698514755,0.28228659521340604,-0.22889316641399612,0.8631380036495095
1669,0.8203593639068253,-0.22318447382307077,0.42294947410804684,-1.2252124996435267,0.9776754627450532,0.8631380036495095
1670,-0.3328470186523835,-1.0012028036232494,-0.09984313809530719,-1.2252124996435267,0.9776754627450532,0.8631380036495095
1671,-0.7172491461721198,0.24362652405703647,-1.1454283625020152,-1.2252124996435267,0.9776754627450532,0.8631380036495095
1672,0.8203593639068253,0.3992301900170722,-1.1454283625020152,-1.2252124996435267,0.37439114816552854,0.8631380036495095
1673,0.05155510886735275,-1.0012028036232494,-0.09984313809530719,0.28228659521340604,-1.4354617955730455,-0.409485245443436
1674,0.435957236387089,-0.37878813978310655,-0.6226357502986613,0.28228659521340604,-1.4354617955730455,-0.409485245443436
1675,0.05155510886735275,1.799663183657394,-1.1454283625020152,0.28228659521340604,-1.4354617955730455,-0.409485245443436
1676,-0.7172491461721198,0.24362652405703647,-1.1454283625020152,0.28228659521340604,0.9776754627450532,-0.409485245443436
1677,-1.4860534012115922,-1.1568064695832854,0.42294947410804684,0.28228659521340604,0.9776754627450532,0.8631380036495095
1678,-0.3328470186523835,-1.1568064695832854,0.42294947410804684,0.28228659521340604,-1.4354617955730455,0.8631380036495095
1679,-0.7172491461721198,-1.1568064695832854,-0.09984313809530719,0.28228659521340604,-1.4354617955730455,-1.6821084945363816
1680,0.05155510886735275,0.8660411878971794,1.468534698514755,0.28228659521340604,-1.4354617955730455,-0.409485245443436
1681,-0.7172491461721198,0.24362652405703647,1.468534698514755,0.28228659521340604,-1.4354617955730455,-1.6821084945363816
1682,0.435957236387089,2.1108705155774654,-0.6226357502986613,-1.2252124996435267,0.9776754627450532,-0.409485245443436
1683,0.05155510886735275,-0.5343918057431423,-0.09984313809530719,-1.2252124996435267,0.37439114816552854,-1.6821084945363816
1684,0.05155510886735275,-1.1568064695832854,-0.09984313809530719,-1.2252124996435267,-0.22889316641399612,0.8631380036495095
1685,0.8203593639068253,-0.22318447382307077,-0.6226357502986613,0.28228659521340604,-1.4354617955730455,-1.6821084945363816
1686,-0.3328470186523835,-1.4680138015033568,-0.6226357502986613,-1.2252124996435267,0.37439114816552854,-1.6821084945363816
1687,-0.7172491461721198,-0.06758080786303503,-0.6226357502986613,1.7897856900703386,-0.8321774809935208,0.8631380036495095
1688,1.5891636189462977,0.24362652405703647,-1.1454283625020152,-1.2252124996435267,-0.22889316641399612,0.8631380036495095
1689,0.435957236387089,1.799663183657394,1.468534698514755,0.28228659521340604,0.9776754627450532,-0.409485245443436
1690,-1.8704555287313285,0.24362652405703647,-1.1454283625020152,1.7897856900703386,-0.8321774809935208,0.8631380036495095
1691,-1.8704555287313285,-1.0012028036232494,1.468534698514755,0.28228659521340604,-0.22889316641399612,0.8631380036495095
1692,0.05155510886735275,-0.8455991376632138,1.468534698514755,-1.2252124996435267,-1.4354617955730455,0.8631380036495095
1693,-1.4860534012115922,1.799663183657394,1.468534698514755,-1.2252124996435267,0.37439114816552854,-0.409485245443436
1694,0.8203593639068253,-1.0012028036232494,1.468534698514755,1.7897856900703386,-0.8321774809935208,-0.409485245443436
1695,0.8203593639068253,0.8660411878971794,1.468534698514755,0.28228659521340604,-1.4354617955730455,-1.6821084945363816
1696,0.435957236387089,-1.0012028036232494,-0.6226357502986613,0.28228659521340604,-1.4354617955730455,0.8631380036495095
1697,0.8203593639068253,0.24362652405703647,-1.1454283625020152,0.28228659521340604,-1.4354617955730455,-1.6821084945363816
1698,0.05155510886735275,0.24362652405703647,1.468534698514755,0.28228659521340604,0.9776754627450532,-0.409485245443436
1699,0.435957236387089,-1.1568064695832854,-0.09984313809530719,0.28228659521340604,-1.4354617955730455,-1.6821084945363816
1700,0.8203593639068253,-0.22318447382307077,-1.1454283625020152,0.28228659521340604,-1.4354617955730455,-1.6821084945363816
1701,0.435957236387089,2.5776815134575726,0.42294947410804684,-1.2252124996435267,0.37439114816552854,-1.6821084945363816
1702,-0.3328470186523835,-1.4680138015033568,-0.6226357502986613,-1.2252124996435267,0.9776754627450532,-0.409485245443436
1703,-0.3328470186523835,1.4884558517373225,-1.1454283625020152,-1.2252124996435267,0.37439114816552854,-1.6821084945363816
1704,0.435957236387089,-0.5343918057431423,-0.09984313809530719,-1.2252124996435267,0.9776754627450532,-0.409485245443436
1705,-1.4860534012115922,-1.1568064695832854,-0.09984313809530719,0.28228659521340604,-1.4354617955730455,0.8631380036495095
1706,0.8203593639068253,-0.22318447382307077,-0.6226357502986613,0.28228659521340604,-0.22889316641399612,0.8631380036495095
1707,0.05155510886735275,0.8660411878971794,1.468534698514755,0.28228659521340604,0.9776754627450532,-0.409485245443436
1708,0.8203593639068253,0.3992301900170722,1.468534698514755,0.28228659521340604,-0.22889316641399612,0.8631380036495095
1709,0.05155510886735275,-1.1568064695832854,-0.09984313809530719,1.7897856900703386,-0.8321774809935208,0.8631380036495095
1710,-0.7172491461721198,-0.22318447382307077,1.468534698514755,-1.2252124996435267,-0.22889316641399612,0.8631380036495095
1711,0.05155510886735275,0.8660411878971794,1.468534698514755,0.28228659521340604,-1.4354617955730455,-0.409485245443436
1712,0.435957236387089,0.8660411878971794,1.468534698514755,-1.2252124996435267,0.9776754627450532,-1.6821084945363816
1713,-0.7172491461721198,0.8660411878971794,-1.1454283625020152,0.28228659521340604,0.9776754627450532,0.8631380036495095
1714,0.435957236387089,-1.0012028036232494,-0.6226357502986613,-1.2252124996435267,0.9776754627450532,-1.6821084945363816
1715,-0.7172491461721198,0.24362652405703647,-1.1454283625020152,0.28228659521340604,-1.4354617955730455,0.8631380036495095
1716,-0.3328470186523835,-1.0012028036232494,-0.09984313809530719,0.28228659521340604,-1.4354617955730455,-0.409485245443436
1717,0.8203593639068253,-0.22318447382307077,-0.6226357502986613,-1.2252124996435267,-1.4354617955730455,0.8631380036495095
1718,0.435957236387089,-0.22318447382307077,-0.6226357502986613,0.28228659521340604,-1.4354617955730455,-1.6821084945363816
1719,0.8203593639068253,0.8660411878971794,-1.1454283625020152,1.7897856900703386,-0.8321774809935208,-0.409485245443436
1720,0.435957236387089,-1.1568064695832854,-0.09984313809530719,-1.2252124996435267,0.9776754627450532,0.8631380036495095
1721,-0.3328470186523835,-1.4680138015033568,-0.6226357502986613,0.28228659521340604,-1.4354617955730455,-0.409485245443436
1722,-1.101651273691856,0.24362652405703647,-1.1454283625020152,0.28228659521340604,-0.22889316641399612,0.8631380036495095
1723,-0.3328470186523835,0.24362652405703647,1.468534698514755,-1.2252124996435267,-1.4354617955730455,-1.6821084945363816
1724,0.05155510886735275,0.24362652405703647,-1.1454283625020152,0.28228659521340604,0.9776754627450532,0.8631380036495095
1725,0.435957236387089,2.266474181537501,-1.1454283625020152,0.28228659521340604,-1.4354617955730455,-0.409485245443436
1726,-0.3328470186523835,-0.22318447382307077,-0.09984313809530719,-1.2252124996435267,-1.4354617955730455,-1.6821084945363816
1727,0.05155510886735275,-1.0012028036232494,-0.09984313809530719,-1.2252124996435267,0.9776754627450532,-0.409485245443436
1728,0.435957236387089,1.799663183657394,1.468534698514755,-1.2252124996435267,-1.4354617955730455,-1.6821084945363816
1729,-1.4860534012115922,-1.1568064695832854,-0.09984313809530719,0.28228659521340604,-1.4354617955730455,-0.409485245443436
1730,1.2047614914265614,-0.689995471703178,1.468534698514755,-1.2252124996435267,0.9776754627450532,0.8631380036495095
1731,0.8203593639068253,0.8660411878971794,-1.1454283625020152,-1.2252124996435267,-0.22889316641399612,0.8631380036495095
1732,-1.4860534012115922,-1.4680138015033568,-0.09984313809530719,-1.2252124996435267,-1.4354617955730455,-1.6821084945363816
1733,-0.7172491461721198,-1.0012028036232494,-0.09984313809530719,1.7897856900703386,-0.8321774809935208,0.8631380036495095
1734,-1.4860534012115922,-1.1568064695832854,-0.6226357502986613,0.28228659521340604,0.9776754627450532,0.8631380036495095
1735,-1.4860534012115922,0.8660411878971794,1.468534698514755,0.28228659521340604,-0.22889316641399612,0.8631380036495095
1736,-0.7172491461721198,0.24362652405703647,1.468534698514755,-1.2252124996435267,0.9776754627450532,0.8631380036495095
1737,0.435957236387089,0.7104375219371437,1.468534698514755,-1.2252124996435267,-1.4354617955730455,-1.6821084945363816
1738,0.8203593639068253,-0.22318447382307077,-1.1454283625020152,0.28228659521340604,-0.22889316641399612,0.8631380036495095
1739,0.8203593639068253,0.24362652405703647,1.468534698514755,0.28228659521340604,0.9776754627450532,-1.6821084945363816
1740,0.435957236387089,0.7104375219371437,-1.1454283625020152,-1.2252124996435267,-1.4354617955730455,0.8631380036495095
1741,0.8203593639068253,-0.22318447382307077,-0.6226357502986613,0.28228659521340604,0.9776754627450532,0.8631380036495095
1742,-1.8704555287313285,-1.0012028036232494,1.468534698514755,0.28228659521340604,0.9776754627450532,0.8631380036495095
1743,-1.101651273691856,-1.1568064695832854,-0.09984313809530719,-1.2252124996435267,0.9776754627450532,0.8631380036495095
1744,-0.7172491461721198,0.24362652405703647,-1.1454283625020152,1.7897856900703386,-0.8321774809935208,0.8631380036495095
1745,1.5891636189462977,-1.1568064695832854,0.42294947410804684,-1.2252124996435267,0.9776754627450532,-0.409485245443436
1746,-0.7172491461721198,0.24362652405703647,-1.1454283625020152,0.28228659521340604,0.9776754627450532,0.8631380036495095
1747,-1.101651273691856,0.24362652405703647,1.468534698514755,-1.2252124996435267,0.37439114816552854,-0.409485245443436
1748,0.05155510886735275,0.24362652405703647,-1.1454283625020152,0.28228659521340604,-0.22889316641399612,0.8631380036495095
1749,1.5891636189462977,0.8660411878971794,1.468534698514755,0.28228659521340604,-0.22889316641399612,0.8631380036495095
1750,0.435957236387089,-1.0012028036232494,-0.6226357502986613,0.28228659521340604,0.9776754627450532,0.8631380036495095
1751,1.5891636189462977,0.7104375219371437,-1.1454283625020152,-1.2252124996435267,0.9776754627450532,-0.409485245443436
1752,-0.3328470186523835,-0.5343918057431423,0.42294947410804684,0.28228659521340604,0.9776754627450532,0.8631380036495095
1753,1.5891636189462977,-1.1568064695832854,0.42294947410804684,1.7897856900703386,-0.8321774809935208,0.8631380036495095
1754,0.435957236387089,0.8660411878971794,1.468534698514755,0.28228659521340604,-0.22889316641399612,-0.409485245443436
1755,0.8203593639068253,0.24362652405703647,-1.1454283625020152,0.28228659521340604,-0.22889316641399612,0.8631380036495095
1756,-1.101651273691856,-0.22318447382307077,-0.6226357502986613,-1.2252124996435267,-1.4354617955730455,0.8631380036495095
1757,0.435957236387089,-1.312410135543321,-0.6226357502986613,0.28228659521340604,0.9776754627450532,0.8631380036495095
1758,0.8203593639068253,0.24362652405703647,-1.1454283625020152,-1.2252124996435267,0.9776754627450532,-0.409485245443436
1759,0.435957236387089,-0.37878813978310655,-0.09984313809530719,0.28228659521340604,-1.4354617955730455,0.8631380036495095
1760,0.8203593639068253,-0.22318447382307077,-0.09984313809530719,0.28228659521340604,0.9776754627450532,0.8631380036495095
1761,0.435957236387089,1.799663183657394,1.468534698514755,0.28228659521340604,0.9776754627450532,0.8631380036495095
1762,0.8203593639068253,-0.22318447382307077,1.468534698514755,0.28228659521340604,-1.4354617955730455,0.8631380036495095
1763,0.05155510886735275,0.7104375219371437,1.468534698514755,0.28228659521340604,-1.4354617955730455,-0.409485245443436
1764,-1.8704555287313285,-1.0012028036232494,1.468534698514755,0.28228659521340604,0.9776754627450532,0.8631380036495095
1765,-1.8704555287313285,-1.0012028036232494,-0.6226357502986613,1.7897856900703386,-0.8321774809935208,0.8631380036495095
1766,-1.101651273691856,0.24362652405703647,1.468534698514755,1.7897856900703386,-0.8321774809935208,0.8631380036495095
1767,0.05155510886735275,-1.0012028036232494,-0.09984313809530719,-1.2252124996435267,-1.4354617955730455,-1.6821084945363816
1768,-0.7172491461721198,-1.1568064695832854,-0.09984313809530719,0.28228659521340604,0.9776754627450532,0.8631380036495095
1769,0.8203593639068253,0.8660411878971794,-1.1454283625020152,0.28228659521340604,0.9776754627450532,0.8631380036495095
1770,0.8203593639068253,0.24362652405703647,-1.1454283625020152,-1.2252124996435267,0.37439114816552854,-0.409485245443436
1771,0.8203593639068253,-0.22318447382307077,-0.6226357502986613,0.28228659521340604,-1.4354617955730455,0.8631380036495095
1772,0.435957236387089,2.1108705155774654,-0.6226357502986613,0.28228659521340604,0.9776754627450532,0.8631380036495095
1773,0.435957236387089,0.08802285809700072,0.42294947410804684,0.28228659521340604,-0.22889316641399612,-0.409485245443436
1774,0.435957236387089,-1.4680138015033568,-0.09984313809530719,0.28228659521340604,-0.22889316641399612,-0.409485245443436
1775,0.435957236387089,2.1108705155774654,1.468534698514755,0.28228659521340604,-1.4354617955730455,-0.409485245443436
1776,0.435957236387089,-0.5343918057431423,-0.09984313809530719,0.28228659521340604,-1.4354617955730455,-1.6821084945363816
1777,-1.4860534012115922,1.799663183657394,1.468534698514755,1.7897856900703386,-0.8321774809935208,-0.409485245443436
1778,1.2047614914265614,-0.689995471703178,1.468534698514755,-1.2252124996435267,0.9776754627450532,-0.409485245443436
1779,-1.101651273691856,0.24362652405703647,1.468534698514755,-1.2252124996435267,0.37439114816552854,-0.409485245443436
1780,-0.7172491461721198,-0.06758080786303503,-0.6226357502986613,0.28228659521340604,-1.4354617955730455,0.8631380036495095
1781,-1.4860534012115922,-1.0012028036232494,-0.6226357502986613,-1.2252124996435267,0.9776754627450532,-0.409485245443436
1782,1.2047614914265614,-0.689995471703178,1.468534698514755,0.28228659521340604,-1.4354617955730455,0.8631380036495095
1783,-1.101651273691856,-1.0012028036232494,-0.09984313809530719,1.7897856900703386,-0.8321774809935208,0.8631380036495095
1784,-1.8704555287313285,1.799663183657394,-1.1454283625020152,0.28228659521340604,0.9776754627450532,0.8631380036495095
1785,-1.4860534012115922,-0.37878813978310655,-0.6226357502986613,1.7897856900703386,-0.8321774809935208,0.8631380036495095
1786,-1.4860534012115922,-0.5343918057431423,-0.09984313809530719,-1.2252124996435267,0.9776754627450532,0.8631380036495095
1787,0.05155510886735275,-0.5343918057431423,-0.09984313809530719,0.28228659521340604,-0.22889316641399612,0.8631380036495095
1788,0.8203593639068253,0.24362652405703647,1.468534698514755,1.7897856900703386,-0.8321774809935208,-0.409485245443436
1789,-1.4860534012115922,-0.22318447382307077,1.468534698514755,-1.2252124996435267,-1.4354617955730455,-1.6821084945363816
1790,0.05155510886735275,1.799663183657394,-1.1454283625020152,-1.2252124996435267,0.9776754627450532,-0.409485245443436
1791,-0.7172491461721198,0.24362652405703647,-1.1454283625020152,0.28228659521340604,0.9776754627450532,0.8631380036495095
1792,1.5891636189462977,0.7104375219371437,-1.1454283625020152,0.28228659521340604,-1.4354617955730455,-1.6821084945363816
1793,-1.8704555287313285,2.266474181537501,1.468534698514755,0.28228659521340604,-1.4354617955730455,0.8631380036495095
1794,0.435957236387089,0.24362652405703647,-1.1454283625020152,0.28228659521340604,-1.4354617955730455,-0.409485245443436
1795,0.8203593639068253,-0.5343918057431423,-0.6226357502986613,1.7897856900703386,-0.8321774809935208,-0.409485245443436
1796,0.435957236387089,-1.1568064695832854,-0.09984313809530719,0.28228659521340604,0.9776754627450532,-0.409485245443436
1797,-0.3328470186523835,0.24362652405703647,1.468534698514755,0.28228659521340604,-0.22889316641399612,-0.409485245443436
1798,0.05155510886735275,0.8660411878971794,1.468534698514755,0.28228659521340604,0.9776754627450532,0.8631380036495095
1799,0.435957236387089,2.5776815134575726,-0.6226357502986613,1.7897856900703386,-0.8321774809935208,0.8631380036495095
1800,0.435957236387089,0.24362652405703647,1.468534698514755,-1.2252124996435267,0.9776754627450532,-1.6821084945363816
1801,-1.4860534012115922,-1.4680138015033568,-0.09984313809530719,-1.2252124996435267,-0.22889316641399612,-0.409485245443436
1802,-0.7172491461721198,-0.06758080786303503,1.468534698514755,1.7897856900703386,-0.8321774809935208,-0.409485245443436
1803,-1.4860534012115922,-1.1568064695832854,-0.6226357502986613,-1.2252124996435267,0.9776754627450532,-0.409485245443436
1804,-0.3328470186523835,-1.1568064695832854,0.42294947410804684,-1.2252124996435267,0.37439114816552854,0.8631380036495095
1805,1.5891636189462977,0.7104375219371437,-1.1454283625020152,0.28228659521340604,-0.22889316641399612,0.8631380036495095
1806,-0.3328470186523835,0.8660411878971794,1.468534698514755,-1.2252124996435267,-1.4354617955730455,-1.6821084945363816
1807,1.5891636189462977,0.24362652405703647,-1.1454283625020152,0.28228659521340604,0.9776754627450532,-0.409485245443436
1808,-0.7172491461721198,-0.06758080786303503,-1.1454283625020152,-1.2252124996435267,0.37439114816552854,-0.409485245443436
1809,1.2047614914265614,-0.689995471703178,1.468534698514755,0.28228659521340604,0.9776754627450532,-0.409485245443436
1810,0.435957236387089,-0.22318447382307077,-0.6226357502986613,-1.2252124996435267,0.37439114816552854,-1.6821084945363816
1811,-0.7172491461721198,0.24362652405703647,-1.1454283625020152,-1.2252124996435267,-0.22889316641399612,0.8631380036495095
1812,-1.8704555287313285,2.266474181537501,1.468534698514755,0.28228659521340604,-1.4354617955730455,0.8631380036495095
1813,-1.101651273691856,-1.0012028036232494,-0.09984313809530719,-1.2252124996435267,0.9776754627450532,-1.6821084945363816
1814,0.435957236387089,1.799663183657394,1.468534698514755,1.7897856900703386,-0.8321774809935208,0.8631380036495095
1815,-0.7172491461721198,0.8660411878971794,-1.1454283625020152,-1.2252124996435267,0.9776754627450532,0.8631380036495095
1816,0.435957236387089,1.799663183657394,1.468534698514755,0.28228659521340604,0.9776754627450532,0.8631380036495095
1817,-1.101651273691856,0.8660411878971794,-1.1454283625020152,0.28228659521340604,0.9776754627450532,0.8631380036495095
1818,0.05155510886735275,0.24362652405703647,1.468534698514755,-1.2252124996435267,0.37439114816552854,-0.409485245443436
1819,-0.3328470186523835,0.3992301900170722,1.468534698514755,-1.2252124996435267,0.37439114816552854,-1.6821084945363816
1820,0.05155510886735275,0.8660411878971794,-0.6226357502986613,0.28228659521340604,-0.22889316641399612,0.8631380036495095
1821,0.8203593639068253,0.24362652405703647,-1.1454283625020152,-1.2252124996435267,0.9776754627450532,0.8631380036495095
1822,0.8203593639068253,0.24362652405703647,-1.1454283625020152,-1.2252124996435267,0.9776754627450532,-0.409485245443436
1823,-1.8704555287313285,-1.0012028036232494,-0.6226357502986613,0.28228659521340604,0.9776754627450532,0.8631380036495095
1824,0.435957236387089,-1.312410135543321,-0.6226357502986613,-1.2252124996435267,0.37439114816552854,-1.6821084945363816
1825,0.8203593639068253,0.24362652405703647,1.468534698514755,0.28228659521340604,0.9776754627450532,0.8631380036495095
1826,-0.7172491461721198,0.24362652405703647,1.468534698514755,-1.2252124996435267,0.9776754627450532,0.8631380036495095
1827,-1.101651273691856,0.24362652405703647,1.468534698514755,-1.2252124996435267,0.9776754627450532,-1.6821084945363816
1828,-1.4860534012115922,0.8660411878971794,1.468534698514755,-1.2252124996435267,-0.22889316641399612,-0.409485245443436
1829,0.8203593639068253,0.24362652405703647,1.468534698514755,1.7897856900703386,-0.8321774809935208,0.8631380036495095
1830,0.435957236387089,-1.1568064695832854,-0.09984313809530719,-1.2252124996435267,0.9776754627450532,-0.409485245443436
1831,-0.3328470186523835,-1.4680138015033568,-0.6226357502986613,1.7897856900703386,-0.8321774809935208,-0.409485245443436
1832,0.05155510886735275,-1.0012028036232494,-0.09984313809530719,1.7897856900703386,-0.8321774809935208,0.8631380036495095
1833,-1.8704555287313285,1.799663183657394,1.468534698514755,-1.2252124996435267,0.9776754627450532,0.8631380036495095
1834,-1.101651273691856,0.24362652405703647,1.468534698514755,-1.2252124996435267,0.9776754627450532,0.8631380036495095
1835,1.5891636189462977,1.9552668496174297,-1.1454283625020152,0.28228659521340604,-1.4354617955730455,0.8631380036495095
1836,-1.4860534012115922,-1.1568064695832854,-0.09984313809530719,1.7897856900703386,-0.8321774809935208,-1.6821084945363816
1837,-1.101651273691856,1.0216448538572152,1.468534698514755,-1.2252124996435267,0.9776754627450532,-1.6821084945363816
1838,0.435957236387089,-1.4680138015033568,0.42294947410804684,-1.2252124996435267,-1.4354617955730455,0.8631380036495095
1839,-1.101651273691856,0.24362652405703647,-1.1454283625020152,0.28228659521340604,-1.4354617955730455,0.8631380036495095
1840,0.8203593639068253,0.24362652405703647,-1.1454283625020152,0.28228659521340604,-1.4354617955730455,0.8631380036495095
1841,0.8203593639068253,-0.22318447382307077,-0.09984313809530719,0.28228659521340604,0.9776754627450532,0.8631380036495095
1842,0.05155510886735275,0.24362652405703647,-1.1454283625020152,0.28228659521340604,0.9776754627450532,0.8631380036495095
1843,-0.3328470186523835,-1.0012028036232494,-0.09984313809530719,0.28228659521340604,-0.22889316641399612,-0.409485245443436
1844,-0.7172491461721198,0.24362652405703647,-1.1454283625020152,-1.2252124996435267,0.9776754627450532,-1.6821084945363816
1845,0.05155510886735275,-1.1568064695832854,-0.09984313809530719,1.7897856900703386,-0.8321774809935208,0.8631380036495095
1846,-0.3328470186523835,1.6440595176973583,0.9457420863114009,0.28228659521340604,0.9776754627450532,-0.409485245443436
1847,0.05155510886735275,0.8660411878971794,1.468534698514755,-1.2252124996435267,0.37439114816552854,-0.409485245443436
1848,-0.3328470186523835,-0.22318447382307077,-0.09984313809530719,-1.2252124996435267,0.9776754627450532,-0.409485245443436
1849,-0.3328470186523835,1.4884558517373225,-1.1454283625020152,1.7897856900703386,-0.8321774809935208,0.8631380036495095
1850,-0.7172491461721198,0.24362652405703647,-1.1454283625020152,-1.2252124996435267,0.9776754627450532,0.8631380036495095
1851,0.435957236387089,2.1108705155774654,1.468534698514755,0.28228659521340604,-0.22889316641399612,0.8631380036495095
1852,0.435957236387089,0.24362652405703647,-1.1454283625020152,-1.2252124996435267,0.9776754627450532,-0.409485245443436
1853,0.05155510886735275,0.24362652405703647,1.468534698514755,0.28228659521340604,-1.4354617955730455,-0.409485245443436
1854,0.05155510886735275,0.8660411878971794,-0.6226357502986613,0.28228659521340604,-1.4354617955730455,-0.409485245443436
1855,0.8203593639068253,0.24362652405703647,-1.1454283625020152,0.28228659521340604,-1.4354617955730455,0.8631380036495095
1856,-1.4860534012115922,0.8660411878971794,1.468534698514755,-1.2252124996435267,0.9776754627450532,-0.409485245443436
1857,-0.7172491461721198,-0.22318447382307077,1.468534698514755,1.7897856900703386,-0.8321774809935208,-0.409485245443436
1858,-0.7172491461721198,-0.06758080786303503,-0.6226357502986613,0.28228659521340604,-1.4354617955730455,0.8631380036495095
1859,0.05155510886735275,0.24362652405703647,1.468534698514755,0.28228659521340604,0.9776754627450532,-1.6821084945363816
1860,1.2047614914265614,-0.689995471703178,1.468534698514755,-1.2252124996435267,0.37439114816552854,-1.6821084945363816
1861,0.8203593639068253,0.24362652405703647,1.468534698514755,0.28228659521340604,0.9776754627450532,0.8631380036495095
1862,-1.101651273691856,-1.4680138015033568,-0.09984313809530719,0.28228659521340604,-1.4354617955730455,-0.409485245443436
1863,1.5891636189462977,0.8660411878971794,1.468534698514755,-1.2252124996435267,0.9776754627450532,-0.409485245443436
1864,0.435957236387089,2.1108705155774654,-0.6226357502986613,-1.2252124996435267,-1.4354617955730455,0.8631380036495095
1865,0.05155510886735275,0.7104375219371437,1.468534698514755,0.28228659521340604,-0.22889316641399612,0.8631380036495095
1866,-0.3328470186523835,1.6440595176973583,0.9457420863114009,-1.2252124996435267,-1.4354617955730455,-1.6821084945363816
1867,0.8203593639068253,0.24362652405703647,-1.1454283625020152,0.28228659521340604,0.9776754627450532,0.8631380036495095
1868,-0.3328470186523835,-1.4680138015033568,-0.6226357502986613,1.7897856900703386,-0.8321774809935208,0.8631380036495095
1869,0.05155510886735275,0.24362652405703647,1.468534698514755,0.28228659521340604,0.9776754627450532,0.8631380036495095
1870,-0.3328470186523835,-0.22318447382307077,-0.09984313809530719,0.28228659521340604,0.9776754627450532,0.8631380036495095
1871,-0.3328470186523835,-1.0012028036232494,-0.09984313809530719,1.7897856900703386,-0.8321774809935208,0.8631380036495095
1872,-0.7172491461721198,-1.1568064695832854,-0.09984313809530719,0.28228659521340604,0.9776754627450532,0.8631380036495095
1873,1.2047614914265614,-0.22318447382307077,-0.09984313809530719,-1.2252124996435267,0.9776754627450532,0.8631380036495095
1874,-0.3328470186523835,-0.22318447382307077,-0.09984313809530719,0.28228659521340604,-1.4354617955730455,0.8631380036495095
1875,0.05155510886735275,-0.5343918057431423,-0.09984313809530719,0.28228659521340604,0.9776754627450532,0.8631380036495095
1876,-0.3328470186523835,-1.0012028036232494,-0.09984313809530719,1.7897856900703386,-0.8321774809935208,-0.409485245443436
1877,-0.3328470186523835,-1.4680138015033568,-0.6226357502986613,0.28228659521340604,-0.22889316641399612,0.8631380036495095
1878,-1.101651273691856,0.24362652405703647,1.468534698514755,1.7897856900703386,-0.8321774809935208,0.8631380036495095
1879,0.435957236387089,-1.0012028036232494,-0.6226357502986613,0.28228659521340604,-1.4354617955730455,-0.409485245443436
1880,0.435957236387089,-1.0012028036232494,-0.6226357502986613,-1.2252124996435267,0.9776754627450532,-0.409485245443436
1881,-1.101651273691856,-0.22318447382307077,-0.6226357502986613,-1.2252124996435267,-1.4354617955730455,-1.6821084945363816
1882,0.435957236387089,2.266474181537501,-1.1454283625020152,-1.2252124996435267,0.9776754627450532,-0.409485245443436
1883,0.435957236387089,-0.22318447382307077,-0.09984313809530719,0.28228659521340604,-1.4354617955730455,0.8631380036495095
1884,0.435957236387089,2.5776815134575726,0.42294947410804684,0.28228659521340604,0.9776754627450532,-0.409485245443436
1885,0.435957236387089,-0.37878813978310655,-0.6226357502986613,0.28228659521340604,-1.4354617955730455,-1.6821084945363816
1886,0.435957236387089,2.1108705155774654,-0.6226357502986613,0.28228659521340604,0.9776754627450532,-0.409485245443436
1887,1.5891636189462977,1.799663183657394,1.468534698514755,1.7897856900703386,-0.8321774809935208,0.8631380036495095
1888,-1.8704555287313285,1.799663183657394,1.468534698514755,0.28228659521340604,-0.22889316641399612,0.8631380036495095
1889,0.8203593639068253,0.24362652405703647,1.468534698514755,0.28228659521340604,0.9776754627450532,0.8631380036495095
1890,-1.8704555287313285,0.24362652405703647,-1.1454283625020152,-1.2252124996435267,0.37439114816552854,0.8631380036495095
1891,-1.4860534012115922,-1.0012028036232494,-0.6226357502986613,0.28228659521340604,0.9776754627450532,0.8631380036495095
1892,-1.101651273691856,0.8660411878971794,-1.1454283625020152,-1.2252124996435267,-1.4354617955730455,-1.6821084945363816
1893,0.8203593639068253,-0.22318447382307077,-1.1454283625020152,0.28228659521340604,0.9776754627450532,-0.409485245443436
1894,0.05155510886735275,-0.37878813978310655,-0.6226357502986613,-1.2252124996435267,0.9776754627450532,-0.409485245443436
1895,-1.101651273691856,0.8660411878971794,-1.1454283625020152,-1.2252124996435267,-0.22889316641399612,-0.409485245443436
1896,0.435957236387089,2.5776815134575726,-0.6226357502986613,0.28228659521340604,0.9776754627450532,0.8631380036495095
1897,0.8203593639068253,-0.22318447382307077,-0.6226357502986613,0.28228659521340604,0.9776754627450532,-0.409485245443436
1898,0.435957236387089,-1.312410135543321,-0.6226357502986613,0.28228659521340604,-1.4354617955730455,0.8631380036495095
1899,1.5891636189462977,-1.1568064695832854,0.42294947410804684,0.28228659521340604,-0.22889316641399612,0.8631380036495095
1900,-1.8704555287313285,-1.0012028036232494,-0.6226357502986613,0.28228659521340604,-0.22889316641399612,0.8631380036495095
1901,0.435957236387089,-1.0012028036232494,-0.6226357502986613,1.7897856900703386,-0.8321774809935208,0.8631380036495095
1902,-1.101651273691856,0.24362652405703647,1.468534698514755,-1.2252124996435267,0.9776754627450532,-0.409485245443436
1903,0.435957236387089,-0.37878813978310655,-0.09984313809530719,1.7897856900703386,-0.8321774809935208,0.8631380036495095
1904,-0.7172491461721198,0.24362652405703647,-1.1454283625020152,0.28228659521340604,-0.22889316641399612,0.8631380036495095
1905,0.435957236387089,-0.37878813978310655,-0.6226357502986613,0.28228659521340604,0.9776754627450532,-0.409485245443436
1906,0.05155510886735275,1.799663183657394,-1.1454283625020152,-1.2252124996435267,-1.4354617955730455,-1.6821084945363816
1907,0.8203593639068253,-0.22318447382307077,-0.6226357502986613,1.7897856900703386,-0.8321774809935208,0.8631380036495095
1908,-1.101651273691856,-0.22318447382307077,-0.6226357502986613,0.28228659521340604,0.9776754627450532,-0.409485245443436
1909,0.435957236387089,0.24362652405703647,-1.1454283625020152,-1.2252124996435267,0.9776754627450532,0.8631380036495095
1910,0.8203593639068253,0.24362652405703647,1.468534698514755,-1.2252124996435267,0.9776754627450532,0.8631380036495095
1911,1.2047614914265614,-0.22318447382307077,-0.09984313809530719,0.28228659521340604,0.9776754627450532,0.8631380036495095
1912,-0.7172491461721198,0.24362652405703647,-1.1454283625020152,1.7897856900703386,-0.8321774809935208,-0.409485245443436
1913,0.8203593639068253,0.24362652405703647,-1.1454283625020152,0.28228659521340604,0.9776754627450532,0.8631380036495095
1914,0.05155510886735275,-1.0012028036232494,-0.09984313809530719,0.28228659521340604,0.9776754627450532,-0.409485245443436
1915,1.2047614914265614,-0.689995471703178,1.468534698514755,0.28228659521340604,-0.22889316641399612,-0.409485245443436
1916,-1.101651273691856,-1.0012028036232494,-0.09984313809530719,0.28228659521340604,0.9776754627450532,0.8631380036495095
1917,0.435957236387089,-0.37878813978310655,-0.09984313809530719,-1.2252124996435267,-1.4354617955730455,0.8631380036495095
1918,0.435957236387089,0.24362652405703647,-1.1454283625020152,1.7897856900703386,-0.8321774809935208,0.8631380036495095
1919,-0.7172491461721198,0.24362652405703647,1.468534698514755,0.28228659521340604,0.9776754627450532,-0.409485245443436
1920,-0.3328470186523835,-1.4680138015033568,-0.6226357502986613,0.28228659521340604,0.9776754627450532,-0.409485245443436
1921,0.8203593639068253,0.24362652405703647,1.468534698514755,0.28228659521340604,0.9776754627450532,-1.6821084945363816
1922,0.8203593639068253,-0.22318447382307077,-0.6226357502986613,0.28228659521340604,0.9776754627450532,0.8631380036495095
1923,0.435957236387089,-0.22318447382307077,-0.09984313809530719,-1.2252124996435267,0.9776754627450532,0.8631380036495095
1924,0.435957236387089,-0.22318447382307077,-0.09984313809530719,-1.2252124996435267,0.9776754627450532,-1.6821084945363816
1925,-1.101651273691856,-0.22318447382307077,-0.6226357502986613,0.28228659521340604,0.9776754627450532,-0.409485245443436
1926,-1.101651273691856,-0.22318447382307077,-0.6226357502986613,0.28228659521340604,-1.4354617955730455,0.8631380036495095
1927,0.435957236387089,-1.0012028036232494,-0.6226357502986613,0.28228659521340604,0.9776754627450532,-0.409485245443436
1928,-1.8704555287313285,-0.37878813978310655,-0.6226357502986613,0.28228659521340604,-1.4354617955730455,0.8631380036495095
1929,-1.4860534012115922,0.8660411878971794,1.468534698514755,-1.2252124996435267,-1.4354617955730455,-1.6821084945363816
1930,-1.101651273691856,-0.5343918057431423,-0.6226357502986613,0.28228659521340604,-0.22889316641399612,0.8631380036495095
1931,0.8203593639068253,-0.22318447382307077,1.468534698514755,0.28228659521340604,-0.22889316641399612,0.8631380036495095
1932,1.5891636189462977,0.24362652405703647,-1.1454283625020152,0.28228659521340604,0.9776754627450532,-0.409485245443436
1933,-1.4860534012115922,-1.1568064695832854,0.42294947410804684,0.28228659521340604,-1.4354617955730455,0.8631380036495095
1934,-0.3328470186523835,2.7332851794176083,-0.6226357502986613,-1.2252124996435267,-1.4354617955730455,-1.6821084945363816
1935,0.8203593639068253,0.24362652405703647,1.468534698514755,0.28228659521340604,-1.4354617955730455,0.8631380036495095
1936,-0.3328470186523835,1.4884558517373225,-1.1454283625020152,-1.2252124996435267,0.9776754627450532,-0.409485245443436
1937,0.05155510886735275,1.3328521857772866,1.468534698514755,1.7897856900703386,-0.8321774809935208,0.8631380036495095
1938,0.8203593639068253,-0.22318447382307077,-0.6226357502986613,-1.2252124996435267,0.37439114816552854,-0.409485245443436
1939,0.8203593639068253,0.24362652405703647,1.468534698514755,-1.2252124996435267,-1.4354617955730455,-1.6821084945363816
1940,-0.3328470186523835,-1.4680138015033568,-0.6226357502986613,0.28228659521340604,0.9776754627450532,0.8631380036495095
1941,-0.7172491461721198,-1.0012028036232494,-0.6226357502986613,0.28228659521340604,-1.4354617955730455,0.8631380036495095
1942,0.8203593639068253,0.24362652405703647,1.468534698514755,0.28228659521340604,-1.4354617955730455,0.8631380036495095
1943,0.05155510886735275,1.799663183657394,-1.1454283625020152,-1.2252124996435267,0.37439114816552854,-0.409485245443436
1944,-1.101651273691856,-1.0012028036232494,-0.09984313809530719,-1.2252124996435267,-1.4354617955730455,0.8631380036495095
1945,-1.4860534012115922,1.799663183657394,1.468534698514755,0.28228659521340604,-1.4354617955730455,-0.409485245443436
1946,0.8203593639068253,-0.22318447382307077,-0.6226357502986613,0.28228659521340604,0.9776754627450532,-1.6821084945363816
1947,0.435957236387089,-0.37878813978310655,-0.6226357502986613,1.7897856900703386,-0.8321774809935208,-1.6821084945363816
1948,-1.4860534012115922,-1.0012028036232494,-0.6226357502986613,0.28228659521340604,0.9776754627450532,-0.409485245443436
1949,0.8203593639068253,-0.22318447382307077,-0.6226357502986613,0.28228659521340604,0.9776754627450532,0.8631380036495095
1950,0.435957236387089,2.1108705155774654,-0.09984313809530719,-1.2252124996435267,0.9776754627450532,-1.6821084945363816
1951,0.8203593639068253,-0.22318447382307077,-0.6226357502986613,0.28228659521340604,0.9776754627450532,-1.6821084945363816
1952,0.435957236387089,-1.312410135543321,-0.6226357502986613,0.28228659521340604,-1.4354617955730455,-1.6821084945363816
1953,-1.8704555287313285,-1.6236174674633925,-0.6226357502986613,0.28228659521340604,-0.22889316641399612,0.8631380036495095
1954,1.2047614914265614,-0.689995471703178,1.468534698514755,1.7897856900703386,-0.8321774809935208,0.8631380036495095
1955,0.8203593639068253,0.24362652405703647,1.468534698514755,1.7897856900703386,-0.8321774809935208,-0.409485245443436
1956,0.8203593639068253,-0.22318447382307077,-1.1454283625020152,1.7897856900703386,-0.8321774809935208,0.8631380036495095
1957,0.435957236387089,-1.4680138015033568,-0.09984313809530719,-1.2252124996435267,0.37439114816552854,-1.6821084945363816
1958,1.2047614914265614,-0.689995471703178,1.468534698514755,-1.2252124996435267,0.9776754627450532,-0.409485245443436
1959,0.05155510886735275,1.3328521857772866,1.468534698514755,0.28228659521340604,-1.4354617955730455,0.8631380036495095
1960,0.8203593639068253,-0.22318447382307077,-0.6226357502986613,-1.2252124996435267,-1.4354617955730455,-1.6821084945363816
1961,-1.101651273691856,-0.5343918057431423,-0.6226357502986613,0.28228659521340604,0.9776754627450532,0.8631380036495095
1962,0.435957236387089,2.1108705155774654,-0.6226357502986613,1.7897856900703386,-0.8321774809935208,0.8631380036495095
1963,0.435957236387089,-1.1568064695832854,-0.09984313809530719,0.28228659521340604,0.9776754627450532,-0.409485245443436
1964,-1.101651273691856,-0.22318447382307077,-0.6226357502986613,0.28228659521340604,0.9776754627450532,-0.409485245443436
1965,0.435957236387089,2.1108705155774654,-0.09984313809530719,0.28228659521340604,-1.4354617955730455,0.8631380036495095
1966,-1.4860534012115922,-0.5343918057431423,-0.09984313809530719,0.28228659521340604,-1.4354617955730455,-0.409485245443436
1967,1.5891636189462977,0.7104375219371437,-1.1454283625020152,0.28228659521340604,-1.4354617955730455,-1.6821084945363816
1968,-1.101651273691856,0.24362652405703647,1.468534698514755,1.7897856900703386,-0.8321774809935208,0.8631380036495095
1969,0.8203593639068253,0.24362652405703647,-1.1454283625020152,1.7897856900703386,-0.8321774809935208,-1.6821084945363816
1970,0.435957236387089,0.24362652405703647,1.468534698514755,-1.2252124996435267,0.37439114816552854,-1.6821084945363816
1971,-0.3328470186523835,-1.1568064695832854,0.42294947410804684,-1.2252124996435267,0.9776754627450532,-0.409485245443436
1972,-1.4860534012115922,0.24362652405703647,1.468534698514755,0.28228659521340604,0.9776754627450532,0.8631380036495095
1973,0.435957236387089,1.799663183657394,1.468534698514755,-1.2252124996435267,0.37439114816552854,-1.6821084945363816
1974,0.435957236387089,-0.22318447382307077,-0.09984313809530719,0.28228659521340604,0.9776754627450532,-1.6821084945363816
1975,1.5891636189462977,0.24362652405703647,-1.1454283625020152,-1.2252124996435267,-1.4354617955730455,-0.409485245443436
1976,1.5891636189462977,0.554833855977108,-1.1454283625020152,-1.2252124996435267,0.37439114816552854,-0.409485245443436
1977,-1.101651273691856,-0.22318447382307077,-0.6226357502986613,0.28228659521340604,-1.4354617955730455,0.8631380036495095
1978,0.435957236387089,-0.22318447382307077,-0.09984313809530719,0.28228659521340604,-1.4354617955730455,0.8631380036495095
1979,-1.101651273691856,0.24362652405703647,1.468534698514755,0.28228659521340604,-1.4354617955730455,0.8631380036495095
1980,-1.101651273691856,1.0216448538572152,1.468534698514755,-1.2252124996435267,0.37439114816552854,-1.6821084945363816
1981,-1.101651273691856,-1.0012028036232494,-0.09984313809530719,0.28228659521340604,-0.22889316641399612,-0.409485245443436
1982,-1.4860534012115922,1.799663183657394,1.468534698514755,0.28228659521340604,-1.4354617955730455,-0.409485245443436
1983,0.8203593639068253,-0.22318447382307077,1.468534698514755,-1.2252124996435267,0.37439114816552854,0.8631380036495095
1984,0.05155510886735275,0.24362652405703647,1.468534698514755,-1.2252124996435267,0.9776754627450532,-0.409485245443436
1985,1.5891636189462977,0.24362652405703647,1.468534698514755,1.7897856900703386,-0.8321774809935208,-1.6821084945363816
1986,-1.101651273691856,-1.4680138015033568,-0.09984313809530719,0.28228659521340604,0.9776754627450532,0.8631380036495095
1987,-0.7172491461721198,0.8660411878971794,-1.1454283625020152,0.28228659521340604,0.9776754627450532,0.8631380036495095
1988,-0.7172491461721198,-1.0012028036232494,-0.09984313809530719,-1.2252124996435267,0.9776754627450532,0.8631380036495095
1989,-0.7172491461721198,0.24362652405703647,-1.1454283625020152,0.28228659521340604,-0.22889316641399612,0.8631380036495095
1990,1.5891636189462977,-0.22318447382307077,1.468534698514755,-1.2252124996435267,0.9776754627450532,-0.409485245443436
1991,-1.4860534012115922,0.8660411878971794,1.468534698514755,0.28228659521340604,-1.4354617955730455,-1.6821084945363816
1992,-1.4860534012115922,-1.0012028036232494,-0.09984313809530719,-1.2252124996435267,0.37439114816552854,-1.6821084945363816
1993,1.5891636189462977,0.24362652405703647,1.468534698514755,0.28228659521340604,-1.4354617955730455,-1.6821084945363816
1994,-1.8704555287313285,0.8660411878971794,-1.1454283625020152,-1.2252124996435267,0.37439114816552854,0.8631380036495095
1995,1.5891636189462977,0.24362652405703647,-1.1454283625020152,-1.2252124996435267,0.9776754627450532,-0.409485245443436
1996,0.8203593639068253,0.24362652405703647,1.468534698514755,0.28228659521340604,0.9776754627450532,0.8631380036495095
1997,-1.101651273691856,0.24362652405703647,-1.1454283625020152,-1.2252124996435267,0.9776754627450532,-1.6821084945363816
1998,-0.3328470186523835,0.3992301900170722,1.468534698514755,-1.2252124996435267,0.9776754627450532,0.8631380036495095
1999,-1.101651273691856,0.24362652405703647,-1.1454283625020152,-1.2252124996435267,0.9776754627450532,-1.6821084945363816
2000,0.05155510886735275,0.8660411878971794,1.468534698514755,0.28228659521340604,0.9776754627450532,0.8631380036495095
2001,-1.4860534012115922,-0.5343918057431423,-0.09984313809530719,0.28228659521340604,0.9776754627450532,-1.6821084945363816
2002,0.05155510886735275,-1.1568064695832854,-0.09984313809530719,-1.2252124996435267,0.9776754627450532,-0.409485245443436
2003,-0.7172491461721198,0.24362652405703647,1.468534698514755,1.7897856900703386,-0.8321774809935208,0.8631380036495095
2004,0.8203593639068253,-0.22318447382307077,1.468534698514755,0.28228659521340604,-0.22889316641399612,0.8631380036495095
2005,0.435957236387089,0.24362652405703647,1.468534698514755,0.28228659521340604,0.9776754627450532,-0.409485245443436
2006,-1.8704555287313285,-0.37878813978310655,-0.6226357502986613,0.28228659521340604,-1.4354617955730455,0.8631380036495095
2007,-0.3328470186523835,-1.1568064695832854,0.42294947410804684,0.28228659521340604,0.9776754627450532,-1.6821084945363816
2008,1.5891636189462977,0.554833855977108,-1.1454283625020152,1.7897856900703386,-0.8321774809935208,0.8631380036495095
2009,-0.7172491461721198,-1.0012028036232494,-0.09984313809530719,-1.2252124996435267,-1.4354617955730455,-0.409485245443436
2010,-1.101651273691856,0.24362652405703647,-1.1454283625020152,1.7897856900703386,-0.8321774809935208,0.8631380036495095
2011,0.435957236387089,-1.0012028036232494,-0.6226357502986613,-1.2252124996435267,0.9776754627450532,0.8631380036495095
2012,-1.8704555287313285,1.799663183657394,1.468534698514755,-1.2252124996435267,0.9776754627450532,0.8631380036495095
2013,-1.8704555287313285,0.24362652405703647,-1.1454283625020152,0.28228659521340604,-1.4354617955730455,0.8631380036495095
2014,0.8203593639068253,-0.22318447382307077,-0.6226357502986613,-1.2252124996435267,0.9776754627450532,0.8631380036495095
2015,0.435957236387089,-1.4680138015033568,-0.6226357502986613,0.28228659521340604,0.9776754627450532,-0.409485245443436
2016,0.435957236387089,-0.37878813978310655,-0.6226357502986613,-1.2252124996435267,0.9776754627450532,0.8631380036495095
2017,-0.3328470186523835,2.7332851794176083,-0.6226357502986613,1.7897856900703386,-0.8321774809935208,-0.409485245443436
2018,0.8203593639068253,0.8660411878971794,-1.1454283625020152,-1.2252124996435267,0.9776754627450532,-1.6821084945363816
2019,-1.4860534012115922,-1.1568064695832854,-0.09984313809530719,-1.2252124996435267,-1.4354617955730455,0.8631380036495095
2020,0.8203593639068253,0.24362652405703647,-1.1454283625020152,0.28228659521340604,-0.22889316641399612,0.8631380036495095
2021,-0.7172491461721198,-0.22318447382307077,1.468534698514755,-1.2252124996435267,0.37439114816552854,-0.409485245443436
2022,0.05155510886735275,0.24362652405703647,-1.1454283625020152,1.7897856900703386,-0.8321774809935208,0.8631380036495095
2023,-1.8704555287313285,0.8660411878971794,-1.1454283625020152,0.28228659521340604,-1.4354617955730455,0.8631380036495095
2024,0.8203593639068253,-0.22318447382307077,-0.6226357502986613,0.28228659521340604,-0.22889316641399612,0.8631380036495095
2025,0.8203593639068253,-0.22318447382307077,-0.6226357502986613,1.7897856900703386,-0.8321774809935208,-1.6821084945363816
2026,-1.4860534012115922,2.422077847497537,1.468534698514755,-1.2252124996435267,0.9776754627450532,-0.409485245443436
2027,-1.4860534012115922,-1.0012028036232494,-0.6226357502986613,0.28228659521340604,-1.4354617955730455,-0.409485245443436
2028,-1.101651273691856,0.24362652405703647,1.468534698514755,1.7897856900703386,-0.8321774809935208,0.8631380036495095
2029,0.05155510886735275,-0.37878813978310655,-0.6226357502986613,-1.2252124996435267,0.9776754627450532,-0.409485245443436
2030,0.05155510886735275,-1.0012028036232494,-0.6226357502986613,-1.2252124996435267,-1.4354617955730455,-1.6821084945363816
2031,0.05155510886735275,0.24362652405703647,-0.6226357502986613,-1.2252124996435267,0.9776754627450532,-0.409485245443436
2032,0.435957236387089,-0.5343918057431423,-0.09984313809530719,0.28228659521340604,0.9776754627450532,0.8631380036495095
2033,0.8203593639068253,0.24362652405703647,1.468534698514755,0.28228659521340604,-1.4354617955730455,-1.6821084945363816
2034,-1.8704555287313285,-1.0012028036232494,1.468534698514755,0.28228659521340604,0.9776754627450532,0.8631380036495095
2035,0.435957236387089,2.5776815134575726,-0.6226357502986613,0.28228659521340604,-1.4354617955730455,-0.409485245443436
2036,-0.7172491461721198,-0.06758080786303503,-1.1454283625020152,0.28228659521340604,0.9776754627450532,-1.6821084945363816
2037,0.05155510886735275,1.3328521857772866,1.468534698514755,1.7897856900703386,-0.8321774809935208,0.8631380036495095
2038,0.8203593639068253,-0.22318447382307077,1.468534698514755,0.28228659521340604,-0.22889316641399612,0.8631380036495095
2039,0.435957236387089,1.799663183657394,1.468534698514755,0.28228659521340604,-0.22889316641399612,-0.409485245443436
2040,-1.4860534012115922,-1.1568064695832854,-0.6226357502986613,-1.2252124996435267,0.37439114816552854,-1.6821084945363816
2041,0.435957236387089,2.1108705155774654,-0.09984313809530719,0.28228659521340604,-1.4354617955730455,-0.409485245443436
2042,0.05155510886735275,-0.37878813978310655,-0.6226357502986613,-1.2252124996435267,-1.4354617955730455,0.8631380036495095
2043,-0.7172491461721198,1.1772485198172509,1.468534698514755,-1.2252124996435267,0.9776754627450532,0.8631380036495095
2044,-0.3328470186523835,-1.1568064695832854,0.42294947410804684,-1.2252124996435267,-1.4354617955730455,0.8631380036495095
2045,0.435957236387089,-1.4680138015033568,0.42294947410804684,-1.2252124996435267,0.9776754627450532,-1.6821084945363816
2046,0.8203593639068253,-0.22318447382307077,-1.1454283625020152,0.28228659521340604,0.9776754627450532,0.8631380036495095
2047,-1.4860534012115922,-1.0012028036232494,0.42294947410804684,-1.2252124996435267,-1.4354617955730455,-1.6821084945363816
2048,0.435957236387089,1.799663183657394,1.468534698514755,0.28228659521340604,-1.4354617955730455,0.8631380036495095
2049,-1.4860534012115922,-1.1568064695832854,-0.09984313809530719,1.7897856900703386,-0.8321774809935208,0.8631380036495095
2050,0.05155510886735275,-0.37878813978310655,-0.6226357502986613,1.7897856900703386,-0.8321774809935208,-0.409485245443436
2051,-0.7172491461721198,1.1772485198172509,1.468534698514755,0.28228659521340604,0.9776754627450532,0.8631380036495095
2052,0.8203593639068253,-0.22318447382307077,-1.1454283625020152,-1.2252124996435267,0.9776754627450532,-0.409485245443436
2053,-0.3328470186523835,1.6440595176973583,0.9457420863114009,0.28228659521340604,-1.4354617955730455,-0.409485245443436
2054,-1.4860534012115922,-1.1568064695832854,-0.6226357502986613,-1.2252124996435267,-1.4354617955730455,-1.6821084945363816
2055,-1.101651273691856,-0.22318447382307077,-0.6226357502986613,-1.2252124996435267,0.9776754627450532,-1.6821084945363816
2056,-0.3328470186523835,0.24362652405703647,1.468534698514755,0.28228659521340604,0.9776754627450532,-0.409485245443436
2057,0.435957236387089,0.8660411878971794,1.468534698514755,0.28228659521340604,-0.22889316641399612,0.8631380036495095
2058,0.8203593639068253,-0.22318447382307077,-1.1454283625020152,0.28228659521340604,-0.22889316641399612,0.8631380036495095
2059,-1.4860534012115922,-1.0012028036232494,-0.6226357502986613,-1.2252124996435267,0.9776754627450532,0.8631380036495095
2060,-0.7172491461721198,-0.22318447382307077,1.468534698514755,0.28228659521340604,0.9776754627450532,0.8631380036495095
2061,-1.8704555287313285,-0.37878813978310655,-0.6226357502986613,0.28228659521340604,0.9776754627450532,0.8631380036495095
2062,-0.7172491461721198,-0.06758080786303503,1.468534698514755,-1.2252124996435267,0.37439114816552854,-1.6821084945363816
2063,1.5891636189462977,0.24362652405703647,1.468534698514755,0.28228659521340604,-1.4354617955730455,-1.6821084945363816
2064,0.435957236387089,-1.1568064695832854,-0.6226357502986613,-1.2252124996435267,-1.4354617955730455,0.8631380036495095
2065,0.8203593639068253,-0.22318447382307077,-0.6226357502986613,-1.2252124996435267,0.9776754627450532,0.8631380036495095
2066,0.435957236387089,-1.4680138015033568,-0.6226357502986613,0.28228659521340604,-0.22889316641399612,0.8631380036495095
2067,1.5891636189462977,-0.22318447382307077,1.468534698514755,0.28228659521340604,0.9776754627450532,-0.409485245443436
2068,0.435957236387089,2.1108705155774654,-0.6226357502986613,0.28228659521340604,-1.4354617955730455,-1.6821084945363816
2069,0.05155510886735275,0.24362652405703647,1.468534698514755,-1.2252124996435267,0.9776754627450532,0.8631380036495095
2070,1.2047614914265614,-1.0012028036232494,0.9457420863114009,-1.2252124996435267,-1.4354617955730455,-1.6821084945363816
2071,-0.3328470186523835,0.8660411878971794,1.468534698514755,0.28228659521340604,0.9776754627450532,-0.409485245443436
2072,0.05155510886735275,-0.5343918057431423,-0.09984313809530719,0.28228659521340604,-1.4354617955730455,-0.409485245443436
2073,0.435957236387089,0.7104375219371437,1.468534698514755,0.28228659521340604,-1.4354617955730455,0.8631380036495095
2074,0.05155510886735275,0.8660411878971794,1.468534698514755,-1.2252124996435267,-1.4354617955730455,-1.6821084945363816
2075,-1.101651273691856,-0.22318447382307077,-0.6226357502986613,-1.2252124996435267,0.37439114816552854,-0.409485245443436
2076,1.5891636189462977,0.24362652405703647,1.468534698514755,1.7897856900703386,-0.8321774809935208,0.8631380036495095
2077,0.8203593639068253,-0.5343918057431423,-0.6226357502986613,0.28228659521340604,0.9776754627450532,0.8631380036495095
2078,-1.4860534012115922,-1.0012028036232494,-0.6226357502986613,0.28228659521340604,-1.4354617955730455,-1.6821084945363816
2079,0.8203593639068253,0.8660411878971794,1.468534698514755,-1.2252124996435267,-1.4354617955730455,0.8631380036495095
2080,0.05155510886735275,-0.5343918057431423,-0.09984313809530719,1.7897856900703386,-0.8321774809935208,0.8631380036495095
2081,0.435957236387089,-1.1568064695832854,-0.6226357502986613,-1.2252124996435267,0.9776754627450532,-1.6821084945363816
2082,-1.4860534012115922,-1.1568064695832854,-0.09984313809530719,0.28228659521340604,-1.4354617955730455,-0.409485245443436
2083,0.05155510886735275,0.24362652405703647,-0.6226357502986613,1.7897856900703386,-0.8321774809935208,0.8631380036495095
2084,0.05155510886735275,0.7104375219371437,-1.1454283625020152,1.7897856900703386,-0.8321774809935208,-0.409485245443436
2085,-0.7172491461721198,0.8660411878971794,-1.1454283625020152,0.28228659521340604,0.9776754627450532,-0.409485245443436
2086,1.2047614914265614,-0.689995471703178,1.468534698514755,1.7897856900703386,-0.8321774809935208,0.8631380036495095
2087,0.05155510886735275,-1.0012028036232494,-0.09984313809530719,-1.2252124996435267,0.37439114816552854,-1.6821084945363816
2088,-1.101651273691856,-0.22318447382307077,-0.6226357502986613,0.28228659521340604,-1.4354617955730455,-0.409485245443436
2089,0.435957236387089,-1.312410135543321,-0.6226357502986613,-1.2252124996435267,-1.4354617955730455,-1.6821084945363816
2090,0.05155510886735275,0.7104375219371437,1.468534698514755,-1.2252124996435267,0.9776754627450532,-0.409485245443436
2091,1.2047614914265614,-0.689995471703178,1.468534698514755,0.28228659521340604,-0.22889316641399612,-0.409485245443436
2092,0.435957236387089,0.08802285809700072,0.42294947410804684,0.28228659521340604,-1.4354617955730455,-0.409485245443436
2093,0.8203593639068253,-0.22318447382307077,-0.6226357502986613,-1.2252124996435267,0.9776754627450532,0.8631380036495095
2094,0.435957236387089,-0.22318447382307077,-0.09984313809530719,-1.2252124996435267,0.9776754627450532,-0.409485245443436
2095,0.435957236387089,2.1108705155774654,-0.09984313809530719,0.28228659521340604,-0.22889316641399612,0.8631380036495095
2096,0.8203593639068253,0.24362652405703647,1.468534698514755,0.28228659521340604,-1.4354617955730455,-1.6821084945363816
2097,0.435957236387089,-1.312410135543321,-0.6226357502986613,0.28228659521340604,0.9776754627450532,-0.409485245443436
2098,-0.7172491461721198,0.24362652405703647,-1.1454283625020152,0.28228659521340604,0.9776754627450532,-0.409485245443436
2099,-1.4860534012115922,-1.0012028036232494,-0.6226357502986613,0.28228659521340604,-1.4354617955730455,-1.6821084945363816
2100,0.05155510886735275,0.24362652405703647,-0.6226357502986613,0.28228659521340604,-1.4354617955730455,-0.409485245443436
2101,0.8203593639068253,-0.22318447382307077,1.468534698514755,0.28228659521340604,0.9776754627450532,0.8631380036495095
2102,0.435957236387089,-1.4680138015033568,-0.6226357502986613,0.28228659521340604,0.9776754627450532,0.8631380036495095
2103,0.435957236387089,-1.0012028036232494,-0.6226357502986613,1.7897856900703386,-0.8321774809935208,0.8631380036495095
2104,0.435957236387089,-0.5343918057431423,-0.09984313809530719,0.28228659521340604,0.9776754627450532,0.8631380036495095
2105,1.5891636189462977,-0.22318447382307077,1.468534698514755,0.28228659521340604,-1.4354617955730455,-1.6821084945363816
2106,-1.4860534012115922,-1.0012028036232494,-0.09984313809530719,-1.2252124996435267,0.9776754627450532,-0.409485245443436
2107,0.435957236387089,-1.312410135543321,-0.6226357502986613,0.28228659521340604,0.9776754627450532,-0.409485245443436
2108,0.435957236387089,-1.7792211334234282,-0.09984313809530719,-1.2252124996435267,-0.22889316641399612,0.8631380036495095
2109,-1.101651273691856,-1.1568064695832854,-0.09984313809530719,0.28228659521340604,-0.22889316641399612,0.8631380036495095
2110,-0.3328470186523835,-1.4680138015033568,-0.09984313809530719,-1.2252124996435267,0.37439114816552854,-0.409485245443436
2111,0.8203593639068253,0.24362652405703647,-1.1454283625020152,-1.2252124996435267,0.37439114816552854,-0.409485245443436
2112,-1.8704555287313285,-1.0012028036232494,1.468534698514755,-1.2252124996435267,0.9776754627450532,0.8631380036495095
2113,0.435957236387089,1.799663183657394,1.468534698514755,0.28228659521340604,0.9776754627450532,0.8631380036495095
2114,0.8203593639068253,0.24362652405703647,-1.1454283625020152,0.28228659521340604,-0.22889316641399612,0.8631380036495095
2115,1.5891636189462977,0.8660411878971794,1.468534698514755,1.7897856900703386,-0.8321774809935208,-1.6821084945363816
2116,0.435957236387089,-0.37878813978310655,-0.6226357502986613,0.28228659521340604,0.9776754627450532,0.8631380036495095
2117,0.435957236387089,-0.22318447382307077,-0.09984313809530719,0.28228659521340604,0.9776754627450532,-0.409485245443436
2118,0.8203593639068253,-0.22318447382307077,-0.09984313809530719,0.28228659521340604,0.9776754627450532,-0.409485245443436
2119,0.435957236387089,2.1108705155774654,-0.6226357502986613,-1.2252124996435267,0.9776754627450532,-0.409485245443436
2120,0.435957236387089,-0.22318447382307077,-0.09984313809530719,-1.2252124996435267,0.9776754627450532,-0.409485245443436
2121,0.8203593639068253,-0.22318447382307077,-0.09984313809530719,0.28228659521340604,-1.4354617955730455,-1.6821084945363816
2122,0.435957236387089,-1.4680138015033568,0.42294947410804684,1.7897856900703386,-0.8321774809935208,0.8631380036495095
2123,-0.7172491461721198,-1.1568064695832854,-0.09984313809530719,-1.2252124996435267,-1.4354617955730455,-0.409485245443436
2124,-1.4860534012115922,0.24362652405703647,1.468534698514755,-1.2252124996435267,0.9776754627450532,-0.409485245443436
2125,0.435957236387089,0.24362652405703647,-1.1454283625020152,-1.2252124996435267,-1.4354617955730455,-1.6821084945363816
2126,-1.101651273691856,-0.5343918057431423,-0.6226357502986613,0.28228659521340604,0.9776754627450532,-1.6821084945363816
2127,1.5891636189462977,0.7104375219371437,-1.1454283625020152,-1.2252124996435267,0.9776754627450532,0.8631380036495095
2128,0.05155510886735275,1.3328521857772866,1.468534698514755,-1.2252124996435267,0.9776754627450532,-0.409485245443436
2129,-1.101651273691856,0.24362652405703647,-1.1454283625020152,0.28228659521340604,0.9776754627450532,-0.409485245443436
2130,-1.101651273691856,0.24362652405703647,1.468534698514755,0.28228659521340604,0.9776754627450532,0.8631380036495095
2131,-0.3328470186523835,0.24362652405703647,1.468534698514755,1.7897856900703386,-0.8321774809935208,0.8631380036495095
2132,1.5891636189462977,-0.22318447382307077,-0.09984313809530719,-1.2252124996435267,0.37439114816552854,-1.6821084945363816
2133,-0.7172491461721198,-1.0012028036232494,-0.6226357502986613,-1.2252124996435267,0.37439114816552854,-0.409485245443436
2134,0.8203593639068253,-0.22318447382307077,-0.6226357502986613,1.7897856900703386,-0.8321774809935208,0.8631380036495095
2135,0.435957236387089,-0.37878813978310655,-0.09984313809530719,-1.2252124996435267,-1.4354617955730455,-1.6821084945363816
2136,-1.101651273691856,-0.22318447382307077,-0.09984313809530719,-1.2252124996435267,-1.4354617955730455,0.8631380036495095
2137,0.435957236387089,-0.22318447382307077,-0.09984313809530719,-1.2252124996435267,0.9776754627450532,-0.409485245443436
2138,-1.8704555287313285,2.266474181537501,1.468534698514755,0.28228659521340604,-1.4354617955730455,0.8631380036495095
2139,-0.7172491461721198,-1.1568064695832854,-0.09984313809530719,0.28228659521340604,0.9776754627450532,-1.6821084945363816
2140,0.435957236387089,1.799663183657394,1.468534698514755,-1.2252124996435267,-0.22889316641399612,0.8631380036495095
2141,-1.8704555287313285,1.799663183657394,1.468534698514755,0.28228659521340604,-1.4354617955730455,0.8631380036495095
2142,-1.101651273691856,-0.5343918057431423,-0.6226357502986613,1.7897856900703386,-0.8321774809935208,0.8631380036495095
2143,1.5891636189462977,-0.22318447382307077,-0.09984313809530719,-1.2252124996435267,-1.4354617955730455,-0.409485245443436
2144,-1.101651273691856,0.24362652405703647,-1.1454283625020152,-1.2252124996435267,0.37439114816552854,-0.409485245443436
2145,1.5891636189462977,-0.22318447382307077,1.468534698514755,0.28228659521340604,-1.4354617955730455,-1.6821084945363816
2146,1.5891636189462977,1.799663183657394,1.468534698514755,0.28228659521340604,0.9776754627450532,-0.409485245443436
2147,0.8203593639068253,0.24362652405703647,-1.1454283625020152,0.28228659521340604,0.9776754627450532,0.8631380036495095
2148,0.8203593639068253,0.24362652405703647,-1.1454283625020152,0.28228659521340604,0.9776754627450532,-1.6821084945363816
2149,0.8203593639068253,0.24362652405703647,-1.1454283625020152,0.28228659521340604,0.9776754627450532,-1.6821084945363816
2150,0.435957236387089,2.1108705155774654,-0.6226357502986613,0.28228659521340604,0.9776754627450532,-0.409485245443436
2151,-1.8704555287313285,-1.0012028036232494,-0.6226357502986613,-1.2252124996435267,0.9776754627450532,0.8631380036495095
2152,-1.101651273691856,-0.22318447382307077,-0.09984313809530719,1.7897856900703386,-0.8321774809935208,0.8631380036495095
2153,0.8203593639068253,0.24362652405703647,1.468534698514755,-1.2252124996435267,-1.4354617955730455,-1.6821084945363816
2154,0.8203593639068253,0.24362652405703647,1.468534698514755,0.28228659521340604,0.9776754627450532,-1.6821084945363816
2155,0.435957236387089,2.266474181537501,-1.1454283625020152,-1.2252124996435267,0.9776754627450532,-1.6821084945363816
2156,0.435957236387089,1.799663183657394,1.468534698514755,-1.2252124996435267,0.9776754627450532,-0.409485245443436
2157,0.435957236387089,2.266474181537501,-1.1454283625020152,-1.2252124996435267,-0.22889316641399612,0.8631380036495095
2158,1.5891636189462977,1.799663183657394,1.468534698514755,-1.2252124996435267,0.9776754627450532,-0.409485245443436
2159,1.2047614914265614,-0.22318447382307077,-0.09984313809530719,-1.2252124996435267,0.9776754627450532,0.8631380036495095
2160,-1.8704555287313285,2.266474181537501,1.468534698514755,0.28228659521340604,-0.22889316641399612,0.8631380036495095
2161,0.435957236387089,-1.7792211334234282,1.468534698514755,-1.2252124996435267,-0.22889316641399612,0.8631380036495095
2162,-0.3328470186523835,0.24362652405703647,1.468534698514755,0.28228659521340604,0.9776754627450532,-0.409485245443436
2163,-1.101651273691856,0.24362652405703647,1.468534698514755,-1.2252124996435267,0.9776754627450532,0.8631380036495095
2164,-1.8704555287313285,-0.37878813978310655,-0.6226357502986613,0.28228659521340604,-1.4354617955730455,0.8631380036495095
2165,0.435957236387089,0.24362652405703647,1.468534698514755,-1.2252124996435267,0.37439114816552854,-1.6821084945363816
2166,-1.101651273691856,-0.22318447382307077,-0.09984313809530719,0.28228659521340604,0.9776754627450532,-0.409485245443436
2167,-0.3328470186523835,0.24362652405703647,1.468534698514755,1.7897856900703386,-0.8321774809935208,0.8631380036495095
2168,0.8203593639068253,-0.22318447382307077,-0.09984313809530719,1.7897856900703386,-0.8321774809935208,0.8631380036495095
2169,-0.7172491461721198,-1.1568064695832854,-0.09984313809530719,0.28228659521340604,-1.4354617955730455,0.8631380036495095
2170,0.8203593639068253,-0.22318447382307077,-0.6226357502986613,0.28228659521340604,0.9776754627450532,0.8631380036495095
2171,-1.8704555287313285,-0.37878813978310655,-0.6226357502986613,-1.2252124996435267,0.9776754627450532,0.8631380036495095
2172,0.435957236387089,0.7104375219371437,1.468534698514755,-1.2252124996435267,0.9776754627450532,-0.409485245443436
2173,0.05155510886735275,-0.8455991376632138,1.468534698514755,-1.2252124996435267,-0.22889316641399612,0.8631380036495095
2174,0.8203593639068253,0.24362652405703647,-1.1454283625020152,0.28228659521340604,0.9776754627450532,0.8631380036495095
2175,-0.3328470186523835,0.24362652405703647,1.468534698514755,0.28228659521340604,-0.22889316641399612,-0.409485245443436
2176,0.8203593639068253,-0.22318447382307077,-0.6226357502986613,-1.2252124996435267,-0.22889316641399612,0.8631380036495095
2177,0.435957236387089,1.799663183657394,1.468534698514755,-1.2252124996435267,-1.4354617955730455,0.8631380036495095
2178,0.435957236387089,0.7104375219371437,-1.1454283625020152,0.28228659521340604,0.9776754627450532,0.8631380036495095
2179,0.8203593639068253,0.24362652405703647,-1.1454283625020152,0.28228659521340604,-0.22889316641399612,0.8631380036495095
2180,-1.101651273691856,0.8660411878971794,-1.1454283625020152,0.28228659521340604,0.9776754627450532,0.8631380036495095
2181,0.8203593639068253,0.24362652405703647,1.468534698514755,0.28228659521340604,0.9776754627450532,0.8631380036495095
2182,-1.8704555287313285,-0.37878813978310655,-0.6226357502986613,-1.2252124996435267,0.9776754627450532,0.8631380036495095
2183,0.435957236387089,1.799663183657394,1.468534698514755,-1.2252124996435267,-1.4354617955730455,0.8631380036495095
2184,0.435957236387089,1.799663183657394,1.468534698514755,-1.2252124996435267,0.37439114816552854,-1.6821084945363816
2185,-1.8704555287313285,1.799663183657394,1.468534698514755,0.28228659521340604,-0.22889316641399612,0.8631380036495095
2186,0.435957236387089,-1.7792211334234282,-0.09984313809530719,0.28228659521340604,0.9776754627450532,-0.409485245443436
2187,0.435957236387089,-1.312410135543321,-0.6226357502986613,1.7897856900703386,-0.8321774809935208,-1.6821084945363816
2188,0.05155510886735275,-0.8455991376632138,1.468534698514755,0.28228659521340604,0.9776754627450532,-0.409485245443436
2189,0.05155510886735275,-1.1568064695832854,-0.09984313809530719,0.28228659521340604,0.9776754627450532,-1.6821084945363816
2190,0.435957236387089,0.24362652405703647,-1.1454283625020152,0.28228659521340604,0.9776754627450532,-0.409485245443436
2191,0.435957236387089,-0.37878813978310655,-0.6226357502986613,0.28228659521340604,-1.4354617955730455,-0.409485245443436
2192,-0.3328470186523835,-0.22318447382307077,-0.09984313809530719,0.28228659521340604,0.9776754627450532,-0.409485245443436
2193,0.435957236387089,-0.22318447382307077,-0.09984313809530719,-1.2252124996435267,0.9776754627450532,-1.6821084945363816
2194,0.435957236387089,0.8660411878971794,1.468534698514755,0.28228659521340604,0.9776754627450532,-0.409485245443436
2195,-1.4860534012115922,-1.1568064695832854,-0.09984313809530719,1.7897856900703386,-0.8321774809935208,-0.409485245443436
2196,0.435957236387089,2.1108705155774654,-0.6226357502986613,0.28228659521340604,-0.22889316641399612,-0.409485245443436
2197,-1.4860534012115922,-1.0012028036232494,-0.6226357502986613,1.7897856900703386,-0.8321774809935208,0.8631380036495095
2198,-1.101651273691856,-1.1568064695832854,-0.09984313809530719,0.28228659521340604,0.9776754627450532,-0.409485245443436
2199,-0.7172491461721198,-1.0012028036232494,-0.09984313809530719,0.28228659521340604,-0.22889316641399612,0.8631380036495095
2200,0.8203593639068253,-0.22318447382307077,-0.6226357502986613,-1.2252124996435267,0.9776754627450532,-1.6821084945363816
2201,0.435957236387089,2.1108705155774654,-0.6226357502986613,0.28228659521340604,0.9776754627450532,-0.409485245443436
2202,-1.4860534012115922,0.24362652405703647,1.468534698514755,0.28228659521340604,0.9776754627450532,-1.6821084945363816
2203,-1.4860534012115922,-1.0012028036232494,-0.6226357502986613,-1.2252124996435267,0.9776754627450532,0.8631380036495095
2204,1.5891636189462977,0.8660411878971794,1.468534698514755,0.28228659521340604,0.9776754627450532,-0.409485245443436
2205,-0.7172491461721198,0.24362652405703647,-1.1454283625020152,0.28228659521340604,0.9776754627450532,-0.409485245443436
2206,0.8203593639068253,-0.22318447382307077,-1.1454283625020152,-1.2252124996435267,-1.4354617955730455,-1.6821084945363816
2207,-1.101651273691856,1.0216448538572152,1.468534698514755,0.28228659521340604,-1.4354617955730455,0.8631380036495095
2208,-0.7172491461721198,0.24362652405703647,1.468534698514755,-1.2252124996435267,0.37439114816552854,-0.409485245443436
2209,0.435957236387089,-1.7792211334234282,1.468534698514755,-1.2252124996435267,-1.4354617955730455,0.8631380036495095
2210,-0.3328470186523835,-0.22318447382307077,-0.09984313809530719,0.28228659521340604,0.9776754627450532,0.8631380036495095
2211,0.435957236387089,-0.37878813978310655,-0.6226357502986613,-1.2252124996435267,-0.22889316641399612,0.8631380036495095
2212,-0.7172491461721198,-1.0012028036232494,-0.6226357502986613,0.28228659521340604,0.9776754627450532,0.8631380036495095
2213,-1.8704555287313285,1.799663183657394,-1.1454283625020152,0.28228659521340604,-1.4354617955730455,0.8631380036495095
2214,0.8203593639068253,0.24362652405703647,-1.1454283625020152,0.28228659521340604,0.9776754627450532,0.8631380036495095
2215,0.8203593639068253,-0.22318447382307077,-1.1454283625020152,0.28228659521340604,-1.4354617955730455,0.8631380036495095
2216,0.435957236387089,2.1108705155774654,1.468534698514755,0.28228659521340604,0.9776754627450532,-0.409485245443436
2217,-1.101651273691856,-1.4680138015033568,-0.09984313809530719,1.7897856900703386,-0.8321774809935208,0.8631380036495095
2218,1.5891636189462977,-0.22318447382307077,-0.09984313809530719,-1.2252124996435267,-1.4354617955730455,-0.409485245443436
2219,0.435957236387089,-1.4680138015033568,-0.09984313809530719,0.28228659521340604,0.9776754627450532,0.8631380036495095
2220,-0.7172491461721198,-0.06758080786303503,-1.1454283625020152,-1.2252124996435267,-1.4354617955730455,-0.409485245443436
2221,-0.3328470186523835,0.8660411878971794,1.468534698514755,0.28228659521340604,-1.4354617955730455,-0.409485245443436
2222,-1.4860534012115922,1.799663183657394,1.468534698514755,0.28228659521340604,0.9776754627450532,0.8631380036495095
2223,-0.3328470186523835,-0.5343918057431423,0.42294947410804684,-1.2252124996435267,0.9776754627450532,-0.409485245443436
2224,1.5891636189462977,0.24362652405703647,1.468534698514755,1.7897856900703386,-0.8321774809935208,0.8631380036495095
2225,0.435957236387089,-0.37878813978310655,-0.6226357502986613,1.7897856900703386,-0.8321774809935208,-1.6821084945363816
2226,0.05155510886735275,-0.5343918057431423,-0.09984313809530719,0.28228659521340604,-1.4354617955730455,-0.409485245443436
2227,0.435957236387089,-1.1568064695832854,-0.09984313809530719,0.28228659521340604,-0.22889316641399612,-0.409485245443436
2228,-0.7172491461721198,0.8660411878971794,-1.1454283625020152,1.7897856900703386,-0.8321774809935208,0.8631380036495095
2229,0.05155510886735275,-1.1568064695832854,-0.09984313809530719,0.28228659521340604,0.9776754627450532,-0.409485245443436
2230,0.8203593639068253,-0.22318447382307077,-1.1454283625020152,1.7897856900703386,-0.8321774809935208,0.8631380036495095
2231,0.435957236387089,-0.37878813978310655,-0.6226357502986613,-1.2252124996435267,-1.4354617955730455,0.8631380036495095
2232,-0.3328470186523835,0.24362652405703647,1.468534698514755,0.28228659521340604,-0.22889316641399612,-0.409485245443436
2233,0.435957236387089,-1.7792211334234282,1.468534698514755,0.28228659521340604,0.9776754627450532,-1.6821084945363816
2234,1.2047614914265614,-0.689995471703178,1.468534698514755,0.28228659521340604,0.9776754627450532,0.8631380036495095
2235,0.8203593639068253,0.24362652405703647,-1.1454283625020152,0.28228659521340604,-1.4354617955730455,0.8631380036495095
2236,-1.4860534012115922,-1.1568064695832854,0.42294947410804684,0.28228659521340604,0.9776754627450532,0.8631380036495095
2237,0.8203593639068253,0.24362652405703647,1.468534698514755,0.28228659521340604,-1.4354617955730455,-1.6821084945363816
2238,0.435957236387089,-0.22318447382307077,-0.09984313809530719,-1.2252124996435267,-0.22889316641399612,0.8631380036495095
2239,-0.7172491461721198,0.8660411878971794,-1.1454283625020152,-1.2252124996435267,0.37439114816552854,-0.409485245443436
2240,0.8203593639068253,0.24362652405703647,1.468534698514755,1.7897856900703386,-0.8321774809935208,0.8631380036495095
2241,-1.101651273691856,0.24362652405703647,1.468534698514755,-1.2252124996435267,0.37439114816552854,-1.6821084945363816
2242,-0.3328470186523835,-0.5343918057431423,0.42294947410804684,-1.2252124996435267,0.9776754627450532,0.8631380036495095
2243,0.435957236387089,1.799663183657394,1.468534698514755,0.28228659521340604,0.9776754627450532,0.8631380036495095
2244,0.435957236387089,2.1108705155774654,-0.6226357502986613,0.28228659521340604,0.9776754627450532,0.8631380036495095
2245,-1.8704555287313285,1.799663183657394,1.468534698514755,0.28228659521340604,0.9776754627450532,0.8631380036495095
2246,-1.8704555287313285,-1.0012028036232494,1.468534698514755,0.28228659521340604,-1.4354617955730455,0.8631380036495095
2247,-0.3328470186523835,-0.22318447382307077,-0.09984313809530719,1.7897856900703386,-0.8321774809935208,0.8631380036495095
2248,0.435957236387089,0.7104375219371437,-1.1454283625020152,-1.2252124996435267,0.9776754627450532,-0.409485245443436
2249,0.435957236387089,-0.37878813978310655,-0.6226357502986613,-1.2252124996435267,0.37439114816552854,-1.6821084945363816
2250,0.8203593639068253,0.24362652405703647,1.468534698514755,0.28228659521340604,0.9776754627450532,0.8631380036495095
2251,0.435957236387089,-1.312410135543321,-0.6226357502986613,-1.2252124996435267,0.37439114816552854,-1.6821084945363816
2252,-1.4860534012115922,-1.1568064695832854,-0.6226357502986613,0.28228659521340604,0.9776754627450532,-0.409485245443436
2253,0.435957236387089,-1.1568064695832854,0.42294947410804684,0.28228659521340604,0.9776754627450532,-0.409485245443436
2254,0.435957236387089,-1.1568064695832854,-0.09984313809530719,0.28228659521340604,0.9776754627450532,0.8631380036495095
2255,1.5891636189462977,0.554833855977108,-1.1454283625020152,-1.2252124996435267,0.37439114816552854,-1.6821084945363816
2256,0.435957236387089,-1.7792211334234282,-0.09984313809530719,0.28228659521340604,-0.22889316641399612,0.8631380036495095
2257,-0.7172491461721198,-0.06758080786303503,-1.1454283625020152,0.28228659521340604,-1.4354617955730455,0.8631380036495095
2258,-0.7172491461721198,0.24362652405703647,-1.1454283625020152,-1.2252124996435267,0.9776754627450532,-0.409485245443436
2259,-0.7172491461721198,0.24362652405703647,-1.1454283625020152,0.28228659521340604,0.9776754627450532,-1.6821084945363816
2260,-0.3328470186523835,-1.1568064695832854,0.42294947410804684,0.28228659521340604,0.9776754627450532,0.8631380036495095
2261,0.435957236387089,1.799663183657394,1.468534698514755,0.28228659521340604,-1.4354617955730455,-0.409485245443436
2262,1.5891636189462977,-0.22318447382307077,1.468534698514755,0.28228659521340604,0.9776754627450532,0.8631380036495095
2263,0.8203593639068253,-0.22318447382307077,1.468534698514755,0.28228659521340604,-0.22889316641399612,0.8631380036495095
2264,0.435957236387089,-0.37878813978310655,-0.6226357502986613,1.7897856900703386,-0.8321774809935208,0.8631380036495095
2265,0.8203593639068253,-0.22318447382307077,-0.09984313809530719,0.28228659521340604,-1.4354617955730455,-1.6821084945363816
2266,0.8203593639068253,-1.0012028036232494,1.468534698514755,-1.2252124996435267,0.9776754627450532,0.8631380036495095
2267,0.435957236387089,-1.1568064695832854,-0.6226357502986613,-1.2252124996435267,0.9776754627450532,-0.409485245443436
2268,0.8203593639068253,-0.22318447382307077,-0.6226357502986613,0.28228659521340604,0.9776754627450532,-0.409485245443436
2269,0.8203593639068253,-0.22318447382307077,0.42294947410804684,0.28228659521340604,-1.4354617955730455,-1.6821084945363816
2270,1.5891636189462977,0.7104375219371437,-1.1454283625020152,0.28228659521340604,-0.22889316641399612,0.8631380036495095
2271,-0.7172491461721198,0.24362652405703647,-1.1454283625020152,1.7897856900703386,-0.8321774809935208,0.8631380036495095
2272,-1.8704555287313285,-1.0012028036232494,-0.6226357502986613,0.28228659521340604,0.9776754627450532,0.8631380036495095
2273,0.05155510886735275,1.3328521857772866,1.468534698514755,0.28228659521340604,-0.22889316641399612,0.8631380036495095
2274,1.5891636189462977,0.8660411878971794,1.468534698514755,-1.2252124996435267,0.9776754627450532,-0.409485245443436
2275,-0.7172491461721198,-0.06758080786303503,-1.1454283625020152,0.28228659521340604,0.9776754627450532,0.8631380036495095
2276,-0.3328470186523835,0.24362652405703647,1.468534698514755,-1.2252124996435267,0.9776754627450532,-1.6821084945363816
2277,-0.3328470186523835,-1.0012028036232494,-0.09984313809530719,0.28228659521340604,0.9776754627450532,-0.409485245443436
2278,1.5891636189462977,-0.22318447382307077,-0.09984313809530719,1.7897856900703386,-0.8321774809935208,0.8631380036495095
2279,0.05155510886735275,1.3328521857772866,1.468534698514755,0.28228659521340604,-1.4354617955730455,-0.409485245443436
2280,-1.8704555287313285,-1.0012028036232494,-0.6226357502986613,-1.2252124996435267,-1.4354617955730455,0.8631380036495095
2281,-1.8704555287313285,0.24362652405703647,-1.1454283625020152,0.28228659521340604,-0.22889316641399612,0.8631380036495095
2282,-1.8704555287313285,-1.6236174674633925,-0.6226357502986613,-1.2252124996435267,-1.4354617955730455,0.8631380036495095
2283,0.435957236387089,-1.0012028036232494,-0.6226357502986613,0.28228659521340604,-0.22889316641399612,0.8631380036495095
2284,0.435957236387089,2.266474181537501,-1.1454283625020152,-1.2252124996435267,0.9776754627450532,-1.6821084945363816
2285,0.435957236387089,2.1108705155774654,-0.6226357502986613,-1.2252124996435267,0.9776754627450532,-0.409485245443436
2286,0.435957236387089,0.7104375219371437,1.468534698514755,0.28228659521340604,-1.4354617955730455,-0.409485245443436
2287,0.8203593639068253,0.24362652405703647,1.468534698514755,-1.2252124996435267,-1.4354617955730455,0.8631380036495095
2288,-1.4860534012115922,-1.0012028036232494,-0.6226357502986613,0.28228659521340604,0.9776754627450532,-1.6821084945363816
2289,-1.8704555287313285,0.24362652405703647,-1.1454283625020152,-1.2252124996435267,0.9776754627450532,0.8631380036495095
2290,0.8203593639068253,0.3992301900170722,-1.1454283625020152,0.28228659521340604,0.9776754627450532,0.8631380036495095
2291,1.2047614914265614,-0.689995471703178,1.468534698514755,0.28228659521340604,-0.22889316641399612,0.8631380036495095
2292,0.05155510886735275,0.24362652405703647,-1.1454283625020152,-1.2252124996435267,0.9776754627450532,0.8631380036495095
2293,0.05155510886735275,-1.0012028036232494,-0.6226357502986613,0.28228659521340604,-1.4354617955730455,-0.409485245443436
2294,0.435957236387089,-1.0012028036232494,-0.6226357502986613,1.7897856900703386,-0.8321774809935208,0.8631380036495095
2295,0.435957236387089,1.799663183657394,1.468534698514755,1.7897856900703386,-0.8321774809935208,0.8631380036495095
2296,1.2047614914265614,-0.689995471703178,1.468534698514755,1.7897856900703386,-0.8321774809935208,0.8631380036495095
2297,1.5891636189462977,0.24362652405703647,-1.1454283625020152,-1.2252124996435267,0.9776754627450532,0.8631380036495095
2298,0.8203593639068253,-0.22318447382307077,-0.6226357502986613,0.28228659521340604,0.9776754627450532,0.8631380036495095
2299,0.05155510886735275,-1.0012028036232494,-0.6226357502986613,0.28228659521340604,-1.4354617955730455,-0.409485245443436
2300,0.435957236387089,2.266474181537501,-1.1454283625020152,-1.2252124996435267,0.9776754627450532,-0.409485245443436
2301,0.8203593639068253,-0.22318447382307077,-0.6226357502986613,1.7897856900703386,-0.8321774809935208,0.8631380036495095
2302,-1.8704555287313285,-1.6236174674633925,-0.6226357502986613,1.7897856900703386,-0.8321774809935208,0.8631380036495095
2303,-0.3328470186523835,1.6440595176973583,0.9457420863114009,0.28228659521340604,-0.22889316641399612,-0.409485245443436
2304,-0.7172491461721198,-1.1568064695832854,-0.09984313809530719,1.7897856900703386,-0.8321774809935208,-0.409485245443436
2305,1.5891636189462977,0.554833855977108,-1.1454283625020152,0.28228659521340604,0.9776754627450532,0.8631380036495095
2306,0.435957236387089,-0.22318447382307077,-0.09984313809530719,1.7897856900703386,-0.8321774809935208,0.8631380036495095
2307,-1.8704555287313285,-1.0012028036232494,-0.6226357502986613,0.28228659521340604,0.9776754627450532,0.8631380036495095
2308,0.8203593639068253,0.24362652405703647,-1.1454283625020152,0.28228659521340604,-1.4354617955730455,-1.6821084945363816
2309,1.2047614914265614,-0.22318447382307077,-0.09984313809530719,0.28228659521340604,-0.22889316641399612,-0.409485245443436
2310,-0.3328470186523835,0.3992301900170722,1.468534698514755,0.28228659521340604,-1.4354617955730455,0.8631380036495095
2311,1.5891636189462977,1.9552668496174297,-1.1454283625020152,-1.2252124996435267,0.37439114816552854,-0.409485245443436
2312,0.8203593639068253,0.24362652405703647,-1.1454283625020152,0.28228659521340604,0.9776754627450532,0.8631380036495095
2313,-1.101651273691856,0.24362652405703647,-1.1454283625020152,0.28228659521340604,-0.22889316641399612,-0.409485245443436
2314,-1.4860534012115922,-1.1568064695832854,-0.09984313809530719,0.28228659521340604,0.9776754627450532,0.8631380036495095
2315,0.05155510886735275,-0.37878813978310655,-0.6226357502986613,-1.2252124996435267,0.9776754627450532,-0.409485245443436
2316,0.8203593639068253,-0.22318447382307077,-0.09984313809530719,0.28228659521340604,0.9776754627450532,0.8631380036495095
2317,0.8203593639068253,-0.22318447382307077,1.468534698514755,1.7897856900703386,-0.8321774809935208,0.8631380036495095
2318,1.2047614914265614,-0.689995471703178,1.468534698514755,0.28228659521340604,-1.4354617955730455,-1.6821084945363816
2319,1.5891636189462977,-1.1568064695832854,0.42294947410804684,1.7897856900703386,-0.8321774809935208,-1.6821084945363816
2320,0.8203593639068253,-0.22318447382307077,-0.6226357502986613,0.28228659521340604,0.9776754627450532,-1.6821084945363816
2321,-0.7172491461721198,0.8660411878971794,-1.1454283625020152,0.28228659521340604,-1.4354617955730455,0.8631380036495095
2322,-1.4860534012115922,-1.1568064695832854,-0.09984313809530719,0.28228659521340604,0.9776754627450532,-0.409485245443436
2323,-1.8704555287313285,1.799663183657394,-1.1454283625020152,0.28228659521340604,0.9776754627450532,0.8631380036495095
2324,1.5891636189462977,1.799663183657394,1.468534698514755,0.28228659521340604,0.9776754627450532,-1.6821084945363816
2325,-1.8704555287313285,-0.37878813978310655,-0.6226357502986613,1.7897856900703386,-0.8321774809935208,0.8631380036495095
2326,-1.8704555287313285,-1.6236174674633925,-0.6226357502986613,-1.2252124996435267,0.37439114816552854,0.8631380036495095
2327,0.435957236387089,-1.1568064695832854,-0.09984313809530719,0.28228659521340604,0.9776754627450532,-0.409485245443436
2328,1.5891636189462977,0.554833855977108,-1.1454283625020152,0.28228659521340604,0.9776754627450532,-0.409485245443436
2329,-1.101651273691856,0.24362652405703647,-1.1454283625020152,0.28228659521340604,-0.22889316641399612,-0.409485245443436
2330,-0.7172491461721198,-0.06758080786303503,1.468534698514755,0.28228659521340604,0.9776754627450532,0.8631380036495095
2331,0.8203593639068253,0.24362652405703647,1.468534698514755,-1.2252124996435267,0.9776754627450532,0.8631380036495095
2332,-1.101651273691856,-0.22318447382307077,-0.6226357502986613,0.28228659521340604,-1.4354617955730455,0.8631380036495095
2333,-1.101651273691856,0.24362652405703647,-1.1454283625020152,0.28228659521340604,-1.4354617955730455,0.8631380036495095
2334,0.435957236387089,0.24362652405703647,-1.1454283625020152,-1.2252124996435267,0.9776754627450532,0.8631380036495095
2335,0.435957236387089,-1.0012028036232494,-0.6226357502986613,-1.2252124996435267,-1.4354617955730455,-1.6821084945363816
2336,0.435957236387089,-0.22318447382307077,-0.6226357502986613,-1.2252124996435267,0.37439114816552854,-1.6821084945363816
2337,-1.4860534012115922,-1.0012028036232494,-0.6226357502986613,0.28228659521340604,0.9776754627450532,0.8631380036495095
2338,0.8203593639068253,0.24362652405703647,-1.1454283625020152,-1.2252124996435267,-0.22889316641399612,0.8631380036495095
2339,0.435957236387089,-0.22318447382307077,-0.09984313809530719,0.28228659521340604,0.9776754627450532,0.8631380036495095
2340,-0.3328470186523835,-1.4680138015033568,-0.09984313809530719,1.7897856900703386,-0.8321774809935208,-0.409485245443436
2341,0.8203593639068253,-0.22318447382307077,-0.6226357502986613,0.28228659521340604,0.9776754627450532,0.8631380036495095
2342,0.8203593639068253,0.24362652405703647,1.468534698514755,0.28228659521340604,0.9776754627450532,0.8631380036495095
2343,-1.101651273691856,-0.5343918057431423,-0.6226357502986613,-1.2252124996435267,0.9776754627450532,-1.6821084945363816
2344,0.8203593639068253,0.24362652405703647,1.468534698514755,-1.2252124996435267,0.9776754627450532,0.8631380036495095
2345,0.8203593639068253,-0.22318447382307077,1.468534698514755,0.28228659521340604,-1.4354617955730455,-1.6821084945363816
2346,0.8203593639068253,0.24362652405703647,1.468534698514755,0.28228659521340604,0.9776754627450532,0.8631380036495095
2347,0.8203593639068253,-0.22318447382307077,-0.6226357502986613,0.28228659521340604,0.9776754627450532,0.8631380036495095
2348,-0.7172491461721198,-1.1568064695832854,-0.09984313809530719,-1.2252124996435267,0.37439114816552854,-1.6821084945363816
2349,0.8203593639068253,0.24362652405703647,-1.1454283625020152,0.28228659521340604,-1.4354617955730455,-1.6821084945363816
2350,-0.3328470186523835,0.24362652405703647,1.468534698514755,0.28228659521340604,-1.4354617955730455,-0.409485245443436
2351,0.8203593639068253,-0.22318447382307077,-1.1454283625020152,0.28228659521340604,0.9776754627450532,0.8631380036495095
2352,-0.7172491461721198,0.24362652405703647,1.468534698514755,0.28228659521340604,0.9776754627450532,0.8631380036495095
2353,0.435957236387089,0.24362652405703647,1.468534698514755,0.28228659521340604,-0.22889316641399612,0.8631380036495095
2354,1.2047614914265614,-0.689995471703178,1.468534698514755,1.7897856900703386,-0.8321774809935208,0.8631380036495095
2355,1.5891636189462977,0.24362652405703647,1.468534698514755,0.28228659521340604,0.9776754627450532,-1.6821084945363816
2356,-0.3328470186523835,-0.5343918057431423,0.42294947410804684,1.7897856900703386,-0.8321774809935208,-0.409485245443436
2357,-0.3328470186523835,0.24362652405703647,1.468534698514755,-1.2252124996435267,-1.4354617955730455,-1.6821084945363816
2358,-1.4860534012115922,-1.0012028036232494,-0.6226357502986613,0.28228659521340604,-1.4354617955730455,0.8631380036495095
2359,0.435957236387089,2.1108705155774654,-0.6226357502986613,0.28228659521340604,0.9776754627450532,0.8631380036495095
2360,-1.101651273691856,-1.1568064695832854,-0.09984313809530719,0.28228659521340604,-1.4354617955730455,-0.409485245443436
2361,0.8203593639068253,0.3992301900170722,1.468534698514755,0.28228659521340604,-0.22889316641399612,0.8631380036495095
2362,0.435957236387089,2.1108705155774654,-0.6226357502986613,-1.2252124996435267,0.9776754627450532,-1.6821084945363816
2363,-0.7172491461721198,0.24362652405703647,1.468534698514755,-1.2252124996435267,0.9776754627450532,-1.6821084945363816
2364,0.435957236387089,1.799663183657394,1.468534698514755,-1.2252124996435267,0.9776754627450532,-1.6821084945363816
2365,-1.101651273691856,0.24362652405703647,1.468534698514755,0.28228659521340604,0.9776754627450532,-0.409485245443436
2366,0.05155510886735275,-0.37878813978310655,-0.6226357502986613,1.7897856900703386,-0.8321774809935208,0.8631380036495095
2367,-1.4860534012115922,-0.37878813978310655,-0.6226357502986613,0.28228659521340604,0.9776754627450532,-1.6821084945363816
2368,0.05155510886735275,1.799663183657394,-1.1454283625020152,-1.2252124996435267,0.9776754627450532,-0.409485245443436
2369,0.435957236387089,1.799663183657394,1.468534698514755,1.7897856900703386,-0.8321774809935208,0.8631380036495095
2370,0.8203593639068253,0.24362652405703647,-1.1454283625020152,-1.2252124996435267,-1.4354617955730455,-1.6821084945363816
2371,-0.3328470186523835,-1.1568064695832854,0.42294947410804684,-1.2252124996435267,0.9776754627450532,0.8631380036495095
2372,-0.7172491461721198,0.24362652405703647,-1.1454283625020152,-1.2252124996435267,0.9776754627450532,0.8631380036495095
2373,0.8203593639068253,-0.22318447382307077,-0.09984313809530719,-1.2252124996435267,0.37439114816552854,-0.409485245443436
2374,-1.4860534012115922,2.422077847497537,1.468534698514755,0.28228659521340604,0.9776754627450532,0.8631380036495095
2375,1.2047614914265614,-0.689995471703178,1.468534698514755,0.28228659521340604,-1.4354617955730455,0.8631380036495095
2376,0.8203593639068253,-0.22318447382307077,0.42294947410804684,-1.2252124996435267,-0.22889316641399612,0.8631380036495095
2377,0.435957236387089,0.24362652405703647,-1.1454283625020152,0.28228659521340604,0.9776754627450532,-0.409485245443436
2378,0.05155510886735275,-1.1568064695832854,-0.09984313809530719,0.28228659521340604,0.9776754627450532,0.8631380036495095
2379,0.435957236387089,2.1108705155774654,-0.6226357502986613,0.28228659521340604,0.9776754627450532,0.8631380036495095
2380,0.05155510886735275,0.8660411878971794,1.468534698514755,1.7897856900703386,-0.8321774809935208,0.8631380036495095
2381,-1.101651273691856,0.24362652405703647,1.468534698514755,-1.2252124996435267,-0.22889316641399612,-0.409485245443436
2382,0.8203593639068253,0.24362652405703647,-1.1454283625020152,0.28228659521340604,0.9776754627450532,0.8631380036495095
2383,-1.4860534012115922,-1.0012028036232494,-0.09984313809530719,0.28228659521340604,-1.4354617955730455,-1.6821084945363816
2384,0.435957236387089,-1.4680138015033568,-0.6226357502986613,-1.2252124996435267,0.9776754627450532,-1.6821084945363816
2385,0.435957236387089,0.7104375219371437,-1.1454283625020152,0.28228659521340604,-0.22889316641399612,0.8631380036495095
2386,-0.7172491461721198,1.1772485198172509,1.468534698514755,0.28228659521340604,-0.22889316641399612,0.8631380036495095
2387,0.8203593639068253,0.7104375219371437,1.468534698514755,-1.2252124996435267,-1.4354617955730455,-1.6821084945363816
2388,-1.101651273691856,-0.22318447382307077,-0.6226357502986613,0.28228659521340604,0.9776754627450532,0.8631380036495095
2389,-1.101651273691856,-1.1568064695832854,-0.09984313809530719,0.28228659521340604,0.9776754627450532,0.8631380036495095
2390,1.5891636189462977,0.8660411878971794,-1.1454283625020152,0.28228659521340604,0.9776754627450532,-1.6821084945363816
2391,-1.4860534012115922,-1.0012028036232494,0.42294947410804684,0.28228659521340604,-1.4354617955730455,-0.409485245443436
2392,-1.101651273691856,-0.22318447382307077,-0.6226357502986613,0.28228659521340604,0.9776754627450532,-0.409485245443436
2393,1.2047614914265614,-1.0012028036232494,0.9457420863114009,0.28228659521340604,-1.4354617955730455,0.8631380036495095
2394,0.435957236387089,2.1108705155774654,-0.6226357502986613,-1.2252124996435267,-0.22889316641399612,0.8631380036495095
2395,0.8203593639068253,-0.22318447382307077,-0.6226357502986613,0.28228659521340604,0.9776754627450532,0.8631380036495095
2396,0.8203593639068253,-0.22318447382307077,0.42294947410804684,-1.2252124996435267,0.9776754627450532,0.8631380036495095
2397,-1.4860534012115922,2.422077847497537,1.468534698514755,-1.2252124996435267,0.9776754627450532,0.8631380036495095
2398,0.435957236387089,-0.22318447382307077,-0.09984313809530719,-1.2252124996435267,0.9776754627450532,-0.409485245443436
2399,-1.101651273691856,0.24362652405703647,1.468534698514755,0.28228659521340604,-1.4354617955730455,-0.409485245443436
2400,-0.7172491461721198,-0.06758080786303503,-1.1454283625020152,-1.2252124996435267,-0.22889316641399612,0.8631380036495095
2401,0.8203593639068253,-0.22318447382307077,-0.6226357502986613,-1.2252124996435267,0.9776754627450532,-0.409485245443436
2402,-1.4860534012115922,2.422077847497537,1.468534698514755,0.28228659521340604,0.9776754627450532,-0.409485245443436
2403,-1.101651273691856,0.24362652405703647,-1.1454283625020152,1.7897856900703386,-0.8321774809935208,0.8631380036495095
2404,1.5891636189462977,0.24362652405703647,1.468534698514755,0.28228659521340604,0.9776754627450532,0.8631380036495095
2405,0.435957236387089,-1.0012028036232494,-0.6226357502986613,-1.2252124996435267,-1.4354617955730455,-1.6821084945363816
2406,0.8203593639068253,0.24362652405703647,-1.1454283625020152,0.28228659521340604,-1.4354617955730455,-1.6821084945363816
2407,0.8203593639068253,-0.22318447382307077,-0.6226357502986613,0.28228659521340604,-0.22889316641399612,0.8631380036495095
2408,-1.4860534012115922,-1.1568064695832854,-0.09984313809530719,-1.2252124996435267,0.37439114816552854,-0.409485245443436
2409,0.435957236387089,-0.5343918057431423,0.42294947410804684,0.28228659521340604,-1.4354617955730455,-0.409485245443436
2410,-1.8704555287313285,-1.0012028036232494,1.468534698514755,-1.2252124996435267,-0.22889316641399612,0.8631380036495095
2411,0.435957236387089,0.7104375219371437,-1.1454283625020152,1.7897856900703386,-0.8321774809935208,0.8631380036495095
2412,-0.7172491461721198,-0.06758080786303503,-0.6226357502986613,0.28228659521340604,0.9776754627450532,-0.409485245443436
2413,0.8203593639068253,-0.22318447382307077,-0.6226357502986613,-1.2252124996435267,0.37439114816552854,0.8631380036495095
2414,0.435957236387089,2.5776815134575726,0.42294947410804684,0.28228659521340604,-0.22889316641399612,0.8631380036495095
2415,1.5891636189462977,-0.22318447382307077,1.468534698514755,0.28228659521340604,0.9776754627450532,-1.6821084945363816
2416,-1.8704555287313285,-0.37878813978310655,-0.6226357502986613,0.28228659521340604,-0.22889316641399612,0.8631380036495095
2417,-1.4860534012115922,-1.1568064695832854,-0.6226357502986613,-1.2252124996435267,-1.4354617955730455,0.8631380036495095
2418,-1.101651273691856,-0.22318447382307077,-0.6226357502986613,0.28228659521340604,0.9776754627450532,0.8631380036495095
2419,0.435957236387089,0.24362652405703647,-1.1454283625020152,0.28228659521340604,0.9776754627450532,0.8631380036495095
2420,1.5891636189462977,0.8660411878971794,1.468534698514755,0.28228659521340604,0.9776754627450532,0.8631380036495095
2421,-0.7172491461721198,0.24362652405703647,-1.1454283625020152,-1.2252124996435267,0.37439114816552854,-0.409485245443436
2422,0.435957236387089,-0.22318447382307077,-0.6226357502986613,-1.2252124996435267,0.9776754627450532,-1.6821084945363816
2423,1.5891636189462977,0.554833855977108,-1.1454283625020152,0.28228659521340604,-0.22889316641399612,0.8631380036495095
2424,0.8203593639068253,0.24362652405703647,-1.1454283625020152,0.28228659521340604,0.9776754627450532,0.8631380036495095
2425,-1.8704555287313285,-1.0012028036232494,1.468534698514755,0.28228659521340604,-1.4354617955730455,0.8631380036495095
2426,0.8203593639068253,0.24362652405703647,1.468534698514755,1.7897856900703386,-0.8321774809935208,0.8631380036495095
2427,0.435957236387089,-0.37878813978310655,-0.6226357502986613,-1.2252124996435267,0.9776754627450532,-1.6821084945363816
2428,-1.101651273691856,0.24362652405703647,1.468534698514755,0.28228659521340604,0.9776754627450532,0.8631380036495095
2429,-0.7172491461721198,0.24362652405703647,-1.1454283625020152,0.28228659521340604,0.9776754627450532,0.8631380036495095
2430,0.435957236387089,2.1108705155774654,-0.09984313809530719,-1.2252124996435267,-1.4354617955730455,0.8631380036495095
2431,-1.101651273691856,-0.5343918057431423,-0.6226357502986613,1.7897856900703386,-0.8321774809935208,0.8631380036495095
2432,0.435957236387089,0.24362652405703647,-1.1454283625020152,-1.2252124996435267,0.9776754627450532,-0.409485245443436
2433,0.8203593639068253,0.24362652405703647,1.468534698514755,0.28228659521340604,-0.22889316641399612,0.8631380036495095
2434,-1.101651273691856,-0.22318447382307077,-0.6226357502986613,0.28228659521340604,0.9776754627450532,-0.409485245443436
2435,-0.7172491461721198,-1.1568064695832854,-0.09984313809530719,0.28228659521340604,-1.4354617955730455,-1.6821084945363816
2436,0.435957236387089,1.799663183657394,1.468534698514755,-1.2252124996435267,0.9776754627450532,-0.409485245443436
2437,1.5891636189462977,0.24362652405703647,1.468534698514755,1.7897856900703386,-0.8321774809935208,-1.6821084945363816
2438,-1.101651273691856,-1.0012028036232494,-0.09984313809530719,-1.2252124996435267,0.9776754627450532,-1.6821084945363816
2439,-1.4860534012115922,-1.1568064695832854,-0.6226357502986613,-1.2252124996435267,0.9776754627450532,-0.409485245443436
2440,-1.8704555287313285,2.266474181537501,1.468534698514755,1.7897856900703386,-0.8321774809935208,0.8631380036495095
2441,-0.7172491461721198,0.24362652405703647,-1.1454283625020152,0.28228659521340604,-1.4354617955730455,-1.6821084945363816
2442,0.05155510886735275,0.7104375219371437,1.468534698514755,0.28228659521340604,0.9776754627450532,-1.6821084945363816
2443,0.435957236387089,-1.312410135543321,-0.6226357502986613,0.28228659521340604,-1.4354617955730455,0.8631380036495095
2444,0.8203593639068253,-0.22318447382307077,-0.6226357502986613,0.28228659521340604,-0.22889316641399612,0.8631380036495095
2445,-1.4860534012115922,2.422077847497537,1.468534698514755,0.28228659521340604,-1.4354617955730455,0.8631380036495095
2446,0.8203593639068253,-0.22318447382307077,-1.1454283625020152,-1.2252124996435267,0.9776754627450532,0.8631380036495095
2447,0.8203593639068253,-0.22318447382307077,0.42294947410804684,-1.2252124996435267,0.37439114816552854,-0.409485245443436
2448,0.8203593639068253,0.24362652405703647,-1.1454283625020152,0.28228659521340604,0.9776754627450532,-1.6821084945363816
2449,-1.8704555287313285,0.24362652405703647,-1.1454283625020152,-1.2252124996435267,-1.4354617955730455,0.8631380036495095
2450,-1.8704555287313285,1.799663183657394,-1.1454283625020152,1.7897856900703386,-0.8321774809935208,0.8631380036495095
2451,-1.101651273691856,1.0216448538572152,1.468534698514755,-1.2252124996435267,-1.4354617955730455,-1.6821084945363816
2452,1.5891636189462977,1.799663183657394,1.468534698514755,-1.2252124996435267,0.9776754627450532,-0.409485245443436
2453,0.435957236387089,2.5776815134575726,-0.6226357502986613,-1.2252124996435267,0.9776754627450532,-0.409485245443436
2454,0.435957236387089,0.24362652405703647,-1.1454283625020152,0.28228659521340604,-1.4354617955730455,-0.409485245443436
2455,0.8203593639068253,-1.0012028036232494,1.468534698514755,0.28228659521340604,0.9776754627450532,0.8631380036495095
2456,-0.3328470186523835,0.24362652405703647,1.468534698514755,0.28228659521340604,0.9776754627450532,-0.409485245443436
2457,0.435957236387089,-0.5343918057431423,-0.09984313809530719,0.28228659521340604,0.9776754627450532,-0.409485245443436
2458,1.2047614914265614,-0.22318447382307077,-0.09984313809530719,-1.2252124996435267,-0.22889316641399612,-1.6821084945363816
2459,0.8203593639068253,0.24362652405703647,-1.1454283625020152,-1.2252124996435267,-1.4354617955730455,0.8631380036495095
2460,-0.3328470186523835,-1.4680138015033568,-0.6226357502986613,-1.2252124996435267,-1.4354617955730455,0.8631380036495095
2461,0.435957236387089,-1.4680138015033568,-0.6226357502986613,0.28228659521340604,-0.22889316641399612,-0.409485245443436
2462,-0.3328470186523835,2.7332851794176083,-0.6226357502986613,1.7897856900703386,-0.8321774809935208,0.8631380036495095
2463,0.8203593639068253,-0.22318447382307077,-0.6226357502986613,1.7897856900703386,-0.8321774809935208,0.8631380036495095
2464,-0.3328470186523835,-1.0012028036232494,-0.09984313809530719,-1.2252124996435267,-0.22889316641399612,0.8631380036495095
2465,0.05155510886735275,0.7104375219371437,-1.1454283625020152,0.28228659521340604,-1.4354617955730455,-0.409485245443436
2466,0.8203593639068253,0.3992301900170722,1.468534698514755,0.28228659521340604,0.9776754627450532,-1.6821084945363816
2467,-1.8704555287313285,-1.0012028036232494,1.468534698514755,-1.2252124996435267,-1.4354617955730455,0.8631380036495095
2468,0.05155510886735275,-1.0012028036232494,-0.09984313809530719,-1.2252124996435267,-1.4354617955730455,0.8631380036495095
2469,0.435957236387089,-0.22318447382307077,-0.09984313809530719,0.28228659521340604,-1.4354617955730455,0.8631380036495095
2470,-1.4860534012115922,-0.5343918057431423,-0.09984313809530719,0.28228659521340604,-1.4354617955730455,-1.6821084945363816
2471,-0.3328470186523835,-1.4680138015033568,-0.6226357502986613,-1.2252124996435267,0.9776754627450532,-0.409485245443436
2472,0.8203593639068253,0.24362652405703647,-1.1454283625020152,1.7897856900703386,-0.8321774809935208,0.8631380036495095
2473,0.05155510886735275,1.799663183657394,-1.1454283625020152,-1.2252124996435267,0.9776754627450532,-0.409485245443436
2474,-0.3328470186523835,0.24362652405703647,1.468534698514755,-1.2252124996435267,0.9776754627450532,-0.409485245443436
2475,0.435957236387089,-0.5343918057431423,-0.09984313809530719,1.7897856900703386,-0.8321774809935208,0.8631380036495095
2476,0.8203593639068253,-0.22318447382307077,1.468534698514755,-1.2252124996435267,0.9776754627450532,0.8631380036495095
2477,1.2047614914265614,-0.22318447382307077,-0.09984313809530719,0.28228659521340604,0.9776754627450532,0.8631380036495095
2478,1.2047614914265614,-0.689995471703178,1.468534698514755,1.7897856900703386,-0.8321774809935208,0.8631380036495095
2479,0.8203593639068253,-0.22318447382307077,-0.6226357502986613,1.7897856900703386,-0.8321774809935208,0.8631380036495095
2480,0.05155510886735275,-0.5343918057431423,-0.09984313809530719,-1.2252124996435267,-1.4354617955730455,0.8631380036495095
2481,1.5891636189462977,0.24362652405703647,-1.1454283625020152,1.7897856900703386,-0.8321774809935208,0.8631380036495095
2482,-0.3328470186523835,0.24362652405703647,1.468534698514755,-1.2252124996435267,0.9776754627450532,-0.409485245443436
2483,0.435957236387089,-0.37878813978310655,-0.6226357502986613,0.28228659521340604,0.9776754627450532,0.8631380036495095
2484,-1.4860534012115922,-0.37878813978310655,-0.6226357502986613,0.28228659521340604,-1.4354617955730455,-0.409485245443436
2485,0.8203593639068253,0.24362652405703647,-1.1454283625020152,0.28228659521340604,-1.4354617955730455,-1.6821084945363816
2486,-1.4860534012115922,2.422077847497537,1.468534698514755,-1.2252124996435267,0.9776754627450532,-0.409485245443436
2487,-1.101651273691856,0.24362652405703647,1.468534698514755,-1.2252124996435267,-1.4354617955730455,0.8631380036495095
2488,1.5891636189462977,-0.22318447382307077,-0.09984313809530719,0.28228659521340604,0.9776754627450532,0.8631380036495095
2489,0.435957236387089,-1.312410135543321,-0.6226357502986613,0.28228659521340604,0.9776754627450532,-0.409485245443436
2490,-1.4860534012115922,0.24362652405703647,1.468534698514755,-1.2252124996435267,-0.22889316641399612,-0.409485245443436
2491,0.8203593639068253,-0.22318447382307077,-0.6226357502986613,-1.2252124996435267,-1.4354617955730455,0.8631380036495095
2492,0.8203593639068253,0.24362652405703647,-1.1454283625020152,-1.2252124996435267,0.9776754627450532,0.8631380036495095
2493,-1.4860534012115922,1.799663183657394,1.468534698514755,0.28228659521340604,0.9776754627450532,0.8631380036495095
2494,1.5891636189462977,0.7104375219371437,-1.1454283625020152,-1.2252124996435267,0.37439114816552854,-1.6821084945363816
2495,1.5891636189462977,-1.1568064695832854,0.42294947410804684,0.28228659521340604,0.9776754627450532,-0.409485245443436
2496,1.5891636189462977,-1.1568064695832854,-0.09984313809530719,-1.2252124996435267,-0.22889316641399612,0.8631380036495095
2497,-0.7172491461721198,-1.0012028036232494,-0.09984313809530719,0.28228659521340604,-1.4354617955730455,0.8631380036495095
2498,0.435957236387089,-0.22318447382307077,-0.09984313809530719,-1.2252124996435267,0.9776754627450532,-0.409485245443436
2499,-1.4860534012115922,-1.0012028036232494,-0.6226357502986613,0.28228659521340604,0.9776754627450532,-0.409485245443436
2500,-0.7172491461721198,-0.22318447382307077,1.468534698514755,0.28228659521340604,-0.22889316641399612,0.8631380036495095
2501,-0.7172491461721198,0.24362652405703647,-1.1454283625020152,0.28228659521340604,-1.4354617955730455,0.8631380036495095
2502,0.435957236387089,-1.0012028036232494,-0.6226357502986613,-1.2252124996435267,0.9776754627450532,0.8631380036495095
2503,0.435957236387089,-1.1568064695832854,-0.6226357502986613,-1.2252124996435267,0.9776754627450532,-0.409485245443436
2504,-0.7172491461721198,0.24362652405703647,-1.1454283625020152,0.28228659521340604,0.9776754627450532,0.8631380036495095
2505,-0.7172491461721198,-1.1568064695832854,-0.09984313809530719,0.28228659521340604,0.9776754627450532,-0.409485245443436
2506,-1.4860534012115922,-1.0012028036232494,-0.6226357502986613,-1.2252124996435267,-1.4354617955730455,-1.6821084945363816
2507,-1.8704555287313285,1.799663183657394,1.468534698514755,0.28228659521340604,-1.4354617955730455,0.8631380036495095
2508,-0.7172491461721198,-1.1568064695832854,-0.09984313809530719,0.28228659521340604,-0.22889316641399612,0.8631380036495095
2509,0.8203593639068253,-0.22318447382307077,-1.1454283625020152,0.28228659521340604,-1.4354617955730455,-1.6821084945363816
2510,0.435957236387089,2.1108705155774654,-0.6226357502986613,1.7897856900703386,-0.8321774809935208,0.8631380036495095
2511,0.8203593639068253,-0.22318447382307077,1.468534698514755,0.28228659521340604,0.9776754627450532,0.8631380036495095
2512,0.435957236387089,-1.0012028036232494,-0.6226357502986613,0.28228659521340604,-1.4354617955730455,-0.409485245443436
2513,-0.3328470186523835,-1.4680138015033568,-0.6226357502986613,0.28228659521340604,0.9776754627450532,-0.409485245443436
2514,1.5891636189462977,0.8660411878971794,1.468534698514755,0.28228659521340604,0.9776754627450532,0.8631380036495095
2515,-0.7172491461721198,-0.06758080786303503,-1.1454283625020152,-1.2252124996435267,0.37439114816552854,-1.6821084945363816
2516,1.5891636189462977,0.24362652405703647,-1.1454283625020152,0.28228659521340604,0.9776754627450532,-0.409485245443436
2517,-0.3328470186523835,-1.4680138015033568,-0.6226357502986613,0.28228659521340604,-0.22889316641399612,-0.409485245443436
2518,1.5891636189462977,0.24362652405703647,-1.1454283625020152,-1.2252124996435267,0.9776754627450532,0.8631380036495095
2519,0.8203593639068253,-0.22318447382307077,-0.6226357502986613,0.28228659521340604,-0.22889316641399612,0.8631380036495095
2520,-0.3328470186523835,0.24362652405703647,1.468534698514755,1.7897856900703386,-0.8321774809935208,0.8631380036495095
2521,0.05155510886735275,0.8660411878971794,1.468534698514755,0.28228659521340604,0.9776754627450532,-1.6821084945363816
2522,0.8203593639068253,0.24362652405703647,-1.1454283625020152,0.28228659521340604,0.9776754627450532,-1.6821084945363816
2523,1.2047614914265614,-0.689995471703178,1.468534698514755,1.7897856900703386,-0.8321774809935208,0.8631380036495095
2524,0.435957236387089,-0.5343918057431423,0.42294947410804684,-1.2252124996435267,-0.22889316641399612,0.8631380036495095
2525,-0.7172491461721198,0.24362652405703647,-1.1454283625020152,0.28228659521340604,0.9776754627450532,-0.409485245443436
2526,0.435957236387089,2.5776815134575726,0.42294947410804684,0.28228659521340604,0.9776754627450532,-1.6821084945363816
2527,0.8203593639068253,-0.22318447382307077,-0.6226357502986613,1.7897856900703386,-0.8321774809935208,-0.409485245443436
2528,-1.101651273691856,-0.22318447382307077,-0.6226357502986613,0.28228659521340604,-1.4354617955730455,0.8631380036495095
2529,-0.7172491461721198,1.1772485198172509,1.468534698514755,0.28228659521340604,0.9776754627450532,-0.409485245443436
2530,1.2047614914265614,-0.22318447382307077,-0.09984313809530719,0.28228659521340604,0.9776754627450532,-1.6821084945363816
2531,1.5891636189462977,0.24362652405703647,-1.1454283625020152,0.28228659521340604,0.9776754627450532,0.8631380036495095
2532,0.05155510886735275,-0.5343918057431423,-0.09984313809530719,-1.2252124996435267,0.37439114816552854,-0.409485245443436
2533,1.5891636189462977,1.9552668496174297,-1.1454283625020152,0.28228659521340604,0.9776754627450532,-1.6821084945363816
2534,1.2047614914265614,-1.0012028036232494,0.9457420863114009,-1.2252124996435267,0.9776754627450532,-0.409485245443436
2535,-1.4860534012115922,-1.0012028036232494,-0.6226357502986613,0.28228659521340604,0.9776754627450532,-0.409485245443436
2536,-0.7172491461721198,1.1772485198172509,1.468534698514755,0.28228659521340604,-1.4354617955730455,0.8631380036495095
2537,0.435957236387089,-0.22318447382307077,-0.09984313809530719,1.7897856900703386,-0.8321774809935208,0.8631380036495095
2538,0.435957236387089,-1.4680138015033568,0.42294947410804684,0.28228659521340604,-1.4354617955730455,-1.6821084945363816
2539,1.2047614914265614,-0.22318447382307077,-0.09984313809530719,1.7897856900703386,-0.8321774809935208,0.8631380036495095
2540,1.5891636189462977,0.8660411878971794,-1.1454283625020152,0.28228659521340604,0.9776754627450532,-1.6821084945363816
2541,-1.8704555287313285,1.799663183657394,1.468534698514755,1.7897856900703386,-0.8321774809935208,0.8631380036495095
2542,-1.4860534012115922,0.8660411878971794,1.468534698514755,0.28228659521340604,0.9776754627450532,-1.6821084945363816
2543,-0.7172491461721198,0.24362652405703647,1.468534698514755,1.7897856900703386,-0.8321774809935208,0.8631380036495095
2544,0.05155510886735275,1.799663183657394,-1.1454283625020152,0.28228659521340604,-1.4354617955730455,0.8631380036495095
2545,0.435957236387089,-0.37878813978310655,-0.09984313809530719,1.7897856900703386,-0.8321774809935208,0.8631380036495095
2546,-0.7172491461721198,0.24362652405703647,1.468534698514755,0.28228659521340604,-0.22889316641399612,0.8631380036495095
2547,0.435957236387089,0.24362652405703647,-1.1454283625020152,0.28228659521340604,0.9776754627450532,-0.409485245443436
2548,-1.101651273691856,-0.22318447382307077,-0.6226357502986613,-1.2252124996435267,0.9776754627450532,0.8631380036495095
2549,1.5891636189462977,1.799663183657394,1.468534698514755,1.7897856900703386,-0.8321774809935208,-0.409485245443436
2550,-1.4860534012115922,1.799663183657394,1.468534698514755,-1.2252124996435267,-1.4354617955730455,0.8631380036495095
2551,0.8203593639068253,-0.22318447382307077,-0.6226357502986613,-1.2252124996435267,0.9776754627450532,-1.6821084945363816
2552,0.05155510886735275,-1.0012028036232494,-0.09984313809530719,-1.2252124996435267,0.9776754627450532,-0.409485245443436
2553,0.8203593639068253,-0.22318447382307077,-0.6226357502986613,0.28228659521340604,-1.4354617955730455,-1.6821084945363816
2554,0.8203593639068253,0.24362652405703647,-1.1454283625020152,0.28228659521340604,0.9776754627450532,0.8631380036495095
2555,-0.7172491461721198,0.24362652405703647,-1.1454283625020152,-1.2252124996435267,0.9776754627450532,-1.6821084945363816
2556,0.05155510886735275,-1.0012028036232494,-0.6226357502986613,0.28228659521340604,-1.4354617955730455,0.8631380036495095
2557,-0.3328470186523835,0.24362652405703647,1.468534698514755,0.28228659521340604,0.9776754627450532,-0.409485245443436
2558,0.435957236387089,2.1108705155774654,-0.6226357502986613,1.7897856900703386,-0.8321774809935208,0.8631380036495095
2559,0.435957236387089,-0.22318447382307077,-0.09984313809530719,1.7897856900703386,-0.8321774809935208,0.8631380036495095
2560,0.8203593639068253,0.24362652405703647,1.468534698514755,1.7897856900703386,-0.8321774809935208,-0.409485245443436
2561,0.8203593639068253,0.24362652405703647,1.468534698514755,-1.2252124996435267,0.9776754627450532,-0.409485245443436
2562,0.8203593639068253,-1.1568064695832854,-0.09984313809530719,0.28228659521340604,-1.4354617955730455,-1.6821084945363816
2563,0.8203593639068253,0.3992301900170722,1.468534698514755,1.7897856900703386,-0.8321774809935208,-0.409485245443436
2564,-1.4860534012115922,-1.1568064695832854,-0.09984313809530719,0.28228659521340604,0.9776754627450532,-0.409485245443436
2565,-0.7172491461721198,0.24362652405703647,-1.1454283625020152,1.7897856900703386,-0.8321774809935208,-0.409485245443436
2566,0.435957236387089,-1.1568064695832854,-0.6226357502986613,0.28228659521340604,0.9776754627450532,0.8631380036495095
2567,0.435957236387089,-1.7792211334234282,1.468534698514755,0.28228659521340604,0.9776754627450532,0.8631380036495095
2568,0.435957236387089,1.799663183657394,1.468534698514755,0.28228659521340604,0.9776754627450532,-0.409485245443436
2569,0.435957236387089,2.1108705155774654,-0.6226357502986613,1.7897856900703386,-0.8321774809935208,0.8631380036495095
2570,1.5891636189462977,0.554833855977108,-1.1454283625020152,0.28228659521340604,-1.4354617955730455,-1.6821084945363816
2571,0.8203593639068253,-0.22318447382307077,-0.6226357502986613,0.28228659521340604,0.9776754627450532,-1.6821084945363816
2572,0.05155510886735275,0.24362652405703647,-1.1454283625020152,1.7897856900703386,-0.8321774809935208,0.8631380036495095
2573,-1.101651273691856,-1.0012028036232494,-0.09984313809530719,1.7897856900703386,-0.8321774809935208,0.8631380036495095
2574,0.8203593639068253,-0.22318447382307077,1.468534698514755,-1.2252124996435267,-0.22889316641399612,0.8631380036495095
2575,-1.4860534012115922,-0.5343918057431423,-0.09984313809530719,0.28228659521340604,0.9776754627450532,-1.6821084945363816
2576,0.435957236387089,2.1108705155774654,-0.09984313809530719,0.28228659521340604,0.9776754627450532,-0.409485245443436
2577,0.435957236387089,0.7104375219371437,1.468534698514755,0.28228659521340604,0.9776754627450532,-0.409485245443436
2578,-0.7172491461721198,-1.1568064695832854,-0.09984313809530719,0.28228659521340604,-0.22889316641399612,0.8631380036495095
2579,-1.4860534012115922,-1.4680138015033568,-0.09984313809530719,-1.2252124996435267,0.9776754627450532,-0.409485245443436
2580,0.435957236387089,-0.22318447382307077,-0.09984313809530719,0.28228659521340604,0.9776754627450532,-0.409485245443436
2581,-1.4860534012115922,-0.37878813978310655,-0.6226357502986613,1.7897856900703386,-0.8321774809935208,0.8631380036495095
2582,1.5891636189462977,0.8660411878971794,1.468534698514755,-1.2252124996435267,0.9776754627450532,-0.409485245443436
2583,1.5891636189462977,0.7104375219371437,-1.1454283625020152,0.28228659521340604,-1.4354617955730455,-0.409485245443436
2584,1.5891636189462977,-0.22318447382307077,-0.09984313809530719,-1.2252124996435267,0.9776754627450532,0.8631380036495095
2585,0.435957236387089,-0.22318447382307077,-0.09984313809530719,0.28228659521340604,-0.22889316641399612,0.8631380036495095
2586,0.435957236387089,-1.1568064695832854,0.42294947410804684,-1.2252124996435267,-0.22889316641399612,0.8631380036495095
2587,-1.4860534012115922,0.8660411878971794,1.468534698514755,0.28228659521340604,0.9776754627450532,0.8631380036495095
2588,-0.3328470186523835,0.8660411878971794,1.468534698514755,0.28228659521340604,-1.4354617955730455,0.8631380036495095
2589,0.8203593639068253,0.8660411878971794,1.468534698514755,0.28228659521340604,-1.4354617955730455,-1.6821084945363816
2590,-1.8704555287313285,-1.0012028036232494,1.468534698514755,0.28228659521340604,-0.22889316641399612,0.8631380036495095
2591,0.435957236387089,-0.37878813978310655,-0.6226357502986613,0.28228659521340604,-1.4354617955730455,-0.409485245443436
2592,0.435957236387089,2.266474181537501,-1.1454283625020152,1.7897856900703386,-0.8321774809935208,-0.409485245443436
2593,-1.101651273691856,-0.22318447382307077,-0.6226357502986613,-1.2252124996435267,0.9776754627450532,0.8631380036495095
2594,0.435957236387089,0.7104375219371437,-1.1454283625020152,0.28228659521340604,-1.4354617955730455,-1.6821084945363816
2595,-1.101651273691856,0.24362652405703647,1.468534698514755,-1.2252124996435267,-1.4354617955730455,-1.6821084945363816
2596,0.05155510886735275,-0.5343918057431423,-0.09984313809530719,0.28228659521340604,-0.22889316641399612,0.8631380036495095
2597,0.435957236387089,1.799663183657394,1.468534698514755,0.28228659521340604,0.9776754627450532,-1.6821084945363816
2598,0.8203593639068253,-0.22318447382307077,0.42294947410804684,1.7897856900703386,-0.8321774809935208,-0.409485245443436
2599,-1.8704555287313285,-1.0012028036232494,1.468534698514755,0.28228659521340604,0.9776754627450532,0.8631380036495095
2600,0.435957236387089,0.24362652405703647,-1.1454283625020152,-1.2252124996435267,-0.22889316641399612,0.8631380036495095
2601,1.5891636189462977,0.24362652405703647,-1.1454283625020152,-1.2252124996435267,0.37439114816552854,-0.409485245443436
2602,-1.101651273691856,0.24362652405703647,1.468534698514755,-1.2252124996435267,-1.4354617955730455,0.8631380036495095
2603,0.8203593639068253,0.24362652405703647,-1.1454283625020152,-1.2252124996435267,0.9776754627450532,0.8631380036495095
2604,-0.3328470186523835,0.24362652405703647,1.468534698514755,-1.2252124996435267,0.37439114816552854,-1.6821084945363816
2605,0.435957236387089,0.7104375219371437,-1.1454283625020152,0.28228659521340604,-0.22889316641399612,0.8631380036495095
2606,-1.8704555287313285,2.266474181537501,1.468534698514755,0.28228659521340604,-0.22889316641399612,0.8631380036495095
2607,0.05155510886735275,-0.5343918057431423,-0.09984313809530719,-1.2252124996435267,0.9776754627450532,-0.409485245443436
2608,0.435957236387089,-1.4680138015033568,-0.6226357502986613,0.28228659521340604,-1.4354617955730455,0.8631380036495095
2609,0.05155510886735275,-1.1568064695832854,-0.09984313809530719,0.28228659521340604,-1.4354617955730455,0.8631380036495095
2610,0.05155510886735275,0.24362652405703647,1.468534698514755,0.28228659521340604,-1.4354617955730455,0.8631380036495095
2611,0.435957236387089,0.24362652405703647,-1.1454283625020152,1.7897856900703386,-0.8321774809935208,0.8631380036495095
2612,-1.8704555287313285,-1.0012028036232494,1.468534698514755,0.28228659521340604,-1.4354617955730455,0.8631380036495095
2613,0.435957236387089,1.799663183657394,1.468534698514755,1.7897856900703386,-0.8321774809935208,0.8631380036495095
2614,-1.4860534012115922,-1.1568064695832854,-0.09984313809530719,-1.2252124996435267,0.9776754627450532,0.8631380036495095
2615,-1.101651273691856,0.24362652405703647,1.468534698514755,-1.2252124996435267,0.9776754627450532,0.8631380036495095
2616,-1.4860534012115922,-1.0012028036232494,-0.6226357502986613,-1.2252124996435267,0.37439114816552854,-1.6821084945363816
2617,1.5891636189462977,0.8660411878971794,1.468534698514755,-1.2252124996435267,-0.22889316641399612,0.8631380036495095
2618,1.5891636189462977,0.8660411878971794,-1.1454283625020152,0.28228659521340604,-1.4354617955730455,-1.6821084945363816
2619,-1.101651273691856,-1.1568064695832854,-0.09984313809530719,-1.2252124996435267,-1.4354617955730455,-1.6821084945363816
2620,0.435957236387089,-1.7792211334234282,-0.09984313809530719,0.28228659521340604,0.9776754627450532,0.8631380036495095
2621,-0.3328470186523835,-1.4680138015033568,-0.6226357502986613,-1.2252124996435267,0.9776754627450532,-0.409485245443436
2622,-1.4860534012115922,0.24362652405703647,1.468534698514755,0.28228659521340604,-0.22889316641399612,-0.409485245443436
2623,-1.4860534012115922,0.8660411878971794,1.468534698514755,1.7897856900703386,-0.8321774809935208,-1.6821084945363816
2624,-0.7172491461721198,-1.0012028036232494,-0.6226357502986613,-1.2252124996435267,-0.22889316641399612,0.8631380036495095
2625,-0.3328470186523835,-0.5343918057431423,0.42294947410804684,0.28228659521340604,-1.4354617955730455,-0.409485245443436
2626,1.5891636189462977,0.24362652405703647,-1.1454283625020152,1.7897856900703386,-0.8321774809935208,-1.6821084945363816
2627,0.05155510886735275,-1.1568064695832854,-0.09984313809530719,-1.2252124996435267,0.9776754627450532,0.8631380036495095
2628,1.5891636189462977,0.24362652405703647,-1.1454283625020152,0.28228659521340604,0.9776754627450532,0.8631380036495095
2629,0.435957236387089,-0.37878813978310655,-0.09984313809530719,-1.2252124996435267,0.9776754627450532,-0.409485245443436
2630,-1.101651273691856,0.8660411878971794,-1.1454283625020152,-1.2252124996435267,0.9776754627450532,0.8631380036495095
2631,0.435957236387089,0.24362652405703647,-1.1454283625020152,0.28228659521340604,0.9776754627450532,-1.6821084945363816
2632,0.435957236387089,-0.22318447382307077,-0.09984313809530719,0.28228659521340604,-1.4354617955730455,0.8631380036495095
2633,0.435957236387089,0.24362652405703647,1.468534698514755,0.28228659521340604,-1.4354617955730455,-0.409485245443436
2634,-1.8704555287313285,-1.0012028036232494,-0.6226357502986613,-1.2252124996435267,-1.4354617955730455,0.8631380036495095
2635,0.05155510886735275,-1.1568064695832854,-0.09984313809530719,0.28228659521340604,-0.22889316641399612,-0.409485245443436
2636,1.5891636189462977,0.8660411878971794,-1.1454283625020152,0.28228659521340604,-1.4354617955730455,-1.6821084945363816
2637,0.435957236387089,-0.37878813978310655,-0.6226357502986613,0.28228659521340604,0.9776754627450532,0.8631380036495095
2638,0.435957236387089,2.1108705155774654,-0.6226357502986613,0.28228659521340604,-1.4354617955730455,0.8631380036495095
2639,-1.8704555287313285,-1.0012028036232494,-0.6226357502986613,0.28228659521340604,0.9776754627450532,0.8631380036495095
2640,0.8203593639068253,0.24362652405703647,-1.1454283625020152,-1.2252124996435267,0.9776754627450532,0.8631380036495095
2641,-0.7172491461721198,0.24362652405703647,-1.1454283625020152,0.28228659521340604,-0.22889316641399612,0.8631380036495095
2642,-1.4860534012115922,-1.0012028036232494,-0.6226357502986613,-1.2252124996435267,-1.4354617955730455,0.8631380036495095
2643,-0.3328470186523835,0.24362652405703647,1.468534698514755,-1.2252124996435267,-1.4354617955730455,0.8631380036495095
2644,-0.7172491461721198,0.8660411878971794,-1.1454283625020152,-1.2252124996435267,-0.22889316641399612,0.8631380036495095
2645,0.8203593639068253,0.24362652405703647,-1.1454283625020152,-1.2252124996435267,0.9776754627450532,-0.409485245443436
2646,-0.7172491461721198,-0.22318447382307077,1.468534698514755,-1.2252124996435267,0.9776754627450532,0.8631380036495095
2647,-1.101651273691856,0.24362652405703647,1.468534698514755,0.28228659521340604,0.9776754627450532,0.8631380036495095
2648,0.435957236387089,-1.1568064695832854,-0.6226357502986613,0.28228659521340604,-1.4354617955730455,-1.6821084945363816
2649,0.05155510886735275,1.799663183657394,-1.1454283625020152,1.7897856900703386,-0.8321774809935208,-0.409485245443436
2650,-0.3328470186523835,-0.5343918057431423,0.42294947410804684,0.28228659521340604,-1.4354617955730455,0.8631380036495095
2651,1.5891636189462977,0.554833855977108,-1.1454283625020152,0.28228659521340604,0.9776754627450532,0.8631380036495095
2652,0.435957236387089,2.266474181537501,-1.1454283625020152,0.28228659521340604,0.9776754627450532,0.8631380036495095
2653,0.435957236387089,2.1108705155774654,-0.6226357502986613,0.28228659521340604,-1.4354617955730455,0.8631380036495095
2654,-0.3328470186523835,0.3992301900170722,1.468534698514755,0.28228659521340604,-1.4354617955730455,-0.409485245443436
2655,0.435957236387089,0.24362652405703647,-1.1454283625020152,0.28228659521340604,-1.4354617955730455,-1.6821084945363816
2656,0.435957236387089,-0.22318447382307077,-0.09984313809530719,0.28228659521340604,0.9776754627450532,-0.409485245443436
2657,0.435957236387089,-0.22318447382307077,-0.09984313809530719,1.7897856900703386,-0.8321774809935208,0.8631380036495095
2658,1.5891636189462977,0.24362652405703647,-1.1454283625020152,1.7897856900703386,-0.8321774809935208,-1.6821084945363816
2659,0.8203593639068253,0.8660411878971794,-1.1454283625020152,-1.2252124996435267,-1.4354617955730455,0.8631380036495095
2660,0.05155510886735275,0.8660411878971794,1.468534698514755,0.28228659521340604,0.9776754627450532,-0.409485245443436
2661,-1.101651273691856,-1.0012028036232494,-0.09984313809530719,-1.2252124996435267,0.37439114816552854,-1.6821084945363816
2662,1.5891636189462977,1.799663183657394,1.468534698514755,0.28228659521340604,-1.4354617955730455,0.8631380036495095
2663,0.8203593639068253,-0.22318447382307077,1.468534698514755,0.28228659521340604,0.9776754627450532,0.8631380036495095
2664,0.435957236387089,-1.0012028036232494,-0.6226357502986613,1.7897856900703386,-0.8321774809935208,0.8631380036495095
2665,0.8203593639068253,0.24362652405703647,1.468534698514755,-1.2252124996435267,0.9776754627450532,0.8631380036495095
2666,0.8203593639068253,0.24362652405703647,1.468534698514755,0.28228659521340604,-1.4354617955730455,0.8631380036495095
2667,1.5891636189462977,0.8660411878971794,-1.1454283625020152,-1.2252124996435267,0.37439114816552854,-0.409485245443436
2668,0.435957236387089,-0.22318447382307077,-0.09984313809530719,0.28228659521340604,-1.4354617955730455,0.8631380036495095
2669,0.8203593639068253,-0.22318447382307077,-0.6226357502986613,1.7897856900703386,-0.8321774809935208,0.8631380036495095
2670,0.8203593639068253,0.24362652405703647,1.468534698514755,-1.2252124996435267,0.9776754627450532,-1.6821084945363816
2671,-1.4860534012115922,2.422077847497537,1.468534698514755,-1.2252124996435267,0.37439114816552854,-1.6821084945363816
2672,-0.3328470186523835,0.3992301900170722,1.468534698514755,-1.2252124996435267,0.9776754627450532,-0.409485245443436
2673,0.8203593639068253,-0.22318447382307077,1.468534698514755,0.28228659521340604,0.9776754627450532,-1.6821084945363816
2674,0.435957236387089,0.24362652405703647,-1.1454283625020152,0.28228659521340604,-1.4354617955730455,-0.409485245443436
2675,-0.7172491461721198,-0.06758080786303503,1.468534698514755,1.7897856900703386,-0.8321774809935208,0.8631380036495095
2676,1.5891636189462977,-0.22318447382307077,1.468534698514755,0.28228659521340604,0.9776754627450532,0.8631380036495095
2677,-1.8704555287313285,2.266474181537501,1.468534698514755,0.28228659521340604,-1.4354617955730455,0.8631380036495095
2678,0.435957236387089,-1.7792211334234282,1.468534698514755,0.28228659521340604,-0.22889316641399612,0.8631380036495095
2679,0.435957236387089,0.7104375219371437,-1.1454283625020152,0.28228659521340604,-1.4354617955730455,-0.409485245443436
2680,0.435957236387089,-0.22318447382307077,-0.09984313809530719,0.28228659521340604,-1.4354617955730455,-0.409485245443436
2681,-1.8704555287313285,-1.6236174674633925,-0.6226357502986613,1.7897856900703386,-0.8321774809935208,0.8631380036495095
2682,-1.101651273691856,0.24362652405703647,1.468534698514755,0.28228659521340604,-1.4354617955730455,-0.409485245443436
2683,-1.4860534012115922,-1.0012028036232494,-0.09984313809530719,0.28228659521340604,-0.22889316641399612,0.8631380036495095
2684,1.5891636189462977,0.24362652405703647,1.468534698514755,0.28228659521340604,-1.4354617955730455,-1.6821084945363816
2685,0.8203593639068253,-0.22318447382307077,1.468534698514755,0.28228659521340604,0.9776754627450532,-0.409485245443436
2686,0.8203593639068253,-0.22318447382307077,1.468534698514755,0.28228659521340604,0.9776754627450532,-1.6821084945363816
2687,0.05155510886735275,0.24362652405703647,-0.6226357502986613,0.28228659521340604,0.9776754627450532,0.8631380036495095
2688,0.435957236387089,1.799663183657394,1.468534698514755,0.28228659521340604,-1.4354617955730455,-0.409485245443436
2689,0.435957236387089,-0.37878813978310655,-0.6226357502986613,1.7897856900703386,-0.8321774809935208,0.8631380036495095
2690,0.435957236387089,0.8660411878971794,1.468534698514755,0.28228659521340604,0.9776754627450532,0.8631380036495095
2691,-0.7172491461721198,0.24362652405703647,-1.1454283625020152,-1.2252124996435267,0.37439114816552854,-1.6821084945363816
2692,0.8203593639068253,0.24362652405703647,1.468534698514755,0.28228659521340604,-1.4354617955730455,0.8631380036495095
2693,0.05155510886735275,-0.37878813978310655,-0.6226357502986613,-1.2252124996435267,0.9776754627450532,0.8631380036495095
2694,-1.101651273691856,0.24362652405703647,1.468534698514755,1.7897856900703386,-0.8321774809935208,0.8631380036495095
2695,0.05155510886735275,0.8660411878971794,1.468534698514755,0.28228659521340604,0.9776754627450532,-1.6821084945363816
2696,0.8203593639068253,-0.22318447382307077,-1.1454283625020152,-1.2252124996435267,0.9776754627450532,-0.409485245443436
2697,0.8203593639068253,-0.22318447382307077,-0.6226357502986613,0.28228659521340604,-0.22889316641399612,0.8631380036495095
2698,0.435957236387089,-0.22318447382307077,-0.09984313809530719,0.28228659521340604,-1.4354617955730455,-0.409485245443436
2699,-0.7172491461721198,-0.06758080786303503,1.468534698514755,-1.2252124996435267,0.9776754627450532,0.8631380036495095
2700,0.8203593639068253,-0.22318447382307077,-0.09984313809530719,0.28228659521340604,0.9776754627450532,-1.6821084945363816
2701,1.2047614914265614,-0.689995471703178,1.468534698514755,0.28228659521340604,0.9776754627450532,-0.409485245443436
2702,-0.3328470186523835,-1.1568064695832854,0.42294947410804684,-1.2252124996435267,0.37439114816552854,-1.6821084945363816
2703,-1.101651273691856,-0.22318447382307077,-0.09984313809530719,0.28228659521340604,-0.22889316641399612,-0.409485245443436
2704,0.435957236387089,0.24362652405703647,-1.1454283625020152,-1.2252124996435267,0.9776754627450532,-1.6821084945363816
2705,-1.101651273691856,-1.4680138015033568,-0.09984313809530719,-1.2252124996435267,0.9776754627450532,-1.6821084945363816
2706,-1.8704555287313285,1.799663183657394,1.468534698514755,-1.2252124996435267,0.9776754627450532,0.8631380036495095
2707,0.435957236387089,-0.22318447382307077,-0.09984313809530719,1.7897856900703386,-0.8321774809935208,0.8631380036495095
2708,0.8203593639068253,-0.22318447382307077,-0.6226357502986613,0.28228659521340604,-1.4354617955730455,-1.6821084945363816
2709,-0.7172491461721198,0.8660411878971794,-1.1454283625020152,-1.2252124996435267,0.37439114816552854,-1.6821084945363816
2710,0.8203593639068253,0.24362652405703647,1.468534698514755,0.28228659521340604,0.9776754627450532,-0.409485245443436
2711,0.8203593639068253,0.24362652405703647,-1.1454283625020152,-1.2252124996435267,0.9776754627450532,0.8631380036495095
2712,1.5891636189462977,0.8660411878971794,1.468534698514755,0.28228659521340604,0.9776754627450532,-0.409485245443436
2713,1.2047614914265614,-0.689995471703178,1.468534698514755,1.7897856900703386,-0.8321774809935208,0.8631380036495095
2714,0.8203593639068253,0.24362652405703647,1.468534698514755,0.28228659521340604,-1.4354617955730455,-1.6821084945363816
2715,1.2047614914265614,-1.312410135543321,0.42294947410804684,1.7897856900703386,-0.8321774809935208,-0.409485245443436
2716,0.05155510886735275,-0.5343918057431423,-0.09984313809530719,0.28228659521340604,-1.4354617955730455,0.8631380036495095
2717,-1.8704555287313285,0.8660411878971794,-1.1454283625020152,-1.2252124996435267,0.9776754627450532,0.8631380036495095
2718,0.8203593639068253,0.3992301900170722,1.468534698514755,0.28228659521340604,-1.4354617955730455,0.8631380036495095
2719,0.435957236387089,-1.0012028036232494,-0.6226357502986613,0.28228659521340604,0.9776754627450532,-0.409485245443436
2720,0.435957236387089,-0.37878813978310655,-0.6226357502986613,1.7897856900703386,-0.8321774809935208,0.8631380036495095
2721,0.8203593639068253,0.24362652405703647,-1.1454283625020152,0.28228659521340604,-1.4354617955730455,0.8631380036495095
2722,0.435957236387089,-1.1568064695832854,-0.6226357502986613,0.28228659521340604,0.9776754627450532,0.8631380036495095
2723,0.435957236387089,-0.37878813978310655,-0.6226357502986613,0.28228659521340604,-0.22889316641399612,-0.409485245443436
2724,0.8203593639068253,-0.22318447382307077,-0.09984313809530719,1.7897856900703386,-0.8321774809935208,-1.6821084945363816
2725,-0.7172491461721198,0.24362652405703647,-1.1454283625020152,0.28228659521340604,-0.22889316641399612,0.8631380036495095
2726,0.435957236387089,2.5776815134575726,-0.6226357502986613,1.7897856900703386,-0.8321774809935208,0.8631380036495095
2727,0.05155510886735275,0.24362652405703647,-1.1454283625020152,-1.2252124996435267,0.9776754627450532,0.8631380036495095
2728,0.435957236387089,2.5776815134575726,0.42294947410804684,0.28228659521340604,0.9776754627450532,0.8631380036495095
2729,-1.8704555287313285,-1.0012028036232494,-0.6226357502986613,0.28228659521340604,-1.4354617955730455,0.8631380036495095
2730,-0.7172491461721198,0.24362652405703647,-1.1454283625020152,0.28228659521340604,0.9776754627450532,0.8631380036495095
2731,0.435957236387089,-1.7792211334234282,-0.09984313809530719,-1.2252124996435267,-1.4354617955730455,-1.6821084945363816
2732,0.435957236387089,0.24362652405703647,-1.1454283625020152,1.7897856900703386,-0.8321774809935208,-1.6821084945363816
2733,-1.101651273691856,0.24362652405703647,-1.1454283625020152,0.28228659521340604,0.9776754627450532,-0.409485245443436
2734,1.5891636189462977,0.24362652405703647,-1.1454283625020152,0.28228659521340604,0.9776754627450532,0.8631380036495095
2735,-1.4860534012115922,-1.0012028036232494,-0.6226357502986613,0.28228659521340604,0.9776754627450532,0.8631380036495095
2736,-0.7172491461721198,1.1772485198172509,1.468534698514755,-1.2252124996435267,0.9776754627450532,0.8631380036495095
2737,0.8203593639068253,0.24362652405703647,-1.1454283625020152,0.28228659521340604,0.9776754627450532,0.8631380036495095
2738,-0.7172491461721198,0.24362652405703647,-1.1454283625020152,0.28228659521340604,-1.4354617955730455,-1.6821084945363816
2739,-0.3328470186523835,1.4884558517373225,-1.1454283625020152,-1.2252124996435267,0.9776754627450532,-1.6821084945363816
2740,1.5891636189462977,0.24362652405703647,-1.1454283625020152,-1.2252124996435267,0.9776754627450532,0.8631380036495095
2741,0.435957236387089,2.1108705155774654,-0.6226357502986613,0.28228659521340604,-0.22889316641399612,0.8631380036495095
2742,-1.8704555287313285,-1.0012028036232494,1.468534698514755,1.7897856900703386,-0.8321774809935208,0.8631380036495095
2743,0.435957236387089,-1.1568064695832854,0.42294947410804684,0.28228659521340604,-0.22889316641399612,0.8631380036495095
2744,-1.8704555287313285,-0.37878813978310655,-0.6226357502986613,0.28228659521340604,0.9776754627450532,0.8631380036495095
2745,-1.4860534012115922,-0.37878813978310655,-0.6226357502986613,-1.2252124996435267,-1.4354617955730455,0.8631380036495095
2746,0.8203593639068253,0.24362652405703647,-1.1454283625020152,-1.2252124996435267,0.9776754627450532,-0.409485245443436
2747,0.05155510886735275,1.3328521857772866,1.468534698514755,-1.2252124996435267,0.9776754627450532,-0.409485245443436
2748,0.05155510886735275,0.8660411878971794,-0.6226357502986613,-1.2252124996435267,0.9776754627450532,-0.409485245443436
2749,0.8203593639068253,-0.22318447382307077,-0.6226357502986613,0.28228659521340604,-1.4354617955730455,-1.6821084945363816
2750,0.435957236387089,-1.0012028036232494,-0.6226357502986613,-1.2252124996435267,0.9776754627450532,0.8631380036495095
2751,-0.7172491461721198,0.8660411878971794,-1.1454283625020152,0.28228659521340604,0.9776754627450532,-1.6821084945363816
2752,-0.7172491461721198,0.24362652405703647,-1.1454283625020152,0.28228659521340604,0.9776754627450532,-0.409485245443436
2753,0.05155510886735275,0.8660411878971794,1.468534698514755,0.28228659521340604,0.9776754627450532,0.8631380036495095
2754,0.05155510886735275,1.3328521857772866,1.468534698514755,0.28228659521340604,0.9776754627450532,0.8631380036495095
2755,0.435957236387089,1.799663183657394,1.468534698514755,-1.2252124996435267,-1.4354617955730455,-1.6821084945363816
2756,0.8203593639068253,0.7104375219371437,1.468534698514755,0.28228659521340604,0.9776754627450532,0.8631380036495095
2757,1.5891636189462977,0.24362652405703647,1.468534698514755,-1.2252124996435267,0.9776754627450532,-0.409485245443436
2758,0.435957236387089,0.24362652405703647,-1.1454283625020152,-1.2252124996435267,0.9776754627450532,0.8631380036495095
2759,0.8203593639068253,0.24362652405703647,1.468534698514755,0.28228659521340604,0.9776754627450532,0.8631380036495095
2760,0.8203593639068253,0.24362652405703647,-1.1454283625020152,0.28228659521340604,0.9776754627450532,0.8631380036495095
2761,0.435957236387089,-0.5343918057431423,-0.09984313809530719,0.28228659521340604,-0.22889316641399612,0.8631380036495095
2762,0.435957236387089,-0.5343918057431423,0.42294947410804684,0.28228659521340604,0.9776754627450532,-0.409485245443436
2763,1.5891636189462977,0.24362652405703647,1.468534698514755,-1.2252124996435267,0.37439114816552854,-0.409485245443436
2764,0.435957236387089,2.1108705155774654,-0.6226357502986613,0.28228659521340604,-1.4354617955730455,0.8631380036495095
2765,-0.7172491461721198,0.24362652405703647,1.468534698514755,-1.2252124996435267,-1.4354617955730455,-0.409485245443436
2766,0.8203593639068253,-0.22318447382307077,-0.6226357502986613,0.28228659521340604,-1.4354617955730455,-1.6821084945363816
2767,1.2047614914265614,-0.689995471703178,1.468534698514755,-1.2252124996435267,0.37439114816552854,-1.6821084945363816
2768,1.5891636189462977,1.799663183657394,1.468534698514755,0.28228659521340604,-1.4354617955730455,-1.6821084945363816
2769,0.435957236387089,-1.0012028036232494,-0.6226357502986613,1.7897856900703386,-0.8321774809935208,-1.6821084945363816
2770,-1.101651273691856,0.24362652405703647,-1.1454283625020152,-1.2252124996435267,0.9776754627450532,-0.409485245443436
2771,-0.3328470186523835,-1.1568064695832854,0.42294947410804684,1.7897856900703386,-0.8321774809935208,0.8631380036495095
2772,-0.7172491461721198,0.24362652405703647,-1.1454283625020152,0.28228659521340604,-1.4354617955730455,0.8631380036495095
2773,0.435957236387089,-1.312410135543321,-0.6226357502986613,-1.2252124996435267,0.9776754627450532,-1.6821084945363816
2774,1.5891636189462977,0.554833855977108,-1.1454283625020152,0.28228659521340604,0.9776754627450532,-1.6821084945363816
2775,1.5891636189462977,0.24362652405703647,-1.1454283625020152,-1.2252124996435267,0.37439114816552854,-0.409485245443436
2776,0.05155510886735275,-1.0012028036232494,-0.09984313809530719,0.28228659521340604,-1.4354617955730455,0.8631380036495095
2777,-1.4860534012115922,-1.0012028036232494,-0.6226357502986613,-1.2252124996435267,0.37439114816552854,-1.6821084945363816
2778,-1.101651273691856,1.0216448538572152,1.468534698514755,0.28228659521340604,0.9776754627450532,0.8631380036495095
2779,-1.4860534012115922,-1.1568064695832854,-0.6226357502986613,0.28228659521340604,0.9776754627450532,0.8631380036495095
2780,0.8203593639068253,-0.22318447382307077,-0.6226357502986613,0.28228659521340604,0.9776754627450532,-0.409485245443436
2781,0.8203593639068253,0.3992301900170722,1.468534698514755,-1.2252124996435267,0.37439114816552854,-0.409485245443436
2782,-1.4860534012115922,-1.0012028036232494,-0.6226357502986613,0.28228659521340604,-0.22889316641399612,0.8631380036495095
2783,0.435957236387089,-1.312410135543321,-0.6226357502986613,0.28228659521340604,0.9776754627450532,0.8631380036495095
2784,1.5891636189462977,-0.22318447382307077,-0.09984313809530719,-1.2252124996435267,0.9776754627450532,-0.409485245443436
2785,0.8203593639068253,-0.22318447382307077,-0.09984313809530719,0.28228659521340604,-1.4354617955730455,-1.6821084945363816
2786,0.05155510886735275,0.24362652405703647,1.468534698514755,-1.2252124996435267,-0.22889316641399612,0.8631380036495095
2787,0.435957236387089,-0.22318447382307077,-0.09984313809530719,0.28228659521340604,-0.22889316641399612,-0.409485245443436
2788,0.8203593639068253,-0.22318447382307077,-1.1454283625020152,-1.2252124996435267,0.37439114816552854,0.8631380036495095
2789,0.435957236387089,-1.1568064695832854,-0.09984313809530719,0.28228659521340604,0.9776754627450532,0.8631380036495095
2790,0.435957236387089,-1.7792211334234282,-0.09984313809530719,1.7897856900703386,-0.8321774809935208,0.8631380036495095
2791,0.8203593639068253,-0.22318447382307077,0.42294947410804684,0.28228659521340604,-1.4354617955730455,0.8631380036495095
2792,0.8203593639068253,-0.22318447382307077,-0.6226357502986613,1.7897856900703386,-0.8321774809935208,0.8631380036495095
2793,0.8203593639068253,-0.22318447382307077,-0.6226357502986613,0.28228659521340604,-1.4354617955730455,-1.6821084945363816
2794,0.435957236387089,-1.1568064695832854,0.42294947410804684,0.28228659521340604,-1.4354617955730455,-0.409485245443436
2795,0.8203593639068253,-0.22318447382307077,0.42294947410804684,-1.2252124996435267,0.37439114816552854,0.8631380036495095
2796,1.2047614914265614,-1.0012028036232494,0.9457420863114009,0.28228659521340604,-1.4354617955730455,-1.6821084945363816
2797,0.05155510886735275,-1.0012028036232494,-0.09984313809530719,-1.2252124996435267,0.9776754627450532,-0.409485245443436
2798,0.8203593639068253,0.24362652405703647,1.468534698514755,0.28228659521340604,0.9776754627450532,0.8631380036495095
2799,-0.3328470186523835,-0.5343918057431423,0.42294947410804684,-1.2252124996435267,-0.22889316641399612,0.8631380036495095
2800,-1.101651273691856,-0.22318447382307077,-0.6226357502986613,0.28228659521340604,0.9776754627450532,-0.409485245443436
2801,0.435957236387089,-1.0012028036232494,-0.6226357502986613,0.28228659521340604,-1.4354617955730455,-0.409485245443436
2802,0.435957236387089,0.7104375219371437,-1.1454283625020152,0.28228659521340604,0.9776754627450532,0.8631380036495095
2803,0.8203593639068253,0.3992301900170722,-1.1454283625020152,-1.2252124996435267,0.9776754627450532,-0.409485245443436
2804,-1.101651273691856,-1.0012028036232494,-0.09984313809530719,1.7897856900703386,-0.8321774809935208,0.8631380036495095
2805,0.435957236387089,0.8660411878971794,1.468534698514755,-1.2252124996435267,0.37439114816552854,-1.6821084945363816
2806,0.05155510886735275,-1.1568064695832854,-0.09984313809530719,0.28228659521340604,0.9776754627450532,0.8631380036495095
2807,1.5891636189462977,-1.1568064695832854,0.42294947410804684,0.28228659521340604,0.9776754627450532,0.8631380036495095
2808,-1.8704555287313285,1.799663183657394,1.468534698514755,-1.2252124996435267,-1.4354617955730455,0.8631380036495095
2809,-1.8704555287313285,1.799663183657394,-1.1454283625020152,0.28228659521340604,-1.4354617955730455,0.8631380036495095
2810,-1.4860534012115922,2.422077847497537,1.468534698514755,1.7897856900703386,-0.8321774809935208,0.8631380036495095
2811,1.5891636189462977,0.554833855977108,-1.1454283625020152,0.28228659521340604,0.9776754627450532,0.8631380036495095
2812,-1.8704555287313285,0.24362652405703647,-1.1454283625020152,0.28228659521340604,0.9776754627450532,0.8631380036495095
2813,-1.8704555287313285,0.8660411878971794,-1.1454283625020152,-1.2252124996435267,0.9776754627450532,0.8631380036495095
2814,-1.8704555287313285,0.8660411878971794,-1.1454283625020152,-1.2252124996435267,0.9776754627450532,0.8631380036495095
2815,-1.4860534012115922,-1.4680138015033568,-0.09984313809530719,0.28228659521340604,0.9776754627450532,-0.409485245443436
2816,0.8203593639068253,-0.22318447382307077,1.468534698514755,0.28228659521340604,-1.4354617955730455,0.8631380036495095
2817,1.2047614914265614,-0.689995471703178,1.468534698514755,0.28228659521340604,-1.4354617955730455,-0.409485245443436
2818,0.435957236387089,-0.5343918057431423,0.42294947410804684,-1.2252124996435267,0.37439114816552854,-1.6821084945363816
2819,-0.3328470186523835,-1.4680138015033568,-0.6226357502986613,0.28228659521340604,0.9776754627450532,-0.409485245443436
2820,0.435957236387089,-0.22318447382307077,-0.09984313809530719,0.28228659521340604,-1.4354617955730455,-1.6821084945363816
2821,-1.4860534012115922,-1.1568064695832854,-0.09984313809530719,0.28228659521340604,-1.4354617955730455,-1.6821084945363816
2822,0.435957236387089,-1.0012028036232494,-0.6226357502986613,0.28228659521340604,-1.4354617955730455,0.8631380036495095
2823,0.435957236387089,0.24362652405703647,-1.1454283625020152,-1.2252124996435267,0.37439114816552854,-1.6821084945363816
2824,0.435957236387089,-0.22318447382307077,-0.09984313809530719,1.7897856900703386,-0.8321774809935208,-1.6821084945363816
2825,-1.8704555287313285,1.799663183657394,-1.1454283625020152,1.7897856900703386,-0.8321774809935208,0.8631380036495095
2826,-0.7172491461721198,1.1772485198172509,1.468534698514755,0.28228659521340604,0.9776754627450532,-0.409485245443436
2827,0.435957236387089,0.24362652405703647,1.468534698514755,-1.2252124996435267,-1.4354617955730455,-1.6821084945363816
2828,1.5891636189462977,0.24362652405703647,-1.1454283625020152,0.28228659521340604,0.9776754627450532,-0.409485245443436
2829,-1.4860534012115922,-1.1568064695832854,-0.09984313809530719,0.28228659521340604,-1.4354617955730455,-0.409485245443436
2830,-1.101651273691856,-0.22318447382307077,-0.6226357502986613,0.28228659521340604,-1.4354617955730455,0.8631380036495095
2831,1.5891636189462977,-0.22318447382307077,-0.09984313809530719,0.28228659521340604,-1.4354617955730455,-1.6821084945363816
2832,-1.4860534012115922,1.799663183657394,1.468534698514755,0.28228659521340604,-1.4354617955730455,0.8631380036495095
2833,-1.4860534012115922,-1.1568064695832854,-0.09984313809530719,0.28228659521340604,0.9776754627450532,-0.409485245443436
2834,1.2047614914265614,-0.22318447382307077,-0.09984313809530719,0.28228659521340604,0.9776754627450532,-0.409485245443436
2835,-1.8704555287313285,-1.0012028036232494,-0.6226357502986613,1.7897856900703386,-0.8321774809935208,0.8631380036495095
2836,0.8203593639068253,-0.22318447382307077,-1.1454283625020152,-1.2252124996435267,0.9776754627450532,-1.6821084945363816
2837,0.05155510886735275,1.3328521857772866,1.468534698514755,-1.2252124996435267,0.37439114816552854,-0.409485245443436
2838,0.435957236387089,-0.22318447382307077,-0.09984313809530719,-1.2252124996435267,-0.22889316641399612,0.8631380036495095
2839,0.435957236387089,-0.22318447382307077,-0.6226357502986613,0.28228659521340604,-0.22889316641399612,-0.409485245443436
2840,0.435957236387089,-1.4680138015033568,0.42294947410804684,1.7897856900703386,-0.8321774809935208,0.8631380036495095
2841,0.8203593639068253,-0.22318447382307077,-0.09984313809530719,0.28228659521340604,-1.4354617955730455,-1.6821084945363816
2842,-0.7172491461721198,0.8660411878971794,-1.1454283625020152,-1.2252124996435267,0.9776754627450532,-0.409485245443436
2843,0.435957236387089,-1.4680138015033568,-0.6226357502986613,0.28228659521340604,0.9776754627450532,0.8631380036495095
2844,0.435957236387089,-1.1568064695832854,-0.6226357502986613,1.7897856900703386,-0.8321774809935208,-1.6821084945363816
2845,0.05155510886735275,1.799663183657394,-1.1454283625020152,-1.2252124996435267,-1.4354617955730455,0.8631380036495095
2846,0.435957236387089,0.24362652405703647,-1.1454283625020152,-1.2252124996435267,0.9776754627450532,-1.6821084945363816
2847,0.8203593639068253,-0.22318447382307077,-1.1454283625020152,0.28228659521340604,-1.4354617955730455,-1.6821084945363816
2848,-1.101651273691856,-0.22318447382307077,-0.6226357502986613,1.7897856900703386,-0.8321774809935208,0.8631380036495095
2849,1.5891636189462977,0.24362652405703647,-1.1454283625020152,0.28228659521340604,-1.4354617955730455,-0.409485245443436
2850,-0.3328470186523835,1.4884558517373225,-1.1454283625020152,-1.2252124996435267,0.9776754627450532,-0.409485245443436
2851,-1.4860534012115922,-1.0012028036232494,-0.6226357502986613,1.7897856900703386,-0.8321774809935208,-0.409485245443436
2852,-1.4860534012115922,-1.1568064695832854,-0.6226357502986613,1.7897856900703386,-0.8321774809935208,-0.409485245443436
2853,1.5891636189462977,0.8660411878971794,1.468534698514755,0.28228659521340604,-0.22889316641399612,0.8631380036495095
2854,-1.4860534012115922,-0.5343918057431423,-0.09984313809530719,-1.2252124996435267,0.9776754627450532,-0.409485245443436
2855,-1.101651273691856,-0.22318447382307077,-0.09984313809530719,1.7897856900703386,-0.8321774809935208,0.8631380036495095
2856,0.435957236387089,-1.1568064695832854,-0.09984313809530719,-1.2252124996435267,-0.22889316641399612,0.8631380036495095
2857,-1.4860534012115922,-1.4680138015033568,-0.09984313809530719,-1.2252124996435267,-1.4354617955730455,0.8631380036495095
2858,0.435957236387089,-0.37878813978310655,-0.6226357502986613,-1.2252124996435267,-1.4354617955730455,0.8631380036495095
2859,0.8203593639068253,-0.22318447382307077,-0.09984313809530719,0.28228659521340604,-1.4354617955730455,-1.6821084945363816
2860,-1.101651273691856,-1.0012028036232494,-0.09984313809530719,-1.2252124996435267,0.9776754627450532,0.8631380036495095
2861,0.435957236387089,-1.4680138015033568,-0.6226357502986613,-1.2252124996435267,0.9776754627450532,0.8631380036495095
2862,0.435957236387089,-1.7792211334234282,1.468534698514755,-1.2252124996435267,0.9776754627450532,0.8631380036495095
2863,-1.4860534012115922,-1.1568064695832854,-0.09984313809530719,-1.2252124996435267,-1.4354617955730455,-1.6821084945363816
2864,0.435957236387089,0.24362652405703647,-1.1454283625020152,0.28228659521340604,0.9776754627450532,-0.409485245443436
2865,0.435957236387089,-1.0012028036232494,-0.6226357502986613,0.28228659521340604,-0.22889316641399612,0.8631380036495095
2866,-0.3328470186523835,-0.5343918057431423,0.42294947410804684,0.28228659521340604,0.9776754627450532,0.8631380036495095
2867,-1.101651273691856,0.24362652405703647,-1.1454283625020152,0.28228659521340604,-1.4354617955730455,-0.409485245443436
2868,-0.3328470186523835,-1.0012028036232494,-0.09984313809530719,0.28228659521340604,-1.4354617955730455,-0.409485245443436
2869,0.8203593639068253,0.24362652405703647,1.468534698514755,1.7897856900703386,-0.8321774809935208,-1.6821084945363816
2870,1.5891636189462977,0.24362652405703647,-1.1454283625020152,-1.2252124996435267,0.9776754627450532,-0.409485245443436
2871,0.435957236387089,0.7104375219371437,-1.1454283625020152,-1.2252124996435267,-1.4354617955730455,0.8631380036495095
2872,0.435957236387089,2.1108705155774654,1.468534698514755,-1.2252124996435267,0.9776754627450532,0.8631380036495095
2873,0.435957236387089,1.799663183657394,1.468534698514755,-1.2252124996435267,0.37439114816552854,-1.6821084945363816
2874,-1.4860534012115922,-1.1568064695832854,0.42294947410804684,0.28228659521340604,-1.4354617955730455,-1.6821084945363816
2875,-1.8704555287313285,2.266474181537501,1.468534698514755,-1.2252124996435267,0.37439114816552854,0.8631380036495095
2876,-0.7172491461721198,0.24362652405703647,-1.1454283625020152,-1.2252124996435267,0.9776754627450532,0.8631380036495095
2877,-0.7172491461721198,-0.06758080786303503,-0.6226357502986613,0.28228659521340604,0.9776754627450532,-0.409485245443436
2878,-0.3328470186523835,0.8660411878971794,1.468534698514755,0.28228659521340604,0.9776754627450532,-0.409485245443436
2879,1.5891636189462977,1.9552668496174297,-1.1454283625020152,0.28228659521340604,-0.22889316641399612,0.8631380036495095
2880,0.05155510886735275,-1.1568064695832854,-0.09984313809530719,-1.2252124996435267,-1.4354617955730455,0.8631380036495095
2881,0.8203593639068253,0.24362652405703647,1.468534698514755,-1.2252124996435267,0.9776754627450532,0.8631380036495095
2882,0.05155510886735275,-1.1568064695832854,-0.09984313809530719,-1.2252124996435267,-1.4354617955730455,-1.6821084945363816
2883,0.435957236387089,-0.22318447382307077,-0.6226357502986613,0.28228659521340604,-1.4354617955730455,-0.409485245443436
2884,-1.4860534012115922,-1.0012028036232494,0.42294947410804684,1.7897856900703386,-0.8321774809935208,-1.6821084945363816
2885,-1.101651273691856,-1.4680138015033568,-0.09984313809530719,0.28228659521340604,-1.4354617955730455,0.8631380036495095
2886,0.05155510886735275,-1.0012028036232494,-0.09984313809530719,-1.2252124996435267,0.9776754627450532,-0.409485245443436
2887,0.8203593639068253,-0.22318447382307077,-0.6226357502986613,0.28228659521340604,0.9776754627450532,0.8631380036495095
2888,0.435957236387089,1.799663183657394,1.468534698514755,0.28228659521340604,0.9776754627450532,0.8631380036495095
2889,-0.7172491461721198,-0.06758080786303503,-0.6226357502986613,0.28228659521340604,0.9776754627450532,0.8631380036495095
2890,0.05155510886735275,-1.0012028036232494,-0.09984313809530719,-1.2252124996435267,0.37439114816552854,-1.6821084945363816
2891,-0.7172491461721198,0.24362652405703647,-1.1454283625020152,-1.2252124996435267,0.37439114816552854,-1.6821084945363816
2892,0.8203593639068253,-0.22318447382307077,-0.6226357502986613,-1.2252124996435267,-0.22889316641399612,0.8631380036495095
2893,1.5891636189462977,1.9552668496174297,-1.1454283625020152,1.7897856900703386,-0.8321774809935208,0.8631380036495095
2894,0.05155510886735275,-0.8455991376632138,1.468534698514755,1.7897856900703386,-0.8321774809935208,0.8631380036495095
2895,0.435957236387089,-1.4680138015033568,0.42294947410804684,0.28228659521340604,-0.22889316641399612,-0.409485245443436
2896,0.8203593639068253,0.24362652405703647,-1.1454283625020152,0.28228659521340604,-0.22889316641399612,0.8631380036495095
2897,-1.4860534012115922,-1.1568064695832854,-0.09984313809530719,0.28228659521340604,-1.4354617955730455,-1.6821084945363816
2898,1.2047614914265614,-0.689995471703178,1.468534698514755,-1.2252124996435267,0.9776754627450532,-0.409485245443436
2899,0.8203593639068253,0.24362652405703647,-1.1454283625020152,-1.2252124996435267,0.9776754627450532,0.8631380036495095
2900,1.5891636189462977,1.799663183657394,1.468534698514755,0.28228659521340604,-0.22889316641399612,0.8631380036495095
2901,-1.4860534012115922,-1.0012028036232494,-0.6226357502986613,-1.2252124996435267,-0.22889316641399612,-0.409485245443436
2902,0.8203593639068253,0.24362652405703647,1.468534698514755,0.28228659521340604,0.9776754627450532,0.8631380036495095
2903,-0.3328470186523835,2.7332851794176083,-0.6226357502986613,0.28228659521340604,-0.22889316641399612,0.8631380036495095
2904,1.5891636189462977,0.24362652405703647,-1.1454283625020152,0.28228659521340604,-0.22889316641399612,0.8631380036495095
2905,1.5891636189462977,0.7104375219371437,-1.1454283625020152,0.28228659521340604,0.9776754627450532,-0.409485245443436
2906,0.435957236387089,1.799663183657394,1.468534698514755,-1.2252124996435267,0.9776754627450532,0.8631380036495095
2907,0.05155510886735275,-0.8455991376632138,1.468534698514755,-1.2252124996435267,0.37439114816552854,-1.6821084945363816
2908,-0.7172491461721198,-0.06758080786303503,1.468534698514755,0.28228659521340604,0.9776754627450532,-0.409485245443436
2909,1.2047614914265614,-0.22318447382307077,-0.09984313809530719,1.7897856900703386,-0.8321774809935208,-0.409485245443436
2910,0.8203593639068253,0.24362652405703647,-1.1454283625020152,0.28228659521340604,0.9776754627450532,0.8631380036495095
2911,0.435957236387089,0.24362652405703647,-1.1454283625020152,0.28228659521340604,-1.4354617955730455,0.8631380036495095
2912,-1.8704555287313285,-1.0012028036232494,-0.6226357502986613,0.28228659521340604,0.9776754627450532,0.8631380036495095
2913,-1.101651273691856,0.24362652405703647,1.468534698514755,0.28228659521340604,-0.22889316641399612,0.8631380036495095
2914,-1.8704555287313285,0.24362652405703647,-1.1454283625020152,-1.2252124996435267,-0.22889316641399612,0.8631380036495095
2915,1.5891636189462977,0.24362652405703647,-1.1454283625020152,-1.2252124996435267,0.9776754627450532,-1.6821084945363816
2916,-1.101651273691856,-1.0012028036232494,-0.09984313809530719,0.28228659521340604,0.9776754627450532,-0.409485245443436
2917,-1.101651273691856,-0.22318447382307077,-0.09984313809530719,-1.2252124996435267,-0.22889316641399612,-0.409485245443436
2918,1.5891636189462977,0.8660411878971794,1.468534698514755,-1.2252124996435267,-0.22889316641399612,0.8631380036495095
2919,0.8203593639068253,-0.22318447382307077,-0.09984313809530719,0.28228659521340604,0.9776754627450532,0.8631380036495095
2920,-0.7172491461721198,0.24362652405703647,1.468534698514755,-1.2252124996435267,0.9776754627450532,0.8631380036495095
2921,0.05155510886735275,-0.37878813978310655,-0.6226357502986613,0.28228659521340604,-1.4354617955730455,-0.409485245443436
2922,-1.101651273691856,-1.0012028036232494,-0.09984313809530719,0.28228659521340604,-1.4354617955730455,-0.409485245443436
2923,-1.8704555287313285,-0.37878813978310655,-0.6226357502986613,-1.2252124996435267,0.37439114816552854,0.8631380036495095
2924,-0.7172491461721198,-0.06758080786303503,-0.6226357502986613,-1.2252124996435267,0.9776754627450532,0.8631380036495095
2925,1.5891636189462977,0.24362652405703647,1.468534698514755,-1.2252124996435267,-0.22889316641399612,0.8631380036495095
2926,0.05155510886735275,0.24362652405703647,1.468534698514755,0.28228659521340604,0.9776754627450532,-1.6821084945363816
2927,0.435957236387089,0.7104375219371437,-1.1454283625020152,-1.2252124996435267,0.9776754627450532,-0.409485245443436
2928,-0.3328470186523835,0.24362652405703647,1.468534698514755,-1.2252124996435267,0.9776754627450532,-1.6821084945363816
2929,1.5891636189462977,1.9552668496174297,-1.1454283625020152,0.28228659521340604,0.9776754627450532,0.8631380036495095
2930,0.435957236387089,-0.22318447382307077,-0.6226357502986613,0.28228659521340604,-1.4354617955730455,0.8631380036495095
2931,0.8203593639068253,-1.1568064695832854,-0.09984313809530719,0.28228659521340604,0.9776754627450532,-1.6821084945363816
2932,0.8203593639068253,-0.22318447382307077,1.468534698514755,0.28228659521340604,0.9776754627450532,0.8631380036495095
2933,-1.101651273691856,0.24362652405703647,1.468534698514755,0.28228659521340604,-1.4354617955730455,0.8631380036495095
2934,-1.8704555287313285,0.24362652405703647,-1.1454283625020152,0.28228659521340604,0.9776754627450532,0.8631380036495095
2935,0.435957236387089,-1.7792211334234282,1.468534698514755,1.7897856900703386,-0.8321774809935208,0.8631380036495095
2936,0.435957236387089,0.24362652405703647,-1.1454283625020152,-1.2252124996435267,0.9776754627450532,-1.6821084945363816
2937,0.8203593639068253,0.24362652405703647,1.468534698514755,1.7897856900703386,-0.8321774809935208,0.8631380036495095
2938,0.05155510886735275,1.799663183657394,-1.1454283625020152,1.7897856900703386,-0.8321774809935208,0.8631380036495095
2939,-1.4860534012115922,-1.0012028036232494,-0.6226357502986613,0.28228659521340604,-0.22889316641399612,-0.409485245443436
2940,0.05155510886735275,0.8660411878971794,1.468534698514755,0.28228659521340604,-0.22889316641399612,-0.409485245443436
2941,1.5891636189462977,0.24362652405703647,-1.1454283625020152,1.7897856900703386,-0.8321774809935208,0.8631380036495095
2942,-1.8704555287313285,-1.0012028036232494,-0.6226357502986613,-1.2252124996435267,0.9776754627450532,0.8631380036495095
2943,-1.8704555287313285,-1.0012028036232494,-0.6226357502986613,1.7897856900703386,-0.8321774809935208,0.8631380036495095
2944,-0.7172491461721198,0.24362652405703647,-1.1454283625020152,-1.2252124996435267,0.9776754627450532,0.8631380036495095
2945,1.2047614914265614,-0.22318447382307077,-0.09984313809530719,0.28228659521340604,-1.4354617955730455,0.8631380036495095
2946,0.435957236387089,-0.22318447382307077,-0.09984313809530719,0.28228659521340604,-1.4354617955730455,-0.409485245443436
2947,-1.4860534012115922,-1.1568064695832854,-0.09984313809530719,1.7897856900703386,-0.8321774809935208,-1.6821084945363816
2948,0.8203593639068253,0.24362652405703647,1.468534698514755,1.7897856900703386,-0.8321774809935208,-0.409485245443436
2949,-1.4860534012115922,-1.1568064695832854,-0.09984313809530719,0.28228659521340604,-0.22889316641399612,0.8631380036495095
2950,-0.3328470186523835,1.4884558517373225,-1.1454283625020152,0.28228659521340604,-1.4354617955730455,-0.409485245443436
2951,1.5891636189462977,0.24362652405703647,-1.1454283625020152,0.28228659521340604,0.9776754627450532,0.8631380036495095
2952,-0.3328470186523835,1.6440595176973583,0.9457420863114009,1.7897856900703386,-0.8321774809935208,-0.409485245443436
2953,0.8203593639068253,0.8660411878971794,1.468534698514755,0.28228659521340604,-1.4354617955730455,0.8631380036495095
2954,0.8203593639068253,-0.22318447382307077,-0.6226357502986613,0.28228659521340604,-0.22889316641399612,0.8631380036495095
2955,0.435957236387089,-0.22318447382307077,-0.09984313809530719,0.28228659521340604,0.9776754627450532,-0.409485245443436
2956,0.435957236387089,2.5776815134575726,-0.6226357502986613,0.28228659521340604,-1.4354617955730455,0.8631380036495095
2957,-0.3328470186523835,2.7332851794176083,-0.6226357502986613,0.28228659521340604,-1.4354617955730455,0.8631380036495095
2958,-0.3328470186523835,1.6440595176973583,0.9457420863114009,0.28228659521340604,-1.4354617955730455,0.8631380036495095
2959,0.05155510886735275,0.24362652405703647,-1.1454283625020152,-1.2252124996435267,0.37439114816552854,-1.6821084945363816
2960,-0.3328470186523835,-0.5343918057431423,0.42294947410804684,1.7897856900703386,-0.8321774809935208,0.8631380036495095
2961,1.5891636189462977,0.24362652405703647,-1.1454283625020152,-1.2252124996435267,0.9776754627450532,0.8631380036495095
2962,-1.4860534012115922,-1.0012028036232494,-0.6226357502986613,1.7897856900703386,-0.8321774809935208,0.8631380036495095
2963,0.05155510886735275,0.7104375219371437,-1.1454283625020152,0.28228659521340604,0.9776754627450532,0.8631380036495095
2964,0.8203593639068253,0.3992301900170722,-1.1454283625020152,0.28228659521340604,-1.4354617955730455,0.8631380036495095
2965,0.8203593639068253,0.3992301900170722,-1.1454283625020152,0.28228659521340604,0.9776754627450532,-1.6821084945363816
2966,-1.4860534012115922,-1.1568064695832854,-0.09984313809530719,0.28228659521340604,-1.4354617955730455,0.8631380036495095
2967,-0.3328470186523835,1.6440595176973583,0.9457420863114009,0.28228659521340604,0.9776754627450532,-0.409485245443436
2968,-1.101651273691856,-0.22318447382307077,-0.6226357502986613,1.7897856900703386,-0.8321774809935208,0.8631380036495095
2969,0.8203593639068253,0.24362652405703647,-1.1454283625020152,-1.2252124996435267,-1.4354617955730455,-1.6821084945363816
2970,0.05155510886735275,1.799663183657394,-1.1454283625020152,-1.2252124996435267,0.9776754627450532,-0.409485245443436
2971,-0.7172491461721198,1.1772485198172509,1.468534698514755,0.28228659521340604,0.9776754627450532,0.8631380036495095
2972,-1.8704555287313285,-1.0012028036232494,-0.6226357502986613,-1.2252124996435267,-1.4354617955730455,0.8631380036495095
2973,-1.101651273691856,0.24362652405703647,1.468534698514755,0.28228659521340604,0.9776754627450532,-0.409485245443436
2974,-0.7172491461721198,-0.06758080786303503,1.468534698514755,0.28228659521340604,-1.4354617955730455,0.8631380036495095
2975,1.5891636189462977,-0.22318447382307077,1.468534698514755,-1.2252124996435267,-1.4354617955730455,-0.409485245443436
2976,1.5891636189462977,0.24362652405703647,1.468534698514755,0.28228659521340604,-1.4354617955730455,-1.6821084945363816
2977,1.5891636189462977,0.24362652405703647,-1.1454283625020152,-1.2252124996435267,0.9776754627450532,-0.409485245443436
2978,0.435957236387089,-1.312410135543321,-0.6226357502986613,0.28228659521340604,-0.22889316641399612,0.8631380036495095
2979,-0.3328470186523835,0.3992301900170722,1.468534698514755,1.7897856900703386,-0.8321774809935208,0.8631380036495095
2980,0.435957236387089,-0.37878813978310655,-0.09984313809530719,0.28228659521340604,0.9776754627450532,0.8631380036495095
2981,0.435957236387089,2.5776815134575726,0.42294947410804684,-1.2252124996435267,0.37439114816552854,-1.6821084945363816
2982,0.8203593639068253,-0.22318447382307077,-0.6226357502986613,0.28228659521340604,0.9776754627450532,0.8631380036495095
2983,0.05155510886735275,-0.5343918057431423,-0.09984313809530719,-1.2252124996435267,0.37439114816552854,-0.409485245443436
2984,0.435957236387089,2.266474181537501,-1.1454283625020152,0.28228659521340604,0.9776754627450532,0.8631380036495095
2985,-0.7172491461721198,0.24362652405703647,-1.1454283625020152,0.28228659521340604,-1.4354617955730455,0.8631380036495095
2986,-1.4860534012115922,-1.0012028036232494,-0.6226357502986613,-1.2252124996435267,-1.4354617955730455,0.8631380036495095
2987,0.8203593639068253,0.3992301900170722,1.468534698514755,0.28228659521340604,0.9776754627450532,0.8631380036495095
2988,0.8203593639068253,-0.22318447382307077,-0.6226357502986613,-1.2252124996435267,-1.4354617955730455,-1.6821084945363816
2989,0.435957236387089,-0.37878813978310655,-0.6226357502986613,-1.2252124996435267,0.9776754627450532,-0.409485245443436
2990,0.435957236387089,-0.22318447382307077,-0.09984313809530719,1.7897856900703386,-0.8321774809935208,0.8631380036495095
2991,0.8203593639068253,-0.22318447382307077,-0.6226357502986613,1.7897856900703386,-0.8321774809935208,0.8631380036495095
2992,-1.4860534012115922,0.24362652405703647,1.468534698514755,0.28228659521340604,-0.22889316641399612,0.8631380036495095
2993,-0.7172491461721198,0.24362652405703647,-1.1454283625020152,-1.2252124996435267,-0.22889316641399612,0.8631380036495095
2994,0.05155510886735275,0.8660411878971794,-0.6226357502986613,-1.2252124996435267,0.9776754627450532,0.8631380036495095
2995,-1.8704555287313285,-1.0012028036232494,1.468534698514755,-1.2252124996435267,-1.4354617955730455,0.8631380036495095
2996,-1.101651273691856,0.24362652405703647,1.468534698514755,1.7897856900703386,-0.8321774809935208,0.8631380036495095
2997,-1.101651273691856,0.24362652405703647,1.468534698514755,-1.2252124996435267,0.9776754627450532,-0.409485245443436
2998,-0.3328470186523835,0.3992301900170722,1.468534698514755,0.28228659521340604,-0.22889316641399612,-0.409485245443436
2999,-0.7172491461721198,0.24362652405703647,1.468534698514755,0.28228659521340604,0.9776754627450532,-0.409485245443436
3000,0.8203593639068253,-0.22318447382307077,0.42294947410804684,0.28228659521340604,0.9776754627450532,0.8631380036495095
3001,-0.7172491461721198,-0.06758080786303503,-1.1454283625020152,-1.2252124996435267,0.9776754627450532,-1.6821084945363816
3002,-1.8704555287313285,1.799663183657394,1.468534698514755,0.28228659521340604,-1.4354617955730455,0.8631380036495095
3003,-1.8704555287313285,-1.6236174674633925,-0.6226357502986613,0.28228659521340604,0.9776754627450532,0.8631380036495095
3004,0.435957236387089,1.799663183657394,1.468534698514755,0.28228659521340604,0.9776754627450532,-0.409485245443436
3005,0.8203593639068253,-0.22318447382307077,-0.6226357502986613,1.7897856900703386,-0.8321774809935208,-1.6821084945363816
3006,1.2047614914265614,-0.689995471703178,1.468534698514755,0.28228659521340604,0.9776754627450532,0.8631380036495095
3007,-0.7172491461721198,0.24362652405703647,-1.1454283625020152,-1.2252124996435267,-1.4354617955730455,-0.409485245443436
3008,0.8203593639068253,0.24362652405703647,1.468534698514755,-1.2252124996435267,0.9776754627450532,-0.409485245443436
3009,-0.3328470186523835,0.24362652405703647,1.468534698514755,0.28228659521340604,0.9776754627450532,-1.6821084945363816
3010,0.435957236387089,0.24362652405703647,1.468534698514755,0.28228659521340604,-1.4354617955730455,0.8631380036495095
3011,-1.8704555287313285,0.8660411878971794,-1.1454283625020152,0.28228659521340604,0.9776754627450532,0.8631380036495095
3012,1.5891636189462977,0.8660411878971794,-1.1454283625020152,0.28228659521340604,-1.4354617955730455,-0.409485245443436
3013,1.5891636189462977,-1.1568064695832854,0.42294947410804684,-1.2252124996435267,0.9776754627450532,0.8631380036495095
3014,0.8203593639068253,-0.22318447382307077,-0.6226357502986613,0.28228659521340604,0.9776754627450532,0.8631380036495095
3015,0.05155510886735275,0.7104375219371437,-1.1454283625020152,0.28228659521340604,0.9776754627450532,0.8631380036495095
3016,0.435957236387089,2.1108705155774654,1.468534698514755,0.28228659521340604,0.9776754627450532,0.8631380036495095
3017,0.8203593639068253,-0.22318447382307077,1.468534698514755,0.28228659521340604,-0.22889316641399612,0.8631380036495095
3018,0.05155510886735275,-0.5343918057431423,-0.09984313809530719,0.28228659521340604,0.9776754627450532,-1.6821084945363816
3019,0.435957236387089,-0.37878813978310655,-0.09984313809530719,0.28228659521340604,-1.4354617955730455,-1.6821084945363816
3020,0.05155510886735275,1.3328521857772866,1.468534698514755,0.28228659521340604,0.9776754627450532,-0.409485245443436
3021,1.5891636189462977,0.24362652405703647,-1.1454283625020152,1.7897856900703386,-0.8321774809935208,0.8631380036495095
3022,0.05155510886735275,0.24362652405703647,1.468534698514755,0.28228659521340604,-0.22889316641399612,0.8631380036495095
3023,-1.4860534012115922,1.799663183657394,1.468534698514755,0.28228659521340604,-0.22889316641399612,0.8631380036495095
3024,-1.101651273691856,-1.0012028036232494,-0.09984313809530719,-1.2252124996435267,0.37439114816552854,-0.409485245443436
3025,-1.4860534012115922,-1.0012028036232494,-0.6226357502986613,0.28228659521340604,0.9776754627450532,-1.6821084945363816
3026,-0.7172491461721198,0.24362652405703647,-1.1454283625020152,1.7897856900703386,-0.8321774809935208,-0.409485245443436
3027,-1.4860534012115922,-1.0012028036232494,-0.09984313809530719,0.28228659521340604,0.9776754627450532,0.8631380036495095
3028,-0.3328470186523835,-0.5343918057431423,0.42294947410804684,0.28228659521340604,0.9776754627450532,-0.409485245443436
3029,0.8203593639068253,-0.22318447382307077,-1.1454283625020152,0.28228659521340604,0.9776754627450532,0.8631380036495095
3030,0.435957236387089,0.7104375219371437,1.468534698514755,0.28228659521340604,0.9776754627450532,-0.409485245443436
3031,-0.3328470186523835,-1.4680138015033568,-0.09984313809530719,0.28228659521340604,-0.22889316641399612,0.8631380036495095
3032,0.05155510886735275,1.3328521857772866,1.468534698514755,1.7897856900703386,-0.8321774809935208,-0.409485245443436
3033,1.5891636189462977,1.799663183657394,1.468534698514755,0.28228659521340604,0.9776754627450532,-1.6821084945363816
3034,0.8203593639068253,-0.22318447382307077,-0.6226357502986613,-1.2252124996435267,-0.22889316641399612,0.8631380036495095
3035,-0.7172491461721198,0.24362652405703647,1.468534698514755,0.28228659521340604,0.9776754627450532,-1.6821084945363816
3036,-0.3328470186523835,0.24362652405703647,1.468534698514755,0.28228659521340604,-1.4354617955730455,0.8631380036495095
3037,-1.8704555287313285,-0.37878813978310655,-0.6226357502986613,-1.2252124996435267,0.9776754627450532,0.8631380036495095
3038,0.435957236387089,-1.0012028036232494,-0.6226357502986613,-1.2252124996435267,-1.4354617955730455,0.8631380036495095
3039,0.8203593639068253,-0.22318447382307077,-1.1454283625020152,0.28228659521340604,-1.4354617955730455,-1.6821084945363816
3040,-0.3328470186523835,-1.0012028036232494,-0.6226357502986613,0.28228659521340604,0.9776754627450532,-1.6821084945363816
3041,-0.7172491461721198,-0.22318447382307077,1.468534698514755,1.7897856900703386,-0.8321774809935208,0.8631380036495095
3042,0.8203593639068253,0.8660411878971794,1.468534698514755,0.28228659521340604,0.9776754627450532,-1.6821084945363816
3043,0.8203593639068253,-1.0012028036232494,1.468534698514755,-1.2252124996435267,-1.4354617955730455,0.8631380036495095
3044,0.435957236387089,-0.22318447382307077,-0.09984313809530719,1.7897856900703386,-0.8321774809935208,0.8631380036495095
3045,-1.101651273691856,-0.5343918057431423,-0.6226357502986613,1.7897856900703386,-0.8321774809935208,0.8631380036495095
3046,0.435957236387089,-1.4680138015033568,0.42294947410804684,0.28228659521340604,0.9776754627450532,0.8631380036495095
3047,-1.101651273691856,-1.4680138015033568,-0.09984313809530719,-1.2252124996435267,-1.4354617955730455,0.8631380036495095
3048,-1.4860534012115922,-1.1568064695832854,-0.6226357502986613,-1.2252124996435267,0.9776754627450532,0.8631380036495095
3049,-1.8704555287313285,-0.37878813978310655,-0.6226357502986613,1.7897856900703386,-0.8321774809935208,0.8631380036495095
3050,0.435957236387089,2.1108705155774654,-0.6226357502986613,-1.2252124996435267,0.9776754627450532,-1.6821084945363816
3051,-1.101651273691856,0.24362652405703647,-1.1454283625020152,-1.2252124996435267,0.37439114816552854,0.8631380036495095
3052,0.05155510886735275,-1.0012028036232494,-0.6226357502986613,0.28228659521340604,-1.4354617955730455,-0.409485245443436
3053,0.8203593639068253,-0.22318447382307077,-0.6226357502986613,0.28228659521340604,0.9776754627450532,0.8631380036495095
3054,0.435957236387089,0.7104375219371437,-1.1454283625020152,0.28228659521340604,-0.22889316641399612,-0.409485245443436
3055,0.435957236387089,0.8660411878971794,1.468534698514755,1.7897856900703386,-0.8321774809935208,0.8631380036495095
3056,-0.3328470186523835,-1.0012028036232494,-0.09984313809530719,-1.2252124996435267,0.9776754627450532,-0.409485245443436
3057,1.5891636189462977,0.24362652405703647,-1.1454283625020152,0.28228659521340604,-0.22889316641399612,0.8631380036495095
3058,-1.4860534012115922,-1.0012028036232494,-0.6226357502986613,0.28228659521340604,-1.4354617955730455,-0.409485245443436
3059,0.435957236387089,2.1108705155774654,-0.09984313809530719,-1.2252124996435267,-0.22889316641399612,0.8631380036495095
3060,-0.7172491461721198,-0.06758080786303503,-1.1454283625020152,0.28228659521340604,0.9776754627450532,-0.409485245443436
3061,0.435957236387089,0.08802285809700072,0.42294947410804684,0.28228659521340604,0.9776754627450532,-0.409485245443436
3062,0.8203593639068253,0.24362652405703647,1.468534698514755,0.28228659521340604,-1.4354617955730455,-1.6821084945363816
3063,1.2047614914265614,-0.689995471703178,1.468534698514755,0.28228659521340604,0.9776754627450532,0.8631380036495095
3064,-1.8704555287313285,0.24362652405703647,-1.1454283625020152,0.28228659521340604,0.9776754627450532,0.8631380036495095
3065,-1.8704555287313285,-1.6236174674633925,-0.6226357502986613,-1.2252124996435267,0.9776754627450532,0.8631380036495095
3066,0.8203593639068253,0.24362652405703647,-1.1454283625020152,-1.2252124996435267,0.9776754627450532,0.8631380036495095
3067,0.05155510886735275,0.24362652405703647,-0.6226357502986613,1.7897856900703386,-0.8321774809935208,0.8631380036495095
3068,0.435957236387089,1.799663183657394,1.468534698514755,0.28228659521340604,0.9776754627450532,-0.409485245443436
3069,1.5891636189462977,0.7104375219371437,-1.1454283625020152,-1.2252124996435267,-1.4354617955730455,-0.409485245443436
3070,0.8203593639068253,-0.22318447382307077,-0.6226357502986613,-1.2252124996435267,0.9776754627450532,-1.6821084945363816
3071,0.8203593639068253,-0.22318447382307077,-0.6226357502986613,1.7897856900703386,-0.8321774809935208,0.8631380036495095
3072,-1.8704555287313285,0.8660411878971794,-1.1454283625020152,-1.2252124996435267,0.37439114816552854,0.8631380036495095
3073,0.05155510886735275,-1.1568064695832854,-0.09984313809530719,1.7897856900703386,-0.8321774809935208,-0.409485245443436
3074,-1.8704555287313285,-1.6236174674633925,-0.6226357502986613,0.28228659521340604,-1.4354617955730455,0.8631380036495095
3075,1.5891636189462977,0.554833855977108,-1.1454283625020152,0.28228659521340604,-1.4354617955730455,-1.6821084945363816
3076,1.5891636189462977,0.24362652405703647,1.468534698514755,-1.2252124996435267,0.37439114816552854,-0.409485245443436
3077,-1.4860534012115922,2.422077847497537,1.468534698514755,0.28228659521340604,-1.4354617955730455,-0.409485245443436
3078,1.5891636189462977,0.24362652405703647,-1.1454283625020152,0.28228659521340604,-1.4354617955730455,-0.409485245443436
3079,-1.101651273691856,0.24362652405703647,-1.1454283625020152,0.28228659521340604,0.9776754627450532,0.8631380036495095
3080,0.8203593639068253,0.24362652405703647,1.468534698514755,-1.2252124996435267,-0.22889316641399612,0.8631380036495095
3081,-1.8704555287313285,-1.0012028036232494,-0.6226357502986613,0.28228659521340604,0.9776754627450532,0.8631380036495095
3082,-0.3328470186523835,-1.4680138015033568,-0.6226357502986613,0.28228659521340604,0.9776754627450532,-1.6821084945363816
3083,1.5891636189462977,-1.1568064695832854,-0.09984313809530719,-1.2252124996435267,0.9776754627450532,-1.6821084945363816
3084,0.435957236387089,2.1108705155774654,-0.6226357502986613,-1.2252124996435267,0.9776754627450532,-1.6821084945363816
3085,-1.8704555287313285,0.24362652405703647,-1.1454283625020152,-1.2252124996435267,0.9776754627450532,0.8631380036495095
3086,-0.3328470186523835,-1.4680138015033568,-0.6226357502986613,-1.2252124996435267,0.37439114816552854,0.8631380036495095
3087,-0.7172491461721198,-1.0012028036232494,-0.09984313809530719,0.28228659521340604,0.9776754627450532,-0.409485245443436
3088,0.8203593639068253,0.24362652405703647,-1.1454283625020152,-1.2252124996435267,0.9776754627450532,0.8631380036495095
3089,0.8203593639068253,-0.22318447382307077,1.468534698514755,-1.2252124996435267,0.37439114816552854,0.8631380036495095
3090,0.435957236387089,-0.5343918057431423,-0.09984313809530719,-1.2252124996435267,-1.4354617955730455,0.8631380036495095
3091,-0.3328470186523835,0.8660411878971794,1.468534698514755,0.28228659521340604,0.9776754627450532,-1.6821084945363816
3092,0.435957236387089,-0.22318447382307077,-0.6226357502986613,-1.2252124996435267,-0.22889316641399612,0.8631380036495095
3093,-1.101651273691856,0.24362652405703647,-1.1454283625020152,-1.2252124996435267,-1.4354617955730455,-1.6821084945363816
3094,-0.3328470186523835,-0.22318447382307077,-0.09984313809530719,0.28228659521340604,-1.4354617955730455,0.8631380036495095
3095,-1.4860534012115922,0.24362652405703647,1.468534698514755,0.28228659521340604,0.9776754627450532,-0.409485245443436
3096,-1.101651273691856,-1.4680138015033568,-0.09984313809530719,0.28228659521340604,0.9776754627450532,-0.409485245443436
3097,-0.7172491461721198,0.24362652405703647,-1.1454283625020152,-1.2252124996435267,0.37439114816552854,-1.6821084945363816
3098,-0.7172491461721198,0.24362652405703647,-1.1454283625020152,-1.2252124996435267,-1.4354617955730455,-0.409485245443436
3099,-0.3328470186523835,-1.0012028036232494,-0.09984313809530719,1.7897856900703386,-0.8321774809935208,-0.409485245443436
3100,0.8203593639068253,-0.22318447382307077,-1.1454283625020152,0.28228659521340604,0.9776754627450532,-1.6821084945363816
3101,-0.3328470186523835,2.7332851794176083,-0.6226357502986613,0.28228659521340604,-1.4354617955730455,-0.409485245443436
3102,-0.7172491461721198,-0.06758080786303503,-1.1454283625020152,0.28228659521340604,-1.4354617955730455,0.8631380036495095
3103,0.435957236387089,-0.22318447382307077,-0.09984313809530719,0.28228659521340604,0.9776754627450532,-1.6821084945363816
3104,0.8203593639068253,0.24362652405703647,-1.1454283625020152,1.7897856900703386,-0.8321774809935208,0.8631380036495095
3105,0.435957236387089,2.1108705155774654,-0.09984313809530719,-1.2252124996435267,0.9776754627450532,-0.409485245443436
3106,1.5891636189462977,-0.22318447382307077,1.468534698514755,0.28228659521340604,-0.22889316641399612,0.8631380036495095
3107,0.05155510886735275,0.24362652405703647,-1.1454283625020152,0.28228659521340604,-1.4354617955730455,0.8631380036495095
3108,0.8203593639068253,-0.5343918057431423,-0.6226357502986613,0.28228659521340604,0.9776754627450532,0.8631380036495095
3109,1.5891636189462977,0.8660411878971794,1.468534698514755,1.7897856900703386,-0.8321774809935208,0.8631380036495095
3110,-0.7172491461721198,-1.0012028036232494,-0.09984313809530719,-1.2252124996435267,0.37439114816552854,-0.409485245443436
3111,-0.7172491461721198,0.24362652405703647,-1.1454283625020152,-1.2252124996435267,0.37439114816552854,-0.409485245443436
3112,0.435957236387089,-0.22318447382307077,-0.09984313809530719,1.7897856900703386,-0.8321774809935208,0.8631380036495095
3113,-1.4860534012115922,1.799663183657394,1.468534698514755,1.7897856900703386,-0.8321774809935208,0.8631380036495095
3114,0.435957236387089,2.1108705155774654,-0.6226357502986613,-1.2252124996435267,-1.4354617955730455,-1.6821084945363816
3115,0.05155510886735275,-1.1568064695832854,-0.09984313809530719,0.28228659521340604,0.9776754627450532,-1.6821084945363816
3116,-1.4860534012115922,1.799663183657394,1.468534698514755,-1.2252124996435267,0.37439114816552854,-1.6821084945363816
3117,0.05155510886735275,0.7104375219371437,1.468534698514755,0.28228659521340604,0.9776754627450532,0.8631380036495095
3118,1.5891636189462977,-0.22318447382307077,-0.09984313809530719,0.28228659521340604,-1.4354617955730455,-1.6821084945363816
3119,-1.8704555287313285,1.799663183657394,-1.1454283625020152,0.28228659521340604,0.9776754627450532,0.8631380036495095
3120,0.8203593639068253,0.24362652405703647,-1.1454283625020152,1.7897856900703386,-0.8321774809935208,-0.409485245443436
3121,-1.8704555287313285,-1.0012028036232494,1.468534698514755,0.28228659521340604,-1.4354617955730455,0.8631380036495095
3122,-0.3328470186523835,0.24362652405703647,1.468534698514755,0.28228659521340604,-1.4354617955730455,-0.409485245443436
3123,0.8203593639068253,-0.22318447382307077,-0.6226357502986613,0.28228659521340604,-1.4354617955730455,0.8631380036495095
3124,-1.101651273691856,0.8660411878971794,-1.1454283625020152,0.28228659521340604,0.9776754627450532,-0.409485245443436
3125,-1.4860534012115922,0.24362652405703647,1.468534698514755,0.28228659521340604,-1.4354617955730455,-1.6821084945363816
3126,-0.7172491461721198,-0.06758080786303503,-0.6226357502986613,0.28228659521340604,-0.22889316641399612,0.8631380036495095
3127,0.8203593639068253,-0.22318447382307077,0.42294947410804684,1.7897856900703386,-0.8321774809935208,0.8631380036495095
3128,0.435957236387089,-1.4680138015033568,0.42294947410804684,0.28228659521340604,0.9776754627450532,-0.409485245443436
3129,-0.7172491461721198,-1.1568064695832854,-0.09984313809530719,0.28228659521340604,0.9776754627450532,-0.409485245443436
3130,0.8203593639068253,-0.22318447382307077,-0.6226357502986613,1.7897856900703386,-0.8321774809935208,-1.6821084945363816
3131,-0.3328470186523835,-1.4680138015033568,-0.6226357502986613,1.7897856900703386,-0.8321774809935208,0.8631380036495095
3132,-1.8704555287313285,-0.37878813978310655,-0.6226357502986613,0.28228659521340604,-0.22889316641399612,0.8631380036495095
3133,1.5891636189462977,-1.1568064695832854,0.42294947410804684,0.28228659521340604,-1.4354617955730455,-1.6821084945363816
3134,1.5891636189462977,1.9552668496174297,-1.1454283625020152,0.28228659521340604,0.9776754627450532,-0.409485245443436
3135,-1.4860534012115922,0.24362652405703647,1.468534698514755,0.28228659521340604,0.9776754627450532,0.8631380036495095
3136,-0.3328470186523835,-0.22318447382307077,-0.09984313809530719,-1.2252124996435267,-0.22889316641399612,0.8631380036495095
3137,0.435957236387089,-0.22318447382307077,-0.6226357502986613,0.28228659521340604,-1.4354617955730455,-0.409485245443436
3138,0.435957236387089,-1.1568064695832854,-0.09984313809530719,0.28228659521340604,0.9776754627450532,0.8631380036495095
3139,-0.7172491461721198,0.8660411878971794,-1.1454283625020152,0.28228659521340604,-1.4354617955730455,0.8631380036495095
3140,0.8203593639068253,0.8660411878971794,-1.1454283625020152,0.28228659521340604,0.9776754627450532,-1.6821084945363816
3141,-1.8704555287313285,1.799663183657394,-1.1454283625020152,-1.2252124996435267,0.9776754627450532,0.8631380036495095
3142,0.435957236387089,-0.22318447382307077,-0.09984313809530719,0.28228659521340604,0.9776754627450532,0.8631380036495095
3143,0.435957236387089,2.5776815134575726,0.42294947410804684,0.28228659521340604,0.9776754627450532,0.8631380036495095
3144,0.435957236387089,-0.5343918057431423,0.42294947410804684,-1.2252124996435267,0.9776754627450532,-0.409485245443436
3145,-1.4860534012115922,-1.0012028036232494,-0.6226357502986613,0.28228659521340604,0.9776754627450532,-0.409485245443436
3146,0.435957236387089,-0.5343918057431423,0.42294947410804684,1.7897856900703386,-0.8321774809935208,0.8631380036495095
3147,1.5891636189462977,0.24362652405703647,-1.1454283625020152,1.7897856900703386,-0.8321774809935208,0.8631380036495095
3148,0.435957236387089,-1.312410135543321,-0.6226357502986613,-1.2252124996435267,0.9776754627450532,-0.409485245443436
3149,-1.4860534012115922,-1.4680138015033568,-0.09984313809530719,0.28228659521340604,-1.4354617955730455,-0.409485245443436
3150,-0.3328470186523835,1.4884558517373225,-1.1454283625020152,1.7897856900703386,-0.8321774809935208,-0.409485245443436
3151,1.5891636189462977,-0.22318447382307077,1.468534698514755,-1.2252124996435267,0.37439114816552854,-0.409485245443436
3152,-1.101651273691856,0.24362652405703647,-1.1454283625020152,-1.2252124996435267,0.9776754627450532,-0.409485245443436
3153,-0.3328470186523835,1.4884558517373225,-1.1454283625020152,0.28228659521340604,-1.4354617955730455,0.8631380036495095
3154,0.435957236387089,2.1108705155774654,1.468534698514755,0.28228659521340604,-0.22889316641399612,-0.409485245443436
3155,-0.7172491461721198,-0.06758080786303503,1.468534698514755,0.28228659521340604,0.9776754627450532,0.8631380036495095
3156,-1.8704555287313285,1.799663183657394,-1.1454283625020152,0.28228659521340604,0.9776754627450532,0.8631380036495095
3157,0.05155510886735275,0.8660411878971794,1.468534698514755,-1.2252124996435267,0.9776754627450532,0.8631380036495095
3158,0.8203593639068253,-0.22318447382307077,-0.6226357502986613,1.7897856900703386,-0.8321774809935208,0.8631380036495095
3159,0.8203593639068253,0.8660411878971794,1.468534698514755,0.28228659521340604,0.9776754627450532,-0.409485245443436
3160,-1.8704555287313285,-0.37878813978310655,-0.6226357502986613,-1.2252124996435267,0.9776754627450532,0.8631380036495095
3161,-0.3328470186523835,0.24362652405703647,1.468534698514755,0.28228659521340604,0.9776754627450532,-0.409485245443436
3162,1.5891636189462977,0.554833855977108,-1.1454283625020152,0.28228659521340604,-0.22889316641399612,0.8631380036495095
3163,0.435957236387089,-1.312410135543321,-0.6226357502986613,0.28228659521340604,-0.22889316641399612,0.8631380036495095
3164,-1.101651273691856,-0.22318447382307077,-0.6226357502986613,1.7897856900703386,-0.8321774809935208,0.8631380036495095
3165,1.5891636189462977,0.24362652405703647,-1.1454283625020152,-1.2252124996435267,0.9776754627450532,-0.409485245443436
3166,0.05155510886735275,0.24362652405703647,-0.6226357502986613,-1.2252124996435267,0.9776754627450532,0.8631380036495095
3167,-1.101651273691856,-1.1568064695832854,-0.09984313809530719,0.28228659521340604,0.9776754627450532,-0.409485245443436
3168,-1.4860534012115922,2.422077847497537,1.468534698514755,1.7897856900703386,-0.8321774809935208,-0.409485245443436
3169,1.5891636189462977,-0.22318447382307077,-0.09984313809530719,1.7897856900703386,-0.8321774809935208,-0.409485245443436
3170,-0.3328470186523835,-0.5343918057431423,0.42294947410804684,1.7897856900703386,-0.8321774809935208,0.8631380036495095
3171,0.435957236387089,-1.1568064695832854,-0.6226357502986613,0.28228659521340604,0.9776754627450532,-0.409485245443436
3172,-0.7172491461721198,0.24362652405703647,1.468534698514755,1.7897856900703386,-0.8321774809935208,-0.409485245443436
3173,-0.3328470186523835,-1.4680138015033568,-0.6226357502986613,0.28228659521340604,0.9776754627450532,-1.6821084945363816
3174,-1.4860534012115922,-1.0012028036232494,-0.6226357502986613,1.7897856900703386,-0.8321774809935208,-1.6821084945363816
3175,1.5891636189462977,0.24362652405703647,-1.1454283625020152,0.28228659521340604,-1.4354617955730455,-1.6821084945363816
3176,0.05155510886735275,-0.5343918057431423,-0.09984313809530719,-1.2252124996435267,-0.22889316641399612,0.8631380036495095
3177,-0.7172491461721198,-0.06758080786303503,-1.1454283625020152,0.28228659521340604,-1.4354617955730455,0.8631380036495095
3178,-0.7172491461721198,0.24362652405703647,-1.1454283625020152,-1.2252124996435267,0.9776754627450532,-1.6821084945363816
3179,0.435957236387089,1.799663183657394,1.468534698514755,0.28228659521340604,-0.22889316641399612,0.8631380036495095
3180,0.05155510886735275,-1.1568064695832854,-0.09984313809530719,0.28228659521340604,-1.4354617955730455,-0.409485245443436
3181,1.5891636189462977,0.554833855977108,-1.1454283625020152,0.28228659521340604,-1.4354617955730455,-1.6821084945363816
3182,-0.7172491461721198,-1.0012028036232494,-0.6226357502986613,0.28228659521340604,-1.4354617955730455,0.8631380036495095
3183,-0.7172491461721198,-0.06758080786303503,-1.1454283625020152,-1.2252124996435267,0.9776754627450532,0.8631380036495095
3184,0.8203593639068253,0.24362652405703647,-1.1454283625020152,0.28228659521340604,0.9776754627450532,0.8631380036495095
3185,-0.7172491461721198,-1.1568064695832854,-0.09984313809530719,0.28228659521340604,0.9776754627450532,0.8631380036495095
3186,-1.101651273691856,-0.5343918057431423,-0.6226357502986613,-1.2252124996435267,0.37439114816552854,-1.6821084945363816
3187,0.8203593639068253,-0.22318447382307077,-0.6226357502986613,0.28228659521340604,0.9776754627450532,0.8631380036495095
3188,-1.4860534012115922,1.799663183657394,1.468534698514755,1.7897856900703386,-0.8321774809935208,0.8631380036495095
3189,-1.4860534012115922,-1.0012028036232494,-0.09984313809530719,-1.2252124996435267,0.9776754627450532,0.8631380036495095
3190,-1.4860534012115922,-1.0012028036232494,-0.6226357502986613,-1.2252124996435267,0.9776754627450532,0.8631380036495095
3191,1.5891636189462977,0.24362652405703647,-1.1454283625020152,0.28228659521340604,0.9776754627450532,0.8631380036495095
3192,0.435957236387089,2.5776815134575726,0.42294947410804684,-1.2252124996435267,-1.4354617955730455,-1.6821084945363816
3193,-1.8704555287313285,-1.0012028036232494,1.468534698514755,0.28228659521340604,0.9776754627450532,0.8631380036495095
3194,1.5891636189462977,1.799663183657394,1.468534698514755,-1.2252124996435267,0.9776754627450532,-1.6821084945363816
3195,-0.3328470186523835,0.3992301900170722,1.468534698514755,0.28228659521340604,0.9776754627450532,-0.409485245443436
3196,-1.101651273691856,-0.22318447382307077,-0.6226357502986613,-1.2252124996435267,-1.4354617955730455,-1.6821084945363816
3197,0.8203593639068253,0.24362652405703647,1.468534698514755,0.28228659521340604,0.9776754627450532,0.8631380036495095
3198,1.5891636189462977,0.554833855977108,-1.1454283625020152,-1.2252124996435267,0.37439114816552854,-1.6821084945363816
3199,0.435957236387089,-0.22318447382307077,-0.09984313809530719,0.28228659521340604,0.9776754627450532,-1.6821084945363816
3200,1.5891636189462977,1.799663183657394,1.468534698514755,-1.2252124996435267,0.37439114816552854,-0.409485245443436
3201,0.8203593639068253,-0.22318447382307077,-0.6226357502986613,0.28228659521340604,0.9776754627450532,0.8631380036495095
3202,0.435957236387089,0.7104375219371437,-1.1454283625020152,0.28228659521340604,0.9776754627450532,0.8631380036495095
3203,0.435957236387089,0.08802285809700072,0.42294947410804684,0.28228659521340604,-1.4354617955730455,0.8631380036495095
3204,0.435957236387089,-1.4680138015033568,0.42294947410804684,0.28228659521340604,-1.4354617955730455,-0.409485245443436
3205,-1.101651273691856,-0.22318447382307077,-0.09984313809530719,0.28228659521340604,-1.4354617955730455,-0.409485245443436
3206,-0.7172491461721198,0.24362652405703647,1.468534698514755,0.28228659521340604,0.9776754627450532,0.8631380036495095
3207,1.5891636189462977,0.24362652405703647,-1.1454283625020152,0.28228659521340604,0.9776754627450532,-1.6821084945363816
3208,-1.4860534012115922,-0.5343918057431423,-0.09984313809530719,0.28228659521340604,0.9776754627450532,-0.409485245443436
3209,0.435957236387089,-0.37878813978310655,-0.6226357502986613,0.28228659521340604,-0.22889316641399612,0.8631380036495095
3210,0.05155510886735275,1.3328521857772866,1.468534698514755,0.28228659521340604,-0.22889316641399612,0.8631380036495095
3211,1.5891636189462977,0.7104375219371437,-1.1454283625020152,0.28228659521340604,0.9776754627450532,-0.409485245443436
3212,0.8203593639068253,0.24362652405703647,1.468534698514755,0.28228659521340604,0.9776754627450532,-1.6821084945363816
3213,-1.4860534012115922,-1.0012028036232494,-0.6226357502986613,0.28228659521340604,0.9776754627450532,-1.6821084945363816
3214,0.8203593639068253,0.3992301900170722,1.468534698514755,0.28228659521340604,0.9776754627450532,0.8631380036495095
3215,0.8203593639068253,-0.22318447382307077,-0.6226357502986613,-1.2252124996435267,0.9776754627450532,-0.409485245443436
3216,0.8203593639068253,0.24362652405703647,1.468534698514755,0.28228659521340604,0.9776754627450532,0.8631380036495095
3217,0.05155510886735275,-1.0012028036232494,-0.09984313809530719,-1.2252124996435267,0.37439114816552854,-0.409485245443436
3218,-1.101651273691856,-1.0012028036232494,-0.09984313809530719,-1.2252124996435267,0.9776754627450532,-0.409485245443436
3219,1.5891636189462977,0.24362652405703647,1.468534698514755,1.7897856900703386,-0.8321774809935208,0.8631380036495095
3220,-0.3328470186523835,-1.4680138015033568,-0.09984313809530719,0.28228659521340604,0.9776754627450532,-1.6821084945363816
3221,0.435957236387089,-1.7792211334234282,1.468534698514755,0.28228659521340604,0.9776754627450532,-0.409485245443436
3222,-1.101651273691856,-0.22318447382307077,-0.6226357502986613,0.28228659521340604,0.9776754627450532,-0.409485245443436
3223,1.5891636189462977,0.24362652405703647,1.468534698514755,0.28228659521340604,0.9776754627450532,0.8631380036495095
3224,-1.101651273691856,0.24362652405703647,-1.1454283625020152,0.28228659521340604,-1.4354617955730455,0.8631380036495095
3225,0.435957236387089,-0.5343918057431423,0.42294947410804684,1.7897856900703386,-0.8321774809935208,0.8631380036495095
3226,-1.8704555287313285,-1.0012028036232494,1.468534698514755,-1.2252124996435267,0.37439114816552854,0.8631380036495095
3227,0.05155510886735275,-1.0012028036232494,-0.6226357502986613,0.28228659521340604,0.9776754627450532,-0.409485245443436
3228,-1.8704555287313285,-0.37878813978310655,-0.6226357502986613,1.7897856900703386,-0.8321774809935208,0.8631380036495095
3229,0.8203593639068253,-1.0012028036232494,1.468534698514755,-1.2252124996435267,0.9776754627450532,-1.6821084945363816
3230,0.8203593639068253,0.24362652405703647,-1.1454283625020152,0.28228659521340604,0.9776754627450532,-1.6821084945363816
3231,-0.7172491461721198,-0.06758080786303503,1.468534698514755,0.28228659521340604,0.9776754627450532,0.8631380036495095
3232,0.435957236387089,-0.37878813978310655,-0.6226357502986613,0.28228659521340604,-1.4354617955730455,-0.409485245443436
3233,0.435957236387089,0.7104375219371437,1.468534698514755,0.28228659521340604,0.9776754627450532,-1.6821084945363816
3234,-0.3328470186523835,-0.22318447382307077,-0.09984313809530719,-1.2252124996435267,0.9776754627450532,0.8631380036495095
3235,1.5891636189462977,-1.1568064695832854,0.42294947410804684,-1.2252124996435267,0.9776754627450532,-1.6821084945363816
3236,-1.8704555287313285,1.799663183657394,-1.1454283625020152,-1.2252124996435267,0.9776754627450532,0.8631380036495095
3237,1.5891636189462977,0.24362652405703647,1.468534698514755,-1.2252124996435267,0.9776754627450532,-0.409485245443436
3238,1.5891636189462977,-1.1568064695832854,-0.09984313809530719,0.28228659521340604,0.9776754627450532,0.8631380036495095
3239,0.05155510886735275,0.8660411878971794,-0.6226357502986613,0.28228659521340604,-0.22889316641399612,-0.409485245443436
3240,0.435957236387089,-1.1568064695832854,-0.09984313809530719,0.28228659521340604,0.9776754627450532,0.8631380036495095
3241,0.8203593639068253,-0.22318447382307077,-1.1454283625020152,-1.2252124996435267,0.9776754627450532,0.8631380036495095
3242,0.05155510886735275,0.8660411878971794,1.468534698514755,1.7897856900703386,-0.8321774809935208,-0.409485245443436
3243,1.5891636189462977,0.8660411878971794,1.468534698514755,0.28228659521340604,-1.4354617955730455,-1.6821084945363816
3244,0.435957236387089,-1.312410135543321,-0.6226357502986613,-1.2252124996435267,0.9776754627450532,-1.6821084945363816
3245,0.8203593639068253,0.24362652405703647,-1.1454283625020152,0.28228659521340604,0.9776754627450532,0.8631380036495095
3246,0.435957236387089,2.1108705155774654,1.468534698514755,0.28228659521340604,0.9776754627450532,0.8631380036495095
3247,0.05155510886735275,0.8660411878971794,1.468534698514755,1.7897856900703386,-0.8321774809935208,0.8631380036495095
3248,0.05155510886735275,0.8660411878971794,-0.6226357502986613,0.28228659521340604,0.9776754627450532,0.8631380036495095
3249,0.8203593639068253,0.3992301900170722,-1.1454283625020152,0.28228659521340604,-1.4354617955730455,0.8631380036495095
3250,-0.7172491461721198,0.24362652405703647,-1.1454283625020152,1.7897856900703386,-0.8321774809935208,0.8631380036495095
3251,1.2047614914265614,-0.689995471703178,1.468534698514755,0.28228659521340604,-1.4354617955730455,0.8631380036495095
3252,0.8203593639068253,0.24362652405703647,-1.1454283625020152,-1.2252124996435267,0.9776754627450532,0.8631380036495095
3253,-1.4860534012115922,2.422077847497537,1.468534698514755,0.28228659521340604,-0.22889316641399612,-0.409485245443436
3254,-1.8704555287313285,0.24362652405703647,-1.1454283625020152,-1.2252124996435267,0.37439114816552854,0.8631380036495095
3255,0.435957236387089,-0.37878813978310655,-0.09984313809530719,-1.2252124996435267,0.9776754627450532,-0.409485245443436
3256,-0.7172491461721198,0.8660411878971794,-1.1454283625020152,0.28228659521340604,0.9776754627450532,-0.409485245443436
3257,-1.8704555287313285,-1.0012028036232494,1.468534698514755,-1.2252124996435267,0.9776754627450532,0.8631380036495095
3258,-0.3328470186523835,0.24362652405703647,1.468534698514755,0.28228659521340604,0.9776754627450532,0.8631380036495095
3259,0.8203593639068253,0.8660411878971794,1.468534698514755,0.28228659521340604,0.9776754627450532,0.8631380036495095
3260,-1.4860534012115922,-0.5343918057431423,-0.09984313809530719,0.28228659521340604,0.9776754627450532,0.8631380036495095
3261,0.435957236387089,-1.0012028036232494,-0.6226357502986613,0.28228659521340604,0.9776754627450532,-0.409485245443436
3262,0.8203593639068253,0.24362652405703647,-1.1454283625020152,0.28228659521340604,-1.4354617955730455,-1.6821084945363816
3263,0.05155510886735275,0.8660411878971794,-0.6226357502986613,1.7897856900703386,-0.8321774809935208,0.8631380036495095
3264,-1.4860534012115922,0.8660411878971794,1.468534698514755,0.28228659521340604,-1.4354617955730455,-0.409485245443436
3265,0.435957236387089,-0.37878813978310655,-0.6226357502986613,0.28228659521340604,0.9776754627450532,0.8631380036495095
3266,-0.3328470186523835,1.6440595176973583,0.9457420863114009,-1.2252124996435267,0.9776754627450532,-0.409485245443436
3267,-0.7172491461721198,-0.06758080786303503,-0.6226357502986613,-1.2252124996435267,0.9776754627450532,0.8631380036495095
3268,0.8203593639068253,-0.22318447382307077,1.468534698514755,1.7897856900703386,-0.8321774809935208,-1.6821084945363816
3269,0.8203593639068253,0.24362652405703647,-1.1454283625020152,0.28228659521340604,-0.22889316641399612,0.8631380036495095
3270,0.8203593639068253,-0.22318447382307077,-1.1454283625020152,0.28228659521340604,0.9776754627450532,-1.6821084945363816
3271,0.435957236387089,-1.4680138015033568,-0.09984313809530719,-1.2252124996435267,0.9776754627450532,-1.6821084945363816
3272,-0.3328470186523835,0.3992301900170722,1.468534698514755,-1.2252124996435267,0.9776754627450532,-1.6821084945363816
3273,0.435957236387089,2.1108705155774654,1.468534698514755,1.7897856900703386,-0.8321774809935208,0.8631380036495095
3274,-0.7172491461721198,0.24362652405703647,-1.1454283625020152,1.7897856900703386,-0.8321774809935208,0.8631380036495095
3275,-1.101651273691856,-0.22318447382307077,-0.09984313809530719,0.28228659521340604,0.9776754627450532,0.8631380036495095
3276,-1.4860534012115922,1.799663183657394,1.468534698514755,-1.2252124996435267,0.9776754627450532,0.8631380036495095
3277,-1.101651273691856,0.24362652405703647,-1.1454283625020152,0.28228659521340604,-1.4354617955730455,0.8631380036495095
3278,1.5891636189462977,-1.1568064695832854,0.42294947410804684,-1.2252124996435267,-0.22889316641399612,0.8631380036495095
3279,-1.4860534012115922,2.422077847497537,1.468534698514755,0.28228659521340604,0.9776754627450532,0.8631380036495095
3280,0.8203593639068253,-0.22318447382307077,-0.6226357502986613,0.28228659521340604,-1.4354617955730455,0.8631380036495095
3281,-1.4860534012115922,1.799663183657394,1.468534698514755,0.28228659521340604,0.9776754627450532,-1.6821084945363816
3282,0.435957236387089,0.7104375219371437,-1.1454283625020152,0.28228659521340604,0.9776754627450532,0.8631380036495095
3283,0.8203593639068253,-0.22318447382307077,-1.1454283625020152,-1.2252124996435267,0.9776754627450532,0.8631380036495095
3284,0.435957236387089,-1.7792211334234282,1.468534698514755,-1.2252124996435267,0.9776754627450532,-0.409485245443436
3285,-1.8704555287313285,1.799663183657394,1.468534698514755,0.28228659521340604,0.9776754627450532,0.8631380036495095
3286,1.5891636189462977,-0.22318447382307077,-0.09984313809530719,-1.2252124996435267,-1.4354617955730455,-0.409485245443436
3287,0.435957236387089,0.7104375219371437,-1.1454283625020152,1.7897856900703386,-0.8321774809935208,0.8631380036495095
3288,0.435957236387089,2.266474181537501,-1.1454283625020152,-1.2252124996435267,0.37439114816552854,-1.6821084945363816
3289,-1.4860534012115922,-1.0012028036232494,-0.6226357502986613,1.7897856900703386,-0.8321774809935208,-1.6821084945363816
3290,0.05155510886735275,-0.5343918057431423,-0.09984313809530719,0.28228659521340604,-1.4354617955730455,-0.409485245443436
3291,1.5891636189462977,0.554833855977108,-1.1454283625020152,0.28228659521340604,-0.22889316641399612,0.8631380036495095
3292,0.435957236387089,-1.1568064695832854,-0.09984313809530719,0.28228659521340604,-0.22889316641399612,-0.409485245443436
3293,0.05155510886735275,-1.0012028036232494,-0.6226357502986613,-1.2252124996435267,0.9776754627450532,0.8631380036495095
3294,0.8203593639068253,0.8660411878971794,-1.1454283625020152,0.28228659521340604,0.9776754627450532,-1.6821084945363816
3295,0.05155510886735275,0.8660411878971794,1.468534698514755,-1.2252124996435267,-0.22889316641399612,0.8631380036495095
3296,1.2047614914265614,-0.689995471703178,1.468534698514755,0.28228659521340604,0.9776754627450532,-1.6821084945363816
3297,-0.3328470186523835,0.3992301900170722,1.468534698514755,-1.2252124996435267,0.9776754627450532,-0.409485245443436
3298,0.8203593639068253,0.3992301900170722,-1.1454283625020152,-1.2252124996435267,0.9776754627450532,0.8631380036495095
3299,1.5891636189462977,0.24362652405703647,-1.1454283625020152,1.7897856900703386,-0.8321774809935208,-0.409485245443436
3300,0.435957236387089,-1.312410135543321,-0.6226357502986613,-1.2252124996435267,-1.4354617955730455,-1.6821084945363816
3301,-1.4860534012115922,-1.0012028036232494,-0.6226357502986613,-1.2252124996435267,-0.22889316641399612,-0.409485245443436
3302,-0.7172491461721198,-1.1568064695832854,-0.09984313809530719,-1.2252124996435267,0.9776754627450532,0.8631380036495095
3303,-1.4860534012115922,-1.0012028036232494,-0.6226357502986613,1.7897856900703386,-0.8321774809935208,0.8631380036495095
3304,0.8203593639068253,0.24362652405703647,-1.1454283625020152,1.7897856900703386,-0.8321774809935208,-0.409485245443436
3305,0.8203593639068253,0.8660411878971794,-1.1454283625020152,0.28228659521340604,-1.4354617955730455,-1.6821084945363816
3306,-0.7172491461721198,0.24362652405703647,-1.1454283625020152,0.28228659521340604,-0.22889316641399612,0.8631380036495095
3307,0.8203593639068253,0.3992301900170722,-1.1454283625020152,0.28228659521340604,0.9776754627450532,0.8631380036495095
3308,0.435957236387089,-1.7792211334234282,1.468534698514755,1.7897856900703386,-0.8321774809935208,0.8631380036495095
3309,-1.101651273691856,-0.22318447382307077,-0.6226357502986613,-1.2252124996435267,0.9776754627450532,-0.409485245443436
3310,-1.101651273691856,0.24362652405703647,-1.1454283625020152,1.7897856900703386,-0.8321774809935208,0.8631380036495095
3311,0.8203593639068253,-0.22318447382307077,0.42294947410804684,-1.2252124996435267,0.9776754627450532,-0.409485245443436
3312,-1.4860534012115922,0.24362652405703647,1.468534698514755,1.7897856900703386,-0.8321774809935208,0.8631380036495095
3313,-1.8704555287313285,0.24362652405703647,-1.1454283625020152,0.28228659521340604,0.9776754627450532,0.8631380036495095
3314,0.8203593639068253,-0.22318447382307077,-0.6226357502986613,-1.2252124996435267,0.9776754627450532,0.8631380036495095
3315,-1.101651273691856,-1.1568064695832854,-0.09984313809530719,0.28228659521340604,0.9776754627450532,-0.409485245443436
3316,0.8203593639068253,0.24362652405703647,1.468534698514755,0.28228659521340604,-0.22889316641399612,0.8631380036495095
3317,-1.8704555287313285,2.266474181537501,1.468534698514755,0.28228659521340604,0.9776754627450532,0.8631380036495095
3318,-1.4860534012115922,2.422077847497537,1.468534698514755,-1.2252124996435267,0.37439114816552854,-0.409485245443436
3319,0.435957236387089,0.7104375219371437,-1.1454283625020152,0.28228659521340604,0.9776754627450532,-0.409485245443436
3320,-0.7172491461721198,0.24362652405703647,-1.1454283625020152,-1.2252124996435267,0.9776754627450532,0.8631380036495095
3321,0.435957236387089,-1.1568064695832854,0.42294947410804684,-1.2252124996435267,0.37439114816552854,-1.6821084945363816
3322,0.435957236387089,0.24362652405703647,-1.1454283625020152,1.7897856900703386,-0.8321774809935208,0.8631380036495095
3323,0.05155510886735275,-1.0012028036232494,-0.6226357502986613,0.28228659521340604,-0.22889316641399612,0.8631380036495095
3324,-1.8704555287313285,2.266474181537501,1.468534698514755,0.28228659521340604,0.9776754627450532,0.8631380036495095
3325,0.435957236387089,0.24362652405703647,-1.1454283625020152,0.28228659521340604,0.9776754627450532,0.8631380036495095
3326,0.05155510886735275,-1.0012028036232494,-0.09984313809530719,0.28228659521340604,0.9776754627450532,0.8631380036495095
3327,0.05155510886735275,0.8660411878971794,-0.6226357502986613,0.28228659521340604,-1.4354617955730455,-0.409485245443436
3328,0.8203593639068253,-0.22318447382307077,-0.6226357502986613,0.28228659521340604,0.9776754627450532,0.8631380036495095
3329,0.435957236387089,-0.5343918057431423,-0.09984313809530719,-1.2252124996435267,0.9776754627450532,-1.6821084945363816
3330,0.435957236387089,2.1108705155774654,1.468534698514755,1.7897856900703386,-0.8321774809935208,0.8631380036495095
3331,0.8203593639068253,-0.22318447382307077,-0.09984313809530719,0.28228659521340604,-1.4354617955730455,-1.6821084945363816
3332,-1.8704555287313285,-1.0012028036232494,-0.6226357502986613,-1.2252124996435267,0.9776754627450532,0.8631380036495095
3333,-1.101651273691856,0.24362652405703647,1.468534698514755,1.7897856900703386,-0.8321774809935208,0.8631380036495095
3334,0.435957236387089,0.7104375219371437,-1.1454283625020152,0.28228659521340604,0.9776754627450532,-0.409485245443436
3335,1.5891636189462977,-0.22318447382307077,-0.09984313809530719,0.28228659521340604,0.9776754627450532,-0.409485245443436
3336,0.435957236387089,-1.7792211334234282,1.468534698514755,-1.2252124996435267,-1.4354617955730455,-1.6821084945363816
3337,0.8203593639068253,-0.22318447382307077,0.42294947410804684,0.28228659521340604,-1.4354617955730455,0.8631380036495095
3338,0.8203593639068253,0.8660411878971794,1.468534698514755,-1.2252124996435267,0.9776754627450532,-0.409485245443436
3339,1.5891636189462977,-0.22318447382307077,-0.09984313809530719,0.28228659521340604,0.9776754627450532,-1.6821084945363816
3340,0.8203593639068253,-1.1568064695832854,-0.09984313809530719,1.7897856900703386,-0.8321774809935208,-1.6821084945363816
3341,-1.8704555287313285,0.8660411878971794,-1.1454283625020152,1.7897856900703386,-0.8321774809935208,0.8631380036495095
3342,-0.3328470186523835,-1.4680138015033568,-0.6226357502986613,-1.2252124996435267,0.9776754627450532,-0.409485245443436
3343,0.8203593639068253,0.24362652405703647,-1.1454283625020152,-1.2252124996435267,0.37439114816552854,-0.409485245443436
3344,0.8203593639068253,0.24362652405703647,1.468534698514755,0.28228659521340604,-0.22889316641399612,0.8631380036495095
3345,0.05155510886735275,1.799663183657394,-1.1454283625020152,1.7897856900703386,-0.8321774809935208,0.8631380036495095
3346,1.5891636189462977,-1.1568064695832854,0.42294947410804684,0.28228659521340604,-1.4354617955730455,0.8631380036495095
3347,-0.7172491461721198,-1.1568064695832854,-0.09984313809530719,0.28228659521340604,-1.4354617955730455,0.8631380036495095
3348,-1.4860534012115922,-1.0012028036232494,0.42294947410804684,0.28228659521340604,-1.4354617955730455,-0.409485245443436
3349,0.05155510886735275,-1.0012028036232494,-0.6226357502986613,-1.2252124996435267,-1.4354617955730455,-1.6821084945363816
3350,-1.101651273691856,-0.22318447382307077,-0.09984313809530719,0.28228659521340604,-1.4354617955730455,-0.409485245443436
3351,0.435957236387089,0.24362652405703647,-1.1454283625020152,0.28228659521340604,-1.4354617955730455,-0.409485245443436
3352,-0.3328470186523835,-0.5343918057431423,0.42294947410804684,0.28228659521340604,0.9776754627450532,-0.409485245443436
3353,-1.101651273691856,0.24362652405703647,1.468534698514755,-1.2252124996435267,0.37439114816552854,-0.409485245443436
3354,-1.101651273691856,0.24362652405703647,1.468534698514755,0.28228659521340604,0.9776754627450532,-0.409485245443436
3355,-0.7172491461721198,-0.06758080786303503,-0.6226357502986613,0.28228659521340604,-1.4354617955730455,0.8631380036495095
3356,0.05155510886735275,0.24362652405703647,-0.6226357502986613,0.28228659521340604,0.9776754627450532,0.8631380036495095
3357,0.435957236387089,-1.4680138015033568,-0.6226357502986613,-1.2252124996435267,0.9776754627450532,-0.409485245443436
3358,1.5891636189462977,0.554833855977108,-1.1454283625020152,-1.2252124996435267,0.37439114816552854,-0.409485245443436
3359,-0.3328470186523835,-1.1568064695832854,0.42294947410804684,1.7897856900703386,-0.8321774809935208,0.8631380036495095
3360,1.5891636189462977,0.554833855977108,-1.1454283625020152,-1.2252124996435267,0.9776754627450532,0.8631380036495095
3361,0.8203593639068253,-0.22318447382307077,-0.6226357502986613,0.28228659521340604,0.9776754627450532,0.8631380036495095
3362,-1.8704555287313285,0.24362652405703647,-1.1454283625020152,0.28228659521340604,0.9776754627450532,0.8631380036495095
3363,0.8203593639068253,-0.22318447382307077,-0.09984313809530719,0.28228659521340604,0.9776754627450532,0.8631380036495095
3364,0.435957236387089,2.5776815134575726,0.42294947410804684,-1.2252124996435267,0.9776754627450532,0.8631380036495095
3365,0.05155510886735275,-0.5343918057431423,-0.09984313809530719,1.7897856900703386,-0.8321774809935208,0.8631380036495095
3366,1.5891636189462977,0.24362652405703647,-1.1454283625020152,0.28228659521340604,-1.4354617955730455,-1.6821084945363816
3367,1.2047614914265614,-0.689995471703178,1.468534698514755,1.7897856900703386,-0.8321774809935208,0.8631380036495095
3368,-1.101651273691856,-0.22318447382307077,-0.6226357502986613,1.7897856900703386,-0.8321774809935208,0.8631380036495095
3369,-1.4860534012115922,1.799663183657394,1.468534698514755,-1.2252124996435267,0.9776754627450532,-0.409485245443436
3370,-1.101651273691856,-0.22318447382307077,-0.6226357502986613,-1.2252124996435267,0.9776754627450532,-0.409485245443436
3371,0.05155510886735275,0.8660411878971794,1.468534698514755,-1.2252124996435267,0.9776754627450532,0.8631380036495095
3372,-0.7172491461721198,0.24362652405703647,-1.1454283625020152,0.28228659521340604,-0.22889316641399612,0.8631380036495095
3373,1.2047614914265614,-1.312410135543321,0.42294947410804684,0.28228659521340604,0.9776754627450532,-1.6821084945363816
3374,0.435957236387089,-0.5343918057431423,0.42294947410804684,0.28228659521340604,0.9776754627450532,-1.6821084945363816
3375,0.8203593639068253,-0.22318447382307077,-0.6226357502986613,0.28228659521340604,-1.4354617955730455,0.8631380036495095
3376,-0.7172491461721198,0.24362652405703647,-1.1454283625020152,0.28228659521340604,-0.22889316641399612,0.8631380036495095
3377,0.435957236387089,1.799663183657394,1.468534698514755,-1.2252124996435267,-0.22889316641399612,0.8631380036495095
3378,-1.8704555287313285,-0.37878813978310655,-0.6226357502986613,0.28228659521340604,-1.4354617955730455,0.8631380036495095
3379,0.435957236387089,0.8660411878971794,1.468534698514755,-1.2252124996435267,0.9776754627450532,0.8631380036495095
3380,0.435957236387089,2.1108705155774654,1.468534698514755,0.28228659521340604,0.9776754627450532,-0.409485245443436
3381,-1.101651273691856,0.24362652405703647,1.468534698514755,0.28228659521340604,-0.22889316641399612,0.8631380036495095
3382,0.435957236387089,2.1108705155774654,-0.09984313809530719,-1.2252124996435267,-1.4354617955730455,-1.6821084945363816
3383,-0.7172491461721198,0.24362652405703647,-1.1454283625020152,0.28228659521340604,-0.22889316641399612,0.8631380036495095
3384,1.5891636189462977,0.24362652405703647,-1.1454283625020152,0.28228659521340604,-1.4354617955730455,-1.6821084945363816
3385,1.2047614914265614,-0.689995471703178,1.468534698514755,-1.2252124996435267,-1.4354617955730455,-1.6821084945363816
3386,-0.3328470186523835,-1.1568064695832854,0.42294947410804684,-1.2252124996435267,-1.4354617955730455,-1.6821084945363816
3387,1.5891636189462977,-1.1568064695832854,0.42294947410804684,0.28228659521340604,0.9776754627450532,0.8631380036495095
3388,0.435957236387089,-0.22318447382307077,-0.09984313809530719,0.28228659521340604,-1.4354617955730455,-0.409485245443436
3389,0.435957236387089,0.08802285809700072,0.42294947410804684,0.28228659521340604,-0.22889316641399612,0.8631380036495095
3390,0.435957236387089,-1.312410135543321,-0.6226357502986613,1.7897856900703386,-0.8321774809935208,0.8631380036495095
3391,0.435957236387089,2.5776815134575726,0.42294947410804684,-1.2252124996435267,0.9776754627450532,-0.409485245443436
3392,0.8203593639068253,-0.22318447382307077,-0.6226357502986613,0.28228659521340604,-1.4354617955730455,0.8631380036495095
3393,0.8203593639068253,0.24362652405703647,1.468534698514755,0.28228659521340604,-1.4354617955730455,0.8631380036495095
3394,0.435957236387089,-0.5343918057431423,-0.09984313809530719,0.28228659521340604,0.9776754627450532,-1.6821084945363816
3395,0.435957236387089,2.5776815134575726,0.42294947410804684,0.28228659521340604,0.9776754627450532,0.8631380036495095
3396,0.8203593639068253,-0.22318447382307077,-0.6226357502986613,0.28228659521340604,-1.4354617955730455,0.8631380036495095
3397,0.435957236387089,-1.1568064695832854,-0.6226357502986613,0.28228659521340604,0.9776754627450532,-0.409485245443436
3398,1.5891636189462977,0.554833855977108,-1.1454283625020152,0.28228659521340604,-0.22889316641399612,0.8631380036495095
3399,0.05155510886735275,0.24362652405703647,-1.1454283625020152,0.28228659521340604,0.9776754627450532,0.8631380036495095
3400,-0.3328470186523835,-0.22318447382307077,-0.09984313809530719,0.28228659521340604,0.9776754627450532,-1.6821084945363816
3401,-1.101651273691856,-1.0012028036232494,-0.09984313809530719,0.28228659521340604,-1.4354617955730455,0.8631380036495095
3402,-0.7172491461721198,-0.06758080786303503,1.468534698514755,0.28228659521340604,-1.4354617955730455,0.8631380036495095
3403,-1.8704555287313285,2.266474181537501,1.468534698514755,-1.2252124996435267,0.9776754627450532,0.8631380036495095
3404,0.05155510886735275,0.8660411878971794,1.468534698514755,-1.2252124996435267,0.37439114816552854,-0.409485245443436
3405,0.8203593639068253,0.24362652405703647,-1.1454283625020152,1.7897856900703386,-0.8321774809935208,-1.6821084945363816
3406,-1.8704555287313285,-0.37878813978310655,-0.6226357502986613,0.28228659521340604,0.9776754627450532,0.8631380036495095
3407,0.8203593639068253,0.24362652405703647,-1.1454283625020152,0.28228659521340604,-0.22889316641399612,0.8631380036495095
3408,-1.4860534012115922,-0.37878813978310655,-0.6226357502986613,0.28228659521340604,-0.22889316641399612,0.8631380036495095
3409,-1.8704555287313285,-0.37878813978310655,-0.6226357502986613,0.28228659521340604,0.9776754627450532,0.8631380036495095
3410,0.435957236387089,2.1108705155774654,-0.09984313809530719,0.28228659521340604,0.9776754627450532,0.8631380036495095
3411,0.435957236387089,-0.37878813978310655,-0.6226357502986613,0.28228659521340604,0.9776754627450532,-0.409485245443436
3412,0.435957236387089,0.7104375219371437,-1.1454283625020152,0.28228659521340604,0.9776754627450532,-0.409485245443436
3413,-0.3328470186523835,0.24362652405703647,1.468534698514755,1.7897856900703386,-0.8321774809935208,-0.409485245443436
3414,0.435957236387089,2.1108705155774654,-0.6226357502986613,-1.2252124996435267,-1.4354617955730455,-1.6821084945363816
3415,0.435957236387089,-0.22318447382307077,-0.09984313809530719,-1.2252124996435267,-1.4354617955730455,-1.6821084945363816
3416,1.5891636189462977,0.24362652405703647,-1.1454283625020152,0.28228659521340604,0.9776754627450532,-1.6821084945363816
3417,0.8203593639068253,-0.22318447382307077,-0.6226357502986613,0.28228659521340604,-1.4354617955730455,-1.6821084945363816
3418,1.5891636189462977,0.24362652405703647,1.468534698514755,-1.2252124996435267,0.9776754627450532,-0.409485245443436
3419,-0.7172491461721198,0.8660411878971794,-1.1454283625020152,-1.2252124996435267,0.9776754627450532,-1.6821084945363816
3420,1.5891636189462977,0.8660411878971794,-1.1454283625020152,-1.2252124996435267,0.9776754627450532,-0.409485245443436
3421,-1.4860534012115922,1.799663183657394,1.468534698514755,1.7897856900703386,-0.8321774809935208,0.8631380036495095
3422,-0.7172491461721198,1.1772485198172509,1.468534698514755,-1.2252124996435267,0.37439114816552854,-1.6821084945363816
3423,0.8203593639068253,-0.22318447382307077,-0.6226357502986613,0.28228659521340604,0.9776754627450532,-0.409485245443436
3424,0.05155510886735275,-0.5343918057431423,-0.09984313809530719,0.28228659521340604,0.9776754627450532,0.8631380036495095
3425,0.8203593639068253,-0.22318447382307077,0.42294947410804684,1.7897856900703386,-0.8321774809935208,-1.6821084945363816
3426,1.5891636189462977,0.8660411878971794,1.468534698514755,-1.2252124996435267,0.9776754627450532,-0.409485245443436
3427,0.05155510886735275,-0.5343918057431423,-0.09984313809530719,-1.2252124996435267,0.9776754627450532,0.8631380036495095
3428,1.2047614914265614,-0.22318447382307077,-0.09984313809530719,-1.2252124996435267,0.9776754627450532,-0.409485245443436
3429,0.435957236387089,-1.1568064695832854,0.42294947410804684,-1.2252124996435267,0.9776754627450532,-0.409485245443436
3430,-0.7172491461721198,0.8660411878971794,-1.1454283625020152,-1.2252124996435267,0.9776754627450532,0.8631380036495095
3431,0.05155510886735275,-1.1568064695832854,-0.09984313809530719,0.28228659521340604,-1.4354617955730455,0.8631380036495095
3432,0.8203593639068253,0.24362652405703647,-1.1454283625020152,-1.2252124996435267,-1.4354617955730455,0.8631380036495095
3433,-1.8704555287313285,0.24362652405703647,-1.1454283625020152,0.28228659521340604,0.9776754627450532,0.8631380036495095
3434,0.435957236387089,-0.5343918057431423,-0.09984313809530719,0.28228659521340604,-1.4354617955730455,-0.409485245443436
3435,1.2047614914265614,-0.689995471703178,1.468534698514755,-1.2252124996435267,-1.4354617955730455,0.8631380036495095
3436,-0.7172491461721198,-0.06758080786303503,-1.1454283625020152,-1.2252124996435267,0.9776754627450532,-0.409485245443436
3437,-1.101651273691856,0.24362652405703647,1.468534698514755,-1.2252124996435267,-1.4354617955730455,-1.6821084945363816
3438,-1.8704555287313285,0.8660411878971794,-1.1454283625020152,0.28228659521340604,-1.4354617955730455,0.8631380036495095
3439,1.5891636189462977,0.554833855977108,-1.1454283625020152,0.28228659521340604,-1.4354617955730455,-1.6821084945363816
3440,-1.4860534012115922,-1.0012028036232494,-0.09984313809530719,1.7897856900703386,-0.8321774809935208,-0.409485245443436
3441,-1.101651273691856,0.24362652405703647,1.468534698514755,-1.2252124996435267,0.9776754627450532,-1.6821084945363816
3442,0.435957236387089,2.1108705155774654,-0.09984313809530719,0.28228659521340604,0.9776754627450532,-0.409485245443436
3443,1.5891636189462977,0.554833855977108,-1.1454283625020152,0.28228659521340604,-1.4354617955730455,0.8631380036495095
3444,-0.7172491461721198,-0.06758080786303503,-0.6226357502986613,1.7897856900703386,-0.8321774809935208,0.8631380036495095
3445,0.435957236387089,1.799663183657394,1.468534698514755,0.28228659521340604,-1.4354617955730455,0.8631380036495095
3446,-1.8704555287313285,2.266474181537501,1.468534698514755,-1.2252124996435267,0.9776754627450532,0.8631380036495095
3447,0.435957236387089,2.5776815134575726,0.42294947410804684,-1.2252124996435267,0.9776754627450532,0.8631380036495095
3448,0.435957236387089,-0.22318447382307077,-0.6226357502986613,0.28228659521340604,-0.22889316641399612,0.8631380036495095
3449,1.5891636189462977,0.554833855977108,-1.1454283625020152,0.28228659521340604,0.9776754627450532,-0.409485245443436
3450,0.8203593639068253,-0.22318447382307077,-0.6226357502986613,1.7897856900703386,-0.8321774809935208,-1.6821084945363816
3451,1.5891636189462977,0.24362652405703647,-1.1454283625020152,-1.2252124996435267,-1.4354617955730455,-0.409485245443436
3452,0.435957236387089,-1.7792211334234282,1.468534698514755,1.7897856900703386,-0.8321774809935208,0.8631380036495095
3453,-1.4860534012115922,1.799663183657394,1.468534698514755,1.7897856900703386,-0.8321774809935208,-0.409485245443436
3454,-1.4860534012115922,-1.1568064695832854,-0.6226357502986613,1.7897856900703386,-0.8321774809935208,0.8631380036495095
3455,0.435957236387089,-1.0012028036232494,-0.6226357502986613,-1.2252124996435267,0.9776754627450532,0.8631380036495095
3456,-0.7172491461721198,-1.1568064695832854,-0.09984313809530719,-1.2252124996435267,-0.22889316641399612,0.8631380036495095
3457,0.05155510886735275,-1.0012028036232494,-0.6226357502986613,-1.2252124996435267,0.37439114816552854,-1.6821084945363816
3458,0.435957236387089,2.1108705155774654,-0.09984313809530719,0.28228659521340604,-0.22889316641399612,-0.409485245443436
3459,0.8203593639068253,0.3992301900170722,-1.1454283625020152,-1.2252124996435267,-1.4354617955730455,0.8631380036495095
3460,0.435957236387089,-1.312410135543321,-0.6226357502986613,-1.2252124996435267,-0.22889316641399612,0.8631380036495095
3461,0.8203593639068253,-0.22318447382307077,-1.1454283625020152,0.28228659521340604,-1.4354617955730455,-1.6821084945363816
3462,-0.7172491461721198,0.24362652405703647,-1.1454283625020152,1.7897856900703386,-0.8321774809935208,-0.409485245443436
3463,-1.101651273691856,1.0216448538572152,1.468534698514755,-1.2252124996435267,0.9776754627450532,0.8631380036495095
3464,-0.3328470186523835,1.6440595176973583,0.9457420863114009,-1.2252124996435267,0.37439114816552854,-0.409485245443436
3465,-1.101651273691856,-1.0012028036232494,-0.09984313809530719,0.28228659521340604,0.9776754627450532,0.8631380036495095
3466,-0.7172491461721198,-1.0012028036232494,-0.6226357502986613,-1.2252124996435267,0.9776754627450532,0.8631380036495095
3467,-0.7172491461721198,-1.1568064695832854,-0.09984313809530719,0.28228659521340604,0.9776754627450532,0.8631380036495095
3468,-1.4860534012115922,-1.1568064695832854,-0.09984313809530719,-1.2252124996435267,0.9776754627450532,-0.409485245443436
3469,1.5891636189462977,0.24362652405703647,1.468534698514755,0.28228659521340604,0.9776754627450532,-1.6821084945363816
3470,0.8203593639068253,0.24362652405703647,1.468534698514755,-1.2252124996435267,-1.4354617955730455,0.8631380036495095
3471,-0.3328470186523835,-0.22318447382307077,-0.09984313809530719,0.28228659521340604,-1.4354617955730455,0.8631380036495095
3472,-0.3328470186523835,-1.4680138015033568,-0.6226357502986613,1.7897856900703386,-0.8321774809935208,-0.409485245443436
3473,1.2047614914265614,-0.689995471703178,1.468534698514755,1.7897856900703386,-0.8321774809935208,-0.409485245443436
3474,0.435957236387089,2.1108705155774654,-0.09984313809530719,-1.2252124996435267,0.9776754627450532,-1.6821084945363816
3475,0.05155510886735275,0.8660411878971794,1.468534698514755,-1.2252124996435267,0.9776754627450532,-0.409485245443436
3476,0.8203593639068253,-0.5343918057431423,-0.6226357502986613,-1.2252124996435267,0.9776754627450532,-0.409485245443436
3477,-0.3328470186523835,1.4884558517373225,-1.1454283625020152,0.28228659521340604,0.9776754627450532,0.8631380036495095
3478,0.435957236387089,-1.7792211334234282,1.468534698514755,0.28228659521340604,0.9776754627450532,0.8631380036495095
3479,0.8203593639068253,-0.22318447382307077,-1.1454283625020152,0.28228659521340604,-1.4354617955730455,-1.6821084945363816
3480,0.05155510886735275,0.8660411878971794,-0.6226357502986613,1.7897856900703386,-0.8321774809935208,0.8631380036495095
3481,0.435957236387089,2.266474181537501,-1.1454283625020152,0.28228659521340604,0.9776754627450532,-0.409485245443436
3482,0.05155510886735275,-1.1568064695832854,-0.09984313809530719,1.7897856900703386,-0.8321774809935208,0.8631380036495095
3483,-0.3328470186523835,2.7332851794176083,-0.6226357502986613,-1.2252124996435267,0.9776754627450532,0.8631380036495095
3484,1.5891636189462977,1.9552668496174297,-1.1454283625020152,0.28228659521340604,-1.4354617955730455,-1.6821084945363816
3485,0.435957236387089,0.8660411878971794,1.468534698514755,0.28228659521340604,-1.4354617955730455,0.8631380036495095
3486,0.435957236387089,-0.22318447382307077,-0.09984313809530719,0.28228659521340604,0.9776754627450532,0.8631380036495095
3487,0.8203593639068253,-0.22318447382307077,-0.6226357502986613,0.28228659521340604,-1.4354617955730455,-1.6821084945363816
3488,1.5891636189462977,0.8660411878971794,1.468534698514755,0.28228659521340604,0.9776754627450532,0.8631380036495095
3489,1.5891636189462977,0.7104375219371437,-1.1454283625020152,0.28228659521340604,-0.22889316641399612,0.8631380036495095
3490,-0.3328470186523835,-1.4680138015033568,-0.09984313809530719,-1.2252124996435267,-0.22889316641399612,0.8631380036495095
3491,0.8203593639068253,-0.22318447382307077,0.42294947410804684,-1.2252124996435267,0.9776754627450532,-1.6821084945363816
3492,0.435957236387089,1.799663183657394,1.468534698514755,0.28228659521340604,-1.4354617955730455,0.8631380036495095
3493,-1.101651273691856,-0.5343918057431423,-0.6226357502986613,0.28228659521340604,0.9776754627450532,-0.409485245443436
3494,0.435957236387089,-0.37878813978310655,-0.09984313809530719,0.28228659521340604,0.9776754627450532,0.8631380036495095
3495,-1.101651273691856,1.0216448538572152,1.468534698514755,-1.2252124996435267,0.9776754627450532,-0.409485245443436
3496,-0.3328470186523835,-1.4680138015033568,-0.6226357502986613,0.28228659521340604,-1.4354617955730455,-0.409485245443436
3497,-1.4860534012115922,-1.0012028036232494,-0.09984313809530719,0.28228659521340604,0.9776754627450532,-1.6821084945363816
3498,0.435957236387089,-1.312410135543321,-0.6226357502986613,0.28228659521340604,-0.22889316641399612,-0.409485245443436
3499,0.435957236387089,-1.1568064695832854,0.42294947410804684,-1.2252124996435267,0.9776754627450532,0.8631380036495095
3500,0.05155510886735275,-0.5343918057431423,-0.09984313809530719,-1.2252124996435267,0.9776754627450532,-0.409485245443436
3501,-0.3328470186523835,0.24362652405703647,1.468534698514755,0.28228659521340604,-1.4354617955730455,-0.409485245443436
3502,0.435957236387089,-0.5343918057431423,-0.09984313809530719,1.7897856900703386,-0.8321774809935208,0.8631380036495095
3503,-0.7172491461721198,-1.1568064695832854,-0.09984313809530719,0.28228659521340604,-1.4354617955730455,-1.6821084945363816
3504,-0.3328470186523835,2.7332851794176083,-0.6226357502986613,0.28228659521340604,0.9776754627450532,-0.409485245443436
3505,0.8203593639068253,-0.22318447382307077,-0.09984313809530719,0.28228659521340604,-0.22889316641399612,0.8631380036495095
3506,-0.7172491461721198,-0.06758080786303503,1.468534698514755,-1.2252124996435267,0.37439114816552854,-0.409485245443436
3507,0.435957236387089,-1.4680138015033568,-0.6226357502986613,-1.2252124996435267,0.37439114816552854,-1.6821084945363816
3508,-1.4860534012115922,-1.1568064695832854,-0.09984313809530719,0.28228659521340604,0.9776754627450532,-1.6821084945363816
3509,0.05155510886735275,-0.8455991376632138,1.468534698514755,0.28228659521340604,-1.4354617955730455,-0.409485245443436
3510,-1.101651273691856,-0.5343918057431423,-0.6226357502986613,0.28228659521340604,-1.4354617955730455,0.8631380036495095
3511,1.5891636189462977,0.554833855977108,-1.1454283625020152,-1.2252124996435267,0.9776754627450532,-0.409485245443436
3512,-0.7172491461721198,-0.06758080786303503,1.468534698514755,-1.2252124996435267,0.9776754627450532,-1.6821084945363816
3513,0.8203593639068253,-0.22318447382307077,1.468534698514755,-1.2252124996435267,0.9776754627450532,-0.409485245443436
3514,0.8203593639068253,-0.22318447382307077,1.468534698514755,0.28228659521340604,0.9776754627450532,0.8631380036495095
3515,1.5891636189462977,0.7104375219371437,-1.1454283625020152,1.7897856900703386,-0.8321774809935208,-1.6821084945363816
3516,0.8203593639068253,0.8660411878971794,1.468534698514755,-1.2252124996435267,0.9776754627450532,0.8631380036495095
3517,1.2047614914265614,-0.689995471703178,1.468534698514755,0.28228659521340604,0.9776754627450532,-1.6821084945363816
3518,-0.7172491461721198,1.1772485198172509,1.468534698514755,1.7897856900703386,-0.8321774809935208,0.8631380036495095
3519,1.2047614914265614,-0.689995471703178,1.468534698514755,0.28228659521340604,0.9776754627450532,-0.409485245443436
3520,-1.101651273691856,-0.22318447382307077,-0.09984313809530719,0.28228659521340604,0.9776754627450532,-0.409485245443436
3521,-1.101651273691856,0.24362652405703647,-1.1454283625020152,-1.2252124996435267,0.9776754627450532,0.8631380036495095
3522,-1.101651273691856,0.24362652405703647,-1.1454283625020152,-1.2252124996435267,0.37439114816552854,-1.6821084945363816
3523,-1.4860534012115922,-1.0012028036232494,-0.09984313809530719,1.7897856900703386,-0.8321774809935208,-1.6821084945363816
3524,1.5891636189462977,0.24362652405703647,-1.1454283625020152,0.28228659521340604,0.9776754627450532,-1.6821084945363816
3525,0.8203593639068253,0.24362652405703647,-1.1454283625020152,-1.2252124996435267,0.9776754627450532,-1.6821084945363816
3526,-0.7172491461721198,-1.1568064695832854,-0.09984313809530719,-1.2252124996435267,0.9776754627450532,0.8631380036495095
3527,0.05155510886735275,-1.0012028036232494,-0.09984313809530719,0.28228659521340604,0.9776754627450532,0.8631380036495095
3528,0.435957236387089,2.5776815134575726,0.42294947410804684,0.28228659521340604,-0.22889316641399612,0.8631380036495095
3529,0.435957236387089,-1.312410135543321,-0.6226357502986613,0.28228659521340604,-0.22889316641399612,0.8631380036495095
3530,-1.8704555287313285,1.799663183657394,1.468534698514755,1.7897856900703386,-0.8321774809935208,0.8631380036495095
3531,-1.101651273691856,-1.4680138015033568,-0.09984313809530719,0.28228659521340604,0.9776754627450532,-0.409485245443436
3532,-0.3328470186523835,0.24362652405703647,1.468534698514755,0.28228659521340604,0.9776754627450532,-1.6821084945363816
3533,0.05155510886735275,-1.0012028036232494,-0.09984313809530719,0.28228659521340604,-1.4354617955730455,-0.409485245443436
3534,-0.3328470186523835,0.24362652405703647,1.468534698514755,0.28228659521340604,0.9776754627450532,0.8631380036495095
3535,-0.3328470186523835,0.24362652405703647,1.468534698514755,0.28228659521340604,-1.4354617955730455,-0.409485245443436
3536,0.435957236387089,-1.4680138015033568,-0.6226357502986613,-1.2252124996435267,0.9776754627450532,-1.6821084945363816
3537,0.435957236387089,-1.312410135543321,-0.6226357502986613,0.28228659521340604,-1.4354617955730455,-0.409485245443436
3538,0.05155510886735275,1.799663183657394,-1.1454283625020152,1.7897856900703386,-0.8321774809935208,0.8631380036495095
3539,0.05155510886735275,-1.0012028036232494,-0.6226357502986613,0.28228659521340604,-1.4354617955730455,-0.409485245443436
3540,0.8203593639068253,-1.0012028036232494,1.468534698514755,0.28228659521340604,-0.22889316641399612,0.8631380036495095
3541,0.435957236387089,2.1108705155774654,-0.6226357502986613,1.7897856900703386,-0.8321774809935208,0.8631380036495095
3542,-1.101651273691856,-0.5343918057431423,-0.6226357502986613,0.28228659521340604,-0.22889316641399612,-0.409485245443436
3543,0.8203593639068253,-0.22318447382307077,-1.1454283625020152,0.28228659521340604,-0.22889316641399612,0.8631380036495095
3544,0.435957236387089,2.1108705155774654,-0.6226357502986613,0.28228659521340604,-1.4354617955730455,0.8631380036495095
3545,-1.101651273691856,0.24362652405703647,1.468534698514755,1.7897856900703386,-0.8321774809935208,0.8631380036495095
3546,1.5891636189462977,0.8660411878971794,1.468534698514755,-1.2252124996435267,0.9776754627450532,0.8631380036495095
3547,-0.7172491461721198,0.24362652405703647,-1.1454283625020152,0.28228659521340604,0.9776754627450532,0.8631380036495095
3548,0.8203593639068253,-0.22318447382307077,-1.1454283625020152,0.28228659521340604,0.9776754627450532,0.8631380036495095
3549,-1.4860534012115922,-1.1568064695832854,-0.6226357502986613,0.28228659521340604,-1.4354617955730455,-0.409485245443436
3550,0.435957236387089,1.799663183657394,1.468534698514755,0.28228659521340604,0.9776754627450532,0.8631380036495095
3551,0.8203593639068253,-0.22318447382307077,-0.6226357502986613,0.28228659521340604,0.9776754627450532,-1.6821084945363816
3552,-0.7172491461721198,-0.06758080786303503,-1.1454283625020152,0.28228659521340604,0.9776754627450532,0.8631380036495095
3553,0.05155510886735275,0.8660411878971794,1.468534698514755,1.7897856900703386,-0.8321774809935208,0.8631380036495095
3554,0.8203593639068253,-0.22318447382307077,-1.1454283625020152,0.28228659521340604,-1.4354617955730455,-1.6821084945363816
3555,0.435957236387089,0.8660411878971794,1.468534698514755,-1.2252124996435267,-0.22889316641399612,0.8631380036495095
3556,0.8203593639068253,-0.22318447382307077,-1.1454283625020152,1.7897856900703386,-0.8321774809935208,0.8631380036495095
3557,0.435957236387089,-1.0012028036232494,-0.6226357502986613,-1.2252124996435267,-0.22889316641399612,0.8631380036495095
3558,0.435957236387089,-0.22318447382307077,-0.6226357502986613,0.28228659521340604,0.9776754627450532,-0.409485245443436
3559,-1.101651273691856,-1.1568064695832854,-0.09984313809530719,0.28228659521340604,-1.4354617955730455,0.8631380036495095
3560,0.435957236387089,0.08802285809700072,0.42294947410804684,0.28228659521340604,0.9776754627450532,-0.409485245443436
3561,0.8203593639068253,0.24362652405703647,-1.1454283625020152,-1.2252124996435267,0.37439114816552854,0.8631380036495095
3562,0.435957236387089,-1.0012028036232494,-0.6226357502986613,0.28228659521340604,0.9776754627450532,0.8631380036495095
3563,0.05155510886735275,1.799663183657394,-1.1454283625020152,0.28228659521340604,-0.22889316641399612,0.8631380036495095
3564,0.05155510886735275,0.7104375219371437,1.468534698514755,0.28228659521340604,0.9776754627450532,-0.409485245443436
3565,0.8203593639068253,0.24362652405703647,-1.1454283625020152,0.28228659521340604,0.9776754627450532,0.8631380036495095
3566,-0.3328470186523835,-1.0012028036232494,-0.09984313809530719,0.28228659521340604,0.9776754627450532,0.8631380036495095
3567,-1.4860534012115922,-1.1568064695832854,-0.09984313809530719,-1.2252124996435267,0.37439114816552854,0.8631380036495095
3568,0.435957236387089,-1.1568064695832854,0.42294947410804684,0.28228659521340604,0.9776754627450532,0.8631380036495095
3569,-1.4860534012115922,0.24362652405703647,1.468534698514755,0.28228659521340604,0.9776754627450532,0.8631380036495095
3570,0.435957236387089,-0.37878813978310655,-0.6226357502986613,-1.2252124996435267,0.37439114816552854,-1.6821084945363816
3571,1.5891636189462977,-1.1568064695832854,0.42294947410804684,0.28228659521340604,-0.22889316641399612,0.8631380036495095
3572,-0.7172491461721198,0.24362652405703647,1.468534698514755,-1.2252124996435267,0.9776754627450532,0.8631380036495095
3573,1.5891636189462977,0.554833855977108,-1.1454283625020152,1.7897856900703386,-0.8321774809935208,0.8631380036495095
3574,-1.4860534012115922,-1.0012028036232494,-0.6226357502986613,0.28228659521340604,0.9776754627450532,-1.6821084945363816
3575,0.435957236387089,-0.22318447382307077,-0.6226357502986613,-1.2252124996435267,0.9776754627450532,0.8631380036495095
3576,-0.7172491461721198,0.24362652405703647,-1.1454283625020152,-1.2252124996435267,0.37439114816552854,-1.6821084945363816
3577,0.435957236387089,-1.1568064695832854,-0.09984313809530719,-1.2252124996435267,0.9776754627450532,-0.409485245443436
3578,0.435957236387089,-0.37878813978310655,-0.6226357502986613,0.28228659521340604,-1.4354617955730455,0.8631380036495095
3579,0.8203593639068253,0.24362652405703647,1.468534698514755,0.28228659521340604,-1.4354617955730455,-1.6821084945363816
3580,0.8203593639068253,-0.22318447382307077,-0.6226357502986613,-1.2252124996435267,0.37439114816552854,0.8631380036495095
3581,-1.101651273691856,-1.1568064695832854,-0.09984313809530719,0.28228659521340604,-0.22889316641399612,0.8631380036495095
3582,0.05155510886735275,-1.1568064695832854,-0.09984313809530719,0.28228659521340604,0.9776754627450532,0.8631380036495095
3583,-1.8704555287313285,-0.37878813978310655,-0.6226357502986613,0.28228659521340604,-0.22889316641399612,0.8631380036495095
3584,0.435957236387089,0.7104375219371437,-1.1454283625020152,-1.2252124996435267,0.37439114816552854,-1.6821084945363816
3585,-1.101651273691856,-0.22318447382307077,-0.6226357502986613,0.28228659521340604,0.9776754627450532,0.8631380036495095
3586,1.5891636189462977,0.8660411878971794,1.468534698514755,0.28228659521340604,0.9776754627450532,0.8631380036495095
3587,-0.7172491461721198,1.1772485198172509,1.468534698514755,0.28228659521340604,0.9776754627450532,0.8631380036495095
3588,-0.3328470186523835,0.8660411878971794,1.468534698514755,1.7897856900703386,-0.8321774809935208,-0.409485245443436
3589,-0.3328470186523835,-1.4680138015033568,-0.6226357502986613,1.7897856900703386,-0.8321774809935208,0.8631380036495095
3590,-0.7172491461721198,1.1772485198172509,1.468534698514755,1.7897856900703386,-0.8321774809935208,0.8631380036495095
3591,0.8203593639068253,0.24362652405703647,-1.1454283625020152,1.7897856900703386,-0.8321774809935208,-0.409485245443436
3592,0.435957236387089,2.1108705155774654,-0.6226357502986613,-1.2252124996435267,0.9776754627450532,-0.409485245443436
3593,0.8203593639068253,-0.22318447382307077,-0.6226357502986613,0.28228659521340604,0.9776754627450532,0.8631380036495095
3594,-0.3328470186523835,-1.1568064695832854,0.42294947410804684,-1.2252124996435267,0.9776754627450532,-1.6821084945363816
3595,0.435957236387089,-0.22318447382307077,-0.09984313809530719,0.28228659521340604,0.9776754627450532,0.8631380036495095
3596,1.5891636189462977,0.7104375219371437,-1.1454283625020152,-1.2252124996435267,0.9776754627450532,-0.409485245443436
3597,-1.4860534012115922,-1.0012028036232494,-0.6226357502986613,0.28228659521340604,0.9776754627450532,0.8631380036495095
3598,0.8203593639068253,0.24362652405703647,1.468534698514755,-1.2252124996435267,-0.22889316641399612,0.8631380036495095
3599,0.435957236387089,-1.7792211334234282,-0.09984313809530719,0.28228659521340604,-1.4354617955730455,-0.409485245443436
3600,0.8203593639068253,0.24362652405703647,-1.1454283625020152,-1.2252124996435267,0.37439114816552854,-0.409485245443436
3601,0.435957236387089,2.1108705155774654,-0.6226357502986613,0.28228659521340604,0.9776754627450532,0.8631380036495095
3602,0.435957236387089,2.5776815134575726,0.42294947410804684,0.28228659521340604,0.9776754627450532,0.8631380036495095
3603,0.8203593639068253,-0.22318447382307077,-0.6226357502986613,0.28228659521340604,0.9776754627450532,0.8631380036495095
3604,0.8203593639068253,-0.22318447382307077,-0.09984313809530719,-1.2252124996435267,-1.4354617955730455,-1.6821084945363816
3605,0.435957236387089,2.5776815134575726,0.42294947410804684,-1.2252124996435267,0.9776754627450532,-1.6821084945363816
3606,-0.3328470186523835,0.3992301900170722,1.468534698514755,1.7897856900703386,-0.8321774809935208,-0.409485245443436
3607,0.435957236387089,-1.1568064695832854,-0.09984313809530719,0.28228659521340604,-1.4354617955730455,-0.409485245443436
3608,-0.7172491461721198,-1.1568064695832854,-0.09984313809530719,0.28228659521340604,-0.22889316641399612,0.8631380036495095
3609,0.8203593639068253,0.24362652405703647,1.468534698514755,0.28228659521340604,-1.4354617955730455,0.8631380036495095
3610,0.8203593639068253,0.8660411878971794,1.468534698514755,1.7897856900703386,-0.8321774809935208,0.8631380036495095
3611,1.2047614914265614,-0.22318447382307077,-0.09984313809530719,1.7897856900703386,-0.8321774809935208,0.8631380036495095
3612,0.8203593639068253,0.24362652405703647,-1.1454283625020152,1.7897856900703386,-0.8321774809935208,-1.6821084945363816
3613,0.435957236387089,0.08802285809700072,0.42294947410804684,0.28228659521340604,-1.4354617955730455,-1.6821084945363816
3614,1.5891636189462977,1.9552668496174297,-1.1454283625020152,0.28228659521340604,-1.4354617955730455,-1.6821084945363816
3615,-0.3328470186523835,-1.1568064695832854,0.42294947410804684,-1.2252124996435267,-0.22889316641399612,0.8631380036495095
3616,-0.7172491461721198,-0.22318447382307077,1.468534698514755,-1.2252124996435267,0.9776754627450532,0.8631380036495095
3617,-1.8704555287313285,-1.0012028036232494,1.468534698514755,0.28228659521340604,-1.4354617955730455,0.8631380036495095
3618,-1.8704555287313285,-1.0012028036232494,1.468534698514755,0.28228659521340604,-1.4354617955730455,0.8631380036495095
3619,0.8203593639068253,-0.22318447382307077,-0.6226357502986613,1.7897856900703386,-0.8321774809935208,0.8631380036495095
3620,-0.7172491461721198,-1.0012028036232494,-0.09984313809530719,0.28228659521340604,-1.4354617955730455,0.8631380036495095
3621,0.435957236387089,-0.5343918057431423,-0.09984313809530719,0.28228659521340604,0.9776754627450532,0.8631380036495095
3622,-1.101651273691856,0.24362652405703647,-1.1454283625020152,-1.2252124996435267,0.9776754627450532,0.8631380036495095
3623,-0.7172491461721198,0.24362652405703647,1.468534698514755,0.28228659521340604,-1.4354617955730455,-1.6821084945363816
3624,-1.8704555287313285,-0.37878813978310655,-0.6226357502986613,-1.2252124996435267,-0.22889316641399612,0.8631380036495095
3625,0.435957236387089,1.799663183657394,1.468534698514755,0.28228659521340604,0.9776754627450532,0.8631380036495095
3626,0.05155510886735275,1.799663183657394,-1.1454283625020152,1.7897856900703386,-0.8321774809935208,0.8631380036495095
3627,1.5891636189462977,-0.22318447382307077,1.468534698514755,1.7897856900703386,-0.8321774809935208,0.8631380036495095
3628,0.05155510886735275,-0.8455991376632138,1.468534698514755,0.28228659521340604,-1.4354617955730455,-0.409485245443436
3629,0.435957236387089,2.1108705155774654,1.468534698514755,0.28228659521340604,0.9776754627450532,-0.409485245443436
3630,0.8203593639068253,0.24362652405703647,1.468534698514755,-1.2252124996435267,0.9776754627450532,-1.6821084945363816
3631,-0.7172491461721198,-1.1568064695832854,-0.09984313809530719,-1.2252124996435267,0.9776754627450532,-0.409485245443436
3632,-1.4860534012115922,-1.0012028036232494,-0.6226357502986613,1.7897856900703386,-0.8321774809935208,0.8631380036495095
3633,-1.8704555287313285,-0.37878813978310655,-0.6226357502986613,0.28228659521340604,-1.4354617955730455,0.8631380036495095
3634,-1.4860534012115922,1.799663183657394,1.468534698514755,0.28228659521340604,0.9776754627450532,-1.6821084945363816
3635,0.05155510886735275,0.24362652405703647,-1.1454283625020152,0.28228659521340604,0.9776754627450532,-1.6821084945363816
3636,0.435957236387089,-1.312410135543321,-0.6226357502986613,0.28228659521340604,0.9776754627450532,0.8631380036495095
3637,-1.101651273691856,-1.1568064695832854,-0.09984313809530719,0.28228659521340604,0.9776754627450532,0.8631380036495095
3638,0.435957236387089,-0.22318447382307077,-0.09984313809530719,0.28228659521340604,-1.4354617955730455,-1.6821084945363816
3639,-1.101651273691856,-0.22318447382307077,-0.09984313809530719,1.7897856900703386,-0.8321774809935208,0.8631380036495095
3640,-1.8704555287313285,0.24362652405703647,-1.1454283625020152,0.28228659521340604,-0.22889316641399612,0.8631380036495095
3641,-1.101651273691856,0.24362652405703647,1.468534698514755,1.7897856900703386,-0.8321774809935208,0.8631380036495095
3642,0.435957236387089,-0.22318447382307077,-0.6226357502986613,0.28228659521340604,0.9776754627450532,0.8631380036495095
3643,-0.7172491461721198,0.24362652405703647,-1.1454283625020152,-1.2252124996435267,-1.4354617955730455,-0.409485245443436
3644,0.435957236387089,-0.22318447382307077,-0.09984313809530719,1.7897856900703386,-0.8321774809935208,0.8631380036495095
3645,0.435957236387089,-1.0012028036232494,-0.6226357502986613,-1.2252124996435267,0.37439114816552854,-1.6821084945363816
3646,0.8203593639068253,0.8660411878971794,1.468534698514755,-1.2252124996435267,-0.22889316641399612,0.8631380036495095
3647,0.8203593639068253,-0.22318447382307077,-0.6226357502986613,0.28228659521340604,0.9776754627450532,0.8631380036495095
3648,0.8203593639068253,0.24362652405703647,-1.1454283625020152,0.28228659521340604,-1.4354617955730455,-1.6821084945363816
3649,1.5891636189462977,0.554833855977108,-1.1454283625020152,1.7897856900703386,-0.8321774809935208,-1.6821084945363816
3650,-0.7172491461721198,-1.1568064695832854,-0.09984313809530719,-1.2252124996435267,-0.22889316641399612,0.8631380036495095
3651,1.5891636189462977,0.8660411878971794,1.468534698514755,0.28228659521340604,0.9776754627450532,-1.6821084945363816
3652,-0.3328470186523835,-1.0012028036232494,-0.6226357502986613,-1.2252124996435267,0.9776754627450532,-0.409485245443436
3653,-0.3328470186523835,1.6440595176973583,0.9457420863114009,0.28228659521340604,-0.22889316641399612,-0.409485245443436
3654,0.05155510886735275,-1.1568064695832854,-0.09984313809530719,0.28228659521340604,-1.4354617955730455,-0.409485245443436
3655,1.5891636189462977,-1.1568064695832854,0.42294947410804684,1.7897856900703386,-0.8321774809935208,0.8631380036495095
3656,-1.4860534012115922,-1.1568064695832854,-0.6226357502986613,-1.2252124996435267,0.37439114816552854,-0.409485245443436
3657,0.8203593639068253,0.24362652405703647,1.468534698514755,0.28228659521340604,0.9776754627450532,-0.409485245443436
3658,0.8203593639068253,0.24362652405703647,-1.1454283625020152,-1.2252124996435267,0.9776754627450532,-1.6821084945363816
3659,0.435957236387089,0.08802285809700072,0.42294947410804684,-1.2252124996435267,0.9776754627450532,0.8631380036495095
3660,1.5891636189462977,-0.22318447382307077,-0.09984313809530719,0.28228659521340604,-1.4354617955730455,-1.6821084945363816
3661,0.05155510886735275,-0.37878813978310655,-0.6226357502986613,0.28228659521340604,-1.4354617955730455,-0.409485245443436
3662,0.05155510886735275,-1.0012028036232494,-0.09984313809530719,0.28228659521340604,-1.4354617955730455,0.8631380036495095
3663,0.435957236387089,0.24362652405703647,-1.1454283625020152,0.28228659521340604,-1.4354617955730455,0.8631380036495095
3664,0.435957236387089,-0.22318447382307077,-0.09984313809530719,-1.2252124996435267,0.9776754627450532,-1.6821084945363816
3665,-1.101651273691856,-0.5343918057431423,-0.6226357502986613,1.7897856900703386,-0.8321774809935208,0.8631380036495095
3666,0.05155510886735275,1.3328521857772866,1.468534698514755,0.28228659521340604,-1.4354617955730455,0.8631380036495095
3667,-1.101651273691856,-0.22318447382307077,-0.6226357502986613,0.28228659521340604,-1.4354617955730455,0.8631380036495095
3668,1.5891636189462977,0.24362652405703647,1.468534698514755,0.28228659521340604,-0.22889316641399612,0.8631380036495095
3669,1.2047614914265614,-0.689995471703178,1.468534698514755,-1.2252124996435267,0.9776754627450532,0.8631380036495095
3670,0.05155510886735275,-1.1568064695832854,-0.09984313809530719,0.28228659521340604,-0.22889316641399612,0.8631380036495095
3671,0.435957236387089,0.24362652405703647,-1.1454283625020152,-1.2252124996435267,-1.4354617955730455,0.8631380036495095
3672,-0.3328470186523835,-1.1568064695832854,0.42294947410804684,1.7897856900703386,-0.8321774809935208,-0.409485245443436
3673,0.8203593639068253,-0.22318447382307077,-0.6226357502986613,1.7897856900703386,-0.8321774809935208,0.8631380036495095
3674,0.8203593639068253,-0.22318447382307077,1.468534698514755,0.28228659521340604,-1.4354617955730455,0.8631380036495095
3675,1.5891636189462977,0.24362652405703647,1.468534698514755,1.7897856900703386,-0.8321774809935208,-0.409485245443436
3676,0.05155510886735275,0.24362652405703647,-1.1454283625020152,1.7897856900703386,-0.8321774809935208,0.8631380036495095
3677,-0.7172491461721198,-0.22318447382307077,1.468534698514755,1.7897856900703386,-0.8321774809935208,-0.409485245443436
3678,1.2047614914265614,-0.689995471703178,1.468534698514755,-1.2252124996435267,0.37439114816552854,-1.6821084945363816
3679,-1.4860534012115922,-1.1568064695832854,-0.09984313809530719,-1.2252124996435267,0.9776754627450532,-0.409485245443436
3680,-1.101651273691856,-1.0012028036232494,-0.09984313809530719,0.28228659521340604,-0.22889316641399612,0.8631380036495095
3681,0.435957236387089,-1.1568064695832854,-0.6226357502986613,-1.2252124996435267,0.37439114816552854,-1.6821084945363816
3682,0.05155510886735275,-0.8455991376632138,1.468534698514755,0.28228659521340604,0.9776754627450532,-0.409485245443436
3683,-0.7172491461721198,-1.1568064695832854,-0.09984313809530719,0.28228659521340604,0.9776754627450532,0.8631380036495095
3684,0.8203593639068253,0.24362652405703647,1.468534698514755,0.28228659521340604,-0.22889316641399612,0.8631380036495095
3685,-1.4860534012115922,-1.1568064695832854,-0.6226357502986613,0.28228659521340604,-0.22889316641399612,0.8631380036495095
3686,-0.3328470186523835,-1.4680138015033568,-0.09984313809530719,0.28228659521340604,-0.22889316641399612,-0.409485245443436
3687,0.435957236387089,-0.22318447382307077,-0.09984313809530719,1.7897856900703386,-0.8321774809935208,-1.6821084945363816
3688,0.435957236387089,-1.1568064695832854,-0.09984313809530719,0.28228659521340604,-0.22889316641399612,0.8631380036495095
3689,0.8203593639068253,-0.22318447382307077,-0.6226357502986613,-1.2252124996435267,0.37439114816552854,-0.409485245443436
3690,0.435957236387089,-0.22318447382307077,-0.09984313809530719,1.7897856900703386,-0.8321774809935208,0.8631380036495095
3691,1.5891636189462977,0.554833855977108,-1.1454283625020152,1.7897856900703386,-0.8321774809935208,-1.6821084945363816
3692,0.8203593639068253,-0.5343918057431423,-0.6226357502986613,0.28228659521340604,-1.4354617955730455,-1.6821084945363816
3693,0.435957236387089,-0.22318447382307077,-0.09984313809530719,0.28228659521340604,0.9776754627450532,0.8631380036495095
3694,1.5891636189462977,-1.1568064695832854,-0.09984313809530719,-1.2252124996435267,0.9776754627450532,0.8631380036495095
3695,-1.4860534012115922,-1.1568064695832854,0.42294947410804684,-1.2252124996435267,-1.4354617955730455,-1.6821084945363816
3696,-1.101651273691856,-0.22318447382307077,-0.6226357502986613,0.28228659521340604,-1.4354617955730455,-0.409485245443436
3697,0.435957236387089,-0.37878813978310655,-0.09984313809530719,0.28228659521340604,-1.4354617955730455,-0.409485245443436
3698,0.435957236387089,-0.37878813978310655,-0.6226357502986613,0.28228659521340604,0.9776754627450532,0.8631380036495095
3699,0.435957236387089,-1.1568064695832854,-0.09984313809530719,1.7897856900703386,-0.8321774809935208,0.8631380036495095
3700,0.05155510886735275,0.24362652405703647,1.468534698514755,-1.2252124996435267,0.37439114816552854,-1.6821084945363816
3701,0.8203593639068253,0.24362652405703647,1.468534698514755,0.28228659521340604,0.9776754627450532,0.8631380036495095
3702,0.435957236387089,-0.22318447382307077,-0.09984313809530719,-1.2252124996435267,0.9776754627450532,-0.409485245443436
3703,-1.101651273691856,0.24362652405703647,1.468534698514755,0.28228659521340604,0.9776754627450532,0.8631380036495095
3704,1.5891636189462977,0.8660411878971794,-1.1454283625020152,0.28228659521340604,0.9776754627450532,0.8631380036495095
3705,0.435957236387089,2.1108705155774654,-0.6226357502986613,-1.2252124996435267,0.9776754627450532,0.8631380036495095
3706,0.8203593639068253,-0.22318447382307077,-1.1454283625020152,1.7897856900703386,-0.8321774809935208,-0.409485245443436
3707,-1.101651273691856,-0.22318447382307077,-0.6226357502986613,-1.2252124996435267,0.9776754627450532,-0.409485245443436
3708,0.8203593639068253,-0.22318447382307077,-0.6226357502986613,-1.2252124996435267,0.37439114816552854,-0.409485245443436
3709,0.435957236387089,-1.7792211334234282,-0.09984313809530719,0.28228659521340604,-0.22889316641399612,0.8631380036495095
3710,-1.8704555287313285,1.799663183657394,-1.1454283625020152,-1.2252124996435267,0.9776754627450532,0.8631380036495095
3711,-1.8704555287313285,0.8660411878971794,-1.1454283625020152,1.7897856900703386,-0.8321774809935208,0.8631380036495095
3712,1.5891636189462977,0.24362652405703647,-1.1454283625020152,1.7897856900703386,-0.8321774809935208,-0.409485245443436
3713,0.05155510886735275,0.8660411878971794,1.468534698514755,0.28228659521340604,0.9776754627450532,0.8631380036495095
3714,0.8203593639068253,-0.22318447382307077,-0.6226357502986613,1.7897856900703386,-0.8321774809935208,0.8631380036495095
3715,-0.3328470186523835,2.7332851794176083,-0.6226357502986613,1.7897856900703386,-0.8321774809935208,0.8631380036495095
3716,-1.4860534012115922,-1.0012028036232494,-0.6226357502986613,0.28228659521340604,0.9776754627450532,0.8631380036495095
3717,-0.7172491461721198,0.24362652405703647,-1.1454283625020152,0.28228659521340604,-1.4354617955730455,0.8631380036495095
3718,0.435957236387089,-1.4680138015033568,0.42294947410804684,0.28228659521340604,-1.4354617955730455,-0.409485245443436
3719,-1.4860534012115922,-1.4680138015033568,-0.09984313809530719,-1.2252124996435267,0.9776754627450532,0.8631380036495095
3720,1.5891636189462977,-0.22318447382307077,1.468534698514755,-1.2252124996435267,0.9776754627450532,0.8631380036495095
3721,-1.4860534012115922,-1.1568064695832854,-0.6226357502986613,0.28228659521340604,-0.22889316641399612,-0.409485245443436
3722,0.8203593639068253,-0.22318447382307077,-0.6226357502986613,-1.2252124996435267,0.9776754627450532,-0.409485245443436
3723,-1.4860534012115922,1.799663183657394,1.468534698514755,-1.2252124996435267,0.37439114816552854,-0.409485245443436
3724,-0.7172491461721198,1.1772485198172509,1.468534698514755,0.28228659521340604,-0.22889316641399612,0.8631380036495095
3725,1.5891636189462977,0.24362652405703647,-1.1454283625020152,1.7897856900703386,-0.8321774809935208,0.8631380036495095
3726,0.05155510886735275,-0.8455991376632138,1.468534698514755,-1.2252124996435267,0.9776754627450532,0.8631380036495095
3727,-1.4860534012115922,-1.0012028036232494,-0.6226357502986613,1.7897856900703386,-0.8321774809935208,0.8631380036495095
3728,0.05155510886735275,1.3328521857772866,1.468534698514755,-1.2252124996435267,-1.4354617955730455,0.8631380036495095
3729,0.435957236387089,0.08802285809700072,0.42294947410804684,-1.2252124996435267,0.37439114816552854,-1.6821084945363816
3730,-0.7172491461721198,1.1772485198172509,1.468534698514755,-1.2252124996435267,0.9776754627450532,-1.6821084945363816
3731,1.5891636189462977,0.24362652405703647,-1.1454283625020152,-1.2252124996435267,0.37439114816552854,-1.6821084945363816
3732,-1.8704555287313285,-1.6236174674633925,-0.6226357502986613,1.7897856900703386,-0.8321774809935208,0.8631380036495095
3733,-0.7172491461721198,-0.06758080786303503,-1.1454283625020152,0.28228659521340604,-0.22889316641399612,0.8631380036495095
3734,0.435957236387089,-0.22318447382307077,-0.09984313809530719,-1.2252124996435267,0.37439114816552854,-1.6821084945363816
3735,-1.4860534012115922,-0.37878813978310655,-0.6226357502986613,-1.2252124996435267,0.9776754627450532,0.8631380036495095
3736,0.435957236387089,-0.37878813978310655,-0.6226357502986613,-1.2252124996435267,0.9776754627450532,-0.409485245443436
3737,0.435957236387089,-1.312410135543321,-0.6226357502986613,0.28228659521340604,-1.4354617955730455,-0.409485245443436
3738,-1.101651273691856,-0.22318447382307077,-0.6226357502986613,0.28228659521340604,0.9776754627450532,0.8631380036495095
3739,0.8203593639068253,-0.5343918057431423,-0.6226357502986613,-1.2252124996435267,-1.4354617955730455,0.8631380036495095
3740,0.05155510886735275,-0.5343918057431423,-0.09984313809530719,0.28228659521340604,0.9776754627450532,0.8631380036495095
3741,0.8203593639068253,-0.22318447382307077,-0.6226357502986613,-1.2252124996435267,-0.22889316641399612,0.8631380036495095
3742,0.05155510886735275,-1.0012028036232494,-0.09984313809530719,0.28228659521340604,0.9776754627450532,-0.409485245443436
3743,-1.4860534012115922,-1.0012028036232494,-0.6226357502986613,-1.2252124996435267,0.9776754627450532,-0.409485245443436
3744,1.5891636189462977,1.9552668496174297,-1.1454283625020152,-1.2252124996435267,-1.4354617955730455,-0.409485245443436
3745,0.8203593639068253,0.24362652405703647,1.468534698514755,0.28228659521340604,-1.4354617955730455,-1.6821084945363816
3746,-1.101651273691856,-0.22318447382307077,-0.6226357502986613,0.28228659521340604,-0.22889316641399612,0.8631380036495095
3747,0.8203593639068253,-0.22318447382307077,-0.6226357502986613,0.28228659521340604,0.9776754627450532,0.8631380036495095
3748,0.8203593639068253,0.24362652405703647,1.468534698514755,1.7897856900703386,-0.8321774809935208,0.8631380036495095
3749,0.435957236387089,-1.1568064695832854,-0.6226357502986613,0.28228659521340604,0.9776754627450532,0.8631380036495095
3750,1.2047614914265614,-0.22318447382307077,-0.09984313809530719,-1.2252124996435267,-1.4354617955730455,-1.6821084945363816
3751,0.435957236387089,-1.0012028036232494,-0.6226357502986613,-1.2252124996435267,0.9776754627450532,0.8631380036495095
3752,1.5891636189462977,-0.22318447382307077,-0.09984313809530719,-1.2252124996435267,0.9776754627450532,-0.409485245443436
3753,-1.4860534012115922,-0.5343918057431423,-0.09984313809530719,1.7897856900703386,-0.8321774809935208,-1.6821084945363816
3754,0.435957236387089,2.5776815134575726,-0.6226357502986613,-1.2252124996435267,0.9776754627450532,-1.6821084945363816
3755,-1.4860534012115922,0.8660411878971794,1.468534698514755,-1.2252124996435267,-1.4354617955730455,-1.6821084945363816
3756,0.435957236387089,-1.4680138015033568,-0.6226357502986613,0.28228659521340604,-1.4354617955730455,-1.6821084945363816
3757,0.8203593639068253,-0.22318447382307077,-0.6226357502986613,0.28228659521340604,-1.4354617955730455,-1.6821084945363816
3758,-1.101651273691856,0.24362652405703647,-1.1454283625020152,-1.2252124996435267,0.9776754627450532,-0.409485245443436
3759,0.8203593639068253,0.24362652405703647,-1.1454283625020152,0.28228659521340604,0.9776754627450532,0.8631380036495095
3760,-1.8704555287313285,0.24362652405703647,-1.1454283625020152,0.28228659521340604,-1.4354617955730455,0.8631380036495095
3761,0.435957236387089,-1.312410135543321,-0.6226357502986613,-1.2252124996435267,0.9776754627450532,0.8631380036495095
3762,0.8203593639068253,0.24362652405703647,-1.1454283625020152,-1.2252124996435267,-1.4354617955730455,0.8631380036495095
3763,-0.3328470186523835,0.3992301900170722,1.468534698514755,0.28228659521340604,0.9776754627450532,0.8631380036495095
3764,1.5891636189462977,0.24362652405703647,1.468534698514755,1.7897856900703386,-0.8321774809935208,0.8631380036495095
3765,0.435957236387089,-1.4680138015033568,-0.09984313809530719,0.28228659521340604,0.9776754627450532,0.8631380036495095
3766,0.435957236387089,-0.37878813978310655,-0.6226357502986613,-1.2252124996435267,0.9776754627450532,0.8631380036495095
3767,-1.8704555287313285,0.24362652405703647,-1.1454283625020152,-1.2252124996435267,-1.4354617955730455,0.8631380036495095
3768,-1.101651273691856,0.24362652405703647,-1.1454283625020152,-1.2252124996435267,0.9776754627450532,0.8631380036495095
3769,1.5891636189462977,0.24362652405703647,1.468534698514755,0.28228659521340604,-1.4354617955730455,-0.409485245443436
3770,-1.8704555287313285,-0.37878813978310655,-0.6226357502986613,0.28228659521340604,-1.4354617955730455,0.8631380036495095
3771,-1.4860534012115922,-1.0012028036232494,-0.6226357502986613,-1.2252124996435267,0.9776754627450532,-0.409485245443436
3772,0.435957236387089,-1.312410135543321,-0.6226357502986613,-1.2252124996435267,0.9776754627450532,-0.409485245443436
3773,1.5891636189462977,0.8660411878971794,1.468534698514755,0.28228659521340604,-0.22889316641399612,0.8631380036495095
3774,0.435957236387089,-1.1568064695832854,0.42294947410804684,0.28228659521340604,-1.4354617955730455,-1.6821084945363816
3775,0.435957236387089,0.7104375219371437,1.468534698514755,-1.2252124996435267,0.9776754627450532,-1.6821084945363816
3776,-0.7172491461721198,-0.06758080786303503,1.468534698514755,0.28228659521340604,-0.22889316641399612,0.8631380036495095
3777,-0.7172491461721198,0.24362652405703647,-1.1454283625020152,-1.2252124996435267,0.9776754627450532,0.8631380036495095
3778,1.5891636189462977,1.9552668496174297,-1.1454283625020152,0.28228659521340604,0.9776754627450532,0.8631380036495095
3779,-1.101651273691856,-1.0012028036232494,-0.09984313809530719,-1.2252124996435267,-0.22889316641399612,-0.409485245443436
3780,1.5891636189462977,0.8660411878971794,1.468534698514755,-1.2252124996435267,0.37439114816552854,-1.6821084945363816
3781,0.8203593639068253,0.24362652405703647,-1.1454283625020152,1.7897856900703386,-0.8321774809935208,0.8631380036495095
3782,1.5891636189462977,0.24362652405703647,-1.1454283625020152,0.28228659521340604,0.9776754627450532,-1.6821084945363816
3783,0.8203593639068253,-0.22318447382307077,-0.6226357502986613,0.28228659521340604,-1.4354617955730455,-1.6821084945363816
3784,0.05155510886735275,0.8660411878971794,1.468534698514755,0.28228659521340604,-1.4354617955730455,0.8631380036495095
3785,0.435957236387089,-0.22318447382307077,-0.09984313809530719,0.28228659521340604,0.9776754627450532,0.8631380036495095
3786,0.435957236387089,-0.22318447382307077,-0.09984313809530719,-1.2252124996435267,-1.4354617955730455,-1.6821084945363816
3787,-1.8704555287313285,-1.0012028036232494,1.468534698514755,0.28228659521340604,0.9776754627450532,0.8631380036495095
3788,0.8203593639068253,-0.22318447382307077,-0.09984313809530719,0.28228659521340604,-1.4354617955730455,0.8631380036495095
3789,-1.101651273691856,0.24362652405703647,-1.1454283625020152,-1.2252124996435267,0.9776754627450532,0.8631380036495095
3790,-1.4860534012115922,0.8660411878971794,1.468534698514755,-1.2252124996435267,0.37439114816552854,-0.409485245443436
3791,0.435957236387089,-0.22318447382307077,-0.09984313809530719,0.28228659521340604,-1.4354617955730455,-0.409485245443436
3792,1.5891636189462977,0.8660411878971794,-1.1454283625020152,1.7897856900703386,-0.8321774809935208,-0.409485245443436
3793,1.5891636189462977,0.24362652405703647,-1.1454283625020152,-1.2252124996435267,0.9776754627450532,-1.6821084945363816
3794,-1.4860534012115922,1.799663183657394,1.468534698514755,1.7897856900703386,-0.8321774809935208,-1.6821084945363816
3795,0.05155510886735275,1.799663183657394,-1.1454283625020152,0.28228659521340604,0.9776754627450532,0.8631380036495095
3796,0.05155510886735275,-1.0012028036232494,-0.09984313809530719,0.28228659521340604,0.9776754627450532,-1.6821084945363816
3797,-1.101651273691856,0.24362652405703647,-1.1454283625020152,-1.2252124996435267,-0.22889316641399612,-0.409485245443436
3798,-1.101651273691856,0.24362652405703647,1.468534698514755,0.28228659521340604,-0.22889316641399612,0.8631380036495095
3799,0.8203593639068253,-0.22318447382307077,-0.6226357502986613,0.28228659521340604,-1.4354617955730455,0.8631380036495095
3800,0.05155510886735275,0.24362652405703647,-1.1454283625020152,-1.2252124996435267,-0.22889316641399612,0.8631380036495095
3801,1.5891636189462977,0.8660411878971794,-1.1454283625020152,-1.2252124996435267,-0.22889316641399612,0.8631380036495095
3802,1.5891636189462977,0.554833855977108,-1.1454283625020152,0.28228659521340604,0.9776754627450532,-0.409485245443436
3803,1.5891636189462977,0.24362652405703647,-1.1454283625020152,0.28228659521340604,-0.22889316641399612,0.8631380036495095
3804,-0.7172491461721198,-0.06758080786303503,1.468534698514755,-1.2252124996435267,0.9776754627450532,0.8631380036495095
3805,0.8203593639068253,-0.22318447382307077,-0.6226357502986613,-1.2252124996435267,0.37439114816552854,0.8631380036495095
3806,1.5891636189462977,0.24362652405703647,-1.1454283625020152,1.7897856900703386,-0.8321774809935208,0.8631380036495095
3807,0.435957236387089,0.7104375219371437,1.468534698514755,0.28228659521340604,0.9776754627450532,-0.409485245443436
3808,0.8203593639068253,-0.22318447382307077,-1.1454283625020152,0.28228659521340604,0.9776754627450532,0.8631380036495095
3809,1.5891636189462977,0.8660411878971794,1.468534698514755,-1.2252124996435267,0.9776754627450532,-1.6821084945363816
3810,1.5891636189462977,-0.22318447382307077,-0.09984313809530719,-1.2252124996435267,0.37439114816552854,-0.409485245443436
3811,-1.4860534012115922,-1.4680138015033568,-0.09984313809530719,-1.2252124996435267,0.9776754627450532,-0.409485245443436
3812,0.8203593639068253,-0.22318447382307077,-0.6226357502986613,1.7897856900703386,-0.8321774809935208,-0.409485245443436
3813,0.435957236387089,2.1108705155774654,-0.6226357502986613,-1.2252124996435267,0.9776754627450532,-0.409485245443436
3814,0.435957236387089,-1.4680138015033568,0.42294947410804684,0.28228659521340604,0.9776754627450532,0.8631380036495095
3815,0.8203593639068253,-0.22318447382307077,-0.6226357502986613,-1.2252124996435267,-1.4354617955730455,-1.6821084945363816
3816,-1.4860534012115922,-1.1568064695832854,0.42294947410804684,-1.2252124996435267,0.9776754627450532,-0.409485245443436
3817,-1.101651273691856,0.24362652405703647,-1.1454283625020152,0.28228659521340604,-0.22889316641399612,0.8631380036495095
3818,-0.7172491461721198,-0.22318447382307077,1.468534698514755,0.28228659521340604,-1.4354617955730455,0.8631380036495095
3819,-1.101651273691856,-0.5343918057431423,-0.6226357502986613,-1.2252124996435267,0.9776754627450532,-1.6821084945363816
3820,0.435957236387089,-0.5343918057431423,-0.09984313809530719,0.28228659521340604,0.9776754627450532,-0.409485245443436
3821,1.5891636189462977,1.9552668496174297,-1.1454283625020152,0.28228659521340604,0.9776754627450532,-0.409485245443436
3822,-0.3328470186523835,-1.4680138015033568,-0.09984313809530719,-1.2252124996435267,0.9776754627450532,-0.409485245443436
3823,0.8203593639068253,0.24362652405703647,-1.1454283625020152,0.28228659521340604,0.9776754627450532,0.8631380036495095
3824,1.5891636189462977,0.554833855977108,-1.1454283625020152,0.28228659521340604,0.9776754627450532,0.8631380036495095
3825,1.2047614914265614,-0.689995471703178,1.468534698514755,0.28228659521340604,0.9776754627450532,0.8631380036495095
3826,-1.4860534012115922,-1.1568064695832854,0.42294947410804684,0.28228659521340604,0.9776754627450532,-1.6821084945363816
3827,-1.101651273691856,-1.4680138015033568,-0.09984313809530719,1.7897856900703386,-0.8321774809935208,0.8631380036495095
3828,0.8203593639068253,0.24362652405703647,-1.1454283625020152,-1.2252124996435267,0.9776754627450532,0.8631380036495095
3829,0.435957236387089,-0.37878813978310655,-0.6226357502986613,1.7897856900703386,-0.8321774809935208,0.8631380036495095
3830,0.435957236387089,0.24362652405703647,1.468534698514755,0.28228659521340604,-1.4354617955730455,-0.409485245443436
3831,0.435957236387089,2.5776815134575726,0.42294947410804684,1.7897856900703386,-0.8321774809935208,0.8631380036495095
3832,0.8203593639068253,-0.22318447382307077,-1.1454283625020152,0.28228659521340604,0.9776754627450532,0.8631380036495095
3833,0.435957236387089,-1.0012028036232494,-0.6226357502986613,0.28228659521340604,-1.4354617955730455,-1.6821084945363816
3834,-1.101651273691856,0.24362652405703647,-1.1454283625020152,-1.2252124996435267,-1.4354617955730455,0.8631380036495095
3835,0.435957236387089,-1.0012028036232494,-0.6226357502986613,-1.2252124996435267,0.9776754627450532,-0.409485245443436
3836,-0.3328470186523835,-1.4680138015033568,-0.6226357502986613,-1.2252124996435267,-1.4354617955730455,-1.6821084945363816
3837,0.435957236387089,-0.37878813978310655,-0.09984313809530719,0.28228659521340604,-1.4354617955730455,-0.409485245443436
3838,-0.7172491461721198,0.24362652405703647,-1.1454283625020152,1.7897856900703386,-0.8321774809935208,0.8631380036495095
3839,-0.3328470186523835,0.24362652405703647,1.468534698514755,0.28228659521340604,-1.4354617955730455,0.8631380036495095
3840,-0.3328470186523835,0.3992301900170722,1.468534698514755,1.7897856900703386,-0.8321774809935208,-0.409485245443436
3841,1.5891636189462977,-0.22318447382307077,1.468534698514755,0.28228659521340604,0.9776754627450532,-0.409485245443436
3842,0.8203593639068253,0.24362652405703647,1.468534698514755,-1.2252124996435267,0.9776754627450532,0.8631380036495095
3843,-1.101651273691856,-0.22318447382307077,-0.6226357502986613,1.7897856900703386,-0.8321774809935208,0.8631380036495095
3844,-0.3328470186523835,-1.4680138015033568,-0.6226357502986613,0.28228659521340604,-1.4354617955730455,-0.409485245443436
3845,0.8203593639068253,0.3992301900170722,-1.1454283625020152,0.28228659521340604,0.9776754627450532,-1.6821084945363816
3846,0.435957236387089,-1.312410135543321,-0.6226357502986613,1.7897856900703386,-0.8321774809935208,0.8631380036495095
3847,0.435957236387089,-1.0012028036232494,-0.6226357502986613,1.7897856900703386,-0.8321774809935208,-1.6821084945363816
3848,-1.8704555287313285,1.799663183657394,-1.1454283625020152,1.7897856900703386,-0.8321774809935208,0.8631380036495095
3849,0.05155510886735275,-1.0012028036232494,-0.6226357502986613,0.28228659521340604,0.9776754627450532,-1.6821084945363816
3850,0.435957236387089,0.8660411878971794,1.468534698514755,-1.2252124996435267,0.37439114816552854,-1.6821084945363816
3851,1.5891636189462977,-0.22318447382307077,1.468534698514755,-1.2252124996435267,0.9776754627450532,-0.409485245443436
3852,0.8203593639068253,-0.22318447382307077,-1.1454283625020152,-1.2252124996435267,0.9776754627450532,0.8631380036495095
3853,0.8203593639068253,-0.22318447382307077,-0.6226357502986613,-1.2252124996435267,0.9776754627450532,-0.409485245443436
3854,-0.7172491461721198,1.1772485198172509,1.468534698514755,-1.2252124996435267,0.37439114816552854,-0.409485245443436
3855,-0.7172491461721198,0.24362652405703647,-1.1454283625020152,0.28228659521340604,0.9776754627450532,0.8631380036495095
3856,-1.8704555287313285,-0.37878813978310655,-0.6226357502986613,0.28228659521340604,0.9776754627450532,0.8631380036495095
3857,1.2047614914265614,-0.22318447382307077,-0.09984313809530719,0.28228659521340604,0.9776754627450532,-1.6821084945363816
3858,0.435957236387089,2.1108705155774654,-0.6226357502986613,0.28228659521340604,0.9776754627450532,-0.409485245443436
3859,-0.7172491461721198,0.24362652405703647,-1.1454283625020152,-1.2252124996435267,-1.4354617955730455,-0.409485245443436
3860,1.5891636189462977,-1.1568064695832854,-0.09984313809530719,1.7897856900703386,-0.8321774809935208,0.8631380036495095
3861,1.5891636189462977,0.24362652405703647,-1.1454283625020152,0.28228659521340604,0.9776754627450532,0.8631380036495095
3862,1.5891636189462977,-1.1568064695832854,0.42294947410804684,0.28228659521340604,-1.4354617955730455,-0.409485245443436
3863,0.435957236387089,1.799663183657394,1.468534698514755,0.28228659521340604,-0.22889316641399612,0.8631380036495095
3864,0.8203593639068253,-1.1568064695832854,-0.09984313809530719,-1.2252124996435267,-1.4354617955730455,-1.6821084945363816
3865,0.8203593639068253,-0.22318447382307077,-0.6226357502986613,0.28228659521340604,0.9776754627450532,-0.409485245443436
3866,0.435957236387089,-1.1568064695832854,-0.6226357502986613,-1.2252124996435267,0.9776754627450532,0.8631380036495095
3867,-1.8704555287313285,-1.0012028036232494,1.468534698514755,1.7897856900703386,-0.8321774809935208,0.8631380036495095
3868,-1.8704555287313285,1.799663183657394,-1.1454283625020152,-1.2252124996435267,0.9776754627450532,0.8631380036495095
3869,-0.7172491461721198,-0.06758080786303503,1.468534698514755,1.7897856900703386,-0.8321774809935208,-0.409485245443436
3870,1.5891636189462977,0.24362652405703647,-1.1454283625020152,-1.2252124996435267,0.9776754627450532,0.8631380036495095
3871,-0.3328470186523835,-0.5343918057431423,0.42294947410804684,-1.2252124996435267,0.37439114816552854,-0.409485245443436
3872,0.435957236387089,-0.22318447382307077,-0.09984313809530719,0.28228659521340604,0.9776754627450532,0.8631380036495095
3873,0.05155510886735275,-0.37878813978310655,-0.6226357502986613,0.28228659521340604,0.9776754627450532,-0.409485245443436
3874,0.8203593639068253,-0.22318447382307077,-1.1454283625020152,0.28228659521340604,0.9776754627450532,0.8631380036495095
3875,-1.8704555287313285,2.266474181537501,1.468534698514755,-1.2252124996435267,0.9776754627450532,0.8631380036495095
3876,-0.3328470186523835,-0.5343918057431423,0.42294947410804684,0.28228659521340604,0.9776754627450532,-1.6821084945363816
3877,0.05155510886735275,1.3328521857772866,1.468534698514755,-1.2252124996435267,0.9776754627450532,0.8631380036495095
3878,-0.3328470186523835,-1.4680138015033568,-0.6226357502986613,0.28228659521340604,-0.22889316641399612,-0.409485245443436
3879,0.435957236387089,-1.312410135543321,-0.6226357502986613,0.28228659521340604,-1.4354617955730455,-0.409485245443436
3880,-0.3328470186523835,0.24362652405703647,1.468534698514755,0.28228659521340604,0.9776754627450532,-0.409485245443436
3881,-1.4860534012115922,-1.0012028036232494,-0.6226357502986613,-1.2252124996435267,0.9776754627450532,-0.409485245443436
3882,-0.7172491461721198,-0.06758080786303503,-1.1454283625020152,0.28228659521340604,0.9776754627450532,-0.409485245443436
3883,0.435957236387089,1.799663183657394,1.468534698514755,1.7897856900703386,-0.8321774809935208,0.8631380036495095
3884,0.435957236387089,-0.37878813978310655,-0.09984313809530719,0.28228659521340604,0.9776754627450532,-0.409485245443436
3885,1.5891636189462977,-1.1568064695832854,0.42294947410804684,1.7897856900703386,-0.8321774809935208,0.8631380036495095
3886,-1.101651273691856,-0.22318447382307077,-0.6226357502986613,-1.2252124996435267,-1.4354617955730455,0.8631380036495095
3887,-0.3328470186523835,-0.5343918057431423,0.42294947410804684,0.28228659521340604,-0.22889316641399612,0.8631380036495095
3888,-0.3328470186523835,1.6440595176973583,0.9457420863114009,1.7897856900703386,-0.8321774809935208,-0.409485245443436
3889,-1.4860534012115922,0.24362652405703647,1.468534698514755,-1.2252124996435267,0.9776754627450532,0.8631380036495095
3890,0.8203593639068253,-1.1568064695832854,-0.09984313809530719,0.28228659521340604,-1.4354617955730455,0.8631380036495095
3891,0.435957236387089,0.24362652405703647,1.468534698514755,1.7897856900703386,-0.8321774809935208,0.8631380036495095
3892,-0.3328470186523835,-1.4680138015033568,-0.09984313809530719,1.7897856900703386,-0.8321774809935208,0.8631380036495095
3893,-0.7172491461721198,0.24362652405703647,-1.1454283625020152,0.28228659521340604,0.9776754627450532,-0.409485245443436
3894,0.05155510886735275,-1.0012028036232494,-0.09984313809530719,0.28228659521340604,0.9776754627450532,0.8631380036495095
3895,-1.101651273691856,-0.5343918057431423,-0.6226357502986613,0.28228659521340604,0.9776754627450532,0.8631380036495095
3896,0.8203593639068253,0.24362652405703647,1.468534698514755,0.28228659521340604,-0.22889316641399612,0.8631380036495095
3897,1.5891636189462977,1.799663183657394,1.468534698514755,0.28228659521340604,-1.4354617955730455,-0.409485245443436
3898,-1.4860534012115922,0.24362652405703647,1.468534698514755,-1.2252124996435267,0.9776754627450532,-0.409485245443436
3899,0.8203593639068253,0.24362652405703647,-1.1454283625020152,0.28228659521340604,-1.4354617955730455,-1.6821084945363816
3900,-1.4860534012115922,0.24362652405703647,1.468534698514755,1.7897856900703386,-0.8321774809935208,0.8631380036495095
3901,0.435957236387089,-1.7792211334234282,-0.09984313809530719,0.28228659521340604,0.9776754627450532,-1.6821084945363816
3902,1.5891636189462977,0.24362652405703647,-1.1454283625020152,0.28228659521340604,-1.4354617955730455,0.8631380036495095
3903,1.5891636189462977,1.9552668496174297,-1.1454283625020152,-1.2252124996435267,-1.4354617955730455,-0.409485245443436
3904,-0.3328470186523835,0.3992301900170722,1.468534698514755,0.28228659521340604,0.9776754627450532,-0.409485245443436
3905,0.435957236387089,-1.7792211334234282,-0.09984313809530719,1.7897856900703386,-0.8321774809935208,-1.6821084945363816
3906,-1.101651273691856,-0.22318447382307077,-0.09984313809530719,1.7897856900703386,-0.8321774809935208,0.8631380036495095
3907,-0.3328470186523835,2.7332851794176083,-0.6226357502986613,0.28228659521340604,0.9776754627450532,-0.409485245443436
3908,0.435957236387089,0.8660411878971794,1.468534698514755,0.28228659521340604,0.9776754627450532,-1.6821084945363816
3909,1.2047614914265614,-0.22318447382307077,-0.09984313809530719,0.28228659521340604,0.9776754627450532,-0.409485245443436
3910,-1.8704555287313285,2.266474181537501,1.468534698514755,0.28228659521340604,0.9776754627450532,0.8631380036495095
3911,-1.101651273691856,-1.0012028036232494,-0.09984313809530719,0.28228659521340604,0.9776754627450532,0.8631380036495095
3912,0.435957236387089,-1.4680138015033568,-0.09984313809530719,0.28228659521340604,0.9776754627450532,-0.409485245443436
3913,0.435957236387089,-0.22318447382307077,-0.09984313809530719,0.28228659521340604,0.9776754627450532,0.8631380036495095
3914,0.8203593639068253,0.24362652405703647,1.468534698514755,1.7897856900703386,-0.8321774809935208,-0.409485245443436
3915,0.8203593639068253,0.24362652405703647,1.468534698514755,0.28228659521340604,0.9776754627450532,0.8631380036495095
3916,-1.4860534012115922,-0.37878813978310655,-0.6226357502986613,-1.2252124996435267,0.37439114816552854,0.8631380036495095
3917,-0.3328470186523835,0.3992301900170722,1.468534698514755,0.28228659521340604,0.9776754627450532,0.8631380036495095
3918,-1.101651273691856,0.24362652405703647,-1.1454283625020152,0.28228659521340604,0.9776754627450532,0.8631380036495095
3919,0.8203593639068253,-0.22318447382307077,-0.6226357502986613,-1.2252124996435267,-0.22889316641399612,0.8631380036495095
3920,0.8203593639068253,-0.22318447382307077,-0.6226357502986613,0.28228659521340604,-0.22889316641399612,0.8631380036495095
3921,0.435957236387089,1.799663183657394,1.468534698514755,1.7897856900703386,-0.8321774809935208,0.8631380036495095
3922,0.435957236387089,0.7104375219371437,-1.1454283625020152,-1.2252124996435267,0.9776754627450532,-0.409485245443436
3923,-0.3328470186523835,1.4884558517373225,-1.1454283625020152,0.28228659521340604,-0.22889316641399612,-0.409485245443436
3924,-1.4860534012115922,-1.0012028036232494,-0.6226357502986613,1.7897856900703386,-0.8321774809935208,0.8631380036495095
3925,1.5891636189462977,0.554833855977108,-1.1454283625020152,0.28228659521340604,0.9776754627450532,-0.409485245443436
3926,0.8203593639068253,-0.22318447382307077,-0.09984313809530719,-1.2252124996435267,0.37439114816552854,-0.409485245443436
3927,0.435957236387089,-1.0012028036232494,-0.6226357502986613,-1.2252124996435267,0.9776754627450532,0.8631380036495095
3928,0.435957236387089,2.1108705155774654,1.468534698514755,-1.2252124996435267,0.9776754627450532,0.8631380036495095
3929,0.05155510886735275,-1.0012028036232494,-0.09984313809530719,0.28228659521340604,-1.4354617955730455,0.8631380036495095
3930,0.05155510886735275,0.24362652405703647,-0.6226357502986613,1.7897856900703386,-0.8321774809935208,-0.409485245443436
3931,-0.7172491461721198,0.24362652405703647,-1.1454283625020152,-1.2252124996435267,0.37439114816552854,-1.6821084945363816
3932,-0.3328470186523835,-1.4680138015033568,-0.09984313809530719,0.28228659521340604,-1.4354617955730455,-0.409485245443436
3933,-1.101651273691856,-0.22318447382307077,-0.09984313809530719,0.28228659521340604,-0.22889316641399612,0.8631380036495095
3934,0.8203593639068253,-0.22318447382307077,-0.09984313809530719,1.7897856900703386,-0.8321774809935208,0.8631380036495095
3935,0.435957236387089,2.1108705155774654,1.468534698514755,0.28228659521340604,-0.22889316641399612,0.8631380036495095
3936,0.8203593639068253,0.24362652405703647,-1.1454283625020152,0.28228659521340604,0.9776754627450532,0.8631380036495095
3937,-1.8704555287313285,2.266474181537501,1.468534698514755,1.7897856900703386,-0.8321774809935208,0.8631380036495095
3938,1.5891636189462977,0.24362652405703647,-1.1454283625020152,0.28228659521340604,-0.22889316641399612,0.8631380036495095
3939,0.05155510886735275,-1.1568064695832854,-0.09984313809530719,-1.2252124996435267,0.9776754627450532,0.8631380036495095
3940,-1.101651273691856,1.0216448538572152,1.468534698514755,0.28228659521340604,0.9776754627450532,-1.6821084945363816
3941,1.5891636189462977,-1.1568064695832854,-0.09984313809530719,0.28228659521340604,-1.4354617955730455,-1.6821084945363816
3942,-0.3328470186523835,-1.1568064695832854,0.42294947410804684,0.28228659521340604,0.9776754627450532,-1.6821084945363816
3943,0.8203593639068253,-0.22318447382307077,-0.6226357502986613,-1.2252124996435267,0.9776754627450532,0.8631380036495095
3944,0.05155510886735275,-0.8455991376632138,1.468534698514755,0.28228659521340604,-0.22889316641399612,0.8631380036495095
3945,-0.3328470186523835,-1.4680138015033568,-0.6226357502986613,1.7897856900703386,-0.8321774809935208,0.8631380036495095
3946,-0.7172491461721198,-0.06758080786303503,1.468534698514755,0.28228659521340604,-1.4354617955730455,-1.6821084945363816
3947,1.5891636189462977,1.9552668496174297,-1.1454283625020152,-1.2252124996435267,-0.22889316641399612,0.8631380036495095
3948,-1.8704555287313285,-1.0012028036232494,1.468534698514755,0.28228659521340604,-1.4354617955730455,0.8631380036495095
3949,-1.101651273691856,-0.22318447382307077,-0.6226357502986613,0.28228659521340604,0.9776754627450532,0.8631380036495095
3950,0.435957236387089,2.1108705155774654,-0.09984313809530719,-1.2252124996435267,0.9776754627450532,0.8631380036495095
3951,-1.8704555287313285,-1.0012028036232494,1.468534698514755,-1.2252124996435267,0.37439114816552854,0.8631380036495095
3952,-1.8704555287313285,-1.0012028036232494,-0.6226357502986613,0.28228659521340604,-1.4354617955730455,0.8631380036495095
3953,0.435957236387089,-1.4680138015033568,0.42294947410804684,0.28228659521340604,-1.4354617955730455,0.8631380036495095
3954,0.8203593639068253,0.24362652405703647,1.468534698514755,0.28228659521340604,0.9776754627450532,-1.6821084945363816
3955,0.05155510886735275,0.24362652405703647,-1.1454283625020152,-1.2252124996435267,-1.4354617955730455,-1.6821084945363816
3956,1.5891636189462977,0.24362652405703647,-1.1454283625020152,-1.2252124996435267,0.9776754627450532,0.8631380036495095
3957,0.8203593639068253,-0.22318447382307077,-0.09984313809530719,0.28228659521340604,-0.22889316641399612,0.8631380036495095
3958,-0.7172491461721198,0.24362652405703647,1.468534698514755,-1.2252124996435267,0.37439114816552854,-0.409485245443436
3959,-1.4860534012115922,0.8660411878971794,1.468534698514755,-1.2252124996435267,0.9776754627450532,0.8631380036495095
3960,0.8203593639068253,0.24362652405703647,-1.1454283625020152,1.7897856900703386,-0.8321774809935208,0.8631380036495095
3961,0.05155510886735275,0.24362652405703647,1.468534698514755,0.28228659521340604,0.9776754627450532,0.8631380036495095
3962,0.8203593639068253,0.8660411878971794,1.468534698514755,0.28228659521340604,0.9776754627450532,0.8631380036495095
3963,0.8203593639068253,0.3992301900170722,1.468534698514755,-1.2252124996435267,-1.4354617955730455,0.8631380036495095
3964,-1.4860534012115922,-1.1568064695832854,-0.09984313809530719,0.28228659521340604,0.9776754627450532,0.8631380036495095
3965,-1.101651273691856,0.24362652405703647,-1.1454283625020152,1.7897856900703386,-0.8321774809935208,0.8631380036495095
3966,1.2047614914265614,-0.689995471703178,1.468534698514755,-1.2252124996435267,0.9776754627450532,0.8631380036495095
3967,-0.7172491461721198,0.24362652405703647,1.468534698514755,-1.2252124996435267,-1.4354617955730455,-0.409485245443436
3968,0.435957236387089,-1.312410135543321,-0.6226357502986613,0.28228659521340604,-1.4354617955730455,-0.409485245443436
3969,-0.3328470186523835,-1.0012028036232494,0.42294947410804684,0.28228659521340604,-1.4354617955730455,0.8631380036495095
3970,1.5891636189462977,0.24362652405703647,1.468534698514755,0.28228659521340604,0.9776754627450532,0.8631380036495095
3971,1.2047614914265614,-1.0012028036232494,0.9457420863114009,1.7897856900703386,-0.8321774809935208,-0.409485245443436
3972,-0.7172491461721198,0.24362652405703647,-1.1454283625020152,0.28228659521340604,-1.4354617955730455,0.8631380036495095
3973,-1.8704555287313285,-1.0012028036232494,1.468534698514755,1.7897856900703386,-0.8321774809935208,0.8631380036495095
3974,-0.7172491461721198,-0.06758080786303503,-0.6226357502986613,-1.2252124996435267,0.9776754627450532,-1.6821084945363816
3975,0.435957236387089,-0.22318447382307077,-0.6226357502986613,0.28228659521340604,0.9776754627450532,-0.409485245443436
3976,-0.7172491461721198,0.24362652405703647,-1.1454283625020152,0.28228659521340604,-1.4354617955730455,0.8631380036495095
3977,-1.8704555287313285,-1.0012028036232494,1.468534698514755,0.28228659521340604,-1.4354617955730455,0.8631380036495095
3978,0.8203593639068253,0.8660411878971794,1.468534698514755,1.7897856900703386,-0.8321774809935208,-0.409485245443436
3979,0.435957236387089,-1.1568064695832854,-0.09984313809530719,0.28228659521340604,-0.22889316641399612,0.8631380036495095
3980,0.8203593639068253,0.24362652405703647,1.468534698514755,-1.2252124996435267,0.37439114816552854,-0.409485245443436
3981,0.05155510886735275,0.7104375219371437,-1.1454283625020152,-1.2252124996435267,0.9776754627450532,-0.409485245443436
3982,0.435957236387089,-1.0012028036232494,-0.6226357502986613,0.28228659521340604,-0.22889316641399612,-0.409485245443436
3983,0.435957236387089,-0.37878813978310655,-0.6226357502986613,-1.2252124996435267,-1.4354617955730455,-1.6821084945363816
3984,-1.101651273691856,-1.0012028036232494,-0.09984313809530719,-1.2252124996435267,0.37439114816552854,0.8631380036495095
3985,-1.101651273691856,0.24362652405703647,-1.1454283625020152,0.28228659521340604,0.9776754627450532,-0.409485245443436
3986,-0.3328470186523835,-0.22318447382307077,-0.09984313809530719,-1.2252124996435267,-1.4354617955730455,0.8631380036495095
3987,-0.7172491461721198,-1.0012028036232494,-0.09984313809530719,0.28228659521340604,0.9776754627450532,-1.6821084945363816
3988,-0.7172491461721198,-1.1568064695832854,-0.09984313809530719,0.28228659521340604,-0.22889316641399612,0.8631380036495095
3989,1.5891636189462977,0.554833855977108,-1.1454283625020152,-1.2252124996435267,0.9776754627450532,-0.409485245443436
3990,-0.3328470186523835,1.6440595176973583,0.9457420863114009,-1.2252124996435267,0.9776754627450532,-0.409485245443436
3991,1.2047614914265614,-0.689995471703178,1.468534698514755,-1.2252124996435267,0.37439114816552854,-1.6821084945363816
3992,-0.7172491461721198,1.1772485198172509,1.468534698514755,-1.2252124996435267,0.9776754627450532,-0.409485245443436
3993,0.435957236387089,-0.22318447382307077,-0.6226357502986613,0.28228659521340604,0.9776754627450532,0.8631380036495095
3994,-1.8704555287313285,-0.37878813978310655,-0.6226357502986613,0.28228659521340604,0.9776754627450532,0.8631380036495095
3995,-1.101651273691856,-0.22318447382307077,-0.6226357502986613,1.7897856900703386,-0.8321774809935208,0.8631380036495095
3996,0.435957236387089,-1.4680138015033568,-0.09984313809530719,-1.2252124996435267,0.9776754627450532,0.8631380036495095
3997,-1.4860534012115922,-1.0012028036232494,-0.6226357502986613,-1.2252124996435267,0.9776754627450532,0.8631380036495095
3998,0.435957236387089,2.1108705155774654,-0.6226357502986613,0.28228659521340604,0.9776754627450532,-0.409485245443436
3999,0.435957236387089,-0.22318447382307077,-0.09984313809530719,1.7897856900703386,-0.8321774809935208,0.8631380036495095
4000,0.435957236387089,-1.0012028036232494,-0.6226357502986613,0.28228659521340604,0.9776754627450532,-0.409485245443436
4001,-1.4860534012115922,-1.0012028036232494,-0.6226357502986613,0.28228659521340604,0.9776754627450532,-0.409485245443436
4002,0.435957236387089,0.7104375219371437,-1.1454283625020152,0.28228659521340604,-1.4354617955730455,-0.409485245443436
4003,-0.7172491461721198,-0.06758080786303503,1.468534698514755,-1.2252124996435267,0.37439114816552854,-0.409485245443436
4004,-0.7172491461721198,-0.06758080786303503,1.468534698514755,0.28228659521340604,-1.4354617955730455,-1.6821084945363816
4005,-1.101651273691856,-0.22318447382307077,-0.6226357502986613,0.28228659521340604,0.9776754627450532,0.8631380036495095
4006,0.435957236387089,-0.37878813978310655,-0.6226357502986613,0.28228659521340604,-0.22889316641399612,0.8631380036495095
4007,-1.101651273691856,-0.22318447382307077,-0.6226357502986613,-1.2252124996435267,0.9776754627450532,-1.6821084945363816
4008,-1.4860534012115922,-1.1568064695832854,-0.6226357502986613,-1.2252124996435267,0.9776754627450532,-0.409485245443436
4009,0.435957236387089,-0.22318447382307077,-0.6226357502986613,1.7897856900703386,-0.8321774809935208,0.8631380036495095
4010,-1.101651273691856,-0.22318447382307077,-0.6226357502986613,-1.2252124996435267,0.37439114816552854,0.8631380036495095
4011,0.435957236387089,0.24362652405703647,-1.1454283625020152,-1.2252124996435267,0.9776754627450532,-1.6821084945363816
4012,-1.8704555287313285,-1.0012028036232494,-0.6226357502986613,0.28228659521340604,-1.4354617955730455,0.8631380036495095
4013,0.05155510886735275,-0.8455991376632138,1.468534698514755,-1.2252124996435267,0.9776754627450532,-0.409485245443436
4014,0.05155510886735275,-0.37878813978310655,-0.6226357502986613,0.28228659521340604,0.9776754627450532,-1.6821084945363816
4015,0.435957236387089,1.799663183657394,1.468534698514755,0.28228659521340604,-1.4354617955730455,-1.6821084945363816
4016,1.5891636189462977,0.24362652405703647,-1.1454283625020152,-1.2252124996435267,-1.4354617955730455,-0.409485245443436
4017,0.435957236387089,-0.22318447382307077,-0.09984313809530719,1.7897856900703386,-0.8321774809935208,0.8631380036495095
4018,-0.7172491461721198,-1.1568064695832854,-0.09984313809530719,0.28228659521340604,0.9776754627450532,0.8631380036495095
4019,-0.7172491461721198,0.24362652405703647,-1.1454283625020152,-1.2252124996435267,0.37439114816552854,-0.409485245443436
4020,1.5891636189462977,1.799663183657394,1.468534698514755,0.28228659521340604,-1.4354617955730455,-1.6821084945363816
4021,-1.101651273691856,0.24362652405703647,-1.1454283625020152,0.28228659521340604,0.9776754627450532,-0.409485245443436
4022,0.8203593639068253,-0.22318447382307077,-1.1454283625020152,1.7897856900703386,-0.8321774809935208,0.8631380036495095
4023,0.8203593639068253,-0.22318447382307077,-0.6226357502986613,-1.2252124996435267,0.9776754627450532,-1.6821084945363816
4024,-0.7172491461721198,1.1772485198172509,1.468534698514755,-1.2252124996435267,0.9776754627450532,0.8631380036495095
4025,0.8203593639068253,-0.22318447382307077,-0.6226357502986613,-1.2252124996435267,0.9776754627450532,-1.6821084945363816
4026,-1.101651273691856,-0.22318447382307077,-0.09984313809530719,0.28228659521340604,-1.4354617955730455,0.8631380036495095
4027,-1.8704555287313285,-1.0012028036232494,-0.6226357502986613,-1.2252124996435267,-0.22889316641399612,0.8631380036495095
4028,-1.101651273691856,0.24362652405703647,1.468534698514755,0.28228659521340604,0.9776754627450532,0.8631380036495095
4029,1.5891636189462977,0.24362652405703647,-1.1454283625020152,1.7897856900703386,-0.8321774809935208,0.8631380036495095
4030,0.435957236387089,2.1108705155774654,1.468534698514755,-1.2252124996435267,0.9776754627450532,-0.409485245443436
4031,0.435957236387089,2.1108705155774654,-0.6226357502986613,0.28228659521340604,-0.22889316641399612,-0.409485245443436
4032,0.8203593639068253,0.24362652405703647,-1.1454283625020152,0.28228659521340604,0.9776754627450532,-0.409485245443436
4033,-1.4860534012115922,-1.1568064695832854,-0.09984313809530719,1.7897856900703386,-0.8321774809935208,-0.409485245443436
4034,-1.4860534012115922,-1.1568064695832854,-0.6226357502986613,-1.2252124996435267,-0.22889316641399612,-0.409485245443436
4035,-1.4860534012115922,-1.1568064695832854,-0.6226357502986613,0.28228659521340604,0.9776754627450532,-1.6821084945363816
4036,0.435957236387089,2.266474181537501,-1.1454283625020152,-1.2252124996435267,-1.4354617955730455,0.8631380036495095
4037,0.05155510886735275,-0.5343918057431423,-0.09984313809530719,-1.2252124996435267,0.9776754627450532,-0.409485245443436
4038,1.2047614914265614,-0.689995471703178,1.468534698514755,0.28228659521340604,-1.4354617955730455,-0.409485245443436
4039,0.435957236387089,0.24362652405703647,1.468534698514755,1.7897856900703386,-0.8321774809935208,0.8631380036495095
4040,0.8203593639068253,-0.22318447382307077,-0.6226357502986613,-1.2252124996435267,0.9776754627450532,0.8631380036495095
4041,0.8203593639068253,-0.22318447382307077,-0.6226357502986613,0.28228659521340604,-0.22889316641399612,0.8631380036495095
4042,0.8203593639068253,0.24362652405703647,1.468534698514755,0.28228659521340604,0.9776754627450532,0.8631380036495095
4043,-1.4860534012115922,-1.4680138015033568,-0.09984313809530719,0.28228659521340604,-0.22889316641399612,0.8631380036495095
4044,0.435957236387089,-1.1568064695832854,-0.09984313809530719,-1.2252124996435267,-1.4354617955730455,-1.6821084945363816
4045,1.5891636189462977,-0.22318447382307077,-0.09984313809530719,-1.2252124996435267,-0.22889316641399612,0.8631380036495095
4046,0.435957236387089,-1.4680138015033568,-0.09984313809530719,-1.2252124996435267,0.9776754627450532,0.8631380036495095
4047,-1.8704555287313285,-1.6236174674633925,-0.6226357502986613,-1.2252124996435267,0.9776754627450532,0.8631380036495095
4048,-1.101651273691856,0.24362652405703647,-1.1454283625020152,0.28228659521340604,0.9776754627450532,0.8631380036495095
4049,0.435957236387089,-0.22318447382307077,-0.09984313809530719,-1.2252124996435267,-1.4354617955730455,-1.6821084945363816
4050,-0.3328470186523835,0.24362652405703647,1.468534698514755,0.28228659521340604,-0.22889316641399612,-0.409485245443436
4051,0.435957236387089,2.266474181537501,-1.1454283625020152,0.28228659521340604,-0.22889316641399612,0.8631380036495095
4052,-0.3328470186523835,-0.22318447382307077,-0.09984313809530719,-1.2252124996435267,0.9776754627450532,-0.409485245443436
4053,-0.3328470186523835,-1.4680138015033568,-0.6226357502986613,0.28228659521340604,0.9776754627450532,0.8631380036495095
4054,-1.4860534012115922,1.799663183657394,1.468534698514755,1.7897856900703386,-0.8321774809935208,0.8631380036495095
4055,0.8203593639068253,-0.22318447382307077,1.468534698514755,0.28228659521340604,0.9776754627450532,0.8631380036495095
4056,0.05155510886735275,0.7104375219371437,1.468534698514755,0.28228659521340604,0.9776754627450532,-0.409485245443436
4057,1.5891636189462977,0.8660411878971794,-1.1454283625020152,0.28228659521340604,0.9776754627450532,0.8631380036495095
4058,0.8203593639068253,-0.22318447382307077,-0.6226357502986613,0.28228659521340604,0.9776754627450532,0.8631380036495095
4059,0.8203593639068253,-0.22318447382307077,1.468534698514755,0.28228659521340604,0.9776754627450532,0.8631380036495095
4060,-1.101651273691856,0.24362652405703647,-1.1454283625020152,0.28228659521340604,0.9776754627450532,0.8631380036495095
4061,-0.7172491461721198,-0.06758080786303503,-1.1454283625020152,-1.2252124996435267,0.37439114816552854,-0.409485245443436
4062,-1.101651273691856,-0.22318447382307077,-0.09984313809530719,0.28228659521340604,0.9776754627450532,0.8631380036495095
4063,0.8203593639068253,-0.22318447382307077,-0.09984313809530719,-1.2252124996435267,0.9776754627450532,-1.6821084945363816
4064,-1.101651273691856,-0.22318447382307077,-0.6226357502986613,-1.2252124996435267,0.9776754627450532,0.8631380036495095
4065,0.435957236387089,-1.0012028036232494,-0.6226357502986613,0.28228659521340604,0.9776754627450532,-0.409485245443436
4066,-1.4860534012115922,-0.37878813978310655,-0.6226357502986613,-1.2252124996435267,0.37439114816552854,-1.6821084945363816
4067,-1.4860534012115922,-1.0012028036232494,-0.6226357502986613,0.28228659521340604,-1.4354617955730455,-0.409485245443436
4068,0.05155510886735275,0.8660411878971794,1.468534698514755,0.28228659521340604,0.9776754627450532,-1.6821084945363816
4069,-0.3328470186523835,-0.22318447382307077,-0.09984313809530719,1.7897856900703386,-0.8321774809935208,-0.409485245443436
4070,-0.7172491461721198,0.24362652405703647,-1.1454283625020152,-1.2252124996435267,0.9776754627450532,0.8631380036495095
4071,0.8203593639068253,0.24362652405703647,-1.1454283625020152,0.28228659521340604,0.9776754627450532,0.8631380036495095
4072,-1.4860534012115922,-0.37878813978310655,-0.6226357502986613,1.7897856900703386,-0.8321774809935208,0.8631380036495095
4073,-1.4860534012115922,-0.5343918057431423,-0.09984313809530719,0.28228659521340604,0.9776754627450532,-0.409485245443436
4074,-1.101651273691856,-0.22318447382307077,-0.09984313809530719,0.28228659521340604,0.9776754627450532,-1.6821084945363816
4075,0.8203593639068253,-0.22318447382307077,-0.6226357502986613,-1.2252124996435267,0.9776754627450532,-0.409485245443436
4076,-1.101651273691856,0.8660411878971794,-1.1454283625020152,0.28228659521340604,-0.22889316641399612,-0.409485245443436
4077,-0.7172491461721198,-1.0012028036232494,-0.09984313809530719,0.28228659521340604,0.9776754627450532,0.8631380036495095
4078,0.435957236387089,-0.22318447382307077,-0.09984313809530719,0.28228659521340604,-0.22889316641399612,-0.409485245443436
4079,0.05155510886735275,0.8660411878971794,1.468534698514755,-1.2252124996435267,-1.4354617955730455,0.8631380036495095
4080,0.435957236387089,-1.7792211334234282,-0.09984313809530719,-1.2252124996435267,0.9776754627450532,-1.6821084945363816
4081,0.435957236387089,0.7104375219371437,-1.1454283625020152,0.28228659521340604,-1.4354617955730455,-1.6821084945363816
4082,-1.8704555287313285,1.799663183657394,-1.1454283625020152,0.28228659521340604,0.9776754627450532,0.8631380036495095
4083,0.435957236387089,0.7104375219371437,1.468534698514755,0.28228659521340604,-1.4354617955730455,-0.409485245443436
4084,0.8203593639068253,0.24362652405703647,1.468534698514755,-1.2252124996435267,-1.4354617955730455,0.8631380036495095
4085,1.5891636189462977,0.24362652405703647,-1.1454283625020152,-1.2252124996435267,0.37439114816552854,-0.409485245443436
4086,0.435957236387089,-1.0012028036232494,-0.6226357502986613,0.28228659521340604,-0.22889316641399612,0.8631380036495095
4087,0.435957236387089,-1.1568064695832854,-0.09984313809530719,0.28228659521340604,-1.4354617955730455,0.8631380036495095
4088,0.8203593639068253,-0.22318447382307077,-0.09984313809530719,0.28228659521340604,0.9776754627450532,0.8631380036495095
4089,0.8203593639068253,-1.1568064695832854,-0.09984313809530719,-1.2252124996435267,0.9776754627450532,0.8631380036495095
4090,1.5891636189462977,0.8660411878971794,-1.1454283625020152,-1.2252124996435267,0.37439114816552854,-1.6821084945363816
4091,1.2047614914265614,-0.689995471703178,1.468534698514755,0.28228659521340604,0.9776754627450532,-1.6821084945363816
4092,0.05155510886735275,-1.0012028036232494,-0.09984313809530719,-1.2252124996435267,0.9776754627450532,-0.409485245443436
4093,-0.3328470186523835,-1.0012028036232494,-0.6226357502986613,0.28228659521340604,0.9776754627450532,0.8631380036495095
4094,0.435957236387089,0.24362652405703647,-1.1454283625020152,0.28228659521340604,0.9776754627450532,-0.409485245443436
4095,0.435957236387089,-0.22318447382307077,-0.09984313809530719,-1.2252124996435267,0.9776754627450532,-0.409485245443436
4096,0.05155510886735275,-0.8455991376632138,1.468534698514755,0.28228659521340604,-0.22889316641399612,-0.409485245443436
4097,1.5891636189462977,-1.1568064695832854,-0.09984313809530719,0.28228659521340604,-1.4354617955730455,-0.409485245443436
4098,-1.4860534012115922,0.8660411878971794,1.468534698514755,0.28228659521340604,-1.4354617955730455,-1.6821084945363816
4099,0.8203593639068253,-0.22318447382307077,1.468534698514755,1.7897856900703386,-0.8321774809935208,0.8631380036495095
4100,0.8203593639068253,0.24362652405703647,1.468534698514755,-1.2252124996435267,-1.4354617955730455,0.8631380036495095
4101,0.05155510886735275,-1.0012028036232494,-0.6226357502986613,0.28228659521340604,0.9776754627450532,0.8631380036495095
4102,0.8203593639068253,0.24362652405703647,1.468534698514755,0.28228659521340604,-1.4354617955730455,-1.6821084945363816
4103,0.435957236387089,1.799663183657394,1.468534698514755,0.28228659521340604,-1.4354617955730455,-0.409485245443436
4104,0.05155510886735275,1.3328521857772866,1.468534698514755,1.7897856900703386,-0.8321774809935208,0.8631380036495095
4105,-0.7172491461721198,-0.22318447382307077,1.468534698514755,0.28228659521340604,0.9776754627450532,-0.409485245443436
4106,0.435957236387089,2.1108705155774654,-0.6226357502986613,-1.2252124996435267,0.9776754627450532,0.8631380036495095
4107,0.435957236387089,0.24362652405703647,1.468534698514755,-1.2252124996435267,0.9776754627450532,0.8631380036495095
4108,-1.101651273691856,-1.1568064695832854,0.42294947410804684,0.28228659521340604,0.9776754627450532,-0.409485245443436
4109,0.8203593639068253,0.24362652405703647,1.468534698514755,-1.2252124996435267,0.9776754627450532,-0.409485245443436
4110,0.8203593639068253,0.24362652405703647,-1.1454283625020152,0.28228659521340604,0.9776754627450532,0.8631380036495095
4111,-0.7172491461721198,0.24362652405703647,-1.1454283625020152,1.7897856900703386,-0.8321774809935208,0.8631380036495095
4112,0.8203593639068253,-0.22318447382307077,-1.1454283625020152,1.7897856900703386,-0.8321774809935208,-0.409485245443436
4113,0.8203593639068253,0.24362652405703647,-1.1454283625020152,0.28228659521340604,0.9776754627450532,-0.409485245443436
4114,-1.101651273691856,-0.22318447382307077,-0.09984313809530719,0.28228659521340604,0.9776754627450532,0.8631380036495095
4115,0.05155510886735275,-0.37878813978310655,-0.6226357502986613,1.7897856900703386,-0.8321774809935208,-0.409485245443436
4116,1.5891636189462977,0.7104375219371437,-1.1454283625020152,-1.2252124996435267,0.37439114816552854,-0.409485245443436
4117,-1.101651273691856,0.24362652405703647,-1.1454283625020152,-1.2252124996435267,0.9776754627450532,-1.6821084945363816
4118,-1.4860534012115922,-0.37878813978310655,-0.6226357502986613,-1.2252124996435267,0.9776754627450532,-0.409485245443436
4119,-1.101651273691856,0.24362652405703647,1.468534698514755,0.28228659521340604,0.9776754627450532,-0.409485245443436
4120,0.8203593639068253,0.3992301900170722,1.468534698514755,0.28228659521340604,0.9776754627450532,0.8631380036495095
4121,-1.8704555287313285,-0.37878813978310655,-0.6226357502986613,-1.2252124996435267,0.9776754627450532,0.8631380036495095
4122,1.2047614914265614,-1.312410135543321,0.42294947410804684,0.28228659521340604,0.9776754627450532,0.8631380036495095
4123,0.435957236387089,2.1108705155774654,1.468534698514755,1.7897856900703386,-0.8321774809935208,0.8631380036495095
4124,1.5891636189462977,-1.1568064695832854,0.42294947410804684,0.28228659521340604,-0.22889316641399612,0.8631380036495095
4125,0.8203593639068253,-0.22318447382307077,-0.6226357502986613,0.28228659521340604,0.9776754627450532,0.8631380036495095
4126,0.8203593639068253,0.3992301900170722,-1.1454283625020152,0.28228659521340604,-0.22889316641399612,0.8631380036495095
4127,0.8203593639068253,-0.22318447382307077,-0.09984313809530719,-1.2252124996435267,-1.4354617955730455,0.8631380036495095
4128,-1.4860534012115922,-1.0012028036232494,-0.6226357502986613,1.7897856900703386,-0.8321774809935208,0.8631380036495095
4129,0.05155510886735275,0.24362652405703647,-0.6226357502986613,-1.2252124996435267,-1.4354617955730455,0.8631380036495095
4130,-0.3328470186523835,-1.1568064695832854,0.42294947410804684,0.28228659521340604,0.9776754627450532,-0.409485245443436
4131,-0.3328470186523835,0.24362652405703647,1.468534698514755,-1.2252124996435267,-1.4354617955730455,0.8631380036495095
4132,-1.101651273691856,1.0216448538572152,1.468534698514755,1.7897856900703386,-0.8321774809935208,0.8631380036495095
4133,-0.7172491461721198,-0.06758080786303503,-0.6226357502986613,0.28228659521340604,0.9776754627450532,-0.409485245443436
4134,0.8203593639068253,-0.22318447382307077,-0.6226357502986613,-1.2252124996435267,0.9776754627450532,0.8631380036495095
4135,-1.8704555287313285,-0.37878813978310655,-0.6226357502986613,0.28228659521340604,0.9776754627450532,0.8631380036495095
4136,0.8203593639068253,-0.22318447382307077,-0.09984313809530719,-1.2252124996435267,0.9776754627450532,0.8631380036495095
4137,-0.3328470186523835,0.24362652405703647,1.468534698514755,0.28228659521340604,0.9776754627450532,0.8631380036495095
4138,-1.8704555287313285,-0.37878813978310655,-0.6226357502986613,0.28228659521340604,0.9776754627450532,0.8631380036495095
4139,0.435957236387089,0.8660411878971794,1.468534698514755,-1.2252124996435267,-1.4354617955730455,0.8631380036495095
4140,-1.101651273691856,-1.1568064695832854,-0.09984313809530719,-1.2252124996435267,0.9776754627450532,-0.409485245443436
4141,-1.4860534012115922,-0.37878813978310655,-0.6226357502986613,-1.2252124996435267,-0.22889316641399612,-0.409485245443436
4142,0.8203593639068253,-0.22318447382307077,1.468534698514755,0.28228659521340604,0.9776754627450532,0.8631380036495095
4143,-1.8704555287313285,-1.0012028036232494,1.468534698514755,-1.2252124996435267,0.9776754627450532,0.8631380036495095
4144,0.05155510886735275,0.8660411878971794,1.468534698514755,-1.2252124996435267,0.9776754627450532,0.8631380036495095
4145,-1.4860534012115922,-1.1568064695832854,-0.09984313809530719,-1.2252124996435267,-1.4354617955730455,-1.6821084945363816
4146,-1.4860534012115922,-0.5343918057431423,-0.09984313809530719,0.28228659521340604,-0.22889316641399612,-0.409485245443436
4147,-0.7172491461721198,-0.06758080786303503,-1.1454283625020152,-1.2252124996435267,-1.4354617955730455,-0.409485245443436
4148,-1.8704555287313285,-1.6236174674633925,-0.6226357502986613,0.28228659521340604,0.9776754627450532,0.8631380036495095
4149,0.8203593639068253,-0.22318447382307077,-0.6226357502986613,0.28228659521340604,0.9776754627450532,-1.6821084945363816
4150,-1.8704555287313285,-1.0012028036232494,1.468534698514755,-1.2252124996435267,0.9776754627450532,0.8631380036495095
4151,1.5891636189462977,0.24362652405703647,-1.1454283625020152,-1.2252124996435267,-1.4354617955730455,-0.409485245443436
4152,-1.4860534012115922,-1.0012028036232494,-0.6226357502986613,-1.2252124996435267,0.37439114816552854,0.8631380036495095
4153,0.435957236387089,1.799663183657394,1.468534698514755,0.28228659521340604,-0.22889316641399612,0.8631380036495095
4154,1.5891636189462977,0.24362652405703647,-1.1454283625020152,0.28228659521340604,-1.4354617955730455,-1.6821084945363816
4155,0.435957236387089,0.24362652405703647,-1.1454283625020152,1.7897856900703386,-0.8321774809935208,-1.6821084945363816
4156,0.8203593639068253,0.24362652405703647,-1.1454283625020152,0.28228659521340604,0.9776754627450532,0.8631380036495095
4157,-0.7172491461721198,0.24362652405703647,1.468534698514755,0.28228659521340604,-1.4354617955730455,0.8631380036495095
4158,1.2047614914265614,-0.689995471703178,1.468534698514755,-1.2252124996435267,-0.22889316641399612,-1.6821084945363816
4159,-1.101651273691856,-0.22318447382307077,-0.6226357502986613,0.28228659521340604,0.9776754627450532,0.8631380036495095
4160,1.5891636189462977,-1.1568064695832854,0.42294947410804684,0.28228659521340604,-1.4354617955730455,-1.6821084945363816
4161,-1.4860534012115922,2.422077847497537,1.468534698514755,-1.2252124996435267,0.9776754627450532,-0.409485245443436
4162,0.8203593639068253,-0.22318447382307077,-0.6226357502986613,0.28228659521340604,0.9776754627450532,0.8631380036495095
4163,0.05155510886735275,-1.1568064695832854,-0.09984313809530719,0.28228659521340604,-1.4354617955730455,-0.409485245443436
4164,0.8203593639068253,-0.22318447382307077,-1.1454283625020152,1.7897856900703386,-0.8321774809935208,0.8631380036495095
4165,-0.3328470186523835,0.3992301900170722,1.468534698514755,0.28228659521340604,-1.4354617955730455,-0.409485245443436
4166,-0.7172491461721198,-0.06758080786303503,-0.6226357502986613,0.28228659521340604,0.9776754627450532,0.8631380036495095
4167,0.435957236387089,2.1108705155774654,-0.6226357502986613,0.28228659521340604,-0.22889316641399612,0.8631380036495095
4168,0.05155510886735275,-1.0012028036232494,-0.09984313809530719,1.7897856900703386,-0.8321774809935208,-0.409485245443436
4169,0.05155510886735275,0.24362652405703647,-0.6226357502986613,-1.2252124996435267,0.37439114816552854,-0.409485245443436
4170,-1.8704555287313285,0.24362652405703647,-1.1454283625020152,1.7897856900703386,-0.8321774809935208,0.8631380036495095
4171,0.435957236387089,-1.7792211334234282,-0.09984313809530719,0.28228659521340604,-1.4354617955730455,-1.6821084945363816
4172,0.05155510886735275,-1.1568064695832854,-0.09984313809530719,0.28228659521340604,-1.4354617955730455,-0.409485245443436
4173,-0.7172491461721198,-0.22318447382307077,1.468534698514755,-1.2252124996435267,0.9776754627450532,0.8631380036495095
4174,-1.8704555287313285,-0.37878813978310655,-0.6226357502986613,0.28228659521340604,0.9776754627450532,0.8631380036495095
4175,0.435957236387089,-1.1568064695832854,-0.6226357502986613,0.28228659521340604,-0.22889316641399612,0.8631380036495095
4176,0.435957236387089,-1.312410135543321,-0.6226357502986613,-1.2252124996435267,0.9776754627450532,-0.409485245443436
4177,-1.101651273691856,0.24362652405703647,1.468534698514755,0.28228659521340604,0.9776754627450532,-0.409485245443436
4178,-1.8704555287313285,-1.6236174674633925,-0.6226357502986613,-1.2252124996435267,0.9776754627450532,0.8631380036495095
4179,1.5891636189462977,-1.1568064695832854,-0.09984313809530719,0.28228659521340604,-0.22889316641399612,0.8631380036495095
4180,0.8203593639068253,-0.22318447382307077,-0.6226357502986613,0.28228659521340604,0.9776754627450532,0.8631380036495095
4181,0.435957236387089,-1.1568064695832854,0.42294947410804684,0.28228659521340604,0.9776754627450532,0.8631380036495095
4182,0.8203593639068253,0.24362652405703647,1.468534698514755,0.28228659521340604,-1.4354617955730455,-1.6821084945363816
4183,-1.4860534012115922,0.8660411878971794,1.468534698514755,0.28228659521340604,0.9776754627450532,-1.6821084945363816
4184,0.435957236387089,-1.4680138015033568,-0.09984313809530719,0.28228659521340604,-1.4354617955730455,0.8631380036495095
4185,0.05155510886735275,1.799663183657394,-1.1454283625020152,-1.2252124996435267,0.9776754627450532,0.8631380036495095
4186,0.435957236387089,-0.37878813978310655,-0.6226357502986613,0.28228659521340604,-0.22889316641399612,0.8631380036495095
4187,-1.4860534012115922,0.8660411878971794,1.468534698514755,-1.2252124996435267,0.9776754627450532,0.8631380036495095
4188,0.435957236387089,2.5776815134575726,0.42294947410804684,1.7897856900703386,-0.8321774809935208,0.8631380036495095
4189,0.05155510886735275,-0.37878813978310655,-0.6226357502986613,1.7897856900703386,-0.8321774809935208,0.8631380036495095
4190,0.435957236387089,-1.0012028036232494,-0.6226357502986613,0.28228659521340604,-0.22889316641399612,0.8631380036495095
4191,0.05155510886735275,0.24362652405703647,-0.6226357502986613,0.28228659521340604,-0.22889316641399612,-0.409485245443436
4192,-1.8704555287313285,-1.0012028036232494,-0.6226357502986613,-1.2252124996435267,0.9776754627450532,0.8631380036495095
4193,0.8203593639068253,-0.22318447382307077,-0.6226357502986613,-1.2252124996435267,0.9776754627450532,0.8631380036495095
4194,-1.4860534012115922,-1.4680138015033568,-0.09984313809530719,0.28228659521340604,-1.4354617955730455,-1.6821084945363816
4195,0.435957236387089,-1.1568064695832854,-0.6226357502986613,-1.2252124996435267,0.37439114816552854,-1.6821084945363816
4196,-0.7172491461721198,-1.0012028036232494,-0.09984313809530719,-1.2252124996435267,0.9776754627450532,0.8631380036495095
4197,-1.101651273691856,0.24362652405703647,-1.1454283625020152,-1.2252124996435267,-0.22889316641399612,-0.409485245443436
4198,0.435957236387089,-1.4680138015033568,-0.09984313809530719,1.7897856900703386,-0.8321774809935208,0.8631380036495095
4199,-1.4860534012115922,-0.37878813978310655,-0.6226357502986613,-1.2252124996435267,0.37439114816552854,-0.409485245443436
4200,0.435957236387089,-1.1568064695832854,0.42294947410804684,0.28228659521340604,0.9776754627450532,-0.409485245443436
4201,0.05155510886735275,-1.0012028036232494,-0.6226357502986613,-1.2252124996435267,-0.22889316641399612,0.8631380036495095
4202,-1.8704555287313285,-0.37878813978310655,-0.6226357502986613,-1.2252124996435267,0.37439114816552854,0.8631380036495095
4203,0.435957236387089,0.08802285809700072,0.42294947410804684,-1.2252124996435267,0.37439114816552854,-1.6821084945363816
4204,-0.3328470186523835,1.6440595176973583,0.9457420863114009,0.28228659521340604,-1.4354617955730455,0.8631380036495095
4205,-0.7172491461721198,-0.06758080786303503,1.468534698514755,-1.2252124996435267,-1.4354617955730455,-0.409485245443436
4206,0.8203593639068253,0.24362652405703647,1.468534698514755,0.28228659521340604,-0.22889316641399612,0.8631380036495095
4207,1.2047614914265614,-0.22318447382307077,-0.09984313809530719,0.28228659521340604,-1.4354617955730455,-1.6821084945363816
4208,0.05155510886735275,0.8660411878971794,1.468534698514755,-1.2252124996435267,0.9776754627450532,-0.409485245443436
4209,0.8203593639068253,0.8660411878971794,-1.1454283625020152,-1.2252124996435267,-1.4354617955730455,-1.6821084945363816
4210,-0.3328470186523835,1.6440595176973583,0.9457420863114009,0.28228659521340604,0.9776754627450532,0.8631380036495095
4211,-1.101651273691856,-0.22318447382307077,-0.6226357502986613,-1.2252124996435267,-1.4354617955730455,-1.6821084945363816
4212,-1.8704555287313285,-1.6236174674633925,-0.6226357502986613,1.7897856900703386,-0.8321774809935208,0.8631380036495095
4213,0.8203593639068253,0.24362652405703647,-1.1454283625020152,1.7897856900703386,-0.8321774809935208,0.8631380036495095
4214,-0.3328470186523835,2.7332851794176083,-0.6226357502986613,-1.2252124996435267,0.9776754627450532,-0.409485245443436
4215,0.05155510886735275,-1.0012028036232494,-0.09984313809530719,0.28228659521340604,-1.4354617955730455,-0.409485245443436
4216,1.2047614914265614,-0.689995471703178,1.468534698514755,0.28228659521340604,-0.22889316641399612,0.8631380036495095
4217,-0.3328470186523835,-1.4680138015033568,-0.09984313809530719,-1.2252124996435267,0.9776754627450532,-0.409485245443436
4218,0.05155510886735275,1.3328521857772866,1.468534698514755,0.28228659521340604,0.9776754627450532,0.8631380036495095
4219,0.435957236387089,-1.0012028036232494,-0.6226357502986613,0.28228659521340604,0.9776754627450532,0.8631380036495095
4220,-1.4860534012115922,-1.0012028036232494,-0.6226357502986613,0.28228659521340604,-1.4354617955730455,-0.409485245443436
4221,0.435957236387089,2.1108705155774654,-0.09984313809530719,0.28228659521340604,-1.4354617955730455,-0.409485245443436
4222,0.05155510886735275,-1.0012028036232494,-0.09984313809530719,-1.2252124996435267,0.9776754627450532,-0.409485245443436
4223,0.435957236387089,-0.5343918057431423,0.42294947410804684,1.7897856900703386,-0.8321774809935208,0.8631380036495095
4224,-0.3328470186523835,0.24362652405703647,1.468534698514755,-1.2252124996435267,0.9776754627450532,-0.409485245443436
4225,0.05155510886735275,-0.37878813978310655,-0.6226357502986613,0.28228659521340604,0.9776754627450532,0.8631380036495095
4226,0.05155510886735275,-0.37878813978310655,-0.6226357502986613,-1.2252124996435267,0.9776754627450532,0.8631380036495095
4227,-0.3328470186523835,-1.4680138015033568,-0.6226357502986613,0.28228659521340604,0.9776754627450532,-1.6821084945363816
4228,0.435957236387089,-1.312410135543321,-0.6226357502986613,-1.2252124996435267,0.37439114816552854,-1.6821084945363816
4229,-0.7172491461721198,0.24362652405703647,-1.1454283625020152,0.28228659521340604,0.9776754627450532,0.8631380036495095
4230,-1.101651273691856,0.24362652405703647,1.468534698514755,-1.2252124996435267,0.9776754627450532,-0.409485245443436
4231,0.8203593639068253,-0.22318447382307077,-1.1454283625020152,-1.2252124996435267,0.9776754627450532,0.8631380036495095
4232,0.8203593639068253,0.8660411878971794,-1.1454283625020152,1.7897856900703386,-0.8321774809935208,0.8631380036495095
4233,-1.101651273691856,-1.1568064695832854,-0.09984313809530719,-1.2252124996435267,0.37439114816552854,-1.6821084945363816
4234,1.5891636189462977,-0.22318447382307077,-0.09984313809530719,0.28228659521340604,-0.22889316641399612,0.8631380036495095
4235,1.5891636189462977,0.24362652405703647,-1.1454283625020152,0.28228659521340604,0.9776754627450532,-1.6821084945363816
4236,0.8203593639068253,0.24362652405703647,1.468534698514755,0.28228659521340604,0.9776754627450532,0.8631380036495095
4237,-0.3328470186523835,2.7332851794176083,-0.6226357502986613,1.7897856900703386,-0.8321774809935208,0.8631380036495095
4238,-1.101651273691856,0.24362652405703647,1.468534698514755,0.28228659521340604,0.9776754627450532,-0.409485245443436
4239,-0.7172491461721198,-0.06758080786303503,-1.1454283625020152,0.28228659521340604,0.9776754627450532,0.8631380036495095
4240,-1.101651273691856,-0.22318447382307077,-0.6226357502986613,-1.2252124996435267,-0.22889316641399612,-0.409485245443436
4241,0.435957236387089,-0.22318447382307077,-0.09984313809530719,0.28228659521340604,-1.4354617955730455,-1.6821084945363816
4242,0.8203593639068253,-0.22318447382307077,-1.1454283625020152,-1.2252124996435267,-0.22889316641399612,0.8631380036495095
4243,1.5891636189462977,-0.22318447382307077,-0.09984313809530719,-1.2252124996435267,0.37439114816552854,0.8631380036495095
4244,-0.3328470186523835,-1.0012028036232494,-0.09984313809530719,0.28228659521340604,0.9776754627450532,0.8631380036495095
4245,0.435957236387089,2.1108705155774654,-0.09984313809530719,1.7897856900703386,-0.8321774809935208,0.8631380036495095
4246,-1.101651273691856,0.24362652405703647,1.468534698514755,-1.2252124996435267,0.9776754627450532,0.8631380036495095
4247,-1.4860534012115922,-1.4680138015033568,-0.09984313809530719,0.28228659521340604,0.9776754627450532,-1.6821084945363816
4248,-1.101651273691856,0.24362652405703647,1.468534698514755,0.28228659521340604,-1.4354617955730455,-0.409485245443436
4249,0.8203593639068253,-0.22318447382307077,-0.6226357502986613,-1.2252124996435267,-1.4354617955730455,0.8631380036495095
4250,0.05155510886735275,0.24362652405703647,-1.1454283625020152,-1.2252124996435267,-1.4354617955730455,0.8631380036495095
4251,0.8203593639068253,0.24362652405703647,1.468534698514755,-1.2252124996435267,-0.22889316641399612,0.8631380036495095
4252,-1.101651273691856,-1.1568064695832854,-0.09984313809530719,-1.2252124996435267,0.9776754627450532,0.8631380036495095
4253,0.05155510886735275,-1.0012028036232494,-0.09984313809530719,0.28228659521340604,0.9776754627450532,-1.6821084945363816
4254,-0.7172491461721198,0.24362652405703647,-1.1454283625020152,0.28228659521340604,-1.4354617955730455,-1.6821084945363816
4255,1.5891636189462977,-0.22318447382307077,1.468534698514755,0.28228659521340604,-0.22889316641399612,0.8631380036495095
4256,0.8203593639068253,-0.22318447382307077,-0.6226357502986613,-1.2252124996435267,-1.4354617955730455,0.8631380036495095
4257,0.435957236387089,-0.22318447382307077,-0.09984313809530719,0.28228659521340604,-0.22889316641399612,0.8631380036495095
4258,-1.4860534012115922,-1.0012028036232494,-0.6226357502986613,1.7897856900703386,-0.8321774809935208,0.8631380036495095
4259,0.8203593639068253,-0.22318447382307077,1.468534698514755,1.7897856900703386,-0.8321774809935208,0.8631380036495095
4260,-1.101651273691856,0.24362652405703647,1.468534698514755,0.28228659521340604,-1.4354617955730455,-0.409485245443436
4261,0.05155510886735275,0.8660411878971794,1.468534698514755,0.28228659521340604,-0.22889316641399612,0.8631380036495095
4262,0.8203593639068253,-0.5343918057431423,-0.6226357502986613,-1.2252124996435267,-0.22889316641399612,0.8631380036495095
4263,0.8203593639068253,-0.22318447382307077,-1.1454283625020152,-1.2252124996435267,-1.4354617955730455,-1.6821084945363816
4264,-1.4860534012115922,-1.1568064695832854,-0.09984313809530719,-1.2252124996435267,-0.22889316641399612,-0.409485245443436
4265,-0.3328470186523835,-1.4680138015033568,-0.6226357502986613,-1.2252124996435267,0.9776754627450532,-0.409485245443436
4266,-0.7172491461721198,0.24362652405703647,-1.1454283625020152,-1.2252124996435267,0.9776754627450532,0.8631380036495095
4267,-0.3328470186523835,-1.4680138015033568,-0.09984313809530719,0.28228659521340604,0.9776754627450532,-0.409485245443436
4268,-1.101651273691856,-0.22318447382307077,-0.09984313809530719,0.28228659521340604,-1.4354617955730455,0.8631380036495095
4269,0.8203593639068253,0.24362652405703647,-1.1454283625020152,-1.2252124996435267,0.9776754627450532,0.8631380036495095
4270,-0.3328470186523835,1.4884558517373225,-1.1454283625020152,0.28228659521340604,-1.4354617955730455,-0.409485245443436
4271,1.2047614914265614,-0.689995471703178,1.468534698514755,0.28228659521340604,0.9776754627450532,-0.409485245443436
4272,0.8203593639068253,-0.22318447382307077,-0.6226357502986613,1.7897856900703386,-0.8321774809935208,0.8631380036495095
4273,-1.101651273691856,-0.22318447382307077,-0.6226357502986613,1.7897856900703386,-0.8321774809935208,0.8631380036495095
4274,0.8203593639068253,0.24362652405703647,1.468534698514755,0.28228659521340604,0.9776754627450532,0.8631380036495095
4275,0.8203593639068253,0.24362652405703647,1.468534698514755,0.28228659521340604,-0.22889316641399612,0.8631380036495095
4276,-0.3328470186523835,-0.5343918057431423,0.42294947410804684,-1.2252124996435267,0.9776754627450532,-0.409485245443436
4277,-1.4860534012115922,0.8660411878971794,1.468534698514755,1.7897856900703386,-0.8321774809935208,-1.6821084945363816
4278,-1.101651273691856,-0.22318447382307077,-0.6226357502986613,0.28228659521340604,-1.4354617955730455,-0.409485245443436
4279,0.435957236387089,-1.4680138015033568,-0.09984313809530719,-1.2252124996435267,0.9776754627450532,-0.409485245443436
4280,0.05155510886735275,0.8660411878971794,1.468534698514755,-1.2252124996435267,0.9776754627450532,-0.409485245443436
4281,-0.7172491461721198,-0.06758080786303503,-0.6226357502986613,0.28228659521340604,0.9776754627450532,-1.6821084945363816
4282,0.8203593639068253,-0.22318447382307077,-0.6226357502986613,0.28228659521340604,0.9776754627450532,0.8631380036495095
4283,0.435957236387089,2.1108705155774654,-0.09984313809530719,1.7897856900703386,-0.8321774809935208,-1.6821084945363816
4284,0.8203593639068253,-0.22318447382307077,1.468534698514755,1.7897856900703386,-0.8321774809935208,-0.409485245443436
4285,0.435957236387089,-1.1568064695832854,-0.09984313809530719,-1.2252124996435267,-0.22889316641399612,0.8631380036495095
4286,0.435957236387089,-0.5343918057431423,-0.09984313809530719,0.28228659521340604,-1.4354617955730455,0.8631380036495095
4287,1.5891636189462977,0.554833855977108,-1.1454283625020152,-1.2252124996435267,0.9776754627450532,-0.409485245443436
4288,0.435957236387089,-0.37878813978310655,-0.6226357502986613,1.7897856900703386,-0.8321774809935208,0.8631380036495095
4289,0.435957236387089,2.1108705155774654,-0.09984313809530719,0.28228659521340604,-1.4354617955730455,0.8631380036495095
4290,-1.4860534012115922,0.24362652405703647,1.468534698514755,0.28228659521340604,-1.4354617955730455,-1.6821084945363816
4291,-1.4860534012115922,-0.37878813978310655,-0.6226357502986613,0.28228659521340604,-1.4354617955730455,-0.409485245443436
4292,-0.7172491461721198,0.24362652405703647,-1.1454283625020152,0.28228659521340604,-1.4354617955730455,0.8631380036495095
4293,-1.8704555287313285,-1.6236174674633925,-0.6226357502986613,0.28228659521340604,0.9776754627450532,0.8631380036495095
4294,0.435957236387089,-0.37878813978310655,-0.6226357502986613,0.28228659521340604,0.9776754627450532,0.8631380036495095
4295,0.8203593639068253,-0.22318447382307077,0.42294947410804684,-1.2252124996435267,0.37439114816552854,-0.409485245443436
4296,0.435957236387089,-1.7792211334234282,1.468534698514755,-1.2252124996435267,0.37439114816552854,-1.6821084945363816
4297,-0.7172491461721198,-0.06758080786303503,-1.1454283625020152,1.7897856900703386,-0.8321774809935208,-0.409485245443436
4298,-1.8704555287313285,0.8660411878971794,-1.1454283625020152,0.28228659521340604,0.9776754627450532,0.8631380036495095
4299,-0.7172491461721198,-0.06758080786303503,-0.6226357502986613,0.28228659521340604,0.9776754627450532,0.8631380036495095
4300,1.5891636189462977,-0.22318447382307077,1.468534698514755,0.28228659521340604,0.9776754627450532,-1.6821084945363816
4301,0.05155510886735275,0.24362652405703647,-0.6226357502986613,0.28228659521340604,0.9776754627450532,-1.6821084945363816
4302,0.05155510886735275,-1.1568064695832854,-0.09984313809530719,1.7897856900703386,-0.8321774809935208,0.8631380036495095
4303,0.05155510886735275,-1.0012028036232494,-0.09984313809530719,0.28228659521340604,0.9776754627450532,-0.409485245443436
4304,0.05155510886735275,0.8660411878971794,1.468534698514755,1.7897856900703386,-0.8321774809935208,-0.409485245443436
4305,0.435957236387089,-1.0012028036232494,-0.6226357502986613,-1.2252124996435267,0.9776754627450532,-0.409485245443436
4306,-1.101651273691856,0.24362652405703647,1.468534698514755,0.28228659521340604,0.9776754627450532,-0.409485245443436
4307,0.05155510886735275,0.8660411878971794,1.468534698514755,0.28228659521340604,0.9776754627450532,-1.6821084945363816
4308,-0.7172491461721198,-1.1568064695832854,-0.09984313809530719,-1.2252124996435267,-1.4354617955730455,-0.409485245443436
4309,-1.8704555287313285,-1.0012028036232494,-0.6226357502986613,1.7897856900703386,-0.8321774809935208,0.8631380036495095
4310,0.8203593639068253,-0.22318447382307077,-0.6226357502986613,-1.2252124996435267,0.9776754627450532,0.8631380036495095
4311,1.5891636189462977,-1.1568064695832854,0.42294947410804684,0.28228659521340604,0.9776754627450532,-1.6821084945363816
4312,-0.3328470186523835,-1.1568064695832854,0.42294947410804684,-1.2252124996435267,0.9776754627450532,-0.409485245443436
4313,0.435957236387089,-1.1568064695832854,-0.6226357502986613,0.28228659521340604,0.9776754627450532,-0.409485245443436
4314,0.435957236387089,1.799663183657394,1.468534698514755,0.28228659521340604,-0.22889316641399612,0.8631380036495095
4315,0.8203593639068253,0.24362652405703647,1.468534698514755,1.7897856900703386,-0.8321774809935208,0.8631380036495095
4316,-0.3328470186523835,1.6440595176973583,0.9457420863114009,-1.2252124996435267,-0.22889316641399612,0.8631380036495095
4317,-0.3328470186523835,0.24362652405703647,1.468534698514755,0.28228659521340604,0.9776754627450532,-0.409485245443436
4318,0.435957236387089,-0.5343918057431423,-0.09984313809530719,-1.2252124996435267,0.37439114816552854,-1.6821084945363816
4319,-1.4860534012115922,-0.5343918057431423,-0.09984313809530719,1.7897856900703386,-0.8321774809935208,-0.409485245443436
4320,-0.7172491461721198,1.1772485198172509,1.468534698514755,-1.2252124996435267,-1.4354617955730455,-0.409485245443436
4321,-1.101651273691856,-0.22318447382307077,-0.6226357502986613,0.28228659521340604,0.9776754627450532,-1.6821084945363816
4322,-0.3328470186523835,0.3992301900170722,1.468534698514755,0.28228659521340604,0.9776754627450532,-0.409485245443436
4323,-1.4860534012115922,-1.0012028036232494,-0.6226357502986613,0.28228659521340604,0.9776754627450532,-0.409485245443436
4324,0.05155510886735275,0.7104375219371437,-1.1454283625020152,0.28228659521340604,-1.4354617955730455,0.8631380036495095
4325,0.8203593639068253,0.24362652405703647,1.468534698514755,1.7897856900703386,-0.8321774809935208,-1.6821084945363816
4326,-0.3328470186523835,-0.22318447382307077,-0.09984313809530719,0.28228659521340604,-1.4354617955730455,-0.409485245443436
4327,0.8203593639068253,0.24362652405703647,1.468534698514755,-1.2252124996435267,-1.4354617955730455,0.8631380036495095
4328,-0.3328470186523835,-0.5343918057431423,0.42294947410804684,0.28228659521340604,0.9776754627450532,-0.409485245443436
4329,0.8203593639068253,0.24362652405703647,1.468534698514755,1.7897856900703386,-0.8321774809935208,0.8631380036495095
4330,0.8203593639068253,-0.22318447382307077,-0.6226357502986613,0.28228659521340604,-1.4354617955730455,-1.6821084945363816
4331,0.435957236387089,-0.22318447382307077,-0.09984313809530719,0.28228659521340604,-1.4354617955730455,-0.409485245443436
4332,-0.3328470186523835,-1.0012028036232494,-0.6226357502986613,-1.2252124996435267,0.9776754627450532,-0.409485245443436
4333,1.5891636189462977,0.24362652405703647,-1.1454283625020152,1.7897856900703386,-0.8321774809935208,0.8631380036495095
4334,0.435957236387089,-1.0012028036232494,-0.6226357502986613,0.28228659521340604,-1.4354617955730455,-1.6821084945363816
4335,-1.4860534012115922,-1.0012028036232494,-0.6226357502986613,0.28228659521340604,0.9776754627450532,-0.409485245443436
4336,-1.8704555287313285,-0.37878813978310655,-0.6226357502986613,1.7897856900703386,-0.8321774809935208,0.8631380036495095
4337,1.5891636189462977,0.24362652405703647,-1.1454283625020152,-1.2252124996435267,-0.22889316641399612,0.8631380036495095
4338,0.8203593639068253,-0.22318447382307077,-1.1454283625020152,0.28228659521340604,-0.22889316641399612,0.8631380036495095
4339,-0.3328470186523835,-1.4680138015033568,-0.6226357502986613,0.28228659521340604,0.9776754627450532,0.8631380036495095
4340,1.5891636189462977,0.24362652405703647,1.468534698514755,0.28228659521340604,-0.22889316641399612,0.8631380036495095
4341,0.435957236387089,-0.22318447382307077,-0.09984313809530719,-1.2252124996435267,0.9776754627450532,-0.409485245443436
4342,0.435957236387089,0.8660411878971794,1.468534698514755,-1.2252124996435267,0.9776754627450532,-0.409485245443436
4343,0.435957236387089,-0.37878813978310655,-0.09984313809530719,0.28228659521340604,0.9776754627450532,0.8631380036495095
4344,-1.101651273691856,-1.1568064695832854,0.42294947410804684,0.28228659521340604,-1.4354617955730455,0.8631380036495095
4345,-1.4860534012115922,0.8660411878971794,1.468534698514755,0.28228659521340604,0.9776754627450532,-0.409485245443436
4346,-1.4860534012115922,-1.0012028036232494,0.42294947410804684,0.28228659521340604,0.9776754627450532,-0.409485245443436
4347,0.435957236387089,-0.22318447382307077,-0.09984313809530719,-1.2252124996435267,0.37439114816552854,-1.6821084945363816
4348,0.435957236387089,-1.7792211334234282,1.468534698514755,0.28228659521340604,-1.4354617955730455,0.8631380036495095
4349,0.435957236387089,0.24362652405703647,-1.1454283625020152,-1.2252124996435267,0.9776754627450532,-0.409485245443436
4350,0.435957236387089,-1.1568064695832854,-0.09984313809530719,1.7897856900703386,-0.8321774809935208,0.8631380036495095
4351,1.5891636189462977,0.24362652405703647,-1.1454283625020152,-1.2252124996435267,0.9776754627450532,-0.409485245443436
4352,0.8203593639068253,0.24362652405703647,1.468534698514755,0.28228659521340604,0.9776754627450532,0.8631380036495095
4353,0.8203593639068253,-1.1568064695832854,-0.09984313809530719,0.28228659521340604,0.9776754627450532,-1.6821084945363816
4354,0.435957236387089,1.799663183657394,1.468534698514755,1.7897856900703386,-0.8321774809935208,0.8631380036495095
4355,1.5891636189462977,0.554833855977108,-1.1454283625020152,-1.2252124996435267,0.9776754627450532,-0.409485245443436
4356,0.8203593639068253,-0.22318447382307077,-0.09984313809530719,-1.2252124996435267,-0.22889316641399612,0.8631380036495095
4357,0.8203593639068253,-0.22318447382307077,-0.6226357502986613,-1.2252124996435267,-0.22889316641399612,0.8631380036495095
4358,0.05155510886735275,1.799663183657394,-1.1454283625020152,-1.2252124996435267,-0.22889316641399612,0.8631380036495095
4359,-0.7172491461721198,-1.1568064695832854,-0.09984313809530719,-1.2252124996435267,0.9776754627450532,0.8631380036495095
4360,0.435957236387089,-1.1568064695832854,-0.09984313809530719,1.7897856900703386,-0.8321774809935208,0.8631380036495095
4361,0.8203593639068253,0.24362652405703647,-1.1454283625020152,1.7897856900703386,-0.8321774809935208,0.8631380036495095
4362,0.435957236387089,1.799663183657394,1.468534698514755,0.28228659521340604,0.9776754627450532,0.8631380036495095
4363,0.8203593639068253,-0.22318447382307077,-0.6226357502986613,0.28228659521340604,0.9776754627450532,-0.409485245443436
4364,0.435957236387089,-1.0012028036232494,-0.6226357502986613,1.7897856900703386,-0.8321774809935208,0.8631380036495095
4365,-1.101651273691856,0.24362652405703647,1.468534698514755,0.28228659521340604,0.9776754627450532,-1.6821084945363816
4366,0.8203593639068253,-0.22318447382307077,-0.6226357502986613,-1.2252124996435267,0.9776754627450532,0.8631380036495095
4367,0.435957236387089,-0.37878813978310655,-0.6226357502986613,-1.2252124996435267,0.9776754627450532,-1.6821084945363816
4368,-1.4860534012115922,-1.4680138015033568,-0.09984313809530719,1.7897856900703386,-0.8321774809935208,-1.6821084945363816
4369,0.435957236387089,-1.4680138015033568,0.42294947410804684,-1.2252124996435267,0.9776754627450532,0.8631380036495095
4370,-0.7172491461721198,0.24362652405703647,-1.1454283625020152,-1.2252124996435267,0.9776754627450532,0.8631380036495095
4371,0.05155510886735275,0.7104375219371437,-1.1454283625020152,0.28228659521340604,-1.4354617955730455,0.8631380036495095
4372,0.435957236387089,2.1108705155774654,-0.6226357502986613,0.28228659521340604,0.9776754627450532,-1.6821084945363816
4373,-0.7172491461721198,0.24362652405703647,-1.1454283625020152,0.28228659521340604,0.9776754627450532,0.8631380036495095
4374,0.05155510886735275,0.7104375219371437,-1.1454283625020152,-1.2252124996435267,0.37439114816552854,-1.6821084945363816
4375,-1.4860534012115922,1.799663183657394,1.468534698514755,-1.2252124996435267,-1.4354617955730455,-1.6821084945363816
4376,-1.101651273691856,-0.22318447382307077,-0.6226357502986613,0.28228659521340604,-1.4354617955730455,0.8631380036495095
4377,0.8203593639068253,-0.22318447382307077,-0.6226357502986613,-1.2252124996435267,0.9776754627450532,0.8631380036495095
4378,-1.4860534012115922,-0.5343918057431423,-0.09984313809530719,1.7897856900703386,-0.8321774809935208,0.8631380036495095
4379,0.05155510886735275,1.3328521857772866,1.468534698514755,0.28228659521340604,0.9776754627450532,0.8631380036495095
4380,-1.8704555287313285,-1.0012028036232494,1.468534698514755,0.28228659521340604,-0.22889316641399612,0.8631380036495095
4381,-1.101651273691856,-1.0012028036232494,-0.09984313809530719,0.28228659521340604,0.9776754627450532,-1.6821084945363816
4382,0.8203593639068253,0.7104375219371437,1.468534698514755,0.28228659521340604,-1.4354617955730455,-1.6821084945363816
4383,0.8203593639068253,0.24362652405703647,-1.1454283625020152,-1.2252124996435267,0.9776754627450532,0.8631380036495095
4384,-0.3328470186523835,-1.0012028036232494,-0.09984313809530719,0.28228659521340604,-1.4354617955730455,0.8631380036495095
4385,-1.8704555287313285,-0.37878813978310655,-0.6226357502986613,0.28228659521340604,-1.4354617955730455,0.8631380036495095
4386,1.5891636189462977,1.9552668496174297,-1.1454283625020152,0.28228659521340604,0.9776754627450532,0.8631380036495095
4387,0.05155510886735275,0.24362652405703647,-0.6226357502986613,-1.2252124996435267,0.9776754627450532,-0.409485245443436
4388,1.5891636189462977,-0.22318447382307077,1.468534698514755,-1.2252124996435267,-0.22889316641399612,0.8631380036495095
4389,0.05155510886735275,-0.8455991376632138,1.468534698514755,0.28228659521340604,0.9776754627450532,0.8631380036495095
4390,-1.4860534012115922,-1.1568064695832854,-0.6226357502986613,0.28228659521340604,0.9776754627450532,-0.409485245443436
4391,-0.3328470186523835,2.7332851794176083,-0.6226357502986613,0.28228659521340604,0.9776754627450532,-0.409485245443436
4392,1.5891636189462977,0.8660411878971794,-1.1454283625020152,-1.2252124996435267,-1.4354617955730455,-0.409485245443436
4393,0.8203593639068253,-0.22318447382307077,-0.6226357502986613,0.28228659521340604,-0.22889316641399612,0.8631380036495095
4394,1.5891636189462977,0.24362652405703647,-1.1454283625020152,0.28228659521340604,-1.4354617955730455,-1.6821084945363816
4395,-1.8704555287313285,-1.0012028036232494,-0.6226357502986613,0.28228659521340604,-1.4354617955730455,0.8631380036495095
4396,0.8203593639068253,0.8660411878971794,-1.1454283625020152,0.28228659521340604,-0.22889316641399612,0.8631380036495095
4397,0.435957236387089,0.08802285809700072,0.42294947410804684,-1.2252124996435267,0.9776754627450532,-1.6821084945363816
4398,0.8203593639068253,-0.22318447382307077,-0.6226357502986613,0.28228659521340604,0.9776754627450532,0.8631380036495095
4399,-0.7172491461721198,-0.06758080786303503,-1.1454283625020152,0.28228659521340604,0.9776754627450532,0.8631380036495095
4400,0.435957236387089,-1.4680138015033568,-0.09984313809530719,0.28228659521340604,0.9776754627450532,-0.409485245443436
4401,-1.4860534012115922,-1.0012028036232494,-0.6226357502986613,-1.2252124996435267,0.9776754627450532,0.8631380036495095
4402,-1.8704555287313285,-1.0012028036232494,-0.6226357502986613,-1.2252124996435267,0.37439114816552854,0.8631380036495095
4403,0.435957236387089,2.1108705155774654,-0.6226357502986613,1.7897856900703386,-0.8321774809935208,0.8631380036495095
4404,1.5891636189462977,0.24362652405703647,1.468534698514755,-1.2252124996435267,0.9776754627450532,0.8631380036495095
4405,1.5891636189462977,0.24362652405703647,-1.1454283625020152,1.7897856900703386,-0.8321774809935208,0.8631380036495095
4406,0.8203593639068253,0.3992301900170722,1.468534698514755,-1.2252124996435267,0.9776754627450532,0.8631380036495095
4407,-1.101651273691856,-0.5343918057431423,-0.6226357502986613,-1.2252124996435267,0.9776754627450532,0.8631380036495095
4408,0.8203593639068253,0.8660411878971794,-1.1454283625020152,0.28228659521340604,0.9776754627450532,0.8631380036495095
4409,1.5891636189462977,-1.1568064695832854,-0.09984313809530719,0.28228659521340604,0.9776754627450532,-1.6821084945363816
4410,0.05155510886735275,-0.8455991376632138,1.468534698514755,1.7897856900703386,-0.8321774809935208,-0.409485245443436
4411,-0.7172491461721198,-0.06758080786303503,-0.6226357502986613,0.28228659521340604,0.9776754627450532,0.8631380036495095
4412,0.05155510886735275,-0.37878813978310655,-0.6226357502986613,0.28228659521340604,-1.4354617955730455,-0.409485245443436
4413,-1.101651273691856,-1.0012028036232494,-0.09984313809530719,0.28228659521340604,0.9776754627450532,-0.409485245443436
4414,-0.7172491461721198,0.24362652405703647,-1.1454283625020152,1.7897856900703386,-0.8321774809935208,-0.409485245443436
4415,1.5891636189462977,0.24362652405703647,1.468534698514755,0.28228659521340604,0.9776754627450532,-0.409485245443436
4416,0.05155510886735275,0.8660411878971794,1.468534698514755,-1.2252124996435267,0.9776754627450532,-0.409485245443436
4417,0.8203593639068253,-0.22318447382307077,-0.09984313809530719,-1.2252124996435267,0.9776754627450532,0.8631380036495095
4418,-1.101651273691856,0.24362652405703647,1.468534698514755,0.28228659521340604,-1.4354617955730455,0.8631380036495095
4419,0.435957236387089,-1.7792211334234282,-0.09984313809530719,1.7897856900703386,-0.8321774809935208,0.8631380036495095
4420,-0.7172491461721198,0.8660411878971794,-1.1454283625020152,0.28228659521340604,0.9776754627450532,0.8631380036495095
4421,1.5891636189462977,-0.22318447382307077,1.468534698514755,1.7897856900703386,-0.8321774809935208,0.8631380036495095
4422,0.435957236387089,-0.22318447382307077,-0.09984313809530719,0.28228659521340604,0.9776754627450532,-0.409485245443436
4423,-1.8704555287313285,1.799663183657394,1.468534698514755,1.7897856900703386,-0.8321774809935208,0.8631380036495095
4424,1.5891636189462977,0.24362652405703647,1.468534698514755,-1.2252124996435267,0.9776754627450532,-1.6821084945363816
4425,1.5891636189462977,0.7104375219371437,-1.1454283625020152,0.28228659521340604,-1.4354617955730455,0.8631380036495095
4426,0.05155510886735275,1.799663183657394,-1.1454283625020152,0.28228659521340604,0.9776754627450532,-1.6821084945363816
4427,-1.4860534012115922,1.799663183657394,1.468534698514755,0.28228659521340604,-1.4354617955730455,-1.6821084945363816
4428,0.8203593639068253,0.24362652405703647,1.468534698514755,0.28228659521340604,-1.4354617955730455,-1.6821084945363816
4429,-0.7172491461721198,0.24362652405703647,-1.1454283625020152,-1.2252124996435267,0.9776754627450532,-1.6821084945363816
4430,0.8203593639068253,-0.22318447382307077,-0.6226357502986613,-1.2252124996435267,-1.4354617955730455,-1.6821084945363816
4431,0.435957236387089,2.266474181537501,-1.1454283625020152,0.28228659521340604,0.9776754627450532,-0.409485245443436
4432,0.8203593639068253,0.24362652405703647,-1.1454283625020152,0.28228659521340604,0.9776754627450532,0.8631380036495095
4433,-1.4860534012115922,-0.22318447382307077,1.468534698514755,0.28228659521340604,0.9776754627450532,-1.6821084945363816
4434,0.435957236387089,0.8660411878971794,1.468534698514755,0.28228659521340604,-1.4354617955730455,-1.6821084945363816
4435,-1.101651273691856,-0.5343918057431423,-0.6226357502986613,0.28228659521340604,0.9776754627450532,-0.409485245443436
4436,0.05155510886735275,0.24362652405703647,-1.1454283625020152,1.7897856900703386,-0.8321774809935208,0.8631380036495095
4437,-1.8704555287313285,-1.0012028036232494,-0.6226357502986613,0.28228659521340604,0.9776754627450532,0.8631380036495095
4438,1.5891636189462977,0.24362652405703647,-1.1454283625020152,-1.2252124996435267,0.37439114816552854,0.8631380036495095
4439,0.435957236387089,2.266474181537501,-1.1454283625020152,1.7897856900703386,-0.8321774809935208,0.8631380036495095
4440,-1.8704555287313285,1.799663183657394,1.468534698514755,0.28228659521340604,0.9776754627450532,0.8631380036495095
4441,-1.101651273691856,0.8660411878971794,-1.1454283625020152,-1.2252124996435267,0.37439114816552854,-0.409485245443436
4442,0.435957236387089,-0.22318447382307077,-0.09984313809530719,0.28228659521340604,0.9776754627450532,0.8631380036495095
4443,0.8203593639068253,-0.22318447382307077,-0.6226357502986613,-1.2252124996435267,-0.22889316641399612,0.8631380036495095
4444,-1.8704555287313285,-0.37878813978310655,-0.6226357502986613,1.7897856900703386,-0.8321774809935208,0.8631380036495095
4445,0.435957236387089,-1.312410135543321,-0.6226357502986613,-1.2252124996435267,0.9776754627450532,-0.409485245443436
4446,1.2047614914265614,-0.22318447382307077,-0.09984313809530719,-1.2252124996435267,0.37439114816552854,-1.6821084945363816
4447,0.8203593639068253,0.24362652405703647,-1.1454283625020152,0.28228659521340604,0.9776754627450532,-1.6821084945363816
4448,-1.101651273691856,0.24362652405703647,-1.1454283625020152,1.7897856900703386,-0.8321774809935208,0.8631380036495095
4449,-1.4860534012115922,-1.0012028036232494,-0.6226357502986613,0.28228659521340604,-1.4354617955730455,-1.6821084945363816
4450,0.435957236387089,-1.312410135543321,-0.6226357502986613,0.28228659521340604,-1.4354617955730455,0.8631380036495095
4451,-0.7172491461721198,1.1772485198172509,1.468534698514755,0.28228659521340604,0.9776754627450532,-1.6821084945363816
4452,0.8203593639068253,0.24362652405703647,-1.1454283625020152,1.7897856900703386,-0.8321774809935208,0.8631380036495095
4453,-0.7172491461721198,0.24362652405703647,-1.1454283625020152,0.28228659521340604,-1.4354617955730455,0.8631380036495095
4454,0.435957236387089,-0.22318447382307077,-0.09984313809530719,0.28228659521340604,-1.4354617955730455,0.8631380036495095
4455,0.05155510886735275,-1.0012028036232494,-0.6226357502986613,0.28228659521340604,-1.4354617955730455,0.8631380036495095
4456,-1.4860534012115922,-1.1568064695832854,-0.09984313809530719,0.28228659521340604,-0.22889316641399612,-0.409485245443436
4457,-0.7172491461721198,-0.06758080786303503,-1.1454283625020152,0.28228659521340604,0.9776754627450532,0.8631380036495095
4458,0.8203593639068253,-0.22318447382307077,1.468534698514755,-1.2252124996435267,0.9776754627450532,-1.6821084945363816
4459,0.435957236387089,2.1108705155774654,-0.6226357502986613,0.28228659521340604,0.9776754627450532,-1.6821084945363816
4460,-1.4860534012115922,-1.1568064695832854,-0.09984313809530719,0.28228659521340604,-0.22889316641399612,-0.409485245443436
4461,-0.7172491461721198,-0.22318447382307077,1.468534698514755,0.28228659521340604,-0.22889316641399612,0.8631380036495095
4462,1.5891636189462977,-0.22318447382307077,-0.09984313809530719,0.28228659521340604,-1.4354617955730455,-1.6821084945363816
4463,1.5891636189462977,0.554833855977108,-1.1454283625020152,-1.2252124996435267,-1.4354617955730455,-0.409485245443436
4464,1.5891636189462977,0.554833855977108,-1.1454283625020152,-1.2252124996435267,0.9776754627450532,0.8631380036495095
4465,0.8203593639068253,0.24362652405703647,-1.1454283625020152,0.28228659521340604,-0.22889316641399612,0.8631380036495095
4466,1.5891636189462977,0.24362652405703647,-1.1454283625020152,-1.2252124996435267,0.37439114816552854,0.8631380036495095
4467,0.8203593639068253,0.24362652405703647,-1.1454283625020152,0.28228659521340604,-0.22889316641399612,0.8631380036495095
4468,0.435957236387089,-0.22318447382307077,-0.09984313809530719,0.28228659521340604,-0.22889316641399612,0.8631380036495095
4469,0.8203593639068253,-0.22318447382307077,1.468534698514755,0.28228659521340604,-0.22889316641399612,0.8631380036495095
4470,0.8203593639068253,-1.0012028036232494,1.468534698514755,1.7897856900703386,-0.8321774809935208,0.8631380036495095
4471,-0.3328470186523835,-1.0012028036232494,-0.09984313809530719,-1.2252124996435267,0.9776754627450532,-0.409485245443436
4472,-1.8704555287313285,-1.0012028036232494,1.468534698514755,-1.2252124996435267,0.9776754627450532,0.8631380036495095
4473,1.2047614914265614,-0.689995471703178,1.468534698514755,0.28228659521340604,-0.22889316641399612,-0.409485245443436
4474,-1.8704555287313285,-1.6236174674633925,-0.6226357502986613,-1.2252124996435267,0.9776754627450532,0.8631380036495095
4475,0.05155510886735275,0.8660411878971794,1.468534698514755,0.28228659521340604,0.9776754627450532,0.8631380036495095
4476,0.435957236387089,2.266474181537501,-1.1454283625020152,1.7897856900703386,-0.8321774809935208,0.8631380036495095
4477,-1.101651273691856,0.24362652405703647,1.468534698514755,0.28228659521340604,-1.4354617955730455,0.8631380036495095
4478,0.8203593639068253,-0.22318447382307077,1.468534698514755,0.28228659521340604,-1.4354617955730455,-1.6821084945363816
4479,0.05155510886735275,-1.0012028036232494,-0.6226357502986613,0.28228659521340604,0.9776754627450532,0.8631380036495095
4480,-1.101651273691856,0.24362652405703647,1.468534698514755,0.28228659521340604,0.9776754627450532,-0.409485245443436
4481,-0.7172491461721198,1.1772485198172509,1.468534698514755,0.28228659521340604,0.9776754627450532,-0.409485245443436
4482,1.2047614914265614,-1.312410135543321,0.42294947410804684,0.28228659521340604,-1.4354617955730455,0.8631380036495095
4483,-0.7172491461721198,-1.1568064695832854,-0.09984313809530719,-1.2252124996435267,0.9776754627450532,0.8631380036495095
4484,-1.4860534012115922,-0.5343918057431423,-0.09984313809530719,0.28228659521340604,0.9776754627450532,-0.409485245443436
4485,-1.4860534012115922,1.799663183657394,1.468534698514755,0.28228659521340604,-0.22889316641399612,-0.409485245443436
4486,-0.7172491461721198,0.8660411878971794,-1.1454283625020152,1.7897856900703386,-0.8321774809935208,-0.409485245443436
4487,-0.3328470186523835,1.4884558517373225,-1.1454283625020152,0.28228659521340604,0.9776754627450532,-0.409485245443436
4488,0.8203593639068253,-0.22318447382307077,-0.6226357502986613,0.28228659521340604,0.9776754627450532,0.8631380036495095
4489,1.2047614914265614,-0.689995471703178,1.468534698514755,0.28228659521340604,0.9776754627450532,0.8631380036495095
4490,0.8203593639068253,-0.22318447382307077,-1.1454283625020152,1.7897856900703386,-0.8321774809935208,0.8631380036495095
4491,0.435957236387089,2.5776815134575726,0.42294947410804684,-1.2252124996435267,-1.4354617955730455,0.8631380036495095
4492,0.435957236387089,1.799663183657394,1.468534698514755,0.28228659521340604,0.9776754627450532,0.8631380036495095
4493,-1.101651273691856,0.24362652405703647,1.468534698514755,1.7897856900703386,-0.8321774809935208,0.8631380036495095
4494,0.435957236387089,-0.5343918057431423,0.42294947410804684,0.28228659521340604,0.9776754627450532,-0.409485245443436
4495,0.8203593639068253,-1.1568064695832854,-0.09984313809530719,0.28228659521340604,-1.4354617955730455,-1.6821084945363816
4496,-1.101651273691856,-0.22318447382307077,-0.6226357502986613,0.28228659521340604,0.9776754627450532,-0.409485245443436
4497,-1.101651273691856,1.0216448538572152,1.468534698514755,-1.2252124996435267,-0.22889316641399612,-0.409485245443436
4498,0.435957236387089,-1.312410135543321,-0.6226357502986613,0.28228659521340604,0.9776754627450532,0.8631380036495095
4499,0.435957236387089,2.1108705155774654,-0.6226357502986613,0.28228659521340604,0.9776754627450532,-0.409485245443436
4500,0.8203593639068253,0.24362652405703647,-1.1454283625020152,-1.2252124996435267,0.37439114816552854,0.8631380036495095
4501,-1.8704555287313285,-1.0012028036232494,-0.6226357502986613,-1.2252124996435267,0.9776754627450532,0.8631380036495095
4502,0.435957236387089,-0.22318447382307077,-0.09984313809530719,0.28228659521340604,0.9776754627450532,0.8631380036495095
4503,0.435957236387089,0.8660411878971794,1.468534698514755,0.28228659521340604,0.9776754627450532,0.8631380036495095
4504,-0.7172491461721198,-0.06758080786303503,-0.6226357502986613,0.28228659521340604,-1.4354617955730455,-1.6821084945363816
4505,-0.7172491461721198,-1.1568064695832854,-0.09984313809530719,-1.2252124996435267,0.9776754627450532,-1.6821084945363816
4506,0.05155510886735275,-1.1568064695832854,-0.09984313809530719,0.28228659521340604,0.9776754627450532,-0.409485245443436
4507,1.5891636189462977,1.799663183657394,1.468534698514755,0.28228659521340604,0.9776754627450532,-0.409485245443436
4508,0.435957236387089,0.24362652405703647,-1.1454283625020152,1.7897856900703386,-0.8321774809935208,0.8631380036495095
4509,0.435957236387089,2.1108705155774654,-0.6226357502986613,-1.2252124996435267,0.9776754627450532,-0.409485245443436
4510,0.8203593639068253,-0.22318447382307077,1.468534698514755,0.28228659521340604,-1.4354617955730455,-1.6821084945363816
4511,-1.101651273691856,-0.22318447382307077,-0.6226357502986613,1.7897856900703386,-0.8321774809935208,0.8631380036495095
4512,-1.101651273691856,-0.22318447382307077,-0.09984313809530719,1.7897856900703386,-0.8321774809935208,0.8631380036495095
4513,0.8203593639068253,0.24362652405703647,-1.1454283625020152,0.28228659521340604,0.9776754627450532,0.8631380036495095
4514,1.5891636189462977,0.24362652405703647,-1.1454283625020152,0.28228659521340604,-1.4354617955730455,-1.6821084945363816
4515,-0.3328470186523835,1.4884558517373225,-1.1454283625020152,-1.2252124996435267,-1.4354617955730455,-1.6821084945363816
4516,-0.3328470186523835,-1.1568064695832854,0.42294947410804684,0.28228659521340604,-0.22889316641399612,0.8631380036495095
4517,0.05155510886735275,-1.0012028036232494,-0.09984313809530719,0.28228659521340604,-0.22889316641399612,0.8631380036495095
4518,-1.4860534012115922,-1.4680138015033568,-0.09984313809530719,-1.2252124996435267,0.37439114816552854,-0.409485245443436
4519,0.435957236387089,-0.37878813978310655,-0.6226357502986613,0.28228659521340604,0.9776754627450532,-0.409485245443436
4520,0.05155510886735275,0.8660411878971794,1.468534698514755,-1.2252124996435267,0.37439114816552854,-0.409485245443436
4521,0.8203593639068253,-1.0012028036232494,1.468534698514755,1.7897856900703386,-0.8321774809935208,0.8631380036495095
4522,0.8203593639068253,0.24362652405703647,1.468534698514755,0.28228659521340604,0.9776754627450532,0.8631380036495095
4523,-1.8704555287313285,1.799663183657394,1.468534698514755,0.28228659521340604,0.9776754627450532,0.8631380036495095
4524,-1.101651273691856,0.24362652405703647,1.468534698514755,0.28228659521340604,-0.22889316641399612,-0.409485245443436
4525,0.435957236387089,-1.7792211334234282,-0.09984313809530719,1.7897856900703386,-0.8321774809935208,0.8631380036495095
4526,0.435957236387089,0.24362652405703647,-1.1454283625020152,0.28228659521340604,0.9776754627450532,0.8631380036495095
4527,0.05155510886735275,0.24362652405703647,-0.6226357502986613,-1.2252124996435267,0.9776754627450532,-0.409485245443436
4528,-1.4860534012115922,-0.5343918057431423,-0.09984313809530719,0.28228659521340604,0.9776754627450532,0.8631380036495095
4529,-0.7172491461721198,-0.06758080786303503,-0.6226357502986613,-1.2252124996435267,-1.4354617955730455,-0.409485245443436
4530,0.435957236387089,-0.37878813978310655,-0.09984313809530719,1.7897856900703386,-0.8321774809935208,-1.6821084945363816
4531,1.5891636189462977,0.8660411878971794,-1.1454283625020152,-1.2252124996435267,0.9776754627450532,0.8631380036495095
4532,1.2047614914265614,-0.689995471703178,1.468534698514755,-1.2252124996435267,0.9776754627450532,0.8631380036495095
4533,1.5891636189462977,0.554833855977108,-1.1454283625020152,0.28228659521340604,-0.22889316641399612,0.8631380036495095
4534,1.2047614914265614,-0.689995471703178,1.468534698514755,-1.2252124996435267,0.37439114816552854,-1.6821084945363816
4535,-0.7172491461721198,-0.06758080786303503,-0.6226357502986613,-1.2252124996435267,0.9776754627450532,0.8631380036495095
4536,-1.8704555287313285,-1.0012028036232494,-0.6226357502986613,0.28228659521340604,-1.4354617955730455,0.8631380036495095
4537,-1.101651273691856,1.0216448538572152,1.468534698514755,0.28228659521340604,0.9776754627450532,-0.409485245443436
4538,1.5891636189462977,0.8660411878971794,1.468534698514755,0.28228659521340604,0.9776754627450532,0.8631380036495095
4539,0.8203593639068253,-0.22318447382307077,-1.1454283625020152,-1.2252124996435267,-0.22889316641399612,0.8631380036495095
4540,0.8203593639068253,-0.5343918057431423,-0.6226357502986613,1.7897856900703386,-0.8321774809935208,0.8631380036495095
4541,0.8203593639068253,-0.22318447382307077,-1.1454283625020152,-1.2252124996435267,0.9776754627450532,0.8631380036495095
4542,-1.8704555287313285,-1.6236174674633925,-0.6226357502986613,0.28228659521340604,0.9776754627450532,0.8631380036495095
4543,0.05155510886735275,0.8660411878971794,1.468534698514755,0.28228659521340604,-1.4354617955730455,0.8631380036495095
4544,-1.101651273691856,0.8660411878971794,-1.1454283625020152,0.28228659521340604,-1.4354617955730455,0.8631380036495095
4545,0.435957236387089,2.1108705155774654,1.468534698514755,-1.2252124996435267,0.9776754627450532,-0.409485245443436
4546,-1.101651273691856,-0.22318447382307077,-0.6226357502986613,-1.2252124996435267,0.37439114816552854,-1.6821084945363816
4547,-0.7172491461721198,0.24362652405703647,-1.1454283625020152,0.28228659521340604,0.9776754627450532,0.8631380036495095
4548,-1.4860534012115922,1.799663183657394,1.468534698514755,0.28228659521340604,0.9776754627450532,0.8631380036495095
4549,0.05155510886735275,0.24362652405703647,-0.6226357502986613,0.28228659521340604,0.9776754627450532,-0.409485245443436
4550,-0.7172491461721198,0.24362652405703647,1.468534698514755,0.28228659521340604,0.9776754627450532,0.8631380036495095
4551,0.8203593639068253,0.24362652405703647,1.468534698514755,0.28228659521340604,0.9776754627450532,0.8631380036495095
4552,-1.101651273691856,-0.22318447382307077,-0.6226357502986613,-1.2252124996435267,0.9776754627450532,-0.409485245443436
4553,0.435957236387089,0.24362652405703647,1.468534698514755,0.28228659521340604,-0.22889316641399612,0.8631380036495095
4554,0.435957236387089,0.7104375219371437,-1.1454283625020152,-1.2252124996435267,0.9776754627450532,0.8631380036495095
4555,0.435957236387089,2.1108705155774654,-0.6226357502986613,-1.2252124996435267,0.37439114816552854,-1.6821084945363816
4556,1.5891636189462977,-1.1568064695832854,-0.09984313809530719,0.28228659521340604,0.9776754627450532,0.8631380036495095
4557,-1.101651273691856,0.24362652405703647,-1.1454283625020152,0.28228659521340604,-0.22889316641399612,0.8631380036495095
4558,0.8203593639068253,-0.22318447382307077,0.42294947410804684,0.28228659521340604,-0.22889316641399612,0.8631380036495095
4559,-1.8704555287313285,-0.37878813978310655,-0.6226357502986613,-1.2252124996435267,0.37439114816552854,0.8631380036495095
4560,0.435957236387089,2.1108705155774654,-0.6226357502986613,0.28228659521340604,-0.22889316641399612,0.8631380036495095
4561,0.8203593639068253,-0.22318447382307077,1.468534698514755,-1.2252124996435267,0.9776754627450532,-1.6821084945363816
4562,-0.7172491461721198,-1.0012028036232494,-0.09984313809530719,0.28228659521340604,-1.4354617955730455,0.8631380036495095
4563,0.435957236387089,-0.37878813978310655,-0.6226357502986613,0.28228659521340604,0.9776754627450532,-1.6821084945363816
4564,1.5891636189462977,0.554833855977108,-1.1454283625020152,0.28228659521340604,0.9776754627450532,0.8631380036495095
4565,-1.4860534012115922,-1.1568064695832854,-0.6226357502986613,1.7897856900703386,-0.8321774809935208,-1.6821084945363816
4566,-1.4860534012115922,-0.22318447382307077,1.468534698514755,0.28228659521340604,-1.4354617955730455,0.8631380036495095
4567,-1.4860534012115922,-1.1568064695832854,-0.09984313809530719,-1.2252124996435267,0.37439114816552854,-1.6821084945363816
4568,0.435957236387089,0.08802285809700072,0.42294947410804684,0.28228659521340604,0.9776754627450532,0.8631380036495095
4569,0.8203593639068253,-0.22318447382307077,-1.1454283625020152,1.7897856900703386,-0.8321774809935208,0.8631380036495095
4570,0.8203593639068253,-0.22318447382307077,1.468534698514755,0.28228659521340604,-0.22889316641399612,0.8631380036495095
4571,-0.7172491461721198,0.24362652405703647,1.468534698514755,1.7897856900703386,-0.8321774809935208,0.8631380036495095
4572,0.435957236387089,-0.37878813978310655,-0.6226357502986613,-1.2252124996435267,-1.4354617955730455,-1.6821084945363816
4573,0.8203593639068253,-0.22318447382307077,-0.09984313809530719,0.28228659521340604,0.9776754627450532,0.8631380036495095
4574,-1.8704555287313285,1.799663183657394,1.468534698514755,-1.2252124996435267,-0.22889316641399612,0.8631380036495095
4575,1.5891636189462977,0.24362652405703647,1.468534698514755,0.28228659521340604,-1.4354617955730455,0.8631380036495095
4576,1.2047614914265614,-0.22318447382307077,-0.09984313809530719,0.28228659521340604,-1.4354617955730455,-0.409485245443436
4577,-1.4860534012115922,-0.37878813978310655,-0.6226357502986613,0.28228659521340604,-1.4354617955730455,0.8631380036495095
4578,-1.8704555287313285,-1.0012028036232494,-0.6226357502986613,0.28228659521340604,0.9776754627450532,0.8631380036495095
4579,0.435957236387089,-1.312410135543321,-0.6226357502986613,-1.2252124996435267,0.9776754627450532,-1.6821084945363816
4580,-1.4860534012115922,-1.1568064695832854,0.42294947410804684,0.28228659521340604,0.9776754627450532,-1.6821084945363816
4581,0.435957236387089,2.266474181537501,-1.1454283625020152,-1.2252124996435267,-1.4354617955730455,-1.6821084945363816
4582,-0.3328470186523835,-1.0012028036232494,-0.09984313809530719,1.7897856900703386,-0.8321774809935208,0.8631380036495095
4583,-0.7172491461721198,-0.06758080786303503,-1.1454283625020152,0.28228659521340604,-0.22889316641399612,0.8631380036495095
4584,-0.3328470186523835,0.24362652405703647,1.468534698514755,1.7897856900703386,-0.8321774809935208,0.8631380036495095
4585,1.5891636189462977,0.554833855977108,-1.1454283625020152,1.7897856900703386,-0.8321774809935208,-0.409485245443436
4586,0.8203593639068253,-0.22318447382307077,-0.6226357502986613,0.28228659521340604,-1.4354617955730455,-1.6821084945363816
4587,-1.4860534012115922,-1.1568064695832854,-0.09984313809530719,-1.2252124996435267,0.9776754627450532,0.8631380036495095
4588,1.5891636189462977,-0.22318447382307077,1.468534698514755,1.7897856900703386,-0.8321774809935208,-0.409485245443436
4589,0.8203593639068253,-0.22318447382307077,-0.6226357502986613,-1.2252124996435267,0.9776754627450532,-0.409485245443436
4590,0.8203593639068253,0.24362652405703647,1.468534698514755,-1.2252124996435267,-1.4354617955730455,-1.6821084945363816
4591,1.5891636189462977,0.8660411878971794,1.468534698514755,-1.2252124996435267,0.37439114816552854,-1.6821084945363816
4592,1.5891636189462977,0.24362652405703647,-1.1454283625020152,1.7897856900703386,-0.8321774809935208,0.8631380036495095
4593,1.5891636189462977,-1.1568064695832854,0.42294947410804684,0.28228659521340604,0.9776754627450532,-1.6821084945363816
4594,-1.4860534012115922,-1.0012028036232494,-0.09984313809530719,0.28228659521340604,0.9776754627450532,0.8631380036495095
4595,-1.4860534012115922,-1.1568064695832854,-0.09984313809530719,0.28228659521340604,-1.4354617955730455,-1.6821084945363816
4596,0.435957236387089,-1.1568064695832854,-0.09984313809530719,0.28228659521340604,0.9776754627450532,-0.409485245443436
4597,0.05155510886735275,-0.8455991376632138,1.468534698514755,0.28228659521340604,-1.4354617955730455,-0.409485245443436
4598,-1.4860534012115922,-1.4680138015033568,-0.09984313809530719,0.28228659521340604,-0.22889316641399612,-0.409485245443436
4599,1.5891636189462977,-0.22318447382307077,-0.09984313809530719,0.28228659521340604,-1.4354617955730455,-1.6821084945363816
4600,0.8203593639068253,-0.22318447382307077,-0.6226357502986613,0.28228659521340604,0.9776754627450532,0.8631380036495095
4601,-1.8704555287313285,2.266474181537501,1.468534698514755,-1.2252124996435267,0.9776754627450532,0.8631380036495095
4602,0.435957236387089,-0.22318447382307077,-0.09984313809530719,0.28228659521340604,-1.4354617955730455,0.8631380036495095
4603,0.05155510886735275,-0.37878813978310655,-0.6226357502986613,0.28228659521340604,-1.4354617955730455,0.8631380036495095
4604,1.5891636189462977,0.24362652405703647,1.468534698514755,0.28228659521340604,0.9776754627450532,-0.409485245443436
4605,0.8203593639068253,0.8660411878971794,1.468534698514755,0.28228659521340604,-0.22889316641399612,0.8631380036495095
4606,0.435957236387089,2.1108705155774654,-0.6226357502986613,0.28228659521340604,0.9776754627450532,0.8631380036495095
4607,1.5891636189462977,0.8660411878971794,1.468534698514755,0.28228659521340604,-0.22889316641399612,0.8631380036495095
4608,1.5891636189462977,0.554833855977108,-1.1454283625020152,-1.2252124996435267,0.9776754627450532,0.8631380036495095
4609,0.05155510886735275,0.24362652405703647,-0.6226357502986613,0.28228659521340604,-0.22889316641399612,0.8631380036495095
4610,-1.4860534012115922,1.799663183657394,1.468534698514755,0.28228659521340604,0.9776754627450532,0.8631380036495095
4611,0.435957236387089,-1.1568064695832854,-0.6226357502986613,0.28228659521340604,-0.22889316641399612,-0.409485245443436
4612,1.5891636189462977,-1.1568064695832854,0.42294947410804684,0.28228659521340604,0.9776754627450532,0.8631380036495095
4613,0.8203593639068253,0.24362652405703647,1.468534698514755,1.7897856900703386,-0.8321774809935208,0.8631380036495095
4614,0.435957236387089,-1.4680138015033568,0.42294947410804684,-1.2252124996435267,0.9776754627450532,-1.6821084945363816
4615,1.5891636189462977,0.554833855977108,-1.1454283625020152,0.28228659521340604,0.9776754627450532,0.8631380036495095
4616,-0.3328470186523835,1.6440595176973583,0.9457420863114009,0.28228659521340604,-1.4354617955730455,-0.409485245443436
4617,-1.4860534012115922,-1.0012028036232494,-0.09984313809530719,0.28228659521340604,0.9776754627450532,-0.409485245443436
4618,0.435957236387089,-1.4680138015033568,0.42294947410804684,0.28228659521340604,0.9776754627450532,0.8631380036495095
4619,0.8203593639068253,-0.22318447382307077,1.468534698514755,-1.2252124996435267,-0.22889316641399612,0.8631380036495095
4620,0.8203593639068253,0.24362652405703647,1.468534698514755,0.28228659521340604,-1.4354617955730455,-1.6821084945363816
4621,0.435957236387089,-0.22318447382307077,-0.09984313809530719,-1.2252124996435267,0.37439114816552854,-1.6821084945363816
4622,0.435957236387089,2.1108705155774654,1.468534698514755,0.28228659521340604,0.9776754627450532,-1.6821084945363816
4623,0.435957236387089,-1.4680138015033568,-0.6226357502986613,1.7897856900703386,-0.8321774809935208,0.8631380036495095
4624,1.5891636189462977,-1.1568064695832854,-0.09984313809530719,0.28228659521340604,-1.4354617955730455,-1.6821084945363816
4625,-1.4860534012115922,-1.1568064695832854,-0.09984313809530719,1.7897856900703386,-0.8321774809935208,0.8631380036495095
4626,-1.8704555287313285,0.24362652405703647,-1.1454283625020152,0.28228659521340604,-1.4354617955730455,0.8631380036495095
4627,0.05155510886735275,0.7104375219371437,1.468534698514755,0.28228659521340604,-1.4354617955730455,0.8631380036495095
4628,-1.4860534012115922,1.799663183657394,1.468534698514755,0.28228659521340604,0.9776754627450532,-0.409485245443436
4629,-1.4860534012115922,-1.0012028036232494,-0.09984313809530719,-1.2252124996435267,0.37439114816552854,-0.409485245443436
4630,-1.4860534012115922,-1.4680138015033568,-0.09984313809530719,0.28228659521340604,-1.4354617955730455,-1.6821084945363816
4631,-0.7172491461721198,-0.22318447382307077,1.468534698514755,0.28228659521340604,0.9776754627450532,0.8631380036495095
4632,-0.7172491461721198,-1.0012028036232494,-0.6226357502986613,-1.2252124996435267,0.9776754627450532,-1.6821084945363816
4633,0.8203593639068253,-0.22318447382307077,-1.1454283625020152,0.28228659521340604,0.9776754627450532,0.8631380036495095
4634,-0.7172491461721198,-1.1568064695832854,-0.09984313809530719,1.7897856900703386,-0.8321774809935208,0.8631380036495095
4635,1.5891636189462977,0.554833855977108,-1.1454283625020152,-1.2252124996435267,-0.22889316641399612,0.8631380036495095
4636,1.5891636189462977,0.24362652405703647,1.468534698514755,0.28228659521340604,-0.22889316641399612,0.8631380036495095
4637,-0.7172491461721198,-0.06758080786303503,-0.6226357502986613,1.7897856900703386,-0.8321774809935208,0.8631380036495095
4638,0.435957236387089,-1.312410135543321,-0.6226357502986613,1.7897856900703386,-0.8321774809935208,0.8631380036495095
4639,0.8203593639068253,0.24362652405703647,1.468534698514755,0.28228659521340604,0.9776754627450532,0.8631380036495095
4640,-1.4860534012115922,0.8660411878971794,1.468534698514755,0.28228659521340604,0.9776754627450532,0.8631380036495095
4641,0.8203593639068253,0.24362652405703647,1.468534698514755,0.28228659521340604,0.9776754627450532,0.8631380036495095
4642,0.8203593639068253,0.24362652405703647,1.468534698514755,1.7897856900703386,-0.8321774809935208,-1.6821084945363816
4643,-1.4860534012115922,0.24362652405703647,1.468534698514755,0.28228659521340604,-1.4354617955730455,-0.409485245443436
4644,-1.4860534012115922,-1.1568064695832854,0.42294947410804684,0.28228659521340604,0.9776754627450532,-0.409485245443436
4645,0.8203593639068253,-0.22318447382307077,0.42294947410804684,0.28228659521340604,0.9776754627450532,0.8631380036495095
4646,0.8203593639068253,-0.22318447382307077,1.468534698514755,-1.2252124996435267,-0.22889316641399612,0.8631380036495095
4647,0.05155510886735275,-1.0012028036232494,-0.09984313809530719,0.28228659521340604,-1.4354617955730455,0.8631380036495095
4648,0.8203593639068253,0.24362652405703647,1.468534698514755,1.7897856900703386,-0.8321774809935208,-1.6821084945363816
4649,-1.4860534012115922,1.799663183657394,1.468534698514755,-1.2252124996435267,0.9776754627450532,-0.409485245443436
4650,0.05155510886735275,0.8660411878971794,1.468534698514755,1.7897856900703386,-0.8321774809935208,0.8631380036495095
4651,-1.8704555287313285,1.799663183657394,-1.1454283625020152,-1.2252124996435267,-1.4354617955730455,0.8631380036495095
4652,-1.4860534012115922,-1.0012028036232494,-0.6226357502986613,0.28228659521340604,-0.22889316641399612,0.8631380036495095
4653,1.5891636189462977,-0.22318447382307077,-0.09984313809530719,0.28228659521340604,0.9776754627450532,0.8631380036495095
4654,1.2047614914265614,-0.689995471703178,1.468534698514755,0.28228659521340604,0.9776754627450532,-1.6821084945363816
4655,-0.3328470186523835,1.4884558517373225,-1.1454283625020152,0.28228659521340604,0.9776754627450532,-0.409485245443436
4656,-1.4860534012115922,2.422077847497537,1.468534698514755,0.28228659521340604,0.9776754627450532,-0.409485245443436
4657,0.05155510886735275,0.8660411878971794,1.468534698514755,0.28228659521340604,-1.4354617955730455,0.8631380036495095
4658,-0.3328470186523835,0.24362652405703647,1.468534698514755,-1.2252124996435267,-0.22889316641399612,0.8631380036495095
4659,-1.101651273691856,-0.22318447382307077,-0.09984313809530719,-1.2252124996435267,0.9776754627450532,0.8631380036495095
4660,0.05155510886735275,-0.37878813978310655,-0.6226357502986613,0.28228659521340604,0.9776754627450532,0.8631380036495095
4661,0.435957236387089,-1.0012028036232494,-0.6226357502986613,-1.2252124996435267,0.37439114816552854,-0.409485245443436
4662,0.8203593639068253,-0.22318447382307077,1.468534698514755,-1.2252124996435267,-1.4354617955730455,-1.6821084945363816
4663,0.05155510886735275,-0.37878813978310655,-0.6226357502986613,0.28228659521340604,-1.4354617955730455,0.8631380036495095
4664,0.05155510886735275,0.24362652405703647,1.468534698514755,-1.2252124996435267,-1.4354617955730455,-1.6821084945363816
4665,1.5891636189462977,0.24362652405703647,1.468534698514755,-1.2252124996435267,0.9776754627450532,0.8631380036495095
4666,0.435957236387089,-1.4680138015033568,0.42294947410804684,0.28228659521340604,-0.22889316641399612,0.8631380036495095
4667,0.8203593639068253,-0.22318447382307077,-0.6226357502986613,-1.2252124996435267,0.37439114816552854,-0.409485245443436
4668,-1.8704555287313285,1.799663183657394,-1.1454283625020152,-1.2252124996435267,-1.4354617955730455,0.8631380036495095
4669,1.5891636189462977,0.24362652405703647,1.468534698514755,-1.2252124996435267,0.9776754627450532,-0.409485245443436
4670,0.435957236387089,2.5776815134575726,0.42294947410804684,1.7897856900703386,-0.8321774809935208,-1.6821084945363816
4671,-0.3328470186523835,-1.4680138015033568,-0.6226357502986613,0.28228659521340604,-1.4354617955730455,0.8631380036495095
4672,0.435957236387089,-0.37878813978310655,-0.09984313809530719,-1.2252124996435267,-0.22889316641399612,0.8631380036495095
4673,0.8203593639068253,0.24362652405703647,-1.1454283625020152,0.28228659521340604,-1.4354617955730455,0.8631380036495095
4674,-0.7172491461721198,0.24362652405703647,1.468534698514755,1.7897856900703386,-0.8321774809935208,-0.409485245443436
4675,1.5891636189462977,0.24362652405703647,-1.1454283625020152,0.28228659521340604,0.9776754627450532,0.8631380036495095
4676,-0.7172491461721198,-1.1568064695832854,-0.09984313809530719,1.7897856900703386,-0.8321774809935208,-0.409485245443436
4677,0.435957236387089,0.7104375219371437,1.468534698514755,1.7897856900703386,-0.8321774809935208,-1.6821084945363816
4678,0.435957236387089,-1.1568064695832854,-0.09984313809530719,0.28228659521340604,0.9776754627450532,-0.409485245443436
4679,1.2047614914265614,-0.689995471703178,1.468534698514755,0.28228659521340604,-1.4354617955730455,0.8631380036495095
4680,-0.7172491461721198,-1.1568064695832854,-0.09984313809530719,0.28228659521340604,0.9776754627450532,-0.409485245443436
4681,0.435957236387089,-1.1568064695832854,-0.09984313809530719,0.28228659521340604,0.9776754627450532,0.8631380036495095
4682,1.5891636189462977,1.799663183657394,1.468534698514755,0.28228659521340604,0.9776754627450532,0.8631380036495095
4683,1.5891636189462977,0.8660411878971794,1.468534698514755,0.28228659521340604,-1.4354617955730455,-1.6821084945363816
4684,-1.4860534012115922,-1.1568064695832854,-0.09984313809530719,0.28228659521340604,0.9776754627450532,-1.6821084945363816
4685,0.8203593639068253,0.24362652405703647,1.468534698514755,0.28228659521340604,0.9776754627450532,0.8631380036495095
4686,-0.7172491461721198,-1.1568064695832854,-0.09984313809530719,0.28228659521340604,0.9776754627450532,-0.409485245443436
4687,-0.3328470186523835,-0.5343918057431423,0.42294947410804684,-1.2252124996435267,0.9776754627450532,-0.409485245443436
4688,-1.8704555287313285,-1.0012028036232494,-0.6226357502986613,0.28228659521340604,0.9776754627450532,0.8631380036495095
4689,-0.7172491461721198,0.24362652405703647,-1.1454283625020152,1.7897856900703386,-0.8321774809935208,0.8631380036495095
4690,-0.3328470186523835,-1.4680138015033568,-0.09984313809530719,0.28228659521340604,0.9776754627450532,0.8631380036495095
4691,0.435957236387089,0.24362652405703647,-1.1454283625020152,-1.2252124996435267,0.9776754627450532,-1.6821084945363816
4692,0.8203593639068253,-0.5343918057431423,-0.6226357502986613,0.28228659521340604,-0.22889316641399612,0.8631380036495095
4693,-1.101651273691856,-0.22318447382307077,-0.09984313809530719,0.28228659521340604,0.9776754627450532,-0.409485245443436
4694,0.8203593639068253,-0.22318447382307077,-0.09984313809530719,-1.2252124996435267,0.37439114816552854,0.8631380036495095
4695,0.435957236387089,0.7104375219371437,-1.1454283625020152,0.28228659521340604,-0.22889316641399612,0.8631380036495095
4696,0.435957236387089,-1.7792211334234282,1.468534698514755,0.28228659521340604,0.9776754627450532,-0.409485245443436
4697,0.435957236387089,1.799663183657394,1.468534698514755,-1.2252124996435267,-0.22889316641399612,0.8631380036495095
4698,-1.101651273691856,-0.22318447382307077,-0.6226357502986613,0.28228659521340604,0.9776754627450532,-1.6821084945363816
4699,0.8203593639068253,0.8660411878971794,1.468534698514755,0.28228659521340604,-0.22889316641399612,0.8631380036495095
4700,-0.7172491461721198,-1.0012028036232494,-0.09984313809530719,-1.2252124996435267,-1.4354617955730455,-0.409485245443436
4701,-1.101651273691856,-1.4680138015033568,-0.09984313809530719,-1.2252124996435267,0.9776754627450532,0.8631380036495095
4702,0.8203593639068253,-0.22318447382307077,-1.1454283625020152,0.28228659521340604,0.9776754627450532,-1.6821084945363816
4703,1.5891636189462977,0.24362652405703647,-1.1454283625020152,0.28228659521340604,-0.22889316641399612,0.8631380036495095
4704,0.435957236387089,-0.5343918057431423,-0.09984313809530719,1.7897856900703386,-0.8321774809935208,-1.6821084945363816
4705,1.2047614914265614,-1.312410135543321,0.42294947410804684,0.28228659521340604,-1.4354617955730455,0.8631380036495095
4706,0.435957236387089,1.799663183657394,1.468534698514755,-1.2252124996435267,0.9776754627450532,-1.6821084945363816
4707,-1.8704555287313285,0.8660411878971794,-1.1454283625020152,-1.2252124996435267,0.9776754627450532,0.8631380036495095
4708,-1.101651273691856,-0.5343918057431423,-0.6226357502986613,0.28228659521340604,-1.4354617955730455,0.8631380036495095
4709,0.05155510886735275,0.7104375219371437,1.468534698514755,0.28228659521340604,0.9776754627450532,0.8631380036495095
4710,0.8203593639068253,0.8660411878971794,1.468534698514755,0.28228659521340604,-1.4354617955730455,-1.6821084945363816
4711,0.435957236387089,-0.22318447382307077,-0.09984313809530719,0.28228659521340604,0.9776754627450532,-0.409485245443436
4712,-1.8704555287313285,0.24362652405703647,-1.1454283625020152,-1.2252124996435267,0.9776754627450532,0.8631380036495095
4713,-1.8704555287313285,-1.6236174674633925,-0.6226357502986613,0.28228659521340604,-1.4354617955730455,0.8631380036495095
4714,-1.8704555287313285,-0.37878813978310655,-0.6226357502986613,-1.2252124996435267,0.9776754627450532,0.8631380036495095
4715,0.05155510886735275,-0.8455991376632138,1.468534698514755,0.28228659521340604,0.9776754627450532,0.8631380036495095
4716,-1.101651273691856,0.8660411878971794,-1.1454283625020152,0.28228659521340604,-0.22889316641399612,0.8631380036495095
4717,-1.101651273691856,0.24362652405703647,-1.1454283625020152,1.7897856900703386,-0.8321774809935208,0.8631380036495095
4718,0.435957236387089,1.799663183657394,1.468534698514755,-1.2252124996435267,0.9776754627450532,-0.409485245443436
4719,0.8203593639068253,0.24362652405703647,-1.1454283625020152,0.28228659521340604,-1.4354617955730455,0.8631380036495095
4720,-0.7172491461721198,0.24362652405703647,-1.1454283625020152,-1.2252124996435267,0.9776754627450532,0.8631380036495095
4721,0.8203593639068253,-0.22318447382307077,-1.1454283625020152,1.7897856900703386,-0.8321774809935208,-0.409485245443436
4722,-1.4860534012115922,-1.0012028036232494,-0.6226357502986613,0.28228659521340604,0.9776754627450532,-0.409485245443436
4723,0.435957236387089,2.5776815134575726,0.42294947410804684,0.28228659521340604,-1.4354617955730455,0.8631380036495095
4724,0.05155510886735275,0.24362652405703647,-1.1454283625020152,-1.2252124996435267,0.9776754627450532,-0.409485245443436
4725,1.5891636189462977,0.8660411878971794,-1.1454283625020152,0.28228659521340604,-0.22889316641399612,0.8631380036495095
4726,-1.4860534012115922,-0.5343918057431423,-0.09984313809530719,-1.2252124996435267,-1.4354617955730455,0.8631380036495095
4727,0.05155510886735275,-0.37878813978310655,-0.6226357502986613,0.28228659521340604,0.9776754627450532,0.8631380036495095
4728,1.5891636189462977,0.24362652405703647,1.468534698514755,1.7897856900703386,-0.8321774809935208,0.8631380036495095
4729,0.8203593639068253,0.24362652405703647,1.468534698514755,-1.2252124996435267,0.9776754627450532,-0.409485245443436
4730,0.435957236387089,0.24362652405703647,-1.1454283625020152,0.28228659521340604,-0.22889316641399612,0.8631380036495095
4731,0.05155510886735275,0.24362652405703647,-0.6226357502986613,0.28228659521340604,-1.4354617955730455,0.8631380036495095
4732,1.5891636189462977,1.799663183657394,1.468534698514755,0.28228659521340604,-0.22889316641399612,0.8631380036495095
4733,-1.4860534012115922,2.422077847497537,1.468534698514755,0.28228659521340604,-1.4354617955730455,-1.6821084945363816
4734,-0.3328470186523835,1.4884558517373225,-1.1454283625020152,-1.2252124996435267,0.9776754627450532,0.8631380036495095
4735,-0.7172491461721198,-1.0012028036232494,-0.6226357502986613,0.28228659521340604,0.9776754627450532,0.8631380036495095
4736,0.435957236387089,-0.37878813978310655,-0.09984313809530719,0.28228659521340604,-1.4354617955730455,0.8631380036495095
4737,-0.3328470186523835,0.3992301900170722,1.468534698514755,0.28228659521340604,0.9776754627450532,0.8631380036495095
4738,0.8203593639068253,0.24362652405703647,-1.1454283625020152,1.7897856900703386,-0.8321774809935208,0.8631380036495095
4739,0.435957236387089,-0.22318447382307077,-0.09984313809530719,1.7897856900703386,-0.8321774809935208,0.8631380036495095
4740,0.05155510886735275,0.24362652405703647,-0.6226357502986613,0.28228659521340604,0.9776754627450532,-0.409485245443436
4741,-1.4860534012115922,-1.1568064695832854,-0.09984313809530719,1.7897856900703386,-0.8321774809935208,0.8631380036495095
4742,-1.8704555287313285,0.24362652405703647,-1.1454283625020152,-1.2252124996435267,0.37439114816552854,0.8631380036495095
4743,1.2047614914265614,-0.689995471703178,1.468534698514755,1.7897856900703386,-0.8321774809935208,0.8631380036495095
4744,0.435957236387089,0.24362652405703647,-1.1454283625020152,0.28228659521340604,-1.4354617955730455,0.8631380036495095
4745,-1.101651273691856,-1.1568064695832854,0.42294947410804684,-1.2252124996435267,-1.4354617955730455,-1.6821084945363816
4746,0.8203593639068253,0.24362652405703647,1.468534698514755,0.28228659521340604,0.9776754627450532,-1.6821084945363816
4747,-0.3328470186523835,1.4884558517373225,-1.1454283625020152,0.28228659521340604,0.9776754627450532,-0.409485245443436
4748,-1.4860534012115922,-1.0012028036232494,-0.09984313809530719,0.28228659521340604,-1.4354617955730455,-0.409485245443436
4749,1.2047614914265614,-0.689995471703178,1.468534698514755,0.28228659521340604,0.9776754627450532,-1.6821084945363816
4750,0.05155510886735275,-0.8455991376632138,1.468534698514755,0.28228659521340604,0.9776754627450532,-1.6821084945363816
4751,-1.8704555287313285,-1.0012028036232494,1.468534698514755,0.28228659521340604,-1.4354617955730455,0.8631380036495095
4752,-0.7172491461721198,0.24362652405703647,1.468534698514755,0.28228659521340604,-1.4354617955730455,0.8631380036495095
4753,-0.3328470186523835,-1.4680138015033568,-0.6226357502986613,1.7897856900703386,-0.8321774809935208,0.8631380036495095
4754,0.435957236387089,-1.4680138015033568,-0.6226357502986613,-1.2252124996435267,-1.4354617955730455,0.8631380036495095
4755,0.8203593639068253,0.24362652405703647,1.468534698514755,-1.2252124996435267,-0.22889316641399612,0.8631380036495095
4756,0.435957236387089,2.1108705155774654,-0.6226357502986613,0.28228659521340604,-0.22889316641399612,-0.409485245443436
4757,0.8203593639068253,0.24362652405703647,1.468534698514755,0.28228659521340604,-0.22889316641399612,0.8631380036495095
4758,1.2047614914265614,-0.22318447382307077,-0.09984313809530719,-1.2252124996435267,-1.4354617955730455,0.8631380036495095
4759,-1.8704555287313285,1.799663183657394,-1.1454283625020152,0.28228659521340604,-0.22889316641399612,0.8631380036495095
4760,0.8203593639068253,-0.22318447382307077,-0.6226357502986613,1.7897856900703386,-0.8321774809935208,0.8631380036495095
4761,0.8203593639068253,0.24362652405703647,-1.1454283625020152,-1.2252124996435267,0.9776754627450532,-0.409485245443436
4762,-0.3328470186523835,-1.4680138015033568,-0.09984313809530719,0.28228659521340604,-1.4354617955730455,0.8631380036495095
4763,-0.3328470186523835,-0.22318447382307077,-0.09984313809530719,0.28228659521340604,-1.4354617955730455,-0.409485245443436
4764,0.8203593639068253,0.24362652405703647,1.468534698514755,1.7897856900703386,-0.8321774809935208,0.8631380036495095
4765,-0.7172491461721198,0.24362652405703647,-1.1454283625020152,0.28228659521340604,-1.4354617955730455,0.8631380036495095
4766,0.435957236387089,-0.22318447382307077,-0.09984313809530719,-1.2252124996435267,0.9776754627450532,-1.6821084945363816
4767,0.435957236387089,-1.1568064695832854,-0.09984313809530719,1.7897856900703386,-0.8321774809935208,-1.6821084945363816
4768,0.435957236387089,-1.312410135543321,-0.6226357502986613,0.28228659521340604,0.9776754627450532,-1.6821084945363816
4769,0.8203593639068253,0.3992301900170722,1.468534698514755,1.7897856900703386,-0.8321774809935208,0.8631380036495095
4770,-1.4860534012115922,-1.1568064695832854,-0.09984313809530719,0.28228659521340604,0.9776754627450532,0.8631380036495095
4771,0.435957236387089,-0.37878813978310655,-0.6226357502986613,1.7897856900703386,-0.8321774809935208,0.8631380036495095
4772,0.8203593639068253,-0.22318447382307077,-0.6226357502986613,0.28228659521340604,-1.4354617955730455,-1.6821084945363816
4773,0.435957236387089,1.799663183657394,1.468534698514755,-1.2252124996435267,0.37439114816552854,-0.409485245443436
4774,-1.101651273691856,-0.5343918057431423,-0.6226357502986613,-1.2252124996435267,-1.4354617955730455,0.8631380036495095
4775,0.435957236387089,-1.1568064695832854,0.42294947410804684,-1.2252124996435267,-1.4354617955730455,-1.6821084945363816
4776,-1.8704555287313285,-0.37878813978310655,-0.6226357502986613,1.7897856900703386,-0.8321774809935208,0.8631380036495095
4777,0.05155510886735275,-1.0012028036232494,-0.09984313809530719,0.28228659521340604,0.9776754627450532,0.8631380036495095
4778,-0.3328470186523835,1.4884558517373225,-1.1454283625020152,0.28228659521340604,-1.4354617955730455,0.8631380036495095
4779,0.435957236387089,-1.1568064695832854,-0.09984313809530719,-1.2252124996435267,-1.4354617955730455,-1.6821084945363816
4780,0.8203593639068253,0.24362652405703647,-1.1454283625020152,0.28228659521340604,0.9776754627450532,0.8631380036495095
4781,1.5891636189462977,-1.1568064695832854,-0.09984313809530719,-1.2252124996435267,-1.4354617955730455,-0.409485245443436
4782,0.435957236387089,-1.0012028036232494,-0.6226357502986613,1.7897856900703386,-0.8321774809935208,0.8631380036495095
4783,1.5891636189462977,-0.22318447382307077,1.468534698514755,0.28228659521340604,-1.4354617955730455,-0.409485245443436
4784,0.05155510886735275,-0.5343918057431423,-0.09984313809530719,-1.2252124996435267,-1.4354617955730455,-1.6821084945363816
4785,-1.4860534012115922,-0.37878813978310655,-0.6226357502986613,-1.2252124996435267,-1.4354617955730455,-1.6821084945363816
4786,0.435957236387089,-1.312410135543321,-0.6226357502986613,-1.2252124996435267,-0.22889316641399612,0.8631380036495095
4787,0.435957236387089,2.5776815134575726,-0.6226357502986613,-1.2252124996435267,0.37439114816552854,-1.6821084945363816
4788,0.435957236387089,-1.0012028036232494,-0.6226357502986613,-1.2252124996435267,-1.4354617955730455,-1.6821084945363816
4789,-0.3328470186523835,-1.4680138015033568,-0.6226357502986613,-1.2252124996435267,-1.4354617955730455,-1.6821084945363816
4790,0.435957236387089,-1.4680138015033568,-0.6226357502986613,1.7897856900703386,-0.8321774809935208,0.8631380036495095
4791,0.05155510886735275,0.24362652405703647,-1.1454283625020152,0.28228659521340604,-1.4354617955730455,-0.409485245443436
4792,0.435957236387089,-1.312410135543321,-0.6226357502986613,0.28228659521340604,0.9776754627450532,-0.409485245443436
4793,-1.4860534012115922,1.799663183657394,1.468534698514755,0.28228659521340604,-0.22889316641399612,-0.409485245443436
4794,-1.8704555287313285,2.266474181537501,1.468534698514755,0.28228659521340604,-1.4354617955730455,0.8631380036495095
4795,0.435957236387089,1.799663183657394,1.468534698514755,-1.2252124996435267,0.9776754627450532,-1.6821084945363816
4796,1.5891636189462977,0.24362652405703647,-1.1454283625020152,0.28228659521340604,0.9776754627450532,0.8631380036495095
4797,1.5891636189462977,0.24362652405703647,-1.1454283625020152,-1.2252124996435267,0.9776754627450532,-0.409485245443436
4798,1.5891636189462977,0.24362652405703647,-1.1454283625020152,0.28228659521340604,-1.4354617955730455,0.8631380036495095
4799,-1.8704555287313285,0.8660411878971794,-1.1454283625020152,0.28228659521340604,-0.22889316641399612,0.8631380036495095
4800,1.5891636189462977,0.24362652405703647,-1.1454283625020152,0.28228659521340604,-1.4354617955730455,-1.6821084945363816
4801,-0.7172491461721198,-0.22318447382307077,1.468534698514755,-1.2252124996435267,-1.4354617955730455,-0.409485245443436
4802,-0.7172491461721198,0.8660411878971794,-1.1454283625020152,0.28228659521340604,0.9776754627450532,-0.409485245443436
4803,-1.4860534012115922,-1.0012028036232494,-0.6226357502986613,-1.2252124996435267,0.37439114816552854,-1.6821084945363816
4804,0.8203593639068253,0.3992301900170722,-1.1454283625020152,0.28228659521340604,0.9776754627450532,0.8631380036495095
4805,1.5891636189462977,0.24362652405703647,1.468534698514755,0.28228659521340604,0.9776754627450532,-1.6821084945363816
4806,0.435957236387089,-1.0012028036232494,-0.6226357502986613,0.28228659521340604,-1.4354617955730455,0.8631380036495095
4807,0.435957236387089,1.799663183657394,1.468534698514755,-1.2252124996435267,0.9776754627450532,-0.409485245443436
4808,-1.101651273691856,-0.22318447382307077,-0.6226357502986613,0.28228659521340604,-0.22889316641399612,-0.409485245443436
4809,0.435957236387089,-0.22318447382307077,-0.09984313809530719,-1.2252124996435267,-0.22889316641399612,0.8631380036495095
4810,-0.3328470186523835,2.7332851794176083,-0.6226357502986613,0.28228659521340604,-0.22889316641399612,-0.409485245443436
4811,0.435957236387089,2.5776815134575726,-0.6226357502986613,0.28228659521340604,-1.4354617955730455,-1.6821084945363816
4812,-0.7172491461721198,-1.0012028036232494,-0.6226357502986613,0.28228659521340604,0.9776754627450532,-0.409485245443436
4813,0.435957236387089,-1.1568064695832854,-0.09984313809530719,0.28228659521340604,0.9776754627450532,-0.409485245443436
4814,-1.101651273691856,-0.22318447382307077,-0.6226357502986613,0.28228659521340604,-0.22889316641399612,0.8631380036495095
4815,-1.101651273691856,-0.22318447382307077,-0.6226357502986613,-1.2252124996435267,0.9776754627450532,0.8631380036495095
4816,0.435957236387089,2.1108705155774654,1.468534698514755,0.28228659521340604,-1.4354617955730455,0.8631380036495095
4817,0.8203593639068253,-0.22318447382307077,-0.09984313809530719,1.7897856900703386,-0.8321774809935208,-1.6821084945363816
4818,0.435957236387089,-0.37878813978310655,-0.6226357502986613,0.28228659521340604,0.9776754627450532,-0.409485245443436
4819,0.435957236387089,0.7104375219371437,-1.1454283625020152,-1.2252124996435267,-0.22889316641399612,0.8631380036495095
4820,-1.8704555287313285,-1.0012028036232494,-0.6226357502986613,0.28228659521340604,-1.4354617955730455,0.8631380036495095
4821,-0.7172491461721198,0.24362652405703647,-1.1454283625020152,0.28228659521340604,-1.4354617955730455,0.8631380036495095
4822,0.8203593639068253,-0.22318447382307077,-0.6226357502986613,1.7897856900703386,-0.8321774809935208,-0.409485245443436
4823,0.8203593639068253,0.3992301900170722,1.468534698514755,0.28228659521340604,-1.4354617955730455,-1.6821084945363816
4824,-1.4860534012115922,-1.1568064695832854,-0.09984313809530719,1.7897856900703386,-0.8321774809935208,0.8631380036495095
4825,-0.3328470186523835,-1.1568064695832854,0.42294947410804684,1.7897856900703386,-0.8321774809935208,0.8631380036495095
4826,-0.7172491461721198,-0.22318447382307077,1.468534698514755,0.28228659521340604,0.9776754627450532,0.8631380036495095
4827,-1.101651273691856,-0.22318447382307077,-0.6226357502986613,0.28228659521340604,-1.4354617955730455,0.8631380036495095
4828,0.8203593639068253,-0.22318447382307077,1.468534698514755,0.28228659521340604,-1.4354617955730455,-1.6821084945363816
4829,-1.4860534012115922,-1.4680138015033568,-0.09984313809530719,1.7897856900703386,-0.8321774809935208,-0.409485245443436
4830,0.435957236387089,0.08802285809700072,0.42294947410804684,0.28228659521340604,0.9776754627450532,-1.6821084945363816
4831,0.435957236387089,-1.1568064695832854,-0.09984313809530719,0.28228659521340604,0.9776754627450532,0.8631380036495095
4832,1.5891636189462977,0.554833855977108,-1.1454283625020152,-1.2252124996435267,-1.4354617955730455,-0.409485245443436
4833,0.8203593639068253,0.24362652405703647,1.468534698514755,0.28228659521340604,0.9776754627450532,-1.6821084945363816
4834,0.05155510886735275,-1.1568064695832854,-0.09984313809530719,-1.2252124996435267,0.37439114816552854,-1.6821084945363816
4835,0.435957236387089,1.799663183657394,1.468534698514755,0.28228659521340604,0.9776754627450532,0.8631380036495095
4836,-0.3328470186523835,-1.1568064695832854,0.42294947410804684,0.28228659521340604,0.9776754627450532,-0.409485245443436
4837,0.8203593639068253,-0.5343918057431423,-0.6226357502986613,0.28228659521340604,0.9776754627450532,-1.6821084945363816
4838,-1.101651273691856,-0.22318447382307077,-0.6226357502986613,1.7897856900703386,-0.8321774809935208,0.8631380036495095
4839,0.8203593639068253,0.24362652405703647,-1.1454283625020152,-1.2252124996435267,-0.22889316641399612,0.8631380036495095
4840,0.435957236387089,-1.312410135543321,-0.6226357502986613,0.28228659521340604,-1.4354617955730455,-1.6821084945363816
4841,-1.8704555287313285,0.24362652405703647,-1.1454283625020152,1.7897856900703386,-0.8321774809935208,0.8631380036495095
4842,0.8203593639068253,0.3992301900170722,1.468534698514755,1.7897856900703386,-0.8321774809935208,-1.6821084945363816
4843,-1.8704555287313285,-1.6236174674633925,-0.6226357502986613,-1.2252124996435267,0.37439114816552854,0.8631380036495095
4844,1.5891636189462977,0.24362652405703647,1.468534698514755,1.7897856900703386,-0.8321774809935208,0.8631380036495095
4845,-0.7172491461721198,-1.1568064695832854,-0.09984313809530719,1.7897856900703386,-0.8321774809935208,0.8631380036495095
4846,1.5891636189462977,1.9552668496174297,-1.1454283625020152,1.7897856900703386,-0.8321774809935208,-1.6821084945363816
4847,0.435957236387089,0.24362652405703647,1.468534698514755,0.28228659521340604,0.9776754627450532,0.8631380036495095
4848,-0.3328470186523835,-1.1568064695832854,0.42294947410804684,0.28228659521340604,-1.4354617955730455,0.8631380036495095
4849,-0.7172491461721198,0.24362652405703647,-1.1454283625020152,1.7897856900703386,-0.8321774809935208,0.8631380036495095
4850,1.5891636189462977,-0.22318447382307077,1.468534698514755,0.28228659521340604,0.9776754627450532,-1.6821084945363816
4851,-1.4860534012115922,-0.5343918057431423,-0.09984313809530719,-1.2252124996435267,0.37439114816552854,-0.409485245443436
4852,1.5891636189462977,0.24362652405703647,-1.1454283625020152,0.28228659521340604,-1.4354617955730455,-0.409485245443436
4853,-1.101651273691856,-0.22318447382307077,-0.6226357502986613,0.28228659521340604,0.9776754627450532,-0.409485245443436
4854,0.05155510886735275,-1.1568064695832854,-0.09984313809530719,0.28228659521340604,0.9776754627450532,0.8631380036495095
4855,0.8203593639068253,0.24362652405703647,1.468534698514755,-1.2252124996435267,0.37439114816552854,0.8631380036495095
4856,0.435957236387089,2.5776815134575726,0.42294947410804684,0.28228659521340604,0.9776754627450532,-0.409485245443436
4857,-1.8704555287313285,-1.0012028036232494,-0.6226357502986613,-1.2252124996435267,-1.4354617955730455,0.8631380036495095
4858,-1.101651273691856,-1.1568064695832854,-0.09984313809530719,0.28228659521340604,-0.22889316641399612,-0.409485245443436
4859,-1.4860534012115922,-0.5343918057431423,-0.09984313809530719,-1.2252124996435267,0.9776754627450532,0.8631380036495095
4860,1.5891636189462977,-0.22318447382307077,-0.09984313809530719,0.28228659521340604,0.9776754627450532,0.8631380036495095
4861,-1.101651273691856,0.24362652405703647,-1.1454283625020152,-1.2252124996435267,0.37439114816552854,-1.6821084945363816
4862,1.2047614914265614,-0.689995471703178,1.468534698514755,0.28228659521340604,-1.4354617955730455,-1.6821084945363816
4863,-1.8704555287313285,1.799663183657394,-1.1454283625020152,1.7897856900703386,-0.8321774809935208,0.8631380036495095
4864,0.435957236387089,-0.22318447382307077,-0.09984313809530719,-1.2252124996435267,0.9776754627450532,-0.409485245443436
4865,0.435957236387089,0.8660411878971794,1.468534698514755,-1.2252124996435267,0.9776754627450532,-0.409485245443436
4866,-1.8704555287313285,-1.0012028036232494,-0.6226357502986613,-1.2252124996435267,0.9776754627450532,0.8631380036495095
4867,1.5891636189462977,-0.22318447382307077,-0.09984313809530719,0.28228659521340604,0.9776754627450532,0.8631380036495095
4868,0.8203593639068253,0.24362652405703647,-1.1454283625020152,-1.2252124996435267,0.9776754627450532,0.8631380036495095
4869,-1.8704555287313285,-0.37878813978310655,-0.6226357502986613,-1.2252124996435267,-1.4354617955730455,0.8631380036495095
4870,-1.101651273691856,1.0216448538572152,1.468534698514755,0.28228659521340604,0.9776754627450532,0.8631380036495095
4871,1.2047614914265614,-0.689995471703178,1.468534698514755,-1.2252124996435267,0.9776754627450532,-0.409485245443436
4872,-0.3328470186523835,-1.4680138015033568,-0.6226357502986613,-1.2252124996435267,0.37439114816552854,-0.409485245443436
4873,0.8203593639068253,0.24362652405703647,1.468534698514755,-1.2252124996435267,0.9776754627450532,0.8631380036495095
4874,1.5891636189462977,0.554833855977108,-1.1454283625020152,0.28228659521340604,-1.4354617955730455,0.8631380036495095
4875,0.8203593639068253,-0.22318447382307077,-0.6226357502986613,-1.2252124996435267,0.9776754627450532,0.8631380036495095
4876,0.435957236387089,-1.7792211334234282,1.468534698514755,0.28228659521340604,-0.22889316641399612,0.8631380036495095
4877,0.8203593639068253,-0.22318447382307077,-0.6226357502986613,0.28228659521340604,0.9776754627450532,-1.6821084945363816
4878,0.8203593639068253,-0.22318447382307077,-0.6226357502986613,0.28228659521340604,0.9776754627450532,0.8631380036495095
4879,-1.101651273691856,0.24362652405703647,-1.1454283625020152,-1.2252124996435267,-1.4354617955730455,-1.6821084945363816
4880,1.2047614914265614,-0.22318447382307077,-0.09984313809530719,-1.2252124996435267,0.9776754627450532,0.8631380036495095
4881,-0.7172491461721198,-1.0012028036232494,-0.09984313809530719,0.28228659521340604,-1.4354617955730455,-1.6821084945363816
4882,1.5891636189462977,1.799663183657394,1.468534698514755,-1.2252124996435267,-1.4354617955730455,-0.409485245443436
4883,0.435957236387089,-1.7792211334234282,1.468534698514755,-1.2252124996435267,0.37439114816552854,-1.6821084945363816
4884,0.8203593639068253,-0.22318447382307077,-0.09984313809530719,0.28228659521340604,0.9776754627450532,0.8631380036495095
4885,1.5891636189462977,0.8660411878971794,1.468534698514755,0.28228659521340604,0.9776754627450532,-1.6821084945363816
4886,0.435957236387089,-0.5343918057431423,0.42294947410804684,0.28228659521340604,-0.22889316641399612,-0.409485245443436
4887,1.5891636189462977,-1.1568064695832854,0.42294947410804684,-1.2252124996435267,-1.4354617955730455,-0.409485245443436
4888,1.5891636189462977,1.799663183657394,1.468534698514755,0.28228659521340604,0.9776754627450532,0.8631380036495095
4889,0.05155510886735275,0.24362652405703647,1.468534698514755,-1.2252124996435267,0.9776754627450532,-0.409485245443436
4890,0.435957236387089,-1.4680138015033568,-0.6226357502986613,1.7897856900703386,-0.8321774809935208,-1.6821084945363816
4891,-0.3328470186523835,-1.0012028036232494,-0.09984313809530719,0.28228659521340604,-1.4354617955730455,-0.409485245443436
4892,0.435957236387089,-1.0012028036232494,-0.6226357502986613,0.28228659521340604,0.9776754627450532,0.8631380036495095
4893,0.8203593639068253,0.3992301900170722,1.468534698514755,0.28228659521340604,-1.4354617955730455,-1.6821084945363816
4894,0.8203593639068253,-0.22318447382307077,-0.6226357502986613,0.28228659521340604,0.9776754627450532,0.8631380036495095
4895,0.8203593639068253,0.24362652405703647,-1.1454283625020152,-1.2252124996435267,0.37439114816552854,-0.409485245443436
4896,0.8203593639068253,-0.22318447382307077,-0.6226357502986613,-1.2252124996435267,0.9776754627450532,0.8631380036495095
4897,-0.7172491461721198,-0.22318447382307077,1.468534698514755,-1.2252124996435267,0.9776754627450532,-0.409485245443436
4898,-1.101651273691856,-0.5343918057431423,-0.6226357502986613,0.28228659521340604,-1.4354617955730455,-0.409485245443436
4899,0.435957236387089,-1.0012028036232494,-0.6226357502986613,0.28228659521340604,-0.22889316641399612,0.8631380036495095
4900,-1.4860534012115922,-0.22318447382307077,1.468534698514755,0.28228659521340604,-1.4354617955730455,-0.409485245443436
4901,0.435957236387089,-0.22318447382307077,-0.6226357502986613,1.7897856900703386,-0.8321774809935208,0.8631380036495095
4902,-0.3328470186523835,1.4884558517373225,-1.1454283625020152,-1.2252124996435267,-0.22889316641399612,0.8631380036495095
4903,0.435957236387089,-0.22318447382307077,-0.09984313809530719,-1.2252124996435267,0.9776754627450532,-1.6821084945363816
4904,-0.3328470186523835,0.24362652405703647,1.468534698514755,-1.2252124996435267,0.9776754627450532,-0.409485245443436
4905,0.8203593639068253,-0.22318447382307077,-1.1454283625020152,0.28228659521340604,-1.4354617955730455,-1.6821084945363816
4906,0.435957236387089,0.7104375219371437,-1.1454283625020152,-1.2252124996435267,0.9776754627450532,-1.6821084945363816
4907,0.435957236387089,-0.22318447382307077,-0.6226357502986613,-1.2252124996435267,0.9776754627450532,-0.409485245443436
4908,-1.101651273691856,0.8660411878971794,-1.1454283625020152,1.7897856900703386,-0.8321774809935208,0.8631380036495095
4909,-1.4860534012115922,-1.0012028036232494,-0.6226357502986613,1.7897856900703386,-0.8321774809935208,0.8631380036495095
4910,0.8203593639068253,0.3992301900170722,-1.1454283625020152,0.28228659521340604,-0.22889316641399612,0.8631380036495095
4911,-1.8704555287313285,-0.37878813978310655,-0.6226357502986613,1.7897856900703386,-0.8321774809935208,0.8631380036495095
4912,0.435957236387089,1.799663183657394,1.468534698514755,1.7897856900703386,-0.8321774809935208,0.8631380036495095
4913,0.8203593639068253,-0.22318447382307077,-1.1454283625020152,-1.2252124996435267,0.37439114816552854,-0.409485245443436
4914,0.8203593639068253,0.24362652405703647,-1.1454283625020152,-1.2252124996435267,0.9776754627450532,-0.409485245443436
4915,-0.3328470186523835,-1.4680138015033568,-0.09984313809530719,-1.2252124996435267,-1.4354617955730455,-1.6821084945363816
4916,0.8203593639068253,-0.5343918057431423,-0.6226357502986613,-1.2252124996435267,0.37439114816552854,0.8631380036495095
4917,0.8203593639068253,0.24362652405703647,-1.1454283625020152,1.7897856900703386,-0.8321774809935208,0.8631380036495095
4918,-1.101651273691856,0.24362652405703647,1.468534698514755,0.28228659521340604,0.9776754627450532,-1.6821084945363816
4919,0.8203593639068253,-0.22318447382307077,-0.6226357502986613,0.28228659521340604,-0.22889316641399612,0.8631380036495095
4920,0.435957236387089,1.799663183657394,1.468534698514755,0.28228659521340604,0.9776754627450532,0.8631380036495095
4921,0.8203593639068253,-0.5343918057431423,-0.6226357502986613,0.28228659521340604,0.9776754627450532,-1.6821084945363816
4922,-0.3328470186523835,-1.0012028036232494,-0.09984313809530719,-1.2252124996435267,0.9776754627450532,-1.6821084945363816
4923,0.8203593639068253,-0.22318447382307077,-0.09984313809530719,0.28228659521340604,0.9776754627450532,-1.6821084945363816
4924,0.435957236387089,-0.22318447382307077,-0.09984313809530719,0.28228659521340604,0.9776754627450532,0.8631380036495095
4925,1.2047614914265614,-0.689995471703178,1.468534698514755,-1.2252124996435267,-1.4354617955730455,-1.6821084945363816
4926,-1.4860534012115922,-1.1568064695832854,-0.09984313809530719,0.28228659521340604,-1.4354617955730455,-0.409485245443436
4927,-0.7172491461721198,0.24362652405703647,-1.1454283625020152,0.28228659521340604,0.9776754627450532,0.8631380036495095
4928,0.8203593639068253,-0.22318447382307077,-0.6226357502986613,-1.2252124996435267,0.9776754627450532,0.8631380036495095
4929,-1.8704555287313285,-1.0012028036232494,1.468534698514755,0.28228659521340604,0.9776754627450532,0.8631380036495095
4930,-1.101651273691856,0.24362652405703647,-1.1454283625020152,0.28228659521340604,0.9776754627450532,0.8631380036495095
4931,0.435957236387089,-1.312410135543321,-0.6226357502986613,0.28228659521340604,-1.4354617955730455,-0.409485245443436
4932,1.5891636189462977,0.8660411878971794,1.468534698514755,-1.2252124996435267,0.9776754627450532,-0.409485245443436
4933,1.5891636189462977,1.799663183657394,1.468534698514755,0.28228659521340604,-1.4354617955730455,-1.6821084945363816
4934,0.435957236387089,-0.22318447382307077,-0.09984313809530719,0.28228659521340604,-0.22889316641399612,-0.409485245443436
4935,0.05155510886735275,1.799663183657394,-1.1454283625020152,0.28228659521340604,-1.4354617955730455,-0.409485245443436
4936,0.435957236387089,0.7104375219371437,1.468534698514755,0.28228659521340604,0.9776754627450532,0.8631380036495095
4937,0.435957236387089,-1.1568064695832854,-0.09984313809530719,-1.2252124996435267,0.9776754627450532,-1.6821084945363816
4938,-0.3328470186523835,-1.1568064695832854,0.42294947410804684,0.28228659521340604,0.9776754627450532,0.8631380036495095
4939,0.8203593639068253,0.24362652405703647,1.468534698514755,0.28228659521340604,0.9776754627450532,0.8631380036495095
4940,0.435957236387089,0.24362652405703647,1.468534698514755,0.28228659521340604,0.9776754627450532,0.8631380036495095
4941,-0.3328470186523835,0.24362652405703647,1.468534698514755,0.28228659521340604,0.9776754627450532,0.8631380036495095
4942,-0.7172491461721198,-0.06758080786303503,-0.6226357502986613,0.28228659521340604,-0.22889316641399612,0.8631380036495095
4943,-0.3328470186523835,-0.22318447382307077,-0.09984313809530719,-1.2252124996435267,-1.4354617955730455,-1.6821084945363816
4944,-1.4860534012115922,-1.0012028036232494,-0.6226357502986613,1.7897856900703386,-0.8321774809935208,-0.409485245443436
4945,0.435957236387089,-0.22318447382307077,-0.6226357502986613,-1.2252124996435267,-1.4354617955730455,-1.6821084945363816
4946,-1.4860534012115922,-1.1568064695832854,-0.09984313809530719,-1.2252124996435267,0.37439114816552854,-1.6821084945363816
4947,-1.4860534012115922,-1.1568064695832854,-0.09984313809530719,-1.2252124996435267,0.9776754627450532,0.8631380036495095
4948,0.05155510886735275,0.24362652405703647,-0.6226357502986613,0.28228659521340604,-1.4354617955730455,-0.409485245443436
4949,-1.4860534012115922,-1.1568064695832854,-0.6226357502986613,0.28228659521340604,-1.4354617955730455,-1.6821084945363816
4950,0.05155510886735275,1.3328521857772866,1.468534698514755,0.28228659521340604,0.9776754627450532,-0.409485245443436
4951,0.8203593639068253,0.24362652405703647,1.468534698514755,-1.2252124996435267,0.9776754627450532,-0.409485245443436
4952,-0.7172491461721198,-1.0012028036232494,-0.6226357502986613,0.28228659521340604,-1.4354617955730455,-1.6821084945363816
4953,-1.4860534012115922,-0.37878813978310655,-0.6226357502986613,0.28228659521340604,0.9776754627450532,0.8631380036495095
4954,-1.4860534012115922,0.8660411878971794,1.468534698514755,1.7897856900703386,-0.8321774809935208,-0.409485245443436
4955,0.435957236387089,0.8660411878971794,1.468534698514755,0.28228659521340604,-1.4354617955730455,0.8631380036495095
4956,-1.101651273691856,-0.22318447382307077,-0.6226357502986613,0.28228659521340604,0.9776754627450532,0.8631380036495095
4957,-1.4860534012115922,-1.1568064695832854,0.42294947410804684,-1.2252124996435267,0.37439114816552854,-0.409485245443436
4958,0.05155510886735275,-1.0012028036232494,-0.09984313809530719,0.28228659521340604,0.9776754627450532,0.8631380036495095
4959,0.8203593639068253,0.24362652405703647,1.468534698514755,1.7897856900703386,-0.8321774809935208,0.8631380036495095
4960,0.8203593639068253,-0.22318447382307077,-0.6226357502986613,1.7897856900703386,-0.8321774809935208,-0.409485245443436
4961,0.05155510886735275,-1.0012028036232494,-0.09984313809530719,1.7897856900703386,-0.8321774809935208,0.8631380036495095
4962,-1.101651273691856,0.24362652405703647,1.468534698514755,0.28228659521340604,-0.22889316641399612,0.8631380036495095
4963,0.435957236387089,-1.312410135543321,-0.6226357502986613,-1.2252124996435267,-0.22889316641399612,0.8631380036495095
4964,0.05155510886735275,-0.5343918057431423,-0.09984313809530719,1.7897856900703386,-0.8321774809935208,0.8631380036495095
4965,-0.3328470186523835,-1.4680138015033568,-0.6226357502986613,1.7897856900703386,-0.8321774809935208,0.8631380036495095
4966,1.5891636189462977,0.24362652405703647,1.468534698514755,0.28228659521340604,0.9776754627450532,0.8631380036495095
4967,-0.7172491461721198,0.24362652405703647,-1.1454283625020152,0.28228659521340604,0.9776754627450532,0.8631380036495095
4968,1.5891636189462977,0.554833855977108,-1.1454283625020152,0.28228659521340604,0.9776754627450532,0.8631380036495095
4969,0.8203593639068253,0.8660411878971794,-1.1454283625020152,0.28228659521340604,-0.22889316641399612,0.8631380036495095
4970,0.435957236387089,2.5776815134575726,-0.6226357502986613,0.28228659521340604,0.9776754627450532,-0.409485245443436
4971,1.2047614914265614,-0.22318447382307077,-0.09984313809530719,-1.2252124996435267,0.9776754627450532,-0.409485245443436
4972,0.05155510886735275,-1.1568064695832854,-0.09984313809530719,0.28228659521340604,0.9776754627450532,0.8631380036495095
4973,-1.4860534012115922,1.799663183657394,1.468534698514755,0.28228659521340604,-1.4354617955730455,0.8631380036495095
4974,0.435957236387089,1.799663183657394,1.468534698514755,-1.2252124996435267,0.9776754627450532,0.8631380036495095
4975,0.435957236387089,-0.5343918057431423,-0.09984313809530719,0.28228659521340604,-0.22889316641399612,0.8631380036495095
4976,-1.4860534012115922,-1.0012028036232494,-0.6226357502986613,0.28228659521340604,-1.4354617955730455,-1.6821084945363816
4977,0.435957236387089,-1.7792211334234282,-0.09984313809530719,-1.2252124996435267,0.9776754627450532,-0.409485245443436
4978,0.8203593639068253,0.24362652405703647,-1.1454283625020152,-1.2252124996435267,-1.4354617955730455,-1.6821084945363816
4979,-1.4860534012115922,-0.5343918057431423,-0.09984313809530719,-1.2252124996435267,0.9776754627450532,-0.409485245443436
4980,0.435957236387089,2.1108705155774654,-0.6226357502986613,0.28228659521340604,-1.4354617955730455,-0.409485245443436
4981,0.435957236387089,-1.0012028036232494,-0.6226357502986613,0.28228659521340604,-1.4354617955730455,-0.409485245443436
4982,0.435957236387089,2.1108705155774654,-0.09984313809530719,0.28228659521340604,0.9776754627450532,0.8631380036495095
4983,-1.4860534012115922,-1.1568064695832854,-0.09984313809530719,-1.2252124996435267,-1.4354617955730455,-1.6821084945363816
4984,-1.8704555287313285,-0.37878813978310655,-0.6226357502986613,0.28228659521340604,-1.4354617955730455,0.8631380036495095
4985,0.435957236387089,2.1108705155774654,-0.09984313809530719,0.28228659521340604,0.9776754627450532,0.8631380036495095
4986,0.435957236387089,-1.0012028036232494,-0.6226357502986613,1.7897856900703386,-0.8321774809935208,0.8631380036495095
4987,0.435957236387089,-0.37878813978310655,-0.09984313809530719,-1.2252124996435267,0.37439114816552854,-1.6821084945363816
4988,-1.101651273691856,-0.22318447382307077,-0.6226357502986613,-1.2252124996435267,-1.4354617955730455,0.8631380036495095
4989,0.435957236387089,-1.1568064695832854,-0.6226357502986613,1.7897856900703386,-0.8321774809935208,0.8631380036495095
4990,0.435957236387089,1.799663183657394,1.468534698514755,0.28228659521340604,0.9776754627450532,-0.409485245443436
4991,-1.8704555287313285,-1.0012028036232494,1.468534698514755,-1.2252124996435267,-1.4354617955730455,0.8631380036495095
4992,0.435957236387089,2.1108705155774654,-0.09984313809530719,0.28228659521340604,-1.4354617955730455,-1.6821084945363816
4993,1.5891636189462977,-0.22318447382307077,-0.09984313809530719,0.28228659521340604,-1.4354617955730455,-0.409485245443436
4994,0.435957236387089,0.24362652405703647,-1.1454283625020152,-1.2252124996435267,-1.4354617955730455,-1.6821084945363816
4995,1.5891636189462977,0.8660411878971794,-1.1454283625020152,1.7897856900703386,-0.8321774809935208,0.8631380036495095
4996,-0.7172491461721198,-1.0012028036232494,-0.09984313809530719,0.28228659521340604,0.9776754627450532,-0.409485245443436
4997,-1.4860534012115922,-1.1568064695832854,-0.09984313809530719,0.28228659521340604,-0.22889316641399612,-0.409485245443436
4998,1.2047614914265614,-0.689995471703178,1.468534698514755,0.28228659521340604,-1.4354617955730455,-0.409485245443436
4999,0.05155510886735275,0.8660411878971794,1.468534698514755,0.28228659521340604,-1.4354617955730455,-0.409485245443436
5000,0.8203593639068253,-0.5343918057431423,-0.6226357502986613,0.28228659521340604,0.9776754627450532,0.8631380036495095
5001,-1.101651273691856,0.24362652405703647,1.468534698514755,0.28228659521340604,-1.4354617955730455,0.8631380036495095
5002,-0.7172491461721198,-0.06758080786303503,1.468534698514755,0.28228659521340604,0.9776754627450532,-0.409485245443436
5003,1.5891636189462977,0.8660411878971794,-1.1454283625020152,-1.2252124996435267,0.9776754627450532,-1.6821084945363816
5004,-1.101651273691856,-1.4680138015033568,-0.09984313809530719,-1.2252124996435267,0.9776754627450532,-1.6821084945363816
5005,-1.4860534012115922,-1.0012028036232494,-0.6226357502986613,-1.2252124996435267,-0.22889316641399612,-0.409485245443436
5006,0.435957236387089,-1.1568064695832854,-0.6226357502986613,-1.2252124996435267,0.9776754627450532,-1.6821084945363816
5007,-1.101651273691856,0.24362652405703647,-1.1454283625020152,-1.2252124996435267,-1.4354617955730455,-1.6821084945363816
5008,1.2047614914265614,-0.22318447382307077,-0.09984313809530719,0.28228659521340604,-0.22889316641399612,-0.409485245443436
5009,0.8203593639068253,-1.1568064695832854,-0.09984313809530719,-1.2252124996435267,-0.22889316641399612,0.8631380036495095
5010,0.8203593639068253,0.8660411878971794,1.468534698514755,0.28228659521340604,0.9776754627450532,-1.6821084945363816
5011,0.8203593639068253,-0.22318447382307077,-0.6226357502986613,0.28228659521340604,0.9776754627450532,-1.6821084945363816
5012,0.435957236387089,-1.312410135543321,-0.6226357502986613,0.28228659521340604,-0.22889316641399612,-0.409485245443436
5013,1.5891636189462977,0.8660411878971794,1.468534698514755,-1.2252124996435267,0.37439114816552854,-0.409485245443436
5014,0.435957236387089,0.8660411878971794,1.468534698514755,0.28228659521340604,-1.4354617955730455,-0.409485245443436
5015,0.8203593639068253,-0.22318447382307077,0.42294947410804684,-1.2252124996435267,0.9776754627450532,0.8631380036495095
5016,0.8203593639068253,0.24362652405703647,-1.1454283625020152,0.28228659521340604,-1.4354617955730455,-1.6821084945363816
5017,-0.7172491461721198,-1.1568064695832854,-0.09984313809530719,1.7897856900703386,-0.8321774809935208,0.8631380036495095
5018,1.5891636189462977,0.24362652405703647,-1.1454283625020152,0.28228659521340604,-1.4354617955730455,-1.6821084945363816
5019,0.435957236387089,2.1108705155774654,-0.6226357502986613,0.28228659521340604,0.9776754627450532,0.8631380036495095
5020,0.8203593639068253,0.24362652405703647,-1.1454283625020152,0.28228659521340604,0.9776754627450532,-1.6821084945363816
5021,-1.8704555287313285,-1.0012028036232494,-0.6226357502986613,0.28228659521340604,-1.4354617955730455,0.8631380036495095
5022,-1.4860534012115922,-1.4680138015033568,-0.09984313809530719,-1.2252124996435267,0.37439114816552854,-1.6821084945363816
5023,-0.7172491461721198,0.24362652405703647,-1.1454283625020152,-1.2252124996435267,0.9776754627450532,0.8631380036495095
5024,1.5891636189462977,0.24362652405703647,1.468534698514755,0.28228659521340604,0.9776754627450532,0.8631380036495095
5025,-1.101651273691856,0.24362652405703647,1.468534698514755,0.28228659521340604,0.9776754627450532,-0.409485245443436
5026,-0.7172491461721198,-0.06758080786303503,1.468534698514755,1.7897856900703386,-0.8321774809935208,0.8631380036495095
5027,1.5891636189462977,0.8660411878971794,1.468534698514755,1.7897856900703386,-0.8321774809935208,-1.6821084945363816
5028,0.435957236387089,-0.37878813978310655,-0.6226357502986613,0.28228659521340604,0.9776754627450532,0.8631380036495095
5029,-1.4860534012115922,-1.1568064695832854,-0.09984313809530719,0.28228659521340604,0.9776754627450532,0.8631380036495095
5030,-0.7172491461721198,0.24362652405703647,-1.1454283625020152,0.28228659521340604,0.9776754627450532,-0.409485245443436
5031,0.05155510886735275,0.24362652405703647,-1.1454283625020152,0.28228659521340604,-0.22889316641399612,0.8631380036495095
5032,-0.3328470186523835,-1.0012028036232494,-0.6226357502986613,0.28228659521340604,-0.22889316641399612,-0.409485245443436
5033,0.435957236387089,-1.312410135543321,-0.6226357502986613,0.28228659521340604,0.9776754627450532,-0.409485245443436
5034,0.435957236387089,-0.22318447382307077,-0.09984313809530719,-1.2252124996435267,-0.22889316641399612,0.8631380036495095
5035,-1.4860534012115922,-1.0012028036232494,-0.6226357502986613,0.28228659521340604,-0.22889316641399612,-0.409485245443436
5036,0.8203593639068253,-0.22318447382307077,-0.6226357502986613,0.28228659521340604,0.9776754627450532,0.8631380036495095
5037,-1.4860534012115922,-1.0012028036232494,-0.6226357502986613,1.7897856900703386,-0.8321774809935208,0.8631380036495095
5038,-1.8704555287313285,2.266474181537501,1.468534698514755,1.7897856900703386,-0.8321774809935208,0.8631380036495095
5039,1.5891636189462977,0.24362652405703647,1.468534698514755,0.28228659521340604,0.9776754627450532,-1.6821084945363816
5040,1.5891636189462977,0.554833855977108,-1.1454283625020152,0.28228659521340604,-1.4354617955730455,-1.6821084945363816
5041,-1.8704555287313285,-1.6236174674633925,-0.6226357502986613,0.28228659521340604,0.9776754627450532,0.8631380036495095
5042,-1.8704555287313285,-1.0012028036232494,1.468534698514755,1.7897856900703386,-0.8321774809935208,0.8631380036495095
5043,0.435957236387089,-1.1568064695832854,-0.6226357502986613,0.28228659521340604,-1.4354617955730455,0.8631380036495095
5044,-1.8704555287313285,2.266474181537501,1.468534698514755,1.7897856900703386,-0.8321774809935208,0.8631380036495095
5045,0.8203593639068253,0.24362652405703647,1.468534698514755,-1.2252124996435267,-1.4354617955730455,-1.6821084945363816
5046,0.435957236387089,-0.37878813978310655,-0.6226357502986613,0.28228659521340604,-0.22889316641399612,-0.409485245443436
5047,-1.8704555287313285,0.8660411878971794,-1.1454283625020152,0.28228659521340604,-0.22889316641399612,0.8631380036495095
5048,-1.4860534012115922,-1.1568064695832854,-0.09984313809530719,-1.2252124996435267,0.9776754627450532,-0.409485245443436
5049,0.435957236387089,0.24362652405703647,-1.1454283625020152,0.28228659521340604,-1.4354617955730455,0.8631380036495095
5050,1.5891636189462977,0.24362652405703647,-1.1454283625020152,0.28228659521340604,-1.4354617955730455,0.8631380036495095
5051,0.05155510886735275,-1.1568064695832854,-0.09984313809530719,1.7897856900703386,-0.8321774809935208,-0.409485245443436
5052,1.5891636189462977,-0.22318447382307077,-0.09984313809530719,1.7897856900703386,-0.8321774809935208,0.8631380036495095
5053,-1.101651273691856,0.24362652405703647,1.468534698514755,0.28228659521340604,0.9776754627450532,-0.409485245443436
5054,0.435957236387089,0.8660411878971794,1.468534698514755,-1.2252124996435267,-1.4354617955730455,-1.6821084945363816
5055,-1.101651273691856,0.24362652405703647,1.468534698514755,-1.2252124996435267,-0.22889316641399612,-0.409485245443436
5056,0.435957236387089,-1.312410135543321,-0.6226357502986613,0.28228659521340604,0.9776754627450532,0.8631380036495095
5057,0.8203593639068253,0.24362652405703647,-1.1454283625020152,0.28228659521340604,0.9776754627450532,-1.6821084945363816
5058,0.435957236387089,-1.1568064695832854,-0.09984313809530719,0.28228659521340604,-1.4354617955730455,-0.409485245443436
5059,1.5891636189462977,-1.1568064695832854,0.42294947410804684,-1.2252124996435267,0.9776754627450532,-0.409485245443436
5060,0.435957236387089,-0.22318447382307077,-0.09984313809530719,0.28228659521340604,0.9776754627450532,0.8631380036495095
5061,-1.101651273691856,-1.4680138015033568,-0.09984313809530719,0.28228659521340604,-0.22889316641399612,-0.409485245443436
5062,0.8203593639068253,-0.22318447382307077,-1.1454283625020152,0.28228659521340604,0.9776754627450532,0.8631380036495095
5063,0.435957236387089,2.1108705155774654,-0.6226357502986613,0.28228659521340604,-1.4354617955730455,-0.409485245443436
5064,-0.3328470186523835,0.24362652405703647,1.468534698514755,-1.2252124996435267,0.37439114816552854,-0.409485245443436
5065,0.05155510886735275,0.24362652405703647,-1.1454283625020152,0.28228659521340604,0.9776754627450532,0.8631380036495095
5066,-1.4860534012115922,-1.1568064695832854,-0.09984313809530719,0.28228659521340604,0.9776754627450532,0.8631380036495095
5067,0.435957236387089,2.266474181537501,-1.1454283625020152,-1.2252124996435267,0.37439114816552854,-0.409485245443436
5068,1.5891636189462977,-0.22318447382307077,-0.09984313809530719,0.28228659521340604,-0.22889316641399612,0.8631380036495095
5069,0.8203593639068253,0.24362652405703647,1.468534698514755,0.28228659521340604,0.9776754627450532,0.8631380036495095
5070,0.8203593639068253,-0.22318447382307077,-0.6226357502986613,0.28228659521340604,0.9776754627450532,-1.6821084945363816
5071,0.8203593639068253,-1.1568064695832854,-0.09984313809530719,0.28228659521340604,-1.4354617955730455,-1.6821084945363816
5072,-1.4860534012115922,0.8660411878971794,1.468534698514755,0.28228659521340604,-0.22889316641399612,-0.409485245443436
5073,0.8203593639068253,-0.22318447382307077,-1.1454283625020152,-1.2252124996435267,0.9776754627450532,0.8631380036495095
5074,-1.101651273691856,-0.22318447382307077,-0.6226357502986613,0.28228659521340604,-1.4354617955730455,0.8631380036495095
5075,0.8203593639068253,0.24362652405703647,-1.1454283625020152,-1.2252124996435267,0.37439114816552854,0.8631380036495095
5076,0.8203593639068253,-0.22318447382307077,0.42294947410804684,0.28228659521340604,0.9776754627450532,0.8631380036495095
5077,0.05155510886735275,-1.1568064695832854,-0.09984313809530719,-1.2252124996435267,0.9776754627450532,-0.409485245443436
5078,0.05155510886735275,-0.37878813978310655,-0.6226357502986613,0.28228659521340604,-0.22889316641399612,0.8631380036495095
5079,-0.3328470186523835,-1.4680138015033568,-0.6226357502986613,0.28228659521340604,0.9776754627450532,0.8631380036495095
5080,-1.101651273691856,0.24362652405703647,-1.1454283625020152,-1.2252124996435267,0.37439114816552854,0.8631380036495095
5081,0.435957236387089,0.7104375219371437,-1.1454283625020152,0.28228659521340604,-1.4354617955730455,0.8631380036495095
5082,-0.3328470186523835,0.24362652405703647,1.468534698514755,0.28228659521340604,0.9776754627450532,-0.409485245443436
5083,-1.101651273691856,0.24362652405703647,-1.1454283625020152,1.7897856900703386,-0.8321774809935208,0.8631380036495095
5084,0.435957236387089,0.08802285809700072,0.42294947410804684,1.7897856900703386,-0.8321774809935208,0.8631380036495095
5085,-1.101651273691856,-1.1568064695832854,-0.09984313809530719,0.28228659521340604,0.9776754627450532,0.8631380036495095
5086,-1.101651273691856,0.24362652405703647,-1.1454283625020152,1.7897856900703386,-0.8321774809935208,0.8631380036495095
5087,0.435957236387089,-0.22318447382307077,-0.09984313809530719,-1.2252124996435267,0.9776754627450532,0.8631380036495095
5088,-1.4860534012115922,-0.5343918057431423,-0.09984313809530719,0.28228659521340604,-1.4354617955730455,-0.409485245443436
5089,-1.4860534012115922,2.422077847497537,1.468534698514755,-1.2252124996435267,-1.4354617955730455,0.8631380036495095
5090,0.8203593639068253,-0.22318447382307077,-0.6226357502986613,1.7897856900703386,-0.8321774809935208,-0.409485245443436
5091,-1.8704555287313285,2.266474181537501,1.468534698514755,-1.2252124996435267,-1.4354617955730455,0.8631380036495095
5092,0.8203593639068253,0.24362652405703647,-1.1454283625020152,1.7897856900703386,-0.8321774809935208,-0.409485245443436
5093,0.435957236387089,-1.7792211334234282,-0.09984313809530719,-1.2252124996435267,0.9776754627450532,-1.6821084945363816
5094,0.8203593639068253,0.24362652405703647,-1.1454283625020152,0.28228659521340604,0.9776754627450532,0.8631380036495095
5095,0.8203593639068253,-0.22318447382307077,-0.6226357502986613,1.7897856900703386,-0.8321774809935208,0.8631380036495095
5096,-1.101651273691856,-1.0012028036232494,-0.09984313809530719,-1.2252124996435267,-1.4354617955730455,-1.6821084945363816
5097,-1.8704555287313285,-1.0012028036232494,1.468534698514755,0.28228659521340604,0.9776754627450532,0.8631380036495095
5098,0.8203593639068253,0.8660411878971794,-1.1454283625020152,1.7897856900703386,-0.8321774809935208,0.8631380036495095
5099,0.435957236387089,2.1108705155774654,-0.6226357502986613,-1.2252124996435267,0.37439114816552854,-1.6821084945363816
