,Traffic Trend Bins,Region Code,Desig Code,GAA Cat Code,RONI Event Code,RONI Int Code,CEI Cat Code
0,0,4,5,2,2,1,2
1,0,4,5,2,0,0,2
2,0,4,5,2,1,4,1
3,0,4,5,2,2,1,2
4,0,4,5,2,0,3,0
5,0,4,5,2,1,2,1
6,0,4,5,2,1,2,2
7,0,4,5,2,1,4,2
8,1,4,5,2,2,1,2
9,0,4,5,2,0,4,1
10,0,4,5,2,2,1,1
11,0,4,5,2,0,4,2
12,1,4,5,2,1,4,2
13,1,4,5,2,0,4,1
14,-1,4,5,2,1,2,1
15,0,4,5,2,1,4,1
16,-1,4,5,2,0,2,2
17,-1,4,5,2,1,0,1
18,0,4,5,2,1,4,0
19,1,4,5,2,1,4,2
20,1,4,5,2,1,4,1
21,-1,4,5,2,0,4,1
22,1,4,5,2,0,3,1
23,0,4,5,2,1,4,0
24,0,4,5,2,1,0,1
25,0,4,5,2,0,4,0
26,0,4,5,2,2,1,1
27,0,4,5,2,1,0,1
28,0,4,5,2,1,0,2
29,0,4,5,2,1,4,1
30,0,4,5,2,0,0,0
31,-1,4,5,2,1,0,2
32,0,1,13,5,0,4,1
33,0,1,13,5,0,3,2
34,0,1,13,5,0,4,2
35,0,1,13,5,2,1,2
36,1,1,13,5,0,0,2
37,0,1,13,5,1,4,1
38,0,1,13,5,2,1,2
39,0,1,13,5,0,3,0
40,-1,1,13,5,1,2,1
41,0,1,13,5,1,2,2
42,0,1,13,5,1,4,1
43,0,1,13,5,2,1,2
44,-1,1,13,5,0,4,1
45,0,1,13,5,2,1,1
46,0,1,13,5,0,4,1
47,0,1,13,5,1,4,0
48,0,1,13,5,0,4,2
49,0,1,13,5,1,2,1
50,0,1,13,5,1,4,2
51,0,1,13,5,0,2,1
52,0,1,13,5,1,0,0
53,0,1,13,5,1,4,0
54,0,1,13,5,1,4,2
55,1,1,13,5,1,4,2
56,1,1,13,5,0,4,2
57,1,1,13,5,0,3,1
58,0,1,13,5,1,4,1
59,0,1,13,5,1,0,1
60,0,1,13,5,0,4,1
61,-1,1,13,5,2,1,0
62,1,1,13,5,1,0,0
63,0,1,13,5,1,0,1
64,0,1,13,5,1,4,0
65,0,1,13,5,0,0,0
66,0,1,13,5,1,0,2
67,-1,1,4,1,2,1,2
68,0,1,4,1,0,0,2
69,0,1,4,1,1,4,1
70,0,1,4,1,2,1,2
71,0,1,4,1,0,3,0
72,0,1,4,1,1,2,1
73,1,1,4,1,1,2,2
74,0,1,4,1,1,4,1
75,0,1,4,1,2,1,2
76,0,1,4,1,0,4,1
77,0,1,4,1,2,1,1
78,0,1,4,1,0,4,1
79,0,1,4,1,1,4,0
80,0,1,4,1,0,4,2
81,0,1,4,1,1,2,1
82,0,1,4,1,1,4,2
83,0,1,4,1,0,2,1
84,0,1,4,1,1,0,0
85,1,1,4,1,1,4,0
86,0,1,4,1,1,4,2
87,1,1,4,1,1,4,2
88,0,1,4,1,0,4,2
89,1,1,4,1,0,3,1
90,0,1,4,1,1,4,1
91,0,1,4,1,1,0,1
92,0,1,4,1,0,4,1
93,-1,1,4,1,2,1,0
94,1,1,4,1,1,0,0
95,0,1,4,1,1,0,1
96,1,1,4,1,1,4,0
97,0,1,4,1,0,0,0
98,-1,1,4,1,1,0,2
99,1,7,4,2,1,0,0
100,1,5,17,5,0,3,1
101,0,5,17,5,0,4,1
102,0,5,17,5,2,1,2
103,0,5,17,5,0,0,2
104,-1,5,17,5,1,4,2
105,-1,5,17,5,2,1,2
106,0,5,17,5,0,3,1
107,0,5,17,5,1,2,1
108,0,5,17,5,1,2,2
109,-1,5,17,5,1,4,2
110,-1,5,17,5,2,1,2
111,-1,5,17,5,0,4,2
112,1,5,17,5,2,1,2
113,0,5,17,5,0,4,2
114,1,5,17,5,1,4,1
115,0,5,17,5,0,4,1
116,1,5,17,5,1,2,2
117,1,5,17,5,1,4,2
118,-1,5,17,5,0,2,2
119,-1,5,17,5,1,0,1
120,0,5,17,5,1,4,0
121,-1,5,17,5,1,4,2
122,0,5,17,5,1,4,2
123,1,5,17,5,0,4,1
124,0,5,17,5,0,3,0
125,0,5,17,5,1,4,1
126,0,5,17,5,1,0,2
127,0,5,17,5,0,4,1
128,1,5,17,5,2,1,1
129,-1,5,17,5,1,0,2
130,0,5,17,5,1,0,1
131,0,5,17,5,1,4,0
132,0,5,17,5,0,0,0
133,-1,5,17,5,1,0,1
134,0,6,4,2,2,1,2
135,0,6,4,2,0,0,2
136,1,6,4,2,1,4,2
137,0,6,4,2,2,1,2
138,1,6,4,2,0,3,0
139,-1,6,4,2,1,2,1
140,0,6,4,2,1,2,2
141,0,6,4,2,1,4,2
142,1,6,4,2,2,1,2
143,-1,6,4,2,0,4,1
144,1,6,4,2,2,1,2
145,-1,6,4,2,0,4,2
146,0,6,4,2,1,4,1
147,1,6,4,2,0,4,0
148,0,6,4,2,1,2,2
149,-1,6,4,2,1,4,2
150,-1,6,4,2,0,2,2
151,-1,6,4,2,1,0,1
152,1,6,4,2,1,4,1
153,-1,6,4,2,1,4,1
154,1,6,4,2,1,4,2
155,0,6,4,2,0,4,1
156,0,6,4,2,0,3,0
157,0,6,4,2,1,4,0
158,0,6,4,2,1,0,0
159,-1,6,4,2,0,4,0
160,-1,6,4,2,2,1,0
161,-1,6,4,2,1,0,1
162,1,6,4,2,1,0,2
163,1,6,4,2,1,4,1
164,0,6,4,2,0,0,0
165,-1,6,4,2,1,0,2
166,-1,4,4,3,0,3,2
167,1,4,4,3,0,4,1
168,1,4,4,3,2,1,2
169,0,4,4,3,0,0,2
170,0,4,4,3,1,4,1
171,1,4,4,3,2,1,2
172,-1,4,4,3,0,3,0
173,-1,4,4,3,1,2,1
174,1,4,4,3,1,2,2
175,-1,4,4,3,1,4,2
176,0,4,4,3,2,1,2
177,0,4,4,3,0,4,1
178,0,4,4,3,2,1,1
179,0,4,4,3,0,4,2
180,0,4,4,3,1,4,2
181,-1,4,4,3,0,4,1
182,1,4,4,3,1,2,1
183,0,4,4,3,1,4,1
184,0,4,4,3,0,2,2
185,-1,4,4,3,1,0,1
186,0,4,4,3,1,4,0
187,-1,4,4,3,1,4,2
188,0,4,4,3,1,4,1
189,0,4,4,3,0,4,1
190,0,4,4,3,0,3,1
191,1,4,4,3,1,4,0
192,0,4,4,3,1,0,1
193,0,4,4,3,0,4,0
194,0,4,4,3,2,1,1
195,1,4,4,3,1,0,1
196,-1,4,4,3,1,0,2
197,1,4,4,3,1,4,1
198,-1,4,4,3,0,0,0
199,-1,4,4,3,1,0,2
200,-1,6,5,1,0,4,2
201,1,6,5,1,2,1,2
202,0,6,5,1,0,0,2
203,0,6,5,1,1,4,2
204,0,6,5,1,2,1,2
205,0,6,5,1,0,3,0
206,0,6,5,1,1,2,1
207,0,6,5,1,1,2,2
208,0,6,5,1,1,4,2
209,0,6,5,1,2,1,2
210,0,6,5,1,0,4,1
211,0,6,5,1,2,1,2
212,-1,6,5,1,0,4,2
213,0,6,5,1,1,4,1
214,0,6,5,1,0,4,0
215,1,6,5,1,1,2,2
216,0,6,5,1,1,4,2
217,1,6,5,1,0,2,2
218,1,6,5,1,1,0,1
219,1,6,5,1,1,4,1
220,0,6,5,1,1,4,1
221,-1,6,5,1,1,4,2
222,1,6,5,1,0,4,1
223,-1,6,5,1,0,3,0
224,-1,6,5,1,1,4,0
225,0,6,5,1,1,0,0
226,0,6,5,1,0,4,0
227,-1,6,5,1,2,1,0
228,1,6,5,1,1,0,1
229,0,6,5,1,1,0,2
230,0,6,5,1,1,4,1
231,0,6,5,1,0,0,0
232,-1,6,5,1,1,0,2
233,1,8,7,5,0,0,2
234,0,8,7,5,1,4,1
235,0,8,7,5,2,1,2
236,1,8,7,5,0,3,0
237,0,8,7,5,1,2,1
238,0,8,7,5,1,2,2
239,1,8,7,5,1,4,2
240,-1,8,7,5,2,1,2
241,0,8,7,5,0,4,2
242,0,8,7,5,2,1,2
243,-1,8,7,5,0,4,2
244,1,8,7,5,1,4,0
245,0,8,7,5,0,4,2
246,0,8,7,5,1,2,1
247,0,8,7,5,1,4,2
248,0,8,7,5,0,2,0
249,1,8,7,5,1,0,2
250,-1,8,7,5,1,4,0
251,0,8,7,5,1,4,2
252,0,8,7,5,1,4,0
253,1,8,7,5,0,4,1
254,0,8,7,5,0,3,0
255,1,8,7,5,1,4,1
256,1,8,7,5,1,0,1
257,0,8,7,5,0,4,1
258,1,8,7,5,2,1,1
259,1,8,7,5,1,0,0
260,-1,8,7,5,1,0,2
261,0,8,7,5,1,4,1
262,0,8,7,5,0,0,0
263,0,8,7,5,1,0,2
264,0,7,13,5,0,4,2
265,0,7,13,5,2,1,2
266,1,7,13,5,0,0,2
267,0,7,13,5,1,4,2
268,0,7,13,5,2,1,2
269,0,7,13,5,0,3,2
270,0,7,13,5,1,2,2
271,0,7,13,5,1,2,2
272,0,7,13,5,1,4,2
273,0,7,13,5,2,1,1
274,0,7,13,5,0,4,0
275,0,7,13,5,2,1,2
276,0,7,13,5,0,4,2
277,0,7,13,5,1,4,2
278,0,7,13,5,0,4,1
279,0,7,13,5,1,2,2
280,0,7,13,5,1,4,2
281,0,7,13,5,0,2,2
282,0,7,13,5,1,0,2
283,0,7,13,5,1,4,0
284,0,7,13,5,1,4,2
285,1,7,13,5,1,4,1
286,0,7,13,5,0,4,1
287,1,7,13,5,0,3,1
288,0,7,13,5,1,4,0
289,0,7,13,5,1,0,0
290,0,7,13,5,0,4,2
291,-1,7,13,5,2,1,0
292,1,7,13,5,1,0,0
293,-1,7,13,5,1,0,2
294,0,7,13,5,1,4,2
295,0,7,13,5,0,0,0
296,0,7,13,5,1,0,0
297,0,5,8,2,0,3,1
298,0,5,8,2,0,4,1
299,0,5,8,2,2,1,2
300,-1,5,8,2,0,0,2
301,1,5,8,2,1,4,2
302,0,5,8,2,2,1,2
303,0,5,8,2,0,3,1
304,0,5,8,2,1,2,1
305,0,5,8,2,1,2,2
306,0,5,8,2,1,4,2
307,-1,5,8,2,2,1,2
308,0,5,8,2,0,4,2
309,0,5,8,2,2,1,2
310,0,5,8,2,0,4,2
311,0,5,8,2,1,4,1
312,0,5,8,2,0,4,1
313,1,5,8,2,1,2,2
314,-1,5,8,2,1,4,2
315,0,5,8,2,0,2,2
316,0,5,8,2,1,0,1
317,0,5,8,2,1,4,0
318,-1,5,8,2,1,4,2
319,0,5,8,2,1,4,2
320,1,5,8,2,0,4,1
321,0,5,8,2,0,3,0
322,0,5,8,2,1,4,1
323,-1,5,8,2,1,0,2
324,0,5,8,2,0,4,1
325,0,5,8,2,2,1,1
326,-1,5,8,2,1,0,2
327,-1,5,8,2,1,0,1
328,0,5,8,2,1,4,0
329,0,5,8,2,0,0,0
330,0,5,8,2,1,0,1
331,0,0,23,5,0,3,2
332,0,0,23,5,1,2,2
333,0,0,23,5,1,2,2
334,0,0,23,5,1,4,2
335,1,0,23,5,2,1,2
336,0,0,23,5,0,4,2
337,0,0,23,5,2,1,2
338,0,0,23,5,0,4,2
339,0,0,23,5,1,4,2
340,0,0,23,5,0,4,2
341,0,0,23,5,1,2,2
342,1,0,23,5,1,4,2
343,0,0,23,5,0,2,2
344,0,0,23,5,1,0,2
345,0,0,23,5,1,4,2
346,0,0,23,5,1,4,2
347,0,0,23,5,1,4,2
348,0,0,23,5,0,4,2
349,0,0,23,5,0,3,2
350,0,0,23,5,1,4,2
351,0,0,23,5,1,0,2
352,1,0,23,5,0,4,2
353,0,0,23,5,2,1,2
354,0,0,23,5,1,0,2
355,-1,0,23,5,1,0,2
356,0,0,23,5,1,4,2
357,0,0,23,5,0,0,2
358,0,0,23,5,1,0,2
359,1,2,13,0,0,3,2
360,0,2,13,0,0,4,1
361,0,2,13,0,2,1,2
362,0,2,13,0,0,0,2
363,0,2,13,0,1,4,1
364,0,2,13,0,2,1,2
365,0,2,13,0,0,3,1
366,0,2,13,0,1,2,1
367,1,2,13,0,1,2,2
368,-1,2,13,0,1,4,1
369,0,2,13,0,2,1,2
370,0,2,13,0,0,4,2
371,0,2,13,0,2,1,2
372,0,2,13,0,0,4,2
373,0,2,13,0,1,4,1
374,0,2,13,0,0,4,1
375,0,2,13,0,1,2,2
376,1,2,13,0,1,4,2
377,0,2,13,0,0,2,1
378,0,2,13,0,1,0,2
379,0,2,13,0,1,4,0
380,1,2,13,0,1,4,2
381,0,2,13,0,1,4,2
382,1,2,13,0,0,4,0
383,0,2,13,0,0,3,0
384,0,2,13,0,1,4,2
385,0,2,13,0,1,0,2
386,0,2,13,0,0,4,0
387,0,2,13,0,2,1,2
388,1,2,13,0,1,0,1
389,-1,2,13,0,1,0,2
390,0,2,13,0,1,4,1
391,0,2,13,0,0,0,0
392,0,2,13,0,1,0,1
393,0,7,10,5,0,3,1
394,0,7,10,5,0,4,2
395,1,7,10,5,2,1,2
396,0,7,10,5,0,0,2
397,0,7,10,5,1,4,2
398,0,7,10,5,2,1,2
399,0,7,10,5,0,3,2
400,0,7,10,5,1,2,2
401,-1,7,10,5,1,2,2
402,1,7,10,5,1,4,2
403,0,7,10,5,2,1,1
404,0,7,10,5,0,4,0
405,0,7,10,5,2,1,2
406,0,7,10,5,0,4,2
407,0,7,10,5,1,4,2
408,0,7,10,5,0,4,1
409,0,7,10,5,1,2,2
410,0,7,10,5,1,4,2
411,0,7,10,5,0,2,2
412,-1,7,10,5,1,0,2
413,-1,7,10,5,1,4,0
414,-10,7,10,5,1,4,2
415,0,5,13,0,0,4,1
416,0,5,13,0,2,1,2
417,0,5,13,0,0,0,2
418,0,5,13,0,1,4,2
419,0,5,13,0,2,1,2
420,1,5,13,0,0,3,1
421,0,5,13,0,1,2,1
422,-1,5,13,0,1,2,2
423,1,5,13,0,1,4,2
424,0,5,13,0,2,1,2
425,0,5,13,0,0,4,2
426,1,5,13,0,2,1,2
427,1,5,13,0,0,4,2
428,-1,5,13,0,1,4,1
429,1,5,13,0,0,4,1
430,0,5,13,0,1,2,2
431,0,5,13,0,1,4,2
432,0,5,13,0,0,2,2
433,0,5,13,0,1,0,1
434,-1,5,13,0,1,4,0
435,0,5,13,0,1,4,2
436,0,5,13,0,1,4,2
437,1,5,13,0,0,4,1
438,0,5,13,0,0,3,0
439,1,5,13,0,1,4,1
440,0,5,13,0,0,4,1
441,-1,5,13,0,2,1,1
442,1,5,13,0,1,0,2
443,-1,5,13,0,1,0,1
444,0,5,13,0,1,4,0
445,0,5,13,0,0,0,0
446,0,5,13,0,1,0,1
447,0,2,17,0,0,3,1
448,-1,2,17,0,1,2,1
449,0,2,17,0,1,2,2
450,0,2,17,0,1,4,1
451,-1,2,17,0,2,1,2
452,1,2,17,0,0,4,2
453,-1,2,17,0,2,1,2
454,1,2,17,0,0,4,2
455,0,2,17,0,1,4,1
456,1,2,17,0,0,4,1
457,-1,2,17,0,1,2,2
458,1,2,17,0,1,4,2
459,0,2,17,0,0,2,1
460,-1,2,17,0,1,0,2
461,1,2,17,0,1,4,0
462,0,2,17,0,1,4,2
463,0,2,17,0,1,4,2
464,0,2,17,0,0,4,0
465,0,2,17,0,0,3,0
466,-1,2,17,0,1,4,2
467,0,2,17,0,1,0,2
468,0,2,17,0,0,4,0
469,-1,2,17,0,2,1,2
470,0,2,17,0,1,0,1
471,0,2,17,0,1,0,2
472,0,2,17,0,1,4,1
473,0,2,17,0,0,0,0
474,0,2,17,0,1,0,1
475,10,6,16,0,2,1,2
476,10,6,16,0,2,1,2
477,0,6,16,0,0,0,2
478,0,6,16,0,0,0,2
479,0,6,16,0,1,4,2
480,0,6,16,0,1,4,2
481,1,6,16,0,2,1,2
482,1,6,16,0,2,1,2
483,0,6,16,0,0,3,0
484,0,6,16,0,0,3,0
485,-1,6,16,0,1,2,1
486,-1,6,16,0,1,2,1
487,-1,6,16,0,1,2,2
488,-1,6,16,0,1,2,2
489,1,6,16,0,1,4,2
490,1,6,16,0,1,4,2
491,1,6,16,0,2,1,2
492,1,6,16,0,2,1,2
493,0,6,16,0,0,4,1
494,0,6,16,0,0,4,1
495,10,6,16,0,2,1,2
496,10,6,16,0,2,1,2
497,10,6,16,0,0,4,2
498,10,6,16,0,0,4,2
499,1,6,16,0,1,4,1
500,1,6,16,0,1,4,1
501,0,6,16,0,0,4,0
502,0,6,16,0,0,4,0
503,0,6,16,0,1,2,2
504,0,6,16,0,1,2,2
505,0,6,16,0,1,4,2
506,0,6,16,0,1,4,2
507,-1,6,16,0,0,2,2
508,-1,6,16,0,0,2,2
509,1,6,16,0,1,0,1
510,1,6,16,0,1,0,1
511,0,6,16,0,1,4,1
512,0,6,16,0,1,4,1
513,1,6,16,0,1,4,1
514,1,6,16,0,1,4,1
515,1,6,16,0,1,4,2
516,1,6,16,0,1,4,2
517,-1,6,16,0,0,4,1
518,-1,6,16,0,0,4,1
519,0,6,16,0,0,3,0
520,0,6,16,0,0,3,0
521,-1,6,16,0,1,4,0
522,-1,6,16,0,1,4,0
523,-1,6,16,0,1,0,0
524,-1,6,16,0,1,0,0
525,1,6,16,0,0,4,0
526,1,6,16,0,0,4,0
527,1,6,16,0,2,1,0
528,1,6,16,0,2,1,0
529,10,6,16,0,1,0,1
530,10,6,16,0,1,0,1
531,1,6,16,0,1,0,2
532,1,6,16,0,1,0,2
533,-1,6,16,0,1,4,1
534,-1,6,16,0,1,4,1
535,1,6,16,0,0,0,0
536,1,6,16,0,0,0,0
537,0,6,16,0,1,0,2
538,0,6,16,0,1,0,2
539,0,2,2,2,2,1,2
540,0,2,2,2,0,0,2
541,1,2,2,2,1,4,1
542,0,2,2,2,2,1,2
543,0,2,2,2,0,3,1
544,0,2,2,2,1,2,1
545,-1,2,2,2,1,2,2
546,1,2,2,2,1,4,1
547,0,2,2,2,2,1,2
548,0,2,2,2,0,4,2
549,0,2,2,2,2,1,2
550,0,2,2,2,0,4,2
551,1,2,2,2,1,4,1
552,-1,2,2,2,0,4,1
553,0,2,2,2,1,2,2
554,0,2,2,2,1,4,2
555,0,2,2,2,0,2,1
556,-1,2,2,2,1,0,2
557,-1,2,2,2,1,4,0
558,0,2,2,2,1,4,2
559,1,2,2,2,1,4,2
560,0,2,2,2,0,4,0
561,0,2,2,2,0,3,0
562,0,2,2,2,1,4,2
563,1,2,2,2,1,0,2
564,-1,2,2,2,0,4,0
565,0,2,2,2,2,1,2
566,-1,2,2,2,1,0,1
567,1,2,2,2,1,0,2
568,1,2,2,2,1,4,1
569,-1,2,2,2,0,0,0
570,0,2,2,2,1,0,1
571,-1,6,13,0,2,1,0
572,10,6,13,0,1,0,1
573,0,6,13,0,1,0,2
574,-1,6,13,0,1,4,1
575,0,6,13,0,0,0,0
576,0,6,13,0,1,0,2
577,0,4,21,0,1,4,1
578,0,4,21,0,2,1,2
579,0,4,21,0,0,3,0
580,0,4,21,0,1,2,1
581,0,4,21,0,1,2,2
582,0,4,21,0,1,4,2
583,0,4,21,0,2,1,2
584,-1,4,21,0,0,4,1
585,0,4,21,0,2,1,1
586,0,4,21,0,0,4,2
587,-1,4,21,0,1,4,2
588,0,4,21,0,0,4,1
589,0,4,21,0,1,2,1
590,0,4,21,0,1,4,1
591,0,4,21,0,0,2,2
592,0,4,21,0,1,0,1
593,0,4,21,0,1,4,0
594,0,4,21,0,1,4,2
595,1,4,21,0,1,4,1
596,0,4,21,0,0,4,1
597,0,4,21,0,0,3,1
598,1,4,21,0,1,4,0
599,0,4,21,0,1,0,1
600,0,4,21,0,0,4,0
601,0,4,21,0,2,1,1
602,0,4,21,0,1,0,1
603,0,4,21,0,1,0,2
604,0,4,21,0,1,4,1
605,0,4,21,0,0,0,0
606,0,4,21,0,1,0,2
607,1,5,16,0,1,0,1
608,-1,5,16,0,1,4,0
609,-1,5,16,0,1,4,2
610,-1,5,16,0,1,4,2
611,1,5,16,0,0,4,1
612,10,5,16,0,0,3,0
613,0,5,16,0,1,4,1
614,1,5,16,0,1,0,2
615,1,5,16,0,0,4,1
616,1,5,16,0,2,1,1
617,0,5,16,0,1,0,2
618,0,5,16,0,1,0,1
619,0,5,16,0,1,4,0
620,0,5,16,0,0,0,0
621,-1,5,16,0,1,0,1
622,0,7,13,5,0,3,1
623,0,7,13,5,0,4,2
624,0,7,13,5,2,1,2
625,0,7,13,5,0,0,2
626,0,7,13,5,1,4,2
627,1,7,13,5,2,1,2
628,-1,7,13,5,0,3,2
629,0,7,13,5,1,2,2
630,0,7,13,5,1,2,2
631,0,7,13,5,1,4,2
632,0,7,13,5,2,1,1
633,0,7,13,5,0,4,0
634,1,7,13,5,2,1,2
635,0,7,13,5,0,4,2
636,0,7,13,5,1,4,2
637,1,7,13,5,0,4,1
638,-1,7,13,5,1,2,2
639,1,7,13,5,1,4,2
640,0,7,13,5,0,2,2
641,0,7,13,5,1,0,2
642,1,7,13,5,1,4,0
643,-1,7,13,5,1,4,2
644,0,7,13,5,1,4,1
645,1,7,13,5,0,4,1
646,1,7,13,5,0,3,1
647,1,7,13,5,1,4,0
648,0,7,13,5,1,0,0
649,1,7,13,5,0,4,2
650,-1,7,13,5,2,1,0
651,0,7,13,5,1,0,0
652,0,7,13,5,1,0,2
653,1,7,13,5,1,4,2
654,0,7,13,5,0,0,0
655,-1,7,13,5,1,0,0
656,0,6,26,0,1,2,2
657,0,6,26,0,2,1,1
658,0,6,26,0,0,4,1
659,0,6,26,0,0,3,1
660,0,6,26,0,0,4,2
661,0,6,26,0,2,1,2
662,0,6,26,0,0,0,2
663,0,6,26,0,1,4,2
664,0,6,26,0,2,1,2
665,0,6,26,0,0,3,0
666,0,6,26,0,1,2,1
667,0,6,26,0,1,2,2
668,0,6,26,0,1,4,2
669,0,6,26,0,2,1,2
670,0,6,26,0,0,4,1
671,0,6,26,0,2,1,2
672,0,6,26,0,0,4,2
673,0,6,26,0,1,4,1
674,0,6,26,0,0,4,0
675,0,6,26,0,1,2,2
676,0,6,26,0,1,4,2
677,0,6,26,0,0,2,2
678,0,6,26,0,1,0,1
679,0,6,26,0,1,4,1
680,-1,6,26,0,1,4,1
681,0,6,26,0,1,4,2
682,0,6,26,0,0,4,1
683,0,6,26,0,0,3,0
684,0,6,26,0,1,4,0
685,0,6,26,0,1,0,0
686,0,6,26,0,0,4,0
687,0,6,26,0,2,1,0
688,1,6,26,0,1,0,1
689,0,6,26,0,1,0,2
690,0,6,26,0,1,4,1
691,10,6,26,0,0,0,0
692,-1,6,26,0,1,0,2
693,0,6,10,2,0,4,2
694,-1,6,10,2,2,1,2
695,-1,6,10,2,0,0,2
696,-1,6,10,2,1,4,2
697,-1,6,10,2,2,1,2
698,0,6,10,2,0,3,0
699,0,6,10,2,1,2,1
700,-1,6,10,2,1,2,2
701,0,6,10,2,1,4,2
702,-1,6,10,2,2,1,2
703,0,6,10,2,0,4,1
704,0,6,10,2,2,1,2
705,-1,6,10,2,0,4,2
706,1,6,10,2,1,4,1
707,0,6,10,2,0,4,0
708,0,6,10,2,1,2,2
709,1,6,10,2,1,4,2
710,0,6,10,2,0,2,2
711,0,6,10,2,1,0,1
712,0,6,10,2,1,4,1
713,0,6,10,2,1,4,1
714,1,6,10,2,1,4,2
715,1,6,10,2,0,4,1
716,1,6,10,2,0,3,0
717,0,6,10,2,1,4,0
718,-1,6,10,2,1,0,0
719,1,6,10,2,0,4,0
720,-1,6,10,2,2,1,0
721,-1,6,10,2,1,0,1
722,0,6,10,2,1,0,2
723,1,6,10,2,1,4,1
724,-1,6,10,2,0,0,0
725,-1,6,10,2,1,0,2
726,0,7,13,5,2,1,2
727,0,7,13,5,0,0,2
728,1,7,13,5,1,4,2
729,0,7,13,5,2,1,2
730,0,7,13,5,0,3,2
731,0,7,13,5,1,2,2
732,0,7,13,5,1,2,2
733,0,7,13,5,1,4,2
734,0,7,13,5,2,1,1
735,0,7,13,5,0,4,0
736,0,7,13,5,2,1,2
737,-1,7,13,5,0,4,2
738,0,7,13,5,1,4,2
739,0,7,13,5,0,4,1
740,0,7,13,5,1,2,2
741,0,7,13,5,1,4,2
742,0,7,13,5,0,2,2
743,-1,7,13,5,1,0,2
744,1,7,13,5,1,4,0
745,0,7,13,5,1,4,2
746,0,7,13,5,1,4,1
747,-1,7,13,5,0,4,1
748,0,7,13,5,0,3,1
749,0,7,13,5,1,4,0
750,0,7,13,5,1,0,0
751,0,7,13,5,0,4,2
752,-1,7,13,5,2,1,0
753,1,7,13,5,1,0,0
754,0,7,13,5,1,0,2
755,0,7,13,5,1,4,2
756,0,7,13,5,0,0,0
757,0,7,13,5,1,0,0
758,0,5,20,5,2,1,2
759,-1,5,20,5,0,0,2
760,0,5,20,5,1,4,2
761,-1,5,20,5,2,1,2
762,1,5,20,5,0,3,1
763,1,5,20,5,1,2,1
764,0,5,20,5,1,2,2
765,0,5,20,5,1,4,2
766,0,5,20,5,2,1,2
767,-1,5,20,5,0,4,2
768,10,5,20,5,2,1,2
769,-1,5,20,5,0,4,2
770,1,5,20,5,1,4,1
771,1,5,20,5,0,4,1
772,1,5,20,5,1,2,2
773,0,5,20,5,1,4,2
774,0,5,20,5,0,2,2
775,-1,5,20,5,1,0,1
776,0,5,20,5,1,4,0
777,0,5,20,5,1,4,2
778,1,5,20,5,1,4,2
779,0,5,20,5,0,4,1
780,1,5,20,5,0,3,0
781,-1,5,20,5,1,4,1
782,0,5,20,5,1,0,2
783,0,5,20,5,0,4,1
784,0,5,20,5,2,1,1
785,0,5,20,5,1,0,2
786,-1,5,20,5,1,0,1
787,1,5,20,5,1,4,0
788,1,5,20,5,0,0,0
789,-1,5,20,5,1,0,1
790,0,9,10,2,0,3,2
791,0,9,10,2,0,4,2
792,0,9,10,2,2,1,2
793,0,9,10,2,0,0,1
794,0,9,10,2,1,4,0
795,0,9,10,2,2,1,1
796,0,9,10,2,0,3,0
797,0,9,10,2,1,2,2
798,0,9,10,2,1,2,2
799,0,9,10,2,1,4,2
800,0,9,10,2,2,1,2
801,0,9,10,2,0,4,1
802,0,9,10,2,2,1,2
803,0,9,10,2,0,4,1
804,0,9,10,2,1,4,2
805,0,9,10,2,0,4,1
806,0,9,10,2,1,2,2
807,0,9,10,2,1,4,2
808,0,9,10,2,0,2,2
809,0,9,10,2,1,0,2
810,0,9,10,2,1,4,1
811,0,9,10,2,1,4,1
812,0,9,10,2,1,4,0
813,0,9,10,2,0,4,0
814,0,9,10,2,0,3,1
815,0,9,10,2,1,4,0
816,-1,9,10,2,1,0,1
817,0,9,10,2,0,4,2
818,-1,9,10,2,2,1,0
819,1,9,10,2,1,0,0
820,0,9,10,2,1,0,0
821,0,9,10,2,1,4,2
822,0,9,10,2,0,0,1
823,0,9,10,2,1,0,0
824,0,7,10,5,2,1,2
825,0,7,10,5,0,3,2
826,0,7,10,5,1,2,2
827,0,7,10,5,1,2,2
828,0,7,10,5,1,4,2
829,-1,7,10,5,2,1,1
830,1,7,10,5,0,4,0
831,0,7,10,5,2,1,2
832,0,7,10,5,0,4,2
833,0,7,10,5,1,4,2
834,0,7,10,5,0,4,1
835,0,7,10,5,1,2,2
836,0,7,10,5,1,4,2
837,0,7,10,5,0,2,2
838,0,7,10,5,1,0,2
839,0,7,10,5,1,4,0
840,0,7,10,5,1,4,2
841,0,7,10,5,1,4,1
842,0,7,10,5,0,4,1
843,0,7,10,5,0,3,1
844,0,7,10,5,1,4,0
845,-1,7,10,5,1,0,0
846,1,7,10,5,0,4,2
847,-1,7,10,5,2,1,0
848,0,7,10,5,1,0,0
849,0,7,10,5,1,0,2
850,0,7,10,5,1,4,2
851,0,7,10,5,0,0,0
852,0,7,10,5,1,0,0
853,0,1,23,5,0,3,2
854,0,1,23,5,0,4,2
855,0,1,23,5,2,1,2
856,0,1,23,5,0,0,2
857,0,1,23,5,1,4,1
858,0,1,23,5,2,1,2
859,0,1,23,5,0,3,0
860,0,1,23,5,1,2,1
861,0,1,23,5,1,2,2
862,0,1,23,5,1,4,1
863,0,1,23,5,2,1,2
864,0,1,23,5,0,4,1
865,0,1,23,5,2,1,1
866,0,1,23,5,0,4,1
867,1,1,23,5,1,4,0
868,0,1,23,5,0,4,2
869,0,1,23,5,1,2,1
870,0,1,23,5,1,4,2
871,0,1,23,5,0,2,1
872,0,1,23,5,1,0,0
873,0,1,23,5,1,4,0
874,0,1,23,5,1,4,2
875,0,1,23,5,1,4,2
876,0,1,23,5,0,4,2
877,0,1,23,5,0,3,1
878,-1,1,23,5,1,4,1
879,0,1,23,5,1,0,1
880,0,1,23,5,0,4,1
881,0,1,23,5,2,1,0
882,0,1,23,5,1,0,0
883,0,1,23,5,1,0,1
884,0,1,23,5,1,4,0
885,0,1,23,5,0,0,0
886,0,1,23,5,1,0,2
887,0,6,23,5,2,1,2
888,0,6,23,5,0,0,2
889,0,6,23,5,1,4,2
890,0,6,23,5,2,1,2
891,0,6,23,5,0,3,0
892,0,6,23,5,1,2,1
893,0,6,23,5,1,2,2
894,1,6,23,5,1,4,2
895,0,6,23,5,2,1,2
896,0,6,23,5,0,4,1
897,-1,6,23,5,2,1,2
898,0,6,23,5,0,4,2
899,0,6,23,5,1,4,1
900,0,6,23,5,0,4,0
901,0,6,23,5,1,2,2
902,1,6,23,5,1,4,2
903,0,6,23,5,0,2,2
904,-1,6,23,5,1,0,1
905,1,6,23,5,1,4,1
906,-1,6,23,5,1,4,1
907,0,6,23,5,1,4,2
908,0,6,23,5,0,4,1
909,0,6,23,5,0,3,0
910,0,6,23,5,1,4,0
911,0,6,23,5,1,0,0
912,0,6,23,5,0,4,0
913,0,6,23,5,2,1,0
914,1,6,23,5,1,0,1
915,-1,6,23,5,1,0,2
916,0,6,23,5,1,4,1
917,0,6,23,5,0,0,0
918,0,6,23,5,1,0,2
919,-1,6,23,5,0,4,2
920,-1,6,23,5,2,1,2
921,1,6,23,5,0,0,2
922,1,6,23,5,1,4,2
923,0,6,23,5,2,1,2
924,-1,6,23,5,0,3,0
925,10,6,23,5,1,2,1
926,1,6,23,5,1,2,2
927,1,6,23,5,1,4,2
928,0,6,23,5,2,1,2
929,0,6,23,5,0,4,1
930,1,6,23,5,2,1,2
931,0,6,23,5,0,4,2
932,1,6,23,5,1,4,1
933,0,6,23,5,0,4,0
934,-1,6,23,5,1,2,2
935,-1,6,23,5,1,4,2
936,-1,6,23,5,0,2,2
937,0,6,23,5,1,0,1
938,1,6,23,5,1,4,1
939,1,6,23,5,1,4,1
940,-1,6,23,5,1,4,2
941,1,6,23,5,0,4,1
942,-1,6,23,5,0,3,0
943,-1,6,23,5,1,4,0
944,-1,6,23,5,1,0,0
945,-1,6,23,5,0,4,0
946,10,6,23,5,2,1,0
947,0,6,23,5,1,0,1
948,0,6,23,5,1,0,2
949,-1,6,23,5,1,4,1
950,1,6,23,5,0,0,0
951,-1,6,23,5,1,0,2
952,-1,6,23,5,0,3,1
953,1,6,23,5,0,4,2
954,1,6,23,5,2,1,2
955,0,6,23,5,0,0,2
956,0,6,23,5,1,4,2
957,0,6,23,5,2,1,2
958,-1,6,23,5,0,3,0
959,1,6,23,5,1,2,1
960,1,6,23,5,1,2,2
961,0,6,23,5,1,4,2
962,0,6,23,5,2,1,2
963,0,6,23,5,0,4,1
964,0,6,23,5,2,1,2
965,0,6,23,5,0,4,2
966,0,6,23,5,1,4,1
967,0,6,23,5,0,4,0
968,0,6,23,5,1,2,2
969,0,6,23,5,1,4,2
970,0,6,23,5,0,2,2
971,0,6,23,5,1,0,1
972,0,6,23,5,1,4,1
973,1,6,23,5,1,4,1
974,1,6,23,5,1,4,2
975,1,6,23,5,0,4,1
976,0,6,23,5,0,3,0
977,0,6,23,5,1,4,0
978,0,6,23,5,1,0,0
979,1,6,23,5,0,4,0
980,-1,6,23,5,2,1,0
981,1,6,23,5,1,0,1
982,0,6,23,5,1,0,2
983,0,6,23,5,1,4,1
984,0,6,23,5,0,0,0
985,1,6,23,5,1,0,2
986,1,4,10,2,1,0,2
987,-1,4,10,2,1,4,1
988,1,4,10,2,0,0,0
989,-1,4,10,2,1,0,2
990,1,7,13,0,0,3,1
991,1,7,13,0,0,4,2
992,0,7,13,0,2,1,2
993,0,7,13,0,0,0,2
994,0,7,13,0,1,4,2
995,0,7,13,0,2,1,2
996,0,7,13,0,0,3,2
997,0,7,13,0,1,2,2
998,-1,7,13,0,1,2,2
999,0,7,13,0,1,4,2
1000,0,7,13,0,2,1,1
1001,0,7,13,0,0,4,0
1002,0,7,13,0,2,1,2
1003,0,7,13,0,0,4,2
1004,0,7,13,0,1,4,2
1005,1,7,13,0,0,4,1
1006,0,7,13,0,1,2,2
1007,0,7,13,0,1,4,2
1008,0,7,13,0,0,2,2
1009,0,7,13,0,1,0,2
1010,0,7,13,0,1,4,0
1011,0,7,13,0,1,4,2
1012,1,7,13,0,1,4,1
1013,1,7,13,0,0,4,1
1014,1,7,13,0,0,3,1
1015,0,7,13,0,1,4,0
1016,0,7,13,0,1,0,0
1017,0,7,13,0,0,4,2
1018,-1,7,13,0,2,1,0
1019,1,7,13,0,1,0,0
1020,-1,7,13,0,1,0,2
1021,0,7,13,0,1,4,2
1022,0,7,13,0,0,0,0
1023,0,7,13,0,1,0,0
1024,0,7,13,0,0,4,2
1025,0,7,13,0,2,1,2
1026,1,7,13,0,0,0,2
1027,0,7,13,0,1,4,2
1028,0,7,13,0,2,1,2
1029,0,7,13,0,0,3,2
1030,0,7,13,0,1,2,2
1031,0,7,13,0,1,2,2
1032,0,7,13,0,1,4,2
1033,0,7,13,0,2,1,1
1034,0,7,13,0,0,4,0
1035,0,7,13,0,2,1,2
1036,0,7,13,0,0,4,2
1037,0,7,13,0,1,4,2
1038,0,7,13,0,0,4,1
1039,0,7,13,0,1,2,2
1040,0,7,13,0,1,4,2
1041,0,7,13,0,0,2,2
1042,0,7,13,0,1,0,2
1043,0,7,13,0,1,4,0
1044,0,7,13,0,1,4,2
1045,1,7,13,0,1,4,1
1046,1,7,13,0,0,4,1
1047,1,7,13,0,0,3,1
1048,0,7,13,0,1,4,0
1049,0,7,13,0,1,0,0
1050,0,7,13,0,0,4,2
1051,-1,7,13,0,2,1,0
1052,1,7,13,0,1,0,0
1053,-1,7,13,0,1,0,2
1054,0,7,13,0,1,4,2
1055,0,7,13,0,0,0,0
1056,0,7,13,0,1,0,0
1057,1,5,5,2,1,4,2
1058,0,5,5,2,0,4,1
1059,-1,5,5,2,0,3,0
1060,0,5,5,2,1,4,1
1061,0,5,5,2,1,0,2
1062,1,5,5,2,0,4,1
1063,-1,5,5,2,2,1,1
1064,0,5,5,2,1,0,2
1065,0,5,5,2,1,0,1
1066,-1,5,5,2,1,4,0
1067,1,5,5,2,0,0,0
1068,0,5,5,2,1,0,1
1069,0,6,25,1,2,1,2
1070,0,6,25,1,0,0,2
1071,1,6,25,1,1,4,2
1072,-1,6,25,1,2,1,2
1073,0,6,25,1,0,3,0
1074,0,6,25,1,1,2,1
1075,0,6,25,1,1,2,2
1076,0,6,25,1,1,4,2
1077,0,6,25,1,2,1,2
1078,0,6,25,1,0,4,1
1079,0,6,25,1,2,1,2
1080,0,6,25,1,0,4,2
1081,0,6,25,1,1,4,1
1082,0,6,25,1,0,4,0
1083,-1,6,25,1,1,2,2
1084,0,6,25,1,1,4,2
1085,0,6,25,1,0,2,2
1086,10,6,25,1,1,0,1
1087,-1,6,25,1,1,4,1
1088,-1,6,25,1,1,4,1
1089,10,6,25,1,1,4,2
1090,1,6,25,1,0,4,1
1091,0,6,25,1,0,3,0
1092,0,6,25,1,1,4,0
1093,1,6,25,1,1,0,0
1094,0,6,25,1,0,4,0
1095,1,6,25,1,2,1,0
1096,0,6,25,1,1,0,1
1097,0,6,25,1,1,0,2
1098,0,6,25,1,1,4,1
1099,0,6,25,1,0,0,0
1100,0,6,25,1,1,0,2
1101,-1,7,13,5,2,1,2
1102,1,7,13,5,0,0,2
1103,0,7,13,5,1,4,2
1104,-1,7,13,5,2,1,2
1105,10,7,13,5,0,3,2
1106,0,7,13,5,1,2,2
1107,0,7,13,5,1,2,2
1108,-1,7,13,5,1,4,2
1109,-1,7,13,5,2,1,1
1110,10,7,13,5,0,4,0
1111,0,7,13,5,2,1,2
1112,0,7,13,5,0,4,2
1113,-1,7,13,5,1,4,2
1114,0,7,13,5,0,4,1
1115,0,7,13,5,1,2,2
1116,1,7,13,5,1,4,2
1117,0,7,13,5,0,2,2
1118,-1,7,13,5,1,0,2
1119,0,7,13,5,1,4,0
1120,0,7,13,5,1,4,2
1121,0,7,13,5,1,4,1
1122,0,7,13,5,0,4,1
1123,0,7,13,5,0,3,1
1124,1,7,13,5,1,4,0
1125,0,7,13,5,1,0,0
1126,-1,7,13,5,0,4,2
1127,-1,7,13,5,2,1,0
1128,1,7,13,5,1,0,0
1129,1,7,13,5,1,0,2
1130,0,7,13,5,1,4,2
1131,0,7,13,5,0,0,0
1132,-1,7,13,5,1,0,0
1133,10,7,10,2,0,3,1
1134,0,7,10,2,1,4,0
1135,1,7,10,2,1,0,0
1136,-1,7,10,2,0,4,2
1137,0,7,10,2,2,1,0
1138,1,7,10,2,1,0,0
1139,-1,7,10,2,1,0,2
1140,1,7,10,2,1,4,2
1141,0,7,10,2,0,0,0
1142,1,7,10,2,1,0,0
1143,1,7,10,1,0,4,2
1144,1,7,10,1,2,1,2
1145,-1,7,10,1,0,0,2
1146,1,7,10,1,1,4,2
1147,1,7,10,1,2,1,2
1148,-1,7,10,1,0,3,2
1149,1,7,10,1,1,2,2
1150,0,7,10,1,1,2,2
1151,1,7,10,1,1,4,2
1152,-1,7,10,1,2,1,1
1153,0,7,10,1,0,4,0
1154,-1,7,10,1,2,1,2
1155,1,7,10,1,0,4,2
1156,0,7,10,1,1,4,2
1157,0,7,10,1,0,4,1
1158,1,7,10,1,1,2,2
1159,0,7,10,1,1,4,2
1160,0,7,10,1,0,2,2
1161,0,7,10,1,1,0,2
1162,1,7,10,1,1,4,0
1163,-1,7,10,1,1,4,2
1164,1,7,10,1,1,4,1
1165,0,7,10,1,0,4,1
1166,1,7,10,1,0,3,1
1167,0,7,10,1,1,4,0
1168,-1,7,10,1,1,0,0
1169,0,7,10,1,0,4,2
1170,1,7,10,1,2,1,0
1171,0,7,10,1,1,0,0
1172,-1,7,10,1,1,0,2
1173,-1,7,10,1,1,4,2
1174,1,7,10,1,0,0,0
1175,0,7,10,1,1,0,0
1176,1,6,17,5,0,4,2
1177,1,6,17,5,2,1,2
1178,0,6,17,5,0,0,2
1179,0,6,17,5,1,4,2
1180,-1,6,17,5,2,1,2
1181,0,6,17,5,0,3,0
1182,0,6,17,5,1,2,1
1183,0,6,17,5,1,2,2
1184,0,6,17,5,1,4,2
1185,-1,6,17,5,2,1,2
1186,-1,6,17,5,0,4,1
1187,0,6,17,5,2,1,2
1188,0,6,17,5,0,4,2
1189,1,6,17,5,1,4,1
1190,0,6,17,5,0,4,0
1191,0,6,17,5,1,2,2
1192,0,6,17,5,1,4,2
1193,0,6,17,5,0,2,2
1194,0,6,17,5,1,0,1
1195,0,6,17,5,1,4,1
1196,0,6,17,5,1,4,1
1197,0,6,17,5,1,4,2
1198,0,6,17,5,0,4,1
1199,0,6,17,5,0,3,0
1200,0,6,17,5,1,4,0
1201,0,6,17,5,1,0,0
1202,1,6,17,5,0,4,0
1203,-1,6,17,5,2,1,0
1204,0,6,17,5,1,0,1
1205,0,6,17,5,1,0,2
1206,-1,6,17,5,1,4,1
1207,0,6,17,5,0,0,0
1208,0,6,17,5,1,0,2
1209,0,0,9,1,0,3,2
1210,0,0,9,1,0,4,2
1211,0,0,9,1,2,1,2
1212,0,0,9,1,0,0,2
1213,0,0,9,1,1,4,2
1214,0,0,9,1,2,1,2
1215,0,0,9,1,0,3,2
1216,0,0,9,1,1,2,2
1217,0,0,9,1,1,2,2
1218,-1,0,9,1,1,4,2
1219,-1,0,9,1,2,1,2
1220,0,0,9,1,0,4,2
1221,0,0,9,1,2,1,2
1222,0,0,9,1,0,4,2
1223,0,0,9,1,1,4,2
1224,0,0,9,1,0,4,2
1225,0,0,9,1,1,2,2
1226,0,0,9,1,1,4,2
1227,0,0,9,1,0,2,2
1228,0,0,9,1,1,0,2
1229,0,0,9,1,1,4,2
1230,0,0,9,1,1,4,2
1231,0,0,9,1,1,4,2
1232,0,0,9,1,0,4,2
1233,0,0,9,1,0,3,2
1234,0,0,9,1,1,4,2
1235,-1,0,9,1,1,0,2
1236,0,0,9,1,0,4,2
1237,0,0,9,1,2,1,2
1238,1,0,9,1,1,0,2
1239,0,0,9,1,1,0,2
1240,0,0,9,1,1,4,2
1241,0,0,9,1,0,0,2
1242,0,0,9,1,1,0,2
1243,0,7,5,5,2,1,2
1244,0,7,5,5,0,0,2
1245,0,7,5,5,1,4,2
1246,1,7,5,5,2,1,2
1247,-1,7,5,5,0,3,2
1248,0,7,5,5,1,2,2
1249,0,7,5,5,1,2,2
1250,-1,7,5,5,1,4,2
1251,1,7,5,5,2,1,1
1252,0,7,5,5,0,4,0
1253,-1,7,5,5,2,1,2
1254,-1,7,5,5,0,4,2
1255,-10,7,5,5,1,4,2
1256,0,5,17,1,0,0,2
1257,0,5,17,1,1,4,2
1258,0,5,17,1,2,1,2
1259,0,5,17,1,0,3,1
1260,0,5,17,1,1,2,1
1261,-1,5,17,1,1,2,2
1262,0,5,17,1,1,4,2
1263,1,5,17,1,2,1,2
1264,0,5,17,1,0,4,2
1265,0,5,17,1,2,1,2
1266,0,5,17,1,0,4,2
1267,0,5,17,1,1,4,1
1268,-1,5,17,1,0,4,1
1269,0,5,17,1,1,2,2
1270,0,5,17,1,1,4,2
1271,0,5,17,1,0,2,2
1272,0,5,17,1,1,0,1
1273,0,5,17,1,1,4,0
1274,0,5,17,1,1,4,2
1275,0,5,17,1,1,4,2
1276,0,5,17,1,0,4,1
1277,1,5,17,1,0,3,0
1278,0,5,17,1,1,4,1
1279,0,5,17,1,1,0,2
1280,0,5,17,1,0,4,1
1281,0,5,17,1,2,1,1
1282,0,5,17,1,1,0,2
1283,0,5,17,1,1,0,1
1284,1,5,17,1,1,4,0
1285,-1,5,17,1,0,0,0
1286,0,5,17,1,1,0,1
1287,1,0,5,5,1,4,2
1288,-1,0,5,5,2,1,2
1289,0,0,5,5,0,4,2
1290,1,0,5,5,2,1,2
1291,0,0,5,5,0,4,2
1292,0,0,5,5,1,4,2
1293,0,0,5,5,0,4,2
1294,0,0,5,5,1,2,2
1295,1,0,5,5,1,4,2
1296,0,0,5,5,0,2,2
1297,0,0,5,5,1,0,2
1298,1,0,5,5,1,4,2
1299,0,0,5,5,1,4,2
1300,1,0,5,5,1,4,2
1301,0,0,5,5,0,4,2
1302,0,0,5,5,0,3,2
1303,0,0,5,5,1,4,2
1304,0,0,5,5,1,0,2
1305,0,0,5,5,0,4,2
1306,1,0,5,5,2,1,2
1307,-1,0,5,5,1,0,2
1308,0,0,5,5,1,0,2
1309,0,0,5,5,1,4,2
1310,0,0,5,5,0,0,2
1311,0,0,5,5,1,0,2
1312,10,6,4,3,0,4,2
1313,0,6,4,3,1,4,1
1314,1,6,4,3,0,4,0
1315,0,6,4,3,1,2,2
1316,0,6,4,3,1,4,2
1317,0,6,4,3,0,2,2
1318,0,6,4,3,1,0,1
1319,0,6,4,3,1,4,1
1320,0,6,4,3,1,4,1
1321,1,6,4,3,1,4,2
1322,-1,6,4,3,0,4,1
1323,1,6,4,3,0,3,0
1324,0,6,4,3,1,4,0
1325,-1,6,4,3,1,0,0
1326,0,6,4,3,0,4,0
1327,-1,6,4,3,2,1,0
1328,0,6,4,3,1,0,1
1329,-1,6,4,3,1,0,2
1330,10,6,4,3,1,4,1
1331,0,6,4,3,0,0,0
1332,-1,6,4,3,1,0,2
1333,0,3,19,5,0,3,1
1334,-1,3,19,5,0,4,2
1335,0,3,19,5,2,1,2
1336,0,3,19,5,0,0,1
1337,-1,3,19,5,1,4,0
1338,0,3,19,5,2,1,1
1339,-1,3,19,5,0,3,0
1340,0,3,19,5,1,2,2
1341,0,3,19,5,1,2,2
1342,0,3,19,5,1,4,2
1343,1,3,19,5,2,1,2
1344,0,3,19,5,0,4,1
1345,0,3,19,5,2,1,2
1346,0,3,19,5,0,4,2
1347,0,3,19,5,1,4,1
1348,1,3,19,5,0,4,2
1349,0,3,19,5,1,2,2
1350,1,3,19,5,1,4,2
1351,-1,3,19,5,0,2,2
1352,1,3,19,5,1,0,2
1353,0,3,19,5,1,4,1
1354,-1,3,19,5,1,4,2
1355,1,3,19,5,1,4,1
1356,0,3,19,5,0,4,0
1357,0,3,19,5,0,3,1
1358,0,3,19,5,1,4,2
1359,1,3,19,5,1,0,2
1360,-1,3,19,5,0,4,2
1361,1,3,19,5,2,1,1
1362,-1,3,19,5,1,0,0
1363,-1,3,19,5,1,0,2
1364,0,3,19,5,1,4,2
1365,0,3,19,5,0,0,1
1366,0,3,19,5,1,0,0
1367,0,7,10,5,0,4,2
1368,0,7,10,5,2,1,2
1369,0,7,10,5,0,0,2
1370,0,7,10,5,1,4,2
1371,0,7,10,5,2,1,2
1372,0,7,10,5,0,3,2
1373,0,7,10,5,1,2,2
1374,0,7,10,5,1,2,2
1375,0,7,10,5,1,4,2
1376,0,7,10,5,2,1,1
1377,1,7,10,5,0,4,0
1378,0,7,10,5,2,1,2
1379,0,7,10,5,0,4,2
1380,0,7,10,5,1,4,2
1381,0,7,10,5,0,4,1
1382,0,7,10,5,1,2,2
1383,0,7,10,5,1,4,2
1384,0,7,10,5,0,2,2
1385,0,7,10,5,1,0,2
1386,0,7,10,5,1,4,0
1387,0,7,10,5,1,4,2
1388,0,7,10,5,1,4,1
1389,1,7,10,5,0,4,1
1390,0,7,10,5,0,3,1
1391,0,7,10,5,1,4,0
1392,0,7,10,5,1,0,0
1393,0,7,10,5,0,4,2
1394,0,7,10,5,2,1,0
1395,0,7,10,5,1,0,0
1396,0,7,10,5,1,0,2
1397,0,7,10,5,1,4,2
1398,0,7,10,5,0,0,0
1399,0,7,10,5,1,0,0
1400,0,6,5,1,0,3,1
1401,0,6,5,1,0,4,2
1402,0,6,5,1,2,1,2
1403,0,6,5,1,0,0,2
1404,0,6,5,1,1,4,2
1405,1,6,5,1,2,1,2
1406,0,6,5,1,0,3,0
1407,0,6,5,1,1,2,1
1408,0,6,5,1,1,2,2
1409,0,6,5,1,1,4,2
1410,0,6,5,1,2,1,2
1411,0,6,5,1,0,4,1
1412,0,6,5,1,2,1,2
1413,0,6,5,1,0,4,2
1414,0,6,5,1,1,4,1
1415,0,6,5,1,1,2,2
1416,0,6,5,1,0,2,2
1417,0,6,5,1,1,0,1
1418,0,6,5,1,1,4,1
1419,0,6,5,1,1,4,1
1420,1,6,5,1,1,4,2
1421,0,6,5,1,0,4,1
1422,0,6,5,1,0,3,0
1423,0,6,5,1,1,4,0
1424,0,6,5,1,1,0,0
1425,-1,6,5,1,2,1,0
1426,0,6,5,1,1,0,1
1427,0,6,5,1,1,0,2
1428,-1,6,5,1,1,4,1
1429,-1,6,5,1,0,0,0
1430,-1,6,5,1,1,0,2
1431,1,6,13,5,0,4,2
1432,1,6,13,5,2,1,2
1433,0,6,13,5,0,0,2
1434,0,6,13,5,1,4,2
1435,1,6,13,5,2,1,2
1436,0,6,13,5,0,3,0
1437,-1,6,13,5,1,2,1
1438,0,6,13,5,1,2,2
1439,1,6,13,5,1,4,2
1440,0,6,13,5,2,1,2
1441,0,6,13,5,0,4,1
1442,1,6,13,5,2,1,2
1443,-1,6,13,5,0,4,2
1444,10,6,13,5,1,4,1
1445,1,6,13,5,0,4,0
1446,0,6,13,5,1,2,2
1447,1,6,13,5,1,4,2
1448,-1,6,13,5,0,2,2
1449,0,6,13,5,1,0,1
1450,0,6,13,5,1,4,1
1451,0,6,13,5,1,4,1
1452,0,6,13,5,1,4,2
1453,-1,6,13,5,0,4,1
1454,1,6,13,5,0,3,0
1455,1,6,13,5,1,4,0
1456,0,6,13,5,1,0,0
1457,0,6,13,5,0,4,0
1458,-1,6,13,5,2,1,0
1459,1,6,13,5,1,0,1
1460,0,6,13,5,1,0,2
1461,1,6,13,5,1,4,1
1462,0,6,13,5,0,0,0
1463,1,6,13,5,1,0,2
1464,1,7,8,1,0,4,2
1465,0,7,8,1,2,1,2
1466,0,7,8,1,0,0,2
1467,0,7,8,1,1,4,2
1468,0,7,8,1,2,1,2
1469,0,7,8,1,0,3,2
1470,0,7,8,1,1,2,2
1471,0,7,8,1,1,2,2
1472,0,7,8,1,1,4,2
1473,0,7,8,1,2,1,1
1474,-1,7,8,1,0,4,0
1475,0,7,8,1,2,1,2
1476,0,7,8,1,0,4,2
1477,-1,7,8,1,1,4,2
1478,1,7,8,1,0,4,1
1479,-1,7,8,1,1,2,2
1480,1,7,8,1,1,4,2
1481,1,7,8,1,0,2,2
1482,0,7,8,1,1,0,2
1483,-1,7,8,1,1,4,0
1484,0,7,8,1,1,4,2
1485,1,7,8,1,1,4,1
1486,0,7,8,1,0,4,1
1487,0,7,8,1,0,3,1
1488,0,7,8,1,1,4,0
1489,-1,7,8,1,1,0,0
1490,1,7,8,1,0,4,2
1491,1,7,8,1,2,1,0
1492,-1,7,8,1,1,0,0
1493,0,7,8,1,1,0,2
1494,0,7,8,1,1,4,2
1495,1,7,8,1,0,0,0
1496,0,7,8,1,1,0,0
1497,1,6,2,2,0,3,1
1498,-1,6,2,2,0,4,2
1499,1,6,2,2,2,1,2
1500,0,6,2,2,0,0,2
1501,1,6,2,2,1,4,2
1502,0,6,2,2,2,1,2
1503,-1,6,2,2,0,3,0
1504,0,6,2,2,1,2,1
1505,1,6,2,2,1,2,2
1506,0,6,2,2,1,4,2
1507,0,6,2,2,2,1,2
1508,0,6,2,2,0,4,1
1509,-1,6,2,2,2,1,2
1510,0,6,2,2,0,4,2
1511,-1,6,2,2,1,4,1
1512,1,6,2,2,0,4,0
1513,-1,6,2,2,1,2,2
1514,0,6,2,2,1,4,2
1515,0,6,2,2,0,2,2
1516,0,6,2,2,1,0,1
1517,0,6,2,2,1,4,1
1518,1,6,2,2,1,4,1
1519,-1,6,2,2,1,4,2
1520,0,6,2,2,0,4,1
1521,0,6,2,2,0,3,0
1522,0,6,2,2,1,4,0
1523,-1,6,2,2,1,0,0
1524,0,6,2,2,0,4,0
1525,0,6,2,2,2,1,0
1526,0,6,2,2,1,0,1
1527,0,6,2,2,1,0,2
1528,1,6,2,2,1,4,1
1529,-1,6,2,2,0,0,0
1530,0,6,2,2,1,0,2
1531,0,3,13,0,0,3,1
1532,-1,3,13,0,0,4,2
1533,1,3,13,0,2,1,2
1534,0,3,13,0,0,0,1
1535,-1,3,13,0,1,4,0
1536,0,3,13,0,2,1,1
1537,0,3,13,0,0,3,0
1538,-1,3,13,0,1,2,2
1539,0,3,13,0,1,2,2
1540,0,3,13,0,1,4,2
1541,0,3,13,0,2,1,2
1542,0,3,13,0,0,4,1
1543,-1,3,13,0,2,1,2
1544,0,3,13,0,0,4,2
1545,0,3,13,0,1,4,1
1546,1,3,13,0,0,4,2
1547,-1,3,13,0,1,2,2
1548,0,3,13,0,1,4,2
1549,0,3,13,0,0,2,2
1550,0,3,13,0,1,0,2
1551,0,3,13,0,1,4,1
1552,0,3,13,0,1,4,2
1553,1,3,13,0,1,4,1
1554,1,3,13,0,0,4,0
1555,1,3,13,0,0,3,1
1556,0,3,13,0,1,4,2
1557,0,3,13,0,1,0,2
1558,0,3,13,0,0,4,2
1559,0,3,13,0,2,1,1
1560,0,3,13,0,1,0,0
1561,-1,3,13,0,1,0,2
1562,0,3,13,0,1,4,2
1563,0,3,13,0,0,0,1
1564,1,3,13,0,1,0,0
1565,0,3,11,5,0,3,1
1566,0,3,11,0,0,3,1
1567,0,3,11,5,0,4,2
1568,0,3,11,0,0,4,2
1569,0,3,11,5,2,1,2
1570,0,3,11,0,2,1,2
1571,0,3,11,5,0,0,1
1572,0,3,11,0,0,0,1
1573,0,3,11,5,1,4,0
1574,0,3,11,0,1,4,0
1575,0,3,11,5,2,1,1
1576,0,3,11,0,2,1,1
1577,-1,3,11,5,0,3,0
1578,-1,3,11,0,0,3,0
1579,1,3,11,5,1,2,2
1580,1,3,11,0,1,2,2
1581,0,3,11,5,1,2,2
1582,0,3,11,0,1,2,2
1583,-1,3,11,5,1,4,2
1584,-1,3,11,0,1,4,2
1585,0,3,11,5,2,1,2
1586,0,3,11,0,2,1,2
1587,0,3,11,5,0,4,1
1588,0,3,11,0,0,4,1
1589,0,3,11,5,2,1,2
1590,0,3,11,0,2,1,2
1591,1,3,11,5,0,4,2
1592,1,3,11,0,0,4,2
1593,-1,3,11,5,1,4,1
1594,-1,3,11,0,1,4,1
1595,1,3,11,5,0,4,2
1596,1,3,11,0,0,4,2
1597,-1,3,11,5,1,2,2
1598,-1,3,11,0,1,2,2
1599,1,3,11,5,1,4,2
1600,1,3,11,0,1,4,2
1601,1,3,11,5,0,2,2
1602,1,3,11,0,0,2,2
1603,0,3,11,5,1,0,2
1604,0,3,11,0,1,0,2
1605,0,3,11,5,1,4,1
1606,0,3,11,0,1,4,1
1607,0,3,11,5,1,4,2
1608,0,3,11,0,1,4,2
1609,0,3,11,5,1,4,1
1610,0,3,11,0,1,4,1
1611,1,3,11,5,0,4,0
1612,1,3,11,0,0,4,0
1613,0,3,11,5,0,3,1
1614,0,3,11,0,0,3,1
1615,0,3,11,5,1,4,2
1616,0,3,11,0,1,4,2
1617,0,3,11,5,1,0,2
1618,0,3,11,0,1,0,2
1619,0,3,11,5,0,4,2
1620,0,3,11,0,0,4,2
1621,0,3,11,5,2,1,1
1622,0,3,11,0,2,1,1
1623,0,3,11,5,1,0,0
1624,0,3,11,0,1,0,0
1625,-1,3,11,5,1,0,2
1626,-1,3,11,0,1,0,2
1627,0,3,11,5,1,4,2
1628,0,3,11,0,1,4,2
1629,1,3,11,5,0,0,1
1630,1,3,11,0,0,0,1
1631,-1,3,11,5,1,0,0
1632,-1,3,11,0,1,0,0
1633,0,0,5,5,2,1,2
1634,0,0,5,5,0,0,2
1635,0,0,5,5,1,4,2
1636,1,0,5,5,2,1,2
1637,10,0,5,5,0,3,2
1638,1,0,5,5,1,2,2
1639,0,0,5,5,1,2,2
1640,1,0,5,5,1,4,2
1641,0,0,5,5,2,1,2
1642,0,0,5,5,0,4,2
1643,1,0,5,5,2,1,2
1644,0,0,5,5,0,4,2
1645,0,0,5,5,1,4,2
1646,0,0,5,5,0,4,2
1647,0,0,5,5,1,2,2
1648,-1,0,5,5,1,4,2
1649,0,0,5,5,0,2,2
1650,0,0,5,5,1,0,2
1651,0,0,5,5,1,4,2
1652,0,0,5,5,1,4,2
1653,1,0,5,5,1,4,2
1654,0,0,5,5,0,4,2
1655,0,0,5,5,0,3,2
1656,0,0,5,5,1,4,2
1657,0,0,5,5,1,0,2
1658,0,0,5,5,0,4,2
1659,0,0,5,5,2,1,2
1660,1,0,5,5,1,0,2
1661,-1,0,5,5,1,0,2
1662,0,0,5,5,1,4,2
1663,0,0,5,5,0,0,2
1664,0,0,5,5,1,0,2
1665,10,7,17,5,0,4,2
1666,10,7,17,5,2,1,2
1667,0,7,17,5,0,0,2
1668,1,7,17,5,1,4,2
1669,0,7,17,5,2,1,2
1670,0,7,17,5,0,3,2
1671,0,7,17,5,1,2,2
1672,-1,7,17,5,1,2,2
1673,-1,7,17,5,1,4,2
1674,-1,7,17,5,2,1,1
1675,10,7,17,5,0,4,0
1676,1,7,17,5,2,1,2
1677,-1,7,17,5,0,4,2
1678,0,7,17,5,1,4,2
1679,0,7,17,5,0,4,1
1680,0,7,17,5,1,2,2
1681,0,7,17,5,1,4,2
1682,0,7,17,5,0,2,2
1683,0,7,17,5,1,0,2
1684,0,7,17,5,1,4,0
1685,0,7,17,5,1,4,2
1686,1,7,17,5,1,4,1
1687,0,7,17,5,0,4,1
1688,0,7,17,5,0,3,1
1689,1,7,17,5,1,4,0
1690,0,7,17,5,1,0,0
1691,0,7,17,5,0,4,2
1692,0,7,17,5,2,1,0
1693,0,7,17,5,1,0,0
1694,0,7,17,5,1,0,2
1695,0,7,17,5,1,4,2
1696,1,7,17,5,0,0,0
1697,-1,7,17,5,1,0,0
1698,1,4,13,5,0,4,1
1699,1,4,13,5,2,1,2
1700,0,4,13,5,0,0,2
1701,1,4,13,5,1,4,1
1702,0,4,13,5,2,1,2
1703,0,4,13,5,0,3,0
1704,0,4,13,5,1,2,1
1705,0,4,13,5,1,2,2
1706,0,4,13,5,1,4,2
1707,0,4,13,5,2,1,2
1708,-1,4,13,5,0,4,1
1709,1,4,13,5,2,1,1
1710,-1,4,13,5,0,4,2
1711,0,4,13,5,1,4,2
1712,0,4,13,5,0,4,1
1713,0,4,13,5,1,2,1
1714,1,4,13,5,1,4,1
1715,0,4,13,5,0,2,2
1716,-1,4,13,5,1,0,1
1717,0,4,13,5,1,4,0
1718,0,4,13,5,1,4,2
1719,0,4,13,5,1,4,1
1720,0,4,13,5,0,4,1
1721,0,4,13,5,0,3,1
1722,0,4,13,5,1,4,0
1723,0,4,13,5,1,0,1
1724,0,4,13,5,0,4,0
1725,1,4,13,5,2,1,1
1726,0,4,13,5,1,0,1
1727,-1,4,13,5,1,0,2
1728,0,4,13,5,1,4,1
1729,0,4,13,5,0,0,0
1730,1,4,13,5,1,0,2
1755,-1,9,10,2,1,0,0
1756,-1,9,10,2,1,4,2
1757,-1,9,10,2,0,0,1
1758,-1,9,10,2,1,0,0
1759,0,6,8,3,2,1,2
1760,-1,6,8,3,0,0,2
1761,1,6,8,3,1,4,2
1762,0,6,8,3,2,1,2
1763,1,6,8,3,0,3,0
1764,1,6,8,3,1,2,1
1765,0,6,8,3,1,2,2
1766,-1,6,8,3,1,4,2
1767,-1,6,8,3,2,1,2
1768,1,6,8,3,0,4,1
1769,-1,6,8,3,2,1,2
1770,0,6,8,3,0,4,2
1771,0,6,8,3,1,4,1
1772,0,6,8,3,0,4,0
1773,0,6,8,3,1,2,2
1774,0,6,8,3,1,4,2
1775,1,6,8,3,0,2,2
1776,1,6,8,3,1,0,1
1777,1,6,8,3,1,4,1
1778,-1,6,8,3,1,4,1
1779,1,6,8,3,1,4,2
1780,-1,6,8,3,0,4,1
1781,-1,6,8,3,0,3,0
1782,0,6,8,3,1,4,0
1783,0,6,8,3,1,0,0
1784,-1,6,8,3,0,4,0
1785,0,6,8,3,2,1,0
1786,1,6,8,3,1,0,1
1787,-1,6,8,3,1,0,2
1788,1,6,8,3,1,4,1
1789,-1,6,8,3,0,0,0
1790,-1,6,8,3,1,0,2
1791,0,2,10,1,0,0,2
1792,0,2,10,1,1,4,1
1793,-1,2,10,1,2,1,2
1794,0,2,10,1,0,3,1
1795,0,2,10,1,1,2,1
1796,0,2,10,1,1,2,2
1797,0,2,10,1,1,4,1
1798,0,2,10,1,2,1,2
1799,0,2,10,1,0,4,2
1800,0,2,10,1,2,1,2
1801,0,2,10,1,0,4,2
1802,0,2,10,1,1,4,1
1803,0,2,10,1,0,4,1
1804,0,2,10,1,1,2,2
1805,1,2,10,1,1,4,2
1806,0,2,10,1,0,2,1
1807,-1,2,10,1,1,0,2
1808,0,2,10,1,1,4,0
1809,0,2,10,1,1,4,2
1810,0,2,10,1,1,4,2
1811,0,2,10,1,0,4,0
1812,0,2,10,1,0,3,0
1813,0,2,10,1,1,4,2
1814,0,2,10,1,1,0,2
1815,0,2,10,1,0,4,0
1816,0,2,10,1,2,1,2
1817,1,2,10,1,1,0,1
1818,-1,2,10,1,1,0,2
1819,0,2,10,1,1,4,1
1820,0,2,10,1,0,0,0
1821,0,2,10,1,1,0,1
1822,1,9,13,0,0,4,2
1823,0,9,13,0,2,1,2
1824,1,9,13,0,0,0,1
1825,0,9,13,0,1,4,0
1826,0,9,13,0,2,1,1
1827,0,9,13,0,0,3,0
1828,0,9,13,0,1,2,2
1829,0,9,13,0,1,2,2
1830,-1,9,13,0,1,4,2
1831,0,9,13,0,2,1,2
1832,0,9,13,0,0,4,1
1833,-1,9,13,0,2,1,2
1834,0,9,13,0,0,4,1
1835,0,9,13,0,1,4,2
1836,0,9,13,0,0,4,1
1837,1,9,13,0,1,2,2
1838,0,9,13,0,1,4,2
1839,1,9,13,0,0,2,2
1840,0,9,13,0,1,0,2
1841,0,9,13,0,1,4,1
1842,0,9,13,0,1,4,1
1843,1,9,13,0,1,4,0
1844,0,9,13,0,0,4,0
1845,1,9,13,0,0,3,1
1846,0,9,13,0,1,4,0
1847,1,9,13,0,1,0,1
1848,0,9,13,0,0,4,2
1849,-1,9,13,0,2,1,0
1850,1,9,13,0,1,0,0
1851,0,9,13,0,1,0,0
1852,0,9,13,0,1,4,2
1853,1,9,13,0,0,0,1
1854,0,9,13,0,1,0,0
1855,-1,1,17,5,1,0,1
1856,10,1,17,5,2,1,0
1857,1,1,17,5,1,0,0
1858,0,1,17,5,1,0,1
1859,-1,1,17,5,1,4,0
1860,-1,1,17,5,0,0,0
1861,0,1,17,5,1,0,2
1862,1,7,10,0,0,4,2
1863,0,7,10,0,2,1,2
1864,0,7,10,0,0,0,2
1865,0,7,10,0,1,4,2
1866,0,7,10,0,2,1,2
1867,0,7,10,0,0,3,2
1868,0,7,10,0,1,2,2
1869,0,7,10,0,1,2,2
1870,-1,7,10,0,1,4,2
1871,-1,7,10,0,2,1,1
1872,-1,7,10,0,0,4,0
1873,0,7,10,0,2,1,2
1874,1,7,10,0,0,4,2
1875,-1,7,10,0,1,4,2
1876,-1,7,10,0,0,4,1
1877,-1,7,10,0,1,2,2
1878,-1,7,10,0,1,4,2
1879,0,7,10,0,0,2,2
1880,1,7,10,0,1,0,2
1881,1,7,10,0,1,4,0
1882,0,7,10,0,1,4,2
1883,-1,7,10,0,1,4,1
1884,1,7,10,0,0,4,1
1885,0,7,10,0,0,3,1
1886,0,7,10,0,1,4,0
1887,0,7,10,0,1,0,0
1888,0,7,10,0,0,4,2
1889,0,7,10,0,2,1,0
1890,1,7,10,0,1,0,0
1891,0,7,10,0,1,0,2
1892,-1,7,10,0,1,4,2
1893,0,7,10,0,0,0,0
1894,0,7,10,0,1,0,0
1895,0,7,10,0,0,4,2
1896,1,7,10,0,0,3,1
1897,0,7,10,0,0,4,2
1898,1,7,10,0,2,1,2
1899,0,7,10,0,0,0,2
1900,0,7,10,0,1,4,2
1901,0,7,10,0,2,1,2
1902,0,7,10,0,0,3,2
1903,1,7,10,0,1,2,2
1904,-1,7,10,0,1,2,2
1905,1,7,10,0,1,4,2
1906,-1,7,10,0,2,1,1
1907,1,7,10,0,0,4,0
1908,0,7,10,0,2,1,2
1909,-1,7,10,0,0,4,2
1910,0,7,10,0,1,4,2
1911,0,7,10,0,0,4,1
1912,1,7,10,0,1,2,2
1913,-1,7,10,0,1,4,2
1914,1,7,10,0,0,2,2
1915,-1,7,10,0,1,0,2
1916,0,7,10,0,1,4,0
1917,1,7,10,0,1,4,2
1918,1,7,10,0,1,4,1
1919,1,7,10,0,0,4,1
1920,-1,7,10,0,0,3,1
1921,0,7,10,0,1,4,0
1922,0,7,10,0,1,0,0
1923,0,7,10,0,0,4,2
1924,0,7,10,0,2,1,0
1925,1,7,10,0,1,0,0
1926,-1,7,10,0,1,0,2
1927,0,7,10,0,1,4,2
1928,0,7,10,0,0,0,0
1929,0,7,10,0,1,0,0
1930,1,7,10,1,0,3,1
1931,0,7,10,1,0,4,2
1932,0,7,10,1,2,1,2
1933,0,7,10,1,0,0,2
1934,0,7,10,1,1,4,2
1935,0,7,10,1,2,1,2
1936,0,7,10,1,0,3,2
1937,0,7,10,1,1,2,2
1938,-1,7,10,1,1,2,2
1939,0,7,10,1,1,4,2
1940,-1,7,10,1,2,1,1
1941,0,7,10,1,0,4,0
1942,1,7,10,1,2,1,2
1943,-1,7,10,1,0,4,2
1944,0,7,10,1,1,4,2
1945,0,7,10,1,0,4,1
1946,-1,7,10,1,1,2,2
1947,0,7,10,1,1,4,2
1948,0,7,10,1,0,2,2
1949,0,7,10,1,1,0,2
1950,0,7,10,1,1,4,0
1951,-1,7,10,1,1,4,2
1952,1,7,10,1,1,4,1
1953,0,7,10,1,0,4,1
1954,1,7,10,1,0,3,1
1955,0,7,10,1,1,4,0
1956,1,7,10,1,1,0,0
1957,0,7,10,1,0,4,2
1958,-1,7,10,1,2,1,0
1959,1,7,10,1,1,0,0
1960,0,7,10,1,1,0,2
1961,0,7,10,1,1,4,2
1962,0,7,10,1,0,0,0
1963,-1,7,10,1,1,0,0
1964,1,6,13,0,0,3,1
1965,1,6,13,0,0,3,1
1966,0,6,13,0,0,4,2
1967,0,6,13,0,0,4,2
1968,1,6,13,0,0,4,0
1969,1,6,13,0,0,4,0
1970,-1,6,13,0,2,1,0
1971,-1,6,13,0,2,1,0
1972,1,6,13,0,1,0,1
1973,1,6,13,0,1,0,1
1974,1,6,13,0,1,0,2
1975,1,6,13,0,1,0,2
1976,-1,6,13,0,1,4,1
1977,-1,6,13,0,1,4,1
1978,-1,6,13,0,0,0,0
1979,-1,6,13,0,0,0,0
1980,1,6,13,0,1,0,2
1981,1,6,13,0,1,0,2
1982,-1,1,23,5,1,4,1
1983,1,1,23,5,2,1,2
1984,1,1,23,5,0,3,0
1985,1,1,23,5,1,2,1
1986,1,1,23,5,1,2,2
1987,0,1,23,5,1,4,1
1988,0,1,23,5,2,1,2
1989,0,1,23,5,0,4,1
1990,-1,1,23,5,2,1,1
1991,0,1,23,5,0,4,1
1992,-1,1,23,5,1,4,0
1993,1,1,23,5,0,4,2
1994,1,1,23,5,1,2,1
1995,0,1,23,5,1,4,2
1996,0,1,23,5,0,2,1
1997,0,1,23,5,1,0,0
1998,-1,1,23,5,1,4,0
1999,1,1,23,5,1,4,2
2000,-1,1,23,5,1,4,2
2001,1,1,23,5,0,4,2
2002,0,1,23,5,0,3,1
2003,0,1,23,5,1,4,1
2004,0,1,23,5,1,0,1
2005,-1,1,23,5,0,4,1
2006,0,1,23,5,2,1,0
2007,0,1,23,5,1,0,0
2008,0,1,23,5,1,0,1
2009,0,1,23,5,1,4,0
2010,1,1,23,5,0,0,0
2011,0,1,23,5,1,0,2
2012,1,7,10,1,0,3,1
2013,0,7,10,1,0,4,2
2014,1,7,10,1,2,1,2
2015,0,7,10,1,0,0,2
2016,0,7,10,1,1,4,2
2017,0,7,10,1,2,1,2
2018,0,7,10,1,0,3,2
2019,0,7,10,1,1,2,2
2020,0,7,10,1,1,2,2
2021,0,7,10,1,1,4,2
2022,-1,7,10,1,2,1,1
2023,0,7,10,1,0,4,0
2024,0,7,10,1,2,1,2
2025,0,7,10,1,0,4,2
2026,0,7,10,1,1,4,2
2027,0,7,10,1,0,4,1
2028,0,7,10,1,1,2,2
2029,1,7,10,1,1,4,2
2030,0,7,10,1,0,2,2
2031,0,7,10,1,1,0,2
2032,0,7,10,1,1,4,0
2033,-1,7,10,1,1,4,2
2034,1,7,10,1,1,4,1
2035,0,7,10,1,0,4,1
2036,0,7,10,1,0,3,1
2037,0,7,10,1,1,4,0
2038,0,7,10,1,1,0,0
2039,-1,7,10,1,0,4,2
2040,-1,7,10,1,2,1,0
2041,1,7,10,1,1,0,0
2042,-1,7,10,1,1,0,2
2043,0,7,10,1,1,4,2
2044,0,7,10,1,0,0,0
2045,0,7,10,1,1,0,0
2046,10,2,10,1,2,1,2
2047,1,2,10,1,0,0,2
2048,-1,2,10,1,1,4,1
2049,1,2,10,1,2,1,2
2050,0,2,10,1,0,3,1
2051,0,2,10,1,1,2,1
2052,-1,2,10,1,1,2,2
2053,1,2,10,1,1,4,1
2054,-1,2,10,1,2,1,2
2055,-1,2,10,1,0,4,2
2056,10,2,10,1,2,1,2
2057,0,2,10,1,0,4,2
2058,0,2,10,1,1,4,1
2059,1,2,10,1,0,4,1
2060,-1,2,10,1,1,2,2
2061,0,2,10,1,1,4,2
2062,0,2,10,1,0,2,1
2063,-1,2,10,1,1,0,2
2064,0,2,10,1,1,4,0
2065,0,2,10,1,1,4,2
2066,0,2,10,1,1,4,2
2067,0,2,10,1,0,4,0
2068,1,2,10,1,0,3,0
2069,10,2,10,1,1,4,2
2070,-1,2,10,1,1,0,2
2071,0,2,10,1,0,4,0
2072,0,2,10,1,2,1,2
2073,1,2,10,1,1,0,1
2074,-1,2,10,1,1,0,2
2075,0,2,10,1,1,4,1
2076,1,2,10,1,0,0,0
2077,0,2,10,1,1,0,1
2078,1,4,2,1,0,3,2
2079,0,4,2,1,0,4,1
2080,0,4,2,1,2,1,2
2081,0,4,2,1,0,0,2
2082,0,4,2,1,1,4,1
2083,0,4,2,1,2,1,2
2084,0,4,2,1,0,3,0
2085,0,4,2,1,1,2,1
2086,0,4,2,1,1,2,2
2087,0,4,2,1,1,4,2
2088,0,4,2,1,2,1,2
2089,0,4,2,1,0,4,1
2090,0,4,2,1,2,1,1
2091,0,4,2,1,0,4,2
2092,0,4,2,1,1,4,2
2093,0,4,2,1,0,4,1
2094,-1,4,2,1,1,2,1
2095,-1,4,2,1,1,4,1
2096,1,4,2,1,0,2,2
2097,0,4,2,1,1,0,1
2098,1,4,2,1,1,4,0
2099,1,4,2,1,1,4,2
2100,0,4,2,1,1,4,1
2101,0,4,2,1,0,4,1
2102,0,4,2,1,0,3,1
2103,-1,4,2,1,1,4,0
2104,1,4,2,1,1,0,1
2105,1,4,2,1,0,4,0
2106,0,4,2,1,2,1,1
2107,0,4,2,1,1,0,1
2108,-1,4,2,1,1,0,2
2109,0,4,2,1,1,4,1
2110,0,4,2,1,0,0,0
2111,0,4,2,1,1,0,2
2112,0,6,10,2,0,4,2
2113,0,6,10,2,2,1,2
2114,0,6,10,2,0,0,2
2115,0,6,10,2,1,4,2
2116,1,6,10,2,2,1,2
2117,-1,6,10,2,0,3,0
2118,0,6,10,2,1,2,1
2119,-1,6,10,2,1,2,2
2120,1,6,10,2,1,4,2
2121,-1,6,10,2,2,1,2
2122,0,6,10,2,0,4,1
2123,0,6,10,2,2,1,2
2124,1,6,10,2,0,4,2
2125,0,6,10,2,1,4,1
2126,0,6,10,2,0,4,0
2127,0,6,10,2,1,2,2
2128,0,6,10,2,1,4,2
2129,0,6,10,2,0,2,2
2130,0,6,10,2,1,0,1
2131,-1,6,10,2,1,4,1
2132,-1,6,10,2,1,4,1
2133,0,6,10,2,1,4,2
2134,-1,6,10,2,0,4,1
2135,0,6,10,2,0,3,0
2136,0,6,10,2,1,4,0
2137,0,6,10,2,1,0,0
2138,1,6,10,2,0,4,0
2139,0,6,10,2,2,1,0
2140,-10,6,10,2,1,0,1
2141,10,6,10,2,1,0,2
2142,1,6,10,2,1,4,1
2143,-1,6,10,2,0,0,0
2144,-1,6,10,2,1,0,2
2145,10,2,4,2,1,2,1
2146,-1,2,4,2,1,2,2
2147,0,2,4,2,1,4,1
2148,-1,2,4,2,2,1,2
2149,-1,2,4,2,0,4,2
2150,1,2,4,2,2,1,2
2151,-1,2,4,2,0,4,2
2152,-1,2,4,2,1,4,1
2153,0,2,4,2,0,4,1
2154,1,2,4,2,1,2,2
2155,1,2,4,2,1,4,2
2156,0,2,4,2,0,2,1
2157,-1,2,4,2,1,0,2
2158,0,2,4,2,1,4,0
2159,0,2,4,2,1,4,2
2160,0,2,4,2,1,4,2
2161,0,2,4,2,0,4,0
2162,0,2,4,2,0,3,0
2163,0,2,4,2,1,4,2
2164,-1,2,4,2,1,0,2
2165,-1,2,4,2,0,4,0
2166,-1,2,4,2,2,1,2
2167,1,2,4,2,1,0,1
2168,0,2,4,2,1,0,2
2169,0,2,4,2,1,4,1
2170,-1,2,4,2,0,0,0
2171,-1,2,4,2,1,0,1
2172,0,5,4,2,0,3,1
2173,-1,5,4,2,0,4,1
2174,0,5,4,2,2,1,2
2175,0,5,4,2,0,0,2
2176,0,5,4,2,1,4,2
2177,0,5,4,2,2,1,2
2178,0,5,4,2,0,3,1
2179,0,5,4,2,1,2,1
2180,0,5,4,2,1,2,2
2181,0,5,4,2,1,4,2
2182,1,5,4,2,2,1,2
2183,-1,5,4,2,0,4,2
2184,0,5,4,2,2,1,2
2185,-1,5,4,2,0,4,2
2186,0,5,4,2,1,4,1
2187,0,5,4,2,0,4,1
2188,-1,5,4,2,1,2,2
2189,1,5,4,2,1,4,2
2190,0,5,4,2,0,2,2
2191,0,5,4,2,1,0,1
2192,1,5,4,2,1,4,0
2193,-1,5,4,2,1,4,2
2194,-1,5,4,2,1,4,2
2195,1,5,4,2,0,4,1
2196,0,5,4,2,0,3,0
2197,0,5,4,2,1,4,1
2198,0,5,4,2,1,0,2
2199,0,5,4,2,0,4,1
2200,0,5,4,2,2,1,1
2201,1,5,4,2,1,0,2
2202,-1,5,4,2,1,0,1
2203,0,5,4,2,1,4,0
2204,0,5,4,2,0,0,0
2205,-1,5,4,2,1,0,1
2206,1,6,10,2,2,1,2
2207,0,6,10,2,0,0,2
2208,0,6,10,2,1,4,2
2209,1,6,10,2,2,1,2
2210,0,6,10,2,0,3,0
2211,1,6,10,2,1,2,1
2212,1,6,10,2,1,2,2
2213,0,6,10,2,1,4,2
2214,0,6,10,2,2,1,2
2215,1,6,10,2,0,4,1
2216,0,6,10,2,2,1,2
2217,0,6,10,2,0,4,2
2218,0,6,10,2,1,4,1
2219,-1,6,10,2,0,4,0
2220,0,6,10,2,1,2,2
2221,0,6,10,2,1,4,2
2222,-1,6,10,2,0,2,2
2223,-1,6,10,2,1,0,1
2224,-1,6,10,2,1,4,1
2225,0,6,10,2,1,4,1
2226,0,6,10,2,1,4,2
2227,1,6,10,2,0,4,1
2228,-1,6,10,2,0,3,0
2229,0,6,10,2,1,4,0
2230,0,6,10,2,1,0,0
2231,0,6,10,2,0,4,0
2232,0,6,10,2,2,1,0
2233,0,6,10,2,1,0,1
2234,1,6,10,2,1,0,2
2235,0,6,10,2,1,4,1
2236,0,6,10,2,0,0,0
2237,0,6,10,2,1,0,2
2238,1,6,12,3,2,1,2
2239,0,6,12,3,0,0,2
2240,0,6,12,3,1,4,2
2241,0,6,12,3,2,1,2
2242,0,6,12,3,0,3,0
2243,0,6,12,3,1,2,1
2244,0,6,12,3,1,2,2
2245,0,6,12,3,1,4,2
2246,0,6,12,3,2,1,2
2247,0,6,12,3,0,4,1
2248,0,6,12,3,2,1,2
2249,0,6,12,3,0,4,2
2250,0,6,12,3,1,4,1
2251,0,6,12,3,0,4,0
2252,0,6,12,3,1,2,2
2253,0,6,12,3,1,4,2
2254,0,6,12,3,0,2,2
2255,0,6,12,3,1,0,1
2256,0,6,12,3,1,4,1
2257,0,6,12,3,1,4,1
2258,1,6,12,3,1,4,2
2259,-1,6,12,3,0,4,1
2260,0,6,12,3,0,3,0
2261,0,6,12,3,1,4,0
2262,-1,6,12,3,1,0,0
2263,-1,6,12,3,0,4,0
2264,-1,6,12,3,2,1,0
2265,-1,6,12,3,1,0,1
2266,1,6,12,3,1,0,2
2267,10,6,12,3,1,4,1
2268,-1,6,12,3,0,0,0
2269,-1,6,12,3,1,0,2
2270,-1,1,2,2,0,4,2
2271,-1,1,2,2,2,1,2
2272,0,1,2,2,0,0,2
2273,-1,1,2,2,1,4,1
2274,0,1,2,2,2,1,2
2275,1,1,2,2,0,3,0
2276,-1,1,2,2,1,2,1
2277,1,1,2,2,1,2,2
2278,0,1,2,2,1,4,1
2279,0,1,2,2,2,1,2
2280,0,1,2,2,0,4,1
2281,0,1,2,2,2,1,1
2282,0,1,2,2,0,4,1
2283,1,1,2,2,1,4,0
2284,1,1,2,2,0,4,2
2285,-1,1,2,2,1,2,1
2286,1,1,2,2,1,4,2
2287,1,1,2,2,0,2,1
2288,-1,1,2,2,1,0,0
2289,0,1,2,2,1,4,0
2290,-1,1,2,2,1,4,2
2291,1,1,2,2,1,4,2
2292,1,1,2,2,0,4,2
2293,0,1,2,2,0,3,1
2294,0,1,2,2,1,4,1
2295,0,1,2,2,1,0,1
2296,1,1,2,2,0,4,1
2297,-1,1,2,2,2,1,0
2298,1,1,2,2,1,0,0
2299,0,1,2,2,1,0,1
2300,0,1,2,2,1,4,0
2301,1,1,2,2,0,0,0
2302,-1,1,2,2,1,0,2
2303,0,9,4,3,0,3,2
2304,1,9,4,3,0,4,2
2305,0,9,4,3,2,1,2
2306,0,9,4,3,0,0,1
2307,0,9,4,3,1,4,0
2308,1,9,4,3,2,1,1
2309,0,9,4,3,0,3,0
2310,0,9,4,3,1,2,2
2311,0,9,4,3,1,2,2
2312,0,9,4,3,1,4,2
2313,0,9,4,3,2,1,2
2314,0,9,4,3,0,4,1
2315,0,9,4,3,2,1,2
2316,0,9,4,3,0,4,1
2317,-1,9,4,3,1,4,2
2318,0,9,4,3,0,4,1
2319,-1,9,4,3,1,2,2
2320,1,9,4,3,1,4,2
2321,0,9,4,3,0,2,2
2322,0,9,4,3,1,0,2
2323,1,9,4,3,1,4,1
2324,0,9,4,3,1,4,1
2325,0,9,4,3,1,4,0
2326,0,9,4,3,0,4,0
2327,1,9,4,3,0,3,1
2328,-1,9,4,3,1,4,0
2329,-1,9,4,3,1,0,1
2330,-1,9,4,3,0,4,2
2331,-1,9,4,3,2,1,0
2332,1,9,4,3,1,0,0
2333,0,9,4,3,1,0,0
2334,-1,9,4,3,1,4,2
2335,1,9,4,3,0,0,1
2336,-1,9,4,3,1,0,0
2337,0,6,10,1,0,4,2
2338,0,6,10,1,2,1,2
2339,0,6,10,1,0,0,2
2340,1,6,10,1,1,4,2
2341,0,6,10,1,2,1,2
2342,0,6,10,1,0,3,0
2343,0,6,10,1,1,2,1
2344,0,6,10,1,1,2,2
2345,0,6,10,1,1,4,2
2346,0,6,10,1,2,1,2
2347,0,6,10,1,0,4,1
2348,0,6,10,1,2,1,2
2349,0,6,10,1,0,4,2
2350,0,6,10,1,1,4,1
2351,0,6,10,1,0,4,0
2352,0,6,10,1,1,2,2
2353,1,6,10,1,1,4,2
2354,0,6,10,1,0,2,2
2355,0,6,10,1,1,0,1
2356,0,6,10,1,1,4,1
2357,0,6,10,1,1,4,1
2358,0,6,10,1,1,4,2
2359,0,6,10,1,0,4,1
2360,0,6,10,1,0,3,0
2361,0,6,10,1,1,4,0
2362,1,6,10,1,1,0,0
2363,0,6,10,1,0,4,0
2364,0,6,10,1,2,1,0
2365,1,6,10,1,1,0,1
2366,0,6,10,1,1,0,2
2367,0,6,10,1,1,4,1
2368,-1,6,10,1,0,0,0
2369,0,6,10,1,1,0,2
2370,0,6,4,2,2,1,2
2371,-1,6,4,2,0,0,2
2372,0,6,4,2,1,4,2
2373,1,6,4,2,2,1,2
2374,0,6,4,2,0,3,0
2375,-1,6,4,2,1,2,1
2376,-1,6,4,2,1,2,2
2377,0,6,4,2,1,4,2
2378,0,6,4,2,2,1,2
2379,-1,6,4,2,0,4,1
2380,1,6,4,2,2,1,2
2381,0,6,4,2,0,4,2
2382,0,6,4,2,1,4,1
2383,0,6,4,2,0,4,0
2384,0,6,4,2,1,2,2
2385,1,6,4,2,1,4,2
2386,0,6,4,2,0,2,2
2387,0,6,4,2,1,0,1
2388,0,6,4,2,1,4,1
2389,0,6,4,2,1,4,1
2390,0,6,4,2,1,4,2
2391,0,6,4,2,0,4,1
2392,0,6,4,2,0,3,0
2393,0,6,4,2,1,4,0
2394,0,6,4,2,1,0,0
2395,0,6,4,2,0,4,0
2396,-1,6,4,2,2,1,0
2397,1,6,4,2,1,0,1
2398,0,6,4,2,1,0,2
2399,0,6,4,2,1,4,1
2400,0,6,4,2,0,0,0
2401,0,6,4,2,1,0,2
2402,0,3,4,2,0,4,2
2403,0,3,4,2,2,1,2
2404,0,3,4,2,0,0,1
2405,0,3,4,2,1,4,0
2406,0,3,4,2,2,1,1
2407,0,3,4,2,0,3,0
2408,0,3,4,2,1,2,2
2409,0,3,4,2,1,2,2
2410,0,3,4,2,1,4,2
2411,0,3,4,2,2,1,2
2412,-1,3,4,2,0,4,1
2413,-1,3,4,2,2,1,2
2414,-1,3,4,2,0,4,2
2415,0,3,4,2,1,4,1
2416,1,3,4,2,0,4,2
2417,1,3,4,2,1,2,2
2418,-1,3,4,2,1,4,2
2419,-1,3,4,2,0,2,2
2420,0,3,4,2,1,0,2
2421,0,3,4,2,1,4,1
2422,-1,3,4,2,1,4,2
2423,1,3,4,2,1,4,1
2424,0,3,4,2,0,4,0
2425,10,3,4,2,0,3,1
2426,1,3,4,2,1,4,2
2427,0,3,4,2,1,0,2
2428,-1,3,4,2,0,4,2
2429,-1,3,4,2,2,1,1
2430,1,3,4,2,1,0,0
2431,0,3,4,2,1,0,2
2432,1,3,4,2,1,4,2
2433,0,3,4,2,0,0,1
2434,0,3,4,2,1,0,0
2435,-1,6,25,2,2,1,2
2436,1,6,25,2,0,0,2
2437,0,6,25,2,1,4,2
2438,0,6,25,2,2,1,2
2439,0,6,25,2,0,3,0
2440,-1,6,25,2,1,2,1
2441,1,6,25,2,1,2,2
2442,1,6,25,2,1,4,2
2443,0,6,25,2,2,1,2
2444,0,6,25,2,0,4,1
2445,0,6,25,2,2,1,2
2446,1,6,25,2,0,4,2
2447,0,6,25,2,1,4,1
2448,0,6,25,2,0,4,0
2449,1,6,25,2,1,2,2
2450,-1,6,25,2,1,4,2
2451,1,6,25,2,0,2,2
2452,1,6,25,2,1,0,1
2453,-1,6,25,2,1,4,1
2454,1,6,25,2,1,4,1
2455,0,6,25,2,1,4,2
2456,-1,6,25,2,0,4,1
2457,1,6,25,2,0,3,0
2458,-1,6,25,2,1,4,0
2459,0,6,25,2,1,0,0
2460,1,6,25,2,0,4,0
2461,-1,6,25,2,2,1,0
2462,10,6,25,2,1,0,1
2463,-1,6,25,2,1,0,2
2464,0,6,25,2,1,4,1
2465,0,6,25,2,0,0,0
2466,0,6,25,2,1,0,2
2467,0,6,9,1,0,4,2
2468,0,6,9,1,2,1,2
2469,0,6,9,1,0,0,2
2470,0,6,9,1,1,4,2
2471,0,6,9,1,2,1,2
2472,0,6,9,1,0,3,0
2473,1,6,9,1,1,2,1
2474,0,6,9,1,1,2,2
2475,0,6,9,1,1,4,2
2476,1,6,9,1,2,1,2
2477,0,6,9,1,0,4,1
2478,0,6,9,1,2,1,2
2479,1,6,9,1,0,4,2
2480,0,6,9,1,1,4,1
2481,0,6,9,1,0,4,0
2482,0,6,9,1,1,2,2
2483,1,6,9,1,1,4,2
2484,0,6,9,1,0,2,2
2485,0,6,9,1,1,0,1
2486,0,6,9,1,1,4,1
2487,0,6,9,1,1,4,1
2488,0,6,9,1,1,4,2
2489,0,6,9,1,0,4,1
2490,0,6,9,1,0,3,0
2491,0,6,9,1,1,4,0
2492,1,6,9,1,1,0,0
2493,0,6,9,1,0,4,0
2494,0,6,9,1,2,1,0
2495,-1,6,9,1,1,0,1
2496,0,6,9,1,1,0,2
2497,1,6,9,1,1,4,1
2498,0,6,9,1,0,0,0
2499,0,6,9,1,1,0,2
2500,10,4,17,5,1,4,1
2501,1,4,17,5,0,4,1
2502,0,4,17,5,0,3,1
2503,0,4,17,5,1,4,0
2504,-1,4,17,5,1,0,1
2505,1,4,17,5,0,4,0
2506,0,4,17,5,2,1,1
2507,1,4,17,5,1,0,1
2508,0,4,17,5,1,0,2
2509,0,4,17,5,1,4,1
2510,1,4,17,5,0,0,0
2511,-1,4,17,5,1,0,2
2512,10,1,17,5,1,2,2
2513,1,1,17,5,1,4,1
2514,0,1,17,5,2,1,2
2515,1,1,17,5,0,4,1
2516,0,1,17,5,2,1,1
2517,0,1,17,5,0,4,1
2518,1,1,17,5,1,4,0
2519,0,1,17,5,0,4,2
2520,0,1,17,5,1,2,1
2521,0,1,17,5,1,4,2
2522,0,1,17,5,0,2,1
2523,0,1,17,5,1,0,0
2524,-1,1,17,5,1,4,0
2525,1,1,17,5,1,4,2
2526,0,1,17,5,1,4,2
2527,0,1,17,5,0,4,2
2528,0,1,17,5,0,3,1
2529,0,1,17,5,1,4,1
2530,0,1,17,5,1,0,1
2531,1,1,17,5,0,4,1
2532,-1,1,17,5,2,1,0
2533,1,1,17,5,1,0,0
2534,0,1,17,5,1,0,1
2535,-1,1,17,5,1,4,0
2536,-1,1,17,5,0,0,0
2537,-1,1,17,5,1,0,2
2538,0,1,9,1,0,3,2
2539,0,1,9,1,0,4,2
2540,1,1,9,1,2,1,2
2541,0,1,9,1,0,0,2
2542,-1,1,9,1,1,4,1
2543,0,1,9,1,2,1,2
2544,0,1,9,1,0,3,0
2545,-1,1,9,1,1,2,1
2546,0,1,9,1,1,2,2
2547,1,1,9,1,1,4,1
2548,0,1,9,1,2,1,2
2549,0,1,9,1,0,4,1
2550,0,1,9,1,2,1,1
2551,0,1,9,1,0,4,1
2552,0,1,9,1,1,4,0
2553,0,1,9,1,0,4,2
2554,0,1,9,1,1,2,1
2555,0,1,9,1,1,4,2
2556,0,1,9,1,0,2,1
2557,0,1,9,1,1,0,0
2558,0,1,9,1,1,4,0
2559,0,1,9,1,1,4,2
2560,0,1,9,1,1,4,2
2561,0,1,9,1,0,4,2
2562,0,1,9,1,0,3,1
2563,0,1,9,1,1,4,1
2564,0,1,9,1,1,0,1
2565,0,1,9,1,0,4,1
2566,-1,1,9,1,2,1,0
2567,1,1,9,1,1,0,0
2568,0,1,9,1,1,0,1
2569,0,1,9,1,1,4,0
2570,0,1,9,1,0,0,0
2571,0,1,9,1,1,0,2
2572,-1,6,10,2,1,4,2
2573,1,6,10,2,2,1,2
2574,0,6,10,2,0,3,0
2575,0,6,10,2,1,2,1
2576,0,6,10,2,1,2,2
2577,0,6,10,2,1,4,2
2578,0,6,10,2,2,1,2
2579,-1,6,10,2,0,4,1
2580,0,6,10,2,2,1,2
2581,-1,6,10,2,0,4,2
2582,1,6,10,2,1,4,1
2583,-1,6,10,2,0,4,0
2584,0,6,10,2,1,2,2
2585,0,6,10,2,1,4,2
2586,0,6,10,2,0,2,2
2587,0,6,10,2,1,0,1
2588,0,6,10,2,1,4,1
2589,0,6,10,2,1,4,1
2590,0,6,10,2,1,4,2
2591,0,6,10,2,0,4,1
2592,0,6,10,2,0,3,0
2593,0,6,10,2,1,4,0
2594,0,6,10,2,1,0,0
2595,1,6,10,2,0,4,0
2596,-1,6,10,2,2,1,0
2597,1,6,10,2,1,0,1
2598,0,6,10,2,1,0,2
2599,0,6,10,2,1,4,1
2600,-1,6,10,2,0,0,0
2601,0,6,10,2,1,0,2
2602,0,2,13,0,1,2,1
2603,0,2,13,0,1,2,2
2604,0,2,13,0,1,4,1
2605,1,2,13,0,2,1,2
2606,-1,2,13,0,0,4,2
2607,1,2,13,0,2,1,2
2608,0,2,13,0,0,4,2
2609,0,2,13,0,1,4,1
2610,0,2,13,0,0,4,1
2611,0,2,13,0,1,2,2
2612,1,2,13,0,1,4,2
2613,0,2,13,0,0,2,1
2614,-1,2,13,0,1,0,2
2615,1,2,13,0,1,4,0
2616,0,2,13,0,1,4,2
2617,0,2,13,0,1,4,2
2618,0,2,13,0,0,4,0
2619,1,2,13,0,0,3,0
2620,0,2,13,0,1,4,2
2621,-1,2,13,0,1,0,2
2622,0,2,13,0,0,4,0
2623,-1,2,13,0,2,1,2
2624,1,2,13,0,1,0,1
2625,0,2,13,0,1,0,2
2626,0,2,13,0,1,4,1
2627,0,2,13,0,0,0,0
2628,0,2,13,0,1,0,1
2629,1,7,17,0,0,0,2
2630,0,7,17,0,1,4,2
2631,-1,7,17,0,2,1,2
2632,0,7,17,0,0,3,2
2633,1,7,17,0,1,2,2
2634,0,7,17,0,1,2,2
2635,0,7,17,0,1,4,2
2636,-1,7,17,0,2,1,1
2637,0,7,17,0,0,4,0
2638,0,7,17,0,2,1,2
2639,0,7,17,0,0,4,2
2640,0,7,17,0,1,4,2
2641,0,7,17,0,0,4,1
2642,0,7,17,0,1,2,2
2643,0,7,17,0,1,4,2
2644,1,7,17,0,0,2,2
2645,0,7,17,0,1,0,2
2646,-1,7,17,0,1,4,0
2647,0,7,17,0,1,4,2
2648,0,7,17,0,1,4,1
2649,0,7,17,0,0,4,1
2650,1,7,17,0,0,3,1
2651,10,7,17,0,1,4,0
2652,-1,7,17,0,1,0,0
2653,0,7,17,0,0,4,2
2654,-1,7,17,0,2,1,0
2655,1,7,17,0,1,0,0
2656,0,7,17,0,1,0,2
2657,1,7,17,0,1,4,2
2658,0,7,17,0,0,0,0
2659,0,7,17,0,1,0,0
2660,0,9,17,5,2,1,1
2661,0,9,17,5,0,3,0
2662,-1,9,17,5,1,2,2
2663,0,9,17,5,1,2,2
2664,0,9,17,5,1,4,2
2665,0,9,17,5,2,1,2
2666,-1,9,17,5,0,4,1
2667,1,9,17,5,2,1,2
2668,-1,9,17,5,0,4,1
2669,0,9,17,5,1,4,2
2670,1,9,17,5,0,4,1
2671,0,9,17,5,1,2,2
2672,1,9,17,5,1,4,2
2673,-1,9,17,5,0,2,2
2674,1,9,17,5,1,0,2
2675,0,9,17,5,1,4,1
2676,0,9,17,5,1,4,1
2677,1,9,17,5,1,4,0
2678,0,9,17,5,0,4,0
2679,0,9,17,5,0,3,1
2680,0,9,17,5,1,4,0
2681,0,9,17,5,1,0,1
2682,0,9,17,5,0,4,2
2683,0,9,17,5,2,1,0
2684,0,9,17,5,1,0,0
2685,1,9,17,5,1,0,0
2686,0,9,17,5,1,4,2
2687,1,9,17,5,0,0,1
2688,0,9,17,5,1,0,0
2689,1,9,13,5,0,4,2
2690,-1,9,13,5,2,1,2
2691,-1,9,13,5,0,0,1
2692,0,9,13,5,1,4,0
2693,-1,9,13,5,2,1,1
2694,1,9,13,5,0,3,0
2695,0,9,13,5,1,2,2
2696,0,9,13,5,1,2,2
2697,0,9,13,5,1,4,2
2698,0,9,13,5,2,1,2
2699,0,9,13,5,0,4,1
2700,0,9,13,5,2,1,2
2701,0,9,13,5,0,4,1
2702,0,9,13,5,1,4,2
2703,0,9,13,5,0,4,1
2704,0,9,13,5,1,2,2
2705,1,9,13,5,1,4,2
2706,0,9,13,5,0,2,2
2707,0,9,13,5,1,0,2
2708,0,9,13,5,1,4,1
2709,0,9,13,5,1,4,1
2710,1,9,13,5,1,4,0
2711,0,9,13,5,0,4,0
2712,1,9,13,5,0,3,1
2713,1,9,13,5,1,4,0
2714,0,9,13,5,1,0,1
2715,-1,9,13,5,0,4,2
2716,0,9,13,5,2,1,0
2717,1,9,13,5,1,0,0
2718,0,9,13,5,1,0,0
2719,0,9,13,5,1,4,2
2720,0,9,13,5,0,0,1
2721,0,9,13,5,1,0,0
2722,1,7,13,0,0,3,1
2723,0,7,13,0,0,4,2
2724,0,7,13,0,2,1,2
2725,0,7,13,0,0,0,2
2726,0,7,13,0,1,4,2
2727,0,7,13,0,2,1,2
2728,0,7,13,0,0,3,2
2729,0,7,13,0,1,2,2
2730,0,7,13,0,1,2,2
2731,0,7,13,0,1,4,2
2732,0,7,13,0,2,1,1
2733,0,7,13,0,0,4,0
2734,0,7,13,0,2,1,2
2735,0,7,13,0,0,4,2
2736,0,7,13,0,1,4,2
2737,0,7,13,0,0,4,1
2738,0,7,13,0,1,2,2
2739,0,7,13,0,1,4,2
2740,0,7,13,0,0,2,2
2741,0,7,13,0,1,0,2
2742,0,7,13,0,1,4,0
2743,0,7,13,0,1,4,2
2744,0,7,13,0,1,4,1
2745,1,7,13,0,0,4,1
2746,0,7,13,0,0,3,1
2747,0,7,13,0,1,4,0
2748,0,7,13,0,1,0,0
2749,0,7,13,0,0,4,2
2750,-1,7,13,0,2,1,0
2751,1,7,13,0,1,0,0
2752,0,7,13,0,1,0,2
2753,0,7,13,0,1,4,2
2754,0,7,13,0,0,0,0
2755,-1,7,13,0,1,0,0
2756,-1,6,25,1,0,3,0
2757,-1,6,25,1,1,2,1
2758,1,6,25,1,1,2,2
2759,1,6,25,1,1,4,2
2760,-1,6,25,1,2,1,2
2761,10,6,25,1,0,4,1
2762,-1,6,25,1,2,1,2
2763,0,6,25,1,0,4,2
2764,0,6,25,1,1,4,1
2765,0,6,25,1,0,4,0
2766,-1,6,25,1,1,2,2
2767,1,6,25,1,1,4,2
2768,1,6,25,1,0,2,2
2769,-1,6,25,1,1,0,1
2770,-1,6,25,1,1,4,1
2771,0,6,25,1,1,4,1
2772,0,6,25,1,1,4,2
2773,0,6,25,1,0,4,1
2774,0,6,25,1,0,3,0
2775,0,6,25,1,1,4,0
2776,-1,6,25,1,1,0,0
2777,1,6,25,1,0,4,0
2778,-1,6,25,1,2,1,0
2779,-1,6,25,1,1,0,1
2780,10,6,25,1,1,0,2
2781,1,6,25,1,1,4,1
2782,-1,6,25,1,0,0,0
2783,1,6,25,1,1,0,2
2784,-1,8,10,2,0,3,2
2785,0,8,10,2,0,4,1
2786,1,8,10,2,2,1,2
2787,0,8,10,2,0,0,2
2788,0,8,10,2,1,4,1
2789,0,8,10,2,2,1,2
2790,0,8,10,2,0,3,0
2791,0,8,10,2,1,2,1
2792,1,8,10,2,1,2,2
2793,-1,8,10,2,1,4,2
2794,-1,8,10,2,2,1,2
2795,-1,8,10,2,0,4,2
2796,0,8,10,2,2,1,2
2797,0,8,10,2,0,4,2
2798,0,8,10,2,1,4,0
2799,1,8,10,2,0,4,2
2800,1,8,10,2,1,2,1
2801,0,8,10,2,1,4,2
2802,1,8,10,2,0,2,0
2803,-1,8,10,2,1,0,2
2804,0,8,10,2,1,4,0
2805,0,8,10,2,1,4,2
2806,0,8,10,2,1,4,0
2807,0,8,10,2,0,4,1
2808,0,8,10,2,0,3,0
2809,0,8,10,2,1,4,1
2810,0,8,10,2,1,0,1
2811,0,8,10,2,0,4,1
2812,-1,8,10,2,2,1,1
2813,1,8,10,2,1,0,0
2814,0,8,10,2,1,0,2
2815,0,8,10,2,1,4,1
2816,0,8,10,2,0,0,0
2817,0,8,10,2,1,0,2
2818,-1,7,14,5,0,3,1
2819,-1,7,14,0,0,3,1
2820,0,7,14,5,0,4,2
2821,0,7,14,0,0,4,2
2822,0,7,14,5,2,1,2
2823,0,7,14,0,2,1,2
2824,0,7,14,5,0,0,2
2825,0,7,14,0,0,0,2
2826,0,7,14,5,1,4,2
2827,0,7,14,0,1,4,2
2828,0,7,14,5,2,1,2
2829,0,7,14,0,2,1,2
2830,0,7,14,5,0,3,2
2831,0,7,14,0,0,3,2
2832,0,7,14,5,1,2,2
2833,0,7,14,0,1,2,2
2834,0,7,14,5,1,2,2
2835,0,7,14,0,1,2,2
2836,0,7,14,5,1,4,2
2837,0,7,14,0,1,4,2
2838,-1,7,14,5,2,1,1
2839,-1,7,14,0,2,1,1
2840,0,7,14,5,0,4,0
2841,0,7,14,0,0,4,0
2842,0,7,14,5,2,1,2
2843,0,7,14,0,2,1,2
2844,0,7,14,5,0,4,2
2845,0,7,14,0,0,4,2
2846,0,7,14,5,1,4,2
2847,0,7,14,0,1,4,2
2848,0,7,14,5,0,4,1
2849,0,7,14,0,0,4,1
2850,0,7,14,5,1,2,2
2851,0,7,14,0,1,2,2
2852,0,7,14,5,1,4,2
2853,0,7,14,0,1,4,2
2854,0,7,14,5,0,2,2
2855,0,7,14,0,0,2,2
2856,0,7,14,5,1,0,2
2857,0,7,14,0,1,0,2
2858,0,7,14,5,1,4,0
2859,0,7,14,0,1,4,0
2860,0,7,14,5,1,4,2
2861,0,7,14,0,1,4,2
2862,1,7,14,5,1,4,1
2863,1,7,14,0,1,4,1
2864,0,7,14,5,0,4,1
2865,0,7,14,0,0,4,1
2866,1,7,14,5,0,3,1
2867,1,7,14,0,0,3,1
2868,1,7,14,5,1,4,0
2869,1,7,14,0,1,4,0
2870,0,7,14,5,1,0,0
2871,0,7,14,0,1,0,0
2872,1,7,14,5,0,4,2
2873,1,7,14,0,0,4,2
2874,-1,7,14,5,2,1,0
2875,-1,7,14,0,2,1,0
2876,1,7,14,5,1,0,0
2877,1,7,14,0,1,0,0
2878,-1,7,14,5,1,0,2
2879,-1,7,14,0,1,0,2
2880,0,7,14,5,1,4,2
2881,0,7,14,0,1,4,2
2882,0,7,14,5,0,0,0
2883,0,7,14,0,0,0,0
2884,0,7,14,5,1,0,0
2885,0,7,14,0,1,0,0
2886,0,6,13,0,0,0,2
2887,0,6,13,0,1,4,2
2888,0,6,13,0,2,1,2
2889,0,6,13,0,0,3,0
2890,0,6,13,0,1,2,1
2891,0,6,13,0,1,2,2
2892,0,6,13,0,1,4,2
2893,0,6,13,0,2,1,2
2894,0,6,13,0,0,4,1
2895,0,6,13,0,2,1,2
2896,0,6,13,0,0,4,2
2897,0,6,13,0,1,4,1
2898,0,6,13,0,0,4,0
2899,0,6,13,0,1,2,2
2900,0,6,13,0,1,4,2
2901,0,6,13,0,0,2,2
2902,0,6,13,0,1,0,1
2903,0,6,13,0,1,4,1
2904,0,6,13,0,1,4,1
2905,0,6,13,0,1,4,2
2906,0,6,13,0,0,4,1
2907,0,6,13,0,0,3,0
2908,0,6,13,0,1,4,0
2909,0,6,13,0,1,0,0
2910,0,6,13,0,0,4,0
2911,0,6,13,0,2,1,0
2912,1,6,13,0,1,0,1
2913,0,6,13,0,1,0,2
2914,0,6,13,0,1,4,1
2915,0,6,13,0,0,0,0
2916,0,6,13,0,1,0,2
2917,1,2,13,0,0,3,2
2918,1,2,13,5,0,3,2
2919,0,2,13,0,0,4,1
2920,0,2,13,5,0,4,1
2921,0,2,13,0,2,1,2
2922,0,2,13,5,2,1,2
2923,0,2,13,0,0,0,2
2924,0,2,13,5,0,0,2
2925,0,2,13,0,1,4,1
2926,0,2,13,5,1,4,1
2927,0,2,13,0,2,1,2
2928,0,2,13,5,2,1,2
2929,0,2,13,0,0,3,1
2930,0,2,13,5,0,3,1
2931,0,2,13,0,1,2,1
2932,0,2,13,5,1,2,1
2933,0,2,13,0,1,2,2
2934,0,2,13,5,1,2,2
2935,0,2,13,0,1,4,1
2936,0,2,13,5,1,4,1
2937,0,2,13,0,2,1,2
2938,0,2,13,5,2,1,2
2939,0,2,13,0,0,4,2
2940,0,2,13,5,0,4,2
2941,0,2,13,0,2,1,2
2942,0,2,13,5,2,1,2
2943,0,2,13,0,0,4,2
2944,0,2,13,5,0,4,2
2945,0,2,13,0,1,4,1
2946,0,2,13,5,1,4,1
2947,0,2,13,0,0,4,1
2948,0,2,13,5,0,4,1
2949,0,2,13,0,1,2,2
2950,0,2,13,5,1,2,2
2951,0,2,13,0,1,4,2
2952,0,2,13,5,1,4,2
2953,0,2,13,0,0,2,1
2954,0,2,13,5,0,2,1
2955,0,2,13,0,1,0,2
2956,0,2,13,5,1,0,2
2957,0,2,13,0,1,4,0
2958,0,2,13,5,1,4,0
2959,0,2,13,0,1,4,2
2960,0,2,13,5,1,4,2
2961,0,2,13,0,1,4,2
2962,0,2,13,5,1,4,2
2963,0,2,13,0,0,4,0
2964,0,2,13,5,0,4,0
2965,0,2,13,0,0,3,0
2966,0,2,13,5,0,3,0
2967,0,2,13,0,1,4,2
2968,0,2,13,5,1,4,2
2969,0,2,13,0,1,0,2
2970,0,2,13,5,1,0,2
2971,0,2,13,0,0,4,0
2972,0,2,13,5,0,4,0
2973,0,2,13,0,2,1,2
2974,0,2,13,5,2,1,2
2975,1,2,13,0,1,0,1
2976,1,2,13,5,1,0,1
2977,-1,2,13,0,1,0,2
2978,-1,2,13,5,1,0,2
2979,1,2,13,0,1,4,1
2980,1,2,13,5,1,4,1
2981,0,2,13,0,0,0,0
2982,0,2,13,5,0,0,0
2983,0,2,13,0,1,0,1
2984,0,2,13,5,1,0,1
2985,10,6,9,2,2,1,2
2986,1,6,9,2,0,0,2
2987,0,6,9,2,1,4,2
2988,0,6,9,2,2,1,2
2989,0,6,9,2,0,3,0
2990,0,6,9,2,1,2,1
2991,0,6,9,2,1,2,2
2992,0,6,9,2,1,4,2
2993,0,6,9,2,2,1,2
2994,1,6,9,2,0,4,1
2995,-1,6,9,2,2,1,2
2996,-1,6,9,2,0,4,2
2997,-1,6,9,2,1,4,1
2998,1,6,9,2,0,4,0
2999,1,6,9,2,1,2,2
3000,0,6,9,2,1,4,2
3001,0,6,9,2,0,2,2
3002,0,6,9,2,1,0,1
3003,0,6,9,2,1,4,1
3004,0,6,9,2,1,4,1
3005,0,6,9,2,1,4,2
3006,0,6,9,2,0,4,1
3007,0,6,9,2,0,3,0
3008,0,6,9,2,1,4,0
3009,-1,6,9,2,1,0,0
3010,1,6,9,2,0,4,0
3011,0,6,9,2,2,1,0
3012,0,6,9,2,1,0,1
3013,0,6,9,2,1,0,2
3014,0,6,9,2,1,4,1
3015,1,6,9,2,0,0,0
3016,-1,6,9,2,1,0,2
3017,0,0,23,0,0,4,2
3018,0,0,23,0,2,1,2
3019,-1,0,23,0,0,0,2
3020,-1,0,23,0,1,4,2
3021,1,0,23,0,2,1,2
3022,0,0,23,0,0,3,2
3023,0,0,23,0,1,2,2
3024,0,0,23,0,1,2,2
3025,0,0,23,0,1,4,2
3026,0,0,23,0,2,1,2
3027,0,0,23,0,0,4,2
3028,-1,0,23,0,2,1,2
3029,-1,0,23,0,0,4,2
3030,1,0,23,0,1,4,2
3031,0,0,23,0,0,4,2
3032,0,0,23,0,1,2,2
3033,10,0,23,0,1,4,2
3034,0,0,23,0,0,2,2
3035,1,0,23,0,1,0,2
3036,0,0,23,0,1,4,2
3037,0,0,23,0,1,4,2
3038,0,0,23,0,1,4,2
3039,-1,0,23,0,0,4,2
3040,1,0,23,0,0,3,2
3041,-1,0,23,0,1,4,2
3042,0,0,23,0,1,0,2
3043,1,0,23,0,0,4,2
3044,-1,0,23,0,2,1,2
3045,1,0,23,0,1,0,2
3046,0,0,23,0,1,0,2
3047,1,0,23,0,1,4,2
3048,0,0,23,0,0,0,2
3049,0,0,23,0,1,0,2
3050,0,5,13,5,0,4,1
3051,0,5,13,5,2,1,2
3052,0,5,13,5,0,0,2
3053,0,5,13,5,1,4,2
3054,0,5,13,5,2,1,2
3055,0,5,13,5,0,3,1
3056,0,5,13,5,1,2,1
3057,0,5,13,5,1,2,2
3058,0,5,13,5,1,4,2
3059,0,5,13,5,2,1,2
3060,0,5,13,5,0,4,2
3061,0,5,13,5,2,1,2
3062,0,5,13,5,0,4,2
3063,0,5,13,5,1,4,1
3064,0,5,13,5,0,4,1
3065,0,5,13,5,1,2,2
3066,1,5,13,5,1,4,2
3067,0,5,13,5,0,2,2
3068,-1,5,13,5,1,0,1
3069,0,5,13,5,1,4,0
3070,0,5,13,5,1,4,2
3071,1,5,13,5,1,4,2
3072,0,5,13,5,0,4,1
3073,0,5,13,5,0,3,0
3074,1,5,13,5,1,4,1
3075,-1,5,13,5,1,0,2
3076,0,5,13,5,0,4,1
3077,-1,5,13,5,2,1,1
3078,1,5,13,5,1,0,2
3079,0,5,13,5,1,0,1
3080,0,5,13,5,1,4,0
3081,0,5,13,5,0,0,0
3082,0,5,13,5,1,0,1
3083,1,4,10,2,0,3,2
3084,-1,4,10,2,0,4,1
3085,0,4,10,2,2,1,2
3086,0,4,10,2,0,0,2
3087,0,4,10,2,1,4,1
3088,0,4,10,2,2,1,2
3089,1,4,10,2,0,3,0
3090,0,4,10,2,1,2,1
3091,1,4,10,2,1,2,2
3092,-1,4,10,2,1,4,2
3093,1,4,10,2,2,1,2
3094,-1,4,10,2,0,4,1
3095,0,4,10,2,2,1,1
3096,1,4,10,2,0,4,2
3097,-1,4,10,2,1,4,2
3098,-1,4,10,2,0,4,1
3099,1,4,10,2,1,2,1
3100,0,4,10,2,1,4,1
3101,0,4,10,2,0,2,2
3102,-1,4,10,2,1,0,1
3103,-1,4,10,2,1,4,0
3104,1,4,10,2,1,4,2
3105,1,4,10,2,1,4,1
3106,0,4,10,2,0,4,1
3107,1,4,10,2,0,3,1
3108,0,4,10,2,1,4,0
3109,0,4,10,2,1,0,1
3110,1,4,10,2,0,4,0
3111,-1,4,10,2,2,1,1
3112,-1,4,10,2,1,0,1
3113,0,4,10,2,1,0,2
3114,1,4,10,2,1,4,1
3115,1,4,10,2,0,0,0
3116,-1,4,10,2,1,0,2
3117,10,0,1,1,0,4,2
3118,0,0,1,1,2,1,2
3119,0,0,1,1,0,0,2
3120,0,0,1,1,1,4,2
3121,0,0,1,1,2,1,2
3122,0,0,1,1,0,3,2
3123,0,0,1,1,1,2,2
3124,-1,0,1,1,1,2,2
3125,0,0,1,1,1,4,2
3126,0,0,1,1,2,1,2
3127,0,0,1,1,0,4,2
3128,0,0,1,1,2,1,2
3129,0,0,1,1,0,4,2
3130,0,0,1,1,1,4,2
3131,0,0,1,1,0,4,2
3132,0,0,1,1,1,2,2
3133,0,0,1,1,1,4,2
3134,0,0,1,1,0,2,2
3135,0,0,1,1,1,0,2
3136,0,0,1,1,1,4,2
3137,0,0,1,1,1,4,2
3138,0,0,1,1,1,4,2
3139,0,0,1,1,0,4,2
3140,1,0,1,1,0,3,2
3141,0,0,1,1,1,4,2
3142,0,0,1,1,1,0,2
3143,0,0,1,1,0,4,2
3144,-1,0,1,1,2,1,2
3145,1,0,1,1,1,0,2
3146,1,0,1,1,1,0,2
3147,0,0,1,1,1,4,2
3148,0,0,1,1,0,0,2
3149,0,0,1,1,1,0,2
3150,0,0,5,1,2,1,2
3151,0,0,5,1,0,0,2
3152,-1,0,5,1,1,4,2
3153,1,0,5,1,2,1,2
3154,0,0,5,1,0,3,2
3155,-1,0,5,1,1,2,2
3156,0,0,5,1,1,2,2
3157,0,0,5,1,1,4,2
3158,0,0,5,1,2,1,2
3159,0,0,5,1,0,4,2
3160,0,0,5,1,2,1,2
3161,0,0,5,1,0,4,2
3162,0,0,5,1,1,4,2
3163,0,0,5,1,0,4,2
3164,0,0,5,1,1,2,2
3165,1,0,5,1,1,4,2
3166,0,0,5,1,0,2,2
3167,0,0,5,1,1,0,2
3168,0,0,5,1,1,4,2
3169,0,0,5,1,1,4,2
3170,1,0,5,1,1,4,2
3171,0,0,5,1,0,4,2
3172,1,0,5,1,0,3,2
3173,1,0,5,1,1,4,2
3174,1,0,5,1,1,0,2
3175,0,0,5,1,0,4,2
3176,-1,0,5,1,2,1,2
3177,10,0,5,1,1,0,2
3178,0,0,5,1,1,0,2
3179,1,0,5,1,1,4,2
3180,0,0,5,1,0,0,2
3181,-10,0,5,1,1,0,2
3248,0,6,9,1,0,0,2
3249,0,6,9,1,1,4,2
3250,1,6,9,1,2,1,2
3251,0,6,9,1,0,3,0
3252,0,6,9,1,1,2,1
3253,0,6,9,1,1,2,2
3254,0,6,9,1,1,4,2
3255,1,6,9,1,2,1,2
3256,1,6,9,1,0,4,1
3257,0,6,9,1,2,1,2
3258,1,6,9,1,0,4,2
3259,0,6,9,1,1,4,1
3260,0,6,9,1,0,4,0
3261,0,6,9,1,1,2,2
3262,0,6,9,1,1,4,2
3263,0,6,9,1,0,2,2
3264,0,6,9,1,1,0,1
3265,0,6,9,1,1,4,1
3266,0,6,9,1,1,4,1
3267,0,6,9,1,1,4,2
3268,0,6,9,1,0,4,1
3269,1,6,9,1,0,3,0
3270,-1,6,9,1,1,4,0
3271,0,6,9,1,1,0,0
3272,-1,6,9,1,0,4,0
3273,-1,6,9,1,2,1,0
3274,10,6,9,1,1,0,1
3275,1,6,9,1,1,0,2
3276,0,6,9,1,1,4,1
3277,-1,6,9,1,0,0,0
3278,-1,6,9,1,1,0,2
3279,10,4,5,1,1,4,2
3280,10,4,5,1,0,4,1
3281,10,4,5,1,1,2,1
3282,-10,4,5,1,1,4,1
3283,10,4,5,1,0,4,1
3284,-10,4,5,1,0,3,1
3285,10,4,5,1,1,4,0
3286,-10,4,5,1,1,0,1
3287,10,4,5,1,1,0,2
3288,0,1,4,2,0,3,2
3289,0,1,4,2,0,4,2
3290,-1,1,4,2,2,1,2
3291,0,1,4,2,0,0,2
3292,0,1,4,2,1,4,1
3293,0,1,4,2,2,1,2
3294,0,1,4,2,0,3,0
3295,-1,1,4,2,1,2,1
3296,0,1,4,2,1,2,2
3297,0,1,4,2,1,4,1
3298,0,1,4,2,2,1,2
3299,0,1,4,2,0,4,1
3300,0,1,4,2,2,1,1
3301,1,1,4,2,0,4,1
3302,0,1,4,2,1,4,0
3303,0,1,4,2,0,4,2
3304,0,1,4,2,1,2,1
3305,0,1,4,2,1,4,2
3306,0,1,4,2,0,2,1
3307,-1,1,4,2,1,0,0
3308,1,1,4,2,1,4,0
3309,0,1,4,2,1,4,2
3310,0,1,4,2,1,4,2
3311,0,1,4,2,0,4,2
3312,0,1,4,2,0,3,1
3313,0,1,4,2,1,4,1
3314,0,1,4,2,1,0,1
3315,0,1,4,2,0,4,1
3316,-1,1,4,2,2,1,0
3317,1,1,4,2,1,0,0
3318,1,1,4,2,1,0,1
3319,0,1,4,2,1,4,0
3320,0,1,4,2,0,0,0
3321,0,1,4,2,1,0,2
3322,0,2,5,2,0,3,2
3323,0,2,5,2,0,4,1
3324,-1,2,5,2,2,1,2
3325,0,2,5,2,0,0,2
3326,0,2,5,2,1,4,1
3327,-1,2,5,2,2,1,2
3328,0,2,5,2,0,3,1
3329,1,2,5,2,1,2,1
3330,0,2,5,2,1,2,2
3331,0,2,5,2,1,4,1
3332,1,2,5,2,2,1,2
3333,10,2,5,2,0,4,2
3334,0,2,5,2,2,1,2
3335,1,2,5,2,0,4,2
3336,0,2,5,2,1,4,1
3337,0,2,5,2,0,4,1
3338,0,2,5,2,1,2,2
3339,0,2,5,2,1,4,2
3340,1,2,5,2,0,2,1
3341,0,2,5,2,1,0,2
3342,0,2,5,2,1,4,0
3343,-1,2,5,2,1,4,2
3344,1,2,5,2,1,4,2
3345,0,2,5,2,0,4,0
3346,0,2,5,2,0,3,0
3347,-1,2,5,2,1,4,2
3348,-1,2,5,2,1,0,2
3349,-1,2,5,2,0,4,0
3350,0,2,5,2,2,1,2
3351,1,2,5,2,1,0,1
3352,0,2,5,2,1,0,2
3353,0,2,5,2,1,4,1
3354,0,2,5,2,0,0,0
3355,0,2,5,2,1,0,1
3356,0,5,13,1,0,4,1
3357,0,5,13,1,2,1,2
3358,0,5,13,1,0,0,2
3359,0,5,13,1,1,4,2
3360,0,5,13,1,2,1,2
3361,0,5,13,1,0,3,1
3362,0,5,13,1,1,2,1
3363,0,5,13,1,1,2,2
3364,0,5,13,1,1,4,2
3365,0,5,13,1,2,1,2
3366,1,5,13,1,0,4,2
3367,0,5,13,1,2,1,2
3368,0,5,13,1,0,4,2
3369,0,5,13,1,1,4,1
3370,0,5,13,1,0,4,1
3371,0,5,13,1,1,2,2
3372,0,5,13,1,1,4,2
3373,0,5,13,1,0,2,2
3374,0,5,13,1,1,0,1
3375,0,5,13,1,1,4,0
3376,0,5,13,1,1,4,2
3377,0,5,13,1,1,4,2
3378,0,5,13,1,0,4,1
3379,0,5,13,1,0,3,0
3380,0,5,13,1,1,4,1
3381,0,5,13,1,1,0,2
3382,0,5,13,1,0,4,1
3383,0,5,13,1,2,1,1
3384,0,5,13,1,1,0,2
3385,0,5,13,1,1,0,1
3386,0,5,13,1,1,4,0
3387,0,5,13,1,0,0,0
3388,0,5,13,1,1,0,1
3389,0,7,4,2,0,2,2
3390,0,7,4,2,1,0,2
3391,0,7,4,2,1,4,0
3392,0,7,4,2,1,4,2
3393,0,7,4,2,1,4,1
3394,-1,7,4,2,0,4,1
3395,0,7,4,2,0,3,1
3396,-1,7,4,2,1,4,0
3397,-1,7,4,2,1,0,0
3398,1,7,4,2,0,4,2
3399,-1,7,4,2,2,1,0
3400,1,7,4,2,1,0,0
3401,10,7,4,2,1,0,2
3402,1,7,4,2,1,4,2
3403,-1,7,4,2,0,0,0
3404,0,7,4,2,1,0,0
3405,0,4,13,5,2,1,2
3406,0,4,13,5,0,0,2
3407,0,4,13,5,1,4,1
3408,0,4,13,5,2,1,2
3409,1,4,13,5,0,3,0
3410,-1,4,13,5,1,2,1
3411,0,4,13,5,1,2,2
3412,0,4,13,5,1,4,2
3413,1,4,13,5,2,1,2
3414,0,4,13,5,0,4,1
3415,0,4,13,5,2,1,1
3416,0,4,13,5,0,4,2
3417,0,4,13,5,1,4,2
3418,0,4,13,5,0,4,1
3419,0,4,13,5,1,2,1
3420,1,4,13,5,1,4,1
3421,1,4,13,5,0,2,2
3422,-1,4,13,5,1,0,1
3423,0,4,13,5,1,4,0
3424,-1,4,13,5,1,4,2
3425,0,4,13,5,1,4,1
3426,0,4,13,5,0,4,1
3427,0,4,13,5,0,3,1
3428,1,4,13,5,1,4,0
3429,-1,4,13,5,1,0,1
3430,1,4,13,5,0,4,0
3431,0,4,13,5,2,1,1
3432,1,4,13,5,1,0,1
3433,-1,4,13,5,1,0,2
3434,0,4,13,5,1,4,1
3435,0,4,13,5,0,0,0
3436,0,4,13,5,1,0,2
3437,0,2,10,1,2,1,2
3438,0,2,10,1,0,0,2
3439,-1,2,10,1,1,4,1
3440,0,2,10,1,2,1,2
3441,0,2,10,1,0,3,1
3442,0,2,10,1,1,2,1
3443,-1,2,10,1,1,2,2
3444,0,2,10,1,1,4,1
3445,0,2,10,1,2,1,2
3446,0,2,10,1,0,4,2
3447,-1,2,10,1,2,1,2
3448,-1,2,10,1,0,4,2
3449,1,2,10,1,1,4,1
3450,0,2,10,1,0,4,1
3451,-1,2,10,1,1,2,2
3452,1,2,10,1,1,4,2
3453,-1,2,10,1,0,2,1
3454,0,2,10,1,1,0,2
3455,10,2,10,1,1,4,0
3456,0,2,10,1,1,4,2
3457,0,2,10,1,1,4,2
3458,0,2,10,1,0,4,0
3459,1,2,10,1,0,3,0
3460,0,2,10,1,1,4,2
3461,0,2,10,1,1,0,2
3462,-1,2,10,1,0,4,0
3463,-1,2,10,1,2,1,2
3464,10,2,10,1,1,0,1
3465,0,2,10,1,1,0,2
3466,0,2,10,1,1,4,1
3467,1,2,10,1,0,0,0
3468,-1,2,10,1,1,0,1
3469,1,5,6,5,2,1,2
3470,0,5,6,5,0,0,2
3471,-1,5,6,5,2,1,2
3472,0,5,6,5,0,3,1
3473,0,5,6,5,1,2,1
3474,0,5,6,5,1,2,2
3475,0,5,6,5,1,4,2
3476,0,5,6,5,2,1,2
3477,1,5,6,5,0,4,2
3478,0,5,6,5,2,1,2
3479,-1,5,6,5,0,4,2
3480,-1,5,6,5,1,4,1
3481,0,5,6,5,0,4,1
3482,1,5,6,5,1,2,2
3483,0,5,6,5,1,4,2
3484,0,5,6,5,0,2,2
3485,0,5,6,5,1,0,1
3486,0,5,6,5,1,4,0
3487,1,5,6,5,1,4,2
3488,1,5,6,5,1,4,2
3489,-1,5,6,5,0,4,1
3490,0,5,6,5,0,3,0
3491,1,5,6,5,1,4,1
3492,1,5,6,5,1,0,2
3493,1,5,6,5,0,4,1
3494,-1,5,6,5,2,1,1
3495,1,5,6,5,1,0,2
3496,-1,5,6,5,1,0,1
3497,-1,5,6,5,1,4,0
3498,1,5,6,5,0,0,0
3499,-1,5,6,5,1,0,1
3500,1,3,10,5,0,3,1
3501,1,3,10,5,0,4,2
3502,-1,3,10,5,2,1,2
3503,1,3,10,5,0,0,1
3504,0,3,10,5,1,4,0
3505,0,3,10,5,2,1,1
3506,-1,3,10,5,0,3,0
3507,1,3,10,5,1,2,2
3508,1,3,10,5,1,2,2
3509,0,3,10,5,1,4,2
3510,0,3,10,5,2,1,2
3511,0,3,10,5,0,4,1
3512,-1,3,10,5,2,1,2
3513,0,3,10,5,0,4,2
3514,0,3,10,5,1,4,1
3515,0,3,10,5,0,4,2
3516,-1,3,10,5,1,2,2
3517,1,3,10,5,1,4,2
3518,1,3,10,5,0,2,2
3519,1,3,10,5,1,0,2
3520,0,3,10,5,1,4,1
3521,1,3,10,5,1,4,2
3522,1,3,10,5,1,4,1
3523,0,3,10,5,0,4,0
3524,0,3,10,5,0,3,1
3525,-1,3,10,5,1,4,2
3526,0,3,10,5,1,0,2
3527,0,3,10,5,0,4,2
3528,-1,3,10,5,2,1,1
3529,1,3,10,5,1,0,0
3530,1,3,10,5,1,0,2
3531,0,3,10,5,1,4,2
3532,-1,3,10,5,0,0,1
3533,0,3,10,5,1,0,0
3534,0,1,8,2,2,1,2
3535,0,1,8,2,0,0,2
3536,0,1,8,2,1,4,1
3537,0,1,8,2,2,1,2
3538,0,1,8,2,0,3,0
3539,0,1,8,2,1,2,1
3540,1,1,8,2,1,2,2
3541,0,1,8,2,1,4,1
3542,1,1,8,2,2,1,2
3543,0,1,8,2,0,4,1
3544,0,1,8,2,2,1,1
3545,0,1,8,2,0,4,1
3546,1,1,8,2,1,4,0
3547,0,1,8,2,0,4,2
3548,0,1,8,2,1,2,1
3549,0,1,8,2,1,4,2
3550,0,1,8,2,0,2,1
3551,0,1,8,2,1,0,0
3552,0,1,8,2,1,4,0
3553,0,1,8,2,1,4,2
3554,0,1,8,2,1,4,2
3555,0,1,8,2,0,4,2
3556,0,1,8,2,0,3,1
3557,0,1,8,2,1,4,1
3558,0,1,8,2,1,0,1
3559,1,1,8,2,0,4,1
3560,-1,1,8,2,2,1,0
3561,1,1,8,2,1,0,0
3562,0,1,8,2,1,0,1
3563,0,1,8,2,1,4,0
3564,-1,1,8,2,0,0,0
3565,-1,1,8,2,1,0,2
3566,0,9,13,0,0,4,2
3567,0,9,13,0,2,1,2
3568,0,9,13,0,0,0,1
3569,-1,9,13,0,1,4,0
3570,1,9,13,0,2,1,1
3571,1,9,13,0,0,3,0
3572,0,9,13,0,1,2,2
3573,0,9,13,0,1,2,2
3574,1,9,13,0,1,4,2
3575,-1,9,13,0,2,1,2
3576,0,9,13,0,0,4,1
3577,0,9,13,0,2,1,2
3578,1,9,13,0,0,4,1
3579,0,9,13,0,1,4,2
3580,0,9,13,0,0,4,1
3581,0,9,13,0,1,2,2
3582,0,9,13,0,1,4,2
3583,0,9,13,0,0,2,2
3584,0,9,13,0,1,0,2
3585,0,9,13,0,1,4,1
3586,0,9,13,0,1,4,1
3587,1,9,13,0,1,4,0
3588,1,9,13,0,0,4,0
3589,1,9,13,0,0,3,1
3590,1,9,13,0,1,4,0
3591,0,9,13,0,1,0,1
3592,1,9,13,0,0,4,2
3593,-1,9,13,0,2,1,0
3594,1,9,13,0,1,0,0
3595,0,9,13,0,1,0,0
3596,0,9,13,0,1,4,2
3597,-1,9,13,0,0,0,1
3598,0,9,13,0,1,0,0
3633,1,1,10,5,1,0,0
3634,1,1,10,5,1,0,1
3635,0,1,10,5,1,4,0
3636,-1,1,10,5,0,0,0
3637,-1,1,10,5,1,0,2
3665,1,6,3,1,0,3,1
3666,0,6,3,1,0,4,2
3667,1,6,3,1,2,1,2
3668,0,6,3,1,0,0,2
3669,1,6,3,1,1,4,2
3670,-1,6,3,1,2,1,2
3671,1,6,3,1,0,3,0
3672,0,6,3,1,1,2,1
3673,0,6,3,1,1,2,2
3674,0,6,3,1,1,4,2
3675,1,6,3,1,2,1,2
3676,1,6,3,1,0,4,1
3677,-1,6,3,1,2,1,2
3678,-1,6,3,1,0,4,2
3679,0,6,3,1,1,4,1
3680,1,6,3,1,0,4,0
3681,0,6,3,1,1,2,2
3682,0,6,3,1,1,4,2
3683,0,6,3,1,0,2,2
3684,0,6,3,1,1,0,1
3685,0,6,3,1,1,4,1
3686,0,6,3,1,1,4,1
3687,0,6,3,1,1,4,2
3688,0,6,3,1,0,4,1
3689,0,6,3,1,0,3,0
3690,0,6,3,1,1,4,0
3691,1,6,3,1,1,0,0
3692,0,6,3,1,0,4,0
3693,1,6,3,1,2,1,0
3694,-1,6,3,1,1,0,1
3695,-1,6,3,1,1,0,2
3696,1,6,3,1,1,4,1
3697,0,6,3,1,0,0,0
3698,-1,6,3,1,1,0,2
3699,-1,8,5,4,0,4,1
3700,-1,8,5,4,2,1,1
3701,10,8,5,4,1,0,0
3702,-1,8,5,4,1,0,2
3703,0,8,5,4,1,4,1
3704,0,8,5,4,0,0,0
3705,1,8,5,4,1,0,2
3706,0,6,9,1,2,1,2
3707,0,6,9,1,0,0,2
3708,0,6,9,1,1,4,2
3709,0,6,9,1,2,1,2
3710,0,6,9,1,0,3,0
3711,0,6,9,1,1,2,1
3712,0,6,9,1,1,2,2
3713,0,6,9,1,1,4,2
3714,0,6,9,1,2,1,2
3715,0,6,9,1,0,4,1
3716,0,6,9,1,2,1,2
3717,0,6,9,1,0,4,2
3718,0,6,9,1,1,4,1
3719,0,6,9,1,0,4,0
3720,0,6,9,1,1,2,2
3721,0,6,9,1,1,4,2
3722,0,6,9,1,0,2,2
3723,0,6,9,1,1,0,1
3724,0,6,9,1,1,4,1
3725,0,6,9,1,1,4,1
3726,0,6,9,1,1,4,2
3727,0,6,9,1,0,4,1
3728,0,6,9,1,0,3,0
3729,1,6,9,1,1,4,0
3730,0,6,9,1,1,0,0
3731,0,6,9,1,0,4,0
3732,0,6,9,1,2,1,0
3733,0,6,9,1,1,0,1
3734,-1,6,9,1,1,0,2
3735,0,6,9,1,1,4,1
3736,-1,6,9,1,0,0,0
3737,0,6,9,1,1,0,2
3738,0,9,10,5,0,4,2
3739,-1,9,10,5,2,1,2
3740,0,9,10,5,0,0,1
3741,0,9,10,5,1,4,0
3742,0,9,10,5,2,1,1
3743,0,9,10,5,0,3,0
3744,1,9,10,5,1,2,2
3745,-1,9,10,5,1,2,2
3746,0,9,10,5,1,4,2
3747,0,9,10,5,2,1,2
3748,0,9,10,5,0,4,1
3749,-1,9,10,5,2,1,2
3750,0,9,10,5,0,4,1
3751,0,9,10,5,1,4,2
3752,0,9,10,5,0,4,1
3753,1,9,10,5,1,2,2
3754,0,9,10,5,1,4,2
3755,0,9,10,5,0,2,2
3756,0,9,10,5,1,0,2
3757,1,9,10,5,1,4,1
3758,-1,9,10,5,1,4,1
3759,1,9,10,5,1,4,0
3760,-1,9,10,5,0,4,0
3761,1,9,10,5,0,3,1
3762,0,9,10,5,1,4,0
3763,0,9,10,5,1,0,1
3764,-1,9,10,5,0,4,2
3765,0,9,10,5,2,1,0
3766,0,9,10,5,1,0,0
3767,1,9,10,5,1,0,0
3768,0,9,10,5,1,4,2
3769,0,9,10,5,0,0,1
3770,1,9,10,5,1,0,0
3771,0,0,17,0,2,1,2
3772,0,0,17,0,0,3,2
3773,0,0,17,0,1,2,2
3774,0,0,17,0,1,2,2
3775,0,0,17,0,1,4,2
3776,0,0,17,0,2,1,2
3777,0,0,17,0,0,4,2
3778,0,0,17,0,2,1,2
3779,0,0,17,0,0,4,2
3780,0,0,17,0,1,4,2
3781,0,0,17,0,0,4,2
3782,0,0,17,0,1,2,2
3783,0,0,17,0,1,4,2
3784,0,0,17,0,0,2,2
3785,-1,0,17,0,1,0,2
3786,-1,0,17,0,1,4,2
3787,0,0,17,0,1,4,2
3788,0,0,17,0,1,4,2
3789,-1,0,17,0,0,4,2
3790,0,0,17,0,0,3,2
3791,1,0,17,0,1,4,2
3792,0,0,17,0,1,0,2
3793,1,0,17,0,0,4,2
3794,1,0,17,0,2,1,2
3795,0,0,17,0,1,0,2
3796,0,0,17,0,1,0,2
3797,1,0,17,0,1,4,2
3798,0,0,17,0,0,0,2
3799,0,0,17,0,1,0,2
3800,0,5,17,5,0,4,1
3801,0,5,17,5,2,1,2
3802,0,5,17,5,0,0,2
3803,1,5,17,5,1,4,2
3804,0,5,17,5,2,1,2
3805,0,5,17,5,0,3,1
3806,0,5,17,5,1,2,1
3807,-1,5,17,5,1,2,2
3808,-1,5,17,5,1,4,2
3809,-1,5,17,5,2,1,2
3810,0,5,17,5,0,4,2
3811,-1,5,17,5,2,1,2
3812,1,5,17,5,0,4,2
3813,0,5,17,5,1,4,1
3814,0,5,17,5,0,4,1
3815,-1,5,17,5,1,2,2
3816,1,5,17,5,1,4,2
3817,-1,5,17,5,0,2,2
3818,-1,5,17,5,1,0,1
3819,-1,5,17,5,1,4,0
3820,0,5,17,5,1,4,2
3821,1,5,17,5,1,4,2
3822,1,5,17,5,0,4,1
3823,1,5,17,5,0,3,0
3824,1,5,17,5,1,4,1
3825,-1,5,17,5,1,0,2
3826,1,5,17,5,0,4,1
3827,1,5,17,5,2,1,1
3828,-1,5,17,5,1,0,2
3829,0,5,17,5,1,0,1
3830,0,5,17,5,1,4,0
3831,0,5,17,5,0,0,0
3832,-1,5,17,5,1,0,1
3833,0,3,17,0,0,4,2
3834,1,3,17,0,2,1,2
3835,0,3,17,0,0,0,1
3836,-1,3,17,0,1,4,0
3837,1,3,17,0,2,1,1
3838,0,3,17,0,0,3,0
3839,0,3,17,0,1,2,2
3840,0,3,17,0,1,2,2
3841,-1,3,17,0,1,4,2
3842,1,3,17,0,2,1,2
3843,0,3,17,0,0,4,1
3844,0,3,17,0,2,1,2
3845,0,3,17,0,0,4,2
3846,0,3,17,0,1,4,1
3847,1,3,17,0,0,4,2
3848,0,3,17,0,1,2,2
3849,0,3,17,0,1,4,2
3850,0,3,17,0,0,2,2
3851,1,3,17,0,1,0,2
3852,1,3,17,0,1,4,1
3853,-1,3,17,0,1,4,2
3854,0,3,17,0,1,4,1
3855,0,3,17,0,0,4,0
3856,0,3,17,0,0,3,1
3857,0,3,17,0,1,4,2
3858,0,3,17,0,1,0,2
3859,0,3,17,0,0,4,2
3860,1,3,17,0,2,1,1
3861,-1,3,17,0,1,0,0
3862,-1,3,17,0,1,0,2
3863,0,3,17,0,1,4,2
3864,0,3,17,0,0,0,1
3865,0,3,17,0,1,0,0
3866,0,9,13,0,0,3,2
3867,0,9,13,0,0,4,2
3868,-1,9,13,0,2,1,2
3869,0,9,13,0,0,0,1
3870,0,9,13,0,1,4,0
3871,1,9,13,0,2,1,1
3872,-1,9,13,0,0,3,0
3873,1,9,13,0,1,2,2
3874,0,9,13,0,1,2,2
3875,0,9,13,0,1,4,2
3876,0,9,13,0,2,1,2
3877,0,9,13,0,0,4,1
3878,0,9,13,0,2,1,2
3879,0,9,13,0,0,4,1
3880,0,9,13,0,1,4,2
3881,0,9,13,0,0,4,1
3882,0,9,13,0,1,2,2
3883,0,9,13,0,1,4,2
3884,0,9,13,0,0,2,2
3885,0,9,13,0,1,0,2
3886,1,9,13,0,1,4,1
3887,0,9,13,0,1,4,1
3888,0,9,13,0,1,4,0
3889,0,9,13,0,0,4,0
3890,1,9,13,0,0,3,1
3891,0,9,13,0,1,4,0
3892,0,9,13,0,1,0,1
3893,0,9,13,0,0,4,2
3894,0,9,13,0,2,1,0
3895,-1,9,13,0,1,0,0
3896,1,9,13,0,1,0,0
3897,0,9,13,0,1,4,2
3898,0,9,13,0,0,0,1
3899,1,9,13,0,1,0,0
3900,-1,3,5,2,0,4,2
3901,0,3,5,2,2,1,2
3902,0,3,5,2,0,0,1
3903,0,3,5,2,1,4,0
3904,1,3,5,2,2,1,1
3905,1,3,5,2,0,3,0
3906,-1,3,5,2,1,2,2
3907,0,3,5,2,1,2,2
3908,0,3,5,2,1,4,2
3909,0,3,5,2,2,1,2
3910,1,3,5,2,0,4,1
3911,-1,3,5,2,2,1,2
3912,0,3,5,2,0,4,2
3913,0,3,5,2,1,4,1
3914,1,3,5,2,0,4,2
3915,1,3,5,2,1,2,2
3916,0,3,5,2,1,4,2
3917,0,3,5,2,0,2,2
3918,-1,3,5,2,1,0,2
3919,0,3,5,2,1,4,1
3920,0,3,5,2,1,4,2
3921,1,3,5,2,1,4,1
3922,1,3,5,2,0,4,0
3923,0,3,5,2,0,3,1
3924,0,3,5,2,1,4,2
3925,0,3,5,2,1,0,2
3926,0,3,5,2,0,4,2
3927,-1,3,5,2,2,1,1
3928,1,3,5,2,1,0,0
3929,0,3,5,2,1,0,2
3930,0,3,5,2,1,4,2
3931,0,3,5,2,0,0,1
3932,-1,3,5,2,1,0,0
3933,-1,2,10,2,2,1,2
3934,0,2,10,2,0,0,2
3935,0,2,10,2,1,4,1
3936,0,2,10,2,2,1,2
3937,0,2,10,2,0,3,1
3938,0,2,10,2,1,2,1
3939,-1,2,10,2,1,2,2
3940,1,2,10,2,1,4,1
3941,1,2,10,2,2,1,2
3942,0,2,10,2,0,4,2
3943,-1,2,10,2,2,1,2
3944,0,2,10,2,0,4,2
3945,0,2,10,2,1,4,1
3946,0,2,10,2,0,4,1
3947,0,2,10,2,1,2,2
3948,0,2,10,2,1,4,2
3949,0,2,10,2,0,2,1
3950,0,2,10,2,1,0,2
3951,1,2,10,2,1,4,0
3952,-1,2,10,2,1,4,2
3953,0,2,10,2,1,4,2
3954,1,2,10,2,0,4,0
3955,0,2,10,2,0,3,0
3956,0,2,10,2,1,4,2
3957,0,2,10,2,1,0,2
3958,-1,2,10,2,0,4,0
3959,-1,2,10,2,2,1,2
3960,10,2,10,2,1,0,1
3961,-1,2,10,2,1,0,2
3962,1,2,10,2,1,4,1
3963,-1,2,10,2,0,0,0
3964,-10,2,10,2,1,0,1
3965,10,4,8,3,1,4,1
3966,-1,4,8,3,2,1,2
3967,0,4,8,3,0,3,0
3968,0,4,8,3,1,2,1
3969,0,4,8,3,1,2,2
3970,0,4,8,3,1,4,2
3971,0,4,8,3,2,1,2
3972,0,4,8,3,0,4,1
3973,0,4,8,3,2,1,1
3974,1,4,8,3,0,4,2
3975,-1,4,8,3,1,4,2
3976,0,4,8,3,0,4,1
3977,1,4,8,3,1,2,1
3978,1,4,8,3,1,4,1
3979,-1,4,8,3,0,2,2
3980,-1,4,8,3,1,0,1
3981,1,4,8,3,1,4,0
3982,0,4,8,3,1,4,2
3983,-1,4,8,3,1,4,1
3984,0,4,8,3,0,4,1
3985,1,4,8,3,0,3,1
3986,1,4,8,3,1,4,0
3987,0,4,8,3,1,0,1
3988,0,4,8,3,0,4,0
3989,-1,4,8,3,2,1,1
3990,0,4,8,3,1,0,1
3991,0,4,8,3,1,0,2
3992,1,4,8,3,1,4,1
3993,0,4,8,3,0,0,0
3994,-1,4,8,3,1,0,2
3995,0,6,16,5,2,1,2
3996,0,6,16,5,0,4,2
3997,1,6,16,5,1,4,1
3998,1,6,16,5,0,4,0
3999,-1,6,16,5,1,2,2
4000,-1,6,16,5,1,4,2
4001,0,6,16,5,0,2,2
4002,1,6,16,5,1,0,1
4003,-1,6,16,5,1,4,1
4004,-1,6,16,5,1,4,1
4005,1,6,16,5,1,4,2
4006,0,6,16,5,0,4,1
4007,1,6,16,5,0,3,0
4008,-1,6,16,5,1,4,0
4009,0,6,16,5,1,0,0
4010,0,6,16,5,0,4,0
4011,1,6,16,5,2,1,0
4012,0,6,16,5,1,0,1
4013,-1,6,16,5,1,0,2
4014,0,6,16,5,1,4,1
4015,0,6,16,5,0,0,0
4016,0,6,16,5,1,0,2
4017,0,6,28,3,0,4,2
4018,0,6,28,3,2,1,2
4019,0,6,28,3,0,0,2
4020,-1,6,28,3,1,4,2
4021,1,6,28,3,2,1,2
4022,0,6,28,3,0,3,0
4023,0,6,28,3,1,2,1
4024,0,6,28,3,1,2,2
4025,0,6,28,3,1,4,2
4026,-1,6,28,3,2,1,2
4027,1,6,28,3,0,4,1
4028,0,6,28,3,2,1,2
4029,0,6,28,3,0,4,2
4030,0,6,28,3,1,4,1
4031,0,6,28,3,0,4,0
4032,0,6,28,3,1,2,2
4033,-1,6,28,3,1,4,2
4034,-1,6,28,3,0,2,2
4035,1,6,28,3,1,0,1
4036,1,6,28,3,1,4,1
4037,-1,6,28,3,1,4,1
4038,-1,6,28,3,1,4,2
4039,0,6,28,3,0,4,1
4040,1,6,28,3,0,3,0
4041,0,6,28,3,1,4,0
4042,0,6,28,3,1,0,0
4043,0,6,28,3,0,4,0
4044,-1,6,28,3,2,1,0
4045,1,6,28,3,1,0,1
4046,0,6,28,3,1,0,2
4047,0,6,28,3,1,4,1
4048,0,6,28,3,0,0,0
4049,0,6,28,3,1,0,2
4050,0,5,5,1,1,0,1
4051,1,5,5,1,1,4,0
4052,0,5,5,1,0,0,0
4053,-1,5,5,1,1,0,1
4054,0,4,13,5,0,4,1
4055,0,4,13,5,2,1,2
4056,-1,4,13,5,0,0,2
4057,-1,4,13,5,1,4,1
4058,10,4,13,5,2,1,2
4059,1,4,13,5,0,3,0
4060,-1,4,13,5,1,2,1
4061,0,4,13,5,1,2,2
4062,-10,4,13,5,1,4,2
4063,10,4,13,5,1,4,2
4064,-10,4,13,5,0,4,1
4065,-1,6,3,1,0,0,2
4066,0,6,3,1,1,4,2
4067,1,6,3,1,2,1,2
4068,0,6,3,1,0,3,0
4069,-1,6,3,1,1,2,1
4070,-1,6,3,1,1,2,2
4071,1,6,3,1,1,4,2
4072,0,6,3,1,2,1,2
4073,0,6,3,1,0,4,1
4074,0,6,3,1,2,1,2
4075,0,6,3,1,0,4,2
4076,0,6,3,1,1,4,1
4077,-1,6,3,1,0,4,0
4078,0,6,3,1,1,2,2
4079,0,6,3,1,1,4,2
4080,0,6,3,1,0,2,2
4081,0,6,3,1,1,0,1
4082,-1,6,3,1,1,4,1
4083,-1,6,3,1,1,4,1
4084,0,6,3,1,1,4,2
4085,0,6,3,1,0,4,1
4086,0,6,3,1,0,3,0
4087,1,6,3,1,1,4,0
4088,-1,6,3,1,1,0,0
4089,0,6,3,1,0,4,0
4090,0,6,3,1,2,1,0
4091,0,6,3,1,1,0,1
4092,0,6,3,1,1,0,2
4093,0,6,3,1,1,4,1
4094,0,6,3,1,0,0,0
4095,-1,6,3,1,1,0,2
4096,1,9,4,2,1,4,2
4097,1,9,4,2,2,1,2
4098,1,9,4,2,0,4,1
4099,1,9,4,2,2,1,2
4100,0,9,4,2,0,4,1
4101,0,9,4,2,1,4,2
4102,0,9,4,2,0,4,1
4103,0,9,4,2,1,2,2
4104,1,9,4,2,1,4,2
4105,-1,9,4,2,0,2,2
4106,0,9,4,2,1,0,2
4107,0,9,4,2,1,4,1
4108,0,9,4,2,1,4,1
4109,0,9,4,2,1,4,0
4110,1,9,4,2,0,4,0
4111,1,9,4,2,0,3,1
4112,0,9,4,2,1,4,0
4113,-1,9,4,2,1,0,1
4114,0,9,4,2,0,4,2
4115,-1,9,4,2,2,1,0
4116,1,9,4,2,1,0,0
4117,0,9,4,2,1,0,0
4118,-1,9,4,2,1,4,2
4119,-1,9,4,2,0,0,1
4120,0,9,4,2,1,0,0
4121,10,1,4,2,1,4,0
4122,10,1,4,2,0,0,0
4123,10,1,4,2,1,0,2
4124,1,7,13,5,2,1,2
4125,0,7,13,5,0,0,2
4126,0,7,13,5,1,4,2
4127,0,7,13,5,2,1,2
4128,1,7,13,5,0,3,2
4129,-1,7,13,5,1,2,2
4130,-1,7,13,5,1,2,2
4131,1,7,13,5,1,4,2
4132,-1,7,13,5,2,1,1
4133,1,7,13,5,0,4,0
4134,-1,7,13,5,2,1,2
4135,10,7,13,5,0,4,2
4136,-1,7,13,5,1,4,2
4137,0,7,13,5,0,4,1
4138,0,7,13,5,1,2,2
4139,0,7,13,5,1,4,2
4140,0,7,13,5,0,2,2
4141,0,7,13,5,1,0,2
4142,-1,7,13,5,1,4,0
4143,0,7,13,5,1,4,2
4144,0,7,13,5,1,4,1
4145,1,7,13,5,0,4,1
4146,1,7,13,5,0,3,1
4147,0,7,13,5,1,4,0
4148,0,7,13,5,1,0,0
4149,0,7,13,5,0,4,2
4150,-1,7,13,5,2,1,0
4151,1,7,13,5,1,0,0
4152,0,7,13,5,1,0,2
4153,0,7,13,5,1,4,2
4154,0,7,13,5,0,0,0
4155,0,7,13,5,1,0,0
4156,0,1,5,1,0,0,2
4157,-1,1,5,1,1,4,1
4158,0,1,5,1,2,1,2
4159,1,1,5,1,0,3,0
4160,-1,1,5,1,1,2,1
4161,1,1,5,1,1,2,2
4162,0,1,5,1,1,4,1
4163,1,1,5,1,2,1,2
4164,0,1,5,1,0,4,1
4165,0,1,5,1,2,1,1
4166,0,1,5,1,0,4,1
4167,0,1,5,1,1,4,0
4168,0,1,5,1,0,4,2
4169,0,1,5,1,1,2,1
4170,0,1,5,1,1,4,2
4171,0,1,5,1,0,2,1
4172,0,1,5,1,1,0,0
4173,0,1,5,1,1,4,0
4174,0,1,5,1,1,4,2
4175,1,1,5,1,1,4,2
4176,0,1,5,1,0,4,2
4177,1,1,5,1,0,3,1
4178,0,1,5,1,1,4,1
4179,0,1,5,1,1,0,1
4180,0,1,5,1,0,4,1
4181,1,1,5,1,2,1,0
4182,-1,1,5,1,1,0,0
4183,0,1,5,1,1,0,1
4184,0,1,5,1,1,4,0
4185,-1,1,5,1,0,0,0
4186,1,1,5,1,1,0,2
4187,1,2,4,3,2,1,2
4188,-1,2,4,3,1,0,1
4189,-1,2,4,3,1,0,2
4190,-1,2,4,3,1,4,1
4191,0,2,4,3,0,0,0
4192,0,2,4,3,1,0,1
4193,10,2,18,5,0,4,2
4194,10,2,18,5,1,4,1
4195,0,2,18,5,0,4,1
4196,-1,2,18,5,1,2,2
4197,1,2,18,5,1,4,2
4198,-1,2,18,5,0,2,1
4199,1,2,18,5,1,0,2
4200,-1,2,18,5,1,4,0
4201,0,2,18,5,1,4,2
4202,-1,2,18,5,1,4,2
4203,0,2,18,5,0,4,0
4204,0,2,18,5,0,3,0
4205,0,2,18,5,1,4,2
4206,1,2,18,5,1,0,2
4207,0,2,18,5,0,4,0
4208,10,2,18,5,2,1,2
4209,1,2,18,5,1,0,1
4210,0,2,18,5,1,0,2
4211,-1,2,18,5,1,4,1
4212,1,2,18,5,0,0,0
4213,1,2,18,5,1,0,1
4214,0,7,10,1,0,4,2
4215,0,7,10,1,2,1,2
4216,0,7,10,1,0,0,2
4217,1,7,10,1,1,4,2
4218,0,7,10,1,2,1,2
4219,0,7,10,1,0,3,2
4220,0,7,10,1,1,2,2
4221,0,7,10,1,1,2,2
4222,0,7,10,1,1,4,2
4223,0,7,10,1,2,1,1
4224,0,7,10,1,0,4,0
4225,0,7,10,1,2,1,2
4226,0,7,10,1,0,4,2
4227,0,7,10,1,1,4,2
4228,0,7,10,1,0,4,1
4229,0,7,10,1,1,2,2
4230,0,7,10,1,1,4,2
4231,0,7,10,1,0,2,2
4232,0,7,10,1,1,0,2
4233,0,7,10,1,1,4,0
4234,-1,7,10,1,1,4,2
4235,0,7,10,1,1,4,1
4236,0,7,10,1,0,4,1
4237,-1,7,10,1,0,3,1
4238,0,7,10,1,1,4,0
4239,0,7,10,1,1,0,0
4240,0,7,10,1,0,4,2
4241,-1,7,10,1,2,1,0
4242,1,7,10,1,1,0,0
4243,-1,7,10,1,1,0,2
4244,0,7,10,1,1,4,2
4245,0,7,10,1,0,0,0
4246,-1,7,10,1,1,0,0
4247,-1,6,2,3,0,4,2
4248,1,6,2,3,2,1,2
4249,-1,6,2,3,0,0,2
4250,1,6,2,3,1,4,2
4251,-1,6,2,3,2,1,2
4252,1,6,2,3,0,3,0
4253,1,6,2,3,1,2,1
4254,1,6,2,3,1,2,2
4255,0,6,2,3,1,4,2
4256,0,6,2,3,2,1,2
4257,0,6,2,3,0,4,1
4258,-1,6,2,3,2,1,2
4259,-1,6,2,3,0,4,2
4260,0,6,2,3,1,4,1
4261,1,6,2,3,0,4,0
4262,-1,6,2,3,1,2,2
4263,1,6,2,3,1,4,2
4264,0,6,2,3,0,2,2
4265,1,6,2,3,1,0,1
4266,1,6,2,3,1,4,1
4267,0,6,2,3,1,4,1
4268,1,6,2,3,1,4,2
4269,0,6,2,3,0,4,1
4270,0,6,2,3,0,3,0
4271,0,6,2,3,1,4,0
4272,-1,6,2,3,1,0,0
4273,1,6,2,3,0,4,0
4274,-1,6,2,3,2,1,0
4275,0,6,2,3,1,0,1
4276,0,6,2,3,1,0,2
4277,0,6,2,3,1,4,1
4278,1,6,2,3,0,0,0
4279,-1,6,2,3,1,0,2
4280,0,9,16,0,0,3,0
4281,0,9,16,0,1,2,2
4282,1,9,16,0,1,2,2
4283,1,9,16,0,1,4,2
4284,0,9,16,0,2,1,2
4285,1,9,16,0,0,4,1
4286,-1,9,16,0,2,1,2
4287,1,9,16,0,0,4,1
4288,-1,9,16,0,1,4,2
4289,0,9,16,0,0,4,1
4290,0,9,16,0,1,2,2
4291,-1,9,16,0,1,4,2
4292,1,9,16,0,0,2,2
4293,-1,9,16,0,1,0,2
4294,0,9,16,0,1,4,1
4295,0,9,16,0,1,4,1
4296,0,9,16,0,1,4,0
4297,0,9,16,0,0,4,0
4298,0,9,16,0,0,3,1
4299,1,9,16,0,1,4,0
4300,0,9,16,0,1,0,1
4301,0,9,16,0,0,4,2
4302,-1,9,16,0,2,1,0
4303,1,9,16,0,1,0,0
4304,-1,9,16,0,1,0,0
4305,1,9,16,0,1,4,2
4306,-1,9,16,0,0,0,1
4307,1,9,16,0,1,0,0
4308,10,6,2,1,1,4,2
4309,1,6,2,1,0,4,1
4310,1,6,2,1,0,3,0
4311,1,6,2,1,1,4,0
4312,0,6,2,1,1,0,0
4313,1,6,2,1,0,4,0
4314,-1,6,2,1,2,1,0
4315,0,6,2,1,1,0,1
4316,0,6,2,1,1,0,2
4317,0,6,2,1,1,4,1
4318,-1,6,2,1,0,0,0
4319,1,6,2,1,1,0,2
4320,-1,3,13,0,1,4,0
4321,0,3,13,0,2,1,1
4322,0,3,13,0,0,3,0
4323,0,3,13,0,1,2,2
4324,1,3,13,0,1,2,2
4325,0,3,13,0,1,4,2
4326,0,3,13,0,2,1,2
4327,0,3,13,0,0,4,1
4328,0,3,13,0,2,1,2
4329,0,3,13,0,0,4,2
4330,0,3,13,0,1,4,1
4331,0,3,13,0,0,4,2
4332,1,3,13,0,1,2,2
4333,0,3,13,0,1,4,2
4334,0,3,13,0,0,2,2
4335,-1,3,13,0,1,0,2
4336,0,3,13,0,1,4,1
4337,0,3,13,0,1,4,2
4338,0,3,13,0,1,4,1
4339,0,3,13,0,0,4,0
4340,0,3,13,0,0,3,1
4341,1,3,13,0,1,4,2
4342,0,3,13,0,1,0,2
4343,0,3,13,0,0,4,2
4344,-1,3,13,0,2,1,1
4345,1,3,13,0,1,0,0
4346,0,3,13,0,1,0,2
4347,0,3,13,0,1,4,2
4348,0,3,13,0,0,0,1
4349,0,3,13,0,1,0,0
4350,0,1,5,1,2,1,2
4351,0,1,5,1,0,0,2
4352,0,1,5,1,1,4,1
4353,0,1,5,1,2,1,2
4354,0,1,5,1,0,3,0
4355,0,1,5,1,1,2,1
4356,1,1,5,1,1,2,2
4357,-1,1,5,1,1,4,1
4358,-1,1,5,1,2,1,2
4359,0,1,5,1,0,4,1
4360,-1,1,5,1,2,1,1
4361,0,1,5,1,0,4,1
4362,0,1,5,1,1,4,0
4363,0,1,5,1,0,4,2
4364,-1,1,5,1,1,2,1
4365,1,1,5,1,1,4,2
4366,0,1,5,1,0,2,1
4367,-1,1,5,1,1,0,0
4368,1,1,5,1,1,4,0
4369,0,1,5,1,1,4,2
4370,-1,1,5,1,1,4,2
4371,-1,1,5,1,0,4,2
4372,1,1,5,1,0,3,1
4373,0,1,5,1,1,4,1
4374,0,1,5,1,1,0,1
4375,0,1,5,1,0,4,1
4376,0,1,5,1,2,1,0
4377,0,1,5,1,1,0,0
4378,-1,1,5,1,1,0,1
4379,0,1,5,1,1,4,0
4380,-1,1,5,1,0,0,0
4381,0,1,5,1,1,0,2
4382,0,2,8,1,2,1,2
4383,0,2,8,1,0,0,2
4384,0,2,8,1,1,4,1
4385,-1,2,8,1,2,1,2
4386,0,2,8,1,0,3,1
4387,0,2,8,1,1,2,1
4388,0,2,8,1,1,2,2
4389,0,2,8,1,1,4,1
4390,1,2,8,1,2,1,2
4391,0,2,8,1,0,4,2
4392,0,2,8,1,2,1,2
4393,0,2,8,1,0,4,2
4394,0,2,8,1,1,4,1
4395,0,2,8,1,0,4,1
4396,0,2,8,1,1,2,2
4397,1,2,8,1,1,4,2
4398,0,2,8,1,0,2,1
4399,-1,2,8,1,1,0,2
4400,0,2,8,1,1,4,0
4401,0,2,8,1,1,4,2
4402,0,2,8,1,1,4,2
4403,1,2,8,1,0,4,0
4404,0,2,8,1,0,3,0
4405,0,2,8,1,1,4,2
4406,0,2,8,1,1,0,2
4407,-1,2,8,1,0,4,0
4408,0,2,8,1,2,1,2
4409,1,2,8,1,1,0,1
4410,0,2,8,1,1,0,2
4411,0,2,8,1,1,4,1
4412,-1,2,8,1,0,0,0
4413,0,2,8,1,1,0,1
4414,1,7,10,1,0,4,2
4415,-1,7,10,1,2,1,2
4416,0,7,10,1,0,0,2
4417,0,7,10,1,1,4,2
4418,0,7,10,1,2,1,2
4419,-1,7,10,1,0,3,2
4420,0,7,10,1,1,2,2
4421,-1,7,10,1,1,2,2
4422,-1,7,10,1,1,4,2
4423,0,7,10,1,2,1,1
4424,0,7,10,1,0,4,0
4425,0,7,10,1,2,1,2
4426,1,7,10,1,0,4,2
4427,-1,7,10,1,1,4,2
4428,0,7,10,1,0,4,1
4429,0,7,10,1,1,2,2
4430,0,7,10,1,1,4,2
4431,0,7,10,1,0,2,2
4432,0,7,10,1,1,0,2
4433,0,7,10,1,1,4,0
4434,0,7,10,1,1,4,2
4435,0,7,10,1,1,4,1
4436,0,7,10,1,0,4,1
4437,0,7,10,1,0,3,1
4438,0,7,10,1,1,4,0
4439,0,7,10,1,1,0,0
4440,-1,7,10,1,0,4,2
4441,-1,7,10,1,2,1,0
4442,1,7,10,1,1,0,0
4443,0,7,10,1,1,0,2
4444,1,7,10,1,1,4,2
4445,0,7,10,1,0,0,0
4446,0,7,10,1,1,0,0
4447,0,6,28,1,2,1,2
4448,-1,6,28,1,0,3,0
4449,-1,6,28,1,1,2,1
4450,10,6,28,1,1,2,2
4451,-1,6,28,1,1,4,2
4452,1,6,28,1,2,1,2
4453,1,6,28,1,0,4,1
4454,1,6,28,1,2,1,2
4455,-1,6,28,1,0,4,2
4456,1,6,28,1,1,4,1
4457,0,6,28,1,0,4,0
4458,0,6,28,1,1,2,2
4459,10,6,28,1,1,4,2
4460,10,6,28,1,0,2,2
4461,0,6,28,1,1,0,1
4462,-1,6,28,1,1,4,1
4463,1,6,28,1,1,4,1
4464,1,6,28,1,1,4,2
4465,1,6,28,1,0,4,1
4466,-1,6,28,1,0,3,0
4467,0,6,28,1,1,4,0
4468,0,6,28,1,1,0,0
4469,0,6,28,1,0,4,0
4470,0,6,28,1,2,1,0
4471,0,6,28,1,1,0,1
4472,0,6,28,1,1,0,2
4473,0,6,28,1,1,4,1
4474,0,6,28,1,0,0,0
4475,0,6,28,1,1,0,2
4476,10,5,5,2,0,2,2
4477,0,5,5,2,1,0,1
4478,0,5,5,2,1,4,0
4479,1,5,5,2,1,4,2
4480,-1,5,5,2,1,4,2
4481,-1,5,5,2,0,4,1
4482,0,5,5,2,0,3,0
4483,1,5,5,2,1,4,1
4484,0,5,5,2,1,0,2
4485,0,5,5,2,0,4,1
4486,-1,5,5,2,2,1,1
4487,10,5,5,2,1,0,2
4488,-1,5,5,2,1,0,1
4489,1,5,5,2,1,4,0
4490,1,5,5,2,0,0,0
4491,-1,5,5,2,1,0,1
4492,0,0,26,5,0,3,2
4493,0,0,26,5,0,4,2
4494,0,0,26,5,2,1,2
4495,0,0,26,5,0,0,2
4496,0,0,26,5,1,4,2
4497,0,0,26,5,2,1,2
4498,1,0,26,5,0,3,2
4499,0,0,26,5,1,2,2
4500,0,0,26,5,1,2,2
4501,0,0,26,5,1,4,2
4502,0,0,26,5,2,1,2
4503,0,0,26,5,0,4,2
4504,1,0,26,5,2,1,2
4505,0,0,26,5,0,4,2
4506,0,0,26,5,1,4,2
4507,-1,0,26,5,0,4,2
4508,1,0,26,5,1,2,2
4509,1,0,26,5,1,4,2
4510,-1,0,26,5,0,2,2
4511,0,0,26,5,1,0,2
4512,-1,0,26,5,1,4,2
4513,1,0,26,5,1,4,2
4514,0,0,26,5,1,4,2
4515,-1,0,26,5,0,4,2
4516,0,0,26,5,0,3,2
4517,1,0,26,5,1,4,2
4518,0,0,26,5,1,0,2
4519,0,0,26,5,0,4,2
4520,0,0,26,5,2,1,2
4521,0,0,26,5,1,0,2
4522,0,0,26,5,1,0,2
4523,0,0,26,5,1,4,2
4524,0,0,26,5,0,0,2
4525,0,0,26,5,1,0,2
4526,1,7,10,2,0,2,2
4527,10,7,10,2,1,0,2
4528,-1,7,10,2,1,4,0
4529,1,7,10,2,1,4,2
4530,0,7,10,2,1,4,1
4531,1,7,10,2,0,4,1
4532,0,7,10,2,0,3,1
4533,0,7,10,2,1,4,0
4534,-1,7,10,2,1,0,0
4535,-10,7,10,2,0,4,2
4536,10,7,10,2,1,0,0
4537,10,7,10,2,1,0,2
4538,-1,7,10,2,1,4,2
4539,0,7,10,2,0,0,0
4540,10,7,10,2,1,0,0
4541,0,0,5,1,0,3,2
4542,-1,0,5,1,0,4,2
4543,0,0,5,1,2,1,2
4544,-1,0,5,1,0,0,2
4545,0,0,5,1,1,4,2
4546,0,0,5,1,2,1,2
4547,0,0,5,1,0,3,2
4548,-1,0,5,1,1,2,2
4549,0,0,5,1,1,2,2
4550,0,0,5,1,1,4,2
4551,0,0,5,1,2,1,2
4552,0,0,5,1,0,4,2
4553,0,0,5,1,2,1,2
4554,-1,0,5,1,0,4,2
4555,0,0,5,1,1,4,2
4556,1,0,5,1,0,4,2
4557,0,0,5,1,1,2,2
4558,-1,0,5,1,1,4,2
4559,0,0,5,1,0,2,2
4560,1,0,5,1,1,0,2
4561,-1,0,5,1,1,4,2
4562,1,0,5,1,1,4,2
4563,-1,0,5,1,1,4,2
4564,0,0,5,1,0,4,2
4565,0,0,5,1,0,3,2
4566,0,0,5,1,1,4,2
4567,1,0,5,1,1,0,2
4568,-1,0,5,1,0,4,2
4569,1,0,5,1,2,1,2
4570,0,0,5,1,1,0,2
4571,1,0,5,1,1,0,2
4572,0,0,5,1,1,4,2
4573,0,0,5,1,0,0,2
4574,0,0,5,1,1,0,2
4575,0,4,14,5,0,4,1
4576,0,4,14,5,2,1,2
4577,0,4,14,5,0,0,2
4578,0,4,14,5,1,4,1
4579,0,4,14,5,2,1,2
4580,0,4,14,5,0,3,0
4581,0,4,14,5,1,2,1
4582,0,4,14,5,1,2,2
4583,1,4,14,5,1,4,2
4584,0,4,14,5,2,1,2
4585,0,4,14,5,0,4,1
4586,0,4,14,5,2,1,1
4587,0,4,14,5,0,4,2
4588,0,4,14,5,1,4,2
4589,0,4,14,5,0,4,1
4590,0,4,14,5,1,2,1
4591,0,4,14,5,1,4,1
4592,0,4,14,5,0,2,2
4593,0,4,14,5,1,0,1
4594,0,4,14,5,1,4,0
4595,0,4,14,5,1,4,2
4596,1,4,14,5,1,4,1
4597,0,4,14,5,0,4,1
4598,0,4,14,5,0,3,1
4599,0,4,14,5,1,4,0
4600,0,4,14,5,1,0,1
4601,0,4,14,5,0,4,0
4602,0,4,14,5,2,1,1
4603,1,4,14,5,1,0,1
4604,-1,4,14,5,1,0,2
4605,0,4,14,5,1,4,1
4606,0,4,14,5,0,0,0
4607,-1,4,14,5,1,0,2
4608,-1,6,4,1,0,0,2
4609,1,6,4,1,1,4,2
4610,-1,6,4,1,2,1,2
4611,0,6,4,1,0,3,0
4612,-1,6,4,1,1,2,1
4613,0,6,4,1,1,2,2
4614,0,6,4,1,1,4,2
4615,0,6,4,1,2,1,2
4616,1,6,4,1,0,4,1
4617,1,6,4,1,2,1,2
4618,-1,6,4,1,0,4,2
4619,1,6,4,1,1,4,1
4620,0,6,4,1,0,4,0
4621,-1,6,4,1,1,2,2
4622,0,6,4,1,1,4,2
4623,1,6,4,1,0,2,2
4624,1,6,4,1,1,0,1
4625,-1,6,4,1,1,4,1
4626,-1,6,4,1,1,4,1
4627,0,6,4,1,1,4,2
4628,1,6,4,1,0,4,1
4629,1,6,4,1,0,3,0
4630,1,6,4,1,1,4,0
4631,-1,6,4,1,1,0,0
4632,0,6,4,1,0,4,0
4633,0,6,4,1,2,1,0
4634,0,6,4,1,1,0,1
4635,1,6,4,1,1,0,2
4636,1,6,4,1,1,4,1
4637,-1,6,4,1,0,0,0
4638,1,6,4,1,1,0,2
4639,10,3,13,5,0,3,1
4640,10,3,13,0,0,3,1
4641,10,3,13,0,0,3,1
4642,0,3,13,5,0,4,2
4643,0,3,13,0,0,4,2
4644,0,3,13,0,0,4,2
4645,1,3,13,5,2,1,2
4646,1,3,13,0,2,1,2
4647,1,3,13,0,2,1,2
4648,0,3,13,5,0,0,1
4649,0,3,13,0,0,0,1
4650,0,3,13,0,0,0,1
4651,0,3,13,5,1,4,0
4652,0,3,13,0,1,4,0
4653,0,3,13,0,1,4,0
4654,0,3,13,5,2,1,1
4655,0,3,13,0,2,1,1
4656,0,3,13,0,2,1,1
4657,1,3,13,5,0,3,0
4658,1,3,13,0,0,3,0
4659,1,3,13,0,0,3,0
4660,-1,3,13,5,1,2,2
4661,-1,3,13,0,1,2,2
4662,-1,3,13,0,1,2,2
4663,-1,3,13,5,1,2,2
4664,-1,3,13,0,1,2,2
4665,-1,3,13,0,1,2,2
4666,1,3,13,5,1,4,2
4667,1,3,13,0,1,4,2
4668,1,3,13,0,1,4,2
4669,0,3,13,5,2,1,2
4670,0,3,13,0,2,1,2
4671,0,3,13,0,2,1,2
4672,-1,3,13,5,0,4,1
4673,-1,3,13,0,0,4,1
4674,-1,3,13,0,0,4,1
4675,0,3,13,5,2,1,2
4676,0,3,13,0,2,1,2
4677,0,3,13,0,2,1,2
4678,0,3,13,5,0,4,2
4679,0,3,13,0,0,4,2
4680,0,3,13,0,0,4,2
4681,-1,3,13,5,1,4,1
4682,-1,3,13,0,1,4,1
4683,-1,3,13,0,1,4,1
4684,1,3,13,5,0,4,2
4685,1,3,13,0,0,4,2
4686,1,3,13,0,0,4,2
4687,0,3,13,5,1,2,2
4688,0,3,13,0,1,2,2
4689,0,3,13,0,1,2,2
4690,1,3,13,5,1,4,2
4691,1,3,13,0,1,4,2
4692,1,3,13,0,1,4,2
4693,1,3,13,5,0,2,2
4694,1,3,13,0,0,2,2
4695,1,3,13,0,0,2,2
4696,0,3,13,5,1,0,2
4697,0,3,13,0,1,0,2
4698,0,3,13,0,1,0,2
4699,1,3,13,5,1,4,1
4700,1,3,13,0,1,4,1
4701,1,3,13,0,1,4,1
4702,0,3,13,5,1,4,2
4703,0,3,13,0,1,4,2
4704,0,3,13,0,1,4,2
4705,0,3,13,5,1,4,1
4706,0,3,13,0,1,4,1
4707,0,3,13,0,1,4,1
4708,0,3,13,5,0,4,0
4709,0,3,13,0,0,4,0
4710,0,3,13,0,0,4,0
4711,1,3,13,5,0,3,1
4712,1,3,13,0,0,3,1
4713,1,3,13,0,0,3,1
4714,-1,3,13,5,1,4,2
4715,-1,3,13,0,1,4,2
4716,-1,3,13,0,1,4,2
4717,1,3,13,5,1,0,2
4718,1,3,13,0,1,0,2
4719,1,3,13,0,1,0,2
4720,1,3,13,5,0,4,2
4721,1,3,13,0,0,4,2
4722,1,3,13,0,0,4,2
4723,-1,3,13,5,2,1,1
4724,-1,3,13,0,2,1,1
4725,-1,3,13,0,2,1,1
4726,0,3,13,5,1,0,0
4727,0,3,13,0,1,0,0
4728,0,3,13,0,1,0,0
4729,0,3,13,5,1,0,2
4730,0,3,13,0,1,0,2
4731,0,3,13,0,1,0,2
4732,-1,3,13,5,1,4,2
4733,-1,3,13,0,1,4,2
4734,-1,3,13,0,1,4,2
4735,1,3,13,5,0,0,1
4736,1,3,13,0,0,0,1
4737,1,3,13,0,0,0,1
4738,1,3,13,5,1,0,0
4739,1,3,13,0,1,0,0
4740,1,3,13,0,1,0,0
4741,1,4,29,1,0,4,1
4742,0,4,29,1,2,1,2
4743,0,4,29,1,0,0,2
4744,0,4,29,1,1,4,1
4745,1,4,29,1,2,1,2
4746,-1,4,29,1,0,3,0
4747,0,4,29,1,1,2,1
4748,0,4,29,1,1,2,2
4749,-1,4,29,1,1,4,2
4750,1,4,29,1,2,1,2
4751,-1,4,29,1,0,4,1
4752,1,4,29,1,2,1,1
4753,-1,4,29,1,0,4,2
4754,0,4,29,1,1,4,2
4755,0,4,29,1,0,4,1
4756,0,4,29,1,1,2,1
4757,1,4,29,1,1,4,1
4758,-1,4,29,1,0,2,2
4759,1,4,29,1,1,0,1
4760,0,4,29,1,1,4,0
4761,0,4,29,1,1,4,2
4762,0,4,29,1,1,4,1
4763,0,4,29,1,0,4,1
4764,0,4,29,1,0,3,1
4765,0,4,29,1,1,4,0
4766,0,4,29,1,1,0,1
4767,0,4,29,1,0,4,0
4768,1,4,29,1,2,1,1
4769,0,4,29,1,1,0,1
4770,1,4,29,1,1,0,2
4771,0,4,29,1,1,4,1
4772,0,4,29,1,0,0,0
4773,0,4,29,1,1,0,2
4774,-1,6,5,1,0,4,2
4775,0,6,5,1,2,1,2
4776,0,6,5,1,0,0,2
4777,0,6,5,1,1,4,2
4778,0,6,5,1,2,1,2
4779,0,6,5,1,0,3,0
4780,0,6,5,1,1,2,1
4781,0,6,5,1,1,2,2
4782,0,6,5,1,1,4,2
4783,0,6,5,1,2,1,2
4784,1,6,5,1,0,4,1
4785,-1,6,5,1,2,1,2
4786,0,6,5,1,0,4,2
4787,0,6,5,1,1,4,1
4788,-1,6,5,1,0,4,0
4789,0,6,5,1,1,2,2
4790,1,6,5,1,1,4,2
4791,0,6,5,1,0,2,2
4792,0,6,5,1,1,0,1
4793,0,6,5,1,1,4,1
4794,0,6,5,1,1,4,1
4795,0,6,5,1,1,4,2
4796,1,6,5,1,0,4,1
4797,0,6,5,1,0,3,0
4798,0,6,5,1,1,4,0
4799,-1,6,5,1,1,0,0
4800,0,6,5,1,0,4,0
4801,-1,6,5,1,2,1,0
4802,1,6,5,1,1,0,1
4803,1,6,5,1,1,0,2
4804,1,6,5,1,1,4,1
4805,-1,6,5,1,0,0,0
4806,-1,6,5,1,1,0,2
4807,1,3,13,0,2,1,2
4808,0,3,13,0,0,0,1
4809,0,3,13,0,1,4,0
4810,1,3,13,0,2,1,1
4811,-1,3,13,0,0,3,0
4812,0,3,13,0,1,2,2
4813,0,3,13,0,1,2,2
4814,0,3,13,0,1,4,2
4815,0,3,13,0,2,1,2
4816,0,3,13,0,0,4,1
4817,0,3,13,0,2,1,2
4818,0,3,13,0,0,4,2
4819,-1,3,13,0,1,4,1
4820,0,3,13,0,0,4,2
4821,0,3,13,0,1,2,2
4822,0,3,13,0,1,4,2
4823,0,3,13,0,0,2,2
4824,0,3,13,0,1,0,2
4825,0,3,13,0,1,4,1
4826,0,3,13,0,1,4,2
4827,0,3,13,0,1,4,1
4828,0,3,13,0,0,4,0
4829,0,3,13,0,0,3,1
4830,0,3,13,0,1,4,2
4831,0,3,13,0,1,0,2
4832,0,3,13,0,0,4,2
4833,-1,3,13,0,2,1,1
4834,0,3,13,0,1,0,0
4835,0,3,13,0,1,0,2
4836,1,3,13,0,1,4,2
4837,1,3,13,0,0,0,1
4838,0,3,13,0,1,0,0
4839,1,3,11,1,0,4,2
4840,0,3,11,1,2,1,2
4841,0,3,11,1,0,0,1
4842,0,3,11,1,1,4,0
4843,-1,3,11,1,2,1,1
4844,0,3,11,1,0,3,0
4845,0,3,11,1,1,2,2
4846,0,3,11,1,1,2,2
4847,0,3,11,1,1,4,2
4848,0,3,11,1,2,1,2
4849,1,3,11,1,0,4,1
4850,-1,3,11,1,2,1,2
4851,0,3,11,1,0,4,2
4852,0,3,11,1,1,4,1
4853,0,3,11,1,0,4,2
4854,0,3,11,1,1,2,2
4855,1,3,11,1,1,4,2
4856,0,3,11,1,0,2,2
4857,-1,3,11,1,1,0,2
4858,0,3,11,1,1,4,1
4859,0,3,11,1,1,4,2
4860,0,3,11,1,1,4,1
4861,0,3,11,1,0,4,0
4862,1,3,11,1,0,3,1
4863,-1,3,11,1,1,4,2
4864,0,3,11,1,1,0,2
4865,0,3,11,1,0,4,2
4866,-1,3,11,1,2,1,1
4867,1,3,11,1,1,0,0
4868,10,3,11,1,1,0,2
4869,-1,3,11,1,1,4,2
4870,10,3,11,1,0,0,1
4871,-1,3,11,1,1,0,0
4872,1,7,10,0,0,0,2
4873,0,7,10,0,1,4,2
4874,0,7,10,0,2,1,2
4875,1,7,10,0,0,3,2
4876,0,7,10,0,1,2,2
4877,-1,7,10,0,1,2,2
4878,0,7,10,0,1,4,2
4879,0,7,10,0,2,1,1
4880,0,7,10,0,0,4,0
4881,0,7,10,0,2,1,2
4882,0,7,10,0,0,4,2
4883,1,7,10,0,1,4,2
4884,0,7,10,0,0,4,1
4885,0,7,10,0,1,2,2
4886,-1,7,10,0,1,4,2
4887,-1,7,10,0,0,2,2
4888,-1,7,10,0,1,0,2
4889,0,7,10,0,1,4,0
4890,0,7,10,0,1,4,2
4891,0,7,10,0,1,4,1
4892,1,7,10,0,0,4,1
4893,0,7,10,0,0,3,1
4894,1,7,10,0,1,4,0
4895,0,7,10,0,1,0,0
4896,0,7,10,0,0,4,2
4897,-1,7,10,0,2,1,0
4898,-1,7,10,0,1,0,0
4899,-1,7,10,0,1,0,2
4900,-1,7,10,0,1,4,2
4901,-1,7,10,0,0,0,0
4902,-1,7,10,0,1,0,0
4903,0,4,22,4,2,1,2
4904,0,4,22,4,0,3,0
4905,0,4,22,4,1,2,1
4906,0,4,22,4,1,2,2
4907,0,4,22,4,1,4,2
4908,0,4,22,4,2,1,2
4909,-1,4,22,4,0,4,1
4910,1,4,22,4,2,1,1
4911,0,4,22,4,0,4,2
4912,0,4,22,4,1,4,2
4913,1,4,22,4,0,4,1
4914,-1,4,22,4,1,2,1
4915,0,4,22,4,1,4,1
4916,0,4,22,4,0,2,2
4917,0,4,22,4,1,0,1
4918,0,4,22,4,1,4,0
4919,0,4,22,4,1,4,2
4920,0,4,22,4,1,4,1
4921,0,4,22,4,0,4,1
4922,0,4,22,4,0,3,1
4923,0,4,22,4,1,4,0
4924,0,4,22,4,1,0,1
4925,0,4,22,4,0,4,0
4926,0,4,22,4,2,1,1
4927,0,4,22,4,1,0,1
4928,0,4,22,4,1,0,2
4929,0,4,22,4,1,4,1
4930,0,4,22,4,0,0,0
4931,-1,4,22,4,1,0,2
4932,10,5,5,1,2,1,2
4933,0,5,5,1,0,4,2
4934,0,5,5,1,1,4,1
4935,-1,5,5,1,0,4,1
4936,1,5,5,1,1,2,2
4937,0,5,5,1,1,4,2
4938,-1,5,5,1,0,2,2
4939,0,5,5,1,1,0,1
4940,1,5,5,1,1,4,0
4941,-1,5,5,1,1,4,2
4942,1,5,5,1,1,4,2
4943,1,5,5,1,0,4,1
4944,1,5,5,1,0,3,0
4945,1,5,5,1,1,4,1
4946,0,5,5,1,1,0,2
4947,1,5,5,1,0,4,1
4948,-1,5,5,1,2,1,1
4949,1,5,5,1,1,0,2
4950,1,5,5,1,1,0,1
4951,0,5,5,1,1,4,0
4952,1,5,5,1,0,0,0
4953,-1,5,5,1,1,0,1
4954,1,1,5,3,1,4,1
4955,-1,1,5,3,1,0,1
4956,1,1,5,3,0,4,1
4957,0,1,5,3,2,1,0
4958,1,1,5,3,1,0,0
4959,-1,1,5,3,1,0,1
4960,1,1,5,3,1,4,0
4961,-1,1,5,3,0,0,0
4962,-1,1,5,3,1,0,2
4963,0,5,23,0,0,3,1
4964,-1,5,23,0,0,4,1
4965,1,5,23,0,2,1,2
4966,-1,5,23,0,0,0,2
4967,0,5,23,0,1,4,2
4968,-1,5,23,0,2,1,2
4969,0,5,23,0,0,3,1
4970,-1,5,23,0,1,2,1
4971,1,5,23,0,1,2,2
4972,-1,5,23,0,1,4,2
4973,-1,5,23,0,2,1,2
4974,1,5,23,0,0,4,2
4975,1,5,23,0,2,1,2
4976,0,5,23,0,0,4,2
4977,1,5,23,0,1,4,1
4978,-1,5,23,0,0,4,1
4979,-1,5,23,0,1,2,2
4980,1,5,23,0,1,4,2
4981,0,5,23,0,0,2,2
4982,-1,5,23,0,1,0,1
4983,0,5,23,0,1,4,0
4984,0,5,23,0,1,4,2
4985,0,5,23,0,1,4,2
4986,1,5,23,0,0,4,1
4987,0,5,23,0,0,3,0
4988,0,5,23,0,1,4,1
4989,0,5,23,0,1,0,2
4990,0,5,23,0,0,4,1
4991,1,5,23,0,2,1,1
4992,0,5,23,0,1,0,2
4993,-1,5,23,0,1,0,1
4994,0,5,23,0,1,4,0
4995,0,5,23,0,0,0,0
4996,0,5,23,0,1,0,1
4997,0,7,13,0,0,4,2
4998,0,7,13,0,2,1,2
4999,0,7,13,0,0,0,2
5000,0,7,13,0,1,4,2
5001,0,7,13,0,2,1,2
5002,0,7,13,0,0,3,2
5003,0,7,13,0,1,2,2
5004,0,7,13,0,1,2,2
5005,0,7,13,0,1,4,2
5006,0,7,13,0,2,1,1
5007,0,7,13,0,0,4,0
5008,0,7,13,0,2,1,2
5009,0,7,13,0,0,4,2
5010,0,7,13,0,1,4,2
5011,0,7,13,0,0,4,1
5012,0,7,13,0,1,2,2
5013,1,7,13,0,1,4,2
5014,0,7,13,0,0,2,2
5015,0,7,13,0,1,0,2
5016,0,7,13,0,1,4,0
5017,0,7,13,0,1,4,2
5018,1,7,13,0,1,4,1
5019,0,7,13,0,0,4,1
5020,-1,7,13,0,0,3,1
5021,0,7,13,0,1,4,0
5022,0,7,13,0,1,0,0
5023,0,7,13,0,0,4,2
5024,-1,7,13,0,2,1,0
5025,1,7,13,0,1,0,0
5026,-1,7,13,0,1,0,2
5027,0,7,13,0,1,4,2
5028,0,7,13,0,0,0,0
5029,-1,7,13,0,1,0,0
5030,10,5,9,1,0,2,2
5031,0,5,9,1,1,0,1
5032,-1,5,9,1,1,4,0
5033,-1,5,9,1,1,4,2
5034,1,5,9,1,1,4,2
5035,1,5,9,1,0,4,1
5036,-1,5,9,1,0,3,0
5037,0,5,9,1,1,4,1
5038,-1,5,9,1,1,0,2
5039,0,5,9,1,0,4,1
5040,-1,5,9,1,2,1,1
5041,0,5,9,1,1,0,2
5042,0,5,9,1,1,0,1
5043,10,5,9,1,1,4,0
5044,-1,5,9,1,0,0,0
5045,1,5,9,1,1,0,1
5046,-1,6,2,1,2,1,2
5047,0,6,2,1,0,0,2
5048,0,6,2,1,1,4,2
5049,0,6,2,1,2,1,2
5050,1,6,2,1,0,3,0
5051,0,6,2,1,1,2,1
5052,0,6,2,1,1,2,2
5053,0,6,2,1,1,4,2
5054,0,6,2,1,2,1,2
5055,0,6,2,1,0,4,1
5056,0,6,2,1,2,1,2
5057,0,6,2,1,0,4,2
5058,0,6,2,1,1,4,1
5059,0,6,2,1,0,4,0
5060,0,6,2,1,1,2,2
5061,0,6,2,1,1,4,2
5062,0,6,2,1,0,2,2
5063,0,6,2,1,1,0,1
5064,0,6,2,1,1,4,1
5065,0,6,2,1,1,4,1
5066,0,6,2,1,1,4,2
5067,1,6,2,1,0,4,1
5068,-1,6,2,1,0,3,0
5069,0,6,2,1,1,4,0
5070,0,6,2,1,1,0,0
5071,0,6,2,1,0,4,0
5072,0,6,2,1,2,1,0
5073,0,6,2,1,1,0,1
5074,0,6,2,1,1,0,2
5075,0,6,2,1,1,4,1
5076,0,6,2,1,0,0,0
5077,0,6,2,1,1,0,2
5078,0,7,10,1,0,4,2
5079,1,7,10,1,2,1,2
5080,0,7,10,1,0,0,2
5081,0,7,10,1,1,4,2
5082,0,7,10,1,2,1,2
5083,-1,7,10,1,0,3,2
5084,0,7,10,1,1,2,2
5085,-1,7,10,1,1,2,2
5086,0,7,10,1,1,4,2
5087,0,7,10,1,2,1,1
5088,1,7,10,1,0,4,0
5089,1,7,10,1,2,1,2
5090,0,7,10,1,0,4,2
5091,1,7,10,1,1,4,2
5092,0,7,10,1,0,4,1
5093,1,7,10,1,1,2,2
5094,0,7,10,1,1,4,2
5095,-1,7,10,1,0,2,2
5096,0,7,10,1,1,0,2
5097,0,7,10,1,1,4,0
5098,1,7,10,1,1,4,2
5099,1,7,10,1,1,4,1
5100,0,7,10,1,0,4,1
5101,0,7,10,1,0,3,1
5102,0,7,10,1,1,4,0
5103,0,7,10,1,1,0,0
5104,0,7,10,1,0,4,2
5105,-1,7,10,1,2,1,0
5106,1,7,10,1,1,0,0
5107,0,7,10,1,1,0,2
5108,0,7,10,1,1,4,2
5109,1,7,10,1,0,0,0
5110,-1,7,10,1,1,0,0
5111,0,9,13,5,0,4,2
5112,-1,9,13,5,2,1,2
5113,0,9,13,5,0,0,1
5114,0,9,13,5,1,4,0
5115,0,9,13,5,2,1,1
5116,-1,9,13,5,0,3,0
5117,1,9,13,5,1,2,2
5118,0,9,13,5,1,2,2
5119,0,9,13,5,1,4,2
5120,0,9,13,5,2,1,2
5121,0,9,13,5,0,4,1
5122,0,9,13,5,2,1,2
5123,0,9,13,5,0,4,1
5124,0,9,13,5,1,4,2
5125,0,9,13,5,0,4,1
5126,0,9,13,5,1,2,2
5127,0,9,13,5,1,4,2
5128,1,9,13,5,0,2,2
5129,1,9,13,5,1,0,2
5130,-1,9,13,5,1,4,1
5131,0,9,13,5,1,4,1
5132,-1,9,13,5,1,4,0
5133,0,9,13,5,0,4,0
5134,0,9,13,5,0,3,1
5135,0,9,13,5,1,4,0
5136,0,9,13,5,1,0,1
5137,-1,9,13,5,0,4,2
5138,0,9,13,5,2,1,0
5139,1,9,13,5,1,0,0
5140,-1,9,13,5,1,0,0
5141,1,9,13,5,1,4,2
5142,0,9,13,5,0,0,1
5143,0,9,13,5,1,0,0
5144,-1,8,7,5,1,4,1
5145,0,8,7,5,2,1,2
5146,1,8,7,5,0,3,0
5147,0,8,7,5,1,2,1
5148,1,8,7,5,1,2,2
5149,0,8,7,5,1,4,2
5150,0,8,7,5,2,1,2
5151,-1,8,7,5,0,4,2
5152,0,8,7,5,2,1,2
5153,0,8,7,5,0,4,2
5154,-1,8,7,5,1,4,0
5155,0,8,7,5,0,4,2
5156,-1,8,7,5,1,2,1
5157,1,8,7,5,1,4,2
5158,1,8,7,5,0,2,0
5159,1,8,7,5,1,0,2
5160,0,8,7,5,1,4,0
5161,0,8,7,5,1,4,2
5162,0,8,7,5,1,4,0
5163,1,8,7,5,0,4,1
5164,0,8,7,5,0,3,0
5165,0,8,7,5,1,4,1
5166,0,8,7,5,1,0,1
5167,0,8,7,5,0,4,1
5168,1,8,7,5,2,1,1
5169,0,8,7,5,1,0,0
5170,-1,8,7,5,1,0,2
5171,0,8,7,5,1,4,1
5172,0,8,7,5,0,0,0
5173,0,8,7,5,1,0,2
5174,0,6,25,1,2,1,2
5175,1,6,25,1,0,0,2
5176,1,6,25,1,1,4,2
5177,1,6,25,1,2,1,2
5178,0,6,25,1,0,3,0
5179,0,6,25,1,1,2,1
5180,-1,6,25,1,1,2,2
5181,1,6,25,1,1,4,2
5182,0,6,25,1,2,1,2
5183,-1,6,25,1,0,4,1
5184,0,6,25,1,2,1,2
5185,0,6,25,1,0,4,2
5186,0,6,25,1,1,4,1
5187,0,6,25,1,0,4,0
5188,1,6,25,1,1,2,2
5189,0,6,25,1,1,4,2
5190,10,6,25,1,0,2,2
5191,-1,6,25,1,1,0,1
5192,-1,6,25,1,1,4,1
5193,0,6,25,1,1,4,1
5194,-1,6,25,1,1,4,2
5195,1,6,25,1,0,4,1
5196,-1,6,25,1,0,3,0
5197,1,6,25,1,1,4,0
5198,-1,6,25,1,1,0,0
5199,10,6,25,1,0,4,0
5200,-1,6,25,1,2,1,0
5201,1,6,25,1,1,0,1
5202,-1,6,25,1,1,0,2
5203,1,6,25,1,1,4,1
5204,1,6,25,1,0,0,0
5205,-1,6,25,1,1,0,2
5206,0,7,10,3,0,3,1
5207,0,7,10,3,0,4,2
5208,0,7,10,3,2,1,2
5209,0,7,10,3,0,0,2
5210,0,7,10,3,1,4,2
5211,1,7,10,3,2,1,2
5212,0,7,10,3,0,3,2
5213,0,7,10,3,1,2,2
5214,-1,7,10,3,1,2,2
5215,0,7,10,3,1,4,2
5216,0,7,10,3,2,1,1
5217,0,7,10,3,0,4,0
5218,0,7,10,3,2,1,2
5219,0,7,10,3,0,4,2
5220,0,7,10,3,1,4,2
5221,0,7,10,3,0,4,1
5222,0,7,10,3,1,2,2
5223,0,7,10,3,1,4,2
5224,1,7,10,3,0,2,2
5225,0,7,10,3,1,0,2
5226,0,7,10,3,1,4,0
5227,0,7,10,3,1,4,2
5228,1,7,10,3,1,4,1
5229,0,7,10,3,0,4,1
5230,-1,7,10,3,0,3,1
5231,-1,7,10,3,1,4,0
5232,10,7,10,3,1,0,0
5233,0,7,10,3,0,4,2
5234,-1,7,10,3,2,1,0
5235,10,7,10,3,1,0,0
5236,0,7,10,3,1,0,2
5237,-1,7,10,3,1,4,2
5238,1,7,10,3,0,0,0
5239,0,7,10,3,1,0,0
5240,-1,9,23,5,0,0,1
5241,0,9,23,5,1,4,0
5242,0,9,23,5,2,1,1
5243,0,9,23,5,0,3,0
5244,0,9,23,5,1,2,2
5245,0,9,23,5,1,2,2
5246,0,9,23,5,1,4,2
5247,0,9,23,5,2,1,2
5248,0,9,23,5,0,4,1
5249,-1,9,23,5,2,1,2
5250,0,9,23,5,0,4,1
5251,0,9,23,5,1,4,2
5252,0,9,23,5,0,4,1
5253,0,9,23,5,1,2,2
5254,0,9,23,5,1,4,2
5255,0,9,23,5,0,2,2
5256,0,9,23,5,1,0,2
5257,1,9,23,5,1,4,1
5258,0,9,23,5,1,4,1
5259,0,9,23,5,1,4,0
5260,0,9,23,5,0,4,0
5261,0,9,23,5,0,3,1
5262,0,9,23,5,1,4,0
5263,0,9,23,5,1,0,1
5264,0,9,23,5,0,4,2
5265,0,9,23,5,2,1,0
5266,1,9,23,5,1,0,0
5267,-1,9,23,5,1,0,0
5268,0,9,23,5,1,4,2
5269,0,9,23,5,0,0,1
5270,0,9,23,5,1,0,0
5271,0,6,25,5,0,4,2
5272,0,6,25,5,2,1,2
5273,0,6,25,5,0,0,2
5274,0,6,25,5,1,4,2
5275,0,6,25,5,2,1,2
5276,-1,6,25,5,0,3,0
5277,-1,6,25,5,1,2,1
5278,1,6,25,5,1,2,2
5279,1,6,25,5,1,4,2
5280,1,6,25,5,2,1,2
5281,-1,6,25,5,0,4,1
5282,0,6,25,5,2,1,2
5283,0,6,25,5,0,4,2
5284,-1,6,25,5,1,4,1
5285,1,6,25,5,0,4,0
5286,1,6,25,5,1,2,2
5287,1,6,25,5,1,4,2
5288,0,6,25,5,0,2,2
5289,0,6,25,5,1,0,1
5290,-1,6,25,5,1,4,1
5291,0,6,25,5,1,4,1
5292,1,6,25,5,1,4,2
5293,0,6,25,5,0,4,1
5294,0,6,25,5,0,3,0
5295,0,6,25,5,1,4,0
5296,-1,6,25,5,1,0,0
5297,1,6,25,5,0,4,0
5298,1,6,25,5,2,1,0
5299,0,6,25,5,1,0,1
5300,-1,6,25,5,1,0,2
5301,0,6,25,5,1,4,1
5302,0,6,25,5,0,0,0
5303,0,6,25,5,1,0,2
5327,1,9,24,0,0,3,2
5328,-1,9,24,0,0,4,2
5329,1,9,24,0,2,1,2
5330,0,9,24,0,0,0,1
5331,-1,9,24,0,1,4,0
5332,-1,9,24,0,2,1,1
5333,0,9,24,0,0,3,0
5334,0,9,24,0,1,2,2
5335,0,9,24,0,1,2,2
5336,0,9,24,0,1,4,2
5337,0,9,24,0,2,1,2
5338,0,9,24,0,0,4,1
5339,0,9,24,0,2,1,2
5340,0,9,24,0,0,4,1
5341,-1,9,24,0,1,4,2
5342,0,9,24,0,0,4,1
5343,0,9,24,0,1,2,2
5344,1,9,24,0,1,4,2
5345,0,9,24,0,0,2,2
5346,1,9,24,0,1,0,2
5347,1,9,24,0,1,4,1
5348,-1,9,24,0,1,4,1
5349,0,9,24,0,1,4,0
5350,1,9,24,0,0,4,0
5351,0,9,24,0,0,3,1
5352,-1,9,24,0,1,4,0
5353,0,9,24,0,1,0,1
5354,1,9,24,0,0,4,2
5355,-1,9,24,0,2,1,0
5356,10,9,24,0,1,0,0
5357,0,9,24,0,1,0,0
5358,0,9,24,0,1,4,2
5359,1,9,24,0,0,0,1
5360,-1,9,24,0,1,0,0
5361,0,6,3,1,2,1,2
5362,0,6,3,1,0,3,0
5363,0,6,3,1,1,2,1
5364,0,6,3,1,1,2,2
5365,0,6,3,1,1,4,2
5366,0,6,3,1,2,1,2
5367,0,6,3,1,0,4,1
5368,0,6,3,1,2,1,2
5369,0,6,3,1,0,4,2
5370,0,6,3,1,1,4,1
5371,0,6,3,1,0,4,0
5372,0,6,3,1,1,2,2
5373,0,6,3,1,1,4,2
5374,0,6,3,1,0,2,2
5375,0,6,3,1,1,0,1
5376,0,6,3,1,1,4,1
5377,0,6,3,1,1,4,1
5378,0,6,3,1,1,4,2
5379,0,6,3,1,0,4,1
5380,1,6,3,1,0,3,0
5381,0,6,3,1,1,4,0
5382,0,6,3,1,1,0,0
5383,0,6,3,1,0,4,0
5384,1,6,3,1,2,1,0
5385,0,6,3,1,1,0,1
5386,0,6,3,1,1,0,2
5387,0,6,3,1,1,4,1
5388,-1,6,3,1,0,0,0
5389,0,6,3,1,1,0,2
5390,1,8,3,3,1,4,0
5391,1,8,3,3,1,4,2
5392,0,8,3,3,1,4,0
5393,1,8,3,3,0,4,1
5394,1,8,3,3,0,3,0
5395,1,8,3,3,1,4,1
5396,0,8,3,3,1,0,1
5397,0,8,3,3,0,4,1
5398,1,8,3,3,2,1,1
5399,-1,8,3,3,1,0,0
5400,-1,8,3,3,1,0,2
5401,0,8,3,3,1,4,1
5402,0,8,3,3,0,0,0
5403,-1,8,3,3,1,0,2
5404,0,7,13,0,2,1,2
5405,0,7,13,0,0,3,2
5406,0,7,13,0,1,2,2
5407,0,7,13,0,1,2,2
5408,0,7,13,0,1,4,2
5409,0,7,13,0,2,1,1
5410,0,7,13,0,0,4,0
5411,0,7,13,0,2,1,2
5412,0,7,13,0,0,4,2
5413,0,7,13,0,1,4,2
5414,0,7,13,0,0,4,1
5415,0,7,13,0,1,2,2
5416,0,7,13,0,1,4,2
5417,0,7,13,0,0,2,2
5418,0,7,13,0,1,0,2
5419,-1,7,13,0,1,4,0
5420,-1,7,13,0,1,4,2
5421,1,7,13,0,1,4,1
5422,1,7,13,0,0,4,1
5423,1,7,13,0,0,3,1
5424,0,7,13,0,1,4,0
5425,0,7,13,0,1,0,0
5426,0,7,13,0,0,4,2
5427,-1,7,13,0,2,1,0
5428,1,7,13,0,1,0,0
5429,0,7,13,0,1,0,2
5430,0,7,13,0,1,4,2
5431,0,7,13,0,0,0,0
5432,0,7,13,0,1,0,0
5433,0,6,10,2,2,1,2
5434,1,6,10,2,0,0,2
5435,-1,6,10,2,1,4,2
5436,0,6,10,2,2,1,2
5437,0,6,10,2,0,3,0
5438,0,6,10,2,1,2,1
5439,-1,6,10,2,1,2,2
5440,-1,6,10,2,1,4,2
5441,1,6,10,2,2,1,2
5442,-1,6,10,2,0,4,1
5443,0,6,10,2,2,1,2
5444,0,6,10,2,0,4,2
5445,0,6,10,2,1,4,1
5446,1,6,10,2,0,4,0
5447,-1,6,10,2,1,2,2
5448,-1,6,10,2,1,4,2
5449,0,6,10,2,0,2,2
5450,0,6,10,2,1,0,1
5451,0,6,10,2,1,4,1
5452,0,6,10,2,1,4,1
5453,0,6,10,2,1,4,2
5454,0,6,10,2,0,4,1
5455,1,6,10,2,0,3,0
5456,-1,6,10,2,1,4,0
5457,-1,6,10,2,1,0,0
5458,0,6,10,2,0,4,0
5459,-1,6,10,2,2,1,0
5460,10,6,10,2,1,0,1
5461,-1,6,10,2,1,0,2
5462,-1,6,10,2,1,4,1
5463,0,6,10,2,0,0,0
5464,-1,6,10,2,1,0,2
5465,1,5,5,2,0,4,1
5466,1,5,5,2,2,1,2
5467,-1,5,5,2,0,0,2
5468,1,5,5,2,1,4,2
5469,0,5,5,2,2,1,2
5470,-1,5,5,2,0,3,1
5471,0,5,5,2,1,2,1
5472,0,5,5,2,1,2,2
5473,0,5,5,2,1,4,2
5474,1,5,5,2,2,1,2
5475,-1,5,5,2,0,4,2
5476,0,5,5,2,2,1,2
5477,0,5,5,2,0,4,2
5478,0,5,5,2,1,4,1
5479,0,5,5,2,0,4,1
5480,0,5,5,2,1,2,2
5481,1,5,5,2,1,4,2
5482,-1,5,5,2,0,2,2
5483,-1,5,5,2,1,0,1
5484,1,5,5,2,1,4,0
5485,-1,5,5,2,1,4,2
5486,1,5,5,2,1,4,2
5487,0,5,5,2,0,4,1
5488,1,5,5,2,0,3,0
5489,0,5,5,2,1,4,1
5490,-1,5,5,2,1,0,2
5491,0,5,5,2,0,4,1
5492,-1,5,5,2,2,1,1
5493,1,5,5,2,1,0,2
5494,0,5,5,2,1,0,1
5495,0,5,5,2,1,4,0
5496,0,5,5,2,0,0,0
5497,1,5,5,2,1,0,1
5498,10,1,5,2,0,0,2
5499,10,1,5,2,1,4,1
5500,-1,1,5,2,2,1,2
5501,0,1,5,2,0,3,0
5502,1,1,5,2,1,2,1
5503,10,1,5,2,1,2,2
5504,10,1,5,2,1,4,1
5505,10,1,5,2,2,1,2
5506,-1,1,5,2,0,4,1
5507,1,1,5,2,2,1,1
5508,-1,1,5,2,0,4,1
5509,1,1,5,2,1,4,0
5510,0,1,5,2,0,4,2
5511,1,1,5,2,1,2,1
5512,0,1,5,2,1,4,2
5513,-1,1,5,2,0,2,1
5514,1,1,5,2,1,0,0
5515,0,1,5,2,1,4,0
5516,1,1,5,2,1,4,2
5517,0,1,5,2,1,4,2
5518,0,1,5,2,0,4,2
5519,1,1,5,2,0,3,1
5520,10,1,5,2,1,4,1
5521,0,1,5,2,1,0,1
5522,-1,1,5,2,0,4,1
5523,-1,1,5,2,2,1,0
5524,-1,1,5,2,1,0,0
5525,-1,1,5,2,1,0,1
5526,1,1,5,2,1,4,0
5527,-1,1,5,2,0,0,0
5528,-1,1,5,2,1,0,2
5529,0,7,13,5,0,4,2
5530,1,7,13,5,2,1,2
5531,0,7,13,5,0,0,2
5532,0,7,13,5,1,4,2
5533,0,7,13,5,2,1,2
5534,1,7,13,5,0,3,2
5535,0,7,13,5,1,2,2
5536,0,7,13,5,1,2,2
5537,0,7,13,5,1,4,2
5538,0,7,13,5,2,1,1
5539,0,7,13,5,0,4,0
5540,0,7,13,5,2,1,2
5541,0,7,13,5,0,4,2
5542,0,7,13,5,1,4,2
5543,0,7,13,5,0,4,1
5544,0,7,13,5,1,2,2
5545,0,7,13,5,1,4,2
5546,0,7,13,5,0,2,2
5547,0,7,13,5,1,0,2
5548,0,7,13,5,1,4,0
5549,0,7,13,5,1,4,2
5550,0,7,13,5,1,4,1
5551,0,7,13,5,0,4,1
5552,0,7,13,5,0,3,1
5553,-1,7,13,5,1,4,0
5554,0,7,13,5,1,0,0
5555,1,7,13,5,0,4,2
5556,0,7,13,5,2,1,0
5557,0,7,13,5,1,0,0
5558,-1,7,13,5,1,0,2
5559,0,7,13,5,1,4,2
5560,0,7,13,5,0,0,0
5561,0,7,13,5,1,0,0
5562,1,3,5,1,1,4,2
5563,10,3,5,1,0,2,2
5564,0,3,5,1,1,0,2
5565,0,3,5,1,1,4,1
5566,-1,3,5,1,1,4,2
5567,1,3,5,1,1,4,1
5568,0,3,5,1,0,4,0
5569,1,3,5,1,0,3,1
5570,1,3,5,1,1,4,2
5571,0,3,5,1,1,0,2
5572,0,3,5,1,0,4,2
5573,1,3,5,1,2,1,1
5574,1,3,5,1,1,0,0
5575,0,3,5,1,1,0,2
5576,-1,3,5,1,1,4,2
5577,0,3,5,1,0,0,1
5578,0,3,5,1,1,0,0
5579,0,9,17,0,0,0,1
5580,0,9,17,0,1,4,0
5581,1,9,17,0,2,1,1
5582,0,9,17,0,0,3,0
5583,0,9,17,0,1,2,2
5584,-1,9,17,0,1,2,2
5585,1,9,17,0,1,4,2
5586,0,9,17,0,2,1,2
5587,0,9,17,0,0,4,1
5588,1,9,17,0,2,1,2
5589,0,9,17,0,0,4,1
5590,1,9,17,0,1,4,2
5591,0,9,17,0,0,4,1
5592,-1,9,17,0,1,2,2
5593,0,9,17,0,1,4,2
5594,1,9,17,0,0,2,2
5595,0,9,17,0,1,0,2
5596,0,9,17,0,1,4,1
5597,0,9,17,0,1,4,1
5598,0,9,17,0,1,4,0
5599,1,9,17,0,0,4,0
5600,0,9,17,0,0,3,1
5601,0,9,17,0,1,4,0
5602,0,9,17,0,1,0,1
5603,-1,9,17,0,0,4,2
5604,0,9,17,0,2,1,0
5605,1,9,17,0,1,0,0
5606,0,9,17,0,1,0,0
5607,-1,9,17,0,1,4,2
5608,-1,9,17,0,0,0,1
5609,1,9,17,0,1,0,0
5610,0,1,5,1,0,3,2
5611,0,1,5,1,0,4,2
5612,0,1,5,1,2,1,2
5613,0,1,5,1,0,0,2
5614,-1,1,5,1,1,4,1
5615,0,1,5,1,2,1,2
5616,0,1,5,1,0,3,0
5617,0,1,5,1,1,2,1
5618,0,1,5,1,1,2,2
5619,0,1,5,1,1,4,1
5620,-1,1,5,1,2,1,2
5621,-1,1,5,1,0,4,1
5622,-1,1,5,1,2,1,1
5623,0,1,5,1,0,4,1
5624,0,1,5,1,1,4,0
5625,0,1,5,1,0,4,2
5626,0,1,5,1,1,2,1
5627,0,1,5,1,1,4,2
5628,0,1,5,1,0,2,1
5629,0,1,5,1,1,0,0
5630,-1,1,5,1,1,4,0
5631,0,1,5,1,1,4,2
5632,0,1,5,1,1,4,2
5633,0,1,5,1,0,4,2
5634,0,1,5,1,0,3,1
5635,-1,1,5,1,1,4,1
5636,1,1,5,1,1,0,1
5637,0,1,5,1,0,4,1
5638,0,1,5,1,2,1,0
5639,0,1,5,1,1,0,0
5640,0,1,5,1,1,0,1
5641,0,1,5,1,1,4,0
5642,0,1,5,1,0,0,0
5643,0,1,5,1,1,0,2
5644,0,2,10,1,0,3,2
5645,0,2,10,1,0,4,1
5646,0,2,10,1,2,1,2
5647,-1,2,10,1,0,0,2
5648,0,2,10,1,1,4,1
5649,0,2,10,1,2,1,2
5650,0,2,10,1,0,3,1
5651,0,2,10,1,1,2,1
5652,-1,2,10,1,1,2,2
5653,0,2,10,1,1,4,1
5654,0,2,10,1,2,1,2
5655,0,2,10,1,0,4,2
5656,0,2,10,1,2,1,2
5657,0,2,10,1,0,4,2
5658,-1,2,10,1,1,4,1
5659,-1,2,10,1,0,4,1
5660,0,2,10,1,1,2,2
5661,0,2,10,1,1,4,2
5662,0,2,10,1,0,2,1
5663,0,2,10,1,1,0,2
5664,0,2,10,1,1,4,0
5665,-1,2,10,1,1,4,2
5666,0,2,10,1,1,4,2
5667,0,2,10,1,0,4,0
5668,0,2,10,1,0,3,0
5669,1,2,10,1,1,4,2
5670,0,2,10,1,1,0,2
5671,1,2,10,1,0,4,0
5672,0,2,10,1,2,1,2
5673,0,2,10,1,1,0,1
5674,0,2,10,1,1,0,2
5675,0,2,10,1,1,4,1
5676,0,2,10,1,0,0,0
5677,0,2,10,1,1,0,1
5678,0,9,15,0,0,4,2
5679,0,9,15,0,0,4,2
5680,0,9,15,0,2,1,2
5681,0,9,15,0,2,1,2
5682,0,9,15,0,0,0,1
5683,0,9,15,0,0,0,1
5684,0,9,15,0,1,4,0
5685,0,9,15,0,1,4,0
5686,1,9,15,0,2,1,1
5687,1,9,15,0,2,1,1
5688,-1,9,15,0,0,3,0
5689,-1,9,15,0,0,3,0
5690,0,9,15,0,1,2,2
5691,0,9,15,0,1,2,2
5692,0,9,15,0,1,2,2
5693,0,9,15,0,1,2,2
5694,0,9,15,0,1,4,2
5695,0,9,15,0,1,4,2
5696,0,9,15,0,2,1,2
5697,0,9,15,0,2,1,2
5698,0,9,15,0,0,4,1
5699,0,9,15,0,0,4,1
5700,0,9,15,0,2,1,2
5701,0,9,15,0,2,1,2
5702,0,9,15,0,0,4,1
5703,0,9,15,0,0,4,1
5704,0,9,15,0,1,4,2
5705,0,9,15,0,1,4,2
5706,0,9,15,0,0,4,1
5707,0,9,15,0,0,4,1
5708,0,9,15,0,1,2,2
5709,0,9,15,0,1,2,2
5710,0,9,15,0,1,4,2
5711,0,9,15,0,1,4,2
5712,0,9,15,0,0,2,2
5713,0,9,15,0,0,2,2
5714,0,9,15,0,1,0,2
5715,0,9,15,0,1,0,2
5716,0,9,15,0,1,4,1
5717,0,9,15,0,1,4,1
5718,0,9,15,0,1,4,1
5719,0,9,15,0,1,4,1
5720,0,9,15,0,1,4,0
5721,0,9,15,0,1,4,0
5722,0,9,15,0,0,4,0
5723,0,9,15,0,0,4,0
5724,1,9,15,0,0,3,1
5725,1,9,15,0,0,3,1
5726,0,9,15,0,1,4,0
5727,0,9,15,0,1,4,0
5728,0,9,15,0,1,0,1
5729,0,9,15,0,1,0,1
5730,0,9,15,0,0,4,2
5731,0,9,15,0,0,4,2
5732,-1,9,15,0,2,1,0
5733,-1,9,15,0,2,1,0
5734,1,9,15,0,1,0,0
5735,1,9,15,0,1,0,0
5736,0,9,15,0,1,0,0
5737,0,9,15,0,1,0,0
5738,-1,9,15,0,1,4,2
5739,-1,9,15,0,1,4,2
5740,1,9,15,0,0,0,1
5741,1,9,15,0,0,0,1
5742,0,9,15,0,1,0,0
5743,0,9,15,0,1,0,0
5744,0,6,13,0,1,4,2
5745,0,6,13,0,2,1,2
5746,0,6,13,0,0,3,0
5747,0,6,13,0,1,2,1
5748,0,6,13,0,1,2,2
5749,0,6,13,0,1,4,2
5750,0,6,13,0,2,1,2
5751,-1,6,13,0,0,4,1
5752,1,6,13,0,2,1,2
5753,-1,6,13,0,0,4,2
5754,0,6,13,0,1,4,1
5755,0,6,13,0,0,4,0
5756,0,6,13,0,1,2,2
5757,0,6,13,0,1,4,2
5758,1,6,13,0,0,2,2
5759,0,6,13,0,1,0,1
5760,0,6,13,0,1,4,1
5761,0,6,13,0,1,4,1
5762,0,6,13,0,1,4,2
5763,0,6,13,0,0,4,1
5764,0,6,13,0,0,3,0
5765,0,6,13,0,1,4,0
5766,-1,6,13,0,1,0,0
5767,1,6,13,0,0,4,0
5768,1,6,13,0,2,1,0
5769,-1,6,13,0,1,0,1
5770,-1,6,13,0,1,0,2
5771,0,6,13,0,1,4,1
5772,1,6,13,0,0,0,0
5773,0,6,13,0,1,0,2
5774,1,0,9,1,0,4,2
5775,0,0,9,1,2,1,2
5776,-1,0,9,1,0,0,2
5777,0,0,9,1,1,4,2
5778,0,0,9,1,2,1,2
5779,0,0,9,1,0,3,2
5780,0,0,9,1,1,2,2
5781,-1,0,9,1,1,2,2
5782,1,0,9,1,1,4,2
5783,1,0,9,1,2,1,2
5784,0,0,9,1,0,4,2
5785,-1,0,9,1,2,1,2
5786,0,0,9,1,0,4,2
5787,1,0,9,1,1,4,2
5788,1,0,9,1,0,4,2
5789,0,0,9,1,1,2,2
5790,0,0,9,1,1,4,2
5791,-1,0,9,1,0,2,2
5792,0,0,9,1,1,0,2
5793,1,0,9,1,1,4,2
5794,0,0,9,1,1,4,2
5795,-1,0,9,1,1,4,2
5796,0,0,9,1,0,4,2
5797,1,0,9,1,0,3,2
5798,0,0,9,1,1,4,2
5799,-1,0,9,1,1,0,2
5800,0,0,9,1,0,4,2
5801,0,0,9,1,2,1,2
5802,0,0,9,1,1,0,2
5803,0,0,9,1,1,0,2
5804,0,0,9,1,1,4,2
5805,0,0,9,1,0,0,2
5806,-1,0,9,1,1,0,2
5807,0,8,7,5,0,4,1
5808,0,8,7,5,2,1,2
5809,0,8,7,5,0,0,2
5810,0,8,7,5,1,4,1
5811,0,8,7,5,2,1,2
5812,1,8,7,5,0,3,0
5813,0,8,7,5,1,2,1
5814,-1,8,7,5,1,2,2
5815,0,8,7,5,1,4,2
5816,0,8,7,5,2,1,2
5817,0,8,7,5,0,4,2
5818,0,8,7,5,2,1,2
5819,0,8,7,5,0,4,2
5820,0,8,7,5,1,4,0
5821,0,8,7,5,0,4,2
5822,0,8,7,5,1,2,1
5823,0,8,7,5,1,4,2
5824,0,8,7,5,0,2,0
5825,0,8,7,5,1,0,2
5826,1,8,7,5,1,4,0
5827,-1,8,7,5,1,4,2
5828,0,8,7,5,1,4,0
5829,1,8,7,5,0,4,1
5830,0,8,7,5,0,3,0
5831,0,8,7,5,1,4,1
5832,0,8,7,5,1,0,1
5833,0,8,7,5,0,4,1
5834,0,8,7,5,2,1,1
5835,0,8,7,5,1,0,0
5836,-1,8,7,5,1,0,2
5837,0,8,7,5,1,4,1
5838,0,8,7,5,0,0,0
5839,0,8,7,5,1,0,2
5840,10,1,4,3,1,2,1
5841,10,1,4,3,1,4,2
5842,0,1,4,3,0,2,1
5843,0,1,4,3,1,0,0
5844,0,1,4,3,1,4,0
5845,-1,1,4,3,1,4,2
5846,0,1,4,3,1,4,2
5847,0,1,4,3,0,4,2
5848,1,1,4,3,0,3,1
5849,0,1,4,3,1,4,1
5850,0,1,4,3,1,0,1
5851,0,1,4,3,0,4,1
5852,-1,1,4,3,2,1,0
5853,1,1,4,3,1,0,0
5854,1,1,4,3,1,0,1
5855,-1,1,4,3,1,4,0
5856,0,1,4,3,0,0,0
5857,-1,1,4,3,1,0,2
5858,10,4,5,3,1,0,2
5859,1,4,2,2,2,1,2
5860,1,4,2,2,0,0,2
5861,0,4,2,2,1,4,1
5862,1,4,2,2,2,1,2
5863,-1,4,2,2,0,3,0
5864,0,4,2,2,1,2,1
5865,0,4,2,2,1,2,2
5866,0,4,2,2,1,4,2
5867,0,4,2,2,2,1,2
5868,1,4,2,2,0,4,1
5869,0,4,2,2,2,1,1
5870,0,4,2,2,0,4,2
5871,-1,4,2,2,1,4,2
5872,0,4,2,2,0,4,1
5873,0,4,2,2,1,2,1
5874,0,4,2,2,1,4,1
5875,0,4,2,2,0,2,2
5876,0,4,2,2,1,0,1
5877,1,4,2,2,1,4,0
5878,0,4,2,2,1,4,2
5879,0,4,2,2,1,4,1
5880,0,4,2,2,0,4,1
5881,1,4,2,2,0,3,1
5882,-1,4,2,2,1,4,0
5883,1,4,2,2,1,0,1
5884,0,4,2,2,0,4,0
5885,0,4,2,2,2,1,1
5886,1,4,2,2,1,0,1
5887,0,4,2,2,1,0,2
5888,-1,4,2,2,1,4,1
5889,1,4,2,2,0,0,0
5890,0,4,2,2,1,0,2
5891,-1,7,10,1,0,4,2
5892,0,7,10,1,2,1,2
5893,0,7,10,1,0,0,2
5894,-10,7,10,1,1,4,2
5895,10,7,10,1,0,3,2
5896,0,7,10,1,1,2,2
5897,-1,7,10,1,1,2,2
5898,0,7,10,1,1,4,2
5899,1,7,10,1,2,1,1
5900,-1,7,10,1,0,4,0
5901,0,7,10,1,2,1,2
5902,0,7,10,1,0,4,2
5903,0,7,10,1,1,4,2
5904,0,7,10,1,0,4,1
5905,0,7,10,1,1,2,2
5906,-1,7,10,1,1,4,2
5907,1,7,10,1,0,2,2
5908,1,7,10,1,1,0,2
5909,-1,7,10,1,1,4,0
5910,0,7,10,1,1,4,2
5911,-1,7,10,1,1,4,1
5912,10,7,10,1,0,4,1
5913,0,7,10,1,0,3,1
5914,0,7,10,1,1,4,0
5915,1,7,10,1,1,0,0
5916,-1,7,10,1,0,4,2
5917,1,7,10,1,2,1,0
5918,0,7,10,1,1,0,0
5919,-1,7,10,1,1,0,2
5920,-10,7,10,1,1,4,2
5921,10,7,10,1,1,0,0
5922,10,5,16,5,1,4,1
5923,0,5,16,5,0,4,1
5924,-1,5,16,5,1,2,2
5925,-1,5,16,5,1,4,2
5926,0,5,16,5,0,2,2
5927,-1,5,16,5,1,0,1
5928,1,5,16,5,1,4,0
5929,-1,5,16,5,1,4,2
5930,0,5,16,5,1,4,2
5931,1,5,16,5,0,4,1
5932,1,5,16,5,0,3,0
5933,1,5,16,5,1,4,1
5934,1,5,16,5,1,0,2
5935,1,5,16,5,0,4,1
5936,-1,5,16,5,2,1,1
5937,-1,5,16,5,1,0,2
5938,1,5,16,5,1,0,1
5939,-1,5,16,5,1,4,0
5940,0,2,13,5,0,4,1
5941,0,2,13,5,2,1,2
5942,0,2,13,5,0,0,2
5943,0,2,13,5,1,4,1
5944,0,2,13,5,2,1,2
5945,1,2,13,5,0,3,1
5946,0,2,13,5,1,2,1
5947,0,2,13,5,1,2,2
5948,0,2,13,5,1,4,1
5949,0,2,13,5,2,1,2
5950,0,2,13,5,0,4,2
5951,0,2,13,5,2,1,2
5952,0,2,13,5,0,4,2
5953,-1,2,13,5,1,4,1
5954,0,2,13,5,0,4,1
5955,1,2,13,5,1,2,2
5956,1,2,13,5,1,4,2
5957,0,2,13,5,0,2,1
5958,0,2,13,5,1,0,2
5959,1,2,13,5,1,4,0
5960,-1,2,13,5,1,4,2
5961,0,2,13,5,1,4,2
5962,0,2,13,5,0,4,0
5963,1,2,13,5,0,3,0
5964,0,2,13,5,1,4,2
5965,0,2,13,5,1,0,2
5966,0,2,13,5,0,4,0
5967,-1,2,13,5,2,1,2
5968,1,2,13,5,1,0,1
5969,-1,2,13,5,1,0,2
5970,1,2,13,5,1,4,1
5971,0,2,13,5,0,0,0
5972,0,2,13,5,1,0,1
5973,0,6,0,2,0,4,2
5974,0,6,0,5,0,4,2
5975,0,6,0,2,2,1,2
5976,0,6,0,5,2,1,2
5977,-1,6,0,2,0,0,2
5978,-1,6,0,5,0,0,2
5979,0,6,0,2,1,4,2
5980,0,6,0,5,1,4,2
5981,1,6,0,2,2,1,2
5982,1,6,0,5,2,1,2
5983,1,6,0,2,0,3,0
5984,1,6,0,5,0,3,0
5985,0,6,0,2,1,2,1
5986,0,6,0,5,1,2,1
5987,1,6,0,2,1,2,2
5988,1,6,0,5,1,2,2
5989,1,6,0,2,1,4,2
5990,1,6,0,5,1,4,2
5991,-1,6,0,2,2,1,2
5992,-1,6,0,5,2,1,2
5993,1,6,0,2,0,4,1
5994,1,6,0,5,0,4,1
5995,0,6,0,2,2,1,2
5996,0,6,0,5,2,1,2
5997,0,6,0,2,0,4,2
5998,0,6,0,5,0,4,2
5999,1,6,0,2,1,4,1
6000,1,6,0,5,1,4,1
6001,0,6,0,2,0,4,0
6002,0,6,0,5,0,4,0
6003,0,6,0,2,1,2,2
6004,0,6,0,5,1,2,2
6005,1,6,0,2,1,4,2
6006,1,6,0,5,1,4,2
6007,0,6,0,2,0,2,2
6008,0,6,0,5,0,2,2
6009,0,6,0,2,1,0,1
6010,0,6,0,5,1,0,1
6011,0,6,0,2,1,4,1
6012,0,6,0,5,1,4,1
6013,0,6,0,2,1,4,1
6014,0,6,0,5,1,4,1
6015,-1,6,0,2,1,4,2
6016,-1,6,0,5,1,4,2
6017,0,6,0,2,0,4,1
6018,0,6,0,5,0,4,1
6019,0,6,0,2,0,3,0
6020,0,6,0,5,0,3,0
6021,0,6,0,2,1,4,0
6022,0,6,0,5,1,4,0
6023,0,6,0,2,1,0,0
6024,0,6,0,5,1,0,0
6025,0,6,0,2,0,4,0
6026,0,6,0,5,0,4,0
6027,1,6,0,2,2,1,0
6028,1,6,0,5,2,1,0
6029,-1,6,0,2,1,0,1
6030,-1,6,0,5,1,0,1
6031,0,6,0,2,1,0,2
6032,0,6,0,5,1,0,2
6033,0,6,0,2,1,4,1
6034,0,6,0,5,1,4,1
6035,-1,6,0,2,0,0,0
6036,-1,6,0,5,0,0,0
6037,1,6,0,2,1,0,2
6038,1,6,0,5,1,0,2
6039,10,7,10,1,0,4,2
6040,1,7,10,1,2,1,2
6041,0,7,10,1,0,0,2
6042,0,7,10,1,1,4,2
6043,0,7,10,1,2,1,2
6044,0,7,10,1,0,3,2
6045,0,7,10,1,1,2,2
6046,0,7,10,1,1,2,2
6047,0,7,10,1,1,4,2
6048,-1,7,10,1,2,1,1
6049,0,7,10,1,0,4,0
6050,0,7,10,1,2,1,2
6051,0,7,10,1,0,4,2
6052,-1,7,10,1,1,4,2
6053,0,7,10,1,0,4,1
6054,1,7,10,1,1,2,2
6055,0,7,10,1,1,4,2
6056,0,7,10,1,0,2,2
6057,-1,7,10,1,1,0,2
6058,0,7,10,1,1,4,0
6059,-1,7,10,1,1,4,2
6060,0,7,10,1,1,4,1
6061,-1,7,10,1,0,4,1
6062,-10,7,10,1,0,3,1
6063,1,9,10,3,0,0,1
6064,1,9,10,3,1,0,0
6065,-1,7,10,2,0,4,2
6066,0,7,10,2,2,1,2
6067,0,7,10,2,0,0,2
6068,0,7,10,2,1,4,2
6069,-1,7,10,2,2,1,2
6070,0,7,10,2,0,3,2
6071,0,7,10,2,1,2,2
6072,0,7,10,2,1,2,2
6073,0,7,10,2,1,4,2
6074,0,7,10,2,2,1,1
6075,0,7,10,2,0,4,0
6076,0,7,10,2,2,1,2
6077,0,7,10,2,0,4,2
6078,0,7,10,2,1,4,2
6079,0,7,10,2,0,4,1
6080,0,7,10,2,1,2,2
6081,0,7,10,2,1,4,2
6082,0,7,10,2,0,2,2
6083,0,7,10,2,1,0,2
6084,0,7,10,2,1,4,0
6085,0,7,10,2,1,4,2
6086,-1,7,10,2,1,4,1
6087,1,7,10,2,0,4,1
6088,0,7,10,2,0,3,1
6089,0,7,10,2,1,4,0
6090,0,7,10,2,1,0,0
6091,0,7,10,2,0,4,2
6092,-1,7,10,2,2,1,0
6093,1,7,10,2,1,0,0
6094,0,7,10,2,1,0,2
6095,-1,7,10,2,1,4,2
6096,0,7,10,2,0,0,0
6097,-1,7,10,2,1,0,0
6098,0,1,27,5,0,0,2
6099,0,1,27,5,1,4,1
6100,0,1,27,5,2,1,2
6101,0,1,27,5,0,3,0
6102,1,1,27,5,1,2,1
6103,-1,1,27,5,1,2,2
6104,1,1,27,5,1,4,1
6105,1,1,27,5,2,1,2
6106,-1,1,27,5,0,4,1
6107,0,1,27,5,2,1,1
6108,0,1,27,5,0,4,1
6109,-1,1,27,5,1,4,0
6110,1,1,27,5,0,4,2
6111,0,1,27,5,1,2,1
6112,-1,1,27,5,1,4,2
6113,1,1,27,5,0,2,1
6114,-1,1,27,5,1,0,0
6115,0,1,27,5,1,4,0
6116,-1,1,27,5,1,4,2
6117,0,1,27,5,1,4,2
6118,0,1,27,5,0,4,2
6119,0,1,27,5,0,3,1
6120,10,1,27,5,1,4,1
6121,1,1,27,5,1,0,1
6122,1,1,27,5,0,4,1
6123,1,1,27,5,2,1,0
6124,0,1,27,5,1,0,0
6125,0,1,27,5,1,0,1
6126,0,1,27,5,1,4,0
6127,1,1,27,5,0,0,0
6128,0,1,27,5,1,0,2
6129,0,1,5,1,0,3,2
6130,0,1,5,1,0,4,2
6131,0,1,5,1,2,1,2
6132,0,1,5,1,0,0,2
6133,0,1,5,1,1,4,1
6134,1,1,5,1,2,1,2
6135,0,1,5,1,0,3,0
6136,0,1,5,1,1,2,1
6137,0,1,5,1,1,2,2
6138,0,1,5,1,1,4,1
6139,0,1,5,1,2,1,2
6140,0,1,5,1,0,4,1
6141,0,1,5,1,2,1,1
6142,0,1,5,1,0,4,1
6143,0,1,5,1,1,4,0
6144,0,1,5,1,0,4,2
6145,0,1,5,1,1,2,1
6146,0,1,5,1,1,4,2
6147,-1,1,5,1,0,2,1
6148,-1,1,5,1,1,0,0
6149,0,1,5,1,1,4,0
6150,0,1,5,1,1,4,2
6151,0,1,5,1,1,4,2
6152,0,1,5,1,0,4,2
6153,0,1,5,1,0,3,1
6154,0,1,5,1,1,4,1
6155,0,1,5,1,1,0,1
6156,0,1,5,1,0,4,1
6157,-1,1,5,1,2,1,0
6158,10,1,5,1,1,0,0
6159,10,1,5,1,1,0,1
6160,0,1,5,1,1,4,0
6161,0,1,5,1,0,0,0
6162,-1,1,5,1,1,0,2
6163,10,7,16,5,1,0,0
6164,-1,7,16,5,1,0,2
6165,1,7,16,5,1,4,2
6166,0,7,16,5,0,0,0
6167,0,7,16,5,1,0,0
6168,0,1,4,2,0,3,2
6169,1,1,4,2,0,4,2
6170,-1,1,4,2,2,1,2
6171,0,1,4,2,0,0,2
6172,10,1,4,2,1,4,1
6173,0,1,4,2,2,1,2
6174,1,1,4,2,0,3,0
6175,-1,1,4,2,1,2,1
6176,0,1,4,2,1,2,2
6177,0,1,4,2,1,4,1
6178,0,1,4,2,2,1,2
6179,-1,1,4,2,0,4,1
6180,0,1,4,2,2,1,1
6181,0,1,4,2,0,4,1
6182,0,1,4,2,1,4,0
6183,0,1,4,2,0,4,2
6184,0,1,4,2,1,2,1
6185,0,1,4,2,1,4,2
6186,0,1,4,2,0,2,1
6187,0,1,4,2,1,0,0
6188,1,1,4,2,1,4,0
6189,-1,1,4,2,1,4,2
6190,0,1,4,2,1,4,2
6191,0,1,4,2,0,4,2
6192,-1,1,4,2,0,3,1
6193,0,1,4,2,1,4,1
6194,0,1,4,2,1,0,1
6195,0,1,4,2,0,4,1
6196,-1,1,4,2,2,1,0
6197,1,1,4,2,1,0,0
6198,0,1,4,2,1,0,1
6199,0,1,4,2,1,4,0
6200,1,1,4,2,0,0,0
6201,-1,1,4,2,1,0,2
6202,0,5,9,1,0,3,1
6203,0,5,9,1,0,4,1
6204,-1,5,9,1,2,1,2
6205,1,5,9,1,0,0,2
6206,0,5,9,1,1,4,2
6207,0,5,9,1,2,1,2
6208,0,5,9,1,0,3,1
6209,0,5,9,1,1,2,1
6210,0,5,9,1,1,2,2
6211,0,5,9,1,1,4,2
6212,0,5,9,1,2,1,2
6213,0,5,9,1,0,4,2
6214,0,5,9,1,2,1,2
6215,-1,5,9,1,0,4,2
6216,0,5,9,1,1,4,1
6217,0,5,9,1,0,4,1
6218,-1,5,9,1,1,2,2
6219,0,5,9,1,1,4,2
6220,0,5,9,1,0,2,2
6221,1,5,9,1,1,0,1
6222,-1,5,9,1,1,4,0
6223,0,5,9,1,1,4,2
6224,0,5,9,1,1,4,2
6225,0,5,9,1,0,4,1
6226,0,5,9,1,0,3,0
6227,0,5,9,1,1,4,1
6228,0,5,9,1,1,0,2
6229,1,5,9,1,0,4,1
6230,-1,5,9,1,2,1,1
6231,1,5,9,1,1,0,2
6232,0,5,9,1,1,0,1
6233,-1,5,9,1,1,4,0
6234,1,5,9,1,0,0,0
6235,0,5,9,1,1,0,1
6236,10,5,4,2,1,4,2
6237,10,5,4,2,0,2,2
6238,-1,5,4,2,1,0,1
6239,-1,5,4,2,1,4,0
6240,-1,5,4,2,1,4,2
6241,10,5,4,2,1,4,2
6242,-1,5,4,2,0,4,1
6243,-1,5,4,2,0,3,0
6244,0,5,4,2,1,4,1
6245,1,5,4,2,1,0,2
6246,-1,5,4,2,0,4,1
6247,10,5,4,2,2,1,1
6248,1,5,4,2,1,0,2
6249,-1,5,4,2,1,0,1
6250,0,5,4,2,1,4,0
6251,0,5,4,2,0,0,0
6252,0,5,4,2,1,0,1
6253,10,7,10,1,0,4,0
6254,0,7,10,1,2,1,2
6255,0,7,10,1,0,4,2
6256,0,7,10,1,1,4,2
6257,0,7,10,1,0,4,1
6258,-1,7,10,1,1,2,2
6259,1,7,10,1,1,4,2
6260,0,7,10,1,0,2,2
6261,0,7,10,1,1,0,2
6262,0,7,10,1,1,4,0
6263,0,7,10,1,1,4,2
6264,0,7,10,1,1,4,1
6265,0,7,10,1,0,4,1
6266,0,7,10,1,0,3,1
6267,0,7,10,1,1,4,0
6268,0,7,10,1,1,0,0
6269,0,7,10,1,0,4,2
6270,-1,7,10,1,2,1,0
6271,1,7,10,1,1,0,0
6272,-1,7,10,1,1,0,2
6273,-1,7,10,1,1,4,2
6274,1,7,10,1,0,0,0
6275,-1,7,10,1,1,0,0
6280,0,9,17,5,0,3,0
6281,0,9,17,5,1,2,2
6282,0,9,17,5,1,2,2
6283,0,9,17,5,1,4,2
6284,0,9,17,5,2,1,2
6285,0,9,17,5,0,4,1
6286,0,9,17,5,2,1,2
6287,0,9,17,5,0,4,1
6288,0,9,17,5,1,4,2
6289,0,9,17,5,0,4,1
6290,-1,9,17,5,1,2,2
6291,1,9,17,5,1,4,2
6292,-1,9,17,5,0,2,2
6293,0,9,17,5,1,0,2
6294,0,9,17,5,1,4,1
6295,0,9,17,5,1,4,1
6296,0,9,17,5,1,4,0
6297,0,9,17,5,0,4,0
6298,0,9,17,5,0,3,1
6299,-1,9,17,5,1,4,0
6300,-1,9,17,5,1,0,1
6301,1,9,17,5,0,4,2
6302,1,9,17,5,2,1,0
6303,0,9,17,5,1,0,0
6304,1,9,17,5,1,0,0
6305,-1,9,17,5,1,4,2
6306,-1,9,17,5,0,0,1
6307,0,9,17,5,1,0,0
6308,-1,3,4,2,0,3,1
6309,0,3,4,2,0,4,2
6310,0,3,4,2,2,1,2
6311,0,3,4,2,0,0,1
6312,0,3,4,2,1,4,0
6313,0,3,4,2,2,1,1
6314,0,3,4,2,0,3,0
6315,0,3,4,2,1,2,2
6316,-1,3,4,2,1,2,2
6317,0,3,4,2,1,4,2
6318,0,3,4,2,2,1,2
6319,0,3,4,2,0,4,1
6320,0,3,4,2,2,1,2
6321,0,3,4,2,0,4,2
6322,0,3,4,2,1,4,1
6323,0,3,4,2,0,4,2
6324,0,3,4,2,1,2,2
6325,0,3,4,2,1,4,2
6326,1,3,4,2,0,2,2
6327,0,3,4,2,1,0,2
6328,0,3,4,2,1,4,1
6329,0,3,4,2,1,4,2
6330,0,3,4,2,1,4,1
6331,-1,3,4,2,0,4,0
6332,1,3,4,2,0,3,1
6333,0,3,4,2,1,4,2
6334,0,3,4,2,1,0,2
6335,0,3,4,2,0,4,2
6336,-1,3,4,2,2,1,1
6337,1,3,4,2,1,0,0
6338,0,3,4,2,1,0,2
6339,0,3,4,2,1,4,2
6340,1,3,4,2,0,0,1
6341,-1,3,4,2,1,0,0
6342,1,7,13,0,1,0,0
6343,0,7,13,0,1,0,2
6344,0,7,13,0,1,4,2
6345,0,7,13,0,0,0,0
6346,0,7,13,0,1,0,0
6347,-1,2,13,5,0,4,1
6348,1,2,13,5,2,1,2
6349,0,2,13,5,0,0,2
6350,0,2,13,5,1,4,1
6351,0,2,13,5,2,1,2
6352,0,2,13,5,0,3,1
6353,-1,2,13,5,1,2,1
6354,-1,2,13,5,1,2,2
6355,0,2,13,5,1,4,1
6356,1,2,13,5,2,1,2
6357,0,2,13,5,0,4,2
6358,0,2,13,5,2,1,2
6359,0,2,13,5,0,4,2
6360,0,2,13,5,1,4,1
6361,0,2,13,5,0,4,1
6362,0,2,13,5,1,2,2
6363,0,2,13,5,1,4,2
6364,0,2,13,5,0,2,1
6365,0,2,13,5,1,0,2
6366,0,2,13,5,1,4,0
6367,0,2,13,5,1,4,2
6368,0,2,13,5,1,4,2
6369,1,2,13,5,0,4,0
6370,0,2,13,5,0,3,0
6371,0,2,13,5,1,4,2
6372,0,2,13,5,1,0,2
6373,0,2,13,5,0,4,0
6374,-1,2,13,5,2,1,2
6375,1,2,13,5,1,0,1
6376,-1,2,13,5,1,0,2
6377,0,2,13,5,1,4,1
6378,-1,2,13,5,0,0,0
6379,1,2,13,5,1,0,1
6380,1,4,2,1,0,3,2
6381,1,4,2,1,0,4,1
6382,0,4,2,1,2,1,2
6383,-1,4,2,1,0,0,2
6384,1,4,2,1,1,4,1
6385,-1,4,2,1,2,1,2
6386,0,4,2,1,0,3,0
6387,-1,4,2,1,1,2,1
6388,1,4,2,1,1,2,2
6389,0,4,2,1,1,4,2
6390,0,4,2,1,2,1,2
6391,0,4,2,1,0,4,1
6392,0,4,2,1,2,1,1
6393,1,4,2,1,0,4,2
6394,-1,4,2,1,1,4,2
6395,-1,4,2,1,0,4,1
6396,1,4,2,1,1,2,1
6397,0,4,2,1,1,4,1
6398,-1,4,2,1,0,2,2
6399,0,4,2,1,1,0,1
6400,-1,4,2,1,1,4,0
6401,0,4,2,1,1,4,2
6402,0,4,2,1,1,4,1
6403,0,4,2,1,0,4,1
6404,1,4,2,1,0,3,1
6405,1,4,2,1,1,4,0
6406,0,4,2,1,1,0,1
6407,0,4,2,1,0,4,0
6408,1,4,2,1,2,1,1
6409,0,4,2,1,1,0,1
6410,0,4,2,1,1,0,2
6411,1,4,2,1,1,4,1
6412,1,4,2,1,0,0,0
6413,0,4,2,1,1,0,2
6414,0,6,8,2,2,1,2
6415,0,6,8,2,0,0,2
6416,-1,6,8,2,1,4,2
6417,0,6,8,2,2,1,2
6418,0,6,8,2,0,3,0
6419,-1,6,8,2,1,2,1
6420,1,6,8,2,1,2,2
6421,0,6,8,2,1,4,2
6422,0,6,8,2,2,1,2
6423,1,6,8,2,0,4,1
6424,-1,6,8,2,2,1,2
6425,0,6,8,2,0,4,2
6426,0,6,8,2,1,4,1
6427,0,6,8,2,0,4,0
6428,0,6,8,2,1,2,2
6429,0,6,8,2,1,4,2
6430,0,6,8,2,0,2,2
6431,0,6,8,2,1,0,1
6432,0,6,8,2,1,4,1
6433,0,6,8,2,1,4,1
6434,0,6,8,2,1,4,2
6435,0,6,8,2,0,4,1
6436,0,6,8,2,0,3,0
6437,0,6,8,2,1,4,0
6438,-1,6,8,2,1,0,0
6439,0,6,8,2,0,4,0
6440,-1,6,8,2,2,1,0
6441,1,6,8,2,1,0,1
6442,0,6,8,2,1,0,2
6443,0,6,8,2,1,4,1
6444,0,6,8,2,0,0,0
6445,-1,6,8,2,1,0,2
6446,10,0,13,0,0,3,2
6447,1,0,13,0,0,4,2
6448,0,0,13,0,2,1,2
6449,0,0,13,0,0,0,2
6450,0,0,13,0,1,4,2
6451,0,0,13,0,2,1,2
6452,0,0,13,0,0,3,2
6453,0,0,13,0,1,2,2
6454,0,0,13,0,1,2,2
6455,0,0,13,0,1,4,2
6456,0,0,13,0,2,1,2
6457,0,0,13,0,0,4,2
6458,0,0,13,0,2,1,2
6459,0,0,13,0,0,4,2
6460,0,0,13,0,1,4,2
6461,0,0,13,0,0,4,2
6462,0,0,13,0,1,2,2
6463,0,0,13,0,1,4,2
6464,0,0,13,0,0,2,2
6465,0,0,13,0,1,0,2
6466,0,0,13,0,1,4,2
6467,0,0,13,0,1,4,2
6468,0,0,13,0,1,4,2
6469,1,0,13,0,0,4,2
6470,0,0,13,0,0,3,2
6471,0,0,13,0,1,4,2
6472,0,0,13,0,1,0,2
6473,0,0,13,0,0,4,2
6474,0,0,13,0,2,1,2
6475,1,0,13,0,1,0,2
6476,-1,0,13,0,1,0,2
6477,1,0,13,0,1,4,2
6478,0,0,13,0,0,0,2
6479,0,0,13,0,1,0,2
6480,-1,9,13,0,2,1,2
6481,1,9,13,0,0,2,2
6482,0,9,13,0,0,4,2
6483,0,9,13,0,1,2,2
6484,0,9,13,0,2,1,2
6485,0,9,13,0,0,4,2
6486,0,9,13,0,0,3,2
6487,0,9,13,0,0,4,2
6488,0,9,13,0,2,1,2
6489,0,9,13,0,0,0,1
6490,0,9,13,0,1,4,0
6491,0,9,13,0,2,1,1
6492,0,9,13,0,0,3,0
6493,0,9,13,0,1,2,2
6494,0,9,13,0,1,2,2
6495,0,9,13,0,1,4,2
6496,0,9,13,0,2,1,2
6497,0,9,13,0,0,4,1
6498,0,9,13,0,2,1,2
6499,0,9,13,0,0,4,1
6500,0,9,13,0,1,4,2
6501,1,9,13,0,0,4,1
6502,0,9,13,0,1,2,2
6503,0,9,13,0,1,4,2
6504,0,9,13,0,0,2,2
6505,0,9,13,0,1,0,2
6506,0,9,13,0,1,4,1
6507,0,9,13,0,1,4,1
6508,0,9,13,0,1,4,0
6509,0,9,13,0,0,4,0
6510,1,9,13,0,0,3,1
6511,-1,9,13,0,1,4,0
6512,0,9,13,0,1,0,1
6513,1,9,13,0,0,4,2
6514,-1,9,13,0,2,1,0
6515,1,9,13,0,1,0,0
6516,0,9,13,0,1,0,0
6517,1,9,13,0,1,4,2
6518,1,9,13,0,0,0,1
6519,-1,9,13,0,1,0,0
6520,0,7,13,0,0,3,1
6521,0,7,13,0,0,4,2
6522,0,7,13,0,2,1,2
6523,0,7,13,0,0,0,2
6524,0,7,13,0,1,4,2
6525,0,7,13,0,2,1,2
6526,0,7,13,0,0,3,2
6527,0,7,13,0,1,2,2
6528,-1,7,13,0,1,2,2
6529,-1,7,13,0,1,4,2
6530,1,7,13,0,2,1,1
6531,0,7,13,0,0,4,0
6532,0,7,13,0,2,1,2
6533,0,7,13,0,0,4,2
6534,0,7,13,0,1,4,2
6535,0,7,13,0,0,4,1
6536,0,7,13,0,1,2,2
6537,0,7,13,0,1,4,2
6538,0,7,13,0,0,2,2
6539,0,7,13,0,1,0,2
6540,0,7,13,0,1,4,0
6541,0,7,13,0,1,4,2
6542,1,7,13,0,1,4,1
6543,0,7,13,0,0,4,1
6544,0,7,13,0,0,3,1
6545,0,7,13,0,1,4,0
6546,0,7,13,0,1,0,0
6547,0,7,13,0,0,4,2
6548,-1,7,13,0,2,1,0
6549,1,7,13,0,1,0,0
6550,0,7,13,0,1,0,2
6551,0,7,13,0,1,4,2
6552,0,7,13,0,0,0,0
6553,0,7,13,0,1,0,0
