,Visitor Trend Bins,Region Code,Desig Code,GAA Cat Code,RONI Event Code,RONI Int Code,CEI Cat Code
0,-1,4,8,2,0,4,2
1,0,4,8,2,2,1,2
2,1,4,8,2,2,1,2
3,-1,4,8,2,0,3,2
4,0,4,8,2,1,4,2
5,0,4,8,2,1,4,1
6,0,4,8,2,2,1,2
7,0,4,8,2,0,2,2
8,0,4,8,2,0,4,1
9,0,4,8,2,1,2,1
10,0,4,8,2,2,1,1
11,0,4,8,2,0,4,1
12,0,4,8,2,0,3,2
13,0,4,8,2,0,4,1
14,0,4,8,2,2,1,2
15,0,4,8,2,0,0,2
16,0,4,8,2,1,4,1
17,0,4,8,2,2,1,2
18,0,4,8,2,0,3,0
19,0,4,8,2,1,2,1
20,0,4,8,2,1,2,2
21,0,4,8,2,1,4,2
22,0,4,8,2,2,1,2
23,-1,4,8,2,0,4,1
24,0,4,8,2,2,1,1
25,0,4,8,2,0,4,2
26,0,4,8,2,1,4,2
27,0,4,8,2,0,4,1
28,0,4,8,2,1,2,1
29,1,4,8,2,1,4,1
30,-1,4,8,2,0,2,2
31,0,4,8,2,1,0,1
32,0,4,8,2,1,4,0
33,0,4,8,2,1,4,2
34,1,4,8,2,1,4,1
35,-1,4,8,2,0,4,1
36,1,4,8,2,0,3,1
37,0,4,8,2,1,4,0
38,0,4,8,2,1,0,1
39,0,4,8,2,0,4,0
40,0,4,8,2,2,1,1
41,1,4,8,2,1,0,1
42,0,4,8,2,1,0,2
43,0,4,8,2,1,4,1
44,0,4,8,2,0,0,0
45,-1,4,8,2,1,0,2
46,0,1,16,5,0,4,2
47,0,1,16,5,2,1,2
48,1,1,16,5,2,1,2
49,1,1,16,5,0,3,2
50,0,1,16,5,1,4,2
51,0,1,16,5,1,4,2
52,0,1,16,5,2,1,2
53,0,1,16,5,0,2,2
54,0,1,16,5,0,4,2
55,1,1,16,5,1,2,2
56,-1,1,16,5,2,1,1
57,0,1,16,5,0,4,1
58,0,1,16,5,0,3,2
59,1,1,16,5,0,4,2
60,0,1,16,5,2,1,2
61,0,1,16,5,0,0,2
62,0,1,16,5,1,4,1
63,0,1,16,5,2,1,2
64,0,1,16,5,0,3,0
65,0,1,16,5,1,2,1
66,0,1,16,5,1,2,2
67,0,1,16,5,1,4,1
68,0,1,16,5,2,1,2
69,0,1,16,5,0,4,1
70,0,1,16,5,2,1,1
71,0,1,16,5,0,4,1
72,0,1,16,5,1,4,0
73,0,1,16,5,0,4,2
74,0,1,16,5,1,2,1
75,0,1,16,5,1,4,2
76,1,1,16,5,0,2,1
77,0,1,16,5,1,0,0
78,0,1,16,5,1,4,0
79,0,1,16,5,1,4,2
80,1,1,16,5,1,4,2
81,0,1,16,5,0,4,2
82,1,1,16,5,0,3,1
83,0,1,16,5,1,4,1
84,0,1,16,5,1,0,1
85,0,1,16,5,0,4,1
86,-1,1,16,5,2,1,0
87,1,1,16,5,1,0,0
88,0,1,16,5,1,0,1
89,0,1,16,5,1,4,0
90,0,1,16,5,0,0,0
91,0,1,16,5,1,0,2
92,-1,1,8,3,0,4,2
93,0,1,8,3,2,1,2
94,0,1,8,3,2,1,2
95,0,1,8,3,0,3,2
96,-1,1,8,3,1,4,2
97,0,1,8,3,1,4,2
98,0,1,8,3,2,1,2
99,0,1,8,3,0,2,2
100,-1,1,8,3,0,4,2
101,0,1,8,3,1,2,2
102,-1,1,8,3,2,1,1
103,1,1,8,3,0,4,1
104,0,1,8,3,0,3,2
105,1,1,8,3,0,4,2
106,0,1,8,3,2,1,2
107,1,1,8,3,0,0,2
108,-1,1,8,3,1,4,1
109,1,1,8,3,2,1,2
110,1,1,8,3,0,3,0
111,1,1,8,3,1,2,1
112,0,1,8,3,1,2,2
113,1,1,8,3,1,4,1
114,0,1,8,3,2,1,2
115,1,1,8,3,0,4,1
116,1,1,8,3,2,1,1
117,0,1,8,3,0,4,1
118,0,1,8,3,1,4,0
119,0,1,8,3,0,4,2
120,0,1,8,3,1,2,1
121,0,1,8,3,1,4,2
122,-1,1,8,3,0,2,1
123,10,1,8,3,1,0,0
124,1,1,8,3,1,4,0
125,-1,1,8,3,1,4,2
126,-1,1,8,3,1,4,2
127,0,1,8,3,0,4,2
128,0,1,8,3,0,3,1
129,1,1,8,3,1,4,1
130,-1,1,8,3,1,0,1
131,1,1,8,3,0,4,1
132,-1,1,8,3,2,1,0
133,10,1,8,3,1,0,0
134,-1,1,8,3,1,0,1
135,1,1,8,3,1,4,0
136,1,1,8,3,0,0,0
137,0,1,8,3,1,0,2
138,0,1,13,4,1,0,0
139,-1,1,13,4,1,4,0
140,1,1,13,4,1,4,2
141,-1,1,13,4,1,4,2
142,0,1,13,4,0,4,2
143,-1,1,13,4,0,3,1
144,0,1,13,4,1,4,1
145,0,1,13,4,1,0,1
146,0,1,13,4,0,4,1
147,-1,1,13,4,2,1,0
148,1,1,13,4,1,0,0
149,10,1,13,4,1,0,1
150,1,1,13,4,1,4,0
151,-1,1,13,4,0,0,0
152,0,1,13,4,1,0,2
153,0,2,13,1,0,4,2
154,1,2,13,1,2,1,1
155,0,2,13,1,2,1,1
156,1,2,13,1,0,3,2
157,0,2,13,1,1,4,2
158,0,2,13,1,1,4,2
159,0,2,13,1,2,1,2
160,1,2,13,1,0,2,1
161,0,2,13,1,0,4,1
162,0,2,13,1,1,2,2
163,1,2,13,1,2,1,2
164,0,2,13,1,0,4,2
165,1,2,13,1,0,3,2
166,0,2,13,1,0,4,1
167,0,2,13,1,2,1,2
168,0,2,13,1,0,0,2
169,-1,2,13,1,1,4,1
170,1,2,13,1,2,1,2
171,-1,2,13,1,0,3,1
172,0,2,13,1,1,2,1
173,0,2,13,1,1,2,2
174,0,2,13,1,1,4,1
175,0,2,13,1,2,1,2
176,0,2,13,1,0,4,2
177,0,2,13,1,2,1,2
178,0,2,13,1,0,4,2
179,0,2,13,1,1,4,1
180,0,2,13,1,0,4,1
181,0,2,13,1,1,2,2
182,0,2,13,1,1,4,2
183,0,2,13,1,0,2,1
184,0,2,13,1,1,0,2
185,0,2,13,1,1,4,0
186,-1,2,13,1,1,4,2
187,1,2,13,1,1,4,2
188,0,2,13,1,0,4,0
189,1,2,13,1,0,3,0
190,10,2,13,1,1,4,2
191,-1,2,13,1,1,0,2
192,0,2,13,1,0,4,0
193,-1,2,13,1,2,1,2
194,10,2,13,1,1,0,1
195,-1,2,13,1,1,0,2
196,0,2,13,1,1,4,1
197,1,2,13,1,0,0,0
198,-1,2,13,1,1,0,1
203,1,5,13,1,0,4,2
204,0,5,13,1,2,1,2
205,0,5,13,1,2,1,2
206,-1,5,13,1,0,3,1
207,1,5,13,1,1,4,2
208,0,5,13,1,1,4,2
209,0,5,13,1,2,1,2
210,1,5,13,1,0,2,2
211,-1,5,13,1,0,4,2
212,1,5,13,1,1,2,1
213,-1,5,13,1,2,1,2
214,1,5,13,1,0,4,1
215,-1,5,13,1,0,3,1
216,0,5,13,1,0,4,1
217,0,5,13,1,2,1,2
218,-1,5,13,1,0,0,2
219,1,5,13,1,1,4,2
220,0,5,13,1,2,1,2
221,0,5,13,1,0,3,1
222,0,5,13,1,1,2,1
223,0,5,13,1,1,2,2
224,-1,5,13,1,1,4,2
225,-1,5,13,1,2,1,2
226,-1,5,13,1,0,4,2
227,1,5,13,1,2,1,2
228,1,5,13,1,0,4,2
229,-1,5,13,1,1,4,1
230,10,5,13,1,0,4,1
231,-1,5,13,1,1,2,2
232,1,5,13,1,1,4,2
233,1,5,13,1,0,2,2
234,-1,5,13,1,1,0,1
235,0,5,13,1,1,4,0
236,-1,5,13,1,1,4,2
237,10,5,13,1,1,4,2
238,10,5,13,1,0,4,1
239,-1,5,13,1,0,3,0
240,-1,5,13,1,1,4,1
241,1,5,13,1,1,0,2
242,1,5,13,1,0,4,1
243,-1,5,13,1,2,1,1
244,10,5,13,1,1,0,2
245,-1,5,13,1,1,0,1
246,-1,5,13,1,1,4,0
247,1,5,13,1,0,0,0
248,0,5,13,1,1,0,1
249,1,1,6,1,0,4,2
250,-1,1,6,1,2,1,2
251,0,1,6,1,2,1,2
252,0,1,6,1,0,3,2
253,0,1,6,1,1,4,2
254,1,1,6,1,1,4,2
255,0,1,6,1,2,1,2
256,1,1,6,1,0,2,2
257,1,1,6,1,0,4,2
258,0,1,6,1,1,2,2
259,0,1,6,1,2,1,1
260,1,1,6,1,0,4,1
261,1,1,6,1,0,3,2
262,0,1,6,1,0,4,2
263,-1,1,6,1,2,1,2
264,0,1,6,1,0,0,2
265,0,1,6,1,1,4,1
266,-1,1,6,1,2,1,2
267,0,1,6,1,0,3,0
268,0,1,6,1,1,2,1
269,1,1,6,1,1,2,2
270,0,1,6,1,1,4,1
271,0,1,6,1,2,1,2
272,-1,1,6,1,0,4,1
273,0,1,6,1,2,1,1
274,0,1,6,1,0,4,1
275,0,1,6,1,1,4,0
276,0,1,6,1,0,4,2
277,0,1,6,1,1,2,1
278,0,1,6,1,1,4,2
279,0,1,6,1,0,2,1
280,1,1,6,1,1,0,0
281,1,1,6,1,1,4,0
282,-1,1,6,1,1,4,2
283,1,1,6,1,1,4,2
284,0,1,6,1,0,4,2
285,1,1,6,1,0,3,1
286,0,1,6,1,1,4,1
287,0,1,6,1,1,0,1
288,0,1,6,1,0,4,1
289,-1,1,6,1,2,1,0
290,1,1,6,1,1,0,0
291,0,1,6,1,1,0,1
292,1,1,6,1,1,4,0
293,0,1,6,1,0,0,0
294,-1,1,6,1,1,0,2
295,1,7,6,2,1,0,0
296,-1,5,20,5,0,4,2
297,0,5,20,5,2,1,2
298,1,5,20,5,2,1,2
299,0,5,20,5,0,3,1
300,0,5,20,5,1,4,2
301,0,5,20,5,1,4,2
302,0,5,20,5,2,1,2
303,0,5,20,5,0,2,2
304,0,5,20,5,0,4,2
305,0,5,20,5,1,2,1
306,0,5,20,5,2,1,2
307,0,5,20,5,0,4,1
308,1,5,20,5,0,3,1
309,0,5,20,5,0,4,1
310,0,5,20,5,2,1,2
311,-1,5,20,5,0,0,2
312,-1,5,20,5,1,4,2
313,-1,5,20,5,2,1,2
314,0,5,20,5,0,3,1
315,0,5,20,5,1,2,1
316,0,5,20,5,1,2,2
317,-1,5,20,5,1,4,2
318,0,5,20,5,2,1,2
319,0,5,20,5,0,4,2
320,1,5,20,5,2,1,2
321,0,5,20,5,0,4,2
322,1,5,20,5,1,4,1
323,0,5,20,5,0,4,1
324,1,5,20,5,1,2,2
325,1,5,20,5,1,4,2
326,-1,5,20,5,0,2,2
327,0,5,20,5,1,0,1
328,0,5,20,5,1,4,0
329,-1,5,20,5,1,4,2
330,1,5,20,5,1,4,2
331,1,5,20,5,0,4,1
332,0,5,20,5,0,3,0
333,0,5,20,5,1,4,1
334,0,5,20,5,1,0,2
335,1,5,20,5,0,4,1
336,1,5,20,5,2,1,1
337,-1,5,20,5,1,0,2
338,-1,5,20,5,1,0,1
339,0,5,20,5,1,4,0
340,0,5,20,5,0,0,0
341,-1,5,20,5,1,0,1
342,-1,6,6,2,0,4,2
343,-1,6,6,2,2,1,1
344,0,6,6,2,2,1,2
345,0,6,6,2,0,3,1
346,0,6,6,2,1,4,2
347,1,6,6,2,1,4,2
348,0,6,6,2,2,1,2
349,0,6,6,2,0,2,2
350,0,6,6,2,0,4,1
351,0,6,6,2,1,2,2
352,0,6,6,2,2,1,1
353,1,6,6,2,0,4,1
354,0,6,6,2,0,3,1
355,0,6,6,2,0,4,2
356,1,6,6,2,2,1,2
357,0,6,6,2,0,0,2
358,1,6,6,2,1,4,2
359,0,6,6,2,2,1,2
360,1,6,6,2,0,3,0
361,-1,6,6,2,1,2,1
362,0,6,6,2,1,2,2
363,0,6,6,2,1,4,2
364,1,6,6,2,2,1,2
365,-1,6,6,2,0,4,1
366,1,6,6,2,2,1,2
367,-1,6,6,2,0,4,2
368,0,6,6,2,1,4,1
369,1,6,6,2,0,4,0
370,0,6,6,2,1,2,2
371,-1,6,6,2,1,4,2
372,-1,6,6,2,0,2,2
373,-1,6,6,2,1,0,1
374,1,6,6,2,1,4,1
375,-1,6,6,2,1,4,1
376,1,6,6,2,1,4,2
377,0,6,6,2,0,4,1
378,0,6,6,2,0,3,0
379,0,6,6,2,1,4,0
380,0,6,6,2,1,0,0
381,-1,6,6,2,0,4,0
382,-1,6,6,2,2,1,0
383,-1,6,6,2,1,0,1
384,1,6,6,2,1,0,2
385,1,6,6,2,1,4,1
386,0,6,6,2,0,0,0
387,-1,6,6,2,1,0,2
388,1,4,6,3,0,4,2
389,1,4,6,3,2,1,2
390,0,4,6,3,2,1,2
391,1,4,6,3,0,3,2
392,-1,4,6,3,1,4,2
393,-1,4,6,3,1,4,1
394,0,4,6,3,2,1,2
395,0,4,6,3,0,2,2
396,0,4,6,3,0,4,1
397,0,4,6,3,1,2,1
398,0,4,6,3,2,1,1
399,1,4,6,3,0,4,1
400,-1,4,6,3,0,3,2
401,-1,4,6,3,0,4,1
402,1,4,6,3,2,1,2
403,0,4,6,3,0,0,2
404,0,4,6,3,1,4,1
405,1,4,6,3,2,1,2
406,-1,4,6,3,0,3,0
407,-1,4,6,3,1,2,1
408,1,4,6,3,1,2,2
409,-1,4,6,3,1,4,2
410,0,4,6,3,2,1,2
411,0,4,6,3,0,4,1
412,0,4,6,3,2,1,1
413,0,4,6,3,0,4,2
414,0,4,6,3,1,4,2
415,-1,4,6,3,0,4,1
416,1,4,6,3,1,2,1
417,0,4,6,3,1,4,1
418,0,4,6,3,0,2,2
419,-1,4,6,3,1,0,1
420,0,4,6,3,1,4,0
421,-1,4,6,3,1,4,2
422,0,4,6,3,1,4,1
423,0,4,6,3,0,4,1
424,0,4,6,3,0,3,1
425,1,4,6,3,1,4,0
426,0,4,6,3,1,0,1
427,0,4,6,3,0,4,0
428,0,4,6,3,2,1,1
429,1,4,6,3,1,0,1
430,-1,4,6,3,1,0,2
431,1,4,6,3,1,4,1
432,0,4,6,3,0,0,0
433,-1,4,6,3,1,0,2
490,1,6,4,1,0,4,2
491,1,6,4,1,2,1,1
492,-1,6,4,1,2,1,2
493,0,6,4,1,0,3,1
494,1,6,4,1,1,4,2
495,1,6,4,1,1,4,2
496,1,6,4,1,2,1,2
497,-1,6,4,1,0,2,2
498,-1,6,4,1,0,4,1
499,0,6,4,1,1,2,2
500,1,6,4,1,2,1,1
501,1,6,4,1,0,4,1
502,0,6,4,1,0,3,1
503,-1,6,4,1,0,4,2
504,1,6,4,1,2,1,2
505,0,6,4,1,0,0,2
506,1,6,4,1,1,4,2
507,1,6,4,1,2,1,2
508,0,6,4,1,0,3,0
509,0,6,4,1,1,2,1
510,0,6,4,1,1,2,2
511,0,6,4,1,1,4,2
512,0,6,4,1,2,1,2
513,0,6,4,1,0,4,1
514,-1,6,4,1,2,1,2
515,1,6,4,1,0,4,2
516,0,6,4,1,1,4,1
517,1,6,4,1,0,4,0
518,0,6,4,1,1,2,2
519,0,6,4,1,1,4,2
520,0,6,4,1,0,2,2
521,0,6,4,1,1,0,1
522,1,6,4,1,1,4,1
523,-1,6,4,1,1,4,1
524,0,6,4,1,1,4,2
525,0,6,4,1,0,4,1
526,0,6,4,1,0,3,0
527,0,6,4,1,1,4,0
528,-1,6,4,1,1,0,0
529,-1,6,4,1,0,4,0
530,-1,6,4,1,2,1,0
531,1,6,4,1,1,0,1
532,0,6,4,1,1,0,2
533,1,6,4,1,1,4,1
534,1,6,4,1,0,0,0
535,-1,6,4,1,1,0,2
536,1,8,10,5,0,4,2
537,1,8,10,5,2,1,2
538,1,8,10,5,2,1,2
539,0,8,10,5,0,3,2
540,0,8,10,5,1,4,2
541,0,8,10,5,1,4,2
542,0,8,10,5,2,1,2
543,1,8,10,5,0,2,0
544,0,8,10,5,0,4,2
545,0,8,10,5,1,2,1
546,0,8,10,5,2,1,2
547,0,8,10,5,0,4,2
548,-1,8,10,5,0,3,2
549,1,8,10,5,0,4,1
550,1,8,10,5,2,1,2
551,1,8,10,5,0,0,2
552,0,8,10,5,1,4,1
553,0,8,10,5,2,1,2
554,1,8,10,5,0,3,0
555,-1,8,10,5,1,2,1
556,0,8,10,5,1,2,2
557,0,8,10,5,1,4,2
558,0,8,10,5,2,1,2
559,0,8,10,5,0,4,2
560,-1,8,10,5,2,1,2
561,1,8,10,5,0,4,2
562,0,8,10,5,1,4,0
563,0,8,10,5,0,4,2
564,-1,8,10,5,1,2,1
565,0,8,10,5,1,4,2
566,0,8,10,5,0,2,0
567,1,8,10,5,1,0,2
568,0,8,10,5,1,4,0
569,0,8,10,5,1,4,2
570,1,8,10,5,1,4,0
571,-1,8,10,5,0,4,1
572,-1,8,10,5,0,3,0
573,1,8,10,5,1,4,1
574,1,8,10,5,1,0,1
575,0,8,10,5,0,4,1
576,0,8,10,5,2,1,1
577,1,8,10,5,1,0,0
578,-1,8,10,5,1,0,2
579,0,8,10,5,1,4,1
580,0,8,10,5,0,0,0
581,0,8,10,5,1,0,2
582,0,6,8,1,0,4,2
583,1,6,8,1,2,1,1
584,0,6,8,1,2,1,2
585,0,6,8,1,0,3,1
586,1,6,8,1,1,4,2
587,-1,6,8,1,1,4,2
588,1,6,8,1,2,1,2
589,0,6,8,1,0,2,2
590,0,6,8,1,0,4,1
591,1,6,8,1,1,2,2
592,0,6,8,1,2,1,1
593,-1,6,8,1,0,4,1
594,0,6,8,1,0,3,1
595,-1,6,8,1,0,4,2
596,1,6,8,1,2,1,2
597,-1,6,8,1,0,0,2
598,0,6,8,1,1,4,2
599,0,6,8,1,2,1,2
600,0,6,8,1,0,3,0
601,0,6,8,1,1,2,1
602,0,6,8,1,1,2,2
603,0,6,8,1,1,4,2
604,0,6,8,1,2,1,2
605,-1,6,8,1,0,4,1
606,0,6,8,1,2,1,2
607,-1,6,8,1,0,4,2
608,0,6,8,1,1,4,1
609,0,6,8,1,0,4,0
610,1,6,8,1,1,2,2
611,0,6,8,1,1,4,2
612,1,6,8,1,0,2,2
613,1,6,8,1,1,0,1
614,1,6,8,1,1,4,1
615,0,6,8,1,1,4,1
616,-1,6,8,1,1,4,2
617,1,6,8,1,0,4,1
618,-1,6,8,1,0,3,0
619,-1,6,8,1,1,4,0
620,0,6,8,1,1,0,0
621,0,6,8,1,0,4,0
622,-1,6,8,1,2,1,0
623,1,6,8,1,1,0,1
624,0,6,8,1,1,0,2
625,1,6,8,1,1,4,1
626,0,6,8,1,0,0,0
627,0,6,8,1,1,0,2
628,0,7,16,5,0,4,2
629,1,7,16,5,2,1,2
630,0,7,16,5,2,1,2
631,-1,7,16,5,0,3,1
632,1,7,16,5,1,4,1
633,0,7,16,5,1,4,1
634,1,7,16,5,2,1,1
635,1,7,16,5,0,2,2
636,1,7,16,5,0,4,2
637,0,7,16,5,1,2,1
638,1,7,16,5,2,1,2
639,1,7,16,5,0,4,2
640,1,7,16,5,0,3,1
641,0,7,16,5,0,4,2
642,0,7,16,5,2,1,2
643,1,7,16,5,0,0,2
644,0,7,16,5,1,4,2
645,0,7,16,5,2,1,2
646,0,7,16,5,0,3,2
647,0,7,16,5,1,2,2
648,0,7,16,5,1,2,2
649,0,7,16,5,1,4,2
650,0,7,16,5,2,1,1
651,0,7,16,5,0,4,0
652,0,7,16,5,2,1,2
653,0,7,16,5,0,4,2
654,0,7,16,5,1,4,2
655,0,7,16,5,0,4,1
656,0,7,16,5,1,2,2
657,0,7,16,5,1,4,2
658,0,7,16,5,0,2,2
659,0,7,16,5,1,0,2
660,0,7,16,5,1,4,0
661,0,7,16,5,1,4,2
662,1,7,16,5,1,4,1
663,0,7,16,5,0,4,1
664,1,7,16,5,0,3,1
665,0,7,16,5,1,4,0
666,0,7,16,5,1,0,0
667,0,7,16,5,0,4,2
668,-1,7,16,5,2,1,0
669,1,7,16,5,1,0,0
670,-1,7,16,5,1,0,2
671,0,7,16,5,1,4,2
672,0,7,16,5,0,0,0
673,0,7,16,5,1,0,0
674,0,5,11,2,0,4,2
675,-1,5,11,2,2,1,2
676,0,5,11,2,2,1,2
677,0,5,11,2,0,3,1
678,0,5,11,2,1,4,2
679,0,5,11,2,1,4,2
680,0,5,11,2,2,1,2
681,0,5,11,2,0,2,2
682,1,5,11,2,0,4,2
683,0,5,11,2,1,2,1
684,1,5,11,2,2,1,2
685,0,5,11,2,0,4,1
686,-1,5,11,2,0,3,1
687,0,5,11,2,0,4,1
688,0,5,11,2,2,1,2
689,-1,5,11,2,0,0,2
690,1,5,11,2,1,4,2
691,0,5,11,2,2,1,2
692,0,5,11,2,0,3,1
693,0,5,11,2,1,2,1
694,-1,5,11,2,1,2,2
695,0,5,11,2,1,4,2
696,1,5,11,2,2,1,2
697,-1,5,11,2,0,4,2
698,0,5,11,2,2,1,2
699,0,5,11,2,0,4,2
700,0,5,11,2,1,4,1
701,0,5,11,2,0,4,1
702,1,5,11,2,1,2,2
703,-1,5,11,2,1,4,2
704,0,5,11,2,0,2,2
705,0,5,11,2,1,0,1
706,0,5,11,2,1,4,0
707,0,5,11,2,1,4,2
708,-1,5,11,2,1,4,2
709,1,5,11,2,0,4,1
710,-1,5,11,2,0,3,0
711,0,5,11,2,1,4,1
712,-1,5,11,2,1,0,2
713,0,5,11,2,0,4,1
714,0,5,11,2,2,1,1
715,-1,5,11,2,1,0,2
716,-1,5,11,2,1,0,1
717,0,5,11,2,1,4,0
718,0,5,11,2,0,0,0
719,0,5,11,2,1,0,1
720,0,6,33,3,0,4,2
721,-1,6,33,3,2,1,1
722,1,6,33,3,2,1,2
723,0,6,33,3,0,3,1
724,1,6,33,3,1,4,2
725,-1,6,33,3,1,4,2
726,0,6,33,3,2,1,2
727,0,6,33,3,0,2,2
728,0,6,33,3,0,4,1
729,-1,6,33,3,1,2,2
730,0,6,33,3,2,1,1
731,0,6,33,3,0,4,1
732,0,6,33,3,0,3,1
733,0,6,33,3,0,4,2
734,0,6,33,3,2,1,2
735,1,6,33,3,0,0,2
736,-1,6,33,3,1,4,2
737,0,6,33,3,2,1,2
738,1,6,33,3,0,3,0
739,0,6,33,3,1,2,1
740,-1,6,33,3,1,2,2
741,1,6,33,3,1,4,2
742,0,6,33,3,2,1,2
743,0,6,33,3,0,4,1
744,1,6,33,3,2,1,2
745,0,6,33,3,0,4,2
746,0,6,33,3,1,4,1
747,0,6,33,3,0,4,0
748,1,6,33,3,1,2,2
749,1,6,33,3,1,4,2
750,0,6,33,3,0,2,2
751,0,6,33,3,1,0,1
752,0,6,33,3,1,4,1
753,0,6,33,3,1,4,1
754,1,6,33,3,1,4,2
755,-1,6,33,3,0,4,1
756,1,6,33,3,0,3,0
757,-1,6,33,3,1,4,0
758,-1,6,33,3,1,0,0
759,-10,6,33,3,0,4,0
760,10,6,33,3,1,0,1
761,10,6,33,3,1,0,2
762,1,6,33,3,1,4,1
763,0,6,33,3,0,0,0
764,-1,6,33,3,1,0,2
765,1,0,28,5,0,4,2
766,0,0,28,5,2,1,2
767,0,0,28,5,2,1,2
768,0,0,28,5,0,3,2
769,0,0,28,5,1,4,2
770,1,0,28,5,1,4,2
771,0,0,28,5,2,1,2
772,0,0,28,5,0,2,2
773,0,0,28,5,0,4,2
774,-1,0,28,5,1,2,2
775,0,0,28,5,2,1,2
776,0,0,28,5,0,4,2
777,-1,0,28,5,0,3,2
778,0,0,28,5,0,4,2
779,0,0,28,5,2,1,2
780,0,0,28,5,0,0,2
781,0,0,28,5,1,4,2
782,0,0,28,5,2,1,2
783,0,0,28,5,0,3,2
784,0,0,28,5,1,2,2
785,0,0,28,5,1,2,2
786,0,0,28,5,1,4,2
787,1,0,28,5,2,1,2
788,0,0,28,5,0,4,2
789,0,0,28,5,2,1,2
790,0,0,28,5,0,4,2
791,0,0,28,5,1,4,2
792,0,0,28,5,0,4,2
793,0,0,28,5,1,2,2
794,0,0,28,5,1,4,2
795,0,0,28,5,0,2,2
796,0,0,28,5,1,0,2
797,0,0,28,5,1,4,2
798,0,0,28,5,1,4,2
799,0,0,28,5,1,4,2
800,0,0,28,5,0,4,2
801,0,0,28,5,0,3,2
802,0,0,28,5,1,4,2
803,0,0,28,5,1,0,2
804,0,0,28,5,0,4,2
805,0,0,28,5,2,1,2
806,0,0,28,5,1,0,2
807,-1,0,28,5,1,0,2
808,0,0,28,5,1,4,2
809,0,0,28,5,0,0,2
810,0,0,28,5,1,0,2
811,0,7,13,2,0,4,2
812,1,7,13,2,2,1,2
813,0,7,13,2,2,1,2
814,0,7,13,2,0,3,1
815,0,7,13,2,1,4,1
816,0,7,13,2,1,4,1
817,0,7,13,2,2,1,1
818,0,7,13,2,0,2,2
819,1,7,13,2,0,4,2
820,0,7,13,2,1,2,1
821,0,7,13,2,2,1,2
822,1,7,13,2,0,4,2
823,0,7,13,2,0,3,1
824,-1,7,13,2,0,4,2
825,0,7,13,2,2,1,2
826,-1,7,13,2,0,0,2
827,0,7,13,2,1,4,2
828,0,7,13,2,2,1,2
829,0,7,13,2,0,3,2
830,0,7,13,2,1,2,2
831,-1,7,13,2,1,2,2
832,-1,7,13,2,1,4,2
833,0,7,13,2,2,1,1
834,-1,7,13,2,0,4,0
835,0,7,13,2,2,1,2
836,0,7,13,2,0,4,2
837,0,7,13,2,1,4,2
838,0,7,13,2,0,4,1
839,0,7,13,2,1,2,2
840,0,7,13,2,1,4,2
841,0,7,13,2,0,2,2
842,0,7,13,2,1,0,2
843,0,7,13,2,1,4,0
844,0,7,13,2,1,4,2
845,0,7,13,2,1,4,1
846,1,7,13,2,0,4,1
847,0,7,13,2,0,3,1
848,0,7,13,2,1,4,0
849,0,7,13,2,1,0,0
850,1,7,13,2,0,4,2
851,-1,7,13,2,2,1,0
852,1,7,13,2,1,0,0
853,-1,7,13,2,1,0,2
854,0,7,13,2,1,4,2
855,-1,7,13,2,0,0,0
856,0,7,13,2,1,0,0
857,1,2,16,0,0,4,2
858,1,2,16,0,2,1,1
859,-1,2,16,0,2,1,1
860,0,2,16,0,0,3,2
861,0,2,16,0,1,4,2
862,-1,2,16,0,1,4,2
863,0,2,16,0,2,1,2
864,1,2,16,0,0,2,1
865,0,2,16,0,0,4,1
866,1,2,16,0,1,2,2
867,0,2,16,0,2,1,2
868,1,2,16,0,0,4,2
869,-1,2,16,0,0,3,2
870,0,2,16,0,0,4,1
871,0,2,16,0,2,1,2
872,0,2,16,0,0,0,2
873,0,2,16,0,1,4,1
874,0,2,16,0,2,1,2
875,0,2,16,0,0,3,1
876,0,2,16,0,1,2,1
877,1,2,16,0,1,2,2
878,-1,2,16,0,1,4,1
879,0,2,16,0,2,1,2
880,0,2,16,0,0,4,2
881,0,2,16,0,2,1,2
882,0,2,16,0,0,4,2
883,0,2,16,0,1,4,1
884,0,2,16,0,0,4,1
885,0,2,16,0,1,2,2
886,1,2,16,0,1,4,2
887,0,2,16,0,0,2,1
888,-1,2,16,0,1,0,2
889,0,2,16,0,1,4,0
890,0,2,16,0,1,4,2
891,0,2,16,0,1,4,2
892,1,2,16,0,0,4,0
893,0,2,16,0,0,3,0
894,0,2,16,0,1,4,2
895,0,2,16,0,1,0,2
896,0,2,16,0,0,4,0
897,0,2,16,0,2,1,2
898,1,2,16,0,1,0,1
899,-1,2,16,0,1,0,2
900,0,2,16,0,1,4,1
901,0,2,16,0,0,0,0
902,0,2,16,0,1,0,1
903,0,7,13,5,0,4,2
904,1,7,13,5,2,1,2
905,0,7,13,5,2,1,2
906,0,7,13,5,0,3,1
907,0,7,13,5,1,4,1
908,1,7,13,5,1,4,1
909,0,7,13,5,2,1,1
910,0,7,13,5,0,2,2
911,0,7,13,5,0,4,2
912,1,7,13,5,1,2,1
913,0,7,13,5,2,1,2
914,0,7,13,5,0,4,2
915,0,7,13,5,0,3,1
916,0,7,13,5,0,4,2
917,1,7,13,5,2,1,2
918,0,7,13,5,0,0,2
919,0,7,13,5,1,4,2
920,1,7,13,5,2,1,2
921,-1,7,13,5,0,3,2
922,0,7,13,5,1,2,2
923,-1,7,13,5,1,2,2
924,1,7,13,5,1,4,2
925,0,7,13,5,2,1,1
926,0,7,13,5,0,4,0
927,0,7,13,5,2,1,2
928,0,7,13,5,0,4,2
929,0,7,13,5,1,4,2
930,0,7,13,5,0,4,1
931,0,7,13,5,1,2,2
932,0,7,13,5,1,4,2
933,1,7,13,5,0,2,2
934,-1,7,13,5,1,0,2
935,-1,7,13,5,1,4,0
936,-1,7,13,5,1,4,2
937,0,7,13,5,1,4,1
938,1,7,13,5,0,4,1
939,1,7,13,5,0,3,1
940,0,7,13,5,1,4,0
941,0,7,13,5,1,0,0
942,0,7,13,5,0,4,2
943,-1,7,13,5,2,1,0
944,10,7,13,5,1,0,0
945,-1,7,13,5,1,0,2
946,0,7,13,5,1,4,2
947,0,7,13,5,0,0,0
948,1,7,13,5,1,0,0
949,10,6,13,4,1,4,0
950,-1,6,13,4,1,0,0
951,0,6,13,4,0,4,0
952,-1,6,13,4,2,1,0
953,-10,6,13,4,1,0,1
954,10,6,13,4,1,4,1
955,10,6,13,4,0,0,0
956,-1,6,13,4,1,0,2
957,-1,7,6,2,0,4,2
958,-1,7,6,2,2,1,2
959,0,7,6,2,2,1,2
960,0,7,6,2,0,3,1
961,0,7,6,2,1,4,1
962,1,7,6,2,1,4,1
963,0,7,6,2,2,1,1
964,0,7,6,2,0,2,2
965,0,7,6,2,0,4,2
966,0,7,6,2,1,2,1
967,0,7,6,2,2,1,2
968,0,7,6,2,0,4,2
969,0,7,6,2,0,3,1
970,0,7,6,2,0,4,2
971,0,7,6,2,2,1,2
972,-1,7,6,2,0,0,2
973,0,7,6,2,1,4,2
974,0,7,6,2,2,1,2
975,0,7,6,2,0,3,2
976,-1,7,6,2,1,2,2
977,-1,7,6,2,1,2,2
978,0,7,6,2,1,4,2
979,0,7,6,2,2,1,1
980,0,7,6,2,0,4,0
981,0,7,6,2,2,1,2
982,-1,7,6,2,0,4,2
983,0,7,6,2,1,4,2
984,0,7,6,2,0,4,1
985,0,7,6,2,1,2,2
986,1,7,6,2,1,4,2
987,0,7,6,2,0,2,2
988,0,7,6,2,1,0,2
989,0,7,6,2,1,4,0
990,0,7,6,2,1,4,2
991,0,7,6,2,1,4,1
992,0,7,6,2,0,4,1
993,1,7,6,2,0,3,1
994,-1,7,6,2,1,4,0
995,-1,7,6,2,1,0,0
996,0,7,6,2,0,4,2
997,-1,7,6,2,2,1,0
998,1,7,6,2,1,0,0
999,1,7,6,2,1,0,2
1000,-1,7,6,2,1,4,2
1001,-1,7,6,2,0,0,0
1002,-1,7,6,2,1,0,0
1020,-1,5,16,0,0,4,2
1021,0,5,16,0,2,1,2
1022,0,5,16,0,2,1,2
1023,0,5,16,0,0,3,1
1024,0,5,16,0,1,4,2
1025,1,5,16,0,1,4,2
1026,0,5,16,0,2,1,2
1027,1,5,16,0,0,2,2
1028,0,5,16,0,0,4,2
1029,1,5,16,0,1,2,1
1030,0,5,16,0,2,1,2
1031,1,5,16,0,0,4,1
1032,0,5,16,0,0,3,1
1033,1,5,16,0,0,4,1
1034,0,5,16,0,2,1,2
1035,-1,5,16,0,0,0,2
1036,0,5,16,0,1,4,2
1037,0,5,16,0,2,1,2
1038,1,5,16,0,0,3,1
1039,0,5,16,0,1,2,1
1040,-1,5,16,0,1,2,2
1041,1,5,16,0,1,4,2
1042,0,5,16,0,2,1,2
1043,0,5,16,0,0,4,2
1044,1,5,16,0,2,1,2
1045,1,5,16,0,0,4,2
1046,-1,5,16,0,1,4,1
1047,1,5,16,0,0,4,1
1048,0,5,16,0,1,2,2
1049,0,5,16,0,1,4,2
1050,0,5,16,0,0,2,2
1051,0,5,16,0,1,0,1
1052,-1,5,16,0,1,4,0
1053,0,5,16,0,1,4,2
1054,0,5,16,0,1,4,2
1055,1,5,16,0,0,4,1
1056,0,5,16,0,0,3,0
1057,1,5,16,0,1,4,1
1058,0,5,16,0,1,0,2
1059,0,5,16,0,0,4,1
1060,-1,5,16,0,2,1,1
1061,1,5,16,0,1,0,2
1062,-1,5,16,0,1,0,1
1063,0,5,16,0,1,4,0
1064,1,5,16,0,0,0,0
1065,0,5,16,0,1,0,1
1066,1,6,19,0,2,1,1
1067,1,6,19,0,2,1,1
1068,1,6,19,0,0,4,1
1069,1,6,19,0,0,4,1
1070,1,6,19,0,0,3,1
1071,1,6,19,0,0,3,1
1072,1,6,19,0,0,4,2
1073,1,6,19,0,0,4,2
1074,1,6,19,0,2,1,2
1075,1,6,19,0,2,1,2
1076,1,6,19,0,0,0,2
1077,1,6,19,0,0,0,2
1078,1,6,19,0,1,4,2
1079,1,6,19,0,1,4,2
1080,0,6,19,0,2,1,2
1081,0,6,19,0,2,1,2
1082,0,6,19,0,0,3,0
1083,0,6,19,0,0,3,0
1084,0,6,19,0,1,2,1
1085,0,6,19,0,1,2,1
1086,0,6,19,0,1,2,2
1087,0,6,19,0,1,2,2
1088,-1,6,19,0,1,4,2
1089,-1,6,19,0,1,4,2
1090,0,6,19,0,2,1,2
1091,0,6,19,0,2,1,2
1092,-1,6,19,0,0,4,1
1093,-1,6,19,0,0,4,1
1094,0,6,19,0,2,1,2
1095,0,6,19,0,2,1,2
1096,1,6,19,0,0,4,2
1097,1,6,19,0,0,4,2
1098,0,6,19,0,1,4,1
1099,0,6,19,0,1,4,1
1100,0,6,19,0,0,4,0
1101,0,6,19,0,0,4,0
1102,0,6,19,0,1,2,2
1103,0,6,19,0,1,2,2
1104,0,6,19,0,1,4,2
1105,0,6,19,0,1,4,2
1106,-1,6,19,0,0,2,2
1107,-1,6,19,0,0,2,2
1108,1,6,19,0,1,0,1
1109,1,6,19,0,1,0,1
1110,0,6,19,0,1,4,1
1111,0,6,19,0,1,4,1
1112,1,6,19,0,1,4,1
1113,1,6,19,0,1,4,1
1114,1,6,19,0,1,4,2
1115,1,6,19,0,1,4,2
1116,0,6,19,0,0,4,1
1117,0,6,19,0,0,4,1
1118,0,6,19,0,0,3,0
1119,0,6,19,0,0,3,0
1120,-1,6,19,0,1,4,0
1121,-1,6,19,0,1,4,0
1122,-1,6,19,0,1,0,0
1123,-1,6,19,0,1,0,0
1124,1,6,19,0,0,4,0
1125,1,6,19,0,0,4,0
1126,1,6,19,0,2,1,0
1127,1,6,19,0,2,1,0
1128,10,6,19,0,1,0,1
1129,10,6,19,0,1,0,1
1130,1,6,19,0,1,0,2
1131,1,6,19,0,1,0,2
1132,-1,6,19,0,1,4,1
1133,-1,6,19,0,1,4,1
1134,1,6,19,0,0,0,0
1135,1,6,19,0,0,0,0
1136,0,6,19,0,1,0,2
1137,0,6,19,0,1,0,2
1138,0,2,4,2,0,4,2
1139,1,2,4,2,2,1,1
1140,0,2,4,2,2,1,1
1141,1,2,4,2,0,3,2
1142,-1,2,4,2,1,4,2
1143,0,2,4,2,1,4,2
1144,1,2,4,2,2,1,2
1145,-1,2,4,2,0,2,1
1146,1,2,4,2,0,4,1
1147,1,2,4,2,1,2,2
1148,-1,2,4,2,2,1,2
1149,1,2,4,2,0,4,2
1150,1,2,4,2,0,3,2
1151,0,2,4,2,0,4,1
1152,0,2,4,2,2,1,2
1153,0,2,4,2,0,0,2
1154,-1,2,4,2,1,4,1
1155,0,2,4,2,2,1,2
1156,1,2,4,2,0,3,1
1157,0,2,4,2,1,2,1
1158,-1,2,4,2,1,2,2
1159,1,2,4,2,1,4,1
1160,0,2,4,2,2,1,2
1161,0,2,4,2,0,4,2
1162,0,2,4,2,2,1,2
1163,0,2,4,2,0,4,2
1164,0,2,4,2,1,4,1
1165,0,2,4,2,0,4,1
1166,0,2,4,2,1,2,2
1167,0,2,4,2,1,4,2
1168,-1,2,4,2,0,2,1
1169,-1,2,4,2,1,0,2
1170,0,2,4,2,1,4,0
1171,0,2,4,2,1,4,2
1172,0,2,4,2,1,4,2
1173,0,2,4,2,0,4,0
1174,0,2,4,2,0,3,0
1175,-1,2,4,2,1,4,2
1176,1,2,4,2,1,0,2
1177,-1,2,4,2,0,4,0
1178,-1,2,4,2,2,1,2
1179,-1,2,4,2,1,0,1
1180,1,2,4,2,1,0,2
1181,0,2,4,2,1,4,1
1182,-1,2,4,2,0,0,0
1183,0,2,4,2,1,0,1
1184,1,4,24,0,1,2,1
1185,0,4,24,0,2,1,1
1186,0,4,24,0,0,4,1
1187,-1,4,24,0,0,3,2
1188,0,4,24,0,0,4,1
1189,0,4,24,0,2,1,2
1190,1,4,24,0,0,0,2
1191,0,4,24,0,1,4,1
1192,0,4,24,0,2,1,2
1193,0,4,24,0,0,3,0
1194,0,4,24,0,1,2,1
1195,0,4,24,0,1,2,2
1196,0,4,24,0,1,4,2
1197,0,4,24,0,2,1,2
1198,-1,4,24,0,0,4,1
1199,0,4,24,0,2,1,1
1200,0,4,24,0,0,4,2
1201,-1,4,24,0,1,4,2
1202,0,4,24,0,0,4,1
1203,0,4,24,0,1,2,1
1204,0,4,24,0,1,4,1
1205,0,4,24,0,0,2,2
1206,0,4,24,0,1,0,1
1207,0,4,24,0,1,4,0
1208,0,4,24,0,1,4,2
1209,0,4,24,0,1,4,1
1210,0,4,24,0,0,4,1
1211,0,4,24,0,0,3,1
1212,1,4,24,0,1,4,0
1213,0,4,24,0,1,0,1
1214,0,4,24,0,0,4,0
1215,0,4,24,0,2,1,1
1216,0,4,24,0,1,0,1
1217,0,4,24,0,1,0,2
1218,0,4,24,0,1,4,1
1219,0,4,24,0,0,0,0
1220,0,4,24,0,1,0,2
1221,1,5,19,0,2,1,2
1222,-1,5,19,0,0,3,1
1223,10,5,19,0,1,4,2
1224,0,5,19,0,1,4,2
1225,-1,5,19,0,2,1,2
1226,0,5,19,0,0,2,2
1227,1,5,19,0,0,4,2
1228,1,5,19,0,1,2,1
1229,-1,5,19,0,2,1,2
1230,-1,5,19,0,0,4,1
1231,1,5,19,0,0,3,1
1232,1,5,19,0,0,4,1
1233,1,5,19,0,2,1,2
1234,0,5,19,0,0,0,2
1235,0,5,19,0,1,4,2
1236,-1,5,19,0,2,1,2
1237,-1,5,19,0,0,3,1
1238,0,5,19,0,1,2,1
1239,0,5,19,0,1,2,2
1240,1,5,19,0,1,4,2
1241,0,5,19,0,2,1,2
1242,0,5,19,0,0,4,2
1243,0,5,19,0,2,1,2
1244,-1,5,19,0,0,4,2
1245,0,5,19,0,1,4,1
1246,0,5,19,0,0,4,1
1247,0,5,19,0,1,2,2
1248,0,5,19,0,1,4,2
1249,1,5,19,0,0,2,2
1250,0,5,19,0,1,0,1
1251,0,5,19,0,1,4,0
1252,-1,5,19,0,1,4,2
1253,0,5,19,0,1,4,2
1254,1,5,19,0,0,4,1
1255,1,5,19,0,0,3,0
1256,-1,5,19,0,1,4,1
1257,1,5,19,0,1,0,2
1258,1,5,19,0,0,4,1
1259,1,5,19,0,2,1,1
1260,0,5,19,0,1,0,2
1261,0,5,19,0,1,0,1
1262,0,5,19,0,1,4,0
1263,0,5,19,0,0,0,0
1264,-1,5,19,0,1,0,1
1265,0,2,20,0,0,4,2
1266,0,2,20,0,2,1,1
1267,1,2,20,0,2,1,1
1268,0,2,20,0,0,3,2
1269,0,2,20,0,1,4,2
1270,1,2,20,0,1,4,2
1271,0,2,20,0,2,1,2
1272,0,2,20,0,0,2,1
1273,0,2,20,0,0,4,1
1274,0,2,20,0,1,2,2
1275,0,2,20,0,2,1,2
1276,0,2,20,0,0,4,2
1277,0,2,20,0,0,3,2
1278,-1,2,20,0,0,4,1
1279,0,2,20,0,2,1,2
1280,0,2,20,0,0,0,2
1281,-1,2,20,0,1,4,1
1282,-1,2,20,0,2,1,2
1283,1,2,20,0,0,3,1
1284,-1,2,20,0,1,2,1
1285,0,2,20,0,1,2,2
1286,0,2,20,0,1,4,1
1287,-1,2,20,0,2,1,2
1288,1,2,20,0,0,4,2
1289,-1,2,20,0,2,1,2
1290,1,2,20,0,0,4,2
1291,0,2,20,0,1,4,1
1292,1,2,20,0,0,4,1
1293,-1,2,20,0,1,2,2
1294,1,2,20,0,1,4,2
1295,1,2,20,0,0,2,1
1296,-1,2,20,0,1,0,2
1297,1,2,20,0,1,4,0
1298,0,2,20,0,1,4,2
1299,0,2,20,0,1,4,2
1300,0,2,20,0,0,4,0
1301,0,2,20,0,0,3,0
1302,-1,2,20,0,1,4,2
1303,0,2,20,0,1,0,2
1304,0,2,20,0,0,4,0
1305,-1,2,20,0,2,1,2
1306,0,2,20,0,1,0,1
1307,0,2,20,0,1,0,2
1308,0,2,20,0,1,4,1
1309,0,2,20,0,0,0,0
1310,0,2,20,0,1,0,1
1311,1,6,16,0,0,4,2
1312,1,6,16,0,2,1,1
1313,1,6,16,0,2,1,2
1314,0,6,16,0,0,3,1
1315,0,6,16,0,1,4,2
1316,1,6,16,0,1,4,2
1317,1,6,16,0,2,1,2
1318,0,6,16,0,0,2,2
1319,-1,6,16,0,0,4,1
1320,1,6,16,0,1,2,2
1321,0,6,16,0,2,1,1
1322,-1,6,16,0,0,4,1
1323,-1,6,16,0,0,3,1
1324,-1,6,16,0,0,4,2
1325,1,6,16,0,2,1,2
1326,10,6,16,0,0,0,2
1327,-1,6,16,0,1,4,2
1328,1,6,16,0,2,1,2
1329,0,6,16,0,0,3,0
1330,0,6,16,0,1,2,1
1331,-1,6,16,0,1,2,2
1332,1,6,16,0,1,4,2
1333,0,6,16,0,2,1,2
1334,0,6,16,0,0,4,1
1335,0,6,16,0,2,1,2
1336,1,6,16,0,0,4,2
1337,0,6,16,0,1,4,1
1338,-1,6,16,0,0,4,0
1339,1,6,16,0,1,2,2
1340,-1,6,16,0,1,4,2
1341,0,6,16,0,0,2,2
1342,0,6,16,0,1,0,1
1343,0,6,16,0,1,4,1
1344,0,6,16,0,1,4,1
1345,0,6,16,0,1,4,2
1346,0,6,16,0,0,4,1
1347,0,6,16,0,0,3,0
1348,-1,6,16,0,1,4,0
1349,0,6,16,0,1,0,0
1350,1,6,16,0,0,4,0
1351,-1,6,16,0,2,1,0
1352,1,6,16,0,1,0,1
1353,0,6,16,0,1,0,2
1354,-1,6,16,0,1,4,1
1355,-1,6,16,0,0,0,0
1356,0,6,16,0,1,0,2
1357,1,7,16,5,0,4,2
1358,-1,7,16,5,2,1,2
1359,-1,7,16,5,2,1,2
1360,1,7,16,5,0,3,1
1361,-1,7,16,5,1,4,1
1362,0,7,16,5,1,4,1
1363,0,7,16,5,2,1,1
1364,0,7,16,5,0,2,2
1365,0,7,16,5,0,4,2
1366,0,7,16,5,1,2,1
1367,0,7,16,5,2,1,2
1368,1,7,16,5,0,4,2
1369,0,7,16,5,0,3,1
1370,0,7,16,5,0,4,2
1371,-1,7,16,5,2,1,2
1372,0,7,16,5,0,0,2
1373,0,7,16,5,1,4,2
1374,0,7,16,5,2,1,2
1375,0,7,16,5,0,3,2
1376,0,7,16,5,1,2,2
1377,0,7,16,5,1,2,2
1378,0,7,16,5,1,4,2
1379,0,7,16,5,2,1,1
1380,0,7,16,5,0,4,0
1381,0,7,16,5,2,1,2
1382,0,7,16,5,0,4,2
1383,-1,7,16,5,1,4,2
1384,1,7,16,5,0,4,1
1385,-1,7,16,5,1,2,2
1386,0,7,16,5,1,4,2
1387,0,7,16,5,0,2,2
1388,0,7,16,5,1,0,2
1389,1,7,16,5,1,4,0
1390,0,7,16,5,1,4,2
1391,0,7,16,5,1,4,1
1392,1,7,16,5,0,4,1
1393,1,7,16,5,0,3,1
1394,1,7,16,5,1,4,0
1395,0,7,16,5,1,0,0
1396,1,7,16,5,0,4,2
1397,-1,7,16,5,2,1,0
1398,0,7,16,5,1,0,0
1399,0,7,16,5,1,0,2
1400,1,7,16,5,1,4,2
1401,0,7,16,5,0,0,0
1402,-1,7,16,5,1,0,0
1403,1,6,31,0,0,4,2
1404,0,6,31,0,2,1,1
1405,0,6,31,0,2,1,2
1406,0,6,31,0,0,3,1
1407,0,6,31,0,1,4,2
1408,1,6,31,0,1,4,2
1409,0,6,31,0,2,1,2
1410,0,6,31,0,0,2,2
1411,0,6,31,0,0,4,1
1412,-1,6,31,0,1,2,2
1413,0,6,31,0,2,1,1
1414,0,6,31,0,0,4,1
1415,0,6,31,0,0,3,1
1416,0,6,31,0,0,4,2
1417,0,6,31,0,2,1,2
1418,0,6,31,0,0,0,2
1419,0,6,31,0,1,4,2
1420,0,6,31,0,2,1,2
1421,0,6,31,0,0,3,0
1422,0,6,31,0,1,2,1
1423,0,6,31,0,1,2,2
1424,0,6,31,0,1,4,2
1425,0,6,31,0,2,1,2
1426,-1,6,31,0,0,4,1
1427,0,6,31,0,2,1,2
1428,0,6,31,0,0,4,2
1429,0,6,31,0,1,4,1
1430,0,6,31,0,0,4,0
1431,0,6,31,0,1,2,2
1432,0,6,31,0,1,4,2
1433,0,6,31,0,0,2,2
1434,0,6,31,0,1,0,1
1435,0,6,31,0,1,4,1
1436,-1,6,31,0,1,4,1
1437,0,6,31,0,1,4,2
1438,0,6,31,0,0,4,1
1439,0,6,31,0,0,3,0
1440,0,6,31,0,1,4,0
1441,0,6,31,0,1,0,0
1442,0,6,31,0,0,4,0
1443,0,6,31,0,2,1,0
1444,1,6,31,0,1,0,1
1445,0,6,31,0,1,0,2
1446,0,6,31,0,1,4,1
1447,0,6,31,0,0,0,0
1448,0,6,31,0,1,0,2
1449,1,4,25,1,2,1,2
1450,0,4,25,1,0,0,2
1451,0,4,25,1,1,4,1
1452,0,4,25,1,2,1,2
1453,-1,4,25,1,0,3,0
1454,0,4,25,1,1,2,1
1455,-1,4,25,1,1,2,2
1456,0,4,25,1,1,4,2
1457,0,4,25,1,2,1,2
1458,0,4,25,1,0,4,1
1459,-1,4,25,1,2,1,1
1460,1,4,25,1,0,4,2
1461,0,4,25,1,1,4,2
1462,0,4,25,1,0,4,1
1463,0,4,25,1,1,2,1
1464,0,4,25,1,1,4,1
1465,-1,4,25,1,0,2,2
1466,1,4,25,1,1,0,1
1467,-1,4,25,1,1,4,0
1468,0,4,25,1,1,4,2
1469,0,4,25,1,1,4,1
1470,0,4,25,1,0,4,1
1471,0,4,25,1,0,3,1
1472,0,4,25,1,1,4,0
1473,0,4,25,1,1,0,1
1474,1,4,25,1,0,4,0
1475,-1,4,25,1,2,1,1
1476,0,4,25,1,1,0,1
1477,-1,4,25,1,1,0,2
1478,1,4,25,1,1,4,1
1479,-1,4,25,1,0,0,0
1480,1,4,25,1,1,0,2
1481,-1,6,13,2,0,4,2
1482,0,6,13,2,2,1,1
1483,0,6,13,2,2,1,2
1484,1,6,13,2,0,3,1
1485,0,6,13,2,1,4,2
1486,-1,6,13,2,1,4,2
1487,0,6,13,2,2,1,2
1488,0,6,13,2,0,2,2
1489,0,6,13,2,0,4,1
1490,-1,6,13,2,1,2,2
1491,1,6,13,2,2,1,1
1492,-1,6,13,2,0,4,1
1493,1,6,13,2,0,3,1
1494,0,6,13,2,0,4,2
1495,0,6,13,2,2,1,2
1496,0,6,13,2,0,0,2
1497,-1,6,13,2,1,4,2
1498,0,6,13,2,2,1,2
1499,0,6,13,2,0,3,0
1500,1,6,13,2,1,2,1
1501,0,6,13,2,1,2,2
1502,0,6,13,2,1,4,2
1503,-1,6,13,2,2,1,2
1504,0,6,13,2,0,4,1
1505,0,6,13,2,2,1,2
1506,-1,6,13,2,0,4,2
1507,1,6,13,2,1,4,1
1508,0,6,13,2,0,4,0
1509,0,6,13,2,1,2,2
1510,0,6,13,2,1,4,2
1511,0,6,13,2,0,2,2
1512,1,6,13,2,1,0,1
1513,0,6,13,2,1,4,1
1514,0,6,13,2,1,4,1
1515,1,6,13,2,1,4,2
1516,0,6,13,2,0,4,1
1517,-1,6,13,2,0,3,0
1518,0,6,13,2,1,4,0
1519,-1,6,13,2,1,0,0
1520,0,6,13,2,0,4,0
1521,0,6,13,2,2,1,0
1522,-1,6,13,2,1,0,1
1523,0,6,13,2,1,0,2
1524,1,6,13,2,1,4,1
1525,-1,6,13,2,0,0,0
1526,-1,6,13,2,1,0,2
1527,1,1,6,4,2,1,1
1528,1,1,6,4,0,4,1
1529,1,1,6,4,0,3,2
1530,0,1,6,4,0,4,2
1531,1,1,6,4,2,1,2
1532,-1,1,6,4,0,0,2
1533,0,1,6,4,1,4,1
1534,0,1,6,4,2,1,2
1535,0,1,6,4,0,3,0
1536,0,1,6,4,1,2,1
1537,0,1,6,4,1,2,2
1538,0,1,6,4,1,4,1
1539,-1,1,6,4,2,1,2
1540,-1,1,6,4,0,4,1
1541,0,1,6,4,2,1,1
1542,1,1,6,4,0,4,1
1543,-1,1,6,4,1,4,0
1544,0,1,6,4,0,4,2
1545,0,1,6,4,1,2,1
1546,0,1,6,4,1,4,2
1547,1,1,6,4,0,2,1
1548,1,1,6,4,1,0,0
1549,0,1,6,4,1,4,0
1550,0,1,6,4,1,4,2
1551,0,1,6,4,1,4,2
1552,0,1,6,4,0,4,2
1553,0,1,6,4,0,3,1
1554,0,1,6,4,1,4,1
1555,0,1,6,4,1,0,1
1556,0,1,6,4,0,4,1
1557,-1,1,6,4,2,1,0
1558,10,1,6,4,1,0,0
1559,1,1,6,4,1,0,1
1560,0,1,6,4,1,4,0
1561,0,1,6,4,0,0,0
1562,0,1,6,4,1,0,2
1563,-1,1,20,1,1,0,0
1564,1,1,20,1,1,0,1
1565,0,1,20,1,1,4,0
1566,0,1,20,1,0,0,0
1567,-1,1,20,1,1,0,2
1568,1,1,8,3,0,4,2
1569,-1,1,8,3,2,1,2
1570,0,1,8,3,2,1,2
1571,1,1,8,3,0,3,2
1572,-1,1,8,3,1,4,2
1573,0,1,8,3,1,4,2
1574,0,1,8,3,2,1,2
1575,1,1,8,3,0,2,2
1576,0,1,8,3,0,4,2
1577,0,1,8,3,1,2,2
1578,0,1,8,3,2,1,1
1579,0,1,8,3,0,4,1
1580,0,1,8,3,0,3,2
1581,0,1,8,3,0,4,2
1582,0,1,8,3,2,1,2
1583,0,1,8,3,0,0,2
1584,1,1,8,3,1,4,1
1585,1,1,8,3,2,1,2
1586,0,1,8,3,0,3,0
1587,-1,1,8,3,1,2,1
1588,0,1,8,3,1,2,2
1589,-1,1,8,3,1,4,1
1590,0,1,8,3,2,1,2
1591,-1,1,8,3,0,4,1
1592,1,1,8,3,2,1,1
1593,0,1,8,3,0,4,1
1594,0,1,8,3,1,4,0
1595,1,1,8,3,0,4,2
1596,0,1,8,3,1,2,1
1597,0,1,8,3,1,4,2
1598,0,1,8,3,0,2,1
1599,1,1,8,3,1,0,0
1600,0,1,8,3,1,4,0
1601,-1,1,8,3,1,4,2
1602,1,1,8,3,1,4,2
1603,0,1,8,3,0,4,2
1604,1,1,8,3,0,3,1
1605,1,1,8,3,1,4,1
1606,-1,1,8,3,1,0,1
1607,0,1,8,3,0,4,1
1608,-1,1,8,3,2,1,0
1609,10,1,8,3,1,0,0
1610,1,1,8,3,1,0,1
1611,1,1,8,3,1,4,0
1612,0,1,8,3,0,0,0
1613,-1,1,8,3,1,0,2
1614,-1,5,8,6,0,4,2
1615,1,5,8,6,1,4,1
1616,-1,5,8,6,0,4,1
1617,0,5,8,6,1,2,2
1618,1,5,8,6,1,4,2
1619,0,5,8,6,0,2,2
1620,0,5,8,6,1,0,1
1621,1,5,8,6,1,4,0
1622,0,5,8,6,1,4,2
1623,1,5,8,6,1,4,2
1624,0,5,8,6,0,4,1
1625,1,5,8,6,0,3,0
1626,0,5,8,6,1,4,1
1627,0,5,8,6,1,0,2
1628,-1,5,8,6,0,4,1
1629,-1,5,8,6,2,1,1
1630,10,5,8,6,1,0,2
1631,1,5,8,6,1,0,1
1632,1,5,8,6,1,4,0
1633,1,5,8,6,0,0,0
1634,-1,5,8,6,1,0,1
1635,0,7,16,5,0,4,2
1636,-1,7,16,5,2,1,2
1637,0,7,16,5,2,1,2
1638,0,7,16,5,0,3,1
1639,0,7,16,5,1,4,1
1640,0,7,16,5,1,4,1
1641,1,7,16,5,2,1,1
1642,1,7,16,5,0,2,2
1643,1,7,16,5,0,4,2
1644,0,7,16,5,1,2,1
1645,0,7,16,5,2,1,2
1646,0,7,16,5,0,4,2
1647,0,7,16,5,0,3,1
1648,0,7,16,5,0,4,2
1649,0,7,16,5,2,1,2
1650,0,7,16,5,0,0,2
1651,1,7,16,5,1,4,2
1652,0,7,16,5,2,1,2
1653,0,7,16,5,0,3,2
1654,0,7,16,5,1,2,2
1655,0,7,16,5,1,2,2
1656,0,7,16,5,1,4,2
1657,-1,7,16,5,2,1,1
1658,0,7,16,5,0,4,0
1659,0,7,16,5,2,1,2
1660,0,7,16,5,0,4,2
1661,-1,7,16,5,1,4,2
1662,1,7,16,5,0,4,1
1663,0,7,16,5,1,2,2
1664,1,7,16,5,1,4,2
1665,0,7,16,5,0,2,2
1666,0,7,16,5,1,0,2
1667,0,7,16,5,1,4,0
1668,0,7,16,5,1,4,2
1669,0,7,16,5,1,4,1
1670,1,7,16,5,0,4,1
1671,1,7,16,5,0,3,1
1672,0,7,16,5,1,4,0
1673,0,7,16,5,1,0,0
1674,0,7,16,5,0,4,2
1675,-1,7,16,5,2,1,0
1676,1,7,16,5,1,0,0
1677,1,7,16,5,1,0,2
1678,0,7,16,5,1,4,2
1679,0,7,16,5,0,0,0
1680,-1,7,16,5,1,0,0
1723,-1,5,23,5,0,4,2
1724,0,5,23,5,2,1,2
1725,0,5,23,5,2,1,2
1726,0,5,23,5,0,3,1
1727,-1,5,23,5,1,4,2
1728,1,5,23,5,1,4,2
1729,1,5,23,5,2,1,2
1730,0,5,23,5,0,2,2
1731,0,5,23,5,0,4,2
1732,0,5,23,5,1,2,1
1733,-1,5,23,5,2,1,2
1734,0,5,23,5,0,4,1
1735,1,5,23,5,0,3,1
1736,-1,5,23,5,0,4,1
1737,0,5,23,5,2,1,2
1738,-1,5,23,5,0,0,2
1739,0,5,23,5,1,4,2
1740,-1,5,23,5,2,1,2
1741,1,5,23,5,0,3,1
1742,1,5,23,5,1,2,1
1743,0,5,23,5,1,2,2
1744,0,5,23,5,1,4,2
1745,0,5,23,5,2,1,2
1746,-1,5,23,5,0,4,2
1747,1,5,23,5,2,1,2
1748,-1,5,23,5,0,4,2
1749,0,5,23,5,1,4,1
1750,1,5,23,5,0,4,1
1751,1,5,23,5,1,2,2
1752,0,5,23,5,1,4,2
1753,0,5,23,5,0,2,2
1754,-1,5,23,5,1,0,1
1755,0,5,23,5,1,4,0
1756,0,5,23,5,1,4,2
1757,1,5,23,5,1,4,2
1758,0,5,23,5,0,4,1
1759,1,5,23,5,0,3,0
1760,-1,5,23,5,1,4,1
1761,-1,5,23,5,1,0,2
1762,0,5,23,5,0,4,1
1763,1,5,23,5,2,1,1
1764,0,5,23,5,1,0,2
1765,-1,5,23,5,1,0,1
1766,1,5,23,5,1,4,0
1767,0,5,23,5,0,0,0
1768,-1,5,23,5,1,0,1
1769,0,9,13,2,0,4,2
1770,0,9,13,2,2,1,2
1771,1,9,13,2,2,1,0
1772,0,9,13,2,0,3,0
1773,0,9,13,2,1,4,2
1774,1,9,13,2,1,4,2
1775,0,9,13,2,2,1,2
1776,0,9,13,2,0,2,2
1777,0,9,13,2,0,4,2
1778,0,9,13,2,1,2,2
1779,0,9,13,2,2,1,2
1780,-1,9,13,2,0,4,2
1781,0,9,13,2,0,3,2
1782,-1,9,13,2,0,4,2
1783,0,9,13,2,2,1,2
1784,0,9,13,2,0,0,1
1785,0,9,13,2,1,4,0
1786,0,9,13,2,2,1,1
1787,0,9,13,2,0,3,0
1788,0,9,13,2,1,2,2
1789,0,9,13,2,1,2,2
1790,0,9,13,2,1,4,2
1791,0,9,13,2,2,1,2
1792,0,9,13,2,0,4,1
1793,-1,9,13,2,2,1,2
1794,0,9,13,2,0,4,1
1795,0,9,13,2,1,4,2
1796,0,9,13,2,0,4,1
1797,0,9,13,2,1,2,2
1798,0,9,13,2,1,4,2
1799,0,9,13,2,0,2,2
1800,0,9,13,2,1,0,2
1801,0,9,13,2,1,4,1
1802,0,9,13,2,1,4,1
1803,0,9,13,2,1,4,0
1804,0,9,13,2,0,4,0
1805,0,9,13,2,0,3,1
1806,0,9,13,2,1,4,0
1807,-1,9,13,2,1,0,1
1808,0,9,13,2,0,4,2
1809,-1,9,13,2,2,1,0
1810,1,9,13,2,1,0,0
1811,1,9,13,2,1,0,0
1812,0,9,13,2,1,4,2
1813,0,9,13,2,0,0,1
1814,0,9,13,2,1,0,0
1815,-1,4,13,2,1,0,2
1816,0,4,13,2,1,4,1
1817,10,4,13,2,0,0,0
1818,-1,4,13,2,1,0,2
1819,0,6,28,5,0,4,2
1820,1,6,28,5,2,1,1
1821,0,6,28,5,2,1,2
1822,0,6,28,5,0,3,1
1823,0,6,28,5,1,4,2
1824,-1,6,28,5,1,4,2
1825,1,6,28,5,2,1,2
1826,0,6,28,5,0,2,2
1827,0,6,28,5,0,4,1
1828,0,6,28,5,1,2,2
1829,1,6,28,5,2,1,1
1830,0,6,28,5,0,4,1
1831,-1,6,28,5,0,3,1
1832,1,6,28,5,0,4,2
1833,1,6,28,5,2,1,2
1834,0,6,28,5,0,0,2
1835,0,6,28,5,1,4,2
1836,0,6,28,5,2,1,2
1837,-1,6,28,5,0,3,0
1838,1,6,28,5,1,2,1
1839,1,6,28,5,1,2,2
1840,0,6,28,5,1,4,2
1841,0,6,28,5,2,1,2
1842,0,6,28,5,0,4,1
1843,0,6,28,5,2,1,2
1844,0,6,28,5,0,4,2
1845,0,6,28,5,1,4,1
1846,0,6,28,5,0,4,0
1847,0,6,28,5,1,2,2
1848,0,6,28,5,1,4,2
1849,0,6,28,5,0,2,2
1850,0,6,28,5,1,0,1
1851,0,6,28,5,1,4,1
1852,1,6,28,5,1,4,1
1853,1,6,28,5,1,4,2
1854,1,6,28,5,0,4,1
1855,0,6,28,5,0,3,0
1856,0,6,28,5,1,4,0
1857,0,6,28,5,1,0,0
1858,1,6,28,5,0,4,0
1859,-1,6,28,5,2,1,0
1860,1,6,28,5,1,0,1
1861,0,6,28,5,1,0,2
1862,0,6,28,5,1,4,1
1863,0,6,28,5,0,0,0
1864,1,6,28,5,1,0,2
1865,1,5,8,2,0,4,2
1866,1,5,8,2,2,1,2
1867,10,5,8,2,0,4,2
1868,1,5,8,2,1,4,1
1869,-1,5,8,2,0,4,1
1870,-1,5,8,2,1,2,2
1871,1,5,8,2,1,4,2
1872,0,5,8,2,0,2,2
1873,0,5,8,2,1,0,1
1874,0,5,8,2,1,4,0
1875,0,5,8,2,1,4,2
1876,1,5,8,2,1,4,2
1877,0,5,8,2,0,4,1
1878,-1,5,8,2,0,3,0
1879,1,5,8,2,1,4,1
1880,-1,5,8,2,1,0,2
1881,1,5,8,2,0,4,1
1882,-1,5,8,2,2,1,1
1883,-1,5,8,2,1,0,2
1884,0,5,8,2,1,0,1
1885,-1,5,8,2,1,4,0
1886,0,5,8,2,0,0,0
1887,-1,5,8,2,1,0,1
1888,-1,7,13,5,0,4,2
1889,1,7,13,5,2,1,2
1890,1,7,13,5,2,1,2
1891,0,7,13,5,0,3,1
1892,1,7,13,5,1,4,1
1893,0,7,13,5,1,4,1
1894,1,7,13,5,2,1,1
1895,0,7,13,5,0,2,2
1896,0,7,13,5,0,4,2
1897,0,7,13,5,1,2,1
1898,0,7,13,5,2,1,2
1899,1,7,13,5,0,4,2
1900,0,7,13,5,0,3,1
1901,0,7,13,5,0,4,2
1902,0,7,13,5,2,1,2
1903,0,7,13,5,0,0,2
1904,0,7,13,5,1,4,2
1905,0,7,13,5,2,1,2
1906,0,7,13,5,0,3,2
1907,0,7,13,5,1,2,2
1908,0,7,13,5,1,2,2
1909,0,7,13,5,1,4,2
1910,0,7,13,5,2,1,1
1911,1,7,13,5,0,4,0
1912,0,7,13,5,2,1,2
1913,-1,7,13,5,0,4,2
1914,0,7,13,5,1,4,2
1915,0,7,13,5,0,4,1
1916,0,7,13,5,1,2,2
1917,0,7,13,5,1,4,2
1918,0,7,13,5,0,2,2
1919,0,7,13,5,1,0,2
1920,0,7,13,5,1,4,0
1921,0,7,13,5,1,4,2
1922,0,7,13,5,1,4,1
1923,0,7,13,5,0,4,1
1924,0,7,13,5,0,3,1
1925,0,7,13,5,1,4,0
1926,-1,7,13,5,1,0,0
1927,0,7,13,5,0,4,2
1928,-1,7,13,5,2,1,0
1929,10,7,13,5,1,0,0
1930,1,7,13,5,1,0,2
1931,0,7,13,5,1,4,2
1932,1,7,13,5,0,0,0
1933,-1,7,13,5,1,0,0
1934,-1,7,16,0,0,4,2
1935,1,7,16,0,2,1,2
1936,0,7,16,0,2,1,2
1937,0,7,16,0,0,3,1
1938,0,7,16,0,1,4,1
1939,1,7,16,0,1,4,1
1940,1,7,16,0,2,1,1
1941,0,7,16,0,0,2,2
1942,1,7,16,0,0,4,2
1943,1,7,16,0,1,2,1
1944,0,7,16,0,2,1,2
1945,1,7,16,0,0,4,2
1946,1,7,16,0,0,3,1
1947,0,7,16,0,0,4,2
1948,0,7,16,0,2,1,2
1949,0,7,16,0,0,0,2
1950,0,7,16,0,1,4,2
1951,0,7,16,0,2,1,2
1952,0,7,16,0,0,3,2
1953,0,7,16,0,1,2,2
1954,0,7,16,0,1,2,2
1955,0,7,16,0,1,4,2
1956,0,7,16,0,2,1,1
1957,0,7,16,0,0,4,0
1958,0,7,16,0,2,1,2
1959,0,7,16,0,0,4,2
1960,0,7,16,0,1,4,2
1961,0,7,16,0,0,4,1
1962,0,7,16,0,1,2,2
1963,0,7,16,0,1,4,2
1964,0,7,16,0,0,2,2
1965,0,7,16,0,1,0,2
1966,0,7,16,0,1,4,0
1967,0,7,16,0,1,4,2
1968,1,7,16,0,1,4,1
1969,1,7,16,0,0,4,1
1970,1,7,16,0,0,3,1
1971,0,7,16,0,1,4,0
1972,0,7,16,0,1,0,0
1973,0,7,16,0,0,4,2
1974,-1,7,16,0,2,1,0
1975,1,7,16,0,1,0,0
1976,-1,7,16,0,1,0,2
1977,0,7,16,0,1,4,2
1978,0,7,16,0,0,0,0
1979,0,7,16,0,1,0,0
1980,1,1,28,5,0,4,2
1981,0,1,28,5,2,1,2
1982,-1,1,28,5,2,1,2
1983,1,1,28,5,0,3,2
1984,0,1,28,5,1,4,2
1985,0,1,28,5,1,4,2
1986,0,1,28,5,2,1,2
1987,1,1,28,5,0,2,2
1988,0,1,28,5,0,4,2
1989,0,1,28,5,1,2,2
1990,0,1,28,5,2,1,1
1991,0,1,28,5,0,4,1
1992,0,1,28,5,0,3,2
1993,0,1,28,5,0,4,2
1994,0,1,28,5,2,1,2
1995,0,1,28,5,0,0,2
1996,0,1,28,5,1,4,1
1997,0,1,28,5,2,1,2
1998,0,1,28,5,0,3,0
1999,0,1,28,5,1,2,1
2000,0,1,28,5,1,2,2
2001,0,1,28,5,1,4,1
2002,0,1,28,5,2,1,2
2003,0,1,28,5,0,4,1
2004,0,1,28,5,2,1,1
2005,0,1,28,5,0,4,1
2006,1,1,28,5,1,4,0
2007,0,1,28,5,0,4,2
2008,0,1,28,5,1,2,1
2009,0,1,28,5,1,4,2
2010,0,1,28,5,0,2,1
2011,0,1,28,5,1,0,0
2012,0,1,28,5,1,4,0
2013,0,1,28,5,1,4,2
2014,0,1,28,5,1,4,2
2015,0,1,28,5,0,4,2
2016,0,1,28,5,0,3,1
2017,-1,1,28,5,1,4,1
2018,0,1,28,5,1,0,1
2019,0,1,28,5,0,4,1
2020,0,1,28,5,2,1,0
2021,0,1,28,5,1,0,0
2022,0,1,28,5,1,0,1
2023,0,1,28,5,1,4,0
2024,0,1,28,5,0,0,0
2025,0,1,28,5,1,0,2
2026,0,6,28,5,0,4,2
2027,0,6,28,5,2,1,1
2028,0,6,28,5,2,1,2
2029,0,6,28,5,0,3,1
2030,-1,6,28,5,1,4,2
2031,-1,6,28,5,1,4,2
2032,1,6,28,5,2,1,2
2033,0,6,28,5,0,2,2
2034,1,6,28,5,0,4,1
2035,0,6,28,5,1,2,2
2036,0,6,28,5,2,1,1
2037,0,6,28,5,0,4,1
2038,0,6,28,5,0,3,1
2039,1,6,28,5,0,4,2
2040,0,6,28,5,2,1,2
2041,0,6,28,5,0,0,2
2042,0,6,28,5,1,4,2
2043,0,6,28,5,2,1,2
2044,0,6,28,5,0,3,0
2045,0,6,28,5,1,2,1
2046,0,6,28,5,1,2,2
2047,0,6,28,5,1,4,2
2048,1,6,28,5,2,1,2
2049,0,6,28,5,0,4,1
2050,-1,6,28,5,2,1,2
2051,0,6,28,5,0,4,2
2052,0,6,28,5,1,4,1
2053,0,6,28,5,0,4,0
2054,0,6,28,5,1,2,2
2055,0,6,28,5,1,4,2
2056,0,6,28,5,0,2,2
2057,-1,6,28,5,1,0,1
2058,1,6,28,5,1,4,1
2059,0,6,28,5,1,4,1
2060,0,6,28,5,1,4,2
2061,0,6,28,5,0,4,1
2062,0,6,28,5,0,3,0
2063,0,6,28,5,1,4,0
2064,0,6,28,5,1,0,0
2065,0,6,28,5,0,4,0
2066,0,6,28,5,2,1,0
2067,1,6,28,5,1,0,1
2068,-1,6,28,5,1,0,2
2069,0,6,28,5,1,4,1
2070,0,6,28,5,0,0,0
2071,0,6,28,5,1,0,2
2110,1,6,28,5,0,4,2
2111,-1,6,28,5,2,1,1
2112,1,6,28,5,2,1,2
2113,0,6,28,5,0,3,1
2114,1,6,28,5,1,4,2
2115,1,6,28,5,1,4,2
2116,0,6,28,5,2,1,2
2117,0,6,28,5,0,2,2
2118,1,6,28,5,0,4,1
2119,10,6,28,5,1,2,2
2120,1,6,28,5,2,1,1
2121,1,6,28,5,0,4,1
2122,0,6,28,5,0,3,1
2123,-1,6,28,5,0,4,2
2124,-1,6,28,5,2,1,2
2125,1,6,28,5,0,0,2
2126,0,6,28,5,1,4,2
2127,0,6,28,5,2,1,2
2128,0,6,28,5,0,3,0
2129,1,6,28,5,1,2,1
2130,-1,6,28,5,1,2,2
2131,1,6,28,5,1,4,2
2132,0,6,28,5,2,1,2
2133,1,6,28,5,0,4,1
2134,0,6,28,5,2,1,2
2135,0,6,28,5,0,4,2
2136,1,6,28,5,1,4,1
2137,0,6,28,5,0,4,0
2138,-1,6,28,5,1,2,2
2139,1,6,28,5,1,4,2
2140,-1,6,28,5,0,2,2
2141,0,6,28,5,1,0,1
2142,0,6,28,5,1,4,1
2143,-1,6,28,5,1,4,1
2144,0,6,28,5,1,4,2
2145,0,6,28,5,0,4,1
2146,1,6,28,5,0,3,0
2147,-1,6,28,5,1,4,0
2148,0,6,28,5,1,0,0
2149,1,6,28,5,0,4,0
2150,0,6,28,5,2,1,0
2151,1,6,28,5,1,0,1
2152,0,6,28,5,1,0,2
2153,0,6,28,5,1,4,1
2154,0,6,28,5,0,0,0
2155,0,6,28,5,1,0,2
2156,1,7,16,0,0,4,2
2157,1,7,16,0,2,1,2
2158,-1,7,16,0,2,1,2
2159,1,7,16,0,0,3,1
2160,-1,7,16,0,1,4,1
2161,0,7,16,0,1,4,1
2162,1,7,16,0,2,1,1
2163,1,7,16,0,0,2,2
2164,0,7,16,0,0,4,2
2165,0,7,16,0,1,2,1
2166,0,7,16,0,2,1,2
2167,0,7,16,0,0,4,2
2168,0,7,16,0,0,3,1
2169,0,7,16,0,0,4,2
2170,0,7,16,0,2,1,2
2171,0,7,16,0,0,0,2
2172,0,7,16,0,1,4,2
2173,0,7,16,0,2,1,2
2174,0,7,16,0,0,3,2
2175,0,7,16,0,1,2,2
2176,0,7,16,0,1,2,2
2177,-1,7,16,0,1,4,2
2178,0,7,16,0,2,1,1
2179,0,7,16,0,0,4,0
2180,0,7,16,0,2,1,2
2181,0,7,16,0,0,4,2
2182,0,7,16,0,1,4,2
2183,0,7,16,0,0,4,1
2184,0,7,16,0,1,2,2
2185,0,7,16,0,1,4,2
2186,0,7,16,0,0,2,2
2187,0,7,16,0,1,0,2
2188,0,7,16,0,1,4,0
2189,0,7,16,0,1,4,2
2190,1,7,16,0,1,4,1
2191,1,7,16,0,0,4,1
2192,1,7,16,0,0,3,1
2193,0,7,16,0,1,4,0
2194,0,7,16,0,1,0,0
2195,0,7,16,0,0,4,2
2196,-1,7,16,0,2,1,0
2197,1,7,16,0,1,0,0
2198,-1,7,16,0,1,0,2
2199,0,7,16,0,1,4,2
2200,1,7,16,0,0,0,0
2201,0,7,16,0,1,0,0
2202,0,7,13,2,0,4,2
2203,0,7,13,2,2,1,2
2204,0,7,13,2,2,1,2
2205,-1,7,13,2,0,3,1
2206,0,7,13,2,1,4,1
2207,0,7,13,2,1,4,1
2208,0,7,13,2,2,1,1
2209,-1,7,13,2,0,2,2
2210,1,7,13,2,0,4,2
2211,0,7,13,2,1,2,1
2212,1,7,13,2,2,1,2
2213,1,7,13,2,0,4,2
2214,0,7,13,2,0,3,1
2215,-1,7,13,2,0,4,2
2216,0,7,13,2,2,1,2
2217,1,7,13,2,0,0,2
2218,0,7,13,2,1,4,2
2219,0,7,13,2,2,1,2
2220,0,7,13,2,0,3,2
2221,0,7,13,2,1,2,2
2222,0,7,13,2,1,2,2
2223,0,7,13,2,1,4,2
2224,0,7,13,2,2,1,1
2225,0,7,13,2,0,4,0
2226,0,7,13,2,2,1,2
2227,0,7,13,2,0,4,2
2228,0,7,13,2,1,4,2
2229,0,7,13,2,0,4,1
2230,0,7,13,2,1,2,2
2231,1,7,13,2,1,4,2
2232,0,7,13,2,0,2,2
2233,0,7,13,2,1,0,2
2234,0,7,13,2,1,4,0
2235,0,7,13,2,1,4,2
2236,0,7,13,2,1,4,1
2237,0,7,13,2,0,4,1
2238,0,7,13,2,0,3,1
2239,0,7,13,2,1,4,0
2240,1,7,13,2,1,0,0
2241,1,7,13,2,0,4,2
2242,-1,7,13,2,2,1,0
2243,1,7,13,2,1,0,0
2244,-1,7,13,2,1,0,2
2245,0,7,13,2,1,4,2
2246,0,7,13,2,0,0,0
2247,0,7,13,2,1,0,0
2248,0,6,6,2,0,4,2
2249,1,6,6,2,2,1,1
2250,1,6,6,2,2,1,2
2251,0,6,6,2,0,3,1
2252,0,6,6,2,1,4,2
2253,1,6,6,2,1,4,2
2254,1,6,6,2,2,1,2
2255,-1,6,6,2,0,2,2
2256,0,6,6,2,0,4,1
2257,0,6,6,2,1,2,2
2258,0,6,6,2,2,1,1
2259,1,6,6,2,0,4,1
2260,-1,6,6,2,0,3,1
2261,0,6,6,2,0,4,2
2262,0,6,6,2,2,1,2
2263,-1,6,6,2,0,0,2
2264,-1,6,6,2,1,4,2
2265,0,6,6,2,2,1,2
2266,0,6,6,2,0,3,0
2267,0,6,6,2,1,2,1
2268,0,6,6,2,1,2,2
2269,0,6,6,2,1,4,2
2270,0,6,6,2,2,1,2
2271,-1,6,6,2,0,4,1
2272,-1,6,6,2,2,1,2
2273,0,6,6,2,0,4,2
2274,0,6,6,2,1,4,1
2275,0,6,6,2,0,4,0
2276,-1,6,6,2,1,2,2
2277,10,6,6,2,1,4,2
2278,0,6,6,2,0,2,2
2279,0,6,6,2,1,0,1
2280,0,6,6,2,1,4,1
2281,-1,6,6,2,1,4,1
2282,0,6,6,2,1,4,2
2283,-1,6,6,2,0,4,1
2284,1,6,6,2,0,3,0
2285,0,6,6,2,1,4,0
2286,0,6,6,2,1,0,0
2287,0,6,6,2,0,4,0
2288,-1,6,6,2,2,1,0
2289,1,6,6,2,1,0,1
2290,1,6,6,2,1,0,2
2291,1,6,6,2,1,4,1
2292,-1,6,6,2,0,0,0
2293,-1,6,6,2,1,0,2
2294,0,7,16,5,0,4,2
2295,1,7,16,5,2,1,2
2296,0,7,16,5,2,1,2
2297,0,7,16,5,0,3,1
2298,0,7,16,5,1,4,1
2299,0,7,16,5,1,4,1
2300,0,7,16,5,2,1,1
2301,0,7,16,5,0,2,2
2302,0,7,16,5,0,4,2
2303,0,7,16,5,1,2,1
2304,0,7,16,5,2,1,2
2305,0,7,16,5,0,4,2
2306,0,7,16,5,0,3,1
2307,0,7,16,5,0,4,2
2308,-1,7,16,5,2,1,2
2309,0,7,16,5,0,0,2
2310,0,7,16,5,1,4,2
2311,0,7,16,5,2,1,2
2312,0,7,16,5,0,3,2
2313,0,7,16,5,1,2,2
2314,0,7,16,5,1,2,2
2315,0,7,16,5,1,4,2
2316,0,7,16,5,2,1,1
2317,0,7,16,5,0,4,0
2318,0,7,16,5,2,1,2
2319,0,7,16,5,0,4,2
2320,0,7,16,5,1,4,2
2321,0,7,16,5,0,4,1
2322,0,7,16,5,1,2,2
2323,0,7,16,5,1,4,2
2324,0,7,16,5,0,2,2
2325,-1,7,16,5,1,0,2
2326,0,7,16,5,1,4,0
2327,0,7,16,5,1,4,2
2328,0,7,16,5,1,4,1
2329,1,7,16,5,0,4,1
2330,0,7,16,5,0,3,1
2331,1,7,16,5,1,4,0
2332,-1,7,16,5,1,0,0
2333,0,7,16,5,0,4,2
2334,-1,7,16,5,2,1,0
2335,1,7,16,5,1,0,0
2336,1,7,16,5,1,0,2
2337,0,7,16,5,1,4,2
2338,1,7,16,5,0,0,0
2339,-1,7,16,5,1,0,0
2340,0,6,6,4,1,0,0
2341,1,6,6,4,0,4,0
2342,-1,6,6,4,2,1,0
2343,-10,6,6,4,1,0,1
2344,10,6,6,4,0,0,0
2345,-1,6,6,4,1,0,2
2346,0,7,13,2,0,4,2
2347,0,7,13,2,2,1,2
2348,0,7,13,2,2,1,2
2349,1,7,13,2,0,3,1
2350,1,7,13,2,1,4,1
2351,0,7,13,2,1,4,1
2352,1,7,13,2,2,1,1
2353,1,7,13,2,0,2,2
2354,0,7,13,2,0,4,2
2355,0,7,13,2,1,2,1
2356,0,7,13,2,2,1,2
2357,0,7,13,2,0,4,2
2358,0,7,13,2,0,3,1
2359,0,7,13,2,0,4,2
2360,0,7,13,2,2,1,2
2361,0,7,13,2,0,0,2
2362,0,7,13,2,1,4,2
2363,0,7,13,2,2,1,2
2364,0,7,13,2,0,3,2
2365,0,7,13,2,1,2,2
2366,-1,7,13,2,1,2,2
2367,0,7,13,2,1,4,2
2368,-1,7,13,2,2,1,1
2369,0,7,13,2,0,4,0
2370,0,7,13,2,2,1,2
2371,0,7,13,2,0,4,2
2372,0,7,13,2,1,4,2
2373,-1,7,13,2,0,4,1
2374,0,7,13,2,1,2,2
2375,0,7,13,2,1,4,2
2376,0,7,13,2,0,2,2
2377,0,7,13,2,1,0,2
2378,0,7,13,2,1,4,0
2379,0,7,13,2,1,4,2
2380,0,7,13,2,1,4,1
2381,1,7,13,2,0,4,1
2382,0,7,13,2,0,3,1
2383,0,7,13,2,1,4,0
2384,-1,7,13,2,1,0,0
2385,0,7,13,2,0,4,2
2386,-1,7,13,2,2,1,0
2387,1,7,13,2,1,0,0
2388,1,7,13,2,1,0,2
2389,1,7,13,2,1,4,2
2390,0,7,13,2,0,0,0
2391,-1,7,13,2,1,0,0
2392,0,6,13,3,0,4,2
2393,0,6,13,3,2,1,1
2394,0,6,13,3,2,1,2
2395,0,6,13,3,0,3,1
2396,0,6,13,3,1,4,2
2397,0,6,13,3,1,4,2
2398,0,6,13,3,2,1,2
2399,0,6,13,3,0,2,2
2400,0,6,13,3,0,4,1
2401,0,6,13,3,1,2,2
2402,0,6,13,3,2,1,1
2403,0,6,13,3,0,4,1
2404,0,6,13,3,0,3,1
2405,-1,6,13,3,0,4,2
2406,0,6,13,3,2,1,2
2407,0,6,13,3,0,0,2
2408,0,6,13,3,1,4,2
2409,-1,6,13,3,2,1,2
2410,0,6,13,3,0,3,0
2411,1,6,13,3,1,2,1
2412,0,6,13,3,1,2,2
2413,0,6,13,3,1,4,2
2414,0,6,13,3,2,1,2
2415,0,6,13,3,0,4,1
2416,0,6,13,3,2,1,2
2417,0,6,13,3,0,4,2
2418,0,6,13,3,1,4,1
2419,0,6,13,3,0,4,0
2420,0,6,13,3,1,2,2
2421,0,6,13,3,1,4,2
2422,0,6,13,3,0,2,2
2423,0,6,13,3,1,0,1
2424,0,6,13,3,1,4,1
2425,0,6,13,3,1,4,1
2426,0,6,13,3,1,4,2
2427,0,6,13,3,0,4,1
2428,0,6,13,3,0,3,0
2429,0,6,13,3,1,4,0
2430,-1,6,13,3,1,0,0
2431,0,6,13,3,0,4,0
2432,-1,6,13,3,2,1,0
2433,1,6,13,3,1,0,1
2434,1,6,13,3,1,0,2
2435,0,6,13,3,1,4,1
2436,-1,6,13,3,0,0,0
2437,0,6,13,3,1,0,2
2438,-1,1,13,4,0,4,2
2439,-1,1,13,4,2,1,2
2440,-1,1,13,4,2,1,2
2441,1,1,13,4,0,3,2
2442,-1,1,13,4,1,4,2
2443,1,1,13,4,1,4,2
2444,10,1,13,4,2,1,2
2445,1,1,13,4,0,2,2
2446,0,1,13,4,0,4,2
2447,1,1,13,4,1,2,2
2448,0,1,13,4,2,1,1
2449,0,1,13,4,0,4,1
2450,0,1,13,4,0,3,2
2451,0,1,13,4,0,4,2
2452,0,1,13,4,2,1,2
2453,0,1,13,4,0,0,2
2454,0,1,13,4,1,4,1
2455,0,1,13,4,2,1,2
2456,0,1,13,4,0,3,0
2457,0,1,13,4,1,2,1
2458,0,1,13,4,1,2,2
2459,-1,1,13,4,1,4,1
2460,-1,1,13,4,2,1,2
2461,0,1,13,4,0,4,1
2462,0,1,13,4,2,1,1
2463,1,1,13,4,0,4,1
2464,0,1,13,4,1,4,0
2465,0,1,13,4,0,4,2
2466,0,1,13,4,1,2,1
2467,0,1,13,4,1,4,2
2468,0,1,13,4,0,2,1
2469,0,1,13,4,1,0,0
2470,-1,1,13,4,1,4,0
2471,-1,1,13,4,1,4,2
2472,10,1,13,4,1,4,2
2473,0,1,13,4,0,4,2
2474,0,1,13,4,0,3,1
2475,0,1,13,4,1,4,1
2476,0,1,13,4,1,0,1
2477,0,1,13,4,0,4,1
2478,-1,1,13,4,2,1,0
2479,10,1,13,4,1,0,0
2480,10,1,13,4,1,0,1
2481,1,1,13,4,1,4,0
2482,0,1,13,4,0,0,0
2483,0,1,13,4,1,0,2
2484,0,6,30,1,0,4,2
2485,-1,6,30,1,2,1,1
2486,1,6,30,1,2,1,2
2487,0,6,30,1,0,3,1
2488,0,6,30,1,1,4,2
2489,0,6,30,1,1,4,2
2490,-1,6,30,1,2,1,2
2491,0,6,30,1,0,2,2
2492,-1,6,30,1,0,4,1
2493,0,6,30,1,1,2,2
2494,1,6,30,1,2,1,1
2495,1,6,30,1,0,4,1
2496,-1,6,30,1,0,3,1
2497,1,6,30,1,0,4,2
2498,1,6,30,1,2,1,2
2499,-1,6,30,1,0,0,2
2500,-1,6,30,1,1,4,2
2501,0,6,30,1,2,1,2
2502,0,6,30,1,0,3,0
2503,0,6,30,1,1,2,1
2504,1,6,30,1,1,2,2
2505,0,6,30,1,1,4,2
2506,-1,6,30,1,2,1,2
2507,1,6,30,1,0,4,1
2508,1,6,30,1,2,1,2
2509,-1,6,30,1,0,4,2
2510,0,6,30,1,1,4,1
2511,1,6,30,1,0,4,0
2512,-1,6,30,1,1,2,2
2513,0,6,30,1,1,4,2
2514,-1,6,30,1,0,2,2
2515,-1,6,30,1,1,0,1
2516,0,6,30,1,1,4,1
2517,-1,6,30,1,1,4,1
2518,0,6,30,1,1,4,2
2519,1,6,30,1,0,4,1
2520,0,6,30,1,0,3,0
2521,0,6,30,1,1,4,0
2522,1,6,30,1,1,0,0
2523,0,6,30,1,0,4,0
2524,1,6,30,1,2,1,0
2525,0,6,30,1,1,0,1
2526,-1,6,30,1,1,0,2
2527,0,6,30,1,1,4,1
2528,-1,6,30,1,0,0,0
2529,1,6,30,1,1,0,2
2530,1,7,13,1,0,4,2
2531,0,7,13,1,2,1,2
2532,0,7,13,1,2,1,2
2533,-1,7,13,1,0,3,1
2534,0,7,13,1,1,4,1
2535,0,7,13,1,1,4,1
2536,1,7,13,1,2,1,1
2537,0,7,13,1,0,2,2
2538,1,7,13,1,0,4,2
2539,0,7,13,1,1,2,1
2540,-1,7,13,1,2,1,2
2541,0,7,13,1,0,4,2
2542,-1,7,13,1,0,3,1
2543,1,7,13,1,0,4,2
2544,1,7,13,1,2,1,2
2545,-1,7,13,1,0,0,2
2546,0,7,13,1,1,4,2
2547,1,7,13,1,2,1,2
2548,0,7,13,1,0,3,2
2549,0,7,13,1,1,2,2
2550,0,7,13,1,1,2,2
2551,1,7,13,1,1,4,2
2552,-1,7,13,1,2,1,1
2553,0,7,13,1,0,4,0
2554,0,7,13,1,2,1,2
2555,0,7,13,1,0,4,2
2556,0,7,13,1,1,4,2
2557,0,7,13,1,0,4,1
2558,0,7,13,1,1,2,2
2559,0,7,13,1,1,4,2
2560,0,7,13,1,0,2,2
2561,0,7,13,1,1,0,2
2562,1,7,13,1,1,4,0
2563,-1,7,13,1,1,4,2
2564,1,7,13,1,1,4,1
2565,0,7,13,1,0,4,1
2566,1,7,13,1,0,3,1
2567,0,7,13,1,1,4,0
2568,-1,7,13,1,1,0,0
2569,-1,7,13,1,0,4,2
2570,1,7,13,1,2,1,0
2571,0,7,13,1,1,0,0
2572,-1,7,13,1,1,0,2
2573,-1,7,13,1,1,4,2
2574,1,7,13,1,0,0,0
2575,0,7,13,1,1,0,0
2576,0,9,13,2,1,4,0
2577,1,9,13,2,0,4,0
2578,1,9,13,2,0,3,1
2579,-1,9,13,2,1,4,0
2580,-1,9,13,2,1,0,1
2581,1,9,13,2,0,4,2
2582,-1,9,13,2,2,1,0
2583,1,9,13,2,1,0,0
2584,1,9,13,2,1,0,0
2585,0,9,13,2,1,4,2
2586,10,9,13,2,0,0,1
2587,1,9,13,2,1,0,0
2588,0,7,8,5,0,4,2
2589,1,7,8,5,2,1,2
2590,0,7,8,5,2,1,2
2591,0,7,8,5,0,3,1
2592,0,7,8,5,1,4,1
2593,-1,7,8,5,1,4,1
2594,1,7,8,5,2,1,1
2595,1,7,8,5,0,2,2
2596,1,7,8,5,0,4,2
2597,1,7,8,5,1,2,1
2598,-1,7,8,5,2,1,2
2599,0,7,8,5,0,4,2
2600,0,7,8,5,0,3,1
2601,0,7,8,5,0,4,2
2602,1,7,8,5,2,1,2
2603,0,7,8,5,0,0,2
2604,0,7,8,5,1,4,2
2605,1,7,8,5,2,1,2
2606,-1,7,8,5,0,3,2
2607,0,7,8,5,1,2,2
2608,0,7,8,5,1,2,2
2609,-1,7,8,5,1,4,2
2610,1,7,8,5,2,1,1
2611,0,7,8,5,0,4,0
2612,-1,7,8,5,2,1,2
2613,-1,7,8,5,0,4,2
2614,-1,7,8,5,1,4,2
2615,1,7,8,5,0,4,1
2616,-1,7,8,5,1,2,2
2617,0,7,8,5,1,4,2
2618,0,7,8,5,0,2,2
2619,1,7,8,5,1,0,2
2620,0,7,8,5,1,4,0
2621,-1,7,8,5,1,4,2
2622,1,7,8,5,1,4,1
2623,0,7,8,5,0,4,1
2624,1,7,8,5,0,3,1
2625,0,7,8,5,1,4,0
2626,0,7,8,5,1,0,0
2627,-1,7,8,5,0,4,2
2628,-1,7,8,5,2,1,0
2629,10,7,8,5,1,0,0
2630,1,7,8,5,1,0,2
2631,0,7,8,5,1,4,2
2632,0,7,8,5,0,0,0
2633,-1,7,8,5,1,0,0
2634,-1,5,11,3,0,4,2
2635,1,5,11,3,2,1,2
2636,0,5,11,3,2,1,2
2637,0,5,11,3,0,3,1
2638,0,5,11,3,1,4,2
2639,1,5,11,3,1,4,2
2640,1,5,11,3,2,1,2
2641,1,5,11,3,0,2,2
2642,0,5,11,3,0,4,2
2643,0,5,11,3,1,2,1
2644,0,5,11,3,2,1,2
2645,1,5,11,3,0,4,1
2646,0,5,11,3,0,3,1
2647,1,5,11,3,0,4,1
2648,0,5,11,3,2,1,2
2649,-1,5,11,3,0,0,2
2650,-1,5,11,3,1,4,2
2651,0,5,11,3,2,1,2
2652,0,5,11,3,0,3,1
2653,-1,5,11,3,1,2,1
2654,1,5,11,3,1,2,2
2655,1,5,11,3,1,4,2
2656,0,5,11,3,2,1,2
2657,1,5,11,3,0,4,2
2658,0,5,11,3,2,1,2
2659,0,5,11,3,0,4,2
2660,0,5,11,3,1,4,1
2661,0,5,11,3,0,4,1
2662,0,5,11,3,1,2,2
2663,0,5,11,3,1,4,2
2664,0,5,11,3,0,2,2
2665,-1,5,11,3,1,0,1
2666,0,5,11,3,1,4,0
2667,1,5,11,3,1,4,2
2668,-1,5,11,3,1,4,2
2669,1,5,11,3,0,4,1
2670,1,5,11,3,0,3,0
2671,-1,5,11,3,1,4,1
2672,-1,5,11,3,1,0,2
2673,-1,5,11,3,0,4,1
2674,-1,5,11,3,2,1,1
2675,0,5,11,3,1,0,2
2676,0,5,11,3,1,0,1
2677,-1,5,11,3,1,4,0
2678,-1,5,11,3,0,0,0
2679,1,5,11,3,1,0,1
2680,1,9,16,0,0,4,2
2681,-1,9,16,0,2,1,2
2682,1,9,16,0,2,1,0
2683,1,9,16,0,0,3,0
2684,0,9,16,0,1,4,2
2685,-1,9,16,0,1,4,2
2686,0,9,16,0,2,1,2
2687,0,9,16,0,0,2,2
2688,0,9,16,0,0,4,2
2689,0,9,16,0,1,2,2
2690,0,9,16,0,2,1,2
2691,0,9,16,0,0,4,2
2692,1,9,16,0,0,3,2
2693,0,9,16,0,0,4,2
2694,0,9,16,0,2,1,2
2695,10,9,16,0,0,0,1
2696,0,9,16,0,1,4,0
2697,0,9,16,0,2,1,1
2698,1,9,16,0,0,3,0
2699,0,9,16,0,1,2,2
2700,-1,9,16,0,1,2,2
2701,0,9,16,0,1,4,2
2702,1,9,16,0,2,1,2
2703,0,9,16,0,0,4,1
2704,0,9,16,0,2,1,2
2705,-1,9,16,0,0,4,1
2706,-1,9,16,0,1,4,2
2707,0,9,16,0,0,4,1
2708,0,9,16,0,1,2,2
2709,0,9,16,0,1,4,2
2710,-1,9,16,0,0,2,2
2711,-1,9,16,0,1,0,2
2712,0,9,16,0,1,4,1
2713,-1,9,16,0,1,4,1
2714,1,9,16,0,1,4,0
2715,0,9,16,0,0,4,0
2716,1,9,16,0,0,3,1
2717,0,9,16,0,1,4,0
2718,0,9,16,0,1,0,1
2719,1,9,16,0,0,4,2
2720,-1,9,16,0,2,1,0
2721,1,9,16,0,1,0,0
2722,0,9,16,0,1,0,0
2723,0,9,16,0,1,4,2
2724,-1,9,16,0,0,0,1
2725,-1,9,16,0,1,0,0
2726,10,6,6,3,1,4,2
2727,1,6,6,3,2,1,2
2728,0,6,6,3,0,3,0
2729,-1,6,6,3,1,2,1
2730,-1,6,6,3,1,2,2
2731,1,6,6,3,1,4,2
2732,0,6,6,3,2,1,2
2733,-1,6,6,3,0,4,1
2734,-1,6,6,3,2,1,2
2735,1,6,6,3,0,4,2
2736,0,6,6,3,1,4,1
2737,1,6,6,3,0,4,0
2738,0,6,6,3,1,2,2
2739,0,6,6,3,1,4,2
2740,0,6,6,3,0,2,2
2741,0,6,6,3,1,0,1
2742,0,6,6,3,1,4,1
2743,0,6,6,3,1,4,1
2744,1,6,6,3,1,4,2
2745,-1,6,6,3,0,4,1
2746,1,6,6,3,0,3,0
2747,0,6,6,3,1,4,0
2748,-1,6,6,3,1,0,0
2749,0,6,6,3,0,4,0
2750,-1,6,6,3,2,1,0
2751,0,6,6,3,1,0,1
2752,-1,6,6,3,1,0,2
2753,10,6,6,3,1,4,1
2754,0,6,6,3,0,0,0
2755,-1,6,6,3,1,0,2
2756,10,4,13,3,0,3,1
2757,1,4,13,3,1,4,0
2758,10,4,13,3,1,0,1
2759,-1,4,13,3,0,4,0
2760,-1,4,13,3,2,1,1
2761,10,4,13,3,1,0,1
2762,-1,4,13,3,1,0,2
2763,0,4,13,3,1,4,1
2764,1,4,13,3,0,0,0
2765,0,4,13,3,1,0,2
2766,1,6,20,5,2,1,1
2767,1,6,20,5,2,1,2
2768,1,6,20,5,0,3,1
2769,-1,6,20,5,1,4,2
2770,1,6,20,5,1,4,2
2771,1,6,20,5,2,1,2
2772,0,6,20,5,0,2,2
2773,1,6,20,5,0,4,1
2774,0,6,20,5,1,2,2
2775,0,6,20,5,2,1,1
2776,0,6,20,5,0,4,1
2777,1,6,20,5,0,3,1
2778,1,6,20,5,0,4,2
2779,1,6,20,5,2,1,2
2780,0,6,20,5,0,0,2
2781,0,6,20,5,1,4,2
2782,-1,6,20,5,2,1,2
2783,0,6,20,5,0,3,0
2784,0,6,20,5,1,2,1
2785,0,6,20,5,1,2,2
2786,0,6,20,5,1,4,2
2787,0,6,20,5,2,1,2
2788,0,6,20,5,0,4,1
2789,0,6,20,5,2,1,2
2790,0,6,20,5,0,4,2
2791,1,6,20,5,1,4,1
2792,0,6,20,5,0,4,0
2793,0,6,20,5,1,2,2
2794,0,6,20,5,1,4,2
2795,0,6,20,5,0,2,2
2796,0,6,20,5,1,0,1
2797,0,6,20,5,1,4,1
2798,0,6,20,5,1,4,1
2799,0,6,20,5,1,4,2
2800,0,6,20,5,0,4,1
2801,-1,6,20,5,0,3,0
2802,0,6,20,5,1,4,0
2803,0,6,20,5,1,0,0
2804,1,6,20,5,0,4,0
2805,0,6,20,5,2,1,0
2806,0,6,20,5,1,0,1
2807,0,6,20,5,1,0,2
2808,-1,6,20,5,1,4,1
2809,0,6,20,5,0,0,0
2810,0,6,20,5,1,0,2
2811,0,0,8,5,0,4,2
2812,1,0,8,5,2,1,2
2813,1,0,8,5,2,1,2
2814,0,0,8,5,0,3,2
2815,0,0,8,5,1,4,2
2816,0,0,8,5,1,4,2
2817,-1,0,8,5,2,1,2
2818,1,0,8,5,0,2,2
2819,-1,0,8,5,0,4,2
2820,0,0,8,5,1,2,2
2821,0,0,8,5,2,1,2
2822,0,0,8,5,0,4,2
2823,1,0,8,5,0,3,2
2824,0,0,8,5,0,4,2
2825,-1,0,8,5,2,1,2
2826,1,0,8,5,0,0,2
2827,-1,0,8,5,1,4,2
2828,10,0,8,5,2,1,2
2829,0,0,8,5,0,3,2
2830,0,0,8,5,1,2,2
2831,1,0,8,5,1,2,2
2832,1,0,8,5,1,4,2
2833,-1,0,8,5,2,1,2
2834,-1,0,8,5,0,4,2
2835,0,0,8,5,2,1,2
2836,0,0,8,5,0,4,2
2837,0,0,8,5,1,4,2
2838,0,0,8,5,0,4,2
2839,1,0,8,5,1,2,2
2840,1,0,8,5,1,4,2
2841,0,0,8,5,0,2,2
2842,0,0,8,5,1,0,2
2843,1,0,8,5,1,4,2
2844,0,0,8,5,1,4,2
2845,0,0,8,5,1,4,2
2846,0,0,8,5,0,4,2
2847,0,0,8,5,0,3,2
2848,0,0,8,5,1,4,2
2849,0,0,8,5,1,0,2
2850,1,0,8,5,0,4,2
2851,0,0,8,5,2,1,2
2852,0,0,8,5,1,0,2
2853,-1,0,8,5,1,0,2
2854,0,0,8,5,1,4,2
2855,0,0,8,5,0,0,2
2856,0,0,8,5,1,0,2
2857,1,0,12,1,0,4,2
2858,-1,0,12,1,2,1,2
2859,1,0,12,1,2,1,2
2860,1,0,12,1,0,3,2
2861,0,0,12,1,1,4,2
2862,0,0,12,1,1,4,2
2863,0,0,12,1,2,1,2
2864,0,0,12,1,0,2,2
2865,-1,0,12,1,0,4,2
2866,0,0,12,1,1,2,2
2867,1,0,12,1,2,1,2
2868,0,0,12,1,0,4,2
2869,0,0,12,1,0,3,2
2870,0,0,12,1,0,4,2
2871,0,0,12,1,2,1,2
2872,0,0,12,1,0,0,2
2873,0,0,12,1,1,4,2
2874,0,0,12,1,2,1,2
2875,0,0,12,1,0,3,2
2876,0,0,12,1,1,2,2
2877,0,0,12,1,1,2,2
2878,-1,0,12,1,1,4,2
2879,1,0,12,1,2,1,2
2880,0,0,12,1,0,4,2
2881,0,0,12,1,2,1,2
2882,0,0,12,1,0,4,2
2883,0,0,12,1,1,4,2
2884,0,0,12,1,0,4,2
2885,0,0,12,1,1,2,2
2886,0,0,12,1,1,4,2
2887,0,0,12,1,0,2,2
2888,0,0,12,1,1,0,2
2889,0,0,12,1,1,4,2
2890,-1,0,12,1,1,4,2
2891,1,0,12,1,1,4,2
2892,0,0,12,1,0,4,2
2893,0,0,12,1,0,3,2
2894,0,0,12,1,1,4,2
2895,0,0,12,1,1,0,2
2896,0,0,12,1,0,4,2
2897,-1,0,12,1,2,1,2
2898,1,0,12,1,1,0,2
2899,0,0,12,1,1,0,2
2900,0,0,12,1,1,4,2
2901,0,0,12,1,0,0,2
2902,0,0,12,1,1,0,2
2903,1,5,20,1,0,4,2
2904,-1,5,20,1,2,1,2
2905,1,5,20,1,2,1,2
2906,0,5,20,1,0,3,1
2907,0,5,20,1,1,4,2
2908,0,5,20,1,1,4,2
2909,0,5,20,1,2,1,2
2910,0,5,20,1,0,2,2
2911,0,5,20,1,0,4,2
2912,0,5,20,1,1,2,1
2913,-1,5,20,1,2,1,2
2914,0,5,20,1,0,4,1
2915,0,5,20,1,0,3,1
2916,0,5,20,1,0,4,1
2917,0,5,20,1,2,1,2
2918,1,5,20,1,0,0,2
2919,0,5,20,1,1,4,2
2920,0,5,20,1,2,1,2
2921,0,5,20,1,0,3,1
2922,0,5,20,1,1,2,1
2923,-1,5,20,1,1,2,2
2924,1,5,20,1,1,4,2
2925,0,5,20,1,2,1,2
2926,0,5,20,1,0,4,2
2927,0,5,20,1,2,1,2
2928,0,5,20,1,0,4,2
2929,0,5,20,1,1,4,1
2930,0,5,20,1,0,4,1
2931,-1,5,20,1,1,2,2
2932,0,5,20,1,1,4,2
2933,0,5,20,1,0,2,2
2934,0,5,20,1,1,0,1
2935,1,5,20,1,1,4,0
2936,-1,5,20,1,1,4,2
2937,0,5,20,1,1,4,2
2938,0,5,20,1,0,4,1
2939,1,5,20,1,0,3,0
2940,0,5,20,1,1,4,1
2941,0,5,20,1,1,0,2
2942,0,5,20,1,0,4,1
2943,0,5,20,1,2,1,1
2944,1,5,20,1,1,0,2
2945,0,5,20,1,1,0,1
2946,1,5,20,1,1,4,0
2947,-1,5,20,1,0,0,0
2948,1,5,20,1,1,0,1
2949,0,7,13,5,0,4,2
2950,0,7,13,5,2,1,2
2951,0,7,13,5,2,1,2
2952,0,7,13,5,0,3,1
2953,1,7,13,5,1,4,1
2954,0,7,13,5,1,4,1
2955,0,7,13,5,2,1,1
2956,0,7,13,5,0,2,2
2957,0,7,13,5,0,4,2
2958,1,7,13,5,1,2,1
2959,1,7,13,5,2,1,2
2960,0,7,13,5,0,4,2
2961,1,7,13,5,0,3,1
2962,1,7,13,5,0,4,2
2963,-1,7,13,5,2,1,2
2964,0,7,13,5,0,0,2
2965,0,7,13,5,1,4,2
2966,-1,7,13,5,2,1,2
2967,0,7,13,5,0,3,2
2968,1,7,13,5,1,2,2
2969,-1,7,13,5,1,2,2
2970,-1,7,13,5,1,4,2
2971,-1,7,13,5,2,1,1
2972,-1,7,13,5,0,4,0
2973,-1,7,13,5,2,1,2
2974,1,7,13,5,0,4,2
2975,0,7,13,5,1,4,2
2976,0,7,13,5,0,4,1
2977,0,7,13,5,1,2,2
2978,0,7,13,5,1,4,2
2979,0,7,13,5,0,2,2
2980,-1,7,13,5,1,0,2
2981,1,7,13,5,1,4,0
2982,0,7,13,5,1,4,2
2983,1,7,13,5,1,4,1
2984,1,7,13,5,0,4,1
2985,0,7,13,5,0,3,1
2986,1,7,13,5,1,4,0
2987,0,7,13,5,1,0,0
2988,0,7,13,5,0,4,2
2989,-1,7,13,5,2,1,0
2990,1,7,13,5,1,0,0
2991,1,7,13,5,1,0,2
2992,0,7,13,5,1,4,2
2993,1,7,13,5,0,0,0
2994,0,7,13,5,1,0,0
3041,-1,3,22,5,0,4,2
3042,0,3,22,5,2,1,2
3043,0,3,22,5,0,0,1
3044,-1,3,22,5,1,4,0
3045,0,3,22,5,2,1,1
3046,-1,3,22,5,0,3,0
3047,1,3,22,5,1,2,2
3048,0,3,22,5,1,2,2
3049,0,3,22,5,1,4,2
3050,1,3,22,5,2,1,2
3051,0,3,22,5,0,4,1
3052,0,3,22,5,2,1,2
3053,-1,3,22,5,0,4,2
3054,1,3,22,5,1,4,1
3055,0,3,22,5,0,4,2
3056,0,3,22,5,1,2,2
3057,1,3,22,5,1,4,2
3058,0,3,22,5,0,2,2
3059,0,3,22,5,1,0,2
3060,0,3,22,5,1,4,1
3061,0,3,22,5,1,4,2
3062,0,3,22,5,1,4,1
3063,1,3,22,5,0,4,0
3064,0,3,22,5,0,3,1
3065,1,3,22,5,1,4,2
3066,0,3,22,5,1,0,2
3067,-1,3,22,5,0,4,2
3068,1,3,22,5,2,1,1
3069,-1,3,22,5,1,0,0
3070,-1,3,22,5,1,0,2
3071,0,3,22,5,1,4,2
3072,0,3,22,5,0,0,1
3073,0,3,22,5,1,0,0
3074,0,6,6,6,0,4,2
3075,1,6,6,6,2,1,1
3076,1,6,6,6,2,1,2
3077,0,6,6,6,0,3,1
3078,1,6,6,6,1,4,2
3079,0,6,6,6,1,4,2
3080,1,6,6,6,2,1,2
3081,-1,6,6,6,0,2,2
3082,1,6,6,6,0,4,1
3083,1,6,6,6,1,2,2
3084,1,6,6,6,2,1,1
3085,-1,6,6,6,0,4,1
3086,-1,6,6,6,0,3,1
3087,-1,6,6,6,0,4,2
3088,1,6,6,6,2,1,2
3089,1,6,6,6,0,0,2
3090,-1,6,6,6,1,4,2
3091,1,6,6,6,2,1,2
3092,0,6,6,6,0,3,0
3093,-1,6,6,6,1,2,1
3094,1,6,6,6,1,2,2
3095,1,6,6,6,1,4,2
3096,0,6,6,6,2,1,2
3097,-1,6,6,6,0,4,1
3098,0,6,6,6,2,1,2
3099,0,6,6,6,0,4,2
3100,0,6,6,6,1,4,1
3101,-1,6,6,6,0,4,0
3102,-1,6,6,6,1,2,2
3103,1,6,6,6,1,4,2
3104,10,6,6,6,0,2,2
3105,-1,6,6,6,1,0,1
3106,1,6,6,6,1,4,1
3107,-1,6,6,6,1,4,1
3108,-1,6,6,6,1,4,2
3109,-1,6,6,6,0,4,1
3110,-10,6,6,6,0,3,0
3111,10,6,6,6,1,0,0
3112,10,6,6,6,0,4,0
3113,-1,6,6,6,2,1,0
3114,-10,6,6,6,1,0,1
3115,10,6,6,6,1,0,2
3116,10,6,6,6,1,4,1
3117,10,6,6,6,0,0,0
3118,-1,6,6,6,1,0,2
3119,-1,6,8,1,0,4,2
3120,1,6,8,1,2,1,1
3121,0,6,8,1,2,1,2
3122,-1,6,8,1,0,3,1
3123,1,6,8,1,1,4,2
3124,-1,6,8,1,1,4,2
3125,0,6,8,1,2,1,2
3126,1,6,8,1,0,2,2
3127,0,6,8,1,0,4,1
3128,-1,6,8,1,1,2,2
3129,0,6,8,1,2,1,1
3130,0,6,8,1,0,4,1
3131,0,6,8,1,0,3,1
3132,0,6,8,1,0,4,2
3133,1,6,8,1,2,1,2
3134,0,6,8,1,0,0,2
3135,0,6,8,1,1,4,2
3136,0,6,8,1,2,1,2
3137,0,6,8,1,0,3,0
3138,0,6,8,1,1,2,1
3139,0,6,8,1,1,2,2
3140,0,6,8,1,1,4,2
3141,0,6,8,1,2,1,2
3142,0,6,8,1,0,4,1
3143,0,6,8,1,2,1,2
3144,0,6,8,1,0,4,2
3145,0,6,8,1,1,4,1
3146,0,6,8,1,0,4,0
3147,0,6,8,1,1,2,2
3148,0,6,8,1,1,4,2
3149,0,6,8,1,0,2,2
3150,0,6,8,1,1,0,1
3151,0,6,8,1,1,4,1
3152,0,6,8,1,1,4,1
3153,0,6,8,1,1,4,2
3154,0,6,8,1,0,4,1
3155,0,6,8,1,0,3,0
3156,0,6,8,1,1,4,0
3157,0,6,8,1,1,0,0
3158,0,6,8,1,0,4,0
3159,-1,6,8,1,2,1,0
3160,0,6,8,1,1,0,1
3161,-1,6,8,1,1,0,2
3162,0,6,8,1,1,4,1
3163,0,6,8,1,0,0,0
3164,-1,6,8,1,1,0,2
3165,0,7,13,5,0,4,2
3166,1,7,13,5,2,1,2
3167,0,7,13,5,2,1,2
3168,-1,7,13,5,0,3,1
3169,0,7,13,5,1,4,1
3170,1,7,13,5,1,4,1
3171,1,7,13,5,2,1,1
3172,0,7,13,5,0,2,2
3173,0,7,13,5,0,4,2
3174,0,7,13,5,1,2,1
3175,0,7,13,5,2,1,2
3176,0,7,13,5,0,4,2
3177,0,7,13,5,0,3,1
3178,1,7,13,5,0,4,2
3179,-1,7,13,5,2,1,2
3180,0,7,13,5,0,0,2
3181,1,7,13,5,1,4,2
3182,0,7,13,5,2,1,2
3183,0,7,13,5,0,3,2
3184,0,7,13,5,1,2,2
3185,0,7,13,5,1,2,2
3186,-1,7,13,5,1,4,2
3187,1,7,13,5,2,1,1
3188,1,7,13,5,0,4,0
3189,0,7,13,5,2,1,2
3190,0,7,13,5,0,4,2
3191,0,7,13,5,1,4,2
3192,1,7,13,5,0,4,1
3193,0,7,13,5,1,2,2
3194,0,7,13,5,1,4,2
3195,0,7,13,5,0,2,2
3196,0,7,13,5,1,0,2
3197,0,7,13,5,1,4,0
3198,0,7,13,5,1,4,2
3199,0,7,13,5,1,4,1
3200,1,7,13,5,0,4,1
3201,-1,7,13,5,0,3,1
3202,0,7,13,5,1,4,0
3203,0,7,13,5,1,0,0
3204,0,7,13,5,0,4,2
3205,0,7,13,5,2,1,0
3206,1,7,13,5,1,0,0
3207,0,7,13,5,1,0,2
3208,0,7,13,5,1,4,2
3209,0,7,13,5,0,0,0
3210,0,7,13,5,1,0,0
3211,1,6,16,5,2,1,2
3212,1,6,16,5,0,2,2
3213,1,6,16,5,0,4,1
3214,0,6,16,5,1,2,2
3215,0,6,16,5,2,1,1
3216,1,6,16,5,0,4,1
3217,1,6,16,5,0,3,1
3218,1,6,16,5,0,4,2
3219,1,6,16,5,2,1,2
3220,0,6,16,5,0,0,2
3221,0,6,16,5,1,4,2
3222,1,6,16,5,2,1,2
3223,1,6,16,5,0,3,0
3224,-1,6,16,5,1,2,1
3225,1,6,16,5,1,2,2
3226,1,6,16,5,1,4,2
3227,-1,6,16,5,2,1,2
3228,0,6,16,5,0,4,1
3229,1,6,16,5,2,1,2
3230,-1,6,16,5,0,4,2
3231,1,6,16,5,1,4,1
3232,-1,6,16,5,0,4,0
3233,0,6,16,5,1,2,2
3234,1,6,16,5,1,4,2
3235,0,6,16,5,0,2,2
3236,0,6,16,5,1,0,1
3237,0,6,16,5,1,4,1
3238,0,6,16,5,1,4,1
3239,0,6,16,5,1,4,2
3240,-1,6,16,5,0,4,1
3241,1,6,16,5,0,3,0
3242,1,6,16,5,1,4,0
3243,0,6,16,5,1,0,0
3244,0,6,16,5,0,4,0
3245,-1,6,16,5,2,1,0
3246,1,6,16,5,1,0,1
3247,0,6,16,5,1,0,2
3248,1,6,16,5,1,4,1
3249,0,6,16,5,0,0,0
3250,1,6,16,5,1,0,2
3251,-1,7,11,1,0,4,2
3252,0,7,11,1,2,1,2
3253,0,7,11,1,2,1,2
3254,-1,7,11,1,0,3,1
3255,1,7,11,1,1,4,1
3256,1,7,11,1,1,4,1
3257,1,7,11,1,2,1,1
3258,0,7,11,1,0,2,2
3259,1,7,11,1,0,4,2
3260,-1,7,11,1,1,2,1
3261,0,7,11,1,2,1,2
3262,0,7,11,1,0,4,2
3263,1,7,11,1,0,3,1
3264,1,7,11,1,0,4,2
3265,0,7,11,1,2,1,2
3266,0,7,11,1,0,0,2
3267,0,7,11,1,1,4,2
3268,0,7,11,1,2,1,2
3269,0,7,11,1,0,3,2
3270,0,7,11,1,1,2,2
3271,0,7,11,1,1,2,2
3272,0,7,11,1,1,4,2
3273,0,7,11,1,2,1,1
3274,0,7,11,1,0,4,0
3275,0,7,11,1,2,1,2
3276,0,7,11,1,0,4,2
3277,-1,7,11,1,1,4,2
3278,0,7,11,1,0,4,1
3279,1,7,11,1,1,2,2
3280,1,7,11,1,1,4,2
3281,1,7,11,1,0,2,2
3282,1,7,11,1,1,0,2
3283,-1,7,11,1,1,4,0
3284,0,7,11,1,1,4,2
3285,1,7,11,1,1,4,1
3286,1,7,11,1,0,4,1
3287,0,7,11,1,0,3,1
3288,0,7,11,1,1,4,0
3289,-1,7,11,1,1,0,0
3290,1,7,11,1,0,4,2
3291,1,7,11,1,2,1,0
3292,-1,7,11,1,1,0,0
3293,0,7,11,1,1,0,2
3294,0,7,11,1,1,4,2
3295,1,7,11,1,0,0,0
3296,0,7,11,1,1,0,0
3297,0,6,4,2,0,4,2
3298,-1,6,4,2,2,1,1
3299,-1,6,4,2,2,1,2
3300,1,6,4,2,0,3,1
3301,1,6,4,2,1,4,2
3302,1,6,4,2,1,4,2
3303,1,6,4,2,2,1,2
3304,0,6,4,2,0,2,2
3305,0,6,4,2,0,4,1
3306,0,6,4,2,1,2,2
3307,1,6,4,2,2,1,1
3308,1,6,4,2,0,4,1
3309,1,6,4,2,0,3,1
3310,-1,6,4,2,0,4,2
3311,0,6,4,2,2,1,2
3312,0,6,4,2,0,0,2
3313,1,6,4,2,1,4,2
3314,0,6,4,2,2,1,2
3315,0,6,4,2,0,3,0
3316,0,6,4,2,1,2,1
3317,1,6,4,2,1,2,2
3318,0,6,4,2,1,4,2
3319,0,6,4,2,2,1,2
3320,0,6,4,2,0,4,1
3321,0,6,4,2,2,1,2
3322,0,6,4,2,0,4,2
3323,-1,6,4,2,1,4,1
3324,1,6,4,2,0,4,0
3325,1,6,4,2,1,2,2
3326,0,6,4,2,1,4,2
3327,0,6,4,2,0,2,2
3328,0,6,4,2,1,0,1
3329,0,6,4,2,1,4,1
3330,0,6,4,2,1,4,1
3331,0,6,4,2,1,4,2
3332,0,6,4,2,0,4,1
3333,0,6,4,2,0,3,0
3334,0,6,4,2,1,4,0
3335,-1,6,4,2,1,0,0
3336,1,6,4,2,0,4,0
3337,0,6,4,2,2,1,0
3338,0,6,4,2,1,0,1
3339,0,6,4,2,1,0,2
3340,0,6,4,2,1,4,1
3341,-1,6,4,2,0,0,0
3342,1,6,4,2,1,0,2
3343,1,3,16,0,0,4,2
3344,1,3,16,0,2,1,1
3345,-1,3,16,0,2,1,1
3346,-1,3,16,0,0,3,1
3347,1,3,16,0,1,4,0
3348,0,3,16,0,1,4,1
3349,0,3,16,0,2,1,2
3350,1,3,16,0,0,2,1
3351,0,3,16,0,0,4,2
3352,0,3,16,0,1,2,2
3353,-1,3,16,0,2,1,2
3354,1,3,16,0,0,4,2
3355,0,3,16,0,0,3,1
3356,-1,3,16,0,0,4,2
3357,1,3,16,0,2,1,2
3358,0,3,16,0,0,0,1
3359,0,3,16,0,1,4,0
3360,0,3,16,0,2,1,1
3361,0,3,16,0,0,3,0
3362,-1,3,16,0,1,2,2
3363,0,3,16,0,1,2,2
3364,0,3,16,0,1,4,2
3365,0,3,16,0,2,1,2
3366,0,3,16,0,0,4,1
3367,-1,3,16,0,2,1,2
3368,0,3,16,0,0,4,2
3369,-1,3,16,0,1,4,1
3370,1,3,16,0,0,4,2
3371,-1,3,16,0,1,2,2
3372,0,3,16,0,1,4,2
3373,0,3,16,0,0,2,2
3374,0,3,16,0,1,0,2
3375,0,3,16,0,1,4,1
3376,1,3,16,0,1,4,2
3377,0,3,16,0,1,4,1
3378,1,3,16,0,0,4,0
3379,1,3,16,0,0,3,1
3380,0,3,16,0,1,4,2
3381,0,3,16,0,1,0,2
3382,0,3,16,0,0,4,2
3383,0,3,16,0,2,1,1
3384,0,3,16,0,1,0,0
3385,-1,3,16,0,1,0,2
3386,0,3,16,0,1,4,2
3387,0,3,16,0,0,0,1
3388,1,3,16,0,1,0,0
3389,-1,3,14,5,0,4,2
3390,-1,3,14,0,0,4,2
3391,1,3,14,5,2,1,1
3392,1,3,14,0,2,1,1
3393,1,3,14,5,2,1,1
3394,1,3,14,0,2,1,1
3395,0,3,14,5,0,3,1
3396,0,3,14,0,0,3,1
3397,-1,3,14,5,1,4,0
3398,-1,3,14,0,1,4,0
3399,-1,3,14,5,1,4,1
3400,-1,3,14,0,1,4,1
3401,0,3,14,5,2,1,2
3402,0,3,14,0,2,1,2
3403,1,3,14,5,0,2,1
3404,1,3,14,0,0,2,1
3405,0,3,14,5,0,4,2
3406,0,3,14,0,0,4,2
3407,-1,3,14,5,1,2,2
3408,-1,3,14,0,1,2,2
3409,0,3,14,5,2,1,2
3410,0,3,14,0,2,1,2
3411,0,3,14,5,0,4,2
3412,0,3,14,0,0,4,2
3413,1,3,14,5,0,3,1
3414,1,3,14,0,0,3,1
3415,0,3,14,5,0,4,2
3416,0,3,14,0,0,4,2
3417,0,3,14,5,2,1,2
3418,0,3,14,0,2,1,2
3419,0,3,14,5,0,0,1
3420,0,3,14,0,0,0,1
3421,0,3,14,5,1,4,0
3422,0,3,14,0,1,4,0
3423,0,3,14,5,2,1,1
3424,0,3,14,0,2,1,1
3425,-1,3,14,5,0,3,0
3426,-1,3,14,0,0,3,0
3427,1,3,14,5,1,2,2
3428,1,3,14,0,1,2,2
3429,0,3,14,5,1,2,2
3430,0,3,14,0,1,2,2
3431,-1,3,14,5,1,4,2
3432,-1,3,14,0,1,4,2
3433,0,3,14,5,2,1,2
3434,0,3,14,0,2,1,2
3435,0,3,14,5,0,4,1
3436,0,3,14,0,0,4,1
3437,0,3,14,5,2,1,2
3438,0,3,14,0,2,1,2
3439,1,3,14,5,0,4,2
3440,1,3,14,0,0,4,2
3441,-1,3,14,5,1,4,1
3442,-1,3,14,0,1,4,1
3443,1,3,14,5,0,4,2
3444,1,3,14,0,0,4,2
3445,0,3,14,5,1,2,2
3446,0,3,14,0,1,2,2
3447,-1,3,14,5,1,4,2
3448,-1,3,14,0,1,4,2
3449,1,3,14,5,0,2,2
3450,1,3,14,0,0,2,2
3451,0,3,14,5,1,0,2
3452,0,3,14,0,1,0,2
3453,0,3,14,5,1,4,1
3454,0,3,14,0,1,4,1
3455,0,3,14,5,1,4,2
3456,0,3,14,0,1,4,2
3457,0,3,14,5,1,4,1
3458,0,3,14,0,1,4,1
3459,1,3,14,5,0,4,0
3460,1,3,14,0,0,4,0
3461,0,3,14,5,0,3,1
3462,0,3,14,0,0,3,1
3463,1,3,14,5,1,4,2
3464,1,3,14,0,1,4,2
3465,0,3,14,5,1,0,2
3466,0,3,14,0,1,0,2
3467,0,3,14,5,0,4,2
3468,0,3,14,0,0,4,2
3469,0,3,14,5,2,1,1
3470,0,3,14,0,2,1,1
3471,0,3,14,5,1,0,0
3472,0,3,14,0,1,0,0
3473,-1,3,14,5,1,0,2
3474,-1,3,14,0,1,0,2
3475,0,3,14,5,1,4,2
3476,0,3,14,0,1,4,2
3477,1,3,14,5,0,0,1
3478,1,3,14,0,0,0,1
3479,-1,3,14,5,1,0,0
3480,-1,3,14,0,1,0,0
3481,0,0,8,5,0,4,2
3482,-1,0,8,5,2,1,2
3483,1,0,8,5,2,1,2
3484,1,0,8,5,0,3,2
3485,0,0,8,5,1,4,2
3486,0,0,8,5,1,4,2
3487,0,0,8,5,2,1,2
3488,0,0,8,5,0,2,2
3489,0,0,8,5,0,4,2
3490,1,0,8,5,1,2,2
3491,0,0,8,5,2,1,2
3492,0,0,8,5,0,4,2
3493,0,0,8,5,0,3,2
3494,0,0,8,5,0,4,2
3495,0,0,8,5,2,1,2
3496,0,0,8,5,0,0,2
3497,0,0,8,5,1,4,2
3498,1,0,8,5,2,1,2
3499,0,0,8,5,0,3,2
3500,0,0,8,5,1,2,2
3501,0,0,8,5,1,2,2
3502,-1,0,8,5,1,4,2
3503,0,0,8,5,2,1,2
3504,0,0,8,5,0,4,2
3505,0,0,8,5,2,1,2
3506,0,0,8,5,0,4,2
3507,0,0,8,5,1,4,2
3508,0,0,8,5,0,4,2
3509,-1,0,8,5,1,2,2
3510,0,0,8,5,1,4,2
3511,0,0,8,5,0,2,2
3512,0,0,8,5,1,0,2
3513,0,0,8,5,1,4,2
3514,-1,0,8,5,1,4,2
3515,1,0,8,5,1,4,2
3516,0,0,8,5,0,4,2
3517,0,0,8,5,0,3,2
3518,-1,0,8,5,1,4,2
3519,0,0,8,5,1,0,2
3520,0,0,8,5,0,4,2
3521,0,0,8,5,2,1,2
3522,1,0,8,5,1,0,2
3523,0,0,8,5,1,0,2
3524,0,0,8,5,1,4,2
3525,0,0,8,5,0,0,2
3526,0,0,8,5,1,0,2
3527,0,6,28,5,0,4,2
3528,0,6,28,5,2,1,1
3529,0,6,28,5,2,1,2
3530,-1,6,28,5,0,3,1
3531,0,6,28,5,1,4,2
3532,0,6,28,5,1,4,2
3533,0,6,28,5,2,1,2
3534,0,6,28,5,0,2,2
3535,0,6,28,5,0,4,1
3536,1,6,28,5,1,2,2
3537,0,6,28,5,2,1,1
3538,0,6,28,5,0,4,1
3539,0,6,28,5,0,3,1
3540,0,6,28,5,0,4,2
3541,0,6,28,5,2,1,2
3542,0,6,28,5,0,0,2
3543,0,6,28,5,1,4,2
3544,1,6,28,5,2,1,2
3545,0,6,28,5,0,3,0
3546,0,6,28,5,1,2,1
3547,0,6,28,5,1,2,2
3548,0,6,28,5,1,4,2
3549,0,6,28,5,2,1,2
3550,0,6,28,5,0,4,1
3551,0,6,28,5,2,1,2
3552,0,6,28,5,0,4,2
3553,0,6,28,5,1,4,1
3554,1,6,28,5,0,4,0
3555,1,6,28,5,1,2,2
3556,0,6,28,5,1,4,2
3557,1,6,28,5,0,2,2
3558,-1,6,28,5,1,0,1
3559,-1,6,28,5,1,4,1
3560,-1,6,28,5,1,4,1
3561,1,6,28,5,1,4,2
3562,0,6,28,5,0,4,1
3563,0,6,28,5,0,3,0
3564,-1,6,28,5,1,4,0
3565,0,6,28,5,1,0,0
3566,0,6,28,5,0,4,0
3567,-1,6,28,5,2,1,0
3568,1,6,28,5,1,0,1
3569,-1,6,28,5,1,0,2
3570,1,6,28,5,1,4,1
3571,-1,6,28,5,0,0,0
3572,0,6,28,5,1,0,2
3573,1,7,20,5,0,4,2
3574,1,7,20,5,2,1,2
3575,0,7,20,5,2,1,2
3576,0,7,20,5,0,3,1
3577,0,7,20,5,1,4,1
3578,0,7,20,5,1,4,1
3579,0,7,20,5,2,1,1
3580,0,7,20,5,0,2,2
3581,0,7,20,5,0,4,2
3582,0,7,20,5,1,2,1
3583,0,7,20,5,2,1,2
3584,0,7,20,5,0,4,2
3585,0,7,20,5,0,3,1
3586,0,7,20,5,0,4,2
3587,0,7,20,5,2,1,2
3588,0,7,20,5,0,0,2
3589,0,7,20,5,1,4,2
3590,0,7,20,5,2,1,2
3591,0,7,20,5,0,3,2
3592,0,7,20,5,1,2,2
3593,0,7,20,5,1,2,2
3594,-1,7,20,5,1,4,2
3595,-1,7,20,5,2,1,1
3596,1,7,20,5,0,4,0
3597,0,7,20,5,2,1,2
3598,-1,7,20,5,0,4,2
3599,0,7,20,5,1,4,2
3600,0,7,20,5,0,4,1
3601,0,7,20,5,1,2,2
3602,0,7,20,5,1,4,2
3603,0,7,20,5,0,2,2
3604,0,7,20,5,1,0,2
3605,0,7,20,5,1,4,0
3606,0,7,20,5,1,4,2
3607,1,7,20,5,1,4,1
3608,0,7,20,5,0,4,1
3609,0,7,20,5,0,3,1
3610,0,7,20,5,1,4,0
3611,-1,7,20,5,1,0,0
3612,-1,7,20,5,0,4,2
3613,1,7,20,5,2,1,0
3614,1,7,20,5,1,0,0
3615,0,7,20,5,1,0,2
3616,0,7,20,5,1,4,2
3617,0,7,20,5,0,0,0
3618,-1,7,20,5,1,0,0
3619,0,4,16,5,0,4,2
3620,0,4,16,5,2,1,2
3621,1,4,16,5,2,1,2
3622,1,4,16,5,0,3,2
3623,0,4,16,5,1,4,2
3624,0,4,16,5,1,4,1
3625,0,4,16,5,2,1,2
3626,0,4,16,5,0,2,2
3627,1,4,16,5,0,4,1
3628,0,4,16,5,1,2,1
3629,0,4,16,5,2,1,1
3630,1,4,16,5,0,4,1
3631,0,4,16,5,0,3,2
3632,1,4,16,5,0,4,1
3633,1,4,16,5,2,1,2
3634,0,4,16,5,0,0,2
3635,0,4,16,5,1,4,1
3636,0,4,16,5,2,1,2
3637,0,4,16,5,0,3,0
3638,0,4,16,5,1,2,1
3639,0,4,16,5,1,2,2
3640,0,4,16,5,1,4,2
3641,0,4,16,5,2,1,2
3642,-1,4,16,5,0,4,1
3643,1,4,16,5,2,1,1
3644,-1,4,16,5,0,4,2
3645,0,4,16,5,1,4,2
3646,0,4,16,5,0,4,1
3647,1,4,16,5,1,2,1
3648,0,4,16,5,1,4,1
3649,0,4,16,5,0,2,2
3650,-1,4,16,5,1,0,1
3651,0,4,16,5,1,4,0
3652,0,4,16,5,1,4,2
3653,0,4,16,5,1,4,1
3654,0,4,16,5,0,4,1
3655,0,4,16,5,0,3,1
3656,0,4,16,5,1,4,0
3657,0,4,16,5,1,0,1
3658,0,4,16,5,0,4,0
3659,1,4,16,5,2,1,1
3660,0,4,16,5,1,0,1
3661,1,4,16,5,1,0,2
3662,0,4,16,5,1,4,1
3663,0,4,16,5,0,0,0
3664,0,4,16,5,1,0,2
3665,-1,4,8,2,2,1,2
3666,1,4,8,2,0,3,0
3667,-1,4,8,2,1,2,1
3668,0,4,8,2,1,2,2
3669,1,4,8,2,1,4,2
3670,-1,4,8,2,2,1,2
3671,10,4,8,2,0,4,1
3672,-1,4,8,2,2,1,1
3673,0,4,8,2,0,4,2
3674,0,4,8,2,1,4,2
3675,0,4,8,2,0,4,1
3676,0,4,8,2,1,2,1
3677,0,4,8,2,1,4,1
3678,0,4,8,2,0,2,2
3679,0,4,8,2,1,0,1
3680,0,4,8,2,1,4,0
3681,-1,4,8,2,1,4,2
3682,0,4,8,2,1,4,1
3683,1,4,8,2,0,4,1
3684,1,4,8,2,0,3,1
3685,0,4,8,2,1,4,0
3686,0,4,8,2,1,0,1
3687,0,4,8,2,0,4,0
3688,-1,4,8,2,2,1,1
3689,1,4,8,2,1,0,1
3690,1,4,8,2,1,0,2
3691,1,4,8,2,1,4,1
3692,0,4,8,2,0,0,0
3693,0,4,8,2,1,0,2
3694,0,6,11,3,0,4,2
3695,0,6,11,3,2,1,1
3696,1,6,11,3,2,1,2
3697,1,6,11,3,0,3,1
3698,0,6,11,3,1,4,2
3699,0,6,11,3,1,4,2
3700,0,6,11,3,2,1,2
3701,0,6,11,3,0,2,2
3702,-1,6,11,3,0,4,1
3703,-1,6,11,3,1,2,2
3704,1,6,11,3,2,1,1
3705,1,6,11,3,0,4,1
3706,1,6,11,3,0,3,1
3707,0,6,11,3,0,4,2
3708,1,6,11,3,2,1,2
3709,-1,6,11,3,0,0,2
3710,0,6,11,3,1,4,2
3711,0,6,11,3,2,1,2
3712,0,6,11,3,0,3,0
3713,1,6,11,3,1,2,1
3714,0,6,11,3,1,2,2
3715,-1,6,11,3,1,4,2
3716,-1,6,11,3,2,1,2
3717,1,6,11,3,0,4,1
3718,-1,6,11,3,2,1,2
3719,0,6,11,3,0,4,2
3720,0,6,11,3,1,4,1
3721,0,6,11,3,0,4,0
3722,0,6,11,3,1,2,2
3723,0,6,11,3,1,4,2
3724,0,6,11,3,0,2,2
3725,1,6,11,3,1,0,1
3726,1,6,11,3,1,4,1
3727,-1,6,11,3,1,4,1
3728,1,6,11,3,1,4,2
3729,-1,6,11,3,0,4,1
3730,-1,6,11,3,0,3,0
3731,0,6,11,3,1,4,0
3732,0,6,11,3,1,0,0
3733,-1,6,11,3,0,4,0
3734,0,6,11,3,2,1,0
3735,1,6,11,3,1,0,1
3736,-1,6,11,3,1,0,2
3737,1,6,11,3,1,4,1
3738,-1,6,11,3,0,0,0
3739,-1,6,11,3,1,0,2
3740,0,9,16,0,0,4,2
3741,0,9,16,0,2,1,2
3742,0,9,16,0,2,1,0
3743,0,9,16,0,0,3,0
3744,0,9,16,0,1,4,2
3745,0,9,16,0,1,4,2
3746,0,9,16,0,2,1,2
3747,1,9,16,0,0,2,2
3748,0,9,16,0,0,4,2
3749,0,9,16,0,1,2,2
3750,0,9,16,0,2,1,2
3751,0,9,16,0,0,4,2
3752,1,9,16,0,0,3,2
3753,1,9,16,0,0,4,2
3754,0,9,16,0,2,1,2
3755,1,9,16,0,0,0,1
3756,0,9,16,0,1,4,0
3757,0,9,16,0,2,1,1
3758,0,9,16,0,0,3,0
3759,0,9,16,0,1,2,2
3760,0,9,16,0,1,2,2
3761,-1,9,16,0,1,4,2
3762,-1,9,16,0,2,1,2
3763,0,9,16,0,0,4,1
3764,-1,9,16,0,2,1,2
3765,0,9,16,0,0,4,1
3766,0,9,16,0,1,4,2
3767,0,9,16,0,0,4,1
3768,1,9,16,0,1,2,2
3769,0,9,16,0,1,4,2
3770,1,9,16,0,0,2,2
3771,0,9,16,0,1,0,2
3772,0,9,16,0,1,4,1
3773,0,9,16,0,1,4,1
3774,1,9,16,0,1,4,0
3775,0,9,16,0,0,4,0
3776,1,9,16,0,0,3,1
3777,0,9,16,0,1,4,0
3778,1,9,16,0,1,0,1
3779,0,9,16,0,0,4,2
3780,-1,9,16,0,2,1,0
3781,1,9,16,0,1,0,0
3782,0,9,16,0,1,0,0
3783,0,9,16,0,1,4,2
3784,1,9,16,0,0,0,1
3785,0,9,16,0,1,0,0
3786,1,1,20,5,0,4,2
3787,0,1,20,5,2,1,2
3788,-1,1,20,5,2,1,2
3789,0,1,20,5,0,3,2
3790,0,1,20,5,1,4,2
3791,0,1,20,5,1,4,2
3792,0,1,20,5,2,1,2
3793,1,1,20,5,0,2,2
3794,0,1,20,5,0,4,2
3795,0,1,20,5,1,2,2
3796,0,1,20,5,2,1,1
3797,1,1,20,5,0,4,1
3798,0,1,20,5,0,3,2
3799,0,1,20,5,0,4,2
3800,1,1,20,5,2,1,2
3801,0,1,20,5,0,0,2
3802,0,1,20,5,1,4,1
3803,0,1,20,5,2,1,2
3804,0,1,20,5,0,3,0
3805,0,1,20,5,1,2,1
3806,0,1,20,5,1,2,2
3807,0,1,20,5,1,4,1
3808,0,1,20,5,2,1,2
3809,0,1,20,5,0,4,1
3810,0,1,20,5,2,1,1
3811,0,1,20,5,1,4,0
3812,0,1,20,5,0,4,2
3813,0,1,20,5,1,2,1
3814,0,1,20,5,1,4,2
3815,0,1,20,5,0,2,1
3816,0,1,20,5,1,0,0
3817,0,1,20,5,1,4,0
3818,0,1,20,5,1,4,2
3819,-1,1,20,5,1,4,2
3820,0,1,20,5,0,4,2
3821,0,1,20,5,0,3,1
3822,0,1,20,5,1,4,1
3823,0,1,20,5,1,0,1
3824,0,1,20,5,0,4,1
3825,1,1,20,5,2,1,0
3826,0,1,20,5,1,0,0
3827,0,1,20,5,1,0,1
3828,0,1,20,5,1,4,0
3829,0,1,20,5,0,0,0
3830,0,1,20,5,1,0,2
3923,0,9,13,2,0,4,2
3924,0,9,13,2,2,1,2
3925,0,9,13,2,2,1,0
3926,0,9,13,2,0,3,0
3927,1,9,13,2,1,4,2
3928,1,9,13,2,1,4,2
3929,-1,9,13,2,2,1,2
3930,1,9,13,2,0,2,2
3931,0,9,13,2,0,4,2
3932,0,9,13,2,1,2,2
3933,1,9,13,2,2,1,2
3934,0,9,13,2,0,4,2
3935,-1,9,13,2,0,3,2
3936,1,9,13,2,0,4,2
3937,-1,9,13,2,2,1,2
3938,0,9,13,2,0,0,1
3939,1,9,13,2,1,4,0
3940,1,9,13,2,2,1,1
3941,-1,9,13,2,0,3,0
3942,1,9,13,2,1,2,2
3943,0,9,13,2,1,2,2
3944,0,9,13,2,1,4,2
3945,0,9,13,2,2,1,2
3946,-1,9,13,2,0,4,1
3947,0,9,13,2,2,1,2
3948,-1,9,13,2,0,4,1
3949,1,9,13,2,1,4,2
3950,1,9,13,2,0,4,1
3951,1,9,13,2,1,2,2
3952,-1,9,13,2,1,4,2
3953,-1,9,13,2,0,2,2
3954,1,9,13,2,1,0,2
3955,0,9,13,2,1,4,1
3956,0,9,13,2,1,4,1
3957,1,9,13,2,1,4,0
3958,1,9,13,2,0,4,0
3959,0,9,13,2,0,3,1
3960,-1,9,13,2,1,4,0
3961,1,9,13,2,1,0,1
3962,0,9,13,2,0,4,2
3963,-1,9,13,2,2,1,0
3964,1,9,13,2,1,0,0
3965,0,9,13,2,1,0,0
3966,-1,9,13,2,1,4,2
3967,0,9,13,2,0,0,1
3968,0,9,13,2,1,0,0
3969,0,2,13,1,0,4,2
3970,1,2,13,1,2,1,1
3971,0,2,13,1,2,1,1
3972,0,2,13,1,0,3,2
3973,-1,2,13,1,1,4,2
3974,0,2,13,1,1,4,2
3975,1,2,13,1,2,1,2
3976,1,2,13,1,0,2,1
3977,0,2,13,1,0,4,1
3978,0,2,13,1,1,2,2
3979,1,2,13,1,2,1,2
3980,0,2,13,1,0,4,2
3981,0,2,13,1,0,3,2
3982,0,2,13,1,0,4,1
3983,0,2,13,1,2,1,2
3984,0,2,13,1,0,0,2
3985,0,2,13,1,1,4,1
3986,-1,2,13,1,2,1,2
3987,0,2,13,1,0,3,1
3988,0,2,13,1,1,2,1
3989,0,2,13,1,1,2,2
3990,0,2,13,1,1,4,1
3991,0,2,13,1,2,1,2
3992,0,2,13,1,0,4,2
3993,0,2,13,1,2,1,2
3994,0,2,13,1,0,4,2
3995,0,2,13,1,1,4,1
3996,0,2,13,1,0,4,1
3997,0,2,13,1,1,2,2
3998,1,2,13,1,1,4,2
3999,1,2,13,1,0,2,1
4000,0,2,13,1,1,0,2
4001,0,2,13,1,1,4,0
4002,0,2,13,1,1,4,2
4003,0,2,13,1,1,4,2
4004,0,2,13,1,0,4,0
4005,0,2,13,1,0,3,0
4006,0,2,13,1,1,4,2
4007,0,2,13,1,1,0,2
4008,0,2,13,1,0,4,0
4009,0,2,13,1,2,1,2
4010,1,2,13,1,1,0,1
4011,-1,2,13,1,1,0,2
4012,0,2,13,1,1,4,1
4013,0,2,13,1,0,0,0
4014,0,2,13,1,1,0,1
4015,1,7,13,0,0,4,2
4016,0,7,13,0,2,1,2
4017,1,7,13,0,2,1,2
4018,0,7,13,0,0,3,1
4019,1,7,13,0,1,4,1
4020,-1,7,13,0,1,4,1
4021,0,7,13,0,2,1,1
4022,0,7,13,0,0,2,2
4023,1,7,13,0,0,4,2
4024,0,7,13,0,1,2,1
4025,0,7,13,0,2,1,2
4026,0,7,13,0,0,4,2
4027,0,7,13,0,0,3,1
4028,1,7,13,0,0,4,2
4029,-1,7,13,0,2,1,2
4030,0,7,13,0,0,0,2
4031,0,7,13,0,1,4,2
4032,0,7,13,0,2,1,2
4033,0,7,13,0,0,3,2
4034,0,7,13,0,1,2,2
4035,0,7,13,0,1,2,2
4036,-1,7,13,0,1,4,2
4037,0,7,13,0,2,1,1
4038,0,7,13,0,0,4,0
4039,1,7,13,0,2,1,2
4040,1,7,13,0,0,4,2
4041,-1,7,13,0,1,4,2
4042,-1,7,13,0,0,4,1
4043,-1,7,13,0,1,2,2
4044,0,7,13,0,1,4,2
4045,0,7,13,0,0,2,2
4046,0,7,13,0,1,0,2
4047,1,7,13,0,1,4,0
4048,0,7,13,0,1,4,2
4049,0,7,13,0,1,4,1
4050,1,7,13,0,0,4,1
4051,0,7,13,0,0,3,1
4052,0,7,13,0,1,4,0
4053,0,7,13,0,1,0,0
4054,0,7,13,0,0,4,2
4055,-1,7,13,0,2,1,0
4056,1,7,13,0,1,0,0
4057,0,7,13,0,1,0,2
4058,0,7,13,0,1,4,2
4059,0,7,13,0,0,0,0
4060,0,7,13,0,1,0,0
4061,0,6,16,5,0,4,2
4062,1,6,16,5,2,1,1
4063,0,6,16,5,2,1,2
4064,0,6,16,5,0,3,1
4065,0,6,16,5,1,4,2
4066,1,6,16,5,1,4,2
4067,1,6,16,5,2,1,2
4068,0,6,16,5,0,2,2
4069,0,6,16,5,0,4,1
4070,1,6,16,5,1,2,2
4071,0,6,16,5,2,1,1
4072,0,6,16,5,0,4,1
4073,1,6,16,5,0,3,1
4074,1,6,16,5,0,4,2
4075,-1,6,16,5,2,1,2
4076,1,6,16,5,0,0,2
4077,0,6,16,5,1,4,2
4078,1,6,16,5,2,1,2
4079,1,6,16,5,0,3,0
4080,1,6,16,5,1,2,1
4081,1,6,16,5,1,2,2
4082,0,6,16,5,1,4,2
4083,0,6,16,5,2,1,2
4084,0,6,16,5,0,4,1
4085,0,6,16,5,2,1,2
4086,0,6,16,5,0,4,2
4087,0,6,16,5,1,4,1
4088,0,6,16,5,0,4,0
4089,0,6,16,5,1,2,2
4090,-1,6,16,5,1,4,2
4091,0,6,16,5,0,2,2
4092,1,6,16,5,1,0,1
4093,-1,6,16,5,1,4,1
4094,0,6,16,5,1,4,1
4095,1,6,16,5,1,4,2
4096,0,6,16,5,0,4,1
4097,0,6,16,5,0,3,0
4098,-1,6,16,5,1,4,0
4099,0,6,16,5,1,0,0
4100,1,6,16,5,0,4,0
4101,-1,6,16,5,2,1,0
4102,1,6,16,5,1,0,1
4103,0,6,16,5,1,0,2
4104,0,6,16,5,1,4,1
4105,0,6,16,5,0,0,0
4106,0,6,16,5,1,0,2
4107,10,6,2,6,1,0,1
4108,1,6,2,6,1,0,2
4109,-1,6,2,6,1,4,1
4110,0,6,2,6,0,0,0
4111,0,6,2,6,1,0,2
4112,10,1,6,4,2,1,2
4113,-1,1,6,4,2,1,2
4114,1,1,6,4,0,3,2
4115,1,1,6,4,1,4,2
4116,-1,1,6,4,1,4,2
4117,-1,1,6,4,2,1,2
4118,0,1,6,4,0,2,2
4119,1,1,6,4,0,4,2
4120,-1,1,6,4,1,2,2
4121,0,1,6,4,2,1,1
4122,1,1,6,4,0,4,1
4123,1,1,6,4,0,3,2
4124,-1,1,6,4,0,4,2
4125,0,1,6,4,2,1,2
4126,0,1,6,4,0,0,2
4127,1,1,6,4,1,4,1
4128,1,1,6,4,2,1,2
4129,-1,1,6,4,0,3,0
4130,1,1,6,4,1,2,1
4131,-1,1,6,4,1,2,2
4132,10,1,6,4,1,4,1
4133,0,1,6,4,2,1,2
4134,-1,1,6,4,0,4,1
4135,0,1,6,4,2,1,1
4136,0,1,6,4,0,4,1
4137,0,1,6,4,1,4,0
4138,1,1,6,4,0,4,2
4139,0,1,6,4,1,2,1
4140,1,1,6,4,1,4,2
4141,0,1,6,4,0,2,1
4142,-1,1,6,4,1,0,0
4143,1,1,6,4,1,4,0
4144,-1,1,6,4,1,4,2
4145,10,1,6,4,1,4,2
4146,0,1,6,4,0,4,2
4147,0,1,6,4,0,3,1
4148,0,1,6,4,1,4,1
4149,0,1,6,4,1,0,1
4150,0,1,6,4,0,4,1
4151,-1,1,6,4,2,1,0
4152,-10,1,6,4,1,0,0
4153,10,1,6,4,1,0,1
4154,1,1,6,4,1,4,0
4155,-1,1,6,4,0,0,0
4156,-10,1,6,4,1,0,2
4157,1,8,13,1,0,4,2
4158,0,8,13,1,2,1,2
4159,1,8,13,1,2,1,2
4160,0,8,13,1,0,3,2
4161,0,8,13,1,1,4,2
4162,0,8,13,1,1,4,2
4163,0,8,13,1,2,1,2
4164,0,8,13,1,0,2,0
4165,1,8,13,1,0,4,2
4166,0,8,13,1,1,2,1
4167,0,8,13,1,2,1,2
4168,1,8,13,1,0,4,2
4169,0,8,13,1,0,3,2
4170,-1,8,13,1,0,4,1
4171,1,8,13,1,2,1,2
4172,-1,8,13,1,0,0,2
4173,1,8,13,1,1,4,1
4174,-1,8,13,1,2,1,2
4175,0,8,13,1,0,3,0
4176,1,8,13,1,1,2,1
4177,0,8,13,1,1,2,2
4178,0,8,13,1,1,4,2
4179,0,8,13,1,2,1,2
4180,0,8,13,1,0,4,2
4181,1,8,13,1,2,1,2
4182,0,8,13,1,0,4,2
4183,0,8,13,1,1,4,0
4184,0,8,13,1,0,4,2
4185,-1,8,13,1,1,2,1
4186,1,8,13,1,1,4,2
4187,0,8,13,1,0,2,0
4188,0,8,13,1,1,0,2
4189,0,8,13,1,1,4,0
4190,0,8,13,1,1,4,2
4191,0,8,13,1,1,4,0
4192,0,8,13,1,0,4,1
4193,0,8,13,1,0,3,0
4194,-1,8,13,1,1,4,1
4195,-1,8,13,1,1,0,1
4196,1,8,13,1,0,4,1
4197,-1,8,13,1,2,1,1
4198,10,8,13,1,1,0,0
4199,-1,8,13,1,1,0,2
4200,0,8,13,1,1,4,1
4201,0,8,13,1,0,0,0
4202,0,8,13,1,1,0,2
4203,1,1,6,2,2,1,2
4204,-1,1,6,2,2,1,2
4205,0,1,6,2,0,3,2
4206,0,1,6,2,1,4,2
4207,0,1,6,2,1,4,2
4208,0,1,6,2,2,1,2
4209,-1,1,6,2,0,2,2
4210,0,1,6,2,0,4,2
4211,0,1,6,2,1,2,2
4212,0,1,6,2,2,1,1
4213,0,1,6,2,0,4,1
4214,0,1,6,2,0,3,2
4215,-1,1,6,2,0,4,2
4216,1,1,6,2,2,1,2
4217,-1,1,6,2,0,0,2
4218,-1,1,6,2,1,4,1
4219,-1,1,6,2,2,1,2
4220,0,1,6,2,0,3,0
4221,0,1,6,2,1,2,1
4222,0,1,6,2,1,2,2
4223,0,1,6,2,1,4,1
4224,0,1,6,2,2,1,2
4225,0,1,6,2,0,4,1
4226,0,1,6,2,2,1,1
4227,0,1,6,2,0,4,1
4228,0,1,6,2,1,4,0
4229,0,1,6,2,0,4,2
4230,0,1,6,2,1,2,1
4231,0,1,6,2,1,4,2
4232,0,1,6,2,0,2,1
4233,0,1,6,2,1,0,0
4234,0,1,6,2,1,4,0
4235,1,1,6,2,1,4,2
4236,0,1,6,2,1,4,2
4237,0,1,6,2,0,4,2
4238,0,1,6,2,0,3,1
4239,0,1,6,2,1,4,1
4240,-1,1,6,2,1,0,1
4241,1,1,6,2,0,4,1
4242,-1,1,6,2,2,1,0
4243,10,1,6,2,1,0,0
4244,1,1,6,2,1,0,1
4245,10,1,6,2,1,4,0
4246,1,1,6,2,0,0,0
4247,-1,1,6,2,1,0,2
4248,10,7,13,0,1,2,1
4249,1,7,13,0,2,1,2
4250,-1,7,13,0,0,4,2
4251,0,7,13,0,0,3,1
4252,1,7,13,0,0,4,2
4253,1,7,13,0,2,1,2
4254,0,7,13,0,0,0,2
4255,0,7,13,0,1,4,2
4256,0,7,13,0,2,1,2
4257,-1,7,13,0,0,3,2
4258,1,7,13,0,1,2,2
4259,-1,7,13,0,1,2,2
4260,1,7,13,0,1,4,2
4261,0,7,13,0,2,1,1
4262,1,7,13,0,0,4,0
4263,0,7,13,0,2,1,2
4264,-1,7,13,0,0,4,2
4265,0,7,13,0,1,4,2
4266,0,7,13,0,0,4,1
4267,0,7,13,0,1,2,2
4268,0,7,13,0,1,4,2
4269,0,7,13,0,0,2,2
4270,-1,7,13,0,1,0,2
4271,0,7,13,0,1,4,0
4272,1,7,13,0,1,4,2
4273,1,7,13,0,1,4,1
4274,0,7,13,0,0,4,1
4275,0,7,13,0,0,3,1
4276,0,7,13,0,1,4,0
4277,0,7,13,0,1,0,0
4278,0,7,13,0,0,4,2
4279,-1,7,13,0,2,1,0
4280,1,7,13,0,1,0,0
4281,-1,7,13,0,1,0,2
4282,0,7,13,0,1,4,2
4283,0,7,13,0,0,0,0
4284,0,7,13,0,1,0,0
4285,0,7,13,1,0,4,2
4286,0,7,13,1,2,1,2
4287,0,7,13,1,2,1,2
4288,0,7,13,1,0,3,1
4289,1,7,13,1,1,4,1
4290,1,7,13,1,1,4,1
4291,1,7,13,1,2,1,1
4292,0,7,13,1,0,2,2
4293,0,7,13,1,0,4,2
4294,0,7,13,1,1,2,1
4295,0,7,13,1,2,1,2
4296,0,7,13,1,0,4,2
4297,1,7,13,1,0,3,1
4298,0,7,13,1,0,4,2
4299,0,7,13,1,2,1,2
4300,0,7,13,1,0,0,2
4301,0,7,13,1,1,4,2
4302,0,7,13,1,2,1,2
4303,0,7,13,1,0,3,2
4304,0,7,13,1,1,2,2
4305,-1,7,13,1,1,2,2
4306,0,7,13,1,1,4,2
4307,-1,7,13,1,2,1,1
4308,0,7,13,1,0,4,0
4309,1,7,13,1,2,1,2
4310,-1,7,13,1,0,4,2
4311,0,7,13,1,1,4,2
4312,0,7,13,1,0,4,1
4313,-1,7,13,1,1,2,2
4314,0,7,13,1,1,4,2
4315,0,7,13,1,0,2,2
4316,0,7,13,1,1,0,2
4317,0,7,13,1,1,4,0
4318,-1,7,13,1,1,4,2
4319,1,7,13,1,1,4,1
4320,0,7,13,1,0,4,1
4321,1,7,13,1,0,3,1
4322,0,7,13,1,1,4,0
4323,1,7,13,1,1,0,0
4324,0,7,13,1,0,4,2
4325,-1,7,13,1,2,1,0
4326,1,7,13,1,1,0,0
4327,0,7,13,1,1,0,2
4328,0,7,13,1,1,4,2
4329,0,7,13,1,0,0,0
4330,-1,7,13,1,1,0,0
4331,0,1,6,2,2,1,2
4332,0,1,6,2,0,2,2
4333,0,1,6,2,0,4,2
4334,1,1,6,2,1,2,2
4335,1,1,6,2,2,1,1
4336,1,1,6,2,0,4,1
4337,1,1,6,2,0,3,2
4338,0,1,6,2,0,4,2
4339,0,1,6,2,2,1,2
4340,0,1,6,2,0,0,2
4341,1,1,6,2,1,4,1
4342,0,1,6,2,2,1,2
4343,0,1,6,2,0,3,0
4344,-1,1,6,2,1,2,1
4345,1,1,6,2,1,2,2
4346,1,1,6,2,1,4,1
4347,-1,1,6,2,2,1,2
4348,-1,1,6,2,0,4,1
4349,0,1,6,2,2,1,1
4350,0,1,6,2,0,4,1
4351,-1,1,6,2,1,4,0
4352,10,1,6,2,0,4,2
4353,-1,1,6,2,1,2,1
4354,0,1,6,2,1,4,2
4355,0,1,6,2,0,2,1
4356,0,1,6,2,1,0,0
4357,0,1,6,2,1,4,0
4358,-1,1,6,2,1,4,2
4359,1,1,6,2,1,4,2
4360,0,1,6,2,0,4,2
4361,0,1,6,2,0,3,1
4362,0,1,6,2,1,4,1
4363,-1,1,6,2,1,0,1
4364,-1,1,6,2,0,4,1
4365,-1,1,6,2,2,1,0
4366,1,1,6,2,1,0,0
4367,1,1,6,2,1,0,1
4368,0,1,6,2,1,4,0
4369,1,1,6,2,0,0,0
4370,-1,1,6,2,1,0,2
4371,0,0,13,6,1,0,2
4372,0,9,6,3,2,1,2
4373,1,9,6,3,0,2,2
4374,1,9,6,3,0,4,2
4375,-1,9,6,3,1,2,2
4376,1,9,6,3,2,1,2
4377,-1,9,6,3,0,4,2
4378,1,9,6,3,0,3,2
4379,-1,9,6,3,0,4,2
4380,0,9,6,3,2,1,2
4381,0,9,6,3,0,0,1
4382,1,9,6,3,1,4,0
4383,0,9,6,3,2,1,1
4384,0,9,6,3,0,3,0
4385,0,9,6,3,1,2,2
4386,0,9,6,3,1,2,2
4387,0,9,6,3,1,4,2
4388,0,9,6,3,2,1,2
4389,-1,9,6,3,0,4,1
4390,0,9,6,3,2,1,2
4391,1,9,6,3,0,4,1
4392,0,9,6,3,1,4,2
4393,-1,9,6,3,0,4,1
4394,0,9,6,3,1,2,2
4395,1,9,6,3,1,4,2
4396,-1,9,6,3,0,2,2
4397,0,9,6,3,1,0,2
4398,0,9,6,3,1,4,1
4399,0,9,6,3,1,4,1
4400,0,9,6,3,1,4,0
4401,1,9,6,3,0,4,0
4402,0,9,6,3,0,3,1
4403,0,9,6,3,1,4,0
4404,-1,9,6,3,1,0,1
4405,-1,9,6,3,0,4,2
4406,10,9,6,3,2,1,0
4407,1,9,6,3,1,0,0
4408,-1,9,6,3,1,0,0
4409,-1,9,6,3,1,4,2
4410,1,9,6,3,0,0,1
4411,-1,9,6,3,1,0,0
4412,0,6,16,0,0,4,2
4413,0,6,16,0,0,4,2
4414,-1,6,16,0,2,1,1
4415,-1,6,16,0,2,1,1
4416,0,6,16,0,2,1,2
4417,0,6,16,0,2,1,2
4418,0,6,16,0,0,3,1
4419,0,6,16,0,0,3,1
4420,0,6,16,0,1,4,2
4421,0,6,16,0,1,4,2
4422,1,6,16,0,1,4,2
4423,1,6,16,0,1,4,2
4424,0,6,16,0,2,1,2
4425,0,6,16,0,2,1,2
4426,0,6,16,0,0,2,2
4427,0,6,16,0,0,2,2
4428,1,6,16,0,0,4,1
4429,1,6,16,0,0,4,1
4430,-1,6,16,0,1,2,2
4431,-1,6,16,0,1,2,2
4432,0,6,16,0,2,1,1
4433,0,6,16,0,2,1,1
4434,1,6,16,0,0,4,1
4435,1,6,16,0,0,4,1
4436,-1,6,16,0,0,3,1
4437,-1,6,16,0,0,3,1
4438,0,6,16,0,0,4,2
4439,0,6,16,0,0,4,2
4440,0,6,16,0,2,1,2
4441,0,6,16,0,2,1,2
4442,0,6,16,0,0,0,2
4443,0,6,16,0,0,0,2
4444,0,6,16,0,1,4,2
4445,0,6,16,0,1,4,2
4446,1,6,16,0,2,1,2
4447,1,6,16,0,2,1,2
4448,1,6,16,0,0,3,0
4449,1,6,16,0,0,3,0
4450,0,6,16,0,1,2,1
4451,0,6,16,0,1,2,1
4452,0,6,16,0,1,2,2
4453,0,6,16,0,1,2,2
4454,0,6,16,0,1,4,2
4455,0,6,16,0,1,4,2
4456,0,6,16,0,2,1,2
4457,0,6,16,0,2,1,2
4458,0,6,16,0,0,4,1
4459,0,6,16,0,0,4,1
4460,1,6,16,0,2,1,2
4461,1,6,16,0,2,1,2
4462,0,6,16,0,0,4,2
4463,0,6,16,0,0,4,2
4464,-1,6,16,0,1,4,1
4465,-1,6,16,0,1,4,1
4466,1,6,16,0,0,4,0
4467,1,6,16,0,0,4,0
4468,-1,6,16,0,1,2,2
4469,-1,6,16,0,1,2,2
4470,0,6,16,0,1,4,2
4471,0,6,16,0,1,4,2
4472,0,6,16,0,0,2,2
4473,0,6,16,0,0,2,2
4474,0,6,16,0,1,0,1
4475,0,6,16,0,1,0,1
4476,1,6,16,0,1,4,1
4477,1,6,16,0,1,4,1
4478,0,6,16,0,1,4,1
4479,0,6,16,0,1,4,1
4480,0,6,16,0,1,4,2
4481,0,6,16,0,1,4,2
4482,0,6,16,0,0,4,1
4483,0,6,16,0,0,4,1
4484,-1,6,16,0,0,3,0
4485,-1,6,16,0,0,3,0
4486,0,6,16,0,1,4,0
4487,0,6,16,0,1,4,0
4488,-1,6,16,0,1,0,0
4489,-1,6,16,0,1,0,0
4490,1,6,16,0,0,4,0
4491,1,6,16,0,0,4,0
4492,-1,6,16,0,2,1,0
4493,-1,6,16,0,2,1,0
4494,1,6,16,0,1,0,1
4495,1,6,16,0,1,0,1
4496,1,6,16,0,1,0,2
4497,1,6,16,0,1,0,2
4498,-1,6,16,0,1,4,1
4499,-1,6,16,0,1,4,1
4500,0,6,16,0,0,0,0
4501,0,6,16,0,0,0,0
4502,0,6,16,0,1,0,2
4503,0,6,16,0,1,0,2
4504,1,1,11,4,0,4,2
4505,0,1,11,4,2,1,2
4506,0,1,11,4,2,1,2
4507,0,1,11,4,0,3,2
4508,1,1,11,4,1,4,2
4509,1,1,11,4,1,4,2
4510,1,1,11,4,2,1,2
4511,-1,1,11,4,0,2,2
4512,0,1,11,4,0,4,2
4513,-1,1,11,4,1,2,2
4514,0,1,11,4,2,1,1
4515,-1,1,11,4,0,4,1
4516,-1,1,11,4,0,3,2
4517,0,1,11,4,0,4,2
4518,1,1,11,4,2,1,2
4519,1,1,11,4,0,0,2
4520,1,1,11,4,1,4,1
4521,-1,1,11,4,2,1,2
4522,1,1,11,4,0,3,0
4523,-1,1,11,4,1,2,1
4524,1,1,11,4,1,2,2
4525,-1,1,11,4,1,4,1
4526,-1,1,11,4,2,1,2
4527,-1,1,11,4,0,4,1
4528,1,1,11,4,2,1,1
4529,-10,1,11,4,0,4,1
4530,10,1,11,4,1,4,0
4531,10,1,11,4,0,4,2
4532,1,1,11,4,1,2,1
4533,0,1,11,4,1,4,2
4534,-1,1,11,4,0,2,1
4535,0,1,11,4,1,0,0
4536,-1,1,11,4,1,4,0
4537,-1,1,11,4,1,4,2
4538,0,1,11,4,1,4,2
4539,1,1,11,4,0,4,2
4540,1,1,11,4,0,3,1
4541,0,1,11,4,1,4,1
4542,-1,1,11,4,1,0,1
4543,1,1,11,4,0,4,1
4544,-1,1,11,4,2,1,0
4545,-1,1,11,4,1,0,0
4546,10,1,11,4,1,0,1
4547,1,1,11,4,1,4,0
4548,-1,1,11,4,0,0,0
4549,0,1,11,4,1,0,2
4550,1,1,28,5,0,4,2
4551,-1,1,28,5,2,1,2
4552,0,1,28,5,2,1,2
4553,0,1,28,5,0,3,2
4554,0,1,28,5,1,4,2
4555,0,1,28,5,1,4,2
4556,0,1,28,5,2,1,2
4557,0,1,28,5,0,2,2
4558,0,1,28,5,0,4,2
4559,0,1,28,5,1,2,2
4560,1,1,28,5,2,1,1
4561,1,1,28,5,0,4,1
4562,-1,1,28,5,0,3,2
4563,0,1,28,5,0,4,2
4564,0,1,28,5,2,1,2
4565,-1,1,28,5,0,0,2
4566,1,1,28,5,1,4,1
4567,1,1,28,5,2,1,2
4568,0,1,28,5,0,3,0
4569,0,1,28,5,1,2,1
4570,0,1,28,5,1,2,2
4571,1,1,28,5,1,4,1
4572,1,1,28,5,2,1,2
4573,-1,1,28,5,0,4,1
4574,1,1,28,5,2,1,1
4575,-1,1,28,5,0,4,1
4576,0,1,28,5,1,4,0
4577,0,1,28,5,0,4,2
4578,0,1,28,5,1,2,1
4579,0,1,28,5,1,4,2
4580,0,1,28,5,0,2,1
4581,-1,1,28,5,1,0,0
4582,0,1,28,5,1,4,0
4583,-1,1,28,5,1,4,2
4584,1,1,28,5,1,4,2
4585,1,1,28,5,0,4,2
4586,0,1,28,5,0,3,1
4587,0,1,28,5,1,4,1
4588,-1,1,28,5,1,0,1
4589,1,1,28,5,0,4,1
4590,-1,1,28,5,2,1,0
4591,-1,1,28,5,1,0,0
4592,1,1,28,5,1,0,1
4593,-1,1,28,5,1,4,0
4594,0,1,28,5,0,0,0
4595,0,1,28,5,1,0,2
4596,0,4,6,4,0,4,1
4597,-1,4,6,4,1,2,1
4598,0,4,6,4,1,4,1
4599,-1,4,6,4,0,2,2
4600,0,4,6,4,1,0,1
4601,1,4,6,4,1,4,0
4602,0,4,6,4,1,4,2
4603,1,4,6,4,1,4,1
4604,-1,4,6,4,0,4,1
4605,0,4,6,4,0,3,1
4606,0,4,6,4,1,4,0
4607,-1,4,6,4,1,0,1
4608,0,4,6,4,0,4,0
4609,-1,4,6,4,2,1,1
4610,10,4,6,4,1,0,1
4611,0,4,6,4,1,0,2
4612,1,4,6,4,1,4,1
4613,1,4,6,4,0,0,0
4614,-1,4,6,4,1,0,2
4615,1,1,8,1,0,0,0
4616,0,1,8,1,1,0,2
4617,0,1,11,1,1,2,1
4618,0,1,11,1,1,4,2
4619,0,1,11,1,0,2,1
4620,1,1,11,1,1,0,0
4621,1,1,11,1,1,4,0
4622,-1,1,11,1,1,4,2
4623,0,1,11,1,1,4,2
4624,1,1,11,1,0,4,2
4625,1,1,11,1,0,3,1
4626,0,1,11,1,1,4,1
4627,0,1,11,1,1,0,1
4628,0,1,11,1,0,4,1
4629,-1,1,11,1,2,1,0
4630,1,1,11,1,1,0,0
4631,-1,1,11,1,1,0,1
4632,0,1,11,1,1,4,0
4633,0,1,11,1,0,0,0
4634,-1,1,11,1,1,0,2
4635,1,7,13,1,0,4,2
4636,-1,7,13,1,2,1,2
4637,0,7,13,1,2,1,2
4638,0,7,13,1,0,3,1
4639,0,7,13,1,1,4,1
4640,1,7,13,1,1,4,1
4641,1,7,13,1,2,1,1
4642,1,7,13,1,0,2,2
4643,0,7,13,1,0,4,2
4644,0,7,13,1,1,2,1
4645,-1,7,13,1,2,1,2
4646,-1,7,13,1,0,4,2
4647,1,7,13,1,0,3,1
4648,0,7,13,1,0,4,2
4649,1,7,13,1,2,1,2
4650,0,7,13,1,0,0,2
4651,0,7,13,1,1,4,2
4652,0,7,13,1,2,1,2
4653,0,7,13,1,0,3,2
4654,0,7,13,1,1,2,2
4655,0,7,13,1,1,2,2
4656,0,7,13,1,1,4,2
4657,-1,7,13,1,2,1,1
4658,0,7,13,1,0,4,0
4659,0,7,13,1,2,1,2
4660,0,7,13,1,0,4,2
4661,0,7,13,1,1,4,2
4662,0,7,13,1,0,4,1
4663,0,7,13,1,1,2,2
4664,1,7,13,1,1,4,2
4665,0,7,13,1,0,2,2
4666,0,7,13,1,1,0,2
4667,0,7,13,1,1,4,0
4668,0,7,13,1,1,4,2
4669,0,7,13,1,1,4,1
4670,0,7,13,1,0,4,1
4671,0,7,13,1,0,3,1
4672,0,7,13,1,1,4,0
4673,1,7,13,1,1,0,0
4674,0,7,13,1,0,4,2
4675,-1,7,13,1,2,1,0
4676,1,7,13,1,1,0,0
4677,-1,7,13,1,1,0,2
4678,0,7,13,1,1,4,2
4679,1,7,13,1,0,0,0
4680,-1,7,13,1,1,0,0
4681,1,6,6,4,0,4,2
4682,0,6,6,4,2,1,1
4683,0,6,6,4,2,1,2
4684,1,6,6,4,0,3,1
4685,0,6,6,4,1,4,2
4686,0,6,6,4,1,4,2
4687,0,6,6,4,2,1,2
4688,0,6,6,4,0,2,2
4689,0,6,6,4,0,4,1
4690,-1,6,6,4,1,2,2
4691,1,6,6,4,2,1,1
4692,0,6,6,4,0,4,1
4693,0,6,6,4,0,3,1
4694,1,6,6,4,0,4,2
4695,0,6,6,4,2,1,2
4696,0,6,6,4,0,0,2
4697,0,6,6,4,1,4,2
4698,0,6,6,4,2,1,2
4699,1,6,6,4,0,3,0
4700,0,6,6,4,1,2,1
4701,0,6,6,4,1,2,2
4702,0,6,6,4,1,4,2
4703,-1,6,6,4,2,1,2
4704,-1,6,6,4,0,4,1
4705,1,6,6,4,2,1,2
4706,0,6,6,4,0,4,2
4707,0,6,6,4,1,4,1
4708,-1,6,6,4,0,4,0
4709,-1,6,6,4,1,2,2
4710,1,6,6,4,1,4,2
4711,0,6,6,4,0,2,2
4712,0,6,6,4,1,0,1
4713,0,6,6,4,1,4,1
4714,0,6,6,4,1,4,1
4715,0,6,6,4,1,4,2
4716,0,6,6,4,0,4,1
4717,0,6,6,4,0,3,0
4718,1,6,6,4,1,4,0
4719,-1,6,6,4,1,0,0
4720,0,6,6,4,0,4,0
4721,-1,6,6,4,2,1,0
4722,1,6,6,4,1,0,1
4723,10,6,6,4,1,0,2
4724,1,6,6,4,1,4,1
4725,1,6,6,4,0,0,0
4726,-1,6,6,4,1,0,2
4727,-1,7,6,2,0,4,2
4728,0,7,6,2,2,1,2
4729,0,7,6,2,2,1,2
4730,0,7,6,2,0,3,1
4731,0,7,6,2,1,4,1
4732,1,7,6,2,1,4,1
4733,1,7,6,2,2,1,1
4734,0,7,6,2,0,2,2
4735,0,7,6,2,0,4,2
4736,0,7,6,2,1,2,1
4737,0,7,6,2,2,1,2
4738,0,7,6,2,0,4,2
4739,1,7,6,2,0,3,1
4740,0,7,6,2,0,4,2
4741,1,7,6,2,2,1,2
4742,0,7,6,2,0,0,2
4743,0,7,6,2,1,4,2
4744,0,7,6,2,2,1,2
4745,0,7,6,2,0,3,2
4746,0,7,6,2,1,2,2
4747,0,7,6,2,1,2,2
4748,0,7,6,2,1,4,2
4749,0,7,6,2,2,1,1
4750,0,7,6,2,0,4,0
4751,1,7,6,2,2,1,2
4752,0,7,6,2,0,4,2
4753,1,7,6,2,1,4,2
4754,0,7,6,2,0,4,1
4755,0,7,6,2,1,2,2
4756,0,7,6,2,1,4,2
4757,0,7,6,2,0,2,2
4758,-1,7,6,2,1,0,2
4759,0,7,6,2,1,4,0
4760,0,7,6,2,1,4,2
4761,-1,7,6,2,1,4,1
4762,1,7,6,2,0,4,1
4763,0,7,6,2,0,3,1
4764,0,7,6,2,1,4,0
4765,0,7,6,2,1,0,0
4766,0,7,6,2,0,4,2
4767,-1,7,6,2,2,1,0
4768,1,7,6,2,1,0,0
4769,-1,7,6,2,1,0,2
4770,0,7,6,2,1,4,2
4771,0,7,6,2,0,0,0
4772,0,7,6,2,1,0,0
4773,-1,6,0,2,0,4,2
4774,-1,6,0,5,0,4,2
4775,-1,6,0,2,0,4,2
4776,-1,6,0,5,0,4,2
4777,-1,6,0,2,2,1,1
4778,-1,6,0,5,2,1,1
4779,-1,6,0,2,2,1,1
4780,-1,6,0,5,2,1,1
4781,1,6,0,2,2,1,2
4782,1,6,0,5,2,1,2
4783,1,6,0,2,2,1,2
4784,1,6,0,5,2,1,2
4785,0,6,0,2,0,3,1
4786,0,6,0,5,0,3,1
4787,0,6,0,2,0,3,1
4788,0,6,0,5,0,3,1
4789,0,6,0,2,1,4,2
4790,0,6,0,5,1,4,2
4791,0,6,0,2,1,4,2
4792,0,6,0,5,1,4,2
4793,1,6,0,2,1,4,2
4794,1,6,0,5,1,4,2
4795,1,6,0,2,1,4,2
4796,1,6,0,5,1,4,2
4797,-1,6,0,2,2,1,2
4798,-1,6,0,5,2,1,2
4799,-1,6,0,2,2,1,2
4800,-1,6,0,5,2,1,2
4801,-1,6,0,2,0,2,2
4802,-1,6,0,5,0,2,2
4803,-1,6,0,2,0,2,2
4804,-1,6,0,5,0,2,2
4805,0,6,0,2,0,4,1
4806,0,6,0,5,0,4,1
4807,0,6,0,2,0,4,1
4808,0,6,0,5,0,4,1
4809,1,6,0,2,1,2,2
4810,1,6,0,5,1,2,2
4811,1,6,0,2,1,2,2
4812,1,6,0,5,1,2,2
4813,1,6,0,2,2,1,1
4814,1,6,0,5,2,1,1
4815,1,6,0,2,2,1,1
4816,1,6,0,5,2,1,1
4817,1,6,0,2,0,4,1
4818,1,6,0,5,0,4,1
4819,1,6,0,2,0,4,1
4820,1,6,0,5,0,4,1
4821,0,6,0,2,0,3,1
4822,0,6,0,5,0,3,1
4823,0,6,0,2,0,3,1
4824,0,6,0,5,0,3,1
4825,0,6,0,2,0,4,2
4826,0,6,0,5,0,4,2
4827,0,6,0,2,0,4,2
4828,0,6,0,5,0,4,2
4829,1,6,0,2,2,1,2
4830,1,6,0,5,2,1,2
4831,1,6,0,2,2,1,2
4832,1,6,0,5,2,1,2
4833,-1,6,0,2,0,0,2
4834,-1,6,0,5,0,0,2
4835,-1,6,0,2,0,0,2
4836,-1,6,0,5,0,0,2
4837,0,6,0,2,1,4,2
4838,0,6,0,5,1,4,2
4839,0,6,0,2,1,4,2
4840,0,6,0,5,1,4,2
4841,0,6,0,2,2,1,2
4842,0,6,0,5,2,1,2
4843,0,6,0,2,2,1,2
4844,0,6,0,5,2,1,2
4845,0,6,0,2,0,3,0
4846,0,6,0,5,0,3,0
4847,0,6,0,2,0,3,0
4848,0,6,0,5,0,3,0
4849,1,6,0,2,1,2,1
4850,1,6,0,5,1,2,1
4851,1,6,0,2,1,2,1
4852,1,6,0,5,1,2,1
4853,0,6,0,2,1,2,2
4854,0,6,0,5,1,2,2
4855,0,6,0,2,1,2,2
4856,0,6,0,5,1,2,2
4857,0,6,0,2,1,4,2
4858,0,6,0,5,1,4,2
4859,0,6,0,2,1,4,2
4860,0,6,0,5,1,4,2
4861,0,6,0,2,2,1,2
4862,0,6,0,5,2,1,2
4863,0,6,0,2,2,1,2
4864,0,6,0,5,2,1,2
4865,0,6,0,2,0,4,1
4866,0,6,0,5,0,4,1
4867,0,6,0,2,0,4,1
4868,0,6,0,5,0,4,1
4869,0,6,0,2,2,1,2
4870,0,6,0,5,2,1,2
4871,0,6,0,2,2,1,2
4872,0,6,0,5,2,1,2
4873,-1,6,0,2,0,4,2
4874,-1,6,0,5,0,4,2
4875,-1,6,0,2,0,4,2
4876,-1,6,0,5,0,4,2
4877,1,6,0,2,1,4,1
4878,1,6,0,5,1,4,1
4879,1,6,0,2,1,4,1
4880,1,6,0,5,1,4,1
4881,1,6,0,2,0,4,0
4882,1,6,0,5,0,4,0
4883,1,6,0,2,0,4,0
4884,1,6,0,5,0,4,0
4885,1,6,0,2,1,2,2
4886,1,6,0,5,1,2,2
4887,1,6,0,2,1,2,2
4888,1,6,0,5,1,2,2
4889,0,6,0,2,1,4,2
4890,0,6,0,5,1,4,2
4891,0,6,0,2,1,4,2
4892,0,6,0,5,1,4,2
4893,0,6,0,2,0,2,2
4894,0,6,0,5,0,2,2
4895,0,6,0,2,0,2,2
4896,0,6,0,5,0,2,2
4897,0,6,0,2,1,0,1
4898,0,6,0,5,1,0,1
4899,0,6,0,2,1,0,1
4900,0,6,0,5,1,0,1
4901,0,6,0,2,1,4,1
4902,0,6,0,5,1,4,1
4903,0,6,0,2,1,4,1
4904,0,6,0,5,1,4,1
4905,0,6,0,2,1,4,1
4906,0,6,0,5,1,4,1
4907,0,6,0,2,1,4,1
4908,0,6,0,5,1,4,1
4909,-1,6,0,2,1,4,2
4910,-1,6,0,5,1,4,2
4911,-1,6,0,2,1,4,2
4912,-1,6,0,5,1,4,2
4913,1,6,0,2,0,4,1
4914,1,6,0,5,0,4,1
4915,1,6,0,2,0,4,1
4916,1,6,0,5,0,4,1
4917,0,6,0,2,0,3,0
4918,0,6,0,5,0,3,0
4919,0,6,0,2,0,3,0
4920,0,6,0,5,0,3,0
4921,0,6,0,2,1,4,0
4922,0,6,0,5,1,4,0
4923,0,6,0,2,1,4,0
4924,0,6,0,5,1,4,0
4925,-1,6,0,2,1,0,0
4926,-1,6,0,5,1,0,0
4927,-1,6,0,2,1,0,0
4928,-1,6,0,5,1,0,0
4929,0,6,0,2,0,4,0
4930,0,6,0,5,0,4,0
4931,0,6,0,2,0,4,0
4932,0,6,0,5,0,4,0
4933,10,6,0,2,2,1,0
4934,10,6,0,5,2,1,0
4935,10,6,0,2,2,1,0
4936,10,6,0,5,2,1,0
4937,-1,6,0,2,1,0,1
4938,-1,6,0,5,1,0,1
4939,-1,6,0,2,1,0,1
4940,-1,6,0,5,1,0,1
4941,0,6,0,2,1,0,2
4942,0,6,0,5,1,0,2
4943,0,6,0,2,1,0,2
4944,0,6,0,5,1,0,2
4945,0,6,0,2,1,4,1
4946,0,6,0,5,1,4,1
4947,0,6,0,2,1,4,1
4948,0,6,0,5,1,4,1
4949,-1,6,0,2,0,0,0
4950,-1,6,0,5,0,0,0
4951,-1,6,0,2,0,0,0
4952,-1,6,0,5,0,0,0
4953,1,6,0,2,1,0,2
4954,1,6,0,5,1,0,2
4955,1,6,0,2,1,0,2
4956,1,6,0,5,1,0,2
4957,-1,5,6,2,0,4,2
4958,1,5,6,2,2,1,2
4959,0,5,6,2,2,1,2
4960,0,5,6,2,0,3,1
4961,0,5,6,2,1,4,2
4962,0,5,6,2,1,4,2
4963,0,5,6,2,2,1,2
4964,-1,5,6,2,0,2,2
4965,0,5,6,2,0,4,2
4966,0,5,6,2,1,2,1
4967,0,5,6,2,2,1,2
4968,1,5,6,2,0,4,1
4969,0,5,6,2,0,3,1
4970,0,5,6,2,0,4,1
4971,0,5,6,2,2,1,2
4972,-1,5,6,2,0,0,2
4973,0,5,6,2,1,4,2
4974,0,5,6,2,2,1,2
4975,0,5,6,2,0,3,1
4976,0,5,6,2,1,2,1
4977,0,5,6,2,1,2,2
4978,0,5,6,2,1,4,2
4979,0,5,6,2,2,1,2
4980,0,5,6,2,0,4,2
4981,0,5,6,2,2,1,2
4982,0,5,6,2,0,4,2
4983,0,5,6,2,1,4,1
4984,0,5,6,2,0,4,1
4985,0,5,6,2,1,2,2
4986,0,5,6,2,1,4,2
4987,-1,5,6,2,0,2,2
4988,-1,5,6,2,1,0,1
4989,0,5,6,2,1,4,0
4990,1,5,6,2,1,4,2
4991,1,5,6,2,1,4,2
4992,1,5,6,2,0,4,1
4993,1,5,6,2,0,3,0
4994,0,5,6,2,1,4,1
4995,-1,5,6,2,1,0,2
4996,0,5,6,2,0,4,1
4997,-1,5,6,2,2,1,1
4998,1,5,6,2,1,0,2
4999,0,5,6,2,1,0,1
5000,-1,5,6,2,1,4,0
5001,0,5,6,2,0,0,0
5002,-1,5,6,2,1,0,1
5003,0,4,4,1,0,4,2
5004,0,4,4,1,2,1,2
5005,-1,4,4,1,2,1,2
5006,1,4,4,1,0,3,2
5007,0,4,4,1,1,4,2
5008,1,4,4,1,1,4,1
5009,0,4,4,1,2,1,2
5010,-1,4,4,1,0,2,2
5011,0,4,4,1,0,4,1
5012,0,4,4,1,1,2,1
5013,0,4,4,1,2,1,1
5014,-1,4,4,1,0,4,1
5015,0,4,4,1,0,3,2
5016,0,4,4,1,0,4,1
5017,0,4,4,1,2,1,2
5018,0,4,4,1,0,0,2
5019,0,4,4,1,1,4,1
5020,0,4,4,1,2,1,2
5021,0,4,4,1,0,3,0
5022,0,4,4,1,1,2,1
5023,0,4,4,1,1,2,2
5024,0,4,4,1,1,4,2
5025,0,4,4,1,2,1,2
5026,0,4,4,1,0,4,1
5027,0,4,4,1,2,1,1
5028,0,4,4,1,0,4,2
5029,0,4,4,1,1,4,2
5030,0,4,4,1,0,4,1
5031,-1,4,4,1,1,2,1
5032,0,4,4,1,1,4,1
5033,0,4,4,1,0,2,2
5034,1,4,4,1,1,0,1
5035,1,4,4,1,1,4,0
5036,-1,4,4,1,1,4,2
5037,0,4,4,1,1,4,1
5038,0,4,4,1,0,4,1
5039,0,4,4,1,0,3,1
5040,-1,4,4,1,1,4,0
5041,-1,4,4,1,1,0,1
5042,1,4,4,1,0,4,0
5043,1,4,4,1,2,1,1
5044,-1,4,4,1,1,0,1
5045,-1,4,4,1,1,0,2
5046,0,4,4,1,1,4,1
5047,0,4,4,1,0,0,0
5048,0,4,4,1,1,0,2
5049,-1,6,13,2,0,4,2
5050,-1,6,13,2,2,1,1
5051,0,6,13,2,2,1,2
5052,0,6,13,2,0,3,1
5053,0,6,13,2,1,4,2
5054,0,6,13,2,1,4,2
5055,1,6,13,2,2,1,2
5056,0,6,13,2,0,2,2
5057,0,6,13,2,0,4,1
5058,1,6,13,2,1,2,2
5059,0,6,13,2,2,1,1
5060,0,6,13,2,0,4,1
5061,0,6,13,2,0,3,1
5062,0,6,13,2,0,4,2
5063,0,6,13,2,2,1,2
5064,0,6,13,2,0,0,2
5065,0,6,13,2,1,4,2
5066,0,6,13,2,2,1,2
5067,-1,6,13,2,0,3,0
5068,0,6,13,2,1,2,1
5069,-1,6,13,2,1,2,2
5070,1,6,13,2,1,4,2
5071,-1,6,13,2,2,1,2
5072,0,6,13,2,0,4,1
5073,0,6,13,2,2,1,2
5074,1,6,13,2,0,4,2
5075,-1,6,13,2,1,4,1
5076,-1,6,13,2,0,4,0
5077,0,6,13,2,1,2,2
5078,1,6,13,2,1,4,2
5079,0,6,13,2,0,2,2
5080,0,6,13,2,1,0,1
5081,-1,6,13,2,1,4,1
5082,-1,6,13,2,1,4,1
5083,0,6,13,2,1,4,2
5084,-1,6,13,2,0,4,1
5085,0,6,13,2,0,3,0
5086,0,6,13,2,1,4,0
5087,0,6,13,2,1,0,0
5088,1,6,13,2,0,4,0
5089,0,6,13,2,2,1,0
5090,-1,6,13,2,1,0,1
5091,10,6,13,2,1,0,2
5092,1,6,13,2,1,4,1
5093,-1,6,13,2,0,0,0
5094,-1,6,13,2,1,0,2
5095,-1,2,6,2,0,4,2
5096,1,2,6,2,2,1,1
5097,-1,2,6,2,2,1,1
5098,0,2,6,2,0,3,2
5099,0,2,6,2,1,4,2
5100,0,2,6,2,1,4,2
5101,0,2,6,2,2,1,2
5102,0,2,6,2,0,2,1
5103,0,2,6,2,0,4,1
5104,-1,2,6,2,1,2,2
5105,0,2,6,2,2,1,2
5106,0,2,6,2,0,4,2
5107,1,2,6,2,0,3,2
5108,1,2,6,2,0,4,1
5109,-1,2,6,2,2,1,2
5110,-1,2,6,2,0,0,2
5111,0,2,6,2,1,4,1
5112,1,2,6,2,2,1,2
5113,-1,2,6,2,0,3,1
5114,0,2,6,2,1,2,1
5115,-1,2,6,2,1,2,2
5116,0,2,6,2,1,4,1
5117,1,2,6,2,2,1,2
5118,0,2,6,2,0,4,2
5119,0,2,6,2,2,1,2
5120,-1,2,6,2,0,4,2
5121,-1,2,6,2,1,4,1
5122,0,2,6,2,0,4,1
5123,1,2,6,2,1,2,2
5124,1,2,6,2,1,4,2
5125,0,2,6,2,0,2,1
5126,0,2,6,2,1,0,2
5127,0,2,6,2,1,4,0
5128,0,2,6,2,1,4,2
5129,0,2,6,2,1,4,2
5130,0,2,6,2,0,4,0
5131,1,2,6,2,0,3,0
5132,0,2,6,2,1,4,2
5133,-1,2,6,2,1,0,2
5134,-1,2,6,2,0,4,0
5135,-1,2,6,2,2,1,2
5136,1,2,6,2,1,0,1
5137,0,2,6,2,1,0,2
5138,1,2,6,2,1,4,1
5139,0,2,6,2,0,0,0
5140,-1,2,6,2,1,0,1
5141,0,5,6,2,0,4,2
5142,0,5,6,2,2,1,2
5143,0,5,6,2,2,1,2
5144,10,5,6,2,0,3,1
5145,1,5,6,2,1,4,2
5146,-1,5,6,2,1,4,2
5147,0,5,6,2,2,1,2
5148,-1,5,6,2,0,2,2
5149,1,5,6,2,0,4,2
5150,-1,5,6,2,1,2,1
5151,-1,5,6,2,2,1,2
5152,1,5,6,2,0,4,1
5153,1,5,6,2,0,3,1
5154,-1,5,6,2,0,4,1
5155,0,5,6,2,2,1,2
5156,0,5,6,2,0,0,2
5157,0,5,6,2,1,4,2
5158,0,5,6,2,2,1,2
5159,0,5,6,2,0,3,1
5160,0,5,6,2,1,2,1
5161,0,5,6,2,1,2,2
5162,-1,5,6,2,1,4,2
5163,1,5,6,2,2,1,2
5164,-1,5,6,2,0,4,2
5165,0,5,6,2,2,1,2
5166,-1,5,6,2,0,4,2
5167,0,5,6,2,1,4,1
5168,0,5,6,2,0,4,1
5169,-1,5,6,2,1,2,2
5170,1,5,6,2,1,4,2
5171,0,5,6,2,0,2,2
5172,0,5,6,2,1,0,1
5173,1,5,6,2,1,4,0
5174,-1,5,6,2,1,4,2
5175,-1,5,6,2,1,4,2
5176,1,5,6,2,0,4,1
5177,0,5,6,2,0,3,0
5178,0,5,6,2,1,4,1
5179,0,5,6,2,1,0,2
5180,0,5,6,2,0,4,1
5181,-1,5,6,2,2,1,1
5182,1,5,6,2,1,0,2
5183,-1,5,6,2,1,0,1
5184,0,5,6,2,1,4,0
5185,0,5,6,2,0,0,0
5186,-1,5,6,2,1,0,1
5187,0,6,13,2,0,4,2
5188,0,6,13,2,2,1,1
5189,0,6,13,2,2,1,2
5190,0,6,13,2,0,3,1
5191,1,6,13,2,1,4,2
5192,1,6,13,2,1,4,2
5193,1,6,13,2,2,1,2
5194,0,6,13,2,0,2,2
5195,0,6,13,2,0,4,1
5196,1,6,13,2,1,2,2
5197,0,6,13,2,2,1,1
5198,0,6,13,2,0,4,1
5199,0,6,13,2,0,3,1
5200,1,6,13,2,0,4,2
5201,1,6,13,2,2,1,2
5202,0,6,13,2,0,0,2
5203,0,6,13,2,1,4,2
5204,1,6,13,2,2,1,2
5205,0,6,13,2,0,3,0
5206,1,6,13,2,1,2,1
5207,0,6,13,2,1,2,2
5208,0,6,13,2,1,4,2
5209,0,6,13,2,2,1,2
5210,1,6,13,2,0,4,1
5211,0,6,13,2,2,1,2
5212,0,6,13,2,0,4,2
5213,0,6,13,2,1,4,1
5214,0,6,13,2,0,4,0
5215,0,6,13,2,1,2,2
5216,0,6,13,2,1,4,2
5217,-1,6,13,2,0,2,2
5218,-1,6,13,2,1,0,1
5219,-1,6,13,2,1,4,1
5220,0,6,13,2,1,4,1
5221,0,6,13,2,1,4,2
5222,0,6,13,2,0,4,1
5223,-1,6,13,2,0,3,0
5224,0,6,13,2,1,4,0
5225,0,6,13,2,1,0,0
5226,0,6,13,2,0,4,0
5227,0,6,13,2,2,1,0
5228,0,6,13,2,1,0,1
5229,1,6,13,2,1,0,2
5230,0,6,13,2,1,4,1
5231,0,6,13,2,0,0,0
5232,0,6,13,2,1,0,2
5233,1,6,15,3,0,4,2
5234,0,6,15,3,2,1,1
5235,0,6,15,3,2,1,2
5236,0,6,15,3,0,3,1
5237,0,6,15,3,1,4,2
5238,0,6,15,3,1,4,2
5239,0,6,15,3,2,1,2
5240,-1,6,15,3,0,2,2
5241,0,6,15,3,0,4,1
5242,0,6,15,3,1,2,2
5243,0,6,15,3,2,1,1
5244,0,6,15,3,0,4,1
5245,0,6,15,3,0,3,1
5246,-1,6,15,3,0,4,2
5247,1,6,15,3,2,1,2
5248,0,6,15,3,0,0,2
5249,0,6,15,3,1,4,2
5250,0,6,15,3,2,1,2
5251,0,6,15,3,0,3,0
5252,0,6,15,3,1,2,1
5253,0,6,15,3,1,2,2
5254,0,6,15,3,1,4,2
5255,0,6,15,3,2,1,2
5256,0,6,15,3,0,4,1
5257,0,6,15,3,2,1,2
5258,0,6,15,3,0,4,2
5259,0,6,15,3,1,4,1
5260,0,6,15,3,0,4,0
5261,0,6,15,3,1,2,2
5262,0,6,15,3,1,4,2
5263,0,6,15,3,0,2,2
5264,0,6,15,3,1,0,1
5265,1,6,15,3,1,4,1
5266,0,6,15,3,1,4,1
5267,1,6,15,3,1,4,2
5268,-1,6,15,3,0,4,1
5269,0,6,15,3,0,3,0
5270,0,6,15,3,1,4,0
5271,-1,6,15,3,1,0,0
5272,-1,6,15,3,0,4,0
5273,-1,6,15,3,2,1,0
5274,0,6,15,3,1,0,1
5275,1,6,15,3,1,0,2
5276,1,6,15,3,1,4,1
5277,0,6,15,3,0,0,0
5278,-1,6,15,3,1,0,2
5279,1,1,4,2,0,4,2
5280,1,1,4,2,2,1,2
5281,0,1,4,2,2,1,2
5282,0,1,4,2,0,3,2
5283,1,1,4,2,1,4,2
5284,-1,1,4,2,1,4,2
5285,1,1,4,2,2,1,2
5286,0,1,4,2,0,2,2
5287,0,1,4,2,0,4,2
5288,1,1,4,2,1,2,2
5289,0,1,4,2,2,1,1
5290,1,1,4,2,0,4,1
5291,-1,1,4,2,0,3,2
5292,-1,1,4,2,0,4,2
5293,-1,1,4,2,2,1,2
5294,0,1,4,2,0,0,2
5295,-1,1,4,2,1,4,1
5296,0,1,4,2,2,1,2
5297,1,1,4,2,0,3,0
5298,-1,1,4,2,1,2,1
5299,0,1,4,2,1,2,2
5300,0,1,4,2,1,4,1
5301,0,1,4,2,2,1,2
5302,0,1,4,2,0,4,1
5303,1,1,4,2,2,1,1
5304,0,1,4,2,0,4,1
5305,10,1,4,2,1,4,0
5306,1,1,4,2,0,4,2
5307,-1,1,4,2,1,2,1
5308,1,1,4,2,1,4,2
5309,1,1,4,2,0,2,1
5310,-1,1,4,2,1,0,0
5311,0,1,4,2,1,4,0
5312,-1,1,4,2,1,4,2
5313,1,1,4,2,1,4,2
5314,1,1,4,2,0,4,2
5315,0,1,4,2,0,3,1
5316,0,1,4,2,1,4,1
5317,0,1,4,2,1,0,1
5318,1,1,4,2,0,4,1
5319,-1,1,4,2,2,1,0
5320,1,1,4,2,1,0,0
5321,0,1,4,2,1,0,1
5322,0,1,4,2,1,4,0
5323,1,1,4,2,0,0,0
5324,-1,1,4,2,1,0,2
5325,0,9,6,3,0,4,2
5326,1,9,6,3,2,1,2
5327,1,9,6,3,2,1,0
5328,-1,9,6,3,0,3,0
5329,1,9,6,3,1,4,2
5330,0,9,6,3,1,4,2
5331,1,9,6,3,2,1,2
5332,1,9,6,3,0,2,2
5333,-1,9,6,3,0,4,2
5334,0,9,6,3,1,2,2
5335,0,9,6,3,2,1,2
5336,0,9,6,3,0,4,2
5337,0,9,6,3,0,3,2
5338,0,9,6,3,0,4,2
5339,0,9,6,3,2,1,2
5340,0,9,6,3,0,0,1
5341,0,9,6,3,1,4,0
5342,1,9,6,3,2,1,1
5343,0,9,6,3,0,3,0
5344,0,9,6,3,1,2,2
5345,0,9,6,3,1,2,2
5346,-1,9,6,3,1,4,2
5347,1,9,6,3,2,1,2
5348,0,9,6,3,0,4,1
5349,0,9,6,3,2,1,2
5350,0,9,6,3,0,4,1
5351,0,9,6,3,1,4,2
5352,0,9,6,3,0,4,1
5353,-1,9,6,3,1,2,2
5354,0,9,6,3,1,4,2
5355,0,9,6,3,0,2,2
5356,0,9,6,3,1,0,2
5357,1,9,6,3,1,4,1
5358,0,9,6,3,1,4,1
5359,0,9,6,3,1,4,0
5360,0,9,6,3,0,4,0
5361,1,9,6,3,0,3,1
5362,-1,9,6,3,1,4,0
5363,0,9,6,3,1,0,1
5364,0,9,6,3,0,4,2
5365,-1,9,6,3,2,1,0
5366,0,9,6,3,1,0,0
5367,0,9,6,3,1,0,0
5368,0,9,6,3,1,4,2
5369,1,9,6,3,0,0,1
5370,-1,9,6,3,1,0,0
5371,0,6,13,1,0,4,2
5372,-1,6,13,1,2,1,1
5373,1,6,13,1,2,1,2
5374,0,6,13,1,0,3,1
5375,1,6,13,1,1,4,2
5376,0,6,13,1,1,4,2
5377,1,6,13,1,2,1,2
5378,-1,6,13,1,0,2,2
5379,-1,6,13,1,0,4,1
5380,1,6,13,1,1,2,2
5381,-1,6,13,1,2,1,1
5382,0,6,13,1,0,4,1
5383,0,6,13,1,0,3,1
5384,0,6,13,1,0,4,2
5385,0,6,13,1,2,1,2
5386,0,6,13,1,0,0,2
5387,0,6,13,1,1,4,2
5388,0,6,13,1,2,1,2
5389,0,6,13,1,0,3,0
5390,0,6,13,1,1,2,1
5391,0,6,13,1,1,2,2
5392,0,6,13,1,1,4,2
5393,0,6,13,1,2,1,2
5394,0,6,13,1,0,4,1
5395,0,6,13,1,2,1,2
5396,0,6,13,1,0,4,2
5397,1,6,13,1,1,4,1
5398,0,6,13,1,0,4,0
5399,1,6,13,1,1,2,2
5400,1,6,13,1,1,4,2
5401,0,6,13,1,0,2,2
5402,0,6,13,1,1,0,1
5403,0,6,13,1,1,4,1
5404,0,6,13,1,1,4,1
5405,0,6,13,1,1,4,2
5406,0,6,13,1,0,4,1
5407,0,6,13,1,0,3,0
5408,0,6,13,1,1,4,0
5409,1,6,13,1,1,0,0
5410,-1,6,13,1,0,4,0
5411,0,6,13,1,2,1,0
5412,1,6,13,1,1,0,1
5413,1,6,13,1,1,0,2
5414,0,6,13,1,1,4,1
5415,-1,6,13,1,0,0,0
5416,-1,6,13,1,1,0,2
5417,1,6,6,2,0,4,2
5418,-1,6,6,2,2,1,1
5419,0,6,6,2,2,1,2
5420,1,6,6,2,0,3,1
5421,0,6,6,2,1,4,2
5422,-1,6,6,2,1,4,2
5423,0,6,6,2,2,1,2
5424,0,6,6,2,0,2,2
5425,0,6,6,2,0,4,1
5426,0,6,6,2,1,2,2
5427,0,6,6,2,2,1,1
5428,0,6,6,2,0,4,1
5429,0,6,6,2,0,3,1
5430,1,6,6,2,0,4,2
5431,0,6,6,2,2,1,2
5432,-1,6,6,2,0,0,2
5433,0,6,6,2,1,4,2
5434,1,6,6,2,2,1,2
5435,0,6,6,2,0,3,0
5436,-1,6,6,2,1,2,1
5437,-1,6,6,2,1,2,2
5438,0,6,6,2,1,4,2
5439,0,6,6,2,2,1,2
5440,-1,6,6,2,0,4,1
5441,1,6,6,2,2,1,2
5442,0,6,6,2,0,4,2
5443,0,6,6,2,1,4,1
5444,0,6,6,2,0,4,0
5445,0,6,6,2,1,2,2
5446,0,6,6,2,1,4,2
5447,0,6,6,2,0,2,2
5448,0,6,6,2,1,0,1
5449,0,6,6,2,1,4,1
5450,0,6,6,2,1,4,1
5451,0,6,6,2,1,4,2
5452,0,6,6,2,0,4,1
5453,0,6,6,2,0,3,0
5454,0,6,6,2,1,4,0
5455,0,6,6,2,1,0,0
5456,0,6,6,2,0,4,0
5457,-1,6,6,2,2,1,0
5458,1,6,6,2,1,0,1
5459,0,6,6,2,1,0,2
5460,0,6,6,2,1,4,1
5461,0,6,6,2,0,0,0
5462,0,6,6,2,1,0,2
5463,10,5,6,3,0,4,2
5464,1,5,6,3,2,1,2
5465,1,5,6,3,2,1,2
5466,1,5,6,3,0,3,1
5467,0,5,6,3,1,4,2
5468,0,5,6,3,1,4,2
5469,0,5,6,3,2,1,2
5470,-1,5,6,3,0,2,2
5471,0,5,6,3,0,4,2
5472,1,5,6,3,1,2,1
5473,0,5,6,3,2,1,2
5474,0,5,6,3,0,4,1
5475,1,5,6,3,0,3,1
5476,0,5,6,3,0,4,1
5477,0,5,6,3,2,1,2
5478,-1,5,6,3,0,0,2
5479,0,5,6,3,1,4,2
5480,0,5,6,3,2,1,2
5481,0,5,6,3,0,3,1
5482,-1,5,6,3,1,2,1
5483,-1,5,6,3,1,2,2
5484,1,5,6,3,1,4,2
5485,0,5,6,3,2,1,2
5486,-1,5,6,3,0,4,2
5487,0,5,6,3,2,1,2
5488,-1,5,6,3,0,4,2
5489,0,5,6,3,1,4,1
5490,0,5,6,3,0,4,1
5491,1,5,6,3,1,2,2
5492,1,5,6,3,1,4,2
5493,0,5,6,3,0,2,2
5494,0,5,6,3,1,0,1
5495,0,5,6,3,1,4,0
5496,0,5,6,3,1,4,2
5497,0,5,6,3,1,4,2
5498,0,5,6,3,0,4,1
5499,1,5,6,3,0,3,0
5500,0,5,6,3,1,4,1
5501,0,5,6,3,1,0,2
5502,0,5,6,3,0,4,1
5503,-1,5,6,3,2,1,1
5504,1,5,6,3,1,0,2
5505,1,5,6,3,1,0,1
5506,0,5,6,3,1,4,0
5507,0,5,6,3,0,0,0
5508,0,5,6,3,1,0,1
5509,1,0,6,3,0,4,2
5510,1,0,6,3,2,1,2
5511,0,0,6,3,2,1,2
5512,0,0,6,3,0,3,2
5513,0,0,6,3,1,4,2
5514,1,0,6,3,1,4,2
5515,1,0,6,3,2,1,2
5516,-1,0,6,3,0,2,2
5517,0,0,6,3,0,4,2
5518,-1,0,6,3,1,2,2
5519,0,0,6,3,2,1,2
5520,-1,0,6,3,0,4,2
5521,1,0,6,3,0,3,2
5522,1,0,6,3,0,4,2
5523,-1,0,6,3,2,1,2
5524,0,0,6,3,0,0,2
5525,-1,0,6,3,1,4,2
5526,-1,0,6,3,2,1,2
5527,-1,0,6,3,0,3,2
5528,-1,0,6,3,1,2,2
5529,1,0,6,3,1,2,2
5530,1,0,6,3,1,4,2
5531,-1,0,6,3,2,1,2
5532,0,0,6,3,0,4,2
5533,0,0,6,3,2,1,2
5534,0,0,6,3,0,4,2
5535,0,0,6,3,1,4,2
5536,0,0,6,3,0,4,2
5537,-1,0,6,3,1,2,2
5538,-1,0,6,3,1,4,2
5539,0,0,6,3,0,2,2
5540,1,0,6,3,1,0,2
5541,0,0,6,3,1,4,2
5542,-1,0,6,3,1,4,2
5543,1,0,6,3,1,4,2
5544,1,0,6,3,0,4,2
5545,1,0,6,3,0,3,2
5546,-1,0,6,3,1,4,2
5547,0,0,6,3,1,0,2
5548,0,0,6,3,0,4,2
5549,-1,0,6,3,2,1,2
5550,1,0,6,3,1,0,2
5551,1,0,6,3,1,0,2
5552,0,0,6,3,1,4,2
5553,0,0,6,3,0,0,2
5554,-1,0,6,3,1,0,2
5555,0,1,13,3,0,4,2
5556,0,1,13,3,2,1,2
5557,0,1,13,3,2,1,2
5558,0,1,13,3,0,3,2
5559,-1,1,13,3,1,4,2
5560,1,1,13,3,1,4,2
5561,-1,1,13,3,2,1,2
5562,-1,1,13,3,0,2,2
5563,1,1,13,3,0,4,2
5564,0,1,13,3,1,2,2
5565,0,1,13,3,2,1,1
5566,0,1,13,3,0,4,1
5567,0,1,13,3,0,3,2
5568,0,1,13,3,0,4,2
5569,0,1,13,3,2,1,2
5570,1,1,13,3,0,0,2
5571,-1,1,13,3,1,4,1
5572,1,1,13,3,2,1,2
5573,-1,1,13,3,0,3,0
5574,1,1,13,3,1,2,1
5575,-1,1,13,3,1,2,2
5576,1,1,13,3,1,4,1
5577,1,1,13,3,2,1,2
5578,-1,1,13,3,0,4,1
5579,1,1,13,3,2,1,1
5580,-1,1,13,3,0,4,1
5581,1,1,13,3,1,4,0
5582,0,1,13,3,0,4,2
5583,1,1,13,3,1,2,1
5584,1,1,13,3,1,4,2
5585,1,1,13,3,0,2,1
5586,0,1,13,3,1,0,0
5587,1,1,13,3,1,4,0
5588,-1,1,13,3,1,4,2
5589,-1,1,13,3,1,4,2
5590,1,1,13,3,0,4,2
5591,0,1,13,3,0,3,1
5592,1,1,13,3,1,4,1
5593,-1,1,13,3,1,0,1
5594,0,1,13,3,0,4,1
5595,-1,1,13,3,2,1,0
5596,1,1,13,3,1,0,0
5597,1,1,13,3,1,0,1
5598,1,1,13,3,1,4,0
5599,0,1,13,3,0,0,0
5600,0,1,13,3,1,0,2
5601,0,6,8,2,0,4,2
5602,1,6,8,2,2,1,1
5603,0,6,8,2,2,1,2
5604,1,6,8,2,0,3,1
5605,0,6,8,2,1,4,2
5606,0,6,8,2,1,4,2
5607,0,6,8,2,2,1,2
5608,0,6,8,2,0,2,2
5609,0,6,8,2,0,4,1
5610,-1,6,8,2,1,2,2
5611,0,6,8,2,2,1,1
5612,1,6,8,2,0,4,1
5613,0,6,8,2,0,3,1
5614,0,6,8,2,0,4,2
5615,0,6,8,2,2,1,2
5616,0,6,8,2,0,0,2
5617,0,6,8,2,1,4,2
5618,0,6,8,2,2,1,2
5619,0,6,8,2,0,3,0
5620,0,6,8,2,1,2,1
5621,0,6,8,2,1,2,2
5622,10,6,8,2,1,4,2
5623,0,6,8,2,2,1,2
5624,0,6,8,2,0,4,1
5625,0,6,8,2,2,1,2
5626,0,6,8,2,0,4,2
5627,0,6,8,2,1,4,1
5628,0,6,8,2,0,4,0
5629,0,6,8,2,1,2,2
5630,0,6,8,2,1,4,2
5631,0,6,8,2,0,2,2
5632,0,6,8,2,1,0,1
5633,0,6,8,2,1,4,1
5634,0,6,8,2,1,4,1
5635,0,6,8,2,1,4,2
5636,0,6,8,2,0,4,1
5637,0,6,8,2,0,3,0
5638,0,6,8,2,1,4,0
5639,0,6,8,2,1,0,0
5640,0,6,8,2,0,4,0
5641,-1,6,8,2,2,1,0
5642,0,6,8,2,1,0,1
5643,1,6,8,2,1,0,2
5644,0,6,8,2,1,4,1
5645,0,6,8,2,0,0,0
5646,10,6,8,2,1,0,2
5647,0,7,13,2,0,4,2
5648,0,7,13,2,2,1,2
5649,0,7,13,2,2,1,2
5650,0,7,13,2,0,3,1
5651,0,7,13,2,1,4,1
5652,0,7,13,2,1,4,1
5653,0,7,13,2,2,1,1
5654,0,7,13,2,0,2,2
5655,1,7,13,2,0,4,2
5656,1,7,13,2,1,2,1
5657,-1,7,13,2,2,1,2
5658,1,7,13,2,0,4,2
5659,-1,7,13,2,0,3,1
5660,0,7,13,2,0,4,2
5661,0,7,13,2,2,1,2
5662,0,7,13,2,0,0,2
5663,0,7,13,2,1,4,2
5664,0,7,13,2,2,1,2
5665,-1,7,13,2,0,3,2
5666,0,7,13,2,1,2,2
5667,-1,7,13,2,1,2,2
5668,0,7,13,2,1,4,2
5669,-1,7,13,2,2,1,1
5670,0,7,13,2,0,4,0
5671,0,7,13,2,2,1,2
5672,-1,7,13,2,0,4,2
5673,-1,7,13,2,1,4,2
5674,0,7,13,2,0,4,1
5675,-1,7,13,2,1,2,2
5676,1,7,13,2,1,4,2
5677,0,7,13,2,0,2,2
5678,0,7,13,2,1,0,2
5679,0,7,13,2,1,4,0
5680,0,7,13,2,1,4,2
5681,1,7,13,2,1,4,1
5682,0,7,13,2,0,4,1
5683,0,7,13,2,0,3,1
5684,0,7,13,2,1,4,0
5685,0,7,13,2,1,0,0
5686,0,7,13,2,0,4,2
5687,-1,7,13,2,2,1,0
5688,10,7,13,2,1,0,0
5689,-1,7,13,2,1,0,2
5690,1,7,13,2,1,4,2
5691,0,7,13,2,0,0,0
5692,-1,7,13,2,1,0,0
5693,1,2,6,2,0,4,2
5694,0,2,6,2,2,1,1
5695,-1,2,6,2,2,1,1
5696,1,2,6,2,0,3,2
5697,1,2,6,2,1,4,2
5698,1,2,6,2,1,4,2
5699,1,2,6,2,2,1,2
5700,1,2,6,2,0,2,1
5701,-1,2,6,2,0,4,1
5702,10,2,6,2,1,2,2
5703,-1,2,6,2,2,1,2
5704,0,2,6,2,0,4,2
5705,0,2,6,2,0,3,2
5706,0,2,6,2,0,4,1
5707,-1,2,6,2,2,1,2
5708,-1,2,6,2,0,0,2
5709,1,2,6,2,1,4,1
5710,-1,2,6,2,2,1,2
5711,0,2,6,2,0,3,1
5712,0,2,6,2,1,2,1
5713,0,2,6,2,1,2,2
5714,0,2,6,2,1,4,1
5715,0,2,6,2,2,1,2
5716,1,2,6,2,0,4,2
5717,-1,2,6,2,2,1,2
5718,-1,2,6,2,0,4,2
5719,-1,2,6,2,1,4,1
5720,0,2,6,2,0,4,1
5721,0,2,6,2,1,2,2
5722,1,2,6,2,1,4,2
5723,0,2,6,2,0,2,1
5724,-1,2,6,2,1,0,2
5725,0,2,6,2,1,4,0
5726,0,2,6,2,1,4,2
5727,-1,2,6,2,1,4,2
5728,1,2,6,2,0,4,0
5729,1,2,6,2,0,3,0
5730,-1,2,6,2,1,4,2
5731,0,2,6,2,1,0,2
5732,0,2,6,2,0,4,0
5733,-1,2,6,2,2,1,2
5734,10,2,6,2,1,0,1
5735,1,2,6,2,1,0,2
5736,0,2,6,2,1,4,1
5737,0,2,6,2,0,0,0
5738,-1,2,6,2,1,0,1
5739,0,3,6,2,0,4,2
5740,1,3,6,2,2,1,1
5741,-1,3,6,2,2,1,1
5742,1,3,6,2,0,3,1
5743,1,3,6,2,1,4,0
5744,0,3,6,2,1,4,1
5745,0,3,6,2,2,1,2
5746,0,3,6,2,0,2,1
5747,1,3,6,2,0,4,2
5748,-1,3,6,2,1,2,2
5749,0,3,6,2,2,1,2
5750,1,3,6,2,0,4,2
5751,1,3,6,2,0,3,1
5752,0,3,6,2,0,4,2
5753,0,3,6,2,2,1,2
5754,0,3,6,2,0,0,1
5755,1,3,6,2,1,4,0
5756,0,3,6,2,2,1,1
5757,0,3,6,2,0,3,0
5758,0,3,6,2,1,2,2
5759,0,3,6,2,1,2,2
5760,0,3,6,2,1,4,2
5761,0,3,6,2,2,1,2
5762,1,3,6,2,0,4,1
5763,1,3,6,2,2,1,2
5764,1,3,6,2,0,4,2
5765,-1,3,6,2,1,4,1
5766,0,3,6,2,0,4,2
5767,1,3,6,2,1,2,2
5768,1,3,6,2,1,4,2
5769,-1,3,6,2,0,2,2
5770,0,3,6,2,1,0,2
5771,0,3,6,2,1,4,1
5772,0,3,6,2,1,4,2
5773,0,3,6,2,1,4,1
5774,0,3,6,2,0,4,0
5775,1,3,6,2,0,3,1
5776,0,3,6,2,1,4,2
5777,0,3,6,2,1,0,2
5778,0,3,6,2,0,4,2
5779,-1,3,6,2,2,1,1
5780,1,3,6,2,1,0,0
5781,1,3,6,2,1,0,2
5782,0,3,6,2,1,4,2
5783,0,3,6,2,0,0,1
5784,0,3,6,2,1,0,0
5785,0,6,30,2,0,4,2
5786,-1,6,30,2,2,1,1
5787,0,6,30,2,2,1,2
5788,-1,6,30,2,0,3,1
5789,1,6,30,2,1,4,2
5790,1,6,30,2,1,4,2
5791,-1,6,30,2,2,1,2
5792,-1,6,30,2,0,2,2
5793,1,6,30,2,0,4,1
5794,1,6,30,2,1,2,2
5795,0,6,30,2,2,1,1
5796,-1,6,30,2,0,4,1
5797,0,6,30,2,0,3,1
5798,-1,6,30,2,0,4,2
5799,-1,6,30,2,2,1,2
5800,1,6,30,2,0,0,2
5801,0,6,30,2,1,4,2
5802,0,6,30,2,2,1,2
5803,0,6,30,2,0,3,0
5804,0,6,30,2,1,2,1
5805,0,6,30,2,1,2,2
5806,0,6,30,2,1,4,2
5807,0,6,30,2,2,1,2
5808,0,6,30,2,0,4,1
5809,0,6,30,2,2,1,2
5810,1,6,30,2,0,4,2
5811,0,6,30,2,1,4,1
5812,0,6,30,2,0,4,0
5813,1,6,30,2,1,2,2
5814,-1,6,30,2,1,4,2
5815,0,6,30,2,0,2,2
5816,1,6,30,2,1,0,1
5817,0,6,30,2,1,4,1
5818,1,6,30,2,1,4,1
5819,0,6,30,2,1,4,2
5820,-1,6,30,2,0,4,1
5821,1,6,30,2,0,3,0
5822,-1,6,30,2,1,4,0
5823,0,6,30,2,1,0,0
5824,1,6,30,2,0,4,0
5825,-1,6,30,2,2,1,0
5826,10,6,30,2,1,0,1
5827,-1,6,30,2,1,0,2
5828,1,6,30,2,1,4,1
5829,0,6,30,2,0,0,0
5830,0,6,30,2,1,0,2
5831,-1,2,13,1,0,4,2
5832,1,2,13,1,2,1,1
5833,1,2,13,1,2,1,1
5834,0,2,13,1,0,3,2
5835,0,2,13,1,1,4,2
5836,0,2,13,1,1,4,2
5837,0,2,13,1,2,1,2
5838,1,2,13,1,0,2,1
5839,0,2,13,1,0,4,1
5840,0,2,13,1,1,2,2
5841,1,2,13,1,2,1,2
5842,-1,2,13,1,0,4,2
5843,0,2,13,1,0,3,2
5844,1,2,13,1,0,4,1
5845,0,2,13,1,2,1,2
5846,0,2,13,1,0,0,2
5847,-1,2,13,1,1,4,1
5848,0,2,13,1,2,1,2
5849,0,2,13,1,0,3,1
5850,0,2,13,1,1,2,1
5851,0,2,13,1,1,2,2
5852,0,2,13,1,1,4,1
5853,0,2,13,1,2,1,2
5854,0,2,13,1,0,4,2
5855,0,2,13,1,2,1,2
5856,0,2,13,1,0,4,2
5857,0,2,13,1,1,4,1
5858,1,2,13,1,0,4,1
5859,-1,2,13,1,1,2,2
5860,0,2,13,1,1,4,2
5861,0,2,13,1,0,2,1
5862,-1,2,13,1,1,0,2
5863,0,2,13,1,1,4,0
5864,0,2,13,1,1,4,2
5865,0,2,13,1,1,4,2
5866,1,2,13,1,0,4,0
5867,0,2,13,1,0,3,0
5868,0,2,13,1,1,4,2
5869,0,2,13,1,1,0,2
5870,0,2,13,1,0,4,0
5871,-1,2,13,1,2,1,2
5872,1,2,13,1,1,0,1
5873,-1,2,13,1,1,0,2
5874,0,2,13,1,1,4,1
5875,1,2,13,1,0,0,0
5876,0,2,13,1,1,0,1
5877,10,6,33,6,0,3,0
5878,-1,6,33,6,1,2,1
5879,-1,6,33,6,1,2,2
5880,0,6,33,6,1,4,2
5881,-1,6,33,6,2,1,2
5882,-1,6,33,6,0,4,1
5883,1,6,33,6,2,1,2
5884,0,6,33,6,0,4,2
5885,0,6,33,6,1,4,1
5886,0,6,33,6,0,4,0
5887,0,6,33,6,1,2,2
5888,0,6,33,6,1,4,2
5889,-1,6,33,6,0,2,2
5890,0,6,33,6,1,0,1
5891,1,6,33,6,1,4,1
5892,0,6,33,6,1,4,1
5893,0,6,33,6,1,4,2
5894,1,6,33,6,0,4,1
5895,1,6,33,6,0,3,0
5896,-1,6,33,6,1,4,0
5897,0,6,33,6,1,0,0
5898,0,6,33,6,0,4,0
5899,-1,6,33,6,2,1,0
5900,10,6,33,6,1,0,1
5901,1,6,33,6,1,0,2
5902,0,6,33,6,1,4,1
5903,0,6,33,6,0,0,0
5904,-1,6,33,6,1,0,2
5905,1,6,6,6,0,4,2
5906,0,6,6,6,2,1,1
5907,-1,6,6,6,2,1,2
5908,0,6,6,6,0,3,1
5909,0,6,6,6,1,4,2
5910,0,6,6,6,1,4,2
5911,0,6,6,6,2,1,2
5912,0,6,6,6,0,2,2
5913,0,6,6,6,0,4,1
5914,1,6,6,6,1,2,2
5915,1,6,6,6,2,1,1
5916,0,6,6,6,0,4,1
5917,1,6,6,6,0,3,1
5918,-1,6,6,6,0,4,2
5919,0,6,6,6,2,1,2
5920,0,6,6,6,0,0,2
5921,1,6,6,6,1,4,2
5922,-1,6,6,6,2,1,2
5923,0,6,6,6,0,3,0
5924,1,6,6,6,1,2,1
5925,0,6,6,6,1,2,2
5926,0,6,6,6,1,4,2
5927,1,6,6,6,2,1,2
5928,1,6,6,6,0,4,1
5929,0,6,6,6,2,1,2
5930,-1,6,6,6,0,4,2
5931,-1,6,6,6,1,4,1
5932,10,6,6,6,0,4,0
5933,0,6,6,6,1,2,2
5934,1,6,6,6,1,4,2
5935,0,6,6,6,0,2,2
5936,0,6,6,6,1,0,1
5937,1,6,6,6,1,4,1
5938,-1,6,6,6,1,4,1
5939,0,6,6,6,1,4,2
5940,1,6,6,6,0,4,1
5941,1,6,6,6,0,3,0
5942,1,6,6,6,1,4,0
5943,0,6,6,6,1,0,0
5944,-1,6,6,6,0,4,0
5945,-1,6,6,6,2,1,0
5946,-1,6,6,6,1,0,1
5947,-1,6,6,6,1,0,2
5948,10,6,6,6,1,4,1
5949,10,6,6,6,0,0,0
5950,1,6,6,6,1,0,2
5951,1,1,6,6,2,1,2
5952,0,1,6,6,0,3,2
5953,0,1,6,6,1,4,2
5954,1,1,6,6,1,4,2
5955,1,1,6,6,2,1,2
5956,1,1,6,6,0,2,2
5957,-1,1,6,6,0,4,2
5958,-1,1,6,6,1,2,2
5959,0,1,6,6,2,1,1
5960,0,1,6,6,0,4,1
5961,0,1,6,6,0,3,2
5962,0,1,6,6,0,4,2
5963,0,1,6,6,2,1,2
5964,1,1,6,6,0,0,2
5965,0,1,6,6,1,4,1
5966,0,1,6,6,2,1,2
5967,0,1,6,6,0,3,0
5968,1,1,6,6,1,2,1
5969,-1,1,6,6,1,2,2
5970,1,1,6,6,1,4,1
5971,-1,1,6,6,2,1,2
5972,-1,1,6,6,0,4,1
5973,0,1,6,6,2,1,1
5974,-1,1,6,6,0,4,1
5975,-1,1,6,6,1,4,0
5976,1,1,6,6,0,4,2
5977,1,1,6,6,1,2,1
5978,1,1,6,6,1,4,2
5979,-1,1,6,6,0,2,1
5980,1,1,6,6,1,0,0
5981,10,1,6,6,1,4,0
5982,-1,1,6,6,1,4,2
5983,1,1,6,6,1,4,2
5984,0,1,6,6,0,4,2
5985,0,1,6,6,0,3,1
5986,1,1,6,6,1,4,1
5987,-1,1,6,6,1,0,1
5988,-1,1,6,6,0,4,1
5989,-1,1,6,6,2,1,0
5990,1,1,6,6,1,0,0
5991,10,1,6,6,1,0,1
5992,-1,1,6,6,1,4,0
5993,1,1,6,6,0,0,0
5994,-1,1,6,6,1,0,2
5995,0,6,12,1,0,4,2
5996,0,6,12,1,2,1,1
5997,0,6,12,1,2,1,2
5998,-1,6,12,1,0,3,1
5999,0,6,12,1,1,4,2
6000,0,6,12,1,1,4,2
6001,0,6,12,1,2,1,2
6002,1,6,12,1,0,2,2
6003,0,6,12,1,0,4,1
6004,1,6,12,1,1,2,2
6005,0,6,12,1,2,1,1
6006,0,6,12,1,0,4,1
6007,0,6,12,1,0,3,1
6008,0,6,12,1,0,4,2
6009,0,6,12,1,2,1,2
6010,0,6,12,1,0,0,2
6011,0,6,12,1,1,4,2
6012,0,6,12,1,2,1,2
6013,0,6,12,1,0,3,0
6014,0,6,12,1,1,2,1
6015,0,6,12,1,1,2,2
6016,0,6,12,1,1,4,2
6017,0,6,12,1,2,1,2
6018,0,6,12,1,0,4,1
6019,0,6,12,1,2,1,2
6020,1,6,12,1,0,4,2
6021,0,6,12,1,1,4,1
6022,0,6,12,1,0,4,0
6023,0,6,12,1,1,2,2
6024,1,6,12,1,1,4,2
6025,0,6,12,1,0,2,2
6026,0,6,12,1,1,0,1
6027,0,6,12,1,1,4,1
6028,-1,6,12,1,1,4,1
6029,0,6,12,1,1,4,2
6030,0,6,12,1,0,4,1
6031,0,6,12,1,0,3,0
6032,0,6,12,1,1,4,0
6033,0,6,12,1,1,0,0
6034,0,6,12,1,0,4,0
6035,0,6,12,1,2,1,0
6036,-1,6,12,1,1,0,1
6037,0,6,12,1,1,0,2
6038,1,6,12,1,1,4,1
6039,0,6,12,1,0,0,0
6040,0,6,12,1,1,0,2
6041,1,1,6,2,1,4,2
6042,1,1,6,2,1,4,2
6043,0,1,6,2,2,1,2
6044,1,1,6,2,0,2,2
6045,-1,1,6,2,0,4,2
6046,1,1,6,2,1,2,2
6047,1,1,6,2,2,1,1
6048,-1,1,6,2,0,4,1
6049,1,1,6,2,0,3,2
6050,0,1,6,2,0,4,2
6051,-1,1,6,2,2,1,2
6052,1,1,6,2,0,0,2
6053,1,1,6,2,1,4,1
6054,0,1,6,2,2,1,2
6055,1,1,6,2,0,3,0
6056,-1,1,6,2,1,2,1
6057,1,1,6,2,1,2,2
6058,1,1,6,2,1,4,1
6059,0,1,6,2,2,1,2
6060,0,1,6,2,0,4,1
6061,-1,1,6,2,2,1,1
6062,0,1,6,2,0,4,1
6063,-1,1,6,2,1,4,0
6064,1,1,6,2,0,4,2
6065,0,1,6,2,1,2,1
6066,0,1,6,2,1,4,2
6067,0,1,6,2,0,2,1
6068,0,1,6,2,1,0,0
6069,1,1,6,2,1,4,0
6070,0,1,6,2,1,4,2
6071,0,1,6,2,1,4,2
6072,0,1,6,2,0,4,2
6073,0,1,6,2,0,3,1
6074,0,1,6,2,1,4,1
6075,0,1,6,2,1,0,1
6076,-1,1,6,2,0,4,1
6077,-1,1,6,2,2,1,0
6078,-1,1,6,2,1,0,0
6079,0,1,6,2,1,0,1
6080,1,1,6,2,1,4,0
6081,0,1,6,2,0,0,0
6082,0,1,6,2,1,0,2
6169,0,4,16,2,0,4,2
6170,1,4,16,2,2,1,2
6171,1,4,16,2,2,1,2
6172,0,4,16,2,0,3,2
6173,-1,4,16,2,1,4,2
6174,1,4,16,2,1,4,1
6175,0,4,16,2,2,1,2
6176,0,4,16,2,0,2,2
6177,0,4,16,2,0,4,1
6178,0,4,16,2,1,2,1
6179,0,4,16,2,2,1,1
6180,1,4,16,2,0,4,1
6181,0,4,16,2,0,3,2
6182,0,4,16,2,0,4,1
6183,0,4,16,2,2,1,2
6184,1,4,16,2,0,0,2
6185,1,4,16,2,1,4,1
6186,0,4,16,2,2,1,2
6187,0,4,16,2,0,3,0
6188,0,4,16,2,1,2,1
6189,0,4,16,2,1,2,2
6190,0,4,16,2,1,4,2
6191,0,4,16,2,2,1,2
6192,-1,4,16,2,0,4,1
6193,0,4,16,2,2,1,1
6194,0,4,16,2,0,4,2
6195,-1,4,16,2,1,4,2
6196,0,4,16,2,0,4,1
6197,-1,4,16,2,1,2,1
6198,1,4,16,2,1,4,1
6199,0,4,16,2,0,2,2
6200,0,4,16,2,1,0,1
6201,1,4,16,2,1,4,0
6202,0,4,16,2,1,4,2
6203,-1,4,16,2,1,4,1
6204,0,4,16,2,0,4,1
6205,-1,4,16,2,0,3,1
6206,0,4,16,2,1,4,0
6207,1,4,16,2,1,0,1
6208,0,4,16,2,0,4,0
6209,-1,4,16,2,2,1,1
6210,10,4,16,2,1,0,1
6211,1,4,16,2,1,0,2
6212,1,4,16,2,1,4,1
6213,0,4,16,2,0,0,0
6214,-1,4,16,2,1,0,2
6215,0,1,20,5,0,4,2
6216,0,1,20,5,2,1,2
6217,0,1,20,5,2,1,2
6218,0,1,20,5,0,3,2
6219,-1,1,20,5,1,4,2
6220,0,1,20,5,1,4,2
6221,0,1,20,5,2,1,2
6222,0,1,20,5,0,2,2
6223,-1,1,20,5,0,4,2
6224,0,1,20,5,1,2,2
6225,-1,1,20,5,2,1,1
6226,1,1,20,5,0,4,1
6227,0,1,20,5,0,3,2
6228,0,1,20,5,0,4,2
6229,-1,1,20,5,2,1,2
6230,1,1,20,5,0,0,2
6231,0,1,20,5,1,4,1
6232,0,1,20,5,2,1,2
6233,0,1,20,5,0,3,0
6234,0,1,20,5,1,2,1
6235,1,1,20,5,1,2,2
6236,0,1,20,5,1,4,1
6237,0,1,20,5,2,1,2
6238,0,1,20,5,0,4,1
6239,0,1,20,5,2,1,1
6240,0,1,20,5,0,4,1
6241,0,1,20,5,1,4,0
6242,0,1,20,5,0,4,2
6243,0,1,20,5,1,2,1
6244,0,1,20,5,1,4,2
6245,0,1,20,5,0,2,1
6246,-1,1,20,5,1,0,0
6247,-1,1,20,5,1,4,0
6248,1,1,20,5,1,4,2
6249,0,1,20,5,1,4,2
6250,0,1,20,5,0,4,2
6251,1,1,20,5,0,3,1
6252,0,1,20,5,1,4,1
6253,0,1,20,5,1,0,1
6254,0,1,20,5,0,4,1
6255,-1,1,20,5,2,1,0
6256,0,1,20,5,1,0,0
6257,0,1,20,5,1,0,1
6258,0,1,20,5,1,4,0
6259,0,1,20,5,0,0,0
6260,-1,1,20,5,1,0,2
6261,1,4,20,5,2,1,2
6262,-1,4,20,5,0,0,2
6263,0,4,20,5,1,4,1
6264,1,4,20,5,2,1,2
6265,0,4,20,5,0,3,0
6266,0,4,20,5,1,2,1
6267,0,4,20,5,1,2,2
6268,0,4,20,5,1,4,2
6269,-1,4,20,5,2,1,2
6270,-1,4,20,5,0,4,1
6271,0,4,20,5,2,1,1
6272,-1,4,20,5,0,4,2
6273,0,4,20,5,1,4,2
6274,0,4,20,5,0,4,1
6275,0,4,20,5,1,2,1
6276,0,4,20,5,1,4,1
6277,0,4,20,5,0,2,2
6278,0,4,20,5,1,0,1
6279,0,4,20,5,1,4,0
6280,1,4,20,5,1,4,2
6281,-1,4,20,5,1,4,1
6282,-1,4,20,5,0,4,1
6283,0,4,20,5,0,3,1
6284,0,4,20,5,1,4,0
6285,-1,4,20,5,1,0,1
6286,1,4,20,5,0,4,0
6287,0,4,20,5,2,1,1
6288,1,4,20,5,1,0,1
6289,0,4,20,5,1,0,2
6290,1,4,20,5,1,4,1
6291,1,4,20,5,0,0,0
6292,-1,4,20,5,1,0,2
6293,0,1,11,4,0,4,2
6294,1,1,11,4,2,1,2
6295,0,1,11,4,2,1,2
6296,1,1,11,4,0,3,2
6297,0,1,11,4,1,4,2
6298,-1,1,11,4,1,4,2
6299,-1,1,11,4,2,1,2
6300,1,1,11,4,0,2,2
6301,0,1,11,4,0,4,2
6302,1,1,11,4,1,2,2
6303,0,1,11,4,2,1,1
6304,0,1,11,4,0,4,1
6305,-1,1,11,4,0,3,2
6306,-1,1,11,4,0,4,2
6307,1,1,11,4,2,1,2
6308,10,1,11,4,0,0,2
6309,-1,1,11,4,1,4,1
6310,1,1,11,4,2,1,2
6311,-1,1,11,4,0,3,0
6312,0,1,11,4,1,2,1
6313,0,1,11,4,1,2,2
6314,-1,1,11,4,1,4,1
6315,0,1,11,4,2,1,2
6316,-1,1,11,4,0,4,1
6317,1,1,11,4,2,1,1
6318,0,1,11,4,0,4,1
6319,1,1,11,4,1,4,0
6320,-1,1,11,4,0,4,2
6321,0,1,11,4,1,2,1
6322,1,1,11,4,1,4,2
6323,1,1,11,4,0,2,1
6324,-1,1,11,4,1,0,0
6325,-1,1,11,4,1,4,0
6326,0,1,11,4,1,4,2
6327,1,1,11,4,1,4,2
6328,0,1,11,4,0,4,2
6329,1,1,11,4,0,3,1
6330,-1,1,11,4,1,4,1
6331,-1,1,11,4,1,0,1
6332,1,1,11,4,0,4,1
6333,-1,1,11,4,2,1,0
6334,10,1,11,4,1,0,0
6335,10,1,11,4,1,0,1
6336,-1,1,11,4,1,4,0
6337,1,1,11,4,0,0,0
6338,-1,1,11,4,1,0,2
6339,0,4,8,3,0,4,2
6340,1,4,8,3,2,1,2
6341,1,4,8,3,2,1,2
6342,0,4,8,3,0,3,2
6343,0,4,8,3,1,4,2
6344,0,4,8,3,1,4,1
6345,0,4,8,3,2,1,2
6346,0,4,8,3,0,2,2
6347,0,4,8,3,0,4,1
6348,0,4,8,3,1,2,1
6349,0,4,8,3,2,1,1
6350,0,4,8,3,0,4,1
6351,0,4,8,3,0,3,2
6352,0,4,8,3,0,4,1
6353,1,4,8,3,2,1,2
6354,-1,4,8,3,0,0,2
6355,0,4,8,3,1,4,1
6356,1,4,8,3,2,1,2
6357,-1,4,8,3,0,3,0
6358,0,4,8,3,1,2,1
6359,0,4,8,3,1,2,2
6360,0,4,8,3,1,4,2
6361,0,4,8,3,2,1,2
6362,0,4,8,3,0,4,1
6363,0,4,8,3,2,1,1
6364,0,4,8,3,0,4,2
6365,0,4,8,3,1,4,2
6366,-1,4,8,3,0,4,1
6367,0,4,8,3,1,2,1
6368,0,4,8,3,1,4,1
6369,1,4,8,3,0,2,2
6370,1,4,8,3,1,0,1
6371,-1,4,8,3,1,4,0
6372,0,4,8,3,1,4,2
6373,0,4,8,3,1,4,1
6374,0,4,8,3,0,4,1
6375,0,4,8,3,0,3,1
6376,0,4,8,3,1,4,0
6377,0,4,8,3,1,0,1
6378,1,4,8,3,0,4,0
6379,-1,4,8,3,2,1,1
6380,10,4,8,3,1,0,1
6381,0,4,8,3,1,0,2
6382,1,4,8,3,1,4,1
6383,1,4,8,3,0,0,0
6384,-1,4,8,3,1,0,2
6385,0,6,13,2,0,4,2
6386,1,6,13,2,2,1,1
6387,0,6,13,2,2,1,2
6388,0,6,13,2,0,3,1
6389,1,6,13,2,1,4,2
6390,0,6,13,2,1,4,2
6391,0,6,13,2,2,1,2
6392,0,6,13,2,0,2,2
6393,-1,6,13,2,0,4,1
6394,0,6,13,2,1,2,2
6395,0,6,13,2,2,1,1
6396,0,6,13,2,0,4,1
6397,0,6,13,2,0,3,1
6398,0,6,13,2,0,4,2
6399,-1,6,13,2,2,1,2
6400,1,6,13,2,0,0,2
6401,-1,6,13,2,1,4,2
6402,1,6,13,2,2,1,2
6403,0,6,13,2,0,3,0
6404,1,6,13,2,1,2,1
6405,1,6,13,2,1,2,2
6406,0,6,13,2,1,4,2
6407,0,6,13,2,2,1,2
6408,-1,6,13,2,0,4,1
6409,0,6,13,2,2,1,2
6410,-1,6,13,2,0,4,2
6411,10,6,13,2,1,4,1
6412,-1,6,13,2,0,4,0
6413,0,6,13,2,1,2,2
6414,1,6,13,2,1,4,2
6415,1,6,13,2,0,2,2
6416,0,6,13,2,1,0,1
6417,0,6,13,2,1,4,1
6418,0,6,13,2,1,4,1
6419,0,6,13,2,1,4,2
6420,0,6,13,2,0,4,1
6421,0,6,13,2,0,3,0
6422,0,6,13,2,1,4,0
6423,0,6,13,2,1,0,0
6424,1,6,13,2,0,4,0
6425,-1,6,13,2,2,1,0
6426,10,6,13,2,1,0,1
6427,0,6,13,2,1,0,2
6428,0,6,13,2,1,4,1
6429,-1,6,13,2,0,0,0
6430,1,6,13,2,1,0,2
6431,1,4,13,2,0,4,2
6432,0,4,13,2,2,1,2
6433,1,4,13,2,2,1,2
6434,1,4,13,2,0,3,2
6435,0,4,13,2,1,4,2
6436,1,4,13,2,1,4,1
6437,0,4,13,2,2,1,2
6438,-1,4,13,2,0,2,2
6439,-1,4,13,2,0,4,1
6440,1,4,13,2,1,2,1
6441,-1,4,13,2,2,1,1
6442,-1,4,13,2,0,4,1
6443,1,4,13,2,0,3,2
6444,-1,4,13,2,0,4,1
6445,0,4,13,2,2,1,2
6446,0,4,13,2,0,0,2
6447,0,4,13,2,1,4,1
6448,1,4,13,2,2,1,2
6449,1,4,13,2,0,3,0
6450,-1,4,13,2,1,2,1
6451,1,4,13,2,1,2,2
6452,-1,4,13,2,1,4,2
6453,0,4,13,2,2,1,2
6454,0,4,13,2,0,4,1
6455,0,4,13,2,2,1,1
6456,1,4,13,2,0,4,2
6457,-1,4,13,2,1,4,2
6458,0,4,13,2,0,4,1
6459,1,4,13,2,1,2,1
6460,0,4,13,2,1,4,1
6461,0,4,13,2,0,2,2
6462,-1,4,13,2,1,0,1
6463,0,4,13,2,1,4,0
6464,0,4,13,2,1,4,2
6465,1,4,13,2,1,4,1
6466,0,4,13,2,0,4,1
6467,1,4,13,2,0,3,1
6468,0,4,13,2,1,4,0
6469,0,4,13,2,1,0,1
6470,1,4,13,2,0,4,0
6471,-1,4,13,2,2,1,1
6472,0,4,13,2,1,0,1
6473,1,4,13,2,1,0,2
6474,1,4,13,2,1,4,1
6475,0,4,13,2,0,0,0
6476,-1,4,13,2,1,0,2
6477,1,0,3,1,0,4,2
6478,1,0,3,1,2,1,2
6479,0,0,3,1,2,1,2
6480,0,0,3,1,0,3,2
6481,0,0,3,1,1,4,2
6482,0,0,3,1,1,4,2
6483,0,0,3,1,2,1,2
6484,0,0,3,1,0,2,2
6485,0,0,3,1,0,4,2
6486,-1,0,3,1,1,2,2
6487,1,0,3,1,2,1,2
6488,0,0,3,1,0,4,2
6489,1,0,3,1,0,3,2
6490,0,0,3,1,0,4,2
6491,0,0,3,1,2,1,2
6492,1,0,3,1,0,0,2
6493,0,0,3,1,1,4,2
6494,0,0,3,1,2,1,2
6495,1,0,3,1,0,3,2
6496,0,0,3,1,1,2,2
6497,1,0,3,1,1,2,2
6498,0,0,3,1,1,4,2
6499,0,0,3,1,2,1,2
6500,-1,0,3,1,0,4,2
6501,1,0,3,1,2,1,2
6502,0,0,3,1,0,4,2
6503,0,0,3,1,1,4,2
6504,0,0,3,1,0,4,2
6505,0,0,3,1,1,2,2
6506,0,0,3,1,1,4,2
6507,0,0,3,1,0,2,2
6508,0,0,3,1,1,0,2
6509,0,0,3,1,1,4,2
6510,0,0,3,1,1,4,2
6511,0,0,3,1,1,4,2
6512,0,0,3,1,0,4,2
6513,1,0,3,1,0,3,2
6514,-1,0,3,1,1,4,2
6515,0,0,3,1,1,0,2
6516,0,0,3,1,0,4,2
6517,-1,0,3,1,2,1,2
6518,0,0,3,1,1,0,2
6519,0,0,3,1,1,0,2
6520,0,0,3,1,1,4,2
6521,0,0,3,1,0,0,2
6522,0,0,3,1,1,0,2
6523,1,1,12,1,0,4,2
6524,1,1,12,1,2,1,2
6525,0,1,12,1,2,1,2
6526,0,1,12,1,0,3,2
6527,0,1,12,1,1,4,2
6528,0,1,12,1,1,4,2
6529,0,1,12,1,2,1,2
6530,0,1,12,1,0,2,2
6531,0,1,12,1,0,4,2
6532,0,1,12,1,1,2,2
6533,0,1,12,1,2,1,1
6534,1,1,12,1,0,4,1
6535,0,1,12,1,0,3,2
6536,0,1,12,1,0,4,2
6537,1,1,12,1,2,1,2
6538,0,1,12,1,0,0,2
6539,0,1,12,1,1,4,1
6540,0,1,12,1,2,1,2
6541,0,1,12,1,0,3,0
6542,0,1,12,1,1,2,1
6543,0,1,12,1,1,2,2
6544,1,1,12,1,1,4,1
6545,0,1,12,1,2,1,2
6546,0,1,12,1,0,4,1
6547,0,1,12,1,2,1,1
6548,0,1,12,1,0,4,1
6549,0,1,12,1,1,4,0
6550,0,1,12,1,0,4,2
6551,-1,1,12,1,1,2,1
6552,-1,1,12,1,1,4,2
6553,0,1,12,1,0,2,1
6554,0,1,12,1,1,0,0
6555,0,1,12,1,1,4,0
6556,0,1,12,1,1,4,2
6557,-1,1,12,1,1,4,2
6558,0,1,12,1,0,4,2
6559,0,1,12,1,0,3,1
6560,0,1,12,1,1,4,1
6561,0,1,12,1,1,0,1
6562,0,1,12,1,0,4,1
6563,-1,1,12,1,2,1,0
6564,1,1,12,1,1,0,0
6565,1,1,12,1,1,0,1
6566,0,1,12,1,1,4,0
6567,0,1,12,1,0,0,0
6568,0,1,12,1,1,0,2
6569,0,7,13,2,0,4,2
6570,1,7,13,2,2,1,2
6571,0,7,13,2,2,1,2
6572,0,7,13,2,0,3,1
6573,0,7,13,2,1,4,1
6574,0,7,13,2,1,4,1
6575,1,7,13,2,2,1,1
6576,0,7,13,2,0,2,2
6577,0,7,13,2,0,4,2
6578,1,7,13,2,1,2,1
6579,0,7,13,2,2,1,2
6580,0,7,13,2,0,4,2
6581,0,7,13,2,0,3,1
6582,0,7,13,2,0,4,2
6583,0,7,13,2,2,1,2
6584,0,7,13,2,0,0,2
6585,0,7,13,2,1,4,2
6586,0,7,13,2,2,1,2
6587,-1,7,13,2,0,3,2
6588,0,7,13,2,1,2,2
6589,-1,7,13,2,1,2,2
6590,0,7,13,2,1,4,2
6591,0,7,13,2,2,1,1
6592,0,7,13,2,0,4,0
6593,0,7,13,2,2,1,2
6594,-1,7,13,2,0,4,2
6595,0,7,13,2,1,4,2
6596,0,7,13,2,0,4,1
6597,0,7,13,2,1,2,2
6598,1,7,13,2,1,4,2
6599,-1,7,13,2,0,2,2
6600,-1,7,13,2,1,0,2
6601,1,7,13,2,1,4,0
6602,0,7,13,2,1,4,2
6603,1,7,13,2,1,4,1
6604,1,7,13,2,0,4,1
6605,1,7,13,2,0,3,1
6606,1,7,13,2,1,4,0
6607,0,7,13,2,1,0,0
6608,-1,7,13,2,0,4,2
6609,-1,7,13,2,2,1,0
6610,1,7,13,2,1,0,0
6611,0,7,13,2,1,0,2
6612,-1,7,13,2,1,4,2
6613,1,7,13,2,0,0,0
6614,-1,7,13,2,1,0,0
6707,0,2,16,0,0,4,2
6708,1,2,16,0,2,1,1
6709,0,2,16,0,2,1,1
6710,1,2,16,0,0,3,2
6711,-1,2,16,0,1,4,2
6712,-1,2,16,0,1,4,2
6713,0,2,16,0,2,1,2
6714,0,2,16,0,0,2,1
6715,0,2,16,0,0,4,1
6716,0,2,16,0,1,2,2
6717,0,2,16,0,2,1,2
6718,0,2,16,0,0,4,2
6719,0,2,16,0,0,3,2
6720,0,2,16,0,0,4,1
6721,0,2,16,0,2,1,2
6722,-1,2,16,0,0,0,2
6723,0,2,16,0,1,4,1
6724,0,2,16,0,2,1,2
6725,0,2,16,0,0,3,1
6726,0,2,16,0,1,2,1
6727,0,2,16,0,1,2,2
6728,0,2,16,0,1,4,1
6729,1,2,16,0,2,1,2
6730,-1,2,16,0,0,4,2
6731,1,2,16,0,2,1,2
6732,0,2,16,0,0,4,2
6733,0,2,16,0,1,4,1
6734,0,2,16,0,0,4,1
6735,-1,2,16,0,1,2,2
6736,1,2,16,0,1,4,2
6737,0,2,16,0,0,2,1
6738,-1,2,16,0,1,0,2
6739,1,2,16,0,1,4,0
6740,0,2,16,0,1,4,2
6741,0,2,16,0,1,4,2
6742,0,2,16,0,0,4,0
6743,1,2,16,0,0,3,0
6744,1,2,16,0,1,4,2
6745,-1,2,16,0,1,0,2
6746,0,2,16,0,0,4,0
6747,-1,2,16,0,2,1,2
6748,1,2,16,0,1,0,1
6749,0,2,16,0,1,0,2
6750,0,2,16,0,1,4,1
6751,0,2,16,0,0,0,0
6752,0,2,16,0,1,0,1
6753,0,7,20,0,0,4,2
6754,1,7,20,0,2,1,2
6755,0,7,20,0,2,1,2
6756,0,7,20,0,0,3,1
6757,0,7,20,0,1,4,1
6758,0,7,20,0,1,4,1
6759,1,7,20,0,2,1,1
6760,1,7,20,0,0,2,2
6761,1,7,20,0,0,4,2
6762,0,7,20,0,1,2,1
6763,-1,7,20,0,2,1,2
6764,0,7,20,0,0,4,2
6765,1,7,20,0,0,3,1
6766,0,7,20,0,0,4,2
6767,-1,7,20,0,2,1,2
6768,-1,7,20,0,0,0,2
6769,0,7,20,0,1,4,2
6770,0,7,20,0,2,1,2
6771,0,7,20,0,0,3,2
6772,0,7,20,0,1,2,2
6773,0,7,20,0,1,2,2
6774,0,7,20,0,1,4,2
6775,0,7,20,0,2,1,1
6776,-1,7,20,0,0,4,0
6777,0,7,20,0,2,1,2
6778,0,7,20,0,0,4,2
6779,0,7,20,0,1,4,2
6780,0,7,20,0,0,4,1
6781,0,7,20,0,1,2,2
6782,0,7,20,0,1,4,2
6783,0,7,20,0,0,2,2
6784,0,7,20,0,1,0,2
6785,0,7,20,0,1,4,0
6786,0,7,20,0,1,4,2
6787,1,7,20,0,1,4,1
6788,0,7,20,0,0,4,1
6789,1,7,20,0,0,3,1
6790,1,7,20,0,1,4,0
6791,0,7,20,0,1,0,0
6792,0,7,20,0,0,4,2
6793,-1,7,20,0,2,1,0
6794,1,7,20,0,1,0,0
6795,0,7,20,0,1,0,2
6796,1,7,20,0,1,4,2
6797,0,7,20,0,0,0,0
6798,-1,7,20,0,1,0,0
6799,1,9,20,5,0,4,2
6800,1,9,20,5,2,1,2
6801,0,9,20,5,2,1,0
6802,-1,9,20,5,0,3,0
6803,0,9,20,5,1,4,2
6804,0,9,20,5,1,4,2
6805,1,9,20,5,2,1,2
6806,0,9,20,5,0,2,2
6807,0,9,20,5,0,4,2
6808,-1,9,20,5,1,2,2
6809,-1,9,20,5,2,1,2
6810,0,9,20,5,0,4,2
6811,0,9,20,5,0,3,2
6812,0,9,20,5,0,4,2
6813,0,9,20,5,1,4,0
6814,0,9,20,5,2,1,1
6815,0,9,20,5,0,3,0
6816,0,9,20,5,1,2,2
6817,0,9,20,5,1,2,2
6818,0,9,20,5,1,4,2
6819,0,9,20,5,2,1,2
6820,0,9,20,5,0,4,1
6821,0,9,20,5,2,1,2
6822,0,9,20,5,0,4,1
6823,0,9,20,5,1,4,2
6824,0,9,20,5,0,4,1
6825,0,9,20,5,1,2,2
6826,0,9,20,5,1,4,2
6827,0,9,20,5,0,2,2
6828,0,9,20,5,1,0,2
6829,0,9,20,5,1,4,1
6830,0,9,20,5,1,4,1
6831,0,9,20,5,1,4,0
6832,0,9,20,5,0,4,0
6833,0,9,20,5,0,3,1
6834,0,9,20,5,1,4,0
6835,0,9,20,5,1,0,1
6836,0,9,20,5,0,4,2
6837,-1,9,20,5,2,1,0
6838,1,9,20,5,1,0,0
6839,1,9,20,5,1,0,0
6840,0,9,20,5,1,4,2
6841,1,9,20,5,0,0,1
6842,0,9,20,5,1,0,0
6843,0,7,8,1,0,4,2
6844,0,7,8,1,2,1,2
6845,0,7,8,1,2,1,2
6846,0,7,8,1,0,3,1
6847,-1,7,8,1,1,4,1
6848,1,7,8,1,1,4,1
6849,1,7,8,1,2,1,1
6850,-1,7,8,1,0,2,2
6851,0,7,8,1,0,4,2
6852,1,7,8,1,1,2,1
6853,0,7,8,1,2,1,2
6854,1,7,8,1,0,4,2
6855,-1,7,8,1,0,3,1
6856,0,7,8,1,0,4,2
6857,1,7,8,1,2,1,2
6858,-1,7,8,1,0,0,2
6859,1,7,8,1,1,4,2
6860,-1,7,8,1,2,1,2
6861,0,7,8,1,0,3,2
6862,0,7,8,1,1,2,2
6863,0,7,8,1,1,2,2
6864,0,7,8,1,1,4,2
6865,0,7,8,1,2,1,1
6866,0,7,8,1,0,4,0
6867,0,7,8,1,2,1,2
6868,-1,7,8,1,0,4,2
6869,1,7,8,1,1,4,2
6870,0,7,8,1,0,4,1
6871,-1,7,8,1,1,2,2
6872,1,7,8,1,1,4,2
6873,0,7,8,1,0,2,2
6874,0,7,8,1,1,0,2
6875,0,7,8,1,1,4,0
6876,0,7,8,1,1,4,2
6877,0,7,8,1,1,4,1
6878,1,7,8,1,0,4,1
6879,0,7,8,1,0,3,1
6880,1,7,8,1,1,4,0
6881,-1,7,8,1,1,0,0
6882,1,7,8,1,0,4,2
6883,-1,7,8,1,2,1,0
6884,0,7,8,1,1,0,0
6885,0,7,8,1,1,0,2
6886,0,7,8,1,1,4,2
6887,0,7,8,1,0,0,0
6888,0,7,8,1,1,0,0
6889,10,1,13,3,2,1,1
6890,0,1,13,3,0,4,1
6891,10,1,13,3,1,4,0
6892,1,1,13,3,0,4,2
6893,10,1,13,3,1,2,1
6894,1,1,13,3,1,4,2
6895,1,1,13,3,0,2,1
6896,0,1,13,3,1,0,0
6897,-1,1,13,3,1,4,0
6898,0,1,13,3,1,4,2
6899,1,1,13,3,1,4,2
6900,-1,1,13,3,0,4,2
6901,1,1,13,3,0,3,1
6902,1,1,13,3,1,4,1
6903,0,1,13,3,1,0,1
6904,0,1,13,3,0,4,1
6905,-1,1,13,3,2,1,0
6906,1,1,13,3,1,0,0
6907,-1,1,13,3,1,0,1
6908,-1,1,13,3,1,4,0
6909,1,1,13,3,0,0,0
6910,-1,1,13,3,1,0,2
6911,0,7,16,0,0,4,2
6912,0,7,16,0,2,1,2
6913,0,7,16,0,2,1,2
6914,0,7,16,0,0,3,1
6915,0,7,16,0,1,4,1
6916,1,7,16,0,1,4,1
6917,1,7,16,0,2,1,1
6918,1,7,16,0,0,2,2
6919,0,7,16,0,0,4,2
6920,0,7,16,0,1,2,1
6921,0,7,16,0,2,1,2
6922,0,7,16,0,0,4,2
6923,0,7,16,0,0,3,1
6924,0,7,16,0,0,4,2
6925,0,7,16,0,2,1,2
6926,0,7,16,0,0,0,2
6927,0,7,16,0,1,4,2
6928,0,7,16,0,2,1,2
6929,-1,7,16,0,0,3,2
6930,0,7,16,0,1,2,2
6931,0,7,16,0,1,2,2
6932,0,7,16,0,1,4,2
6933,0,7,16,0,2,1,1
6934,0,7,16,0,0,4,0
6935,0,7,16,0,2,1,2
6936,0,7,16,0,0,4,2
6937,0,7,16,0,1,4,2
6938,0,7,16,0,0,4,1
6939,0,7,16,0,1,2,2
6940,0,7,16,0,1,4,2
6941,0,7,16,0,0,2,2
6942,0,7,16,0,1,0,2
6943,0,7,16,0,1,4,0
6944,0,7,16,0,1,4,2
6945,0,7,16,0,1,4,1
6946,1,7,16,0,0,4,1
6947,0,7,16,0,0,3,1
6948,0,7,16,0,1,4,0
6949,0,7,16,0,1,0,0
6950,0,7,16,0,0,4,2
6951,-1,7,16,0,2,1,0
6952,1,7,16,0,1,0,0
6953,0,7,16,0,1,0,2
6954,0,7,16,0,1,4,2
6955,0,7,16,0,0,0,0
6956,0,7,16,0,1,0,0
6957,1,8,13,2,0,4,2
6958,0,8,13,2,2,1,2
6959,-1,8,13,2,2,1,2
6960,0,8,13,2,0,3,2
6961,1,8,13,2,1,4,2
6962,0,8,13,2,1,4,2
6963,0,8,13,2,2,1,2
6964,0,8,13,2,0,2,0
6965,1,8,13,2,0,4,2
6966,0,8,13,2,1,2,1
6967,0,8,13,2,2,1,2
6968,0,8,13,2,0,4,2
6969,-1,8,13,2,0,3,2
6970,1,8,13,2,0,4,1
6971,1,8,13,2,2,1,2
6972,0,8,13,2,0,0,2
6973,0,8,13,2,1,4,1
6974,0,8,13,2,2,1,2
6975,0,8,13,2,0,3,0
6976,0,8,13,2,1,2,1
6977,1,8,13,2,1,2,2
6978,-1,8,13,2,1,4,2
6979,-1,8,13,2,2,1,2
6980,0,8,13,2,0,4,2
6981,0,8,13,2,2,1,2
6982,0,8,13,2,0,4,2
6983,-1,8,13,2,1,4,0
6984,1,8,13,2,0,4,2
6985,1,8,13,2,1,2,1
6986,0,8,13,2,1,4,2
6987,1,8,13,2,0,2,0
6988,-1,8,13,2,1,0,2
6989,0,8,13,2,1,4,0
6990,0,8,13,2,1,4,2
6991,0,8,13,2,1,4,0
6992,0,8,13,2,0,4,1
6993,0,8,13,2,0,3,0
6994,0,8,13,2,1,4,1
6995,0,8,13,2,1,0,1
6996,0,8,13,2,0,4,1
6997,-1,8,13,2,2,1,1
6998,1,8,13,2,1,0,0
6999,1,8,13,2,1,0,2
7000,0,8,13,2,1,4,1
7001,0,8,13,2,0,0,0
7002,0,8,13,2,1,0,2
7003,0,2,16,0,0,4,2
7004,0,2,16,5,0,4,2
7005,0,2,16,0,0,4,2
7006,0,2,16,5,0,4,2
7007,0,2,16,0,2,1,1
7008,0,2,16,5,2,1,1
7009,0,2,16,0,2,1,1
7010,0,2,16,5,2,1,1
7011,0,2,16,0,2,1,1
7012,0,2,16,5,2,1,1
7013,0,2,16,0,2,1,1
7014,0,2,16,5,2,1,1
7015,-1,2,16,0,0,3,2
7016,-1,2,16,5,0,3,2
7017,-1,2,16,0,0,3,2
7018,-1,2,16,5,0,3,2
7019,-1,2,16,0,1,4,2
7020,-1,2,16,5,1,4,2
7021,-1,2,16,0,1,4,2
7022,-1,2,16,5,1,4,2
7023,0,2,16,0,1,4,2
7024,0,2,16,5,1,4,2
7025,0,2,16,0,1,4,2
7026,0,2,16,5,1,4,2
7027,0,2,16,0,2,1,2
7028,0,2,16,5,2,1,2
7029,0,2,16,0,2,1,2
7030,0,2,16,5,2,1,2
7031,1,2,16,0,0,2,1
7032,1,2,16,5,0,2,1
7033,1,2,16,0,0,2,1
7034,1,2,16,5,0,2,1
7035,-1,2,16,0,0,4,1
7036,-1,2,16,5,0,4,1
7037,-1,2,16,0,0,4,1
7038,-1,2,16,5,0,4,1
7039,0,2,16,0,1,2,2
7040,0,2,16,5,1,2,2
7041,0,2,16,0,1,2,2
7042,0,2,16,5,1,2,2
7043,1,2,16,0,2,1,2
7044,1,2,16,5,2,1,2
7045,1,2,16,0,2,1,2
7046,1,2,16,5,2,1,2
7047,0,2,16,0,0,4,2
7048,0,2,16,5,0,4,2
7049,0,2,16,0,0,4,2
7050,0,2,16,5,0,4,2
7051,0,2,16,0,0,3,2
7052,0,2,16,5,0,3,2
7053,0,2,16,0,0,3,2
7054,0,2,16,5,0,3,2
7055,1,2,16,0,0,4,1
7056,1,2,16,5,0,4,1
7057,1,2,16,0,0,4,1
7058,1,2,16,5,0,4,1
7059,0,2,16,0,2,1,2
7060,0,2,16,5,2,1,2
7061,0,2,16,0,2,1,2
7062,0,2,16,5,2,1,2
7063,0,2,16,0,0,0,2
7064,0,2,16,5,0,0,2
7065,0,2,16,0,0,0,2
7066,0,2,16,5,0,0,2
7067,0,2,16,0,1,4,1
7068,0,2,16,5,1,4,1
7069,0,2,16,0,1,4,1
7070,0,2,16,5,1,4,1
7071,0,2,16,0,2,1,2
7072,0,2,16,5,2,1,2
7073,0,2,16,0,2,1,2
7074,0,2,16,5,2,1,2
7075,0,2,16,0,0,3,1
7076,0,2,16,5,0,3,1
7077,0,2,16,0,0,3,1
7078,0,2,16,5,0,3,1
7079,0,2,16,0,1,2,1
7080,0,2,16,5,1,2,1
7081,0,2,16,0,1,2,1
7082,0,2,16,5,1,2,1
7083,0,2,16,0,1,2,2
7084,0,2,16,5,1,2,2
7085,0,2,16,0,1,2,2
7086,0,2,16,5,1,2,2
7087,0,2,16,0,1,4,1
7088,0,2,16,5,1,4,1
7089,0,2,16,0,1,4,1
7090,0,2,16,5,1,4,1
7091,0,2,16,0,2,1,2
7092,0,2,16,5,2,1,2
7093,0,2,16,0,2,1,2
7094,0,2,16,5,2,1,2
7095,0,2,16,0,0,4,2
7096,0,2,16,5,0,4,2
7097,0,2,16,0,0,4,2
7098,0,2,16,5,0,4,2
7099,0,2,16,0,2,1,2
7100,0,2,16,5,2,1,2
7101,0,2,16,0,2,1,2
7102,0,2,16,5,2,1,2
7103,0,2,16,0,0,4,2
7104,0,2,16,5,0,4,2
7105,0,2,16,0,0,4,2
7106,0,2,16,5,0,4,2
7107,0,2,16,0,1,4,1
7108,0,2,16,5,1,4,1
7109,0,2,16,0,1,4,1
7110,0,2,16,5,1,4,1
7111,0,2,16,0,0,4,1
7112,0,2,16,5,0,4,1
7113,0,2,16,0,0,4,1
7114,0,2,16,5,0,4,1
7115,0,2,16,0,1,2,2
7116,0,2,16,5,1,2,2
7117,0,2,16,0,1,2,2
7118,0,2,16,5,1,2,2
7119,0,2,16,0,1,4,2
7120,0,2,16,5,1,4,2
7121,0,2,16,0,1,4,2
7122,0,2,16,5,1,4,2
7123,0,2,16,0,0,2,1
7124,0,2,16,5,0,2,1
7125,0,2,16,0,0,2,1
7126,0,2,16,5,0,2,1
7127,0,2,16,0,1,0,2
7128,0,2,16,5,1,0,2
7129,0,2,16,0,1,0,2
7130,0,2,16,5,1,0,2
7131,0,2,16,0,1,4,0
7132,0,2,16,5,1,4,0
7133,0,2,16,0,1,4,0
7134,0,2,16,5,1,4,0
7135,0,2,16,0,1,4,2
7136,0,2,16,5,1,4,2
7137,0,2,16,0,1,4,2
7138,0,2,16,5,1,4,2
7139,0,2,16,0,1,4,2
7140,0,2,16,5,1,4,2
7141,0,2,16,0,1,4,2
7142,0,2,16,5,1,4,2
7143,1,2,16,0,0,4,0
7144,1,2,16,5,0,4,0
7145,1,2,16,0,0,4,0
7146,1,2,16,5,0,4,0
7147,0,2,16,0,0,3,0
7148,0,2,16,5,0,3,0
7149,0,2,16,0,0,3,0
7150,0,2,16,5,0,3,0
7151,0,2,16,0,1,4,2
7152,0,2,16,5,1,4,2
7153,0,2,16,0,1,4,2
7154,0,2,16,5,1,4,2
7155,0,2,16,0,1,0,2
7156,0,2,16,5,1,0,2
7157,0,2,16,0,1,0,2
7158,0,2,16,5,1,0,2
7159,0,2,16,0,0,4,0
7160,0,2,16,5,0,4,0
7161,0,2,16,0,0,4,0
7162,0,2,16,5,0,4,0
7163,0,2,16,0,2,1,2
7164,0,2,16,5,2,1,2
7165,0,2,16,0,2,1,2
7166,0,2,16,5,2,1,2
7167,1,2,16,0,1,0,1
7168,1,2,16,5,1,0,1
7169,1,2,16,0,1,0,1
7170,1,2,16,5,1,0,1
7171,-1,2,16,0,1,0,2
7172,-1,2,16,5,1,0,2
7173,-1,2,16,0,1,0,2
7174,-1,2,16,5,1,0,2
7175,1,2,16,0,1,4,1
7176,1,2,16,5,1,4,1
7177,1,2,16,0,1,4,1
7178,1,2,16,5,1,4,1
7179,0,2,16,0,0,0,0
7180,0,2,16,5,0,0,0
7181,0,2,16,0,0,0,0
7182,0,2,16,5,0,0,0
7183,0,2,16,0,1,0,1
7184,0,2,16,5,1,0,1
7185,0,2,16,0,1,0,1
7186,0,2,16,5,1,0,1
7187,0,2,6,1,0,4,2
7188,1,2,6,1,2,1,1
7189,1,2,6,1,2,1,1
7190,1,2,6,1,0,3,2
7191,-1,2,6,1,1,4,2
7192,0,2,6,1,1,4,2
7193,1,2,6,1,2,1,2
7194,0,2,6,1,0,2,1
7195,0,2,6,1,0,4,1
7196,0,2,6,1,1,2,2
7197,1,2,6,1,2,1,2
7198,0,2,6,1,0,4,2
7199,0,2,6,1,0,3,2
7200,0,2,6,1,0,4,1
7201,0,2,6,1,2,1,2
7202,1,2,6,1,0,0,2
7203,0,2,6,1,1,4,1
7204,0,2,6,1,2,1,2
7205,-1,2,6,1,0,3,1
7206,0,2,6,1,1,2,1
7207,-1,2,6,1,1,2,2
7208,0,2,6,1,1,4,1
7209,0,2,6,1,2,1,2
7210,0,2,6,1,0,4,2
7211,1,2,6,1,2,1,2
7212,-1,2,6,1,0,4,2
7213,1,2,6,1,1,4,1
7214,-1,2,6,1,0,4,1
7215,0,2,6,1,1,2,2
7216,1,2,6,1,1,4,2
7217,0,2,6,1,0,2,1
7218,0,2,6,1,1,0,2
7219,-1,2,6,1,1,4,0
7220,1,2,6,1,1,4,2
7221,0,2,6,1,1,4,2
7222,0,2,6,1,0,4,0
7223,0,2,6,1,0,3,0
7224,0,2,6,1,1,4,2
7225,1,2,6,1,1,0,2
7226,0,2,6,1,0,4,0
7227,-1,2,6,1,2,1,2
7228,1,2,6,1,1,0,1
7229,0,2,6,1,1,0,2
7230,1,2,6,1,1,4,1
7231,0,2,6,1,0,0,0
7232,-1,2,6,1,1,0,1
7233,1,9,16,5,0,4,2
7234,0,9,16,5,2,1,2
7235,0,9,16,5,2,1,0
7236,0,9,16,5,0,3,0
7237,1,9,16,5,1,4,2
7238,0,9,16,5,1,4,2
7239,1,9,16,5,2,1,2
7240,1,9,16,5,0,2,2
7241,1,9,16,5,0,4,2
7242,0,9,16,5,1,2,2
7243,0,9,16,5,2,1,2
7244,0,9,16,5,0,4,2
7245,0,9,16,5,0,3,2
7246,1,9,16,5,0,4,2
7247,0,9,16,5,2,1,2
7248,0,9,16,5,0,0,1
7249,0,9,16,5,1,4,0
7250,0,9,16,5,2,1,1
7251,-1,9,16,5,0,3,0
7252,1,9,16,5,1,2,2
7253,-1,9,16,5,1,2,2
7254,0,9,16,5,1,4,2
7255,0,9,16,5,2,1,2
7256,0,9,16,5,0,4,1
7257,0,9,16,5,2,1,2
7258,0,9,16,5,0,4,1
7259,0,9,16,5,1,4,2
7260,0,9,16,5,0,4,1
7261,-1,9,16,5,1,2,2
7262,1,9,16,5,1,4,2
7263,0,9,16,5,0,2,2
7264,0,9,16,5,1,0,2
7265,0,9,16,5,1,4,1
7266,0,9,16,5,1,4,1
7267,1,9,16,5,1,4,0
7268,0,9,16,5,0,4,0
7269,1,9,16,5,0,3,1
7270,1,9,16,5,1,4,0
7271,0,9,16,5,1,0,1
7272,-1,9,16,5,0,4,2
7273,0,9,16,5,2,1,0
7274,1,9,16,5,1,0,0
7275,0,9,16,5,1,0,0
7276,0,9,16,5,1,4,2
7277,0,9,16,5,0,0,1
7278,0,9,16,5,1,0,0
7279,-1,7,17,5,0,4,2
7280,-1,7,17,0,0,4,2
7281,1,7,17,5,2,1,2
7282,1,7,17,0,2,1,2
7283,0,7,17,5,2,1,2
7284,0,7,17,0,2,1,2
7285,-1,7,17,5,0,3,1
7286,-1,7,17,0,0,3,1
7287,0,7,17,5,1,4,1
7288,0,7,17,0,1,4,1
7289,1,7,17,5,1,4,1
7290,1,7,17,0,1,4,1
7291,1,7,17,5,2,1,1
7292,1,7,17,0,2,1,1
7293,0,7,17,5,0,2,2
7294,0,7,17,0,0,2,2
7295,1,7,17,5,0,4,2
7296,1,7,17,0,0,4,2
7297,0,7,17,5,1,2,1
7298,0,7,17,0,1,2,1
7299,0,7,17,5,2,1,2
7300,0,7,17,0,2,1,2
7301,0,7,17,5,0,4,2
7302,0,7,17,0,0,4,2
7303,0,7,17,5,0,3,1
7304,0,7,17,0,0,3,1
7305,0,7,17,5,0,4,2
7306,0,7,17,0,0,4,2
7307,0,7,17,5,2,1,2
7308,0,7,17,0,2,1,2
7309,0,7,17,5,0,0,2
7310,0,7,17,0,0,0,2
7311,0,7,17,5,1,4,2
7312,0,7,17,0,1,4,2
7313,0,7,17,5,2,1,2
7314,0,7,17,0,2,1,2
7315,0,7,17,5,0,3,2
7316,0,7,17,0,0,3,2
7317,0,7,17,5,1,2,2
7318,0,7,17,0,1,2,2
7319,0,7,17,5,1,2,2
7320,0,7,17,0,1,2,2
7321,0,7,17,5,1,4,2
7322,0,7,17,0,1,4,2
7323,-1,7,17,5,2,1,1
7324,-1,7,17,0,2,1,1
7325,0,7,17,5,0,4,0
7326,0,7,17,0,0,4,0
7327,0,7,17,5,2,1,2
7328,0,7,17,0,2,1,2
7329,0,7,17,5,0,4,2
7330,0,7,17,0,0,4,2
7331,0,7,17,5,1,4,2
7332,0,7,17,0,1,4,2
7333,1,7,17,5,0,4,1
7334,1,7,17,0,0,4,1
7335,0,7,17,5,1,2,2
7336,0,7,17,0,1,2,2
7337,0,7,17,5,1,4,2
7338,0,7,17,0,1,4,2
7339,0,7,17,5,0,2,2
7340,0,7,17,0,0,2,2
7341,0,7,17,5,1,0,2
7342,0,7,17,0,1,0,2
7343,0,7,17,5,1,4,0
7344,0,7,17,0,1,4,0
7345,0,7,17,5,1,4,2
7346,0,7,17,0,1,4,2
7347,1,7,17,5,1,4,1
7348,1,7,17,0,1,4,1
7349,1,7,17,5,0,4,1
7350,1,7,17,0,0,4,1
7351,1,7,17,5,0,3,1
7352,1,7,17,0,0,3,1
7353,1,7,17,5,1,4,0
7354,1,7,17,0,1,4,0
7355,0,7,17,5,1,0,0
7356,0,7,17,0,1,0,0
7357,1,7,17,5,0,4,2
7358,1,7,17,0,0,4,2
7359,-1,7,17,5,2,1,0
7360,-1,7,17,0,2,1,0
7361,1,7,17,5,1,0,0
7362,1,7,17,0,1,0,0
7363,-1,7,17,5,1,0,2
7364,-1,7,17,0,1,0,2
7365,0,7,17,5,1,4,2
7366,0,7,17,0,1,4,2
7367,-1,7,17,5,0,0,0
7368,-1,7,17,0,0,0,0
7369,0,7,17,5,1,0,0
7370,0,7,17,0,1,0,0
7371,0,6,16,0,0,4,2
7372,0,6,16,0,2,1,1
7373,0,6,16,0,2,1,2
7374,0,6,16,0,0,3,1
7375,0,6,16,0,1,4,2
7376,0,6,16,0,1,4,2
7377,0,6,16,0,2,1,2
7378,0,6,16,0,0,2,2
7379,-1,6,16,0,0,4,1
7380,0,6,16,0,1,2,2
7381,0,6,16,0,2,1,1
7382,0,6,16,0,0,4,1
7383,0,6,16,0,0,3,1
7384,0,6,16,0,0,4,2
7385,0,6,16,0,2,1,2
7386,0,6,16,0,0,0,2
7387,0,6,16,0,1,4,2
7388,0,6,16,0,2,1,2
7389,0,6,16,0,0,3,0
7390,0,6,16,0,1,2,1
7391,0,6,16,0,1,2,2
7392,0,6,16,0,1,4,2
7393,0,6,16,0,2,1,2
7394,0,6,16,0,0,4,1
7395,0,6,16,0,2,1,2
7396,0,6,16,0,0,4,2
7397,0,6,16,0,1,4,1
7398,0,6,16,0,0,4,0
7399,0,6,16,0,1,2,2
7400,0,6,16,0,1,4,2
7401,0,6,16,0,0,2,2
7402,0,6,16,0,1,0,1
7403,0,6,16,0,1,4,1
7404,0,6,16,0,1,4,1
7405,0,6,16,0,1,4,2
7406,0,6,16,0,0,4,1
7407,0,6,16,0,0,3,0
7408,0,6,16,0,1,4,0
7409,0,6,16,0,1,0,0
7410,0,6,16,0,0,4,0
7411,0,6,16,0,2,1,0
7412,1,6,16,0,1,0,1
7413,0,6,16,0,1,0,2
7414,0,6,16,0,1,4,1
7415,0,6,16,0,0,0,0
7416,0,6,16,0,1,0,2
7417,1,6,30,1,0,4,2
7418,-1,6,30,1,2,1,1
7419,1,6,30,1,2,1,2
7420,-1,6,30,1,0,3,1
7421,1,6,30,1,1,4,2
7422,1,6,30,1,1,4,2
7423,0,6,30,1,2,1,2
7424,0,6,30,1,0,2,2
7425,0,6,30,1,0,4,1
7426,0,6,30,1,1,2,2
7427,0,6,30,1,2,1,1
7428,-1,6,30,1,0,4,1
7429,0,6,30,1,0,3,1
7430,1,6,30,1,0,4,2
7431,1,6,30,1,2,1,2
7432,-1,6,30,1,0,0,2
7433,0,6,30,1,1,4,2
7434,1,6,30,1,2,1,2
7435,-1,6,30,1,0,3,0
7436,-1,6,30,1,1,2,1
7437,1,6,30,1,1,2,2
7438,1,6,30,1,1,4,2
7439,-1,6,30,1,2,1,2
7440,10,6,30,1,0,4,1
7441,-1,6,30,1,2,1,2
7442,0,6,30,1,0,4,2
7443,0,6,30,1,1,4,1
7444,0,6,30,1,0,4,0
7445,-1,6,30,1,1,2,2
7446,1,6,30,1,1,4,2
7447,1,6,30,1,0,2,2
7448,-1,6,30,1,1,0,1
7449,-1,6,30,1,1,4,1
7450,0,6,30,1,1,4,1
7451,0,6,30,1,1,4,2
7452,0,6,30,1,0,4,1
7453,0,6,30,1,0,3,0
7454,0,6,30,1,1,4,0
7455,-1,6,30,1,1,0,0
7456,1,6,30,1,0,4,0
7457,-1,6,30,1,2,1,0
7458,-1,6,30,1,1,0,1
7459,10,6,30,1,1,0,2
7460,1,6,30,1,1,4,1
7461,-1,6,30,1,0,0,0
7462,1,6,30,1,1,0,2
7463,0,5,16,5,0,4,2
7464,1,5,16,5,2,1,2
7465,0,5,16,5,2,1,2
7466,0,5,16,5,0,3,1
7467,0,5,16,5,1,4,2
7468,0,5,16,5,1,4,2
7469,1,5,16,5,2,1,2
7470,0,5,16,5,0,2,2
7471,1,5,16,5,0,4,2
7472,0,5,16,5,1,2,1
7473,1,5,16,5,2,1,2
7474,0,5,16,5,0,4,1
7475,-1,5,16,5,0,3,1
7476,1,5,16,5,0,4,1
7477,0,5,16,5,2,1,2
7478,0,5,16,5,0,0,2
7479,0,5,16,5,1,4,2
7480,0,5,16,5,2,1,2
7481,0,5,16,5,0,3,1
7482,0,5,16,5,1,2,1
7483,0,5,16,5,1,2,2
7484,1,5,16,5,1,4,2
7485,0,5,16,5,2,1,2
7486,-1,5,16,5,0,4,2
7487,0,5,16,5,2,1,2
7488,0,5,16,5,0,4,2
7489,0,5,16,5,1,4,1
7490,0,5,16,5,0,4,1
7491,0,5,16,5,1,2,2
7492,1,5,16,5,1,4,2
7493,0,5,16,5,0,2,2
7494,-1,5,16,5,1,0,1
7495,0,5,16,5,1,4,0
7496,0,5,16,5,1,4,2
7497,1,5,16,5,1,4,2
7498,0,5,16,5,0,4,1
7499,0,5,16,5,0,3,0
7500,1,5,16,5,1,4,1
7501,-1,5,16,5,1,0,2
7502,0,5,16,5,0,4,1
7503,-1,5,16,5,2,1,1
7504,1,5,16,5,1,0,2
7505,0,5,16,5,1,0,1
7506,0,5,16,5,1,4,0
7507,0,5,16,5,0,0,0
7508,0,5,16,5,1,0,1
7509,0,6,12,2,0,4,2
7510,1,6,12,2,2,1,1
7511,0,6,12,2,2,1,2
7512,-1,6,12,2,0,3,1
7513,1,6,12,2,1,4,2
7514,-1,6,12,2,1,4,2
7515,0,6,12,2,2,1,2
7516,-1,6,12,2,0,2,2
7517,1,6,12,2,0,4,1
7518,-1,6,12,2,1,2,2
7519,1,6,12,2,2,1,1
7520,0,6,12,2,0,4,1
7521,0,6,12,2,0,3,1
7522,0,6,12,2,0,4,2
7523,1,6,12,2,2,1,2
7524,0,6,12,2,0,0,2
7525,10,6,12,2,1,4,2
7526,0,6,12,2,2,1,2
7527,1,6,12,2,0,3,0
7528,0,6,12,2,1,2,1
7529,1,6,12,2,1,2,2
7530,0,6,12,2,1,4,2
7531,-1,6,12,2,2,1,2
7532,-1,6,12,2,0,4,1
7533,-1,6,12,2,2,1,2
7534,1,6,12,2,0,4,2
7535,0,6,12,2,1,4,1
7536,0,6,12,2,0,4,0
7537,-1,6,12,2,1,2,2
7538,-1,6,12,2,1,4,2
7539,0,6,12,2,0,2,2
7540,1,6,12,2,1,0,1
7541,0,6,12,2,1,4,1
7542,1,6,12,2,1,4,1
7543,-1,6,12,2,1,4,2
7544,1,6,12,2,0,4,1
7545,1,6,12,2,0,3,0
7546,0,6,12,2,1,4,0
7547,-1,6,12,2,1,0,0
7548,0,6,12,2,0,4,0
7549,-1,6,12,2,2,1,0
7550,1,6,12,2,1,0,1
7551,1,6,12,2,1,0,2
7552,0,6,12,2,1,4,1
7553,1,6,12,2,0,0,0
7554,0,6,12,2,1,0,2
7555,-1,0,28,0,0,4,2
7556,1,0,28,0,2,1,2
7557,0,0,28,0,2,1,2
7558,1,0,28,0,0,3,2
7559,1,0,28,0,1,4,2
7560,1,0,28,0,1,4,2
7561,-1,0,28,0,2,1,2
7562,-1,0,28,0,0,2,2
7563,0,0,28,0,0,4,2
7564,-1,0,28,0,1,2,2
7565,0,0,28,0,2,1,2
7566,0,0,28,0,0,4,2
7567,0,0,28,0,0,3,2
7568,0,0,28,0,0,4,2
7569,0,0,28,0,2,1,2
7570,-1,0,28,0,0,0,2
7571,-1,0,28,0,1,4,2
7572,1,0,28,0,2,1,2
7573,0,0,28,0,0,3,2
7574,0,0,28,0,1,2,2
7575,0,0,28,0,1,2,2
7576,0,0,28,0,1,4,2
7577,0,0,28,0,2,1,2
7578,0,0,28,0,0,4,2
7579,-1,0,28,0,2,1,2
7580,-1,0,28,0,0,4,2
7581,1,0,28,0,1,4,2
7582,0,0,28,0,0,4,2
7583,0,0,28,0,1,2,2
7584,10,0,28,0,1,4,2
7585,0,0,28,0,0,2,2
7586,1,0,28,0,1,0,2
7587,0,0,28,0,1,4,2
7588,0,0,28,0,1,4,2
7589,0,0,28,0,1,4,2
7590,-1,0,28,0,0,4,2
7591,1,0,28,0,0,3,2
7592,-1,0,28,0,1,4,2
7593,0,0,28,0,1,0,2
7594,1,0,28,0,0,4,2
7595,-1,0,28,0,2,1,2
7596,1,0,28,0,1,0,2
7597,0,0,28,0,1,0,2
7598,1,0,28,0,1,4,2
7599,0,0,28,0,0,0,2
7600,0,0,28,0,1,0,2
7601,0,3,13,1,1,4,0
7602,0,3,13,1,2,1,1
7603,1,3,13,1,0,3,0
7604,0,3,13,1,1,2,2
7605,0,3,13,1,1,2,2
7606,0,3,13,1,1,4,2
7607,0,3,13,1,2,1,2
7608,1,3,13,1,0,4,1
7609,1,3,13,1,2,1,2
7610,0,3,13,1,0,4,2
7611,0,3,13,1,1,4,1
7612,0,3,13,1,0,4,2
7613,0,3,13,1,1,2,2
7614,1,3,13,1,1,4,2
7615,0,3,13,1,0,2,2
7616,-1,3,13,1,1,0,2
7617,1,3,13,1,1,4,1
7618,-1,3,13,1,1,4,2
7619,0,3,13,1,1,4,1
7620,0,3,13,1,0,4,0
7621,0,3,13,1,0,3,1
7622,1,3,13,1,1,4,2
7623,-1,3,13,1,1,0,2
7624,-1,3,13,1,0,4,2
7625,-1,3,13,1,2,1,1
7626,-1,3,13,1,1,0,0
7627,10,3,13,1,1,0,2
7628,1,3,13,1,1,4,2
7629,1,3,13,1,0,0,1
7630,0,3,13,1,1,0,0
7677,-10,1,11,6,0,4,2
7678,10,1,11,6,0,3,2
7679,10,1,11,6,1,4,2
7680,10,1,11,6,1,4,2
7681,10,1,11,6,2,1,2
7682,1,1,11,6,0,2,2
7683,0,1,11,6,0,4,2
7684,-1,1,11,6,1,2,2
7685,-1,1,11,6,2,1,1
7686,1,1,11,6,0,4,1
7687,-1,1,11,6,0,3,2
7688,-10,1,11,6,0,4,2
7689,10,1,11,6,0,3,0
7690,1,1,11,6,1,2,1
7691,0,1,11,6,1,2,2
7692,-1,1,11,6,1,4,1
7693,-1,1,11,6,2,1,2
7694,0,1,11,6,0,4,1
7695,0,1,11,6,2,1,1
7696,1,1,11,6,0,4,1
7697,-1,1,11,6,1,4,0
7698,-10,1,11,6,0,4,2
7699,10,1,11,6,1,2,1
7700,-1,1,11,6,1,4,2
7701,-10,1,11,6,0,2,1
7702,10,1,11,6,1,0,0
7703,10,1,11,6,1,4,0
7704,1,1,11,6,1,4,2
7705,0,1,11,6,1,4,2
7706,1,1,11,6,0,4,2
7707,10,1,11,6,0,3,1
7708,0,1,11,6,1,4,1
7709,-1,1,11,6,1,0,1
7710,0,1,11,6,0,4,1
7711,-1,1,11,6,2,1,0
7712,1,1,11,6,1,0,0
7713,1,1,11,6,1,0,1
7714,0,1,11,6,1,4,0
7715,1,1,11,6,0,0,0
7716,1,1,11,6,1,0,2
7717,1,6,6,3,0,4,2
7718,-1,6,6,3,2,1,1
7719,1,6,6,3,2,1,2
7720,0,6,6,3,0,3,1
7721,0,6,6,3,1,4,2
7722,-1,6,6,3,1,4,2
7723,-1,6,6,3,2,1,2
7724,-1,6,6,3,0,2,2
7725,0,6,6,3,0,4,1
7726,1,6,6,3,1,2,2
7727,0,6,6,3,2,1,1
7728,0,6,6,3,0,4,1
7729,-1,6,6,3,0,3,1
7730,1,6,6,3,0,4,2
7731,0,6,6,3,2,1,2
7732,0,6,6,3,0,0,2
7733,0,6,6,3,1,4,2
7734,0,6,6,3,2,1,2
7735,0,6,6,3,0,3,0
7736,-1,6,6,3,1,2,1
7737,1,6,6,3,1,2,2
7738,0,6,6,3,1,4,2
7739,1,6,6,3,2,1,2
7740,0,6,6,3,0,4,1
7741,0,6,6,3,2,1,2
7742,-1,6,6,3,0,4,2
7743,1,6,6,3,1,4,1
7744,0,6,6,3,0,4,0
7745,1,6,6,3,1,2,2
7746,1,6,6,3,1,4,2
7747,-1,6,6,3,0,2,2
7748,0,6,6,3,1,0,1
7749,1,6,6,3,1,4,1
7750,-1,6,6,3,1,4,1
7751,0,6,6,3,1,4,2
7752,0,6,6,3,0,4,1
7753,0,6,6,3,0,3,0
7754,0,6,6,3,1,4,0
7755,0,6,6,3,1,0,0
7756,0,6,6,3,0,4,0
7757,-1,6,6,3,2,1,0
7758,0,6,6,3,1,0,1
7759,1,6,6,3,1,0,2
7760,1,6,6,3,1,4,1
7761,-1,6,6,3,0,0,0
7762,10,6,6,3,1,0,2
7763,1,0,8,1,0,4,2
7764,0,0,8,1,2,1,2
7765,1,0,8,1,2,1,2
7766,-1,0,8,1,0,3,2
7767,1,0,8,1,1,4,2
7768,-1,0,8,1,1,4,2
7769,1,0,8,1,2,1,2
7770,0,0,8,1,0,2,2
7771,-1,0,8,1,0,4,2
7772,-1,0,8,1,1,2,2
7773,-1,0,8,1,2,1,2
7774,0,0,8,1,0,4,2
7775,0,0,8,1,0,3,2
7776,0,0,8,1,0,4,2
7777,0,0,8,1,2,1,2
7778,0,0,8,1,0,0,2
7779,-1,0,8,1,1,4,2
7780,0,0,8,1,2,1,2
7781,0,0,8,1,0,3,2
7782,-1,0,8,1,1,2,2
7783,0,0,8,1,1,2,2
7784,0,0,8,1,1,4,2
7785,-1,0,8,1,2,1,2
7786,0,0,8,1,0,4,2
7787,0,0,8,1,2,1,2
7788,0,0,8,1,0,4,2
7789,1,0,8,1,1,4,2
7790,0,0,8,1,0,4,2
7791,0,0,8,1,1,2,2
7792,0,0,8,1,1,4,2
7793,0,0,8,1,0,2,2
7794,0,0,8,1,1,0,2
7795,0,0,8,1,1,4,2
7796,0,0,8,1,1,4,2
7797,0,0,8,1,1,4,2
7798,0,0,8,1,0,4,2
7799,1,0,8,1,0,3,2
7800,0,0,8,1,1,4,2
7801,-1,0,8,1,1,0,2
7802,1,0,8,1,0,4,2
7803,-1,0,8,1,2,1,2
7804,1,0,8,1,1,0,2
7805,1,0,8,1,1,0,2
7806,0,0,8,1,1,4,2
7807,1,0,8,1,0,0,2
7808,1,0,8,1,1,0,2
7809,1,6,8,2,0,0,0
7810,-1,6,8,2,1,0,2
7811,1,4,6,3,1,4,1
7812,0,4,6,3,2,1,2
7813,-1,4,6,3,0,2,2
7814,1,4,6,3,0,4,1
7815,0,4,6,3,1,2,1
7816,0,4,6,3,2,1,1
7817,0,4,6,3,0,4,1
7818,0,4,6,3,0,3,2
7819,-1,4,6,3,0,4,1
7820,0,4,6,3,2,1,2
7821,0,4,6,3,0,0,2
7822,0,4,6,3,1,4,1
7823,0,4,6,3,2,1,2
7824,-1,4,6,3,0,3,0
7825,0,4,6,3,1,2,1
7826,0,4,6,3,1,2,2
7827,0,4,6,3,1,4,2
7828,0,4,6,3,2,1,2
7829,0,4,6,3,0,4,1
7830,-1,4,6,3,2,1,1
7831,0,4,6,3,0,4,2
7832,0,4,6,3,1,4,2
7833,0,4,6,3,0,4,1
7834,0,4,6,3,1,2,1
7835,0,4,6,3,1,4,1
7836,0,4,6,3,0,2,2
7837,0,4,6,3,1,0,1
7838,0,4,6,3,1,4,0
7839,0,4,6,3,1,4,2
7840,0,4,6,3,1,4,1
7841,1,4,6,3,0,4,1
7842,0,4,6,3,0,3,1
7843,1,4,6,3,1,4,0
7844,-1,4,6,3,1,0,1
7845,0,4,6,3,0,4,0
7846,-1,4,6,3,2,1,1
7847,1,4,6,3,1,0,1
7848,1,4,6,3,1,0,2
7849,1,4,6,3,1,4,1
7850,0,4,6,3,0,0,0
7851,-1,4,6,3,1,0,2
7898,0,8,6,2,0,4,2
7899,1,8,6,2,2,1,2
7900,0,8,6,2,2,1,2
7901,0,8,6,2,0,3,2
7902,0,8,6,2,1,4,2
7903,0,8,6,2,1,4,2
7904,0,8,6,2,2,1,2
7905,0,8,6,2,0,2,0
7906,1,8,6,2,0,4,2
7907,0,8,6,2,1,2,1
7908,0,8,6,2,2,1,2
7909,0,8,6,2,0,4,2
7910,0,8,6,2,0,3,2
7911,-1,8,6,2,0,4,1
7912,1,8,6,2,2,1,2
7913,0,8,6,2,0,0,2
7914,0,8,6,2,1,4,1
7915,-1,8,6,2,2,1,2
7916,1,8,6,2,0,3,0
7917,-1,8,6,2,1,2,1
7918,0,8,6,2,1,2,2
7919,0,8,6,2,1,4,2
7920,0,8,6,2,2,1,2
7921,0,8,6,2,0,4,2
7922,0,8,6,2,2,1,2
7923,-1,8,6,2,0,4,2
7924,-1,8,6,2,1,4,0
7925,-1,8,6,2,0,4,2
7926,1,8,6,2,1,2,1
7927,1,8,6,2,1,4,2
7928,-1,8,6,2,0,2,0
7929,0,8,6,2,1,0,2
7930,0,8,6,2,1,4,0
7931,0,8,6,2,1,4,2
7932,0,8,6,2,1,4,0
7933,0,8,6,2,0,4,1
7934,1,8,6,2,0,3,0
7935,0,8,6,2,1,4,1
7936,0,8,6,2,1,0,1
7937,0,8,6,2,0,4,1
7938,-1,8,6,2,2,1,1
7939,1,8,6,2,1,0,0
7940,1,8,6,2,1,0,2
7941,0,8,6,2,1,4,1
7942,1,8,6,2,0,0,0
7943,-1,8,6,2,1,0,2
7944,1,1,6,2,0,4,2
7945,-1,1,6,2,2,1,2
7946,0,1,6,2,2,1,2
7947,-1,1,6,2,0,3,2
7948,0,1,6,2,1,4,2
7949,0,1,6,2,1,4,2
7950,0,1,6,2,2,1,2
7951,0,1,6,2,0,2,2
7952,0,1,6,2,0,4,2
7953,0,1,6,2,1,2,2
7954,0,1,6,2,2,1,1
7955,0,1,6,2,0,4,1
7956,0,1,6,2,0,3,2
7957,0,1,6,2,0,4,2
7958,0,1,6,2,2,1,2
7959,0,1,6,2,0,0,2
7960,1,1,6,2,1,4,1
7961,0,1,6,2,2,1,2
7962,0,1,6,2,0,3,0
7963,-1,1,6,2,1,2,1
7964,0,1,6,2,1,2,2
7965,0,1,6,2,1,4,1
7966,0,1,6,2,2,1,2
7967,-1,1,6,2,0,4,1
7968,0,1,6,2,2,1,1
7969,0,1,6,2,0,4,1
7970,0,1,6,2,1,4,0
7971,0,1,6,2,0,4,2
7972,0,1,6,2,1,2,1
7973,0,1,6,2,1,4,2
7974,1,1,6,2,0,2,1
7975,-1,1,6,2,1,0,0
7976,0,1,6,2,1,4,0
7977,0,1,6,2,1,4,2
7978,1,1,6,2,1,4,2
7979,0,1,6,2,0,4,2
7980,0,1,6,2,0,3,1
7981,0,1,6,2,1,4,1
7982,-1,1,6,2,1,0,1
7983,0,1,6,2,0,4,1
7984,-1,1,6,2,2,1,0
7985,1,1,6,2,1,0,0
7986,10,1,6,2,1,0,1
7987,1,1,6,2,1,4,0
7988,0,1,6,2,0,0,0
7989,-1,1,6,2,1,0,2
7990,0,2,8,2,0,4,2
7991,0,2,8,2,2,1,1
7992,1,2,8,2,2,1,1
7993,1,2,8,2,0,3,2
7994,0,2,8,2,1,4,2
7995,0,2,8,2,1,4,2
7996,1,2,8,2,2,1,2
7997,1,2,8,2,0,2,1
7998,-1,2,8,2,0,4,1
7999,0,2,8,2,1,2,2
8000,0,2,8,2,2,1,2
8001,0,2,8,2,0,4,2
8002,0,2,8,2,0,3,2
8003,0,2,8,2,0,4,1
8004,-1,2,8,2,2,1,2
8005,0,2,8,2,0,0,2
8006,1,2,8,2,1,4,1
8007,-1,2,8,2,2,1,2
8008,1,2,8,2,0,3,1
8009,0,2,8,2,1,2,1
8010,0,2,8,2,1,2,2
8011,1,2,8,2,1,4,1
8012,0,2,8,2,2,1,2
8013,0,2,8,2,0,4,2
8014,0,2,8,2,2,1,2
8015,1,2,8,2,0,4,2
8016,0,2,8,2,1,4,1
8017,1,2,8,2,0,4,1
8018,0,2,8,2,1,2,2
8019,0,2,8,2,1,4,2
8020,0,2,8,2,0,2,1
8021,0,2,8,2,1,0,2
8022,1,2,8,2,1,4,0
8023,-1,2,8,2,1,4,2
8024,0,2,8,2,1,4,2
8025,1,2,8,2,0,4,0
8026,1,2,8,2,0,3,0
8027,1,2,8,2,1,4,2
8028,-1,2,8,2,1,0,2
8029,0,2,8,2,0,4,0
8030,-1,2,8,2,2,1,2
8031,1,2,8,2,1,0,1
8032,-1,2,8,2,1,0,2
8033,0,2,8,2,1,4,1
8034,0,2,8,2,0,0,0
8035,-1,2,8,2,1,0,1
8036,1,4,8,1,0,4,2
8037,0,4,8,1,2,1,2
8038,-1,4,8,1,2,1,2
8039,0,4,8,1,0,3,2
8040,0,4,8,1,1,4,2
8041,0,4,8,1,1,4,1
8042,1,4,8,1,2,1,2
8043,0,4,8,1,0,2,2
8044,0,4,8,1,0,4,1
8045,0,4,8,1,1,2,1
8046,0,4,8,1,2,1,1
8047,0,4,8,1,0,4,1
8048,0,4,8,1,0,3,2
8049,-1,4,8,1,0,4,1
8050,0,4,8,1,2,1,2
8051,0,4,8,1,0,0,2
8052,0,4,8,1,1,4,1
8053,0,4,8,1,2,1,2
8054,0,4,8,1,0,3,0
8055,-1,4,8,1,1,2,1
8056,0,4,8,1,1,2,2
8057,0,4,8,1,1,4,2
8058,0,4,8,1,2,1,2
8059,1,4,8,1,0,4,1
8060,-1,4,8,1,2,1,1
8061,-1,4,8,1,0,4,2
8062,0,4,8,1,1,4,2
8063,0,4,8,1,0,4,1
8064,0,4,8,1,1,2,1
8065,1,4,8,1,1,4,1
8066,0,4,8,1,0,2,2
8067,0,4,8,1,1,0,1
8068,1,4,8,1,1,4,0
8069,-1,4,8,1,1,4,2
8070,1,4,8,1,1,4,1
8071,1,4,8,1,0,4,1
8072,1,4,8,1,0,3,1
8073,0,4,8,1,1,4,0
8074,0,4,8,1,1,0,1
8075,0,4,8,1,0,4,0
8076,-1,4,8,1,2,1,1
8077,1,4,8,1,1,0,1
8078,0,4,8,1,1,0,2
8079,1,4,8,1,1,4,1
8080,0,4,8,1,0,0,0
8081,-1,4,8,1,1,0,2
8082,1,1,6,2,0,4,2
8083,-1,1,6,2,2,1,2
8084,0,1,6,2,2,1,2
8085,0,1,6,2,0,3,2
8086,0,1,6,2,1,4,2
8087,0,1,6,2,1,4,2
8088,0,1,6,2,2,1,2
8089,0,1,6,2,0,2,2
8090,0,1,6,2,0,4,2
8091,-1,1,6,2,1,2,2
8092,0,1,6,2,2,1,1
8093,0,1,6,2,0,4,1
8094,0,1,6,2,0,3,2
8095,0,1,6,2,0,4,2
8096,-1,1,6,2,2,1,2
8097,0,1,6,2,0,0,2
8098,0,1,6,2,1,4,1
8099,0,1,6,2,2,1,2
8100,0,1,6,2,0,3,0
8101,-1,1,6,2,1,2,1
8102,0,1,6,2,1,2,2
8103,0,1,6,2,1,4,1
8104,0,1,6,2,2,1,2
8105,-1,1,6,2,0,4,1
8106,0,1,6,2,2,1,1
8107,0,1,6,2,0,4,1
8108,0,1,6,2,1,4,0
8109,1,1,6,2,0,4,2
8110,-1,1,6,2,1,2,1
8111,0,1,6,2,1,4,2
8112,0,1,6,2,0,2,1
8113,-1,1,6,2,1,0,0
8114,1,1,6,2,1,4,0
8115,-1,1,6,2,1,4,2
8116,0,1,6,2,1,4,2
8117,0,1,6,2,0,4,2
8118,0,1,6,2,0,3,1
8119,0,1,6,2,1,4,1
8120,0,1,6,2,1,0,1
8121,0,1,6,2,0,4,1
8122,-1,1,6,2,2,1,0
8123,1,1,6,2,1,0,0
8124,1,1,6,2,1,0,1
8125,0,1,6,2,1,4,0
8126,-1,1,6,2,0,0,0
8127,0,1,6,2,1,0,2
8128,-1,6,12,1,0,4,2
8129,1,6,12,1,2,1,1
8130,-1,6,12,1,2,1,2
8131,0,6,12,1,0,3,1
8132,0,6,12,1,1,4,2
8133,0,6,12,1,1,4,2
8134,0,6,12,1,2,1,2
8135,-1,6,12,1,0,2,2
8136,1,6,12,1,0,4,1
8137,1,6,12,1,1,2,2
8138,0,6,12,1,2,1,1
8139,-1,6,12,1,0,4,1
8140,1,6,12,1,0,3,1
8141,1,6,12,1,0,4,2
8142,1,6,12,1,2,1,2
8143,0,6,12,1,0,0,2
8144,0,6,12,1,1,4,2
8145,0,6,12,1,2,1,2
8146,1,6,12,1,0,3,0
8147,0,6,12,1,1,2,1
8148,1,6,12,1,1,2,2
8149,-1,6,12,1,1,4,2
8150,0,6,12,1,2,1,2
8151,-1,6,12,1,0,4,1
8152,0,6,12,1,2,1,2
8153,-1,6,12,1,0,4,2
8154,1,6,12,1,1,4,1
8155,0,6,12,1,0,4,0
8156,-1,6,12,1,1,2,2
8157,1,6,12,1,1,4,2
8158,0,6,12,1,0,2,2
8159,0,6,12,1,1,0,1
8160,-1,6,12,1,1,4,1
8161,0,6,12,1,1,4,1
8162,1,6,12,1,1,4,2
8163,1,6,12,1,0,4,1
8164,0,6,12,1,0,3,0
8165,-1,6,12,1,1,4,0
8166,-1,6,12,1,1,0,0
8167,0,6,12,1,0,4,0
8168,-1,6,12,1,2,1,0
8169,10,6,12,1,1,0,1
8170,1,6,12,1,1,0,2
8171,0,6,12,1,1,4,1
8172,-1,6,12,1,0,0,0
8173,-1,6,12,1,1,0,2
8174,0,5,16,1,0,4,2
8175,0,5,16,1,2,1,2
8176,-1,5,16,1,2,1,2
8177,1,5,16,1,0,3,1
8178,0,5,16,1,1,4,2
8179,0,5,16,1,1,4,2
8180,0,5,16,1,2,1,2
8181,0,5,16,1,0,2,2
8182,0,5,16,1,0,4,2
8183,0,5,16,1,1,2,1
8184,-1,5,16,1,2,1,2
8185,0,5,16,1,0,4,1
8186,1,5,16,1,0,3,1
8187,0,5,16,1,0,4,1
8188,0,5,16,1,2,1,2
8189,0,5,16,1,0,0,2
8190,0,5,16,1,1,4,2
8191,0,5,16,1,2,1,2
8192,0,5,16,1,0,3,1
8193,0,5,16,1,1,2,1
8194,0,5,16,1,1,2,2
8195,0,5,16,1,1,4,2
8196,1,5,16,1,2,1,2
8197,0,5,16,1,0,4,2
8198,0,5,16,1,2,1,2
8199,0,5,16,1,0,4,2
8200,0,5,16,1,1,4,1
8201,0,5,16,1,0,4,1
8202,0,5,16,1,1,2,2
8203,0,5,16,1,1,4,2
8204,0,5,16,1,0,2,2
8205,0,5,16,1,1,0,1
8206,0,5,16,1,1,4,0
8207,0,5,16,1,1,4,2
8208,0,5,16,1,1,4,2
8209,0,5,16,1,0,4,1
8210,0,5,16,1,0,3,0
8211,0,5,16,1,1,4,1
8212,0,5,16,1,1,0,2
8213,0,5,16,1,0,4,1
8214,0,5,16,1,2,1,1
8215,1,5,16,1,1,0,2
8216,1,5,16,1,1,0,1
8217,0,5,16,1,1,4,0
8218,0,5,16,1,0,0,0
8219,0,5,16,1,1,0,1
8220,0,7,13,2,0,4,2
8221,0,7,13,2,2,1,2
8222,0,7,13,2,2,1,2
8223,0,7,13,2,0,3,1
8224,0,7,13,2,1,4,1
8225,0,7,13,2,1,4,1
8226,0,7,13,2,2,1,1
8227,1,7,13,2,0,2,2
8228,1,7,13,2,0,4,2
8229,1,7,13,2,1,2,1
8230,0,7,13,2,2,1,2
8231,0,7,13,2,0,4,2
8232,0,7,13,2,0,3,1
8233,0,7,13,2,0,4,2
8234,0,7,13,2,2,1,2
8235,0,7,13,2,0,0,2
8236,0,7,13,2,1,4,2
8237,-1,7,13,2,2,1,2
8238,0,7,13,2,0,3,2
8239,10,7,13,2,1,2,2
8240,0,7,13,2,1,2,2
8241,-1,7,13,2,1,4,2
8242,-1,7,13,2,2,1,1
8243,0,7,13,2,0,4,0
8244,0,7,13,2,2,1,2
8245,0,7,13,2,0,4,2
8246,0,7,13,2,1,4,2
8247,0,7,13,2,0,4,1
8248,0,7,13,2,1,2,2
8249,0,7,13,2,1,4,2
8250,0,7,13,2,0,2,2
8251,0,7,13,2,1,0,2
8252,0,7,13,2,1,4,0
8253,0,7,13,2,1,4,2
8254,0,7,13,2,1,4,1
8255,1,7,13,2,0,4,1
8256,1,7,13,2,0,3,1
8257,0,7,13,2,1,4,0
8258,0,7,13,2,1,0,0
8259,-1,7,13,2,0,4,2
8260,-1,7,13,2,2,1,0
8261,1,7,13,2,1,0,0
8262,0,7,13,2,1,0,2
8263,1,7,13,2,1,4,2
8264,-1,7,13,2,0,0,0
8265,-1,7,13,2,1,0,0
8266,10,7,6,2,0,4,2
8267,1,7,6,2,2,1,2
8268,0,7,6,2,2,1,2
8269,0,7,6,2,0,3,1
8270,0,7,6,2,1,4,1
8271,-1,7,6,2,1,4,1
8272,1,7,6,2,2,1,1
8273,0,7,6,2,0,2,2
8274,1,7,6,2,0,4,2
8275,1,7,6,2,1,2,1
8276,0,7,6,2,2,1,2
8277,1,7,6,2,0,4,2
8278,1,7,6,2,0,3,1
8279,0,7,6,2,0,4,2
8280,0,7,6,2,2,1,2
8281,0,7,6,2,0,0,2
8282,0,7,6,2,1,4,2
8283,0,7,6,2,2,1,2
8284,0,7,6,2,0,3,2
8285,-1,7,6,2,1,2,2
8286,0,7,6,2,1,2,2
8287,0,7,6,2,1,4,2
8288,-1,7,6,2,2,1,1
8289,-1,7,6,2,0,4,0
8290,-1,7,6,2,2,1,2
8291,-1,7,6,2,0,4,2
8292,-1,7,6,2,1,4,2
8293,0,7,6,2,0,4,1
8294,-1,7,6,2,1,2,2
8295,1,7,6,2,1,4,2
8296,-1,7,6,2,0,2,2
8297,0,7,6,2,1,0,2
8298,-1,7,6,2,1,4,0
8299,0,7,6,2,1,4,2
8300,0,7,6,2,1,4,1
8301,-1,7,6,2,0,4,1
8302,0,7,6,2,0,3,1
8303,-1,7,6,2,1,4,0
8304,-1,7,6,2,1,0,0
8305,1,7,6,2,0,4,2
8306,-1,7,6,2,2,1,0
8307,1,7,6,2,1,0,0
8308,10,7,6,2,1,0,2
8309,0,7,6,2,1,4,2
8310,-1,7,6,2,0,0,0
8311,0,7,6,2,1,0,0
8312,0,8,27,2,1,0,2
8313,0,1,8,3,0,4,2
8314,-1,1,8,3,2,1,2
8315,10,1,8,3,2,1,2
8316,1,1,8,3,0,3,2
8317,0,1,8,3,1,4,2
8318,0,1,8,3,1,4,2
8319,0,1,8,3,2,1,2
8320,1,1,8,3,0,2,2
8321,-1,1,8,3,0,4,2
8322,0,1,8,3,1,2,2
8323,-1,1,8,3,2,1,1
8324,0,1,8,3,0,4,1
8325,0,1,8,3,0,3,2
8326,0,1,8,3,0,4,2
8327,0,1,8,3,2,1,2
8328,0,1,8,3,0,0,2
8329,0,1,8,3,1,4,1
8330,0,1,8,3,2,1,2
8331,0,1,8,3,0,3,0
8332,0,1,8,3,1,2,1
8333,0,1,8,3,1,2,2
8334,-1,1,8,3,1,4,1
8335,0,1,8,3,2,1,2
8336,0,1,8,3,0,4,1
8337,1,1,8,3,2,1,1
8338,0,1,8,3,0,4,1
8339,-1,1,8,3,1,4,0
8340,0,1,8,3,0,4,2
8341,1,1,8,3,1,2,1
8342,0,1,8,3,1,4,2
8343,0,1,8,3,0,2,1
8344,0,1,8,3,1,0,0
8345,0,1,8,3,1,4,0
8346,0,1,8,3,1,4,2
8347,0,1,8,3,1,4,2
8348,1,1,8,3,0,4,2
8349,1,1,8,3,0,3,1
8350,0,1,8,3,1,4,1
8351,0,1,8,3,1,0,1
8352,0,1,8,3,0,4,1
8353,-1,1,8,3,2,1,0
8354,1,1,8,3,1,0,0
8355,1,1,8,3,1,0,1
8356,1,1,8,3,1,4,0
8357,0,1,8,3,0,0,0
8358,-1,1,8,3,1,0,2
8359,-1,4,16,5,0,4,2
8360,-1,4,16,5,2,1,2
8361,0,4,16,5,2,1,2
8362,1,4,16,5,0,3,2
8363,0,4,16,5,1,4,2
8364,1,4,16,5,1,4,1
8365,0,4,16,5,2,1,2
8366,0,4,16,5,0,2,2
8367,1,4,16,5,0,4,1
8368,0,4,16,5,1,2,1
8369,0,4,16,5,2,1,1
8370,0,4,16,5,0,4,1
8371,0,4,16,5,0,3,2
8372,-1,4,16,5,0,4,1
8373,0,4,16,5,2,1,2
8374,0,4,16,5,0,0,2
8375,-1,4,16,5,1,4,1
8376,0,4,16,5,2,1,2
8377,1,4,16,5,0,3,0
8378,-1,4,16,5,1,2,1
8379,0,4,16,5,1,2,2
8380,0,4,16,5,1,4,2
8381,1,4,16,5,2,1,2
8382,0,4,16,5,0,4,1
8383,0,4,16,5,2,1,1
8384,1,4,16,5,0,4,2
8385,0,4,16,5,1,4,2
8386,0,4,16,5,0,4,1
8387,0,4,16,5,1,2,1
8388,0,4,16,5,1,4,1
8389,1,4,16,5,0,2,2
8390,-1,4,16,5,1,0,1
8391,0,4,16,5,1,4,0
8392,-1,4,16,5,1,4,2
8393,0,4,16,5,1,4,1
8394,0,4,16,5,0,4,1
8395,0,4,16,5,0,3,1
8396,1,4,16,5,1,4,0
8397,-1,4,16,5,1,0,1
8398,1,4,16,5,0,4,0
8399,0,4,16,5,2,1,1
8400,1,4,16,5,1,0,1
8401,-1,4,16,5,1,0,2
8402,0,4,16,5,1,4,1
8403,0,4,16,5,0,0,0
8404,0,4,16,5,1,0,2
8405,0,8,16,0,0,4,2
8406,0,8,16,0,2,1,2
8407,0,8,16,0,2,1,2
8408,0,8,16,0,0,3,2
8409,0,8,16,0,1,4,2
8410,1,8,16,0,1,4,2
8411,1,8,16,0,2,1,2
8412,1,8,16,0,0,2,0
8413,-1,8,16,0,0,4,2
8414,0,8,16,0,1,2,1
8415,-1,8,16,0,2,1,2
8416,0,8,16,0,0,4,2
8417,0,8,16,0,0,3,2
8418,0,8,16,0,0,4,1
8419,1,8,16,0,2,1,2
8420,0,8,16,0,0,0,2
8421,0,8,16,0,1,4,1
8422,0,8,16,0,2,1,2
8423,1,8,16,0,0,3,0
8424,0,8,16,0,1,2,1
8425,-1,8,16,0,1,2,2
8426,0,8,16,0,1,4,2
8427,0,8,16,0,2,1,2
8428,0,8,16,0,0,4,2
8429,0,8,16,0,2,1,2
8430,0,8,16,0,0,4,2
8431,0,8,16,0,1,4,0
8432,0,8,16,0,0,4,2
8433,-1,8,16,0,1,2,1
8434,0,8,16,0,1,4,2
8435,0,8,16,0,0,2,0
8436,0,8,16,0,1,0,2
8437,0,8,16,0,1,4,0
8438,0,8,16,0,1,4,2
8439,-1,8,16,0,1,4,0
8440,1,8,16,0,0,4,1
8441,1,8,16,0,0,3,0
8442,1,8,16,0,1,4,1
8443,0,8,16,0,1,0,1
8444,0,8,16,0,0,4,1
8445,-1,8,16,0,2,1,1
8446,10,8,16,0,1,0,0
8447,0,8,16,0,1,0,2
8448,1,8,16,0,1,4,1
8449,0,8,16,0,0,0,0
8450,0,8,16,0,1,0,2
8451,10,4,6,6,0,3,0
8452,0,4,6,6,1,2,1
8453,0,4,6,6,1,2,2
8454,-1,4,6,6,1,4,2
8455,-1,4,6,6,2,1,2
8456,0,4,6,6,0,4,1
8457,-1,4,6,6,2,1,1
8458,0,4,6,6,0,4,2
8459,1,4,6,6,1,4,2
8460,0,4,6,6,0,4,1
8461,1,4,6,6,1,2,1
8462,-1,4,6,6,1,4,1
8463,1,4,6,6,0,2,2
8464,1,4,6,6,1,0,1
8465,1,4,6,6,1,4,0
8466,-1,4,6,6,1,4,2
8467,-1,4,6,6,1,4,1
8468,1,4,6,6,0,4,1
8469,1,4,6,6,0,3,1
8470,1,4,6,6,1,4,0
8471,-1,4,6,6,1,0,1
8472,0,4,6,6,0,4,0
8473,-1,4,6,6,2,1,1
8474,1,4,6,6,1,0,1
8475,1,4,6,6,1,0,2
8476,1,4,6,6,1,4,1
8477,0,4,6,6,0,0,0
8478,-1,4,6,6,1,0,2
8479,1,5,9,5,0,4,2
8480,1,5,9,5,2,1,2
8481,0,5,9,5,2,1,2
8482,1,5,9,5,0,3,1
8483,1,5,9,5,1,4,2
8484,-1,5,9,5,1,4,2
8485,1,5,9,5,2,1,2
8486,1,5,9,5,0,2,2
8487,0,5,9,5,0,4,2
8488,0,5,9,5,1,2,1
8489,0,5,9,5,2,1,2
8490,0,5,9,5,0,4,1
8491,0,5,9,5,0,3,1
8492,0,5,9,5,0,4,1
8493,0,5,9,5,2,1,2
8494,0,5,9,5,0,0,2
8495,-1,5,9,5,1,4,2
8496,0,5,9,5,2,1,2
8497,0,5,9,5,0,3,1
8498,0,5,9,5,1,2,1
8499,0,5,9,5,1,2,2
8500,0,5,9,5,1,4,2
8501,-1,5,9,5,2,1,2
8502,0,5,9,5,0,4,2
8503,0,5,9,5,2,1,2
8504,-1,5,9,5,0,4,2
8505,-1,5,9,5,1,4,1
8506,1,5,9,5,0,4,1
8507,1,5,9,5,1,2,2
8508,0,5,9,5,1,4,2
8509,1,5,9,5,0,2,2
8510,0,5,9,5,1,0,1
8511,0,5,9,5,1,4,0
8512,0,5,9,5,1,4,2
8513,1,5,9,5,1,4,2
8514,0,5,9,5,0,4,1
8515,0,5,9,5,0,3,0
8516,0,5,9,5,1,4,1
8517,1,5,9,5,1,0,2
8518,1,5,9,5,0,4,1
8519,-1,5,9,5,2,1,1
8520,1,5,9,5,1,0,2
8521,0,5,9,5,1,0,1
8522,0,5,9,5,1,4,0
8523,-1,5,9,5,0,0,0
8524,0,5,9,5,1,0,1
8525,1,2,13,1,0,4,2
8526,1,2,13,1,2,1,1
8527,-1,2,13,1,2,1,1
8528,0,2,13,1,0,3,2
8529,1,2,13,1,1,4,2
8530,1,2,13,1,1,4,2
8531,0,2,13,1,2,1,2
8532,0,2,13,1,0,2,1
8533,-1,2,13,1,0,4,1
8534,0,2,13,1,1,2,2
8535,0,2,13,1,2,1,2
8536,1,2,13,1,0,4,2
8537,0,2,13,1,0,3,2
8538,-1,2,13,1,0,4,1
8539,1,2,13,1,2,1,2
8540,0,2,13,1,0,0,2
8541,0,2,13,1,1,4,1
8542,0,2,13,1,2,1,2
8543,0,2,13,1,0,3,1
8544,0,2,13,1,1,2,1
8545,0,2,13,1,1,2,2
8546,0,2,13,1,1,4,1
8547,0,2,13,1,2,1,2
8548,0,2,13,1,0,4,2
8549,-1,2,13,1,2,1,2
8550,0,2,13,1,0,4,2
8551,0,2,13,1,1,4,1
8552,0,2,13,1,0,4,1
8553,0,2,13,1,1,2,2
8554,1,2,13,1,1,4,2
8555,-1,2,13,1,0,2,1
8556,-1,2,13,1,1,0,2
8557,1,2,13,1,1,4,0
8558,-1,2,13,1,1,4,2
8559,0,2,13,1,1,4,2
8560,1,2,13,1,0,4,0
8561,1,2,13,1,0,3,0
8562,0,2,13,1,1,4,2
8563,0,2,13,1,1,0,2
8564,-1,2,13,1,0,4,0
8565,-1,2,13,1,2,1,2
8566,10,2,13,1,1,0,1
8567,1,2,13,1,1,0,2
8568,0,2,13,1,1,4,1
8569,1,2,13,1,0,0,0
8570,-1,2,13,1,1,0,1
8571,1,6,8,3,1,2,2
8572,0,6,8,3,2,1,1
8573,0,6,8,3,0,4,1
8574,0,6,8,3,0,3,1
8575,-1,6,8,3,0,4,2
8576,0,6,8,3,2,1,2
8577,1,6,8,3,0,0,2
8578,1,6,8,3,1,4,2
8579,1,6,8,3,2,1,2
8580,1,6,8,3,0,3,0
8581,0,6,8,3,1,2,1
8582,0,6,8,3,1,2,2
8583,1,6,8,3,1,4,2
8584,-1,6,8,3,2,1,2
8585,1,6,8,3,0,4,1
8586,1,6,8,3,2,1,2
8587,1,6,8,3,0,4,2
8588,0,6,8,3,1,4,1
8589,0,6,8,3,0,4,0
8590,0,6,8,3,1,2,2
8591,-1,6,8,3,1,4,2
8592,0,6,8,3,0,2,2
8593,0,6,8,3,1,0,1
8594,0,6,8,3,1,4,1
8595,0,6,8,3,1,4,1
8596,0,6,8,3,1,4,2
8597,0,6,8,3,0,4,1
8598,0,6,8,3,0,3,0
8599,0,6,8,3,1,4,0
8600,-1,6,8,3,1,0,0
8601,0,6,8,3,0,4,0
8602,-1,6,8,3,2,1,0
8603,1,6,8,3,1,0,1
8604,1,6,8,3,1,0,2
8605,1,6,8,3,1,4,1
8606,-1,6,8,3,0,0,0
8607,1,6,8,3,1,0,2
8608,0,2,16,0,0,4,2
8609,0,2,16,5,0,4,2
8610,0,2,16,0,0,4,2
8611,0,2,16,5,0,4,2
8612,1,2,16,0,2,1,1
8613,1,2,16,5,2,1,1
8614,1,2,16,0,2,1,1
8615,1,2,16,5,2,1,1
8616,0,2,16,0,2,1,1
8617,0,2,16,5,2,1,1
8618,0,2,16,0,2,1,1
8619,0,2,16,5,2,1,1
8620,-1,2,16,0,0,3,2
8621,-1,2,16,5,0,3,2
8622,-1,2,16,0,0,3,2
8623,-1,2,16,5,0,3,2
8624,0,2,16,0,1,4,2
8625,0,2,16,5,1,4,2
8626,0,2,16,0,1,4,2
8627,0,2,16,5,1,4,2
8628,0,2,16,0,1,4,2
8629,0,2,16,5,1,4,2
8630,0,2,16,0,1,4,2
8631,0,2,16,5,1,4,2
8632,0,2,16,0,2,1,2
8633,0,2,16,5,2,1,2
8634,0,2,16,0,2,1,2
8635,0,2,16,5,2,1,2
8636,1,2,16,0,0,2,1
8637,1,2,16,5,0,2,1
8638,1,2,16,0,0,2,1
8639,1,2,16,5,0,2,1
8640,-1,2,16,0,0,4,1
8641,-1,2,16,5,0,4,1
8642,-1,2,16,0,0,4,1
8643,-1,2,16,5,0,4,1
8644,1,2,16,0,1,2,2
8645,1,2,16,5,1,2,2
8646,1,2,16,0,1,2,2
8647,1,2,16,5,1,2,2
8648,1,2,16,0,2,1,2
8649,1,2,16,5,2,1,2
8650,1,2,16,0,2,1,2
8651,1,2,16,5,2,1,2
8652,0,2,16,0,0,4,2
8653,0,2,16,5,0,4,2
8654,0,2,16,0,0,4,2
8655,0,2,16,5,0,4,2
8656,0,2,16,0,0,3,2
8657,0,2,16,5,0,3,2
8658,0,2,16,0,0,3,2
8659,0,2,16,5,0,3,2
8660,-1,2,16,0,0,4,1
8661,-1,2,16,5,0,4,1
8662,-1,2,16,0,0,4,1
8663,-1,2,16,5,0,4,1
8664,1,2,16,0,2,1,2
8665,1,2,16,5,2,1,2
8666,1,2,16,0,2,1,2
8667,1,2,16,5,2,1,2
8668,0,2,16,0,0,0,2
8669,0,2,16,5,0,0,2
8670,0,2,16,0,0,0,2
8671,0,2,16,5,0,0,2
8672,0,2,16,0,1,4,1
8673,0,2,16,5,1,4,1
8674,0,2,16,0,1,4,1
8675,0,2,16,5,1,4,1
8676,0,2,16,0,2,1,2
8677,0,2,16,5,2,1,2
8678,0,2,16,0,2,1,2
8679,0,2,16,5,2,1,2
8680,0,2,16,0,0,3,1
8681,0,2,16,5,0,3,1
8682,0,2,16,0,0,3,1
8683,0,2,16,5,0,3,1
8684,0,2,16,0,1,2,1
8685,0,2,16,5,1,2,1
8686,0,2,16,0,1,2,1
8687,0,2,16,5,1,2,1
8688,-1,2,16,0,1,2,2
8689,-1,2,16,5,1,2,2
8690,-1,2,16,0,1,2,2
8691,-1,2,16,5,1,2,2
8692,0,2,16,0,1,4,1
8693,0,2,16,5,1,4,1
8694,0,2,16,0,1,4,1
8695,0,2,16,5,1,4,1
8696,0,2,16,0,2,1,2
8697,0,2,16,5,2,1,2
8698,0,2,16,0,2,1,2
8699,0,2,16,5,2,1,2
8700,0,2,16,0,0,4,2
8701,0,2,16,5,0,4,2
8702,0,2,16,0,0,4,2
8703,0,2,16,5,0,4,2
8704,0,2,16,0,2,1,2
8705,0,2,16,5,2,1,2
8706,0,2,16,0,2,1,2
8707,0,2,16,5,2,1,2
8708,0,2,16,0,0,4,2
8709,0,2,16,5,0,4,2
8710,0,2,16,0,0,4,2
8711,0,2,16,5,0,4,2
8712,0,2,16,0,1,4,1
8713,0,2,16,5,1,4,1
8714,0,2,16,0,1,4,1
8715,0,2,16,5,1,4,1
8716,1,2,16,0,0,4,1
8717,1,2,16,5,0,4,1
8718,1,2,16,0,0,4,1
8719,1,2,16,5,0,4,1
8720,0,2,16,0,1,2,2
8721,0,2,16,5,1,2,2
8722,0,2,16,0,1,2,2
8723,0,2,16,5,1,2,2
8724,0,2,16,0,1,4,2
8725,0,2,16,5,1,4,2
8726,0,2,16,0,1,4,2
8727,0,2,16,5,1,4,2
8728,0,2,16,0,0,2,1
8729,0,2,16,5,0,2,1
8730,0,2,16,0,0,2,1
8731,0,2,16,5,0,2,1
8732,0,2,16,0,1,0,2
8733,0,2,16,5,1,0,2
8734,0,2,16,0,1,0,2
8735,0,2,16,5,1,0,2
8736,0,2,16,0,1,4,0
8737,0,2,16,5,1,4,0
8738,0,2,16,0,1,4,0
8739,0,2,16,5,1,4,0
8740,0,2,16,0,1,4,2
8741,0,2,16,5,1,4,2
8742,0,2,16,0,1,4,2
8743,0,2,16,5,1,4,2
8744,0,2,16,0,1,4,2
8745,0,2,16,5,1,4,2
8746,0,2,16,0,1,4,2
8747,0,2,16,5,1,4,2
8748,1,2,16,0,0,4,0
8749,1,2,16,5,0,4,0
8750,1,2,16,0,0,4,0
8751,1,2,16,5,0,4,0
8752,0,2,16,0,0,3,0
8753,0,2,16,5,0,3,0
8754,0,2,16,0,0,3,0
8755,0,2,16,5,0,3,0
8756,0,2,16,0,1,4,2
8757,0,2,16,5,1,4,2
8758,0,2,16,0,1,4,2
8759,0,2,16,5,1,4,2
8760,0,2,16,0,1,0,2
8761,0,2,16,5,1,0,2
8762,0,2,16,0,1,0,2
8763,0,2,16,5,1,0,2
8764,0,2,16,0,0,4,0
8765,0,2,16,5,0,4,0
8766,0,2,16,0,0,4,0
8767,0,2,16,5,0,4,0
8768,0,2,16,0,2,1,2
8769,0,2,16,5,2,1,2
8770,0,2,16,0,2,1,2
8771,0,2,16,5,2,1,2
8772,1,2,16,0,1,0,1
8773,1,2,16,5,1,0,1
8774,1,2,16,0,1,0,1
8775,1,2,16,5,1,0,1
8776,-1,2,16,0,1,0,2
8777,-1,2,16,5,1,0,2
8778,-1,2,16,0,1,0,2
8779,-1,2,16,5,1,0,2
8780,1,2,16,0,1,4,1
8781,1,2,16,5,1,4,1
8782,1,2,16,0,1,4,1
8783,1,2,16,5,1,4,1
8784,0,2,16,0,0,0,0
8785,0,2,16,5,0,0,0
8786,0,2,16,0,0,0,0
8787,0,2,16,5,0,0,0
8788,0,2,16,0,1,0,1
8789,0,2,16,5,1,0,1
8790,0,2,16,0,1,0,1
8791,0,2,16,5,1,0,1
8792,1,3,13,5,0,4,2
8793,1,3,13,5,2,1,1
8794,0,3,13,5,2,1,1
8795,0,3,13,5,0,3,1
8796,0,3,13,5,1,4,0
8797,0,3,13,5,1,4,1
8798,0,3,13,5,2,1,2
8799,1,3,13,5,0,2,1
8800,0,3,13,5,0,4,2
8801,0,3,13,5,1,2,2
8802,-1,3,13,5,2,1,2
8803,0,3,13,5,0,4,2
8804,0,3,13,5,0,3,1
8805,1,3,13,5,0,4,2
8806,-1,3,13,5,2,1,2
8807,1,3,13,5,0,0,1
8808,0,3,13,5,1,4,0
8809,0,3,13,5,2,1,1
8810,-1,3,13,5,0,3,0
8811,0,3,13,5,1,2,2
8812,0,3,13,5,1,2,2
8813,0,3,13,5,1,4,2
8814,1,3,13,5,2,1,2
8815,0,3,13,5,0,4,1
8816,0,3,13,5,2,1,2
8817,0,3,13,5,0,4,2
8818,0,3,13,5,1,4,1
8819,0,3,13,5,0,4,2
8820,0,3,13,5,1,2,2
8821,1,3,13,5,1,4,2
8822,0,3,13,5,0,2,2
8823,0,3,13,5,1,0,2
8824,0,3,13,5,1,4,1
8825,0,3,13,5,1,4,2
8826,1,3,13,5,1,4,1
8827,0,3,13,5,0,4,0
8828,0,3,13,5,0,3,1
8829,0,3,13,5,1,4,2
8830,0,3,13,5,1,0,2
8831,0,3,13,5,0,4,2
8832,-1,3,13,5,2,1,1
8833,1,3,13,5,1,0,0
8834,1,3,13,5,1,0,2
8835,0,3,13,5,1,4,2
8836,-1,3,13,5,0,0,1
8837,0,3,13,5,1,0,0
8838,-1,1,6,4,0,4,2
8839,0,1,6,4,2,1,2
8840,0,1,6,4,2,1,2
8841,0,1,6,4,0,3,2
8842,0,1,6,4,1,4,2
8843,0,1,6,4,1,4,2
8844,0,1,6,4,2,1,2
8845,-1,1,6,4,0,2,2
8846,0,1,6,4,0,4,2
8847,0,1,6,4,1,2,2
8848,1,1,6,4,2,1,1
8849,-1,1,6,4,0,4,1
8850,-1,1,6,4,0,3,2
8851,1,1,6,4,0,4,2
8852,0,1,6,4,2,1,2
8853,-1,1,6,4,0,0,2
8854,1,1,6,4,1,4,1
8855,-1,1,6,4,2,1,2
8856,-1,1,6,4,0,3,0
8857,10,1,6,4,1,2,1
8858,-1,1,6,4,1,2,2
8859,0,1,6,4,1,4,1
8860,-1,1,6,4,2,1,2
8861,0,1,6,4,0,4,1
8862,1,1,6,4,2,1,1
8863,-1,1,6,4,0,4,1
8864,-1,1,6,4,1,4,0
8865,1,1,6,4,0,4,2
8866,1,1,6,4,1,2,1
8867,1,1,6,4,1,4,2
8868,0,1,6,4,0,2,1
8869,0,1,6,4,1,0,0
8870,1,1,6,4,1,4,0
8871,-1,1,6,4,1,4,2
8872,1,1,6,4,1,4,2
8873,-1,1,6,4,0,4,2
8874,1,1,6,4,0,3,1
8875,1,1,6,4,1,4,1
8876,-1,1,6,4,1,0,1
8877,0,1,6,4,0,4,1
8878,-1,1,6,4,2,1,0
8879,-10,1,6,4,1,0,0
8880,10,1,6,4,1,0,1
8881,10,1,6,4,1,4,0
8882,10,1,6,4,0,0,0
8883,-1,1,6,4,1,0,2
8884,1,9,6,2,0,4,2
8885,0,9,6,2,2,1,2
8886,1,9,6,2,2,1,0
8887,-1,9,6,2,0,3,0
8888,1,9,6,2,1,4,2
8889,0,9,6,2,1,4,2
8890,1,9,6,2,2,1,2
8891,-1,9,6,2,0,2,2
8892,0,9,6,2,0,4,2
8893,0,9,6,2,1,2,2
8894,-1,9,6,2,2,1,2
8895,-1,9,6,2,0,4,2
8896,0,9,6,2,0,3,2
8897,1,9,6,2,0,4,2
8898,0,9,6,2,2,1,2
8899,-1,9,6,2,0,0,1
8900,0,9,6,2,1,4,0
8901,1,9,6,2,2,1,1
8902,0,9,6,2,0,3,0
8903,0,9,6,2,1,2,2
8904,0,9,6,2,1,2,2
8905,-1,9,6,2,1,4,2
8906,1,9,6,2,2,1,2
8907,0,9,6,2,0,4,1
8908,0,9,6,2,2,1,2
8909,0,9,6,2,0,4,1
8910,0,9,6,2,1,4,2
8911,0,9,6,2,0,4,1
8912,0,9,6,2,1,2,2
8913,1,9,6,2,1,4,2
8914,0,9,6,2,0,2,2
8915,-1,9,6,2,1,0,2
8916,1,9,6,2,1,4,1
8917,0,9,6,2,1,4,1
8918,0,9,6,2,1,4,0
8919,0,9,6,2,0,4,0
8920,1,9,6,2,0,3,1
8921,0,9,6,2,1,4,0
8922,0,9,6,2,1,0,1
8923,-1,9,6,2,0,4,2
8924,-1,9,6,2,2,1,0
8925,0,9,6,2,1,0,0
8926,0,9,6,2,1,0,0
8927,1,9,6,2,1,4,2
8928,-1,9,6,2,0,0,1
8929,-1,9,6,2,1,0,0
8930,-1,1,11,2,0,4,2
8931,0,1,11,2,2,1,2
8932,1,1,11,2,2,1,2
8933,-1,1,11,2,0,3,2
8934,1,1,11,2,1,4,2
8935,-1,1,11,2,1,4,2
8936,0,1,11,2,2,1,2
8937,1,1,11,2,0,2,2
8938,1,1,11,2,0,4,2
8939,10,1,11,2,1,2,2
8940,-1,1,11,2,2,1,1
8941,0,1,11,2,0,4,1
8942,-1,1,11,2,0,3,2
8943,0,1,11,2,0,4,2
8944,0,1,11,2,2,1,2
8945,0,1,11,2,0,0,2
8946,0,1,11,2,1,4,1
8947,0,1,11,2,2,1,2
8948,0,1,11,2,0,3,0
8949,-1,1,11,2,1,2,1
8950,0,1,11,2,1,2,2
8951,0,1,11,2,1,4,1
8952,1,1,11,2,2,1,2
8953,-1,1,11,2,0,4,1
8954,0,1,11,2,2,1,1
8955,0,1,11,2,0,4,1
8956,0,1,11,2,1,4,0
8957,1,1,11,2,0,4,2
8958,0,1,11,2,1,2,1
8959,-1,1,11,2,1,4,2
8960,-1,1,11,2,0,2,1
8961,0,1,11,2,1,0,0
8962,1,1,11,2,1,4,0
8963,0,1,11,2,1,4,2
8964,1,1,11,2,1,4,2
8965,1,1,11,2,0,4,2
8966,0,1,11,2,0,3,1
8967,1,1,11,2,1,4,1
8968,-1,1,11,2,1,0,1
8969,1,1,11,2,0,4,1
8970,-1,1,11,2,2,1,0
8971,1,1,11,2,1,0,0
8972,0,1,11,2,1,0,1
8973,0,1,11,2,1,4,0
8974,-1,1,11,2,0,0,0
8975,-1,1,11,2,1,0,2
8976,0,9,16,0,0,4,2
8977,1,9,16,0,2,1,2
8978,0,9,16,0,2,1,0
8979,0,9,16,0,0,3,0
8980,0,9,16,0,1,4,2
8981,0,9,16,0,1,4,2
8982,1,9,16,0,2,1,2
8983,0,9,16,0,0,2,2
8984,1,9,16,0,0,4,2
8985,0,9,16,0,1,2,2
8986,0,9,16,0,2,1,2
8987,1,9,16,0,0,4,2
8988,0,9,16,0,0,3,2
8989,0,9,16,0,0,4,2
8990,0,9,16,0,2,1,2
8991,0,9,16,0,0,0,1
8992,-1,9,16,0,1,4,0
8993,1,9,16,0,2,1,1
8994,1,9,16,0,0,3,0
8995,0,9,16,0,1,2,2
8996,0,9,16,0,1,2,2
8997,0,9,16,0,1,4,2
8998,0,9,16,0,2,1,2
8999,0,9,16,0,0,4,1
9000,0,9,16,0,2,1,2
9001,1,9,16,0,0,4,1
9002,0,9,16,0,1,4,2
9003,0,9,16,0,0,4,1
9004,0,9,16,0,1,2,2
9005,0,9,16,0,1,4,2
9006,1,9,16,0,0,2,2
9007,0,9,16,0,1,0,2
9008,0,9,16,0,1,4,1
9009,0,9,16,0,1,4,1
9010,1,9,16,0,1,4,0
9011,1,9,16,0,0,4,0
9012,1,9,16,0,0,3,1
9013,1,9,16,0,1,4,0
9014,0,9,16,0,1,0,1
9015,0,9,16,0,0,4,2
9016,-1,9,16,0,2,1,0
9017,1,9,16,0,1,0,0
9018,0,9,16,0,1,0,0
9019,0,9,16,0,1,4,2
9020,0,9,16,0,0,0,1
9021,0,9,16,0,1,0,0
9088,0,1,13,5,1,0,0
9089,0,1,13,5,1,0,1
9090,-1,1,13,5,1,4,0
9091,0,1,13,5,0,0,0
9092,0,1,13,5,1,0,2
9218,0,6,33,1,0,4,2
9219,0,6,33,1,2,1,1
9220,0,6,33,1,2,1,2
9221,0,6,33,1,0,3,1
9222,0,6,33,1,1,4,2
9223,-1,6,33,1,1,4,2
9224,-1,6,33,1,2,1,2
9225,1,6,33,1,0,2,2
9226,0,6,33,1,0,4,1
9227,0,6,33,1,1,2,2
9228,0,6,33,1,2,1,1
9229,0,6,33,1,0,4,1
9230,1,6,33,1,0,3,1
9231,0,6,33,1,0,4,2
9232,0,6,33,1,2,1,2
9233,1,6,33,1,0,0,2
9234,0,6,33,1,1,4,2
9235,-1,6,33,1,2,1,2
9236,0,6,33,1,0,3,0
9237,1,6,33,1,1,2,1
9238,0,6,33,1,1,2,2
9239,0,6,33,1,1,4,2
9240,0,6,33,1,2,1,2
9241,0,6,33,1,0,4,1
9242,-1,6,33,1,2,1,2
9243,-1,6,33,1,0,4,2
9244,1,6,33,1,1,4,1
9245,0,6,33,1,0,4,0
9246,0,6,33,1,1,2,2
9247,0,6,33,1,1,4,2
9248,1,6,33,1,0,2,2
9249,1,6,33,1,1,0,1
9250,1,6,33,1,1,4,1
9251,0,6,33,1,1,4,1
9252,1,6,33,1,1,4,2
9253,0,6,33,1,0,4,1
9254,0,6,33,1,0,3,0
9255,0,6,33,1,1,4,0
9256,0,6,33,1,1,0,0
9257,0,6,33,1,0,4,0
9258,-1,6,33,1,2,1,0
9259,-1,6,33,1,1,0,1
9260,-1,6,33,1,1,0,2
9261,1,6,33,1,1,4,1
9262,0,6,33,1,0,0,0
9263,-1,6,33,1,1,0,2
9264,1,6,5,1,1,4,0
9265,1,6,5,1,1,0,0
9266,0,6,5,1,0,4,0
9267,-1,6,5,1,2,1,0
9268,10,6,5,1,1,0,1
9269,1,6,5,1,1,0,2
9270,1,6,5,1,1,4,1
9271,0,6,5,1,0,0,0
9272,1,6,5,1,1,0,2
9273,0,9,18,0,0,4,2
9274,0,9,18,0,0,4,2
9275,0,9,18,0,0,4,2
9276,0,9,18,0,0,4,2
9277,0,9,18,0,2,1,2
9278,0,9,18,0,2,1,2
9279,0,9,18,0,2,1,2
9280,0,9,18,0,2,1,2
9281,0,9,18,0,2,1,0
9282,0,9,18,0,2,1,0
9283,0,9,18,0,2,1,0
9284,0,9,18,0,2,1,0
9285,0,9,18,0,0,3,0
9286,0,9,18,0,0,3,0
9287,0,9,18,0,0,3,0
9288,0,9,18,0,0,3,0
9289,1,9,18,0,1,4,2
9290,1,9,18,0,1,4,2
9291,1,9,18,0,1,4,2
9292,1,9,18,0,1,4,2
9293,0,9,18,0,1,4,2
9294,0,9,18,0,1,4,2
9295,0,9,18,0,1,4,2
9296,0,9,18,0,1,4,2
9297,1,9,18,0,2,1,2
9298,1,9,18,0,2,1,2
9299,1,9,18,0,2,1,2
9300,1,9,18,0,2,1,2
9301,0,9,18,0,0,2,2
9302,0,9,18,0,0,2,2
9303,0,9,18,0,0,2,2
9304,0,9,18,0,0,2,2
9305,0,9,18,0,0,4,2
9306,0,9,18,0,0,4,2
9307,0,9,18,0,0,4,2
9308,0,9,18,0,0,4,2
9309,0,9,18,0,1,2,2
9310,0,9,18,0,1,2,2
9311,0,9,18,0,1,2,2
9312,0,9,18,0,1,2,2
9313,0,9,18,0,2,1,2
9314,0,9,18,0,2,1,2
9315,0,9,18,0,2,1,2
9316,0,9,18,0,2,1,2
9317,0,9,18,0,0,4,2
9318,0,9,18,0,0,4,2
9319,0,9,18,0,0,4,2
9320,0,9,18,0,0,4,2
9321,-1,9,18,0,0,3,2
9322,-1,9,18,0,0,3,2
9323,-1,9,18,0,0,3,2
9324,-1,9,18,0,0,3,2
9325,0,9,18,0,0,4,2
9326,0,9,18,0,0,4,2
9327,0,9,18,0,0,4,2
9328,0,9,18,0,0,4,2
9329,1,9,18,0,2,1,2
9330,1,9,18,0,2,1,2
9331,1,9,18,0,2,1,2
9332,1,9,18,0,2,1,2
9333,1,9,18,0,0,0,1
9334,1,9,18,0,0,0,1
9335,1,9,18,0,0,0,1
9336,1,9,18,0,0,0,1
9337,-1,9,18,0,1,4,0
9338,-1,9,18,0,1,4,0
9339,-1,9,18,0,1,4,0
9340,-1,9,18,0,1,4,0
9341,0,9,18,0,2,1,1
9342,0,9,18,0,2,1,1
9343,0,9,18,0,2,1,1
9344,0,9,18,0,2,1,1
9345,1,9,18,0,0,3,0
9346,1,9,18,0,0,3,0
9347,1,9,18,0,0,3,0
9348,1,9,18,0,0,3,0
9349,0,9,18,0,1,2,2
9350,0,9,18,0,1,2,2
9351,0,9,18,0,1,2,2
9352,0,9,18,0,1,2,2
9353,0,9,18,0,1,2,2
9354,0,9,18,0,1,2,2
9355,0,9,18,0,1,2,2
9356,0,9,18,0,1,2,2
9357,0,9,18,0,1,4,2
9358,0,9,18,0,1,4,2
9359,0,9,18,0,1,4,2
9360,0,9,18,0,1,4,2
9361,0,9,18,0,2,1,2
9362,0,9,18,0,2,1,2
9363,0,9,18,0,2,1,2
9364,0,9,18,0,2,1,2
9365,0,9,18,0,0,4,1
9366,0,9,18,0,0,4,1
9367,0,9,18,0,0,4,1
9368,0,9,18,0,0,4,1
9369,0,9,18,0,2,1,2
9370,0,9,18,0,2,1,2
9371,0,9,18,0,2,1,2
9372,0,9,18,0,2,1,2
9373,1,9,18,0,0,4,1
9374,1,9,18,0,0,4,1
9375,1,9,18,0,0,4,1
9376,1,9,18,0,0,4,1
9377,0,9,18,0,1,4,2
9378,0,9,18,0,1,4,2
9379,0,9,18,0,1,4,2
9380,0,9,18,0,1,4,2
9381,0,9,18,0,0,4,1
9382,0,9,18,0,0,4,1
9383,0,9,18,0,0,4,1
9384,0,9,18,0,0,4,1
9385,0,9,18,0,1,2,2
9386,0,9,18,0,1,2,2
9387,0,9,18,0,1,2,2
9388,0,9,18,0,1,2,2
9389,0,9,18,0,1,4,2
9390,0,9,18,0,1,4,2
9391,0,9,18,0,1,4,2
9392,0,9,18,0,1,4,2
9393,0,9,18,0,0,2,2
9394,0,9,18,0,0,2,2
9395,0,9,18,0,0,2,2
9396,0,9,18,0,0,2,2
9397,0,9,18,0,1,0,2
9398,0,9,18,0,1,0,2
9399,0,9,18,0,1,0,2
9400,0,9,18,0,1,0,2
9401,0,9,18,0,1,4,1
9402,0,9,18,0,1,4,1
9403,0,9,18,0,1,4,1
9404,0,9,18,0,1,4,1
9405,0,9,18,0,1,4,1
9406,0,9,18,0,1,4,1
9407,0,9,18,0,1,4,1
9408,0,9,18,0,1,4,1
9409,-1,9,18,0,1,4,0
9410,-1,9,18,0,1,4,0
9411,-1,9,18,0,1,4,0
9412,-1,9,18,0,1,4,0
9413,0,9,18,0,0,4,0
9414,0,9,18,0,0,4,0
9415,0,9,18,0,0,4,0
9416,0,9,18,0,0,4,0
9417,1,9,18,0,0,3,1
9418,1,9,18,0,0,3,1
9419,1,9,18,0,0,3,1
9420,1,9,18,0,0,3,1
9421,1,9,18,0,1,4,0
9422,1,9,18,0,1,4,0
9423,1,9,18,0,1,4,0
9424,1,9,18,0,1,4,0
9425,0,9,18,0,1,0,1
9426,0,9,18,0,1,0,1
9427,0,9,18,0,1,0,1
9428,0,9,18,0,1,0,1
9429,0,9,18,0,0,4,2
9430,0,9,18,0,0,4,2
9431,0,9,18,0,0,4,2
9432,0,9,18,0,0,4,2
9433,-1,9,18,0,2,1,0
9434,-1,9,18,0,2,1,0
9435,-1,9,18,0,2,1,0
9436,-1,9,18,0,2,1,0
9437,1,9,18,0,1,0,0
9438,1,9,18,0,1,0,0
9439,1,9,18,0,1,0,0
9440,1,9,18,0,1,0,0
9441,1,9,18,0,1,0,0
9442,1,9,18,0,1,0,0
9443,1,9,18,0,1,0,0
9444,1,9,18,0,1,0,0
9445,0,9,18,0,1,4,2
9446,0,9,18,0,1,4,2
9447,0,9,18,0,1,4,2
9448,0,9,18,0,1,4,2
9449,0,9,18,0,0,0,1
9450,0,9,18,0,0,0,1
9451,0,9,18,0,0,0,1
9452,0,9,18,0,0,0,1
9453,1,9,18,0,1,0,0
9454,1,9,18,0,1,0,0
9455,1,9,18,0,1,0,0
9456,1,9,18,0,1,0,0
9457,0,6,12,1,0,4,2
9458,0,6,12,1,2,1,1
9459,0,6,12,1,2,1,2
9460,0,6,12,1,0,3,1
9461,0,6,12,1,1,4,2
9462,0,6,12,1,1,4,2
9463,0,6,12,1,2,1,2
9464,0,6,12,1,0,2,2
9465,1,6,12,1,0,4,1
9466,0,6,12,1,1,2,2
9467,0,6,12,1,2,1,1
9468,0,6,12,1,0,4,1
9469,0,6,12,1,0,3,1
9470,0,6,12,1,0,4,2
9471,0,6,12,1,2,1,2
9472,0,6,12,1,0,0,2
9473,0,6,12,1,1,4,2
9474,0,6,12,1,2,1,2
9475,0,6,12,1,0,3,0
9476,0,6,12,1,1,2,1
9477,0,6,12,1,1,2,2
9478,0,6,12,1,1,4,2
9479,0,6,12,1,2,1,2
9480,0,6,12,1,0,4,1
9481,0,6,12,1,2,1,2
9482,0,6,12,1,0,4,2
9483,0,6,12,1,1,4,1
9484,0,6,12,1,0,4,0
9485,0,6,12,1,1,2,2
9486,0,6,12,1,1,4,2
9487,0,6,12,1,0,2,2
9488,0,6,12,1,1,0,1
9489,0,6,12,1,1,4,1
9490,0,6,12,1,1,4,1
9491,0,6,12,1,1,4,2
9492,0,6,12,1,0,4,1
9493,0,6,12,1,0,3,0
9494,1,6,12,1,1,4,0
9495,0,6,12,1,1,0,0
9496,0,6,12,1,0,4,0
9497,0,6,12,1,2,1,0
9498,0,6,12,1,1,0,1
9499,-1,6,12,1,1,0,2
9500,0,6,12,1,1,4,1
9501,-1,6,12,1,0,0,0
9502,0,6,12,1,1,0,2
9503,0,3,8,5,0,3,1
9504,1,3,8,5,1,4,0
9505,1,3,8,5,1,4,1
9506,1,3,8,5,2,1,2
9507,0,3,8,5,0,2,1
9508,0,3,8,5,0,4,2
9509,-1,3,8,5,1,2,2
9510,1,3,8,5,2,1,2
9511,0,3,8,5,0,4,2
9512,1,3,8,5,0,3,1
9513,10,3,8,5,0,4,2
9514,0,3,8,5,2,1,2
9515,0,3,8,5,0,0,1
9516,1,3,8,5,1,4,0
9517,1,3,8,5,2,1,1
9518,0,3,8,5,0,3,0
9519,0,3,8,5,1,2,2
9520,0,3,8,5,1,2,2
9521,0,3,8,5,1,4,2
9522,0,3,8,5,2,1,2
9523,1,3,8,5,0,4,1
9524,0,3,8,5,2,1,2
9525,0,3,8,5,0,4,2
9526,0,3,8,5,1,4,1
9527,0,3,8,5,0,4,2
9528,0,3,8,5,1,2,2
9529,0,3,8,5,1,4,2
9530,0,3,8,5,0,2,2
9531,0,3,8,5,1,0,2
9532,0,3,8,5,1,4,1
9533,0,3,8,5,1,4,2
9534,1,3,8,5,1,4,1
9535,-1,3,8,5,0,4,0
9536,0,3,8,5,0,3,1
9537,0,3,8,5,1,4,2
9538,1,3,8,5,1,0,2
9539,0,3,8,5,0,4,2
9540,-1,3,8,5,2,1,1
9541,10,3,8,5,1,0,0
9542,10,3,8,5,1,0,2
9543,10,3,8,5,1,4,2
9544,0,3,8,5,0,0,1
9545,1,3,8,5,1,0,0
9592,0,2,6,1,2,1,1
9593,1,2,6,1,0,3,2
9594,0,2,6,1,1,4,2
9595,1,2,6,1,1,4,2
9596,0,2,6,1,2,1,2
9597,1,2,6,1,0,2,1
9598,0,2,6,1,0,4,1
9599,1,2,6,1,1,2,2
9600,-1,2,6,1,2,1,2
9601,1,2,6,1,0,4,2
9602,1,2,6,1,0,3,2
9603,0,2,6,1,0,4,1
9604,0,2,6,1,2,1,2
9605,0,2,6,1,0,0,2
9606,0,2,6,1,1,4,1
9607,1,2,6,1,2,1,2
9608,0,2,6,1,0,3,1
9609,1,2,6,1,1,2,1
9610,0,2,6,1,1,2,2
9611,0,2,6,1,1,4,1
9612,-1,2,6,1,2,1,2
9613,1,2,6,1,0,4,2
9614,0,2,6,1,2,1,2
9615,-1,2,6,1,0,4,2
9616,-1,2,6,1,1,4,1
9617,0,2,6,1,0,4,1
9618,0,2,6,1,1,2,2
9619,1,2,6,1,1,4,2
9620,-1,2,6,1,0,2,1
9621,-1,2,6,1,1,0,2
9622,0,2,6,1,1,4,0
9623,0,2,6,1,1,4,2
9624,-1,2,6,1,1,4,2
9625,0,2,6,1,0,4,0
9626,1,2,6,1,0,3,0
9627,-1,2,6,1,1,4,2
9628,0,2,6,1,1,0,2
9629,-1,2,6,1,0,4,0
9630,-1,2,6,1,2,1,2
9631,10,2,6,1,1,0,1
9632,-1,2,6,1,1,0,2
9633,-1,2,6,1,1,4,1
9634,1,2,6,1,0,0,0
9635,-1,2,6,1,1,0,1
9674,1,6,33,6,2,1,2
9675,10,6,33,6,0,3,0
9676,0,6,33,6,1,2,1
9677,-1,6,33,6,1,2,2
9678,0,6,33,6,1,4,2
9679,0,6,33,6,2,1,2
9680,0,6,33,6,0,4,1
9681,1,6,33,6,2,1,2
9682,-1,6,33,6,0,4,2
9683,0,6,33,6,1,4,1
9684,0,6,33,6,0,4,0
9685,0,6,33,6,1,2,2
9686,-1,6,33,6,1,4,2
9687,0,6,33,6,0,2,2
9688,0,6,33,6,1,0,1
9689,0,6,33,6,1,4,1
9690,0,6,33,6,1,4,1
9691,1,6,33,6,1,4,2
9692,0,6,33,6,0,4,1
9693,0,6,33,6,0,3,0
9694,0,6,33,6,1,4,0
9695,0,6,33,6,1,0,0
9696,0,6,33,6,0,4,0
9697,-1,6,33,6,2,1,0
9698,10,6,33,6,1,0,1
9699,1,6,33,6,1,0,2
9700,0,6,33,6,1,4,1
9701,0,6,33,6,0,0,0
9702,0,6,33,6,1,0,2
9703,0,6,33,3,1,4,2
9704,0,6,33,3,2,1,2
9705,0,6,33,3,0,2,2
9706,0,6,33,3,0,4,1
9707,-1,6,33,3,1,2,2
9708,1,6,33,3,2,1,1
9709,0,6,33,3,0,4,1
9710,0,6,33,3,0,3,1
9711,0,6,33,3,0,4,2
9712,0,6,33,3,2,1,2
9713,0,6,33,3,0,0,2
9714,-1,6,33,3,1,4,2
9715,1,6,33,3,2,1,2
9716,0,6,33,3,0,3,0
9717,0,6,33,3,1,2,1
9718,0,6,33,3,1,2,2
9719,0,6,33,3,1,4,2
9720,-1,6,33,3,2,1,2
9721,1,6,33,3,0,4,1
9722,0,6,33,3,2,1,2
9723,0,6,33,3,0,4,2
9724,0,6,33,3,1,4,1
9725,0,6,33,3,0,4,0
9726,0,6,33,3,1,2,2
9727,-1,6,33,3,1,4,2
9728,-1,6,33,3,0,2,2
9729,0,6,33,3,1,0,1
9730,1,6,33,3,1,4,1
9731,-1,6,33,3,1,4,1
9732,-1,6,33,3,1,4,2
9733,0,6,33,3,0,4,1
9734,1,6,33,3,0,3,0
9735,0,6,33,3,1,4,0
9736,0,6,33,3,1,0,0
9737,0,6,33,3,0,4,0
9738,-1,6,33,3,2,1,0
9739,1,6,33,3,1,0,1
9740,0,6,33,3,1,0,2
9741,0,6,33,3,1,4,1
9742,0,6,33,3,0,0,0
9743,0,6,33,3,1,0,2
9744,10,3,16,5,0,4,2
9745,10,3,16,0,0,4,2
9746,10,3,16,0,0,4,2
9747,10,3,16,5,0,4,2
9748,10,3,16,0,0,4,2
9749,10,3,16,0,0,4,2
9750,10,3,16,5,0,4,2
9751,10,3,16,0,0,4,2
9752,10,3,16,0,0,4,2
9753,-1,3,16,5,0,3,1
9754,-1,3,16,0,0,3,1
9755,-1,3,16,0,0,3,1
9756,-1,3,16,5,0,3,1
9757,-1,3,16,0,0,3,1
9758,-1,3,16,0,0,3,1
9759,-1,3,16,5,0,3,1
9760,-1,3,16,0,0,3,1
9761,-1,3,16,0,0,3,1
9762,0,3,16,5,0,4,2
9763,0,3,16,0,0,4,2
9764,0,3,16,0,0,4,2
9765,0,3,16,5,0,4,2
9766,0,3,16,0,0,4,2
9767,0,3,16,0,0,4,2
9768,0,3,16,5,0,4,2
9769,0,3,16,0,0,4,2
9770,0,3,16,0,0,4,2
9771,-1,3,16,5,2,1,2
9772,-1,3,16,0,2,1,2
9773,-1,3,16,0,2,1,2
9774,-1,3,16,5,2,1,2
9775,-1,3,16,0,2,1,2
9776,-1,3,16,0,2,1,2
9777,-1,3,16,5,2,1,2
9778,-1,3,16,0,2,1,2
9779,-1,3,16,0,2,1,2
9780,1,3,16,5,0,0,1
9781,1,3,16,0,0,0,1
9782,1,3,16,0,0,0,1
9783,1,3,16,5,0,0,1
9784,1,3,16,0,0,0,1
9785,1,3,16,0,0,0,1
9786,1,3,16,5,0,0,1
9787,1,3,16,0,0,0,1
9788,1,3,16,0,0,0,1
9789,-1,3,16,5,1,4,0
9790,-1,3,16,0,1,4,0
9791,-1,3,16,0,1,4,0
9792,-1,3,16,5,1,4,0
9793,-1,3,16,0,1,4,0
9794,-1,3,16,0,1,4,0
9795,-1,3,16,5,1,4,0
9796,-1,3,16,0,1,4,0
9797,-1,3,16,0,1,4,0
9798,0,3,16,5,2,1,1
9799,0,3,16,0,2,1,1
9800,0,3,16,0,2,1,1
9801,0,3,16,5,2,1,1
9802,0,3,16,0,2,1,1
9803,0,3,16,0,2,1,1
9804,0,3,16,5,2,1,1
9805,0,3,16,0,2,1,1
9806,0,3,16,0,2,1,1
9807,1,3,16,5,0,3,0
9808,1,3,16,0,0,3,0
9809,1,3,16,0,0,3,0
9810,1,3,16,5,0,3,0
9811,1,3,16,0,0,3,0
9812,1,3,16,0,0,3,0
9813,1,3,16,5,0,3,0
9814,1,3,16,0,0,3,0
9815,1,3,16,0,0,3,0
9816,0,3,16,5,1,2,2
9817,0,3,16,0,1,2,2
9818,0,3,16,0,1,2,2
9819,0,3,16,5,1,2,2
9820,0,3,16,0,1,2,2
9821,0,3,16,0,1,2,2
9822,0,3,16,5,1,2,2
9823,0,3,16,0,1,2,2
9824,0,3,16,0,1,2,2
9825,0,3,16,5,1,2,2
9826,0,3,16,0,1,2,2
9827,0,3,16,0,1,2,2
9828,0,3,16,5,1,2,2
9829,0,3,16,0,1,2,2
9830,0,3,16,0,1,2,2
9831,0,3,16,5,1,2,2
9832,0,3,16,0,1,2,2
9833,0,3,16,0,1,2,2
9834,-1,3,16,5,1,4,2
9835,-1,3,16,0,1,4,2
9836,-1,3,16,0,1,4,2
9837,-1,3,16,5,1,4,2
9838,-1,3,16,0,1,4,2
9839,-1,3,16,0,1,4,2
9840,-1,3,16,5,1,4,2
9841,-1,3,16,0,1,4,2
9842,-1,3,16,0,1,4,2
9843,0,3,16,5,2,1,2
9844,0,3,16,0,2,1,2
9845,0,3,16,0,2,1,2
9846,0,3,16,5,2,1,2
9847,0,3,16,0,2,1,2
9848,0,3,16,0,2,1,2
9849,0,3,16,5,2,1,2
9850,0,3,16,0,2,1,2
9851,0,3,16,0,2,1,2
9852,-1,3,16,5,0,4,1
9853,-1,3,16,0,0,4,1
9854,-1,3,16,0,0,4,1
9855,-1,3,16,5,0,4,1
9856,-1,3,16,0,0,4,1
9857,-1,3,16,0,0,4,1
9858,-1,3,16,5,0,4,1
9859,-1,3,16,0,0,4,1
9860,-1,3,16,0,0,4,1
9861,1,3,16,5,2,1,2
9862,1,3,16,0,2,1,2
9863,1,3,16,0,2,1,2
9864,1,3,16,5,2,1,2
9865,1,3,16,0,2,1,2
9866,1,3,16,0,2,1,2
9867,1,3,16,5,2,1,2
9868,1,3,16,0,2,1,2
9869,1,3,16,0,2,1,2
9870,-1,3,16,5,0,4,2
9871,-1,3,16,0,0,4,2
9872,-1,3,16,0,0,4,2
9873,-1,3,16,5,0,4,2
9874,-1,3,16,0,0,4,2
9875,-1,3,16,0,0,4,2
9876,-1,3,16,5,0,4,2
9877,-1,3,16,0,0,4,2
9878,-1,3,16,0,0,4,2
9879,1,3,16,5,1,4,1
9880,1,3,16,0,1,4,1
9881,1,3,16,0,1,4,1
9882,1,3,16,5,1,4,1
9883,1,3,16,0,1,4,1
9884,1,3,16,0,1,4,1
9885,1,3,16,5,1,4,1
9886,1,3,16,0,1,4,1
9887,1,3,16,0,1,4,1
9888,0,3,16,5,0,4,2
9889,0,3,16,0,0,4,2
9890,0,3,16,0,0,4,2
9891,0,3,16,5,0,4,2
9892,0,3,16,0,0,4,2
9893,0,3,16,0,0,4,2
9894,0,3,16,5,0,4,2
9895,0,3,16,0,0,4,2
9896,0,3,16,0,0,4,2
9897,-1,3,16,5,1,2,2
9898,-1,3,16,0,1,2,2
9899,-1,3,16,0,1,2,2
9900,-1,3,16,5,1,2,2
9901,-1,3,16,0,1,2,2
9902,-1,3,16,0,1,2,2
9903,-1,3,16,5,1,2,2
9904,-1,3,16,0,1,2,2
9905,-1,3,16,0,1,2,2
9906,1,3,16,5,1,4,2
9907,1,3,16,0,1,4,2
9908,1,3,16,0,1,4,2
9909,1,3,16,5,1,4,2
9910,1,3,16,0,1,4,2
9911,1,3,16,0,1,4,2
9912,1,3,16,5,1,4,2
9913,1,3,16,0,1,4,2
9914,1,3,16,0,1,4,2
9915,1,3,16,5,0,2,2
9916,1,3,16,0,0,2,2
9917,1,3,16,0,0,2,2
9918,1,3,16,5,0,2,2
9919,1,3,16,0,0,2,2
9920,1,3,16,0,0,2,2
9921,1,3,16,5,0,2,2
9922,1,3,16,0,0,2,2
9923,1,3,16,0,0,2,2
9924,1,3,16,5,1,0,2
9925,1,3,16,0,1,0,2
9926,1,3,16,0,1,0,2
9927,1,3,16,5,1,0,2
9928,1,3,16,0,1,0,2
9929,1,3,16,0,1,0,2
9930,1,3,16,5,1,0,2
9931,1,3,16,0,1,0,2
9932,1,3,16,0,1,0,2
9933,0,3,16,5,1,4,1
9934,0,3,16,0,1,4,1
9935,0,3,16,0,1,4,1
9936,0,3,16,5,1,4,1
9937,0,3,16,0,1,4,1
9938,0,3,16,0,1,4,1
9939,0,3,16,5,1,4,1
9940,0,3,16,0,1,4,1
9941,0,3,16,0,1,4,1
9942,0,3,16,5,1,4,2
9943,0,3,16,0,1,4,2
9944,0,3,16,0,1,4,2
9945,0,3,16,5,1,4,2
9946,0,3,16,0,1,4,2
9947,0,3,16,0,1,4,2
9948,0,3,16,5,1,4,2
9949,0,3,16,0,1,4,2
9950,0,3,16,0,1,4,2
9951,0,3,16,5,1,4,1
9952,0,3,16,0,1,4,1
9953,0,3,16,0,1,4,1
9954,0,3,16,5,1,4,1
9955,0,3,16,0,1,4,1
9956,0,3,16,0,1,4,1
9957,0,3,16,5,1,4,1
9958,0,3,16,0,1,4,1
9959,0,3,16,0,1,4,1
9960,0,3,16,5,0,4,0
9961,0,3,16,0,0,4,0
9962,0,3,16,0,0,4,0
9963,0,3,16,5,0,4,0
9964,0,3,16,0,0,4,0
9965,0,3,16,0,0,4,0
9966,0,3,16,5,0,4,0
9967,0,3,16,0,0,4,0
9968,0,3,16,0,0,4,0
9969,1,3,16,5,0,3,1
9970,1,3,16,0,0,3,1
9971,1,3,16,0,0,3,1
9972,1,3,16,5,0,3,1
9973,1,3,16,0,0,3,1
9974,1,3,16,0,0,3,1
9975,1,3,16,5,0,3,1
9976,1,3,16,0,0,3,1
9977,1,3,16,0,0,3,1
9978,-1,3,16,5,1,4,2
9979,-1,3,16,0,1,4,2
9980,-1,3,16,0,1,4,2
9981,-1,3,16,5,1,4,2
9982,-1,3,16,0,1,4,2
9983,-1,3,16,0,1,4,2
9984,-1,3,16,5,1,4,2
9985,-1,3,16,0,1,4,2
9986,-1,3,16,0,1,4,2
9987,0,3,16,5,1,0,2
9988,0,3,16,0,1,0,2
9989,0,3,16,0,1,0,2
9990,0,3,16,5,1,0,2
9991,0,3,16,0,1,0,2
9992,0,3,16,0,1,0,2
9993,0,3,16,5,1,0,2
9994,0,3,16,0,1,0,2
9995,0,3,16,0,1,0,2
9996,0,3,16,5,0,4,2
9997,0,3,16,0,0,4,2
9998,0,3,16,0,0,4,2
9999,0,3,16,5,0,4,2
10000,0,3,16,0,0,4,2
10001,0,3,16,0,0,4,2
10002,0,3,16,5,0,4,2
10003,0,3,16,0,0,4,2
10004,0,3,16,0,0,4,2
10005,-1,3,16,5,2,1,1
10006,-1,3,16,0,2,1,1
10007,-1,3,16,0,2,1,1
10008,-1,3,16,5,2,1,1
10009,-1,3,16,0,2,1,1
10010,-1,3,16,0,2,1,1
10011,-1,3,16,5,2,1,1
10012,-1,3,16,0,2,1,1
10013,-1,3,16,0,2,1,1
10014,1,3,16,5,1,0,0
10015,1,3,16,0,1,0,0
10016,1,3,16,0,1,0,0
10017,1,3,16,5,1,0,0
10018,1,3,16,0,1,0,0
10019,1,3,16,0,1,0,0
10020,1,3,16,5,1,0,0
10021,1,3,16,0,1,0,0
10022,1,3,16,0,1,0,0
10023,0,3,16,5,1,0,2
10024,0,3,16,0,1,0,2
10025,0,3,16,0,1,0,2
10026,0,3,16,5,1,0,2
10027,0,3,16,0,1,0,2
10028,0,3,16,0,1,0,2
10029,0,3,16,5,1,0,2
10030,0,3,16,0,1,0,2
10031,0,3,16,0,1,0,2
10032,0,3,16,5,1,4,2
10033,0,3,16,0,1,4,2
10034,0,3,16,0,1,4,2
10035,0,3,16,5,1,4,2
10036,0,3,16,0,1,4,2
10037,0,3,16,0,1,4,2
10038,0,3,16,5,1,4,2
10039,0,3,16,0,1,4,2
10040,0,3,16,0,1,4,2
10041,-1,3,16,5,0,0,1
10042,-1,3,16,0,0,0,1
10043,-1,3,16,0,0,0,1
10044,-1,3,16,5,0,0,1
10045,-1,3,16,0,0,0,1
10046,-1,3,16,0,0,0,1
10047,-1,3,16,5,0,0,1
10048,-1,3,16,0,0,0,1
10049,-1,3,16,0,0,0,1
10050,1,3,16,5,1,0,0
10051,1,3,16,0,1,0,0
10052,1,3,16,0,1,0,0
10053,1,3,16,5,1,0,0
10054,1,3,16,0,1,0,0
10055,1,3,16,0,1,0,0
10056,1,3,16,5,1,0,0
10057,1,3,16,0,1,0,0
10058,1,3,16,0,1,0,0
10145,-1,0,20,0,0,4,2
10146,0,0,20,0,2,1,2
10147,0,0,20,0,2,1,2
10148,0,0,20,0,0,3,2
10149,0,0,20,0,1,4,2
10150,1,0,20,0,1,4,2
10151,1,0,20,0,2,1,2
10152,0,0,20,0,0,2,2
10153,0,0,20,0,0,4,2
10154,0,0,20,0,1,2,2
10155,0,0,20,0,2,1,2
10156,0,0,20,0,0,4,2
10157,0,0,20,0,0,3,2
10158,0,0,20,0,0,4,2
10159,0,0,20,0,2,1,2
10160,0,0,20,0,0,0,2
10161,0,0,20,0,1,4,2
10162,0,0,20,0,2,1,2
10163,0,0,20,0,0,3,2
10164,0,0,20,0,1,2,2
10165,0,0,20,0,1,2,2
10166,0,0,20,0,1,4,2
10167,-1,0,20,0,2,1,2
10168,0,0,20,0,0,4,2
10169,0,0,20,0,2,1,2
10170,0,0,20,0,0,4,2
10171,0,0,20,0,1,4,2
10172,0,0,20,0,0,4,2
10173,0,0,20,0,1,2,2
10174,0,0,20,0,1,4,2
10175,0,0,20,0,0,2,2
10176,0,0,20,0,1,0,2
10177,0,0,20,0,1,4,2
10178,0,0,20,0,1,4,2
10179,0,0,20,0,1,4,2
10180,0,0,20,0,0,4,2
10181,0,0,20,0,0,3,2
10182,0,0,20,0,1,4,2
10183,0,0,20,0,1,0,2
10184,0,0,20,0,0,4,2
10185,0,0,20,0,2,1,2
10186,0,0,20,0,1,0,2
10187,-1,0,20,0,1,0,2
10188,0,0,20,0,1,4,2
10189,1,0,20,0,0,0,2
10190,0,0,20,0,1,0,2
10191,-1,5,20,5,0,4,2
10192,0,5,20,5,2,1,2
10193,1,5,20,5,2,1,2
10194,0,5,20,5,0,3,1
10195,0,5,20,5,1,4,2
10196,-1,5,20,5,1,4,2
10197,-1,5,20,5,2,1,2
10198,0,5,20,5,0,2,2
10199,0,5,20,5,0,4,2
10200,0,5,20,5,1,2,1
10201,0,5,20,5,2,1,2
10202,0,5,20,5,0,4,1
10203,0,5,20,5,0,3,1
10204,1,5,20,5,0,4,1
10205,0,5,20,5,2,1,2
10206,0,5,20,5,0,0,2
10207,1,5,20,5,1,4,2
10208,0,5,20,5,2,1,2
10209,0,5,20,5,0,3,1
10210,0,5,20,5,1,2,1
10211,0,5,20,5,1,2,2
10212,-1,5,20,5,1,4,2
10213,-1,5,20,5,2,1,2
10214,0,5,20,5,0,4,2
10215,-1,5,20,5,2,1,2
10216,1,5,20,5,0,4,2
10217,0,5,20,5,1,4,1
10218,0,5,20,5,0,4,1
10219,-1,5,20,5,1,2,2
10220,1,5,20,5,1,4,2
10221,-1,5,20,5,0,2,2
10222,-1,5,20,5,1,0,1
10223,-1,5,20,5,1,4,0
10224,1,5,20,5,1,4,2
10225,1,5,20,5,1,4,2
10226,1,5,20,5,0,4,1
10227,1,5,20,5,0,3,0
10228,1,5,20,5,1,4,1
10229,-1,5,20,5,1,0,2
10230,1,5,20,5,0,4,1
10231,1,5,20,5,2,1,1
10232,-1,5,20,5,1,0,2
10233,0,5,20,5,1,0,1
10234,0,5,20,5,1,4,0
10235,0,5,20,5,0,0,0
10236,-1,5,20,5,1,0,1
10237,0,3,20,0,0,4,2
10238,0,3,20,0,2,1,1
10239,0,3,20,0,2,1,1
10240,-1,3,20,0,0,3,1
10241,0,3,20,0,1,4,0
10242,-1,3,20,0,1,4,1
10243,1,3,20,0,2,1,2
10244,1,3,20,0,0,2,1
10245,1,3,20,0,0,4,2
10246,-1,3,20,0,1,2,2
10247,1,3,20,0,2,1,2
10248,1,3,20,0,0,4,2
10249,-1,3,20,0,0,3,1
10250,0,3,20,0,0,4,2
10251,1,3,20,0,2,1,2
10252,-1,3,20,0,0,0,1
10253,-1,3,20,0,1,4,0
10254,1,3,20,0,2,1,1
10255,0,3,20,0,0,3,0
10256,0,3,20,0,1,2,2
10257,0,3,20,0,1,2,2
10258,-1,3,20,0,1,4,2
10259,1,3,20,0,2,1,2
10260,0,3,20,0,0,4,1
10261,0,3,20,0,2,1,2
10262,0,3,20,0,0,4,2
10263,0,3,20,0,1,4,1
10264,1,3,20,0,0,4,2
10265,0,3,20,0,1,2,2
10266,0,3,20,0,1,4,2
10267,0,3,20,0,0,2,2
10268,1,3,20,0,1,0,2
10269,1,3,20,0,1,4,1
10270,-1,3,20,0,1,4,2
10271,0,3,20,0,1,4,1
10272,0,3,20,0,0,4,0
10273,0,3,20,0,0,3,1
10274,0,3,20,0,1,4,2
10275,0,3,20,0,1,0,2
10276,0,3,20,0,0,4,2
10277,1,3,20,0,2,1,1
10278,-1,3,20,0,1,0,0
10279,-1,3,20,0,1,0,2
10280,0,3,20,0,1,4,2
10281,0,3,20,0,0,0,1
10282,0,3,20,0,1,0,0
10283,0,9,16,0,0,4,2
10284,0,9,16,0,2,1,2
10285,0,9,16,0,2,1,0
10286,0,9,16,0,0,3,0
10287,0,9,16,0,1,4,2
10288,0,9,16,0,1,4,2
10289,0,9,16,0,2,1,2
10290,0,9,16,0,0,2,2
10291,0,9,16,0,0,4,2
10292,0,9,16,0,1,2,2
10293,0,9,16,0,2,1,2
10294,0,9,16,0,0,4,2
10295,0,9,16,0,0,3,2
10296,0,9,16,0,0,4,2
10297,-1,9,16,0,2,1,2
10298,0,9,16,0,0,0,1
10299,0,9,16,0,1,4,0
10300,1,9,16,0,2,1,1
10301,-1,9,16,0,0,3,0
10302,1,9,16,0,1,2,2
10303,0,9,16,0,1,2,2
10304,0,9,16,0,1,4,2
10305,0,9,16,0,2,1,2
10306,0,9,16,0,0,4,1
10307,0,9,16,0,2,1,2
10308,0,9,16,0,0,4,1
10309,0,9,16,0,1,4,2
10310,0,9,16,0,0,4,1
10311,0,9,16,0,1,2,2
10312,0,9,16,0,1,4,2
10313,0,9,16,0,0,2,2
10314,0,9,16,0,1,0,2
10315,1,9,16,0,1,4,1
10316,0,9,16,0,1,4,1
10317,0,9,16,0,1,4,0
10318,0,9,16,0,0,4,0
10319,1,9,16,0,0,3,1
10320,0,9,16,0,1,4,0
10321,0,9,16,0,1,0,1
10322,0,9,16,0,0,4,2
10323,0,9,16,0,2,1,0
10324,-1,9,16,0,1,0,0
10325,1,9,16,0,1,0,0
10326,0,9,16,0,1,4,2
10327,-1,9,16,0,0,0,1
10328,1,9,16,0,1,0,0
10329,0,9,13,5,0,4,2
10330,0,9,13,5,2,1,2
10331,-1,9,13,5,2,1,0
10332,-1,9,13,5,0,3,0
10333,0,9,13,5,1,4,2
10334,0,9,13,5,1,4,2
10335,1,9,13,5,2,1,2
10336,0,9,13,5,0,2,2
10337,0,9,13,5,0,4,2
10338,0,9,13,5,1,2,2
10339,0,9,13,5,2,1,2
10340,0,9,13,5,0,4,2
10341,10,9,13,5,0,3,2
10342,0,9,13,5,0,4,2
10343,-1,9,13,5,2,1,2
10344,0,9,13,5,0,0,1
10345,-1,9,13,5,1,4,0
10346,0,9,13,5,2,1,1
10347,0,9,13,5,0,3,0
10348,1,9,13,5,1,2,2
10349,-1,9,13,5,1,2,2
10350,0,9,13,5,1,4,2
10351,0,9,13,5,2,1,2
10352,0,9,13,5,0,4,1
10353,-1,9,13,5,2,1,2
10354,0,9,13,5,0,4,1
10355,0,9,13,5,1,4,2
10356,0,9,13,5,0,4,1
10357,1,9,13,5,1,2,2
10358,0,9,13,5,1,4,2
10359,0,9,13,5,0,2,2
10360,0,9,13,5,1,0,2
10361,1,9,13,5,1,4,1
10362,-1,9,13,5,1,4,1
10363,1,9,13,5,1,4,0
10364,-1,9,13,5,0,4,0
10365,1,9,13,5,0,3,1
10366,0,9,13,5,1,4,0
10367,0,9,13,5,1,0,1
10368,-1,9,13,5,0,4,2
10369,0,9,13,5,2,1,0
10370,0,9,13,5,1,0,0
10371,1,9,13,5,1,0,0
10372,0,9,13,5,1,4,2
10373,0,9,13,5,0,0,1
10374,1,9,13,5,1,0,0
10375,0,0,7,1,0,4,2
10376,1,0,7,1,2,1,2
10377,1,0,7,1,2,1,2
10378,0,0,7,1,0,3,2
10379,0,0,7,1,1,4,2
10380,0,0,7,1,1,4,2
10381,0,0,7,1,2,1,2
10382,0,0,7,1,0,2,2
10383,1,0,7,1,0,4,2
10384,0,0,7,1,1,2,2
10385,1,0,7,1,2,1,2
10386,0,0,7,1,0,4,2
10387,0,0,7,1,0,3,2
10388,-1,0,7,1,0,4,2
10389,0,0,7,1,2,1,2
10390,0,0,7,1,0,0,2
10391,0,0,7,1,1,4,2
10392,1,0,7,1,2,1,2
10393,1,0,7,1,0,3,2
10394,0,0,7,1,1,2,2
10395,0,0,7,1,1,2,2
10396,0,0,7,1,1,4,2
10397,0,0,7,1,2,1,2
10398,1,0,7,1,0,4,2
10399,-1,0,7,1,2,1,2
10400,1,0,7,1,0,4,2
10401,-1,0,7,1,1,4,2
10402,0,0,7,1,0,4,2
10403,0,0,7,1,1,2,2
10404,0,0,7,1,1,4,2
10405,0,0,7,1,0,2,2
10406,-1,0,7,1,1,0,2
10407,0,0,7,1,1,4,2
10408,0,0,7,1,1,4,2
10409,1,0,7,1,1,4,2
10410,1,0,7,1,0,4,2
10411,0,0,7,1,0,3,2
10412,0,0,7,1,1,4,2
10413,0,0,7,1,1,0,2
10414,0,0,7,1,0,4,2
10415,-1,0,7,1,2,1,2
10416,1,0,7,1,1,0,2
10417,0,0,7,1,1,0,2
10418,0,0,7,1,1,4,2
10419,0,0,7,1,0,0,2
10420,0,0,7,1,1,0,2
10421,0,3,8,2,0,4,2
10422,0,3,8,2,2,1,1
10423,0,3,8,2,2,1,1
10424,0,3,8,2,0,3,1
10425,0,3,8,2,1,4,0
10426,0,3,8,2,1,4,1
10427,0,3,8,2,2,1,2
10428,0,3,8,2,0,2,1
10429,0,3,8,2,0,4,2
10430,0,3,8,2,1,2,2
10431,0,3,8,2,2,1,2
10432,0,3,8,2,0,4,2
10433,0,3,8,2,0,3,1
10434,-1,3,8,2,0,4,2
10435,0,3,8,2,2,1,2
10436,-1,3,8,2,0,0,1
10437,0,3,8,2,1,4,0
10438,1,3,8,2,2,1,1
10439,0,3,8,2,0,3,0
10440,0,3,8,2,1,2,2
10441,0,3,8,2,1,2,2
10442,0,3,8,2,1,4,2
10443,-1,3,8,2,2,1,2
10444,0,3,8,2,0,4,1
10445,0,3,8,2,2,1,2
10446,1,3,8,2,0,4,2
10447,-1,3,8,2,1,4,1
10448,0,3,8,2,0,4,2
10449,1,3,8,2,1,2,2
10450,1,3,8,2,1,4,2
10451,-1,3,8,2,0,2,2
10452,-1,3,8,2,1,0,2
10453,1,3,8,2,1,4,1
10454,0,3,8,2,1,4,2
10455,-1,3,8,2,1,4,1
10456,1,3,8,2,0,4,0
10457,1,3,8,2,0,3,1
10458,1,3,8,2,1,4,2
10459,0,3,8,2,1,0,2
10460,0,3,8,2,0,4,2
10461,-1,3,8,2,2,1,1
10462,0,3,8,2,1,0,0
10463,0,3,8,2,1,0,2
10464,1,3,8,2,1,4,2
10465,0,3,8,2,0,0,1
10466,-1,3,8,2,1,0,0
10467,0,4,11,3,0,4,2
10468,0,4,11,3,2,1,2
10469,0,4,11,3,2,1,2
10470,0,4,11,3,0,3,2
10471,0,4,11,3,1,4,2
10472,0,4,11,3,1,4,1
10473,0,4,11,3,2,1,2
10474,0,4,11,3,0,2,2
10475,1,4,11,3,0,4,1
10476,0,4,11,3,1,2,1
10477,-1,4,11,3,2,1,1
10478,1,4,11,3,0,4,1
10479,0,4,11,3,0,3,2
10480,-1,4,11,3,0,4,1
10481,0,4,11,3,2,1,2
10482,0,4,11,3,0,0,2
10483,0,4,11,3,1,4,1
10484,0,4,11,3,2,1,2
10485,0,4,11,3,0,3,0
10486,0,4,11,3,1,2,1
10487,0,4,11,3,1,2,2
10488,0,4,11,3,1,4,2
10489,0,4,11,3,2,1,2
10490,0,4,11,3,0,4,1
10491,0,4,11,3,2,1,1
10492,1,4,11,3,0,4,2
10493,0,4,11,3,1,4,2
10494,0,4,11,3,0,4,1
10495,0,4,11,3,1,2,1
10496,1,4,11,3,1,4,1
10497,-1,4,11,3,0,2,2
10498,-1,4,11,3,1,0,1
10499,0,4,11,3,1,4,0
10500,-1,4,11,3,1,4,2
10501,0,4,11,3,1,4,1
10502,0,4,11,3,0,4,1
10503,0,4,11,3,0,3,1
10504,0,4,11,3,1,4,0
10505,-1,4,11,3,1,0,1
10506,0,4,11,3,0,4,0
10507,-1,4,11,3,2,1,1
10508,10,4,11,3,1,0,1
10509,1,4,11,3,1,0,2
10510,0,4,11,3,1,4,1
10511,0,4,11,3,0,0,0
10512,-1,4,11,3,1,0,2
10513,0,6,33,6,0,4,2
10514,0,6,33,6,2,1,1
10515,0,6,33,6,2,1,2
10516,0,6,33,6,0,3,1
10517,1,6,33,6,1,4,2
10518,0,6,33,6,1,4,2
10519,0,6,33,6,2,1,2
10520,0,6,33,6,0,2,2
10521,-1,6,33,6,0,4,1
10522,-1,6,33,6,1,2,2
10523,-1,6,33,6,2,1,1
10524,0,6,33,6,0,4,1
10525,0,6,33,6,0,3,1
10526,0,6,33,6,0,4,2
10527,0,6,33,6,2,1,2
10528,0,6,33,6,0,0,2
10529,0,6,33,6,1,4,2
10530,1,6,33,6,2,1,2
10531,10,6,33,6,0,3,0
10532,0,6,33,6,1,2,1
10533,0,6,33,6,1,2,2
10534,0,6,33,6,1,4,2
10535,-1,6,33,6,2,1,2
10536,0,6,33,6,0,4,1
10537,1,6,33,6,2,1,2
10538,0,6,33,6,0,4,2
10539,0,6,33,6,1,4,1
10540,1,6,33,6,0,4,0
10541,1,6,33,6,1,2,2
10542,1,6,33,6,1,4,2
10543,1,6,33,6,0,2,2
10544,0,6,33,6,1,0,1
10545,0,6,33,6,1,4,1
10546,0,6,33,6,1,4,1
10547,0,6,33,6,1,4,2
10548,1,6,33,6,0,4,1
10549,0,6,33,6,0,3,0
10550,0,6,33,6,1,4,0
10551,0,6,33,6,1,0,0
10552,0,6,33,6,0,4,0
10553,-1,6,33,6,2,1,0
10554,1,6,33,6,1,0,1
10555,1,6,33,6,1,0,2
10556,0,6,33,6,1,4,1
10557,0,6,33,6,0,0,0
10558,0,6,33,6,1,0,2
10559,-1,2,13,2,0,4,2
10560,1,2,13,2,2,1,1
10561,-1,2,13,2,2,1,1
10562,0,2,13,2,0,3,2
10563,1,2,13,2,1,4,2
10564,0,2,13,2,1,4,2
10565,0,2,13,2,2,1,2
10566,0,2,13,2,0,2,1
10567,-1,2,13,2,0,4,1
10568,0,2,13,2,1,2,2
10569,0,2,13,2,2,1,2
10570,1,2,13,2,0,4,2
10571,1,2,13,2,0,3,2
10572,0,2,13,2,0,4,1
10573,1,2,13,2,2,1,2
10574,0,2,13,2,0,0,2
10575,-1,2,13,2,1,4,1
10576,0,2,13,2,2,1,2
10577,0,2,13,2,0,3,1
10578,0,2,13,2,1,2,1
10579,-1,2,13,2,1,2,2
10580,0,2,13,2,1,4,1
10581,1,2,13,2,2,1,2
10582,0,2,13,2,0,4,2
10583,-1,2,13,2,2,1,2
10584,0,2,13,2,0,4,2
10585,0,2,13,2,1,4,1
10586,0,2,13,2,0,4,1
10587,0,2,13,2,1,2,2
10588,0,2,13,2,1,4,2
10589,0,2,13,2,0,2,1
10590,0,2,13,2,1,0,2
10591,1,2,13,2,1,4,0
10592,-1,2,13,2,1,4,2
10593,0,2,13,2,1,4,2
10594,1,2,13,2,0,4,0
10595,0,2,13,2,0,3,0
10596,-1,2,13,2,1,4,2
10597,0,2,13,2,1,0,2
10598,-1,2,13,2,0,4,0
10599,-1,2,13,2,2,1,2
10600,10,2,13,2,1,0,1
10601,-1,2,13,2,1,0,2
10602,1,2,13,2,1,4,1
10603,-1,2,13,2,0,0,0
10604,-1,2,13,2,1,0,1
10605,0,6,19,5,2,1,2
10606,1,6,19,5,0,4,2
10607,0,6,19,5,1,4,1
10608,1,6,19,5,0,4,0
10609,-1,6,19,5,1,2,2
10610,0,6,19,5,1,4,2
10611,0,6,19,5,0,2,2
10612,1,6,19,5,1,0,1
10613,-1,6,19,5,1,4,1
10614,0,6,19,5,1,4,1
10615,1,6,19,5,1,4,2
10616,1,6,19,5,0,4,1
10617,1,6,19,5,0,3,0
10618,-1,6,19,5,1,4,0
10619,1,6,19,5,1,0,0
10620,1,6,19,5,0,4,0
10621,1,6,19,5,2,1,0
10622,0,6,19,5,1,0,1
10623,-1,6,19,5,1,0,2
10624,0,6,19,5,1,4,1
10625,0,6,19,5,0,0,0
10626,0,6,19,5,1,0,2
10627,0,5,6,3,2,1,2
10628,0,5,6,3,0,4,2
10629,1,5,6,3,2,1,2
10630,1,5,6,3,0,4,2
10631,-1,5,6,3,1,4,1
10632,1,5,6,3,0,4,1
10633,-1,5,6,3,1,2,2
10634,1,5,6,3,1,4,2
10635,-1,5,6,3,0,2,2
10636,1,5,6,3,1,0,1
10637,0,5,6,3,1,4,0
10638,1,5,6,3,1,4,2
10639,0,5,6,3,1,4,2
10640,0,5,6,3,0,4,1
10641,0,5,6,3,0,3,0
10642,1,5,6,3,1,4,1
10643,-1,5,6,3,1,0,2
10644,1,5,6,3,0,4,1
10645,-1,5,6,3,2,1,1
10646,1,5,6,3,1,0,2
10647,0,5,6,3,1,0,1
10648,-1,5,6,3,1,4,0
10649,0,5,6,3,0,0,0
10650,-1,5,6,3,1,0,1
10651,0,1,6,6,0,4,2
10652,0,1,6,6,2,1,2
10653,0,1,6,6,2,1,2
10654,0,1,6,6,0,3,2
10655,-1,1,6,6,1,4,2
10656,1,1,6,6,1,4,2
10657,0,1,6,6,2,1,2
10658,-1,1,6,6,0,2,2
10659,0,1,6,6,0,4,2
10660,0,1,6,6,1,2,2
10661,1,1,6,6,2,1,1
10662,0,1,6,6,0,4,1
10663,0,1,6,6,0,3,2
10664,0,1,6,6,0,4,2
10665,-1,1,6,6,2,1,2
10666,1,1,6,6,0,0,2
10667,-1,1,6,6,1,4,1
10668,1,1,6,6,2,1,2
10669,0,1,6,6,0,3,0
10670,-10,1,6,6,1,2,1
10671,10,1,6,6,2,1,2
10672,10,1,6,6,0,4,1
10673,-1,1,6,6,2,1,1
10674,1,1,6,6,0,4,1
10675,1,1,6,6,1,4,0
10676,1,1,6,6,0,4,2
10677,1,1,6,6,1,2,1
10678,-1,1,6,6,1,4,2
10679,1,1,6,6,0,2,1
10680,0,1,6,6,1,0,0
10681,1,1,6,6,1,4,0
10682,-1,1,6,6,1,4,2
10683,1,1,6,6,1,4,2
10684,0,1,6,6,0,4,2
10685,0,1,6,6,0,3,1
10686,0,1,6,6,1,4,1
10687,1,1,6,6,1,0,1
10688,0,1,6,6,0,4,1
10689,-1,1,6,6,2,1,0
10690,1,1,6,6,1,0,0
10691,1,1,6,6,1,0,1
10692,1,1,6,6,1,4,0
10693,-1,1,6,6,0,0,0
10694,0,1,6,6,1,0,2
10695,10,1,8,2,0,4,2
10696,1,1,8,2,2,1,2
10697,1,1,8,2,2,1,2
10698,0,1,8,2,0,3,2
10699,1,1,8,2,1,4,2
10700,1,1,8,2,1,4,2
10701,1,1,8,2,2,1,2
10702,0,1,8,2,0,2,2
10703,0,1,8,2,0,4,2
10704,0,1,8,2,1,2,2
10705,0,1,8,2,2,1,1
10706,0,1,8,2,0,4,1
10707,0,1,8,2,0,3,2
10708,-1,1,8,2,0,4,2
10709,-1,1,8,2,2,1,2
10710,1,1,8,2,0,0,2
10711,0,1,8,2,1,4,1
10712,0,1,8,2,2,1,2
10713,0,1,8,2,0,3,0
10714,0,1,8,2,1,2,1
10715,0,1,8,2,1,2,2
10716,1,1,8,2,1,4,1
10717,0,1,8,2,2,1,2
10718,0,1,8,2,0,4,1
10719,0,1,8,2,2,1,1
10720,0,1,8,2,0,4,1
10721,-1,1,8,2,1,4,0
10722,-1,1,8,2,0,4,2
10723,1,1,8,2,1,2,1
10724,0,1,8,2,1,4,2
10725,0,1,8,2,0,2,1
10726,0,1,8,2,1,0,0
10727,0,1,8,2,1,4,0
10728,0,1,8,2,1,4,2
10729,0,1,8,2,1,4,2
10730,0,1,8,2,0,4,2
10731,0,1,8,2,0,3,1
10732,0,1,8,2,1,4,1
10733,0,1,8,2,1,0,1
10734,0,1,8,2,0,4,1
10735,-1,1,8,2,2,1,0
10736,0,1,8,2,1,0,0
10737,10,1,8,2,1,0,1
10738,1,1,8,2,1,4,0
10739,0,1,8,2,0,0,0
10740,-1,1,8,2,1,0,2
10741,0,5,8,1,0,4,2
10742,0,5,8,1,2,1,2
10743,0,5,8,1,2,1,2
10744,0,5,8,1,0,3,1
10745,0,5,8,1,1,4,2
10746,0,5,8,1,1,4,2
10747,0,5,8,1,2,1,2
10748,0,5,8,1,0,2,2
10749,0,5,8,1,0,4,2
10750,0,5,8,1,1,2,1
10751,-1,5,8,1,2,1,2
10752,0,5,8,1,0,4,1
10753,0,5,8,1,0,3,1
10754,0,5,8,1,0,4,1
10755,0,5,8,1,2,1,2
10756,-1,5,8,1,0,0,2
10757,-1,5,8,1,1,4,2
10758,0,5,8,1,2,1,2
10759,0,5,8,1,0,3,1
10760,0,5,8,1,1,2,1
10761,-1,5,8,1,1,2,2
10762,0,5,8,1,1,4,2
10763,0,5,8,1,2,1,2
10764,-1,5,8,1,0,4,2
10765,0,5,8,1,2,1,2
10766,0,5,8,1,0,4,2
10767,0,5,8,1,1,4,1
10768,0,5,8,1,0,4,1
10769,0,5,8,1,1,2,2
10770,0,5,8,1,1,4,2
10771,1,5,8,1,0,2,2
10772,-1,5,8,1,1,0,1
10773,1,5,8,1,1,4,0
10774,-1,5,8,1,1,4,2
10775,0,5,8,1,1,4,2
10776,1,5,8,1,0,4,1
10777,1,5,8,1,0,3,0
10778,0,5,8,1,1,4,1
10779,-1,5,8,1,1,0,2
10780,0,5,8,1,0,4,1
10781,-1,5,8,1,2,1,1
10782,1,5,8,1,1,0,2
10783,-1,5,8,1,1,0,1
10784,1,5,8,1,1,4,0
10785,0,5,8,1,0,0,0
10786,-1,5,8,1,1,0,1
10787,10,6,6,6,2,1,2
10788,1,6,6,6,0,2,2
10789,1,6,6,6,0,4,1
10790,0,6,6,6,1,2,2
10791,0,6,6,6,2,1,1
10792,-1,6,6,6,0,4,1
10793,1,6,6,6,0,3,1
10794,1,6,6,6,0,4,2
10795,1,6,6,6,2,1,2
10796,0,6,6,6,0,0,2
10797,0,6,6,6,1,4,2
10798,0,6,6,6,2,1,2
10799,1,6,6,6,0,3,0
10800,0,6,6,6,1,2,1
10801,0,6,6,6,1,2,2
10802,0,6,6,6,1,4,2
10803,1,6,6,6,2,1,2
10804,0,6,6,6,0,4,1
10805,0,6,6,6,2,1,2
10806,-1,6,6,6,0,4,2
10807,0,6,6,6,1,4,1
10808,0,6,6,6,0,4,0
10809,0,6,6,6,1,2,2
10810,1,6,6,6,1,4,2
10811,1,6,6,6,0,2,2
10812,-1,6,6,6,1,0,1
10813,-1,6,6,6,1,4,1
10814,-1,6,6,6,1,4,1
10815,1,6,6,6,1,4,2
10816,-1,6,6,6,0,4,1
10817,1,6,6,6,0,3,0
10818,1,6,6,6,1,4,0
10819,0,6,6,6,1,0,0
10820,-1,6,6,6,0,4,0
10821,-1,6,6,6,2,1,0
10822,1,6,6,6,1,0,1
10823,1,6,6,6,1,0,2
10824,1,6,6,6,1,4,1
10825,0,6,6,6,0,0,0
10826,-1,6,6,6,1,0,2
10827,0,4,16,5,0,4,2
10828,0,4,16,5,2,1,2
10829,0,4,16,5,2,1,2
10830,0,4,16,5,0,3,2
10831,0,4,16,5,1,4,2
10832,0,4,16,5,1,4,1
10833,0,4,16,5,2,1,2
10834,0,4,16,5,0,2,2
10835,0,4,16,5,0,4,1
10836,0,4,16,5,1,2,1
10837,1,4,16,5,2,1,1
10838,1,4,16,5,0,4,1
10839,1,4,16,5,0,3,2
10840,0,4,16,5,0,4,1
10841,-1,4,16,5,2,1,2
10842,0,4,16,5,0,0,2
10843,0,4,16,5,1,4,1
10844,0,4,16,5,2,1,2
10845,0,4,16,5,0,3,0
10846,-1,4,16,5,1,2,1
10847,0,4,16,5,1,2,2
10848,0,4,16,5,1,4,2
10849,0,4,16,5,2,1,2
10850,0,4,16,5,0,4,1
10851,0,4,16,5,2,1,1
10852,0,4,16,5,0,4,2
10853,-1,4,16,5,1,4,2
10854,-1,4,16,5,0,4,1
10855,0,4,16,5,1,2,1
10856,1,4,16,5,1,4,1
10857,0,4,16,5,0,2,2
10858,0,4,16,5,1,0,1
10859,0,4,16,5,1,4,0
10860,0,4,16,5,1,4,2
10861,0,4,16,5,1,4,1
10862,0,4,16,5,0,4,1
10863,0,4,16,5,0,3,1
10864,0,4,16,5,1,4,0
10865,0,4,16,5,1,0,1
10866,0,4,16,5,0,4,0
10867,-1,4,16,5,2,1,1
10868,1,4,16,5,1,0,1
10869,1,4,16,5,1,0,2
10870,0,4,16,5,1,4,1
10871,1,4,16,5,0,0,0
10872,-1,4,16,5,1,0,2
10873,0,6,5,1,0,4,2
10874,0,6,5,1,2,1,1
10875,-1,6,5,1,2,1,2
10876,0,6,5,1,0,3,1
10877,0,6,5,1,1,4,2
10878,0,6,5,1,1,4,2
10879,0,6,5,1,2,1,2
10880,-1,6,5,1,0,2,2
10881,1,6,5,1,0,4,1
10882,0,6,5,1,1,2,2
10883,0,6,5,1,2,1,1
10884,1,6,5,1,0,4,1
10885,0,6,5,1,0,3,1
10886,-1,6,5,1,0,4,2
10887,1,6,5,1,2,1,2
10888,-1,6,5,1,0,0,2
10889,0,6,5,1,1,4,2
10890,1,6,5,1,2,1,2
10891,0,6,5,1,0,3,0
10892,-1,6,5,1,1,2,1
10893,-1,6,5,1,1,2,2
10894,1,6,5,1,1,4,2
10895,0,6,5,1,2,1,2
10896,0,6,5,1,0,4,1
10897,0,6,5,1,2,1,2
10898,0,6,5,1,0,4,2
10899,0,6,5,1,1,4,1
10900,-1,6,5,1,0,4,0
10901,0,6,5,1,1,2,2
10902,0,6,5,1,1,4,2
10903,0,6,5,1,0,2,2
10904,0,6,5,1,1,0,1
10905,0,6,5,1,1,4,1
10906,-1,6,5,1,1,4,1
10907,0,6,5,1,1,4,2
10908,0,6,5,1,0,4,1
10909,0,6,5,1,0,3,0
10910,1,6,5,1,1,4,0
10911,-1,6,5,1,1,0,0
10912,0,6,5,1,0,4,0
10913,0,6,5,1,2,1,0
10914,0,6,5,1,1,0,1
10915,0,6,5,1,1,0,2
10916,0,6,5,1,1,4,1
10917,0,6,5,1,0,0,0
10918,-1,6,5,1,1,0,2
10919,-1,0,8,2,1,4,2
10920,-1,0,8,2,1,0,2
10921,1,0,8,2,0,4,2
10922,-1,0,8,2,2,1,2
10923,10,0,8,2,1,0,2
10924,0,0,8,2,1,0,2
10925,10,0,8,2,1,4,2
10926,1,0,8,2,0,0,2
10927,-1,0,8,2,1,0,2
10928,1,9,6,2,1,4,2
10929,1,9,6,2,2,1,2
10930,1,9,6,2,0,4,1
10931,1,9,6,2,2,1,2
10932,0,9,6,2,0,4,1
10933,1,9,6,2,1,4,2
10934,0,9,6,2,0,4,1
10935,0,9,6,2,1,2,2
10936,1,9,6,2,1,4,2
10937,-1,9,6,2,0,2,2
10938,0,9,6,2,1,0,2
10939,0,9,6,2,1,4,1
10940,0,9,6,2,1,4,1
10941,0,9,6,2,1,4,0
10942,1,9,6,2,0,4,0
10943,1,9,6,2,0,3,1
10944,0,9,6,2,1,4,0
10945,0,9,6,2,1,0,1
10946,0,9,6,2,0,4,2
10947,-1,9,6,2,2,1,0
10948,1,9,6,2,1,0,0
10949,0,9,6,2,1,0,0
10950,0,9,6,2,1,4,2
10951,-1,9,6,2,0,0,1
10952,0,9,6,2,1,0,0
10953,1,1,8,2,1,2,1
10954,0,1,8,2,1,2,2
10955,-1,1,8,2,1,4,1
10956,1,1,8,2,2,1,2
10957,0,1,8,2,0,4,1
10958,-1,1,8,2,2,1,1
10959,0,1,8,2,0,4,1
10960,-1,1,8,2,1,4,0
10961,1,1,8,2,0,4,2
10962,1,1,8,2,1,2,1
10963,-1,1,8,2,1,4,2
10964,0,1,8,2,0,2,1
10965,0,1,8,2,1,0,0
10966,1,1,8,2,1,4,0
10967,0,1,8,2,1,4,2
10968,1,1,8,2,1,4,2
10969,-1,1,8,2,0,4,2
10970,1,1,8,2,0,3,1
10971,-1,1,8,2,1,4,1
10972,1,1,8,2,1,0,1
10973,-1,1,8,2,0,4,1
10974,-1,1,8,2,2,1,0
10975,10,1,8,2,1,0,0
10976,1,1,8,2,1,0,1
10977,1,1,8,2,1,4,0
10978,1,1,8,2,0,0,0
10979,0,1,8,2,1,0,2
10980,10,6,33,6,1,4,1
10981,-1,6,33,6,1,4,1
10982,0,6,33,6,1,4,2
10983,1,6,33,6,0,4,1
10984,0,6,33,6,0,3,0
10985,0,6,33,6,1,4,0
10986,0,6,33,6,1,0,0
10987,0,6,33,6,0,4,0
10988,-1,6,33,6,2,1,0
10989,1,6,33,6,1,0,1
10990,1,6,33,6,1,0,2
10991,0,6,33,6,1,4,1
10992,0,6,33,6,0,0,0
10993,-1,6,33,6,1,0,2
10994,1,6,8,3,1,4,2
10995,1,6,8,3,1,4,2
10996,1,6,8,3,2,1,2
10997,1,6,8,3,0,2,2
10998,1,6,8,3,0,4,1
10999,1,6,8,3,1,2,2
11000,1,6,8,3,2,1,1
11001,10,6,8,3,0,4,1
11002,1,6,8,3,0,3,1
11003,-1,6,8,3,0,4,2
11004,-1,6,8,3,2,1,2
11005,-1,6,8,3,0,0,2
11006,1,6,8,3,1,4,2
11007,-1,6,8,3,2,1,2
11008,-1,6,8,3,0,3,0
11009,1,6,8,3,1,2,1
11010,1,6,8,3,1,2,2
11011,0,6,8,3,1,4,2
11012,0,6,8,3,2,1,2
11013,0,6,8,3,0,4,1
11014,-1,6,8,3,2,1,2
11015,0,6,8,3,0,4,2
11016,1,6,8,3,1,4,1
11017,-1,6,8,3,0,4,0
11018,0,6,8,3,1,2,2
11019,0,6,8,3,1,4,2
11020,0,6,8,3,0,2,2
11021,0,6,8,3,1,0,1
11022,0,6,8,3,1,4,1
11023,0,6,8,3,1,4,1
11024,0,6,8,3,1,4,2
11025,-1,6,8,3,0,4,1
11026,-1,6,8,3,0,3,0
11027,1,6,8,3,1,4,0
11028,0,6,8,3,1,0,0
11029,1,6,8,3,0,4,0
11030,-1,6,8,3,2,1,0
11031,-1,6,8,3,1,0,1
11032,10,6,8,3,1,0,2
11033,1,6,8,3,1,4,1
11034,10,6,8,3,0,0,0
11035,-1,6,8,3,1,0,2
11036,-1,1,6,2,0,3,2
11037,-1,1,6,2,1,4,2
11038,0,1,6,2,1,4,2
11039,0,1,6,2,2,1,2
11040,10,1,6,2,0,2,2
11041,1,1,6,2,0,4,2
11042,0,1,6,2,1,2,2
11043,0,1,6,2,2,1,1
11044,1,1,6,2,0,4,1
11045,0,1,6,2,0,3,2
11046,0,1,6,2,0,4,2
11047,0,1,6,2,2,1,2
11048,1,1,6,2,0,0,2
11049,0,1,6,2,1,4,1
11050,1,1,6,2,2,1,2
11051,-1,1,6,2,0,3,0
11052,0,1,6,2,1,2,1
11053,-1,1,6,2,1,2,2
11054,1,1,6,2,1,4,1
11055,0,1,6,2,2,1,2
11056,0,1,6,2,0,4,1
11057,0,1,6,2,2,1,1
11058,-1,1,6,2,0,4,1
11059,10,1,6,2,1,4,0
11060,-1,1,6,2,0,4,2
11061,0,1,6,2,1,2,1
11062,0,1,6,2,1,4,2
11063,0,1,6,2,0,2,1
11064,0,1,6,2,1,0,0
11065,1,1,6,2,1,4,0
11066,-1,1,6,2,1,4,2
11067,1,1,6,2,1,4,2
11068,0,1,6,2,0,4,2
11069,1,1,6,2,0,3,1
11070,0,1,6,2,1,4,1
11071,-1,1,6,2,1,0,1
11072,1,1,6,2,0,4,1
11073,-1,1,6,2,2,1,0
11074,-1,1,6,2,1,0,0
11075,1,1,6,2,1,0,1
11076,0,1,6,2,1,4,0
11077,1,1,6,2,0,0,0
11078,-1,1,6,2,1,0,2
11079,0,6,6,4,0,3,0
11080,-1,6,6,4,1,2,1
11081,-1,6,6,4,1,2,2
11082,0,6,6,4,1,4,2
11083,-1,6,6,4,2,1,2
11084,0,6,6,4,0,4,1
11085,10,6,6,4,2,1,2
11086,1,6,6,4,0,4,2
11087,1,6,6,4,1,4,1
11088,0,6,6,4,0,4,0
11089,0,6,6,4,1,2,2
11090,1,6,6,4,1,4,2
11091,-1,6,6,4,0,2,2
11092,0,6,6,4,1,0,1
11093,-1,6,6,4,1,4,1
11094,-1,6,6,4,1,4,1
11095,1,6,6,4,1,4,2
11096,-1,6,6,4,0,4,1
11097,-1,6,6,4,0,3,0
11098,-1,6,6,4,1,4,0
11099,-1,6,6,4,1,0,0
11100,10,6,6,4,0,4,0
11101,-1,6,6,4,2,1,0
11102,-10,6,6,4,1,0,1
11103,10,6,6,4,1,0,2
11104,1,6,6,4,1,4,1
11105,0,6,6,4,0,0,0
11106,0,6,6,4,1,0,2
11107,10,5,13,4,1,0,1
11108,10,5,13,4,1,4,0
11109,1,5,13,4,0,0,0
11110,-1,5,13,4,1,0,1
11111,1,7,16,5,0,4,2
11112,0,7,16,5,2,1,2
11113,0,7,16,5,2,1,2
11114,0,7,16,5,0,3,1
11115,-1,7,16,5,1,4,1
11116,1,7,16,5,1,4,1
11117,0,7,16,5,2,1,1
11118,1,7,16,5,0,2,2
11119,0,7,16,5,0,4,2
11120,-1,7,16,5,1,2,1
11121,0,7,16,5,2,1,2
11122,1,7,16,5,0,4,2
11123,0,7,16,5,0,3,1
11124,-1,7,16,5,0,4,2
11125,0,7,16,5,2,1,2
11126,0,7,16,5,0,0,2
11127,0,7,16,5,1,4,2
11128,0,7,16,5,2,1,2
11129,0,7,16,5,0,3,2
11130,0,7,16,5,1,2,2
11131,-1,7,16,5,1,2,2
11132,1,7,16,5,1,4,2
11133,-1,7,16,5,2,1,1
11134,0,7,16,5,0,4,0
11135,0,7,16,5,2,1,2
11136,1,7,16,5,0,4,2
11137,1,7,16,5,1,4,2
11138,0,7,16,5,0,4,1
11139,0,7,16,5,1,2,2
11140,0,7,16,5,1,4,2
11141,0,7,16,5,0,2,2
11142,0,7,16,5,1,0,2
11143,-1,7,16,5,1,4,0
11144,0,7,16,5,1,4,2
11145,0,7,16,5,1,4,1
11146,0,7,16,5,0,4,1
11147,0,7,16,5,0,3,1
11148,0,7,16,5,1,4,0
11149,0,7,16,5,1,0,0
11150,0,7,16,5,0,4,2
11151,-1,7,16,5,2,1,0
11152,1,7,16,5,1,0,0
11153,0,7,16,5,1,0,2
11154,0,7,16,5,1,4,2
11155,0,7,16,5,0,0,0
11156,0,7,16,5,1,0,0
11157,0,4,13,1,0,0,0
11158,1,4,13,1,1,0,2
11159,0,3,6,2,1,0,2
11160,1,3,6,2,0,4,2
11161,-1,3,6,2,2,1,1
11162,10,3,6,2,1,0,0
11163,0,3,6,2,1,0,2
11164,1,3,6,2,1,4,2
11165,1,3,6,2,0,0,1
11166,1,3,6,2,1,0,0
11167,0,1,8,1,0,4,2
11168,0,1,8,1,2,1,2
11169,0,1,8,1,2,1,2
11170,0,1,8,1,0,3,2
11171,0,1,8,1,1,4,2
11172,0,1,8,1,1,4,2
11173,1,1,8,1,2,1,2
11174,-1,1,8,1,0,2,2
11175,0,1,8,1,0,4,2
11176,0,1,8,1,1,2,2
11177,0,1,8,1,2,1,1
11178,-1,1,8,1,0,4,1
11179,1,1,8,1,0,3,2
11180,-1,1,8,1,0,4,2
11181,1,1,8,1,2,1,2
11182,0,1,8,1,0,0,2
11183,-1,1,8,1,1,4,1
11184,-1,1,8,1,2,1,2
11185,1,1,8,1,0,3,0
11186,0,1,8,1,1,2,1
11187,1,1,8,1,1,2,2
11188,0,1,8,1,1,4,1
11189,0,1,8,1,2,1,2
11190,0,1,8,1,0,4,1
11191,0,1,8,1,2,1,1
11192,0,1,8,1,0,4,1
11193,0,1,8,1,1,4,0
11194,0,1,8,1,0,4,2
11195,0,1,8,1,1,2,1
11196,0,1,8,1,1,4,2
11197,0,1,8,1,0,2,1
11198,0,1,8,1,1,0,0
11199,0,1,8,1,1,4,0
11200,0,1,8,1,1,4,2
11201,1,1,8,1,1,4,2
11202,0,1,8,1,0,4,2
11203,0,1,8,1,0,3,1
11204,0,1,8,1,1,4,1
11205,0,1,8,1,1,0,1
11206,0,1,8,1,0,4,1
11207,0,1,8,1,2,1,0
11208,0,1,8,1,1,0,0
11209,0,1,8,1,1,0,1
11210,0,1,8,1,1,4,0
11211,-1,1,8,1,0,0,0
11212,1,1,8,1,1,0,2
11213,1,2,6,3,0,4,2
11214,10,2,6,3,1,4,1
11215,1,2,6,3,0,4,1
11216,1,2,6,3,1,2,2
11217,1,2,6,3,1,4,2
11218,1,2,6,3,0,2,1
11219,1,2,6,3,1,0,2
11220,1,2,6,3,1,4,0
11221,0,2,6,3,1,4,2
11222,-1,2,6,3,1,4,2
11223,1,2,6,3,0,4,0
11224,1,2,6,3,0,3,0
11225,0,2,6,3,1,4,2
11226,0,2,6,3,1,0,2
11227,0,2,6,3,0,4,0
11228,-1,2,6,3,2,1,2
11229,1,2,6,3,1,0,1
11230,-1,2,6,3,1,0,2
11231,0,2,6,3,1,4,1
11232,0,2,6,3,0,0,0
11233,-1,2,6,3,1,0,1
11234,0,8,24,5,1,4,0
11235,0,8,24,5,1,4,2
11236,-1,8,24,5,1,4,0
11237,1,8,24,5,0,4,1
11238,10,8,24,5,0,3,0
11239,1,8,24,5,1,4,1
11240,0,8,24,5,1,0,1
11241,-1,8,24,5,0,4,1
11242,-1,8,24,5,2,1,1
11243,1,8,24,5,1,0,0
11244,1,8,24,5,1,0,2
11245,0,8,24,5,1,4,1
11246,-1,8,24,5,0,0,0
11247,-1,8,24,5,1,0,2
11248,1,2,21,5,0,4,2
11249,10,2,21,5,1,4,1
11250,-1,2,21,5,0,4,1
11251,1,2,21,5,1,2,2
11252,1,2,21,5,1,4,2
11253,-1,2,21,5,0,2,1
11254,0,2,21,5,1,0,2
11255,0,2,21,5,1,4,0
11256,0,2,21,5,1,4,2
11257,-1,2,21,5,1,4,2
11258,0,2,21,5,0,4,0
11259,0,2,21,5,0,3,0
11260,-1,2,21,5,1,4,2
11261,0,2,21,5,1,0,2
11262,0,2,21,5,0,4,0
11263,-1,2,21,5,2,1,2
11264,1,2,21,5,1,0,1
11265,0,2,21,5,1,0,2
11266,-1,2,21,5,1,4,1
11267,1,2,21,5,0,0,0
11268,0,2,21,5,1,0,1
11269,0,9,19,0,0,3,0
11270,0,9,19,0,1,2,2
11271,1,9,19,0,1,2,2
11272,1,9,19,0,1,4,2
11273,0,9,19,0,2,1,2
11274,1,9,19,0,0,4,1
11275,-1,9,19,0,2,1,2
11276,1,9,19,0,0,4,1
11277,-1,9,19,0,1,4,2
11278,0,9,19,0,0,4,1
11279,0,9,19,0,1,2,2
11280,-1,9,19,0,1,4,2
11281,1,9,19,0,0,2,2
11282,-1,9,19,0,1,0,2
11283,0,9,19,0,1,4,1
11284,0,9,19,0,1,4,1
11285,0,9,19,0,1,4,0
11286,0,9,19,0,0,4,0
11287,0,9,19,0,0,3,1
11288,1,9,19,0,1,4,0
11289,0,9,19,0,1,0,1
11290,0,9,19,0,0,4,2
11291,-1,9,19,0,2,1,0
11292,1,9,19,0,1,0,0
11293,-1,9,19,0,1,0,0
11294,1,9,19,0,1,4,2
11295,-1,9,19,0,0,0,1
11296,1,9,19,0,1,0,0
11297,10,6,4,1,0,3,1
11298,-1,6,4,1,0,4,2
11299,1,6,4,1,2,1,2
11300,1,6,4,1,0,0,2
11301,-1,6,4,1,1,4,2
11302,0,6,4,1,2,1,2
11303,1,6,4,1,0,3,0
11304,0,6,4,1,1,2,1
11305,1,6,4,1,1,2,2
11306,0,6,4,1,1,4,2
11307,-1,6,4,1,2,1,2
11308,0,6,4,1,0,4,1
11309,1,6,4,1,2,1,2
11310,0,6,4,1,0,4,2
11311,0,6,4,1,1,4,1
11312,1,6,4,1,0,4,0
11313,1,6,4,1,1,2,2
11314,1,6,4,1,1,4,2
11315,0,6,4,1,0,2,2
11316,1,6,4,1,1,0,1
11317,1,6,4,1,1,4,1
11318,-1,6,4,1,1,4,1
11319,1,6,4,1,1,4,2
11320,1,6,4,1,0,4,1
11321,1,6,4,1,0,3,0
11322,1,6,4,1,1,4,0
11323,-1,6,4,1,1,0,0
11324,1,6,4,1,0,4,0
11325,0,6,4,1,2,1,0
11326,-1,6,4,1,1,0,1
11327,0,6,4,1,1,0,2
11328,0,6,4,1,1,4,1
11329,-1,6,4,1,0,0,0
11330,0,6,4,1,1,0,2
11331,0,7,13,1,0,4,2
11332,1,7,13,1,2,1,2
11333,0,7,13,1,2,1,2
11334,0,7,13,1,0,3,1
11335,1,7,13,1,1,4,1
11336,0,7,13,1,1,4,1
11337,1,7,13,1,2,1,1
11338,1,7,13,1,0,2,2
11339,0,7,13,1,0,4,2
11340,0,7,13,1,1,2,1
11341,0,7,13,1,2,1,2
11342,0,7,13,1,0,4,2
11343,0,7,13,1,0,3,1
11344,0,7,13,1,0,4,2
11345,0,7,13,1,2,1,2
11346,0,7,13,1,0,0,2
11347,1,7,13,1,1,4,2
11348,0,7,13,1,2,1,2
11349,0,7,13,1,0,3,2
11350,0,7,13,1,1,2,2
11351,0,7,13,1,1,2,2
11352,0,7,13,1,1,4,2
11353,0,7,13,1,2,1,1
11354,0,7,13,1,0,4,0
11355,0,7,13,1,2,1,2
11356,0,7,13,1,0,4,2
11357,0,7,13,1,1,4,2
11358,0,7,13,1,0,4,1
11359,0,7,13,1,1,2,2
11360,0,7,13,1,1,4,2
11361,0,7,13,1,0,2,2
11362,0,7,13,1,1,0,2
11363,-1,7,13,1,1,4,0
11364,-1,7,13,1,1,4,2
11365,0,7,13,1,1,4,1
11366,0,7,13,1,0,4,1
11367,0,7,13,1,0,3,1
11368,0,7,13,1,1,4,0
11369,0,7,13,1,1,0,0
11370,0,7,13,1,0,4,2
11371,-1,7,13,1,2,1,0
11372,1,7,13,1,1,0,0
11373,-1,7,13,1,1,0,2
11374,0,7,13,1,1,4,2
11375,0,7,13,1,0,0,0
11376,-1,7,13,1,1,0,0
11377,0,6,4,3,0,4,2
11378,0,6,4,3,2,1,1
11379,1,6,4,3,2,1,2
11380,-1,6,4,3,0,3,1
11381,-1,6,4,3,1,4,2
11382,1,6,4,3,1,4,2
11383,0,6,4,3,2,1,2
11384,-1,6,4,3,0,2,2
11385,1,6,4,3,0,4,1
11386,0,6,4,3,1,2,2
11387,1,6,4,3,2,1,1
11388,1,6,4,3,0,4,1
11389,0,6,4,3,0,3,1
11390,-1,6,4,3,0,4,2
11391,1,6,4,3,2,1,2
11392,-1,6,4,3,0,0,2
11393,0,6,4,3,1,4,2
11394,-1,6,4,3,2,1,2
11395,1,6,4,3,0,3,0
11396,1,6,4,3,1,2,1
11397,1,6,4,3,1,2,2
11398,0,6,4,3,1,4,2
11399,0,6,4,3,2,1,2
11400,-1,6,4,3,0,4,1
11401,0,6,4,3,2,1,2
11402,-1,6,4,3,0,4,2
11403,0,6,4,3,1,4,1
11404,1,6,4,3,0,4,0
11405,-1,6,4,3,1,2,2
11406,1,6,4,3,1,4,2
11407,-1,6,4,3,0,2,2
11408,1,6,4,3,1,0,1
11409,1,6,4,3,1,4,1
11410,0,6,4,3,1,4,1
11411,1,6,4,3,1,4,2
11412,0,6,4,3,0,4,1
11413,0,6,4,3,0,3,0
11414,0,6,4,3,1,4,0
11415,-1,6,4,3,1,0,0
11416,1,6,4,3,0,4,0
11417,-1,6,4,3,2,1,0
11418,0,6,4,3,1,0,1
11419,-1,6,4,3,1,0,2
11420,0,6,4,3,1,4,1
11421,1,6,4,3,0,0,0
11422,-1,6,4,3,1,0,2
11423,0,1,8,1,0,4,2
11424,0,1,8,1,2,1,2
11425,0,1,8,1,2,1,2
11426,1,1,8,1,0,3,2
11427,0,1,8,1,1,4,2
11428,0,1,8,1,1,4,2
11429,-1,1,8,1,2,1,2
11430,0,1,8,1,0,2,2
11431,0,1,8,1,0,4,2
11432,1,1,8,1,1,2,2
11433,0,1,8,1,2,1,1
11434,0,1,8,1,0,4,1
11435,0,1,8,1,0,3,2
11436,-1,1,8,1,0,4,2
11437,0,1,8,1,2,1,2
11438,0,1,8,1,0,0,2
11439,-1,1,8,1,1,4,1
11440,0,1,8,1,2,1,2
11441,0,1,8,1,0,3,0
11442,1,1,8,1,1,2,1
11443,-1,1,8,1,1,2,2
11444,0,1,8,1,1,4,1
11445,-1,1,8,1,2,1,2
11446,0,1,8,1,0,4,1
11447,0,1,8,1,2,1,1
11448,-1,1,8,1,0,4,1
11449,1,1,8,1,1,4,0
11450,0,1,8,1,0,4,2
11451,0,1,8,1,1,2,1
11452,0,1,8,1,1,4,2
11453,0,1,8,1,0,2,1
11454,-1,1,8,1,1,0,0
11455,1,1,8,1,1,4,0
11456,0,1,8,1,1,4,2
11457,-1,1,8,1,1,4,2
11458,-1,1,8,1,0,4,2
11459,1,1,8,1,0,3,1
11460,0,1,8,1,1,4,1
11461,0,1,8,1,1,0,1
11462,0,1,8,1,0,4,1
11463,0,1,8,1,2,1,0
11464,1,1,8,1,1,0,0
11465,-1,1,8,1,1,0,1
11466,0,1,8,1,1,4,0
11467,-1,1,8,1,0,0,0
11468,-1,1,8,1,1,0,2
11469,-1,3,16,0,0,4,2
11470,0,3,16,0,2,1,1
11471,-1,3,16,0,2,1,1
11472,0,3,16,0,0,3,1
11473,0,3,16,0,1,4,0
11474,0,3,16,0,1,4,1
11475,1,3,16,0,2,1,2
11476,0,3,16,0,0,2,1
11477,0,3,16,0,0,4,2
11478,0,3,16,0,1,2,2
11479,0,3,16,0,2,1,2
11480,1,3,16,0,0,4,2
11481,0,3,16,0,0,3,1
11482,-1,3,16,0,0,4,2
11483,0,3,16,0,2,1,2
11484,0,3,16,0,0,0,1
11485,0,3,16,0,1,4,0
11486,0,3,16,0,2,1,1
11487,0,3,16,0,0,3,0
11488,0,3,16,0,1,2,2
11489,0,3,16,0,1,2,2
11490,0,3,16,0,1,4,2
11491,0,3,16,0,2,1,2
11492,0,3,16,0,0,4,1
11493,0,3,16,0,2,1,2
11494,0,3,16,0,0,4,2
11495,0,3,16,0,1,4,1
11496,0,3,16,0,0,4,2
11497,1,3,16,0,1,2,2
11498,0,3,16,0,1,4,2
11499,0,3,16,0,0,2,2
11500,-1,3,16,0,1,0,2
11501,0,3,16,0,1,4,1
11502,0,3,16,0,1,4,2
11503,1,3,16,0,1,4,1
11504,0,3,16,0,0,4,0
11505,0,3,16,0,0,3,1
11506,0,3,16,0,1,4,2
11507,0,3,16,0,1,0,2
11508,0,3,16,0,0,4,2
11509,-1,3,16,0,2,1,1
11510,1,3,16,0,1,0,0
11511,0,3,16,0,1,0,2
11512,0,3,16,0,1,4,2
11513,0,3,16,0,0,0,1
11514,0,3,16,0,1,0,0
11515,0,2,11,1,0,4,2
11516,1,2,11,1,2,1,1
11517,0,2,11,1,2,1,1
11518,0,2,11,1,0,3,2
11519,0,2,11,1,1,4,2
11520,1,2,11,1,1,4,2
11521,0,2,11,1,2,1,2
11522,0,2,11,1,0,2,1
11523,0,2,11,1,0,4,1
11524,0,2,11,1,1,2,2
11525,0,2,11,1,2,1,2
11526,1,2,11,1,0,4,2
11527,0,2,11,1,0,3,2
11528,0,2,11,1,0,4,1
11529,0,2,11,1,2,1,2
11530,-1,2,11,1,0,0,2
11531,1,2,11,1,1,4,1
11532,0,2,11,1,2,1,2
11533,1,2,11,1,0,3,1
11534,0,2,11,1,1,2,1
11535,0,2,11,1,1,2,2
11536,0,2,11,1,1,4,1
11537,1,2,11,1,2,1,2
11538,0,2,11,1,0,4,2
11539,0,2,11,1,2,1,2
11540,0,2,11,1,0,4,2
11541,0,2,11,1,1,4,1
11542,0,2,11,1,0,4,1
11543,0,2,11,1,1,2,2
11544,1,2,11,1,1,4,2
11545,0,2,11,1,0,2,1
11546,-1,2,11,1,1,0,2
11547,0,2,11,1,1,4,0
11548,0,2,11,1,1,4,2
11549,0,2,11,1,1,4,2
11550,1,2,11,1,0,4,0
11551,0,2,11,1,0,3,0
11552,0,2,11,1,1,4,2
11553,0,2,11,1,1,0,2
11554,-1,2,11,1,0,4,0
11555,0,2,11,1,2,1,2
11556,1,2,11,1,1,0,1
11557,0,2,11,1,1,0,2
11558,0,2,11,1,1,4,1
11559,-1,2,11,1,0,0,0
11560,0,2,11,1,1,0,1
11561,0,9,13,2,0,4,2
11562,0,9,13,2,2,1,2
11563,0,9,13,2,2,1,0
11564,0,9,13,2,0,3,0
11565,0,9,13,2,1,4,2
11566,1,9,13,2,1,4,2
11567,0,9,13,2,2,1,2
11568,1,9,13,2,0,2,2
11569,0,9,13,2,0,4,2
11570,0,9,13,2,1,2,2
11571,0,9,13,2,2,1,2
11572,0,9,13,2,0,4,2
11573,0,9,13,2,0,3,2
11574,0,9,13,2,0,4,2
11575,0,9,13,2,2,1,2
11576,0,9,13,2,0,0,1
11577,0,9,13,2,1,4,0
11578,0,9,13,2,2,1,1
11579,-1,9,13,2,0,3,0
11580,0,9,13,2,1,2,2
11581,0,9,13,2,1,2,2
11582,-1,9,13,2,1,4,2
11583,0,9,13,2,2,1,2
11584,0,9,13,2,0,4,1
11585,0,9,13,2,2,1,2
11586,0,9,13,2,0,4,1
11587,0,9,13,2,1,4,2
11588,0,9,13,2,0,4,1
11589,0,9,13,2,1,2,2
11590,0,9,13,2,1,4,2
11591,0,9,13,2,0,2,2
11592,0,9,13,2,1,0,2
11593,0,9,13,2,1,4,1
11594,0,9,13,2,1,4,1
11595,0,9,13,2,1,4,0
11596,0,9,13,2,0,4,0
11597,0,9,13,2,0,3,1
11598,0,9,13,2,1,4,0
11599,0,9,13,2,1,0,1
11600,-1,9,13,2,0,4,2
11601,-1,9,13,2,2,1,0
11602,10,9,13,2,1,0,0
11603,1,9,13,2,1,0,0
11604,0,9,13,2,1,4,2
11605,0,9,13,2,0,0,1
11606,0,9,13,2,1,0,0
11607,1,5,8,2,0,4,1
11608,0,5,8,2,2,1,2
11609,-1,5,8,2,0,0,2
11610,1,5,8,2,1,4,2
11611,0,5,8,2,2,1,2
11612,10,5,8,2,0,3,1
11613,10,5,8,2,1,2,1
11614,0,5,8,2,1,2,2
11615,-1,5,8,2,1,4,2
11616,0,5,8,2,2,1,2
11617,0,5,8,2,0,4,2
11618,-1,5,8,2,2,1,2
11619,0,5,8,2,0,4,2
11620,1,5,8,2,1,4,1
11621,-1,5,8,2,0,4,1
11622,1,5,8,2,1,2,2
11623,0,5,8,2,1,4,2
11624,0,5,8,2,0,2,2
11625,0,5,8,2,1,0,1
11626,-1,5,8,2,1,4,0
11627,0,5,8,2,1,4,2
11628,1,5,8,2,1,4,2
11629,0,5,8,2,0,4,1
11630,0,5,8,2,0,3,0
11631,1,5,8,2,1,4,1
11632,0,5,8,2,1,0,2
11633,-1,5,8,2,0,4,1
11634,-1,5,8,2,2,1,1
11635,0,5,8,2,1,0,2
11636,1,5,8,2,1,0,1
11637,0,5,8,2,1,4,0
11638,-1,5,8,2,0,0,0
11639,1,5,8,2,1,0,1
11640,1,0,31,5,0,4,2
11641,0,0,31,5,2,1,2
11642,0,0,31,5,2,1,2
11643,1,0,31,5,0,3,2
11644,0,0,31,5,1,4,2
11645,0,0,31,5,1,4,2
11646,1,0,31,5,2,1,2
11647,-1,0,31,5,0,2,2
11648,1,0,31,5,0,4,2
11649,0,0,31,5,1,2,2
11650,-1,0,31,5,2,1,2
11651,0,0,31,5,0,4,2
11652,0,0,31,5,0,3,2
11653,0,0,31,5,0,4,2
11654,0,0,31,5,2,1,2
11655,1,0,31,5,0,0,2
11656,0,0,31,5,1,4,2
11657,0,0,31,5,2,1,2
11658,0,0,31,5,0,3,2
11659,1,0,31,5,1,2,2
11660,-1,0,31,5,1,2,2
11661,0,0,31,5,1,4,2
11662,0,0,31,5,2,1,2
11663,0,0,31,5,0,4,2
11664,0,0,31,5,2,1,2
11665,0,0,31,5,0,4,2
11666,0,0,31,5,1,4,2
11667,0,0,31,5,0,4,2
11668,0,0,31,5,1,2,2
11669,0,0,31,5,1,4,2
11670,0,0,31,5,0,2,2
11671,0,0,31,5,1,0,2
11672,0,0,31,5,1,4,2
11673,0,0,31,5,1,4,2
11674,0,0,31,5,1,4,2
11675,0,0,31,5,0,4,2
11676,0,0,31,5,0,3,2
11677,0,0,31,5,1,4,2
11678,0,0,31,5,1,0,2
11679,0,0,31,5,0,4,2
11680,0,0,31,5,2,1,2
11681,0,0,31,5,1,0,2
11682,0,0,31,5,1,0,2
11683,0,0,31,5,1,4,2
11684,0,0,31,5,0,0,2
11685,0,0,31,5,1,0,2
11686,-1,6,33,2,0,3,0
11687,1,6,33,2,1,2,1
11688,1,6,33,2,1,2,2
11689,-1,6,33,2,1,4,2
11690,0,6,33,2,2,1,2
11691,-1,6,33,2,0,4,1
11692,0,6,33,2,2,1,2
11693,1,6,33,2,0,4,2
11694,10,6,33,2,1,4,1
11695,-1,6,33,2,0,4,0
11696,0,6,33,2,1,2,2
11697,1,6,33,2,1,4,2
11698,-1,6,33,2,0,2,2
11699,0,6,33,2,1,0,1
11700,-1,6,33,2,1,4,1
11701,1,6,33,2,1,4,1
11702,1,6,33,2,1,4,2
11703,0,6,33,2,0,4,1
11704,0,6,33,2,0,3,0
11705,0,6,33,2,1,4,0
11706,0,6,33,2,1,0,0
11707,0,6,33,2,0,4,0
11708,-1,6,33,2,2,1,0
11709,0,6,33,2,1,0,1
11710,1,6,33,2,1,0,2
11711,1,6,33,2,1,4,1
11712,0,6,33,2,0,0,0
11713,0,6,33,2,1,0,2
11714,0,6,33,1,0,3,0
11715,-1,6,33,1,1,2,1
11716,1,6,33,1,1,2,2
11717,0,6,33,1,1,4,2
11718,0,6,33,1,2,1,2
11719,1,6,33,1,0,4,1
11720,1,6,33,1,2,1,2
11721,-1,6,33,1,0,4,2
11722,0,6,33,1,1,4,1
11723,0,6,33,1,0,4,0
11724,0,6,33,1,1,2,2
11725,0,6,33,1,1,4,2
11726,0,6,33,1,0,2,2
11727,0,6,33,1,1,0,1
11728,-1,6,33,1,1,4,1
11729,1,6,33,1,1,4,1
11730,1,6,33,1,1,4,2
11731,0,6,33,1,0,4,1
11732,0,6,33,1,0,3,0
11733,1,6,33,1,1,4,0
11734,0,6,33,1,1,0,0
11735,-1,6,33,1,0,4,0
11736,-1,6,33,1,2,1,0
11737,1,6,33,1,1,0,1
11738,0,6,33,1,1,0,2
11739,0,6,33,1,1,4,1
11740,0,6,33,1,0,0,0
11741,0,6,33,1,1,0,2
11762,-1,7,13,1,0,4,2
11763,0,7,13,1,2,1,2
11764,0,7,13,1,2,1,2
11765,0,7,13,1,0,3,1
11766,0,7,13,1,1,4,1
11767,0,7,13,1,1,4,1
11768,1,7,13,1,2,1,1
11769,1,7,13,1,0,2,2
11770,1,7,13,1,0,4,2
11771,0,7,13,1,1,2,1
11772,0,7,13,1,2,1,2
11773,1,7,13,1,0,4,2
11774,1,7,13,1,0,3,1
11775,0,7,13,1,0,4,2
11776,0,7,13,1,2,1,2
11777,0,7,13,1,0,0,2
11778,0,7,13,1,1,4,2
11779,0,7,13,1,2,1,2
11780,-1,7,13,1,0,3,2
11781,0,7,13,1,1,2,2
11782,-1,7,13,1,1,2,2
11783,-1,7,13,1,1,4,2
11784,0,7,13,1,2,1,1
11785,0,7,13,1,0,4,0
11786,0,7,13,1,2,1,2
11787,1,7,13,1,0,4,2
11788,-1,7,13,1,1,4,2
11789,0,7,13,1,0,4,1
11790,0,7,13,1,1,2,2
11791,0,7,13,1,1,4,2
11792,0,7,13,1,0,2,2
11793,0,7,13,1,1,0,2
11794,0,7,13,1,1,4,0
11795,0,7,13,1,1,4,2
11796,0,7,13,1,1,4,1
11797,0,7,13,1,0,4,1
11798,0,7,13,1,0,3,1
11799,0,7,13,1,1,4,0
11800,0,7,13,1,1,0,0
11801,-1,7,13,1,0,4,2
11802,-1,7,13,1,2,1,0
11803,1,7,13,1,1,0,0
11804,0,7,13,1,1,0,2
11805,1,7,13,1,1,4,2
11806,0,7,13,1,0,0,0
11807,0,7,13,1,1,0,0
11808,0,7,13,2,0,4,2
11809,0,7,13,2,2,1,2
11810,0,7,13,2,2,1,2
11811,1,7,13,2,0,3,1
11812,-1,7,13,2,1,4,1
11813,1,7,13,2,1,4,1
11814,0,7,13,2,2,1,1
11815,1,7,13,2,0,2,2
11816,1,7,13,2,0,4,2
11817,0,7,13,2,1,2,1
11818,0,7,13,2,2,1,2
11819,0,7,13,2,0,4,2
11820,1,7,13,2,0,3,1
11821,0,7,13,2,0,4,2
11822,0,7,13,2,2,1,2
11823,0,7,13,2,0,0,2
11824,0,7,13,2,1,4,2
11825,0,7,13,2,2,1,2
11826,0,7,13,2,0,3,2
11827,-1,7,13,2,1,2,2
11828,-1,7,13,2,1,2,2
11829,-1,7,13,2,1,4,2
11830,0,7,13,2,2,1,1
11831,1,7,13,2,0,4,0
11832,-1,7,13,2,2,1,2
11833,-1,7,13,2,0,4,2
11834,1,7,13,2,1,4,2
11835,0,7,13,2,0,4,1
11836,0,7,13,2,1,2,2
11837,0,7,13,2,1,4,2
11838,1,7,13,2,0,2,2
11839,0,7,13,2,1,0,2
11840,-1,7,13,2,1,4,0
11841,0,7,13,2,1,4,2
11842,1,7,13,2,1,4,1
11843,0,7,13,2,0,4,1
11844,0,7,13,2,0,3,1
11845,0,7,13,2,1,4,0
11846,-1,7,13,2,1,0,0
11847,-1,7,13,2,0,4,2
11848,-1,7,13,2,2,1,0
11849,10,7,13,2,1,0,0
11850,10,7,13,2,1,0,2
11851,0,7,13,2,1,4,2
11852,1,7,13,2,0,0,0
11853,-1,7,13,2,1,0,0
11854,10,1,8,3,1,2,1
11855,1,1,8,3,1,2,2
11856,1,1,8,3,1,4,1
11857,1,1,8,3,2,1,2
11858,0,1,8,3,0,4,1
11859,0,1,8,3,2,1,1
11860,0,1,8,3,0,4,1
11861,0,1,8,3,1,4,0
11862,0,1,8,3,0,4,2
11863,-1,1,8,3,1,2,1
11864,0,1,8,3,1,4,2
11865,0,1,8,3,0,2,1
11866,0,1,8,3,1,0,0
11867,0,1,8,3,1,4,0
11868,0,1,8,3,1,4,2
11869,0,1,8,3,1,4,2
11870,-1,1,8,3,0,4,2
11871,-1,1,8,3,0,3,1
11872,1,1,8,3,1,4,1
11873,1,1,8,3,1,0,1
11874,-1,1,8,3,0,4,1
11875,-1,1,8,3,2,1,0
11876,-1,1,8,3,1,0,0
11877,1,1,8,3,1,0,1
11878,1,1,8,3,1,4,0
11879,0,1,8,3,0,0,0
11880,-1,1,8,3,1,0,2
11881,10,5,8,6,1,4,2
11882,0,5,8,6,2,1,2
11883,-1,5,8,6,0,4,2
11884,0,5,8,6,2,1,2
11885,0,5,8,6,0,4,2
11886,-1,5,8,6,1,4,1
11887,1,5,8,6,0,4,1
11888,1,5,8,6,1,2,2
11889,1,5,8,6,1,4,2
11890,0,5,8,6,0,2,2
11891,1,5,8,6,1,0,1
11892,1,5,8,6,1,4,0
11893,1,5,8,6,1,4,2
11894,-1,5,8,6,1,4,2
11895,1,5,8,6,0,4,1
11896,-1,5,8,6,0,3,0
11897,1,5,8,6,1,4,1
11898,1,5,8,6,1,0,2
11899,-1,5,8,6,0,4,1
11900,-1,5,8,6,2,1,1
11901,10,5,8,6,1,0,2
11902,1,5,8,6,1,0,1
11903,0,5,8,6,1,4,0
11904,1,5,8,6,0,0,0
11905,1,5,8,6,1,0,1
11906,1,4,17,5,1,4,1
11907,1,4,17,5,2,1,2
11908,1,4,17,5,0,2,2
11909,0,4,17,5,0,4,1
11910,0,4,17,5,1,2,1
11911,0,4,17,5,2,1,1
11912,10,4,17,5,0,4,1
11913,1,4,17,5,0,3,2
11914,0,4,17,5,0,4,1
11915,0,4,17,5,2,1,2
11916,0,4,17,5,0,0,2
11917,0,4,17,5,1,4,1
11918,0,4,17,5,2,1,2
11919,0,4,17,5,0,3,0
11920,0,4,17,5,1,2,1
11921,0,4,17,5,1,2,2
11922,0,4,17,5,1,4,2
11923,0,4,17,5,2,1,2
11924,0,4,17,5,0,4,1
11925,0,4,17,5,2,1,1
11926,0,4,17,5,0,4,2
11927,0,4,17,5,1,4,2
11928,0,4,17,5,0,4,1
11929,0,4,17,5,1,2,1
11930,0,4,17,5,1,4,1
11931,0,4,17,5,0,2,2
11932,0,4,17,5,1,0,1
11933,0,4,17,5,1,4,0
11934,0,4,17,5,1,4,2
11935,0,4,17,5,1,4,1
11936,0,4,17,5,0,4,1
11937,0,4,17,5,0,3,1
11938,0,4,17,5,1,4,0
11939,0,4,17,5,1,0,1
11940,0,4,17,5,0,4,0
11941,-1,4,17,5,2,1,1
11942,1,4,17,5,1,0,1
11943,0,4,17,5,1,0,2
11944,0,4,17,5,1,4,1
11945,0,4,17,5,0,0,0
11946,0,4,17,5,1,0,2
11947,0,0,8,1,0,4,2
11948,0,0,8,1,2,1,2
11949,0,0,8,1,2,1,2
11950,1,0,8,1,0,3,2
11951,0,0,8,1,1,4,2
11952,0,0,8,1,1,4,2
11953,-1,0,8,1,2,1,2
11954,1,0,8,1,0,2,2
11955,-1,0,8,1,0,4,2
11956,1,0,8,1,1,2,2
11957,-1,0,8,1,2,1,2
11958,1,0,8,1,0,4,2
11959,0,0,8,1,0,3,2
11960,0,0,8,1,0,4,2
11961,0,0,8,1,2,1,2
11962,0,0,8,1,0,0,2
11963,0,0,8,1,1,4,2
11964,0,0,8,1,2,1,2
11965,0,0,8,1,0,3,2
11966,-1,0,8,1,1,2,2
11967,-1,0,8,1,1,2,2
11968,0,0,8,1,1,4,2
11969,1,0,8,1,2,1,2
11970,0,0,8,1,0,4,2
11971,0,0,8,1,2,1,2
11972,-1,0,8,1,0,4,2
11973,0,0,8,1,1,4,2
11974,1,0,8,1,0,4,2
11975,0,0,8,1,1,2,2
11976,-1,0,8,1,1,4,2
11977,0,0,8,1,0,2,2
11978,1,0,8,1,1,0,2
11979,-1,0,8,1,1,4,2
11980,1,0,8,1,1,4,2
11981,-1,0,8,1,1,4,2
11982,0,0,8,1,0,4,2
11983,0,0,8,1,0,3,2
11984,0,0,8,1,1,4,2
11985,1,0,8,1,1,0,2
11986,-1,0,8,1,0,4,2
11987,1,0,8,1,2,1,2
11988,0,0,8,1,1,0,2
11989,1,0,8,1,1,0,2
11990,0,0,8,1,1,4,2
11991,0,0,8,1,0,0,2
11992,0,0,8,1,1,0,2
11993,10,5,6,6,1,2,1
11994,1,5,6,6,1,2,2
11995,1,5,6,6,1,4,2
11996,0,5,6,6,2,1,2
11997,1,5,6,6,0,4,2
11998,1,5,6,6,2,1,2
11999,-1,5,6,6,0,4,2
12000,-1,5,6,6,1,4,1
12001,-1,5,6,6,0,4,1
12002,0,5,6,6,1,2,2
12003,1,5,6,6,1,4,2
12004,1,5,6,6,0,2,2
12005,-1,5,6,6,1,0,1
12006,1,5,6,6,1,4,0
12007,0,5,6,6,1,4,2
12008,0,5,6,6,1,4,2
12009,0,5,6,6,0,4,1
12010,0,5,6,6,0,3,0
12011,-1,5,6,6,1,4,1
12012,0,5,6,6,1,0,2
12013,1,5,6,6,0,4,1
12014,-1,5,6,6,2,1,1
12015,10,5,6,6,1,0,2
12016,1,5,6,6,1,0,1
12017,1,5,6,6,1,4,0
12018,0,5,6,6,0,0,0
12019,-1,5,6,6,1,0,1
12020,10,6,6,1,2,1,2
12021,0,6,6,1,0,2,2
12022,0,6,6,1,0,4,1
12023,1,6,6,1,1,2,2
12024,0,6,6,1,2,1,1
12025,-1,6,6,1,0,4,1
12026,0,6,6,1,0,3,1
12027,1,6,6,1,0,4,2
12028,1,6,6,1,2,1,2
12029,-1,6,6,1,0,0,2
12030,1,6,6,1,1,4,2
12031,0,6,6,1,2,1,2
12032,0,6,6,1,0,3,0
12033,-1,6,6,1,1,2,1
12034,0,6,6,1,1,2,2
12035,0,6,6,1,1,4,2
12036,0,6,6,1,2,1,2
12037,0,6,6,1,0,4,1
12038,0,6,6,1,2,1,2
12039,-1,6,6,1,0,4,2
12040,1,6,6,1,1,4,1
12041,0,6,6,1,0,4,0
12042,1,6,6,1,1,2,2
12043,-1,6,6,1,1,4,2
12044,1,6,6,1,0,2,2
12045,0,6,6,1,1,0,1
12046,0,6,6,1,1,4,1
12047,0,6,6,1,1,4,1
12048,0,6,6,1,1,4,2
12049,1,6,6,1,0,4,1
12050,1,6,6,1,0,3,0
12051,0,6,6,1,1,4,0
12052,-1,6,6,1,1,0,0
12053,0,6,6,1,0,4,0
12054,0,6,6,1,2,1,0
12055,0,6,6,1,1,0,1
12056,1,6,6,1,1,0,2
12057,0,6,6,1,1,4,1
12058,-1,6,6,1,0,0,0
12059,1,6,6,1,1,0,2
12060,0,2,25,5,0,4,2
12061,0,2,25,5,1,4,1
12062,1,2,25,5,0,4,1
12063,-1,2,25,5,1,2,2
12064,0,2,25,5,1,4,2
12065,0,2,25,5,0,2,1
12066,0,2,25,5,1,0,2
12067,0,2,25,5,1,4,0
12068,0,2,25,5,1,4,2
12069,-1,2,25,5,1,4,2
12070,1,2,25,5,0,4,0
12071,0,2,25,5,0,3,0
12072,0,2,25,5,1,4,2
12073,-1,2,25,5,1,0,2
12074,0,2,25,5,0,4,0
12075,1,2,25,5,2,1,2
12076,-1,2,25,5,1,0,1
12077,-1,2,25,5,1,0,2
12078,0,2,25,5,1,4,1
12079,0,2,25,5,0,0,0
12080,0,2,25,5,1,0,1
12119,0,3,16,5,0,4,2
12120,0,3,16,0,0,4,2
12121,0,3,16,0,0,4,2
12122,0,3,16,5,0,4,2
12123,0,3,16,0,0,4,2
12124,0,3,16,0,0,4,2
12125,0,3,16,5,0,4,2
12126,0,3,16,0,0,4,2
12127,0,3,16,0,0,4,2
12128,0,3,16,5,2,1,1
12129,0,3,16,0,2,1,1
12130,0,3,16,0,2,1,1
12131,0,3,16,5,2,1,1
12132,0,3,16,0,2,1,1
12133,0,3,16,0,2,1,1
12134,0,3,16,5,2,1,1
12135,0,3,16,0,2,1,1
12136,0,3,16,0,2,1,1
12137,0,3,16,5,2,1,1
12138,0,3,16,0,2,1,1
12139,0,3,16,0,2,1,1
12140,0,3,16,5,2,1,1
12141,0,3,16,0,2,1,1
12142,0,3,16,0,2,1,1
12143,0,3,16,5,2,1,1
12144,0,3,16,0,2,1,1
12145,0,3,16,0,2,1,1
12146,0,3,16,5,0,3,1
12147,0,3,16,0,0,3,1
12148,0,3,16,0,0,3,1
12149,0,3,16,5,0,3,1
12150,0,3,16,0,0,3,1
12151,0,3,16,0,0,3,1
12152,0,3,16,5,0,3,1
12153,0,3,16,0,0,3,1
12154,0,3,16,0,0,3,1
12155,-1,3,16,5,1,4,0
12156,-1,3,16,0,1,4,0
12157,-1,3,16,0,1,4,0
12158,-1,3,16,5,1,4,0
12159,-1,3,16,0,1,4,0
12160,-1,3,16,0,1,4,0
12161,-1,3,16,5,1,4,0
12162,-1,3,16,0,1,4,0
12163,-1,3,16,0,1,4,0
12164,0,3,16,5,1,4,1
12165,0,3,16,0,1,4,1
12166,0,3,16,0,1,4,1
12167,0,3,16,5,1,4,1
12168,0,3,16,0,1,4,1
12169,0,3,16,0,1,4,1
12170,0,3,16,5,1,4,1
12171,0,3,16,0,1,4,1
12172,0,3,16,0,1,4,1
12173,0,3,16,5,2,1,2
12174,0,3,16,0,2,1,2
12175,0,3,16,0,2,1,2
12176,0,3,16,5,2,1,2
12177,0,3,16,0,2,1,2
12178,0,3,16,0,2,1,2
12179,0,3,16,5,2,1,2
12180,0,3,16,0,2,1,2
12181,0,3,16,0,2,1,2
12182,0,3,16,5,0,2,1
12183,0,3,16,0,0,2,1
12184,0,3,16,0,0,2,1
12185,0,3,16,5,0,2,1
12186,0,3,16,0,0,2,1
12187,0,3,16,0,0,2,1
12188,0,3,16,5,0,2,1
12189,0,3,16,0,0,2,1
12190,0,3,16,0,0,2,1
12191,0,3,16,5,0,4,2
12192,0,3,16,0,0,4,2
12193,0,3,16,0,0,4,2
12194,0,3,16,5,0,4,2
12195,0,3,16,0,0,4,2
12196,0,3,16,0,0,4,2
12197,0,3,16,5,0,4,2
12198,0,3,16,0,0,4,2
12199,0,3,16,0,0,4,2
12200,-1,3,16,5,1,2,2
12201,-1,3,16,0,1,2,2
12202,-1,3,16,0,1,2,2
12203,-1,3,16,5,1,2,2
12204,-1,3,16,0,1,2,2
12205,-1,3,16,0,1,2,2
12206,-1,3,16,5,1,2,2
12207,-1,3,16,0,1,2,2
12208,-1,3,16,0,1,2,2
12209,1,3,16,5,2,1,2
12210,1,3,16,0,2,1,2
12211,1,3,16,0,2,1,2
12212,1,3,16,5,2,1,2
12213,1,3,16,0,2,1,2
12214,1,3,16,0,2,1,2
12215,1,3,16,5,2,1,2
12216,1,3,16,0,2,1,2
12217,1,3,16,0,2,1,2
12218,-1,3,16,5,0,4,2
12219,-1,3,16,0,0,4,2
12220,-1,3,16,0,0,4,2
12221,-1,3,16,5,0,4,2
12222,-1,3,16,0,0,4,2
12223,-1,3,16,0,0,4,2
12224,-1,3,16,5,0,4,2
12225,-1,3,16,0,0,4,2
12226,-1,3,16,0,0,4,2
12227,-1,3,16,5,0,3,1
12228,-1,3,16,0,0,3,1
12229,-1,3,16,0,0,3,1
12230,-1,3,16,5,0,3,1
12231,-1,3,16,0,0,3,1
12232,-1,3,16,0,0,3,1
12233,-1,3,16,5,0,3,1
12234,-1,3,16,0,0,3,1
12235,-1,3,16,0,0,3,1
12236,0,3,16,5,0,4,2
12237,0,3,16,0,0,4,2
12238,0,3,16,0,0,4,2
12239,0,3,16,5,0,4,2
12240,0,3,16,0,0,4,2
12241,0,3,16,0,0,4,2
12242,0,3,16,5,0,4,2
12243,0,3,16,0,0,4,2
12244,0,3,16,0,0,4,2
12245,0,3,16,5,2,1,2
12246,0,3,16,0,2,1,2
12247,0,3,16,0,2,1,2
12248,0,3,16,5,2,1,2
12249,0,3,16,0,2,1,2
12250,0,3,16,0,2,1,2
12251,0,3,16,5,2,1,2
12252,0,3,16,0,2,1,2
12253,0,3,16,0,2,1,2
12254,10,3,16,5,0,0,1
12255,10,3,16,0,0,0,1
12256,10,3,16,0,0,0,1
12257,10,3,16,5,0,0,1
12258,10,3,16,0,0,0,1
12259,10,3,16,0,0,0,1
12260,10,3,16,5,0,0,1
12261,10,3,16,0,0,0,1
12262,10,3,16,0,0,0,1
12263,-1,3,16,5,1,4,0
12264,-1,3,16,0,1,4,0
12265,-1,3,16,0,1,4,0
12266,-1,3,16,5,1,4,0
12267,-1,3,16,0,1,4,0
12268,-1,3,16,0,1,4,0
12269,-1,3,16,5,1,4,0
12270,-1,3,16,0,1,4,0
12271,-1,3,16,0,1,4,0
12272,0,3,16,5,2,1,1
12273,0,3,16,0,2,1,1
12274,0,3,16,0,2,1,1
12275,0,3,16,5,2,1,1
12276,0,3,16,0,2,1,1
12277,0,3,16,0,2,1,1
12278,0,3,16,5,2,1,1
12279,0,3,16,0,2,1,1
12280,0,3,16,0,2,1,1
12281,1,3,16,5,0,3,0
12282,1,3,16,0,0,3,0
12283,1,3,16,0,0,3,0
12284,1,3,16,5,0,3,0
12285,1,3,16,0,0,3,0
12286,1,3,16,0,0,3,0
12287,1,3,16,5,0,3,0
12288,1,3,16,0,0,3,0
12289,1,3,16,0,0,3,0
12290,-1,3,16,5,1,2,2
12291,-1,3,16,0,1,2,2
12292,-1,3,16,0,1,2,2
12293,-1,3,16,5,1,2,2
12294,-1,3,16,0,1,2,2
12295,-1,3,16,0,1,2,2
12296,-1,3,16,5,1,2,2
12297,-1,3,16,0,1,2,2
12298,-1,3,16,0,1,2,2
12299,1,3,16,5,1,2,2
12300,1,3,16,0,1,2,2
12301,1,3,16,0,1,2,2
12302,1,3,16,5,1,2,2
12303,1,3,16,0,1,2,2
12304,1,3,16,0,1,2,2
12305,1,3,16,5,1,2,2
12306,1,3,16,0,1,2,2
12307,1,3,16,0,1,2,2
12308,0,3,16,5,1,4,2
12309,0,3,16,0,1,4,2
12310,0,3,16,0,1,4,2
12311,0,3,16,5,1,4,2
12312,0,3,16,0,1,4,2
12313,0,3,16,0,1,4,2
12314,0,3,16,5,1,4,2
12315,0,3,16,0,1,4,2
12316,0,3,16,0,1,4,2
12317,-1,3,16,5,2,1,2
12318,-1,3,16,0,2,1,2
12319,-1,3,16,0,2,1,2
12320,-1,3,16,5,2,1,2
12321,-1,3,16,0,2,1,2
12322,-1,3,16,0,2,1,2
12323,-1,3,16,5,2,1,2
12324,-1,3,16,0,2,1,2
12325,-1,3,16,0,2,1,2
12326,0,3,16,5,0,4,1
12327,0,3,16,0,0,4,1
12328,0,3,16,0,0,4,1
12329,0,3,16,5,0,4,1
12330,0,3,16,0,0,4,1
12331,0,3,16,0,0,4,1
12332,0,3,16,5,0,4,1
12333,0,3,16,0,0,4,1
12334,0,3,16,0,0,4,1
12335,-1,3,16,5,2,1,2
12336,-1,3,16,0,2,1,2
12337,-1,3,16,0,2,1,2
12338,-1,3,16,5,2,1,2
12339,-1,3,16,0,2,1,2
12340,-1,3,16,0,2,1,2
12341,-1,3,16,5,2,1,2
12342,-1,3,16,0,2,1,2
12343,-1,3,16,0,2,1,2
12344,1,3,16,5,0,4,2
12345,1,3,16,0,0,4,2
12346,1,3,16,0,0,4,2
12347,1,3,16,5,0,4,2
12348,1,3,16,0,0,4,2
12349,1,3,16,0,0,4,2
12350,1,3,16,5,0,4,2
12351,1,3,16,0,0,4,2
12352,1,3,16,0,0,4,2
12353,0,3,16,5,1,4,1
12354,0,3,16,0,1,4,1
12355,0,3,16,0,1,4,1
12356,0,3,16,5,1,4,1
12357,0,3,16,0,1,4,1
12358,0,3,16,0,1,4,1
12359,0,3,16,5,1,4,1
12360,0,3,16,0,1,4,1
12361,0,3,16,0,1,4,1
12362,0,3,16,5,0,4,2
12363,0,3,16,0,0,4,2
12364,0,3,16,0,0,4,2
12365,0,3,16,5,0,4,2
12366,0,3,16,0,0,4,2
12367,0,3,16,0,0,4,2
12368,0,3,16,5,0,4,2
12369,0,3,16,0,0,4,2
12370,0,3,16,0,0,4,2
12371,0,3,16,5,1,2,2
12372,0,3,16,0,1,2,2
12373,0,3,16,0,1,2,2
12374,0,3,16,5,1,2,2
12375,0,3,16,0,1,2,2
12376,0,3,16,0,1,2,2
12377,0,3,16,5,1,2,2
12378,0,3,16,0,1,2,2
12379,0,3,16,0,1,2,2
12380,1,3,16,5,1,4,2
12381,1,3,16,0,1,4,2
12382,1,3,16,0,1,4,2
12383,1,3,16,5,1,4,2
12384,1,3,16,0,1,4,2
12385,1,3,16,0,1,4,2
12386,1,3,16,5,1,4,2
12387,1,3,16,0,1,4,2
12388,1,3,16,0,1,4,2
12389,0,3,16,5,0,2,2
12390,0,3,16,0,0,2,2
12391,0,3,16,0,0,2,2
12392,0,3,16,5,0,2,2
12393,0,3,16,0,0,2,2
12394,0,3,16,0,0,2,2
12395,0,3,16,5,0,2,2
12396,0,3,16,0,0,2,2
12397,0,3,16,0,0,2,2
12398,-1,3,16,5,1,0,2
12399,-1,3,16,0,1,0,2
12400,-1,3,16,0,1,0,2
12401,-1,3,16,5,1,0,2
12402,-1,3,16,0,1,0,2
12403,-1,3,16,0,1,0,2
12404,-1,3,16,5,1,0,2
12405,-1,3,16,0,1,0,2
12406,-1,3,16,0,1,0,2
12407,1,3,16,5,1,4,1
12408,1,3,16,0,1,4,1
12409,1,3,16,0,1,4,1
12410,1,3,16,5,1,4,1
12411,1,3,16,0,1,4,1
12412,1,3,16,0,1,4,1
12413,1,3,16,5,1,4,1
12414,1,3,16,0,1,4,1
12415,1,3,16,0,1,4,1
12416,-1,3,16,5,1,4,2
12417,-1,3,16,0,1,4,2
12418,-1,3,16,0,1,4,2
12419,-1,3,16,5,1,4,2
12420,-1,3,16,0,1,4,2
12421,-1,3,16,0,1,4,2
12422,-1,3,16,5,1,4,2
12423,-1,3,16,0,1,4,2
12424,-1,3,16,0,1,4,2
12425,1,3,16,5,1,4,1
12426,1,3,16,0,1,4,1
12427,1,3,16,0,1,4,1
12428,1,3,16,5,1,4,1
12429,1,3,16,0,1,4,1
12430,1,3,16,0,1,4,1
12431,1,3,16,5,1,4,1
12432,1,3,16,0,1,4,1
12433,1,3,16,0,1,4,1
12434,-1,3,16,5,0,4,0
12435,-1,3,16,0,0,4,0
12436,-1,3,16,0,0,4,0
12437,-1,3,16,5,0,4,0
12438,-1,3,16,0,0,4,0
12439,-1,3,16,0,0,4,0
12440,-1,3,16,5,0,4,0
12441,-1,3,16,0,0,4,0
12442,-1,3,16,0,0,4,0
12443,1,3,16,5,0,3,1
12444,1,3,16,0,0,3,1
12445,1,3,16,0,0,3,1
12446,1,3,16,5,0,3,1
12447,1,3,16,0,0,3,1
12448,1,3,16,0,0,3,1
12449,1,3,16,5,0,3,1
12450,1,3,16,0,0,3,1
12451,1,3,16,0,0,3,1
12452,0,3,16,5,1,4,2
12453,0,3,16,0,1,4,2
12454,0,3,16,0,1,4,2
12455,0,3,16,5,1,4,2
12456,0,3,16,0,1,4,2
12457,0,3,16,0,1,4,2
12458,0,3,16,5,1,4,2
12459,0,3,16,0,1,4,2
12460,0,3,16,0,1,4,2
12461,0,3,16,5,1,0,2
12462,0,3,16,0,1,0,2
12463,0,3,16,0,1,0,2
12464,0,3,16,5,1,0,2
12465,0,3,16,0,1,0,2
12466,0,3,16,0,1,0,2
12467,0,3,16,5,1,0,2
12468,0,3,16,0,1,0,2
12469,0,3,16,0,1,0,2
12470,1,3,16,5,0,4,2
12471,1,3,16,0,0,4,2
12472,1,3,16,0,0,4,2
12473,1,3,16,5,0,4,2
12474,1,3,16,0,0,4,2
12475,1,3,16,0,0,4,2
12476,1,3,16,5,0,4,2
12477,1,3,16,0,0,4,2
12478,1,3,16,0,0,4,2
12479,-1,3,16,5,2,1,1
12480,-1,3,16,0,2,1,1
12481,-1,3,16,0,2,1,1
12482,-1,3,16,5,2,1,1
12483,-1,3,16,0,2,1,1
12484,-1,3,16,0,2,1,1
12485,-1,3,16,5,2,1,1
12486,-1,3,16,0,2,1,1
12487,-1,3,16,0,2,1,1
12488,-1,3,16,5,1,0,0
12489,-1,3,16,0,1,0,0
12490,-1,3,16,0,1,0,0
12491,-1,3,16,5,1,0,0
12492,-1,3,16,0,1,0,0
12493,-1,3,16,0,1,0,0
12494,-1,3,16,5,1,0,0
12495,-1,3,16,0,1,0,0
12496,-1,3,16,0,1,0,0
12497,1,3,16,5,1,0,2
12498,1,3,16,0,1,0,2
12499,1,3,16,0,1,0,2
12500,1,3,16,5,1,0,2
12501,1,3,16,0,1,0,2
12502,1,3,16,0,1,0,2
12503,1,3,16,5,1,0,2
12504,1,3,16,0,1,0,2
12505,1,3,16,0,1,0,2
12506,1,3,16,5,1,4,2
12507,1,3,16,0,1,4,2
12508,1,3,16,0,1,4,2
12509,1,3,16,5,1,4,2
12510,1,3,16,0,1,4,2
12511,1,3,16,0,1,4,2
12512,1,3,16,5,1,4,2
12513,1,3,16,0,1,4,2
12514,1,3,16,0,1,4,2
12515,-1,3,16,5,0,0,1
12516,-1,3,16,0,0,0,1
12517,-1,3,16,0,0,0,1
12518,-1,3,16,5,0,0,1
12519,-1,3,16,0,0,0,1
12520,-1,3,16,0,0,0,1
12521,-1,3,16,5,0,0,1
12522,-1,3,16,0,0,0,1
12523,-1,3,16,0,0,0,1
12524,10,3,16,5,1,0,0
12525,10,3,16,0,1,0,0
12526,10,3,16,0,1,0,0
12527,10,3,16,5,1,0,0
12528,10,3,16,0,1,0,0
12529,10,3,16,0,1,0,0
12530,10,3,16,5,1,0,0
12531,10,3,16,0,1,0,0
12532,10,3,16,0,1,0,0
12533,10,4,34,1,0,4,1
12534,1,4,34,1,1,2,1
12535,10,4,34,1,2,1,1
12536,-1,4,34,1,0,4,1
12537,10,4,34,1,0,3,2
12538,1,4,34,1,0,4,1
12539,0,4,34,1,2,1,2
12540,0,4,34,1,0,0,2
12541,0,4,34,1,1,4,1
12542,1,4,34,1,2,1,2
12543,-1,4,34,1,0,3,0
12544,0,4,34,1,1,2,1
12545,0,4,34,1,1,2,2
12546,-1,4,34,1,1,4,2
12547,1,4,34,1,2,1,2
12548,-1,4,34,1,0,4,1
12549,1,4,34,1,2,1,1
12550,-1,4,34,1,0,4,2
12551,0,4,34,1,1,4,2
12552,0,4,34,1,0,4,1
12553,0,4,34,1,1,2,1
12554,1,4,34,1,1,4,1
12555,-1,4,34,1,0,2,2
12556,1,4,34,1,1,0,1
12557,0,4,34,1,1,4,0
12558,0,4,34,1,1,4,2
12559,0,4,34,1,1,4,1
12560,0,4,34,1,0,4,1
12561,0,4,34,1,0,3,1
12562,0,4,34,1,1,4,0
12563,0,4,34,1,1,0,1
12564,0,4,34,1,0,4,0
12565,0,4,34,1,2,1,1
12566,0,4,34,1,1,0,1
12567,1,4,34,1,1,0,2
12568,0,4,34,1,1,4,1
12569,0,4,34,1,0,0,0
12570,0,4,34,1,1,0,2
12571,0,6,8,1,0,4,2
12572,0,6,8,1,2,1,1
12573,0,6,8,1,2,1,2
12574,1,6,8,1,0,3,1
12575,1,6,8,1,1,4,2
12576,1,6,8,1,1,4,2
12577,0,6,8,1,2,1,2
12578,-1,6,8,1,0,2,2
12579,-1,6,8,1,0,4,1
12580,0,6,8,1,1,2,2
12581,0,6,8,1,2,1,1
12582,0,6,8,1,0,4,1
12583,0,6,8,1,0,3,1
12584,0,6,8,1,0,4,2
12585,0,6,8,1,2,1,2
12586,0,6,8,1,0,0,2
12587,1,6,8,1,1,4,2
12588,0,6,8,1,2,1,2
12589,0,6,8,1,0,3,0
12590,0,6,8,1,1,2,1
12591,0,6,8,1,1,2,2
12592,0,6,8,1,1,4,2
12593,0,6,8,1,2,1,2
12594,1,6,8,1,0,4,1
12595,-1,6,8,1,2,1,2
12596,0,6,8,1,0,4,2
12597,0,6,8,1,1,4,1
12598,-1,6,8,1,0,4,0
12599,-1,6,8,1,1,2,2
12600,0,6,8,1,1,4,2
12601,0,6,8,1,0,2,2
12602,1,6,8,1,1,0,1
12603,0,6,8,1,1,4,1
12604,0,6,8,1,1,4,1
12605,0,6,8,1,1,4,2
12606,1,6,8,1,0,4,1
12607,0,6,8,1,0,3,0
12608,0,6,8,1,1,4,0
12609,-1,6,8,1,1,0,0
12610,1,6,8,1,0,4,0
12611,-1,6,8,1,2,1,0
12612,10,6,8,1,1,0,1
12613,1,6,8,1,1,0,2
12614,1,6,8,1,1,4,1
12615,-1,6,8,1,0,0,0
12616,-1,6,8,1,1,0,2
12617,0,3,16,0,0,4,2
12618,1,3,16,0,2,1,1
12619,0,3,16,0,2,1,1
12620,0,3,16,0,0,3,1
12621,1,3,16,0,1,4,0
12622,0,3,16,0,1,4,1
12623,1,3,16,0,2,1,2
12624,0,3,16,0,0,2,1
12625,0,3,16,0,0,4,2
12626,0,3,16,0,1,2,2
12627,0,3,16,0,2,1,2
12628,0,3,16,0,0,4,2
12629,0,3,16,0,0,3,1
12630,-1,3,16,0,0,4,2
12631,1,3,16,0,2,1,2
12632,0,3,16,0,0,0,1
12633,0,3,16,0,1,4,0
12634,1,3,16,0,2,1,1
12635,0,3,16,0,0,3,0
12636,0,3,16,0,1,2,2
12637,0,3,16,0,1,2,2
12638,0,3,16,0,1,4,2
12639,0,3,16,0,2,1,2
12640,-1,3,16,0,0,4,1
12641,0,3,16,0,2,1,2
12642,0,3,16,0,0,4,2
12643,-1,3,16,0,1,4,1
12644,0,3,16,0,0,4,2
12645,0,3,16,0,1,2,2
12646,0,3,16,0,1,4,2
12647,-1,3,16,0,0,2,2
12648,0,3,16,0,1,0,2
12649,0,3,16,0,1,4,1
12650,0,3,16,0,1,4,2
12651,0,3,16,0,1,4,1
12652,0,3,16,0,0,4,0
12653,0,3,16,0,0,3,1
12654,0,3,16,0,1,4,2
12655,0,3,16,0,1,0,2
12656,0,3,16,0,0,4,2
12657,-1,3,16,0,2,1,1
12658,0,3,16,0,1,0,0
12659,-1,3,16,0,1,0,2
12660,1,3,16,0,1,4,2
12661,1,3,16,0,0,0,1
12662,0,3,16,0,1,0,0
12663,0,3,14,1,0,4,2
12664,0,3,14,1,2,1,1
12665,-1,3,14,1,2,1,1
12666,0,3,14,1,0,3,1
12667,0,3,14,1,1,4,0
12668,-1,3,14,1,1,4,1
12669,0,3,14,1,2,1,2
12670,0,3,14,1,0,2,1
12671,1,3,14,1,0,4,2
12672,-1,3,14,1,1,2,2
12673,0,3,14,1,2,1,2
12674,0,3,14,1,0,4,2
12675,-1,3,14,1,0,3,1
12676,1,3,14,1,0,4,2
12677,0,3,14,1,2,1,2
12678,0,3,14,1,0,0,1
12679,0,3,14,1,1,4,0
12680,-1,3,14,1,2,1,1
12681,0,3,14,1,0,3,0
12682,0,3,14,1,1,2,2
12683,0,3,14,1,1,2,2
12684,0,3,14,1,1,4,2
12685,0,3,14,1,2,1,2
12686,1,3,14,1,0,4,1
12687,-1,3,14,1,2,1,2
12688,0,3,14,1,0,4,2
12689,0,3,14,1,1,4,1
12690,0,3,14,1,0,4,2
12691,0,3,14,1,1,2,2
12692,1,3,14,1,1,4,2
12693,0,3,14,1,0,2,2
12694,-1,3,14,1,1,0,2
12695,0,3,14,1,1,4,1
12696,0,3,14,1,1,4,2
12697,0,3,14,1,1,4,1
12698,0,3,14,1,0,4,0
12699,1,3,14,1,0,3,1
12700,-1,3,14,1,1,4,2
12701,0,3,14,1,1,0,2
12702,0,3,14,1,0,4,2
12703,-1,3,14,1,2,1,1
12704,1,3,14,1,1,0,0
12705,10,3,14,1,1,0,2
12706,-1,3,14,1,1,4,2
12707,10,3,14,1,0,0,1
12708,-1,3,14,1,1,0,0
12709,1,7,13,0,0,4,2
12710,1,7,13,0,2,1,2
12711,-1,7,13,0,2,1,2
12712,1,7,13,0,0,3,1
12713,-1,7,13,0,1,4,1
12714,0,7,13,0,1,4,1
12715,1,7,13,0,2,1,1
12716,1,7,13,0,0,2,2
12717,0,7,13,0,0,4,2
12718,0,7,13,0,1,2,1
12719,0,7,13,0,2,1,2
12720,0,7,13,0,0,4,2
12721,1,7,13,0,0,3,1
12722,0,7,13,0,0,4,2
12723,0,7,13,0,2,1,2
12724,1,7,13,0,0,0,2
12725,0,7,13,0,1,4,2
12726,-1,7,13,0,2,1,2
12727,0,7,13,0,0,3,2
12728,-1,7,13,0,1,2,2
12729,1,7,13,0,1,2,2
12730,1,7,13,0,1,4,2
12731,-1,7,13,0,2,1,1
12732,0,7,13,0,0,4,0
12733,-1,7,13,0,2,1,2
12734,1,7,13,0,0,4,2
12735,1,7,13,0,1,4,2
12736,0,7,13,0,0,4,1
12737,0,7,13,0,1,2,2
12738,0,7,13,0,1,4,2
12739,-1,7,13,0,0,2,2
12740,0,7,13,0,1,0,2
12741,-1,7,13,0,1,4,0
12742,1,7,13,0,1,4,2
12743,0,7,13,0,1,4,1
12744,0,7,13,0,0,4,1
12745,0,7,13,0,0,3,1
12746,1,7,13,0,1,4,0
12747,0,7,13,0,1,0,0
12748,0,7,13,0,0,4,2
12749,-1,7,13,0,2,1,0
12750,0,7,13,0,1,0,0
12751,-1,7,13,0,1,0,2
12752,1,7,13,0,1,4,2
12753,0,7,13,0,0,0,0
12754,0,7,13,0,1,0,0
12755,0,6,33,5,0,4,2
12756,0,6,33,5,2,1,1
12757,0,6,33,5,2,1,2
12758,0,6,33,5,0,3,1
12759,0,6,33,5,1,4,2
12760,0,6,33,5,1,4,2
12761,0,6,33,5,2,1,2
12762,0,6,33,5,0,2,2
12763,1,6,33,5,0,4,1
12764,0,6,33,5,1,2,2
12765,1,6,33,5,2,1,1
12766,1,6,33,5,0,4,1
12767,-1,6,33,5,0,3,1
12768,-1,6,33,5,0,4,2
12769,0,6,33,5,2,1,2
12770,0,6,33,5,0,0,2
12771,0,6,33,5,1,4,2
12772,0,6,33,5,2,1,2
12773,0,6,33,5,0,3,0
12774,0,6,33,5,1,2,1
12775,0,6,33,5,1,2,2
12776,0,6,33,5,1,4,2
12777,0,6,33,5,2,1,2
12778,-1,6,33,5,0,4,1
12779,0,6,33,5,2,1,2
12780,1,6,33,5,0,4,2
12781,0,6,33,5,1,4,1
12782,1,6,33,5,0,4,0
12783,-1,6,33,5,1,2,2
12784,0,6,33,5,1,4,2
12785,0,6,33,5,0,2,2
12786,0,6,33,5,1,0,1
12787,0,6,33,5,1,4,1
12788,-1,6,33,5,1,4,1
12789,0,6,33,5,1,4,2
12790,0,6,33,5,0,4,1
12791,0,6,33,5,0,3,0
12792,0,6,33,5,1,4,0
12793,0,6,33,5,1,0,0
12794,0,6,33,5,0,4,0
12795,0,6,33,5,2,1,0
12796,0,6,33,5,1,0,1
12797,0,6,33,5,1,0,2
12798,0,6,33,5,1,4,1
12799,0,6,33,5,0,0,0
12800,-1,6,33,5,1,0,2
12801,0,5,28,0,0,4,2
12802,-1,5,28,0,2,1,2
12803,1,5,28,0,2,1,2
12804,-1,5,28,0,0,3,1
12805,0,5,28,0,1,4,2
12806,0,5,28,0,1,4,2
12807,0,5,28,0,2,1,2
12808,-1,5,28,0,0,2,2
12809,0,5,28,0,0,4,2
12810,0,5,28,0,1,2,1
12811,0,5,28,0,2,1,2
12812,1,5,28,0,0,4,1
12813,-1,5,28,0,0,3,1
12814,0,5,28,0,0,4,1
12815,1,5,28,0,2,1,2
12816,-1,5,28,0,0,0,2
12817,1,5,28,0,1,4,2
12818,-1,5,28,0,2,1,2
12819,0,5,28,0,0,3,1
12820,-1,5,28,0,1,2,1
12821,1,5,28,0,1,2,2
12822,-1,5,28,0,1,4,2
12823,-1,5,28,0,2,1,2
12824,0,5,28,0,0,4,2
12825,1,5,28,0,2,1,2
12826,0,5,28,0,0,4,2
12827,0,5,28,0,1,4,1
12828,0,5,28,0,0,4,1
12829,0,5,28,0,1,2,2
12830,0,5,28,0,1,4,2
12831,0,5,28,0,0,2,2
12832,-1,5,28,0,1,0,1
12833,0,5,28,0,1,4,0
12834,-1,5,28,0,1,4,2
12835,1,5,28,0,1,4,2
12836,0,5,28,0,0,4,1
12837,0,5,28,0,0,3,0
12838,0,5,28,0,1,4,1
12839,0,5,28,0,1,0,2
12840,0,5,28,0,0,4,1
12841,0,5,28,0,2,1,1
12842,0,5,28,0,1,0,2
12843,-1,5,28,0,1,0,1
12844,0,5,28,0,1,4,0
12845,0,5,28,0,0,0,0
12846,1,5,28,0,1,0,1
12847,10,5,8,1,2,1,2
12848,0,5,8,1,0,4,2
12849,0,5,8,1,1,4,1
12850,-1,5,8,1,0,4,1
12851,10,5,8,1,1,2,2
12852,0,5,8,1,1,4,2
12853,-1,5,8,1,0,2,2
12854,0,5,8,1,1,0,1
12855,1,5,8,1,1,4,0
12856,-1,5,8,1,1,4,2
12857,1,5,8,1,1,4,2
12858,1,5,8,1,0,4,1
12859,1,5,8,1,0,3,0
12860,1,5,8,1,1,4,1
12861,0,5,8,1,1,0,2
12862,1,5,8,1,0,4,1
12863,-1,5,8,1,2,1,1
12864,1,5,8,1,1,0,2
12865,1,5,8,1,1,0,1
12866,-1,5,8,1,1,4,0
12867,1,5,8,1,0,0,0
12868,0,5,8,1,1,0,1
12869,1,1,8,3,1,4,1
12870,-1,1,8,3,1,0,1
12871,1,1,8,3,0,4,1
12872,1,1,8,3,2,1,0
12873,0,1,8,3,1,0,0
12874,-1,1,8,3,1,0,1
12875,1,1,8,3,1,4,0
12876,-1,1,8,3,0,0,0
12877,0,1,8,3,1,0,2
12878,0,5,12,1,0,4,2
12879,1,5,12,1,2,1,2
12880,0,5,12,1,2,1,2
12881,0,5,12,1,0,3,1
12882,0,5,12,1,1,4,2
12883,0,5,12,1,1,4,2
12884,1,5,12,1,2,1,2
12885,-1,5,12,1,0,2,2
12886,0,5,12,1,0,4,2
12887,0,5,12,1,1,2,1
12888,0,5,12,1,2,1,2
12889,0,5,12,1,0,4,1
12890,1,5,12,1,0,3,1
12891,-1,5,12,1,0,4,1
12892,0,5,12,1,2,1,2
12893,1,5,12,1,0,0,2
12894,-1,5,12,1,1,4,2
12895,-1,5,12,1,2,1,2
12896,1,5,12,1,0,3,1
12897,1,5,12,1,1,2,1
12898,-1,5,12,1,1,2,2
12899,0,5,12,1,1,4,2
12900,0,5,12,1,2,1,2
12901,-1,5,12,1,0,4,2
12902,-1,5,12,1,2,1,2
12903,0,5,12,1,0,4,2
12904,0,5,12,1,1,4,1
12905,0,5,12,1,0,4,1
12906,0,5,12,1,1,2,2
12907,0,5,12,1,1,4,2
12908,1,5,12,1,0,2,2
12909,0,5,12,1,1,0,1
12910,1,5,12,1,1,4,0
12911,-1,5,12,1,1,4,2
12912,0,5,12,1,1,4,2
12913,0,5,12,1,0,4,1
12914,0,5,12,1,0,3,0
12915,0,5,12,1,1,4,1
12916,-1,5,12,1,1,0,2
12917,0,5,12,1,0,4,1
12918,-1,5,12,1,2,1,1
12919,0,5,12,1,1,0,2
12920,0,5,12,1,1,0,1
12921,10,5,12,1,1,4,0
12922,-1,5,12,1,0,0,0
12923,1,5,12,1,1,0,1
12968,-1,7,8,1,0,4,2
12969,1,7,8,1,2,1,2
12970,-1,7,8,1,2,1,2
12971,0,7,8,1,0,3,1
12972,0,7,8,1,1,4,1
12973,1,7,8,1,1,4,1
12974,0,7,8,1,2,1,1
12975,0,7,8,1,0,2,2
12976,0,7,8,1,0,4,2
12977,0,7,8,1,1,2,1
12978,0,7,8,1,2,1,2
12979,0,7,8,1,0,4,2
12980,0,7,8,1,0,3,1
12981,0,7,8,1,0,4,2
12982,0,7,8,1,2,1,2
12983,0,7,8,1,0,0,2
12984,0,7,8,1,1,4,2
12985,-1,7,8,1,2,1,2
12986,-1,7,8,1,0,3,2
12987,1,7,8,1,1,2,2
12988,0,7,8,1,1,2,2
12989,-1,7,8,1,1,4,2
12990,1,7,8,1,2,1,1
12991,0,7,8,1,0,4,0
12992,-1,7,8,1,2,1,2
12993,0,7,8,1,0,4,2
12994,0,7,8,1,1,4,2
12995,0,7,8,1,0,4,1
12996,0,7,8,1,1,2,2
12997,0,7,8,1,1,4,2
12998,0,7,8,1,0,2,2
12999,1,7,8,1,1,0,2
13000,0,7,8,1,1,4,0
13001,-1,7,8,1,1,4,2
13002,1,7,8,1,1,4,1
13003,-1,7,8,1,0,4,1
13004,1,7,8,1,0,3,1
13005,0,7,8,1,1,4,0
13006,0,7,8,1,1,0,0
13007,1,7,8,1,0,4,2
13008,-1,7,8,1,2,1,0
13009,1,7,8,1,1,0,0
13010,-1,7,8,1,1,0,2
13011,0,7,8,1,1,4,2
13012,0,7,8,1,0,0,0
13013,-1,7,8,1,1,0,0
13014,-1,6,33,3,0,2,2
13015,10,6,33,3,0,4,1
13016,0,6,33,3,1,2,2
13017,-1,6,33,3,2,1,1
13018,0,6,33,3,0,4,1
13019,0,6,33,3,0,3,1
13020,0,6,33,3,0,4,2
13021,0,6,33,3,2,1,2
13022,-1,6,33,3,0,0,2
13023,0,6,33,3,1,4,2
13024,0,6,33,3,2,1,2
13025,1,6,33,3,0,3,0
13026,0,6,33,3,1,2,1
13027,0,6,33,3,1,2,2
13028,-1,6,33,3,1,4,2
13029,-1,6,33,3,2,1,2
13030,0,6,33,3,0,4,1
13031,1,6,33,3,2,1,2
13032,0,6,33,3,0,4,2
13033,0,6,33,3,1,4,1
13034,1,6,33,3,0,4,0
13035,0,6,33,3,1,2,2
13036,0,6,33,3,1,4,2
13037,0,6,33,3,0,2,2
13038,0,6,33,3,1,0,1
13039,1,6,33,3,1,4,1
13040,0,6,33,3,1,4,1
13041,-1,6,33,3,1,4,2
13042,-10,6,33,3,0,4,1
13043,10,6,33,3,1,4,0
13044,1,6,33,3,1,0,0
13045,0,6,33,3,0,4,0
13046,-1,6,33,3,2,1,0
13047,-10,6,33,3,1,0,1
13048,10,6,33,3,1,0,2
13049,10,6,33,3,1,4,1
13050,0,6,33,3,0,0,0
13051,-1,6,33,3,1,0,2
13052,1,4,2,3,0,4,2
13053,-1,4,2,3,2,1,2
13054,1,4,2,3,2,1,2
13055,1,4,2,3,0,3,2
13056,-1,4,2,3,1,4,2
13057,1,4,2,3,1,4,1
13058,0,4,2,3,2,1,2
13059,0,4,2,3,0,2,2
13060,0,4,2,3,0,4,1
13061,1,4,2,3,1,2,1
13062,0,4,2,3,2,1,1
13063,1,4,2,3,0,4,1
13064,-1,4,2,3,0,3,2
13065,0,4,2,3,0,4,1
13066,0,4,2,3,2,1,2
13067,0,4,2,3,0,0,2
13068,0,4,2,3,1,4,1
13069,-1,4,2,3,2,1,2
13070,0,4,2,3,0,3,0
13071,0,4,2,3,1,2,1
13072,0,4,2,3,1,2,2
13073,0,4,2,3,1,4,2
13074,1,4,2,3,2,1,2
13075,-1,4,2,3,0,4,1
13076,0,4,2,3,2,1,1
13077,0,4,2,3,0,4,2
13078,-1,4,2,3,1,4,2
13079,0,4,2,3,0,4,1
13080,1,4,2,3,1,2,1
13081,0,4,2,3,1,4,1
13082,-1,4,2,3,0,2,2
13083,0,4,2,3,1,0,1
13084,1,4,2,3,1,4,0
13085,1,4,2,3,1,4,2
13086,-1,4,2,3,1,4,1
13087,1,4,2,3,0,4,1
13088,0,4,2,3,0,3,1
13089,-1,4,2,3,1,4,0
13090,1,4,2,3,1,0,1
13091,-1,4,2,3,0,4,0
13092,-1,4,2,3,2,1,1
13093,1,4,2,3,1,0,1
13094,1,4,2,3,1,0,2
13095,1,4,2,3,1,4,1
13096,-1,4,2,3,0,0,0
13097,1,4,2,3,1,0,2
13098,0,6,4,1,0,4,2
13099,0,6,4,1,2,1,1
13100,0,6,4,1,2,1,2
13101,0,6,4,1,0,3,1
13102,0,6,4,1,1,4,2
13103,0,6,4,1,1,4,2
13104,0,6,4,1,2,1,2
13105,-1,6,4,1,0,2,2
13106,0,6,4,1,0,4,1
13107,-1,6,4,1,1,2,2
13108,-1,6,4,1,2,1,1
13109,1,6,4,1,0,4,1
13110,0,6,4,1,0,3,1
13111,-1,6,4,1,0,4,2
13112,-1,6,4,1,2,1,2
13113,0,6,4,1,0,0,2
13114,-1,6,4,1,1,4,2
13115,0,6,4,1,2,1,2
13116,-1,6,4,1,0,3,0
13117,0,6,4,1,1,2,1
13118,1,6,4,1,1,2,2
13119,0,6,4,1,1,4,2
13120,0,6,4,1,2,1,2
13121,0,6,4,1,0,4,1
13122,0,6,4,1,2,1,2
13123,0,6,4,1,0,4,2
13124,0,6,4,1,1,4,1
13125,0,6,4,1,0,4,0
13126,0,6,4,1,1,2,2
13127,0,6,4,1,1,4,2
13128,0,6,4,1,0,2,2
13129,1,6,4,1,1,0,1
13130,-1,6,4,1,1,4,1
13131,0,6,4,1,1,4,1
13132,0,6,4,1,1,4,2
13133,0,6,4,1,0,4,1
13134,0,6,4,1,0,3,0
13135,0,6,4,1,1,4,0
13136,0,6,4,1,1,0,0
13137,1,6,4,1,0,4,0
13138,-1,6,4,1,2,1,0
13139,1,6,4,1,1,0,1
13140,-1,6,4,1,1,0,2
13141,0,6,4,1,1,4,1
13142,0,6,4,1,0,0,0
13143,10,6,4,1,1,0,2
13144,0,7,16,0,0,4,2
13145,0,7,16,0,2,1,2
13146,0,7,16,0,2,1,2
13147,0,7,16,0,0,3,1
13148,0,7,16,0,1,4,1
13149,0,7,16,0,1,4,1
13150,0,7,16,0,2,1,1
13151,0,7,16,0,0,2,2
13152,1,7,16,0,0,4,2
13153,0,7,16,0,1,2,1
13154,0,7,16,0,2,1,2
13155,0,7,16,0,0,4,2
13156,0,7,16,0,0,3,1
13157,0,7,16,0,0,4,2
13158,0,7,16,0,2,1,2
13159,0,7,16,0,0,0,2
13160,-1,7,16,0,1,4,2
13161,0,7,16,0,2,1,2
13162,0,7,16,0,0,3,2
13163,-1,7,16,0,1,2,2
13164,0,7,16,0,1,2,2
13165,0,7,16,0,1,4,2
13166,0,7,16,0,2,1,1
13167,0,7,16,0,0,4,0
13168,0,7,16,0,2,1,2
13169,0,7,16,0,0,4,2
13170,0,7,16,0,1,4,2
13171,0,7,16,0,0,4,1
13172,0,7,16,0,1,2,2
13173,1,7,16,0,1,4,2
13174,0,7,16,0,0,2,2
13175,0,7,16,0,1,0,2
13176,0,7,16,0,1,4,0
13177,0,7,16,0,1,4,2
13178,1,7,16,0,1,4,1
13179,0,7,16,0,0,4,1
13180,-1,7,16,0,0,3,1
13181,0,7,16,0,1,4,0
13182,0,7,16,0,1,0,0
13183,0,7,16,0,0,4,2
13184,-1,7,16,0,2,1,0
13185,1,7,16,0,1,0,0
13186,-1,7,16,0,1,0,2
13187,0,7,16,0,1,4,2
13188,0,7,16,0,0,0,0
13189,-1,7,16,0,1,0,0
13190,0,7,13,1,0,4,2
13191,1,7,13,1,2,1,2
13192,0,7,13,1,0,0,2
13193,0,7,13,1,1,4,2
13194,0,7,13,1,2,1,2
13195,-1,7,13,1,0,3,2
13196,0,7,13,1,1,2,2
13197,-1,7,13,1,1,2,2
13198,0,7,13,1,1,4,2
13199,0,7,13,1,2,1,1
13200,0,7,13,1,0,4,0
13201,1,7,13,1,2,1,2
13202,0,7,13,1,0,4,2
13203,1,7,13,1,1,4,2
13204,0,7,13,1,0,4,1
13205,0,7,13,1,1,2,2
13206,0,7,13,1,1,4,2
13207,-1,7,13,1,0,2,2
13208,0,7,13,1,1,0,2
13209,0,7,13,1,1,4,0
13210,0,7,13,1,1,4,2
13211,0,7,13,1,1,4,1
13212,0,7,13,1,0,4,1
13213,0,7,13,1,0,3,1
13214,1,7,13,1,1,4,0
13215,1,7,13,1,1,0,0
13216,0,7,13,1,0,4,2
13217,1,7,13,1,2,1,0
13218,0,7,13,1,1,0,0
13219,0,7,13,1,1,0,2
13220,0,7,13,1,1,4,2
13221,1,7,13,1,0,0,0
13222,-1,7,13,1,1,0,0
13223,1,8,10,5,0,4,2
13224,0,8,10,5,2,1,2
13225,0,8,10,5,2,1,2
13226,1,8,10,5,0,3,2
13227,0,8,10,5,1,4,2
13228,0,8,10,5,1,4,2
13229,0,8,10,5,2,1,2
13230,1,8,10,5,0,2,0
13231,1,8,10,5,0,4,2
13232,0,8,10,5,1,2,1
13233,0,8,10,5,2,1,2
13234,1,8,10,5,0,4,2
13235,-1,8,10,5,0,3,2
13236,0,8,10,5,0,4,1
13237,0,8,10,5,2,1,2
13238,-1,8,10,5,0,0,2
13239,-1,8,10,5,1,4,1
13240,0,8,10,5,2,1,2
13241,0,8,10,5,0,3,0
13242,0,8,10,5,1,2,1
13243,0,8,10,5,1,2,2
13244,0,8,10,5,1,4,2
13245,0,8,10,5,2,1,2
13246,-1,8,10,5,0,4,2
13247,0,8,10,5,2,1,2
13248,1,8,10,5,0,4,2
13249,-1,8,10,5,1,4,0
13250,0,8,10,5,0,4,2
13251,0,8,10,5,1,2,1
13252,1,8,10,5,1,4,2
13253,1,8,10,5,0,2,0
13254,1,8,10,5,1,0,2
13255,0,8,10,5,1,4,0
13256,0,8,10,5,1,4,2
13257,0,8,10,5,1,4,0
13258,1,8,10,5,0,4,1
13259,0,8,10,5,0,3,0
13260,0,8,10,5,1,4,1
13261,0,8,10,5,1,0,1
13262,0,8,10,5,0,4,1
13263,1,8,10,5,2,1,1
13264,0,8,10,5,1,0,0
13265,-1,8,10,5,1,0,2
13266,0,8,10,5,1,4,1
13267,0,8,10,5,0,0,0
13268,0,8,10,5,1,0,2
13269,0,9,16,5,0,4,2
13270,0,9,16,5,2,1,2
13271,1,9,16,5,2,1,0
13272,0,9,16,5,0,3,0
13273,0,9,16,5,1,4,2
13274,1,9,16,5,1,4,2
13275,0,9,16,5,2,1,2
13276,0,9,16,5,0,2,2
13277,0,9,16,5,0,4,2
13278,0,9,16,5,1,2,2
13279,0,9,16,5,2,1,2
13280,-1,9,16,5,0,4,2
13281,0,9,16,5,0,3,2
13282,0,9,16,5,0,4,2
13283,-1,9,16,5,2,1,2
13284,0,9,16,5,0,0,1
13285,0,9,16,5,1,4,0
13286,0,9,16,5,2,1,1
13287,-1,9,16,5,0,3,0
13288,1,9,16,5,1,2,2
13289,0,9,16,5,1,2,2
13290,0,9,16,5,1,4,2
13291,0,9,16,5,2,1,2
13292,0,9,16,5,0,4,1
13293,0,9,16,5,2,1,2
13294,0,9,16,5,0,4,1
13295,0,9,16,5,1,4,2
13296,0,9,16,5,0,4,1
13297,0,9,16,5,1,2,2
13298,0,9,16,5,1,4,2
13299,1,9,16,5,0,2,2
13300,1,9,16,5,1,0,2
13301,-1,9,16,5,1,4,1
13302,0,9,16,5,1,4,1
13303,-1,9,16,5,1,4,0
13304,0,9,16,5,0,4,0
13305,0,9,16,5,0,3,1
13306,0,9,16,5,1,4,0
13307,0,9,16,5,1,0,1
13308,-1,9,16,5,0,4,2
13309,0,9,16,5,2,1,0
13310,10,9,16,5,1,0,0
13311,-1,9,16,5,1,0,0
13312,1,9,16,5,1,4,2
13313,0,9,16,5,0,0,1
13314,0,9,16,5,1,0,0
13315,0,7,13,3,0,4,2
13316,1,7,13,3,2,1,2
13317,0,7,13,3,2,1,2
13318,0,7,13,3,0,3,1
13319,0,7,13,3,1,4,1
13320,0,7,13,3,1,4,1
13321,1,7,13,3,2,1,1
13322,0,7,13,3,0,2,2
13323,1,7,13,3,0,4,2
13324,0,7,13,3,1,2,1
13325,0,7,13,3,2,1,2
13326,1,7,13,3,0,4,2
13327,0,7,13,3,0,3,1
13328,0,7,13,3,0,4,2
13329,0,7,13,3,2,1,2
13330,0,7,13,3,0,0,2
13331,0,7,13,3,1,4,2
13332,1,7,13,3,2,1,2
13333,0,7,13,3,0,3,2
13334,0,7,13,3,1,2,2
13335,-1,7,13,3,1,2,2
13336,0,7,13,3,1,4,2
13337,0,7,13,3,2,1,1
13338,0,7,13,3,0,4,0
13339,0,7,13,3,2,1,2
13340,0,7,13,3,0,4,2
13341,0,7,13,3,1,4,2
13342,0,7,13,3,0,4,1
13343,0,7,13,3,1,2,2
13344,0,7,13,3,1,4,2
13345,1,7,13,3,0,2,2
13346,0,7,13,3,1,0,2
13347,0,7,13,3,1,4,0
13348,0,7,13,3,1,4,2
13349,1,7,13,3,1,4,1
13350,0,7,13,3,0,4,1
13351,-1,7,13,3,0,3,1
13352,-1,7,13,3,1,4,0
13353,-1,7,13,3,1,0,0
13354,0,7,13,3,0,4,2
13355,-1,7,13,3,2,1,0
13356,10,7,13,3,1,0,0
13357,0,7,13,3,1,0,2
13358,0,7,13,3,1,4,2
13359,0,7,13,3,0,0,0
13360,-1,7,13,3,1,0,0
13361,0,8,13,2,0,4,2
13362,0,8,13,2,2,1,2
13363,0,8,13,2,2,1,2
13364,0,8,13,2,0,3,2
13365,0,8,13,2,1,4,2
13366,0,8,13,2,1,4,2
13367,0,8,13,2,2,1,2
13368,-1,8,13,2,0,2,0
13369,-1,8,13,2,0,4,2
13370,0,8,13,2,1,2,1
13371,0,8,13,2,2,1,2
13372,1,8,13,2,0,4,2
13373,0,8,13,2,0,3,2
13374,-1,8,13,2,0,4,1
13375,0,8,13,2,2,1,2
13376,-1,8,13,2,0,0,2
13377,0,8,13,2,1,4,1
13378,0,8,13,2,2,1,2
13379,0,8,13,2,0,3,0
13380,0,8,13,2,1,2,1
13381,0,8,13,2,1,2,2
13382,0,8,13,2,1,4,2
13383,0,8,13,2,2,1,2
13384,0,8,13,2,0,4,2
13385,0,8,13,2,2,1,2
13386,-1,8,13,2,0,4,2
13387,0,8,13,2,1,4,0
13388,0,8,13,2,0,4,2
13389,1,8,13,2,1,2,1
13390,-1,8,13,2,1,4,2
13391,1,8,13,2,0,2,0
13392,-1,8,13,2,1,0,2
13393,1,8,13,2,1,4,0
13394,-1,8,13,2,1,4,2
13395,0,8,13,2,1,4,0
13396,1,8,13,2,0,4,1
13397,0,8,13,2,0,3,0
13398,1,8,13,2,1,4,1
13399,0,8,13,2,1,0,1
13400,0,8,13,2,0,4,1
13401,-1,8,13,2,2,1,1
13402,10,8,13,2,1,0,0
13403,0,8,13,2,1,0,2
13404,0,8,13,2,1,4,1
13405,0,8,13,2,0,0,0
13406,0,8,13,2,1,0,2
13407,1,6,30,1,0,4,2
13408,-1,6,30,1,2,1,1
13409,0,6,30,1,2,1,2
13410,-1,6,30,1,0,3,1
13411,-1,6,30,1,1,4,2
13412,0,6,30,1,1,4,2
13413,1,6,30,1,2,1,2
13414,1,6,30,1,0,2,2
13415,-1,6,30,1,0,4,1
13416,10,6,30,1,1,2,2
13417,1,6,30,1,2,1,1
13418,-1,6,30,1,0,4,1
13419,1,6,30,1,0,3,1
13420,-1,6,30,1,0,4,2
13421,0,6,30,1,2,1,2
13422,1,6,30,1,0,0,2
13423,1,6,30,1,1,4,2
13424,1,6,30,1,2,1,2
13425,0,6,30,1,0,3,0
13426,0,6,30,1,1,2,1
13427,-1,6,30,1,1,2,2
13428,1,6,30,1,1,4,2
13429,0,6,30,1,2,1,2
13430,-1,6,30,1,0,4,1
13431,0,6,30,1,2,1,2
13432,0,6,30,1,0,4,2
13433,1,6,30,1,1,4,1
13434,0,6,30,1,0,4,0
13435,1,6,30,1,1,2,2
13436,-1,6,30,1,1,4,2
13437,0,6,30,1,0,2,2
13438,1,6,30,1,1,0,1
13439,-1,6,30,1,1,4,1
13440,1,6,30,1,1,4,1
13441,-1,6,30,1,1,4,2
13442,1,6,30,1,0,4,1
13443,-1,6,30,1,0,3,0
13444,1,6,30,1,1,4,0
13445,0,6,30,1,1,0,0
13446,10,6,30,1,0,4,0
13447,-1,6,30,1,2,1,0
13448,1,6,30,1,1,0,1
13449,-1,6,30,1,1,0,2
13450,1,6,30,1,1,4,1
13451,1,6,30,1,0,0,0
13452,-1,6,30,1,1,0,2
13453,0,9,28,5,0,4,2
13454,0,9,28,5,2,1,2
13455,0,9,28,5,2,1,0
13456,0,9,28,5,0,3,0
13457,1,9,28,5,1,4,2
13458,0,9,28,5,1,4,2
13459,0,9,28,5,2,1,2
13460,0,9,28,5,0,2,2
13461,0,9,28,5,0,4,2
13462,0,9,28,5,1,2,2
13463,0,9,28,5,2,1,2
13464,0,9,28,5,0,4,2
13465,0,9,28,5,0,3,2
13466,0,9,28,5,0,4,2
13467,0,9,28,5,2,1,2
13468,-1,9,28,5,0,0,1
13469,0,9,28,5,1,4,0
13470,1,9,28,5,2,1,1
13471,0,9,28,5,0,3,0
13472,0,9,28,5,1,2,2
13473,0,9,28,5,1,2,2
13474,0,9,28,5,1,4,2
13475,0,9,28,5,2,1,2
13476,0,9,28,5,0,4,1
13477,-1,9,28,5,2,1,2
13478,0,9,28,5,0,4,1
13479,0,9,28,5,1,4,2
13480,0,9,28,5,0,4,1
13481,0,9,28,5,1,2,2
13482,0,9,28,5,1,4,2
13483,0,9,28,5,0,2,2
13484,0,9,28,5,1,0,2
13485,1,9,28,5,1,4,1
13486,0,9,28,5,1,4,1
13487,0,9,28,5,1,4,0
13488,0,9,28,5,0,4,0
13489,0,9,28,5,0,3,1
13490,0,9,28,5,1,4,0
13491,0,9,28,5,1,0,1
13492,0,9,28,5,0,4,2
13493,0,9,28,5,2,1,0
13494,1,9,28,5,1,0,0
13495,-1,9,28,5,1,0,0
13496,0,9,28,5,1,4,2
13497,0,9,28,5,0,0,1
13498,0,9,28,5,1,0,0
13499,-1,9,11,6,1,0,2
13500,0,9,11,6,1,4,1
13501,1,9,11,6,1,4,1
13502,1,9,11,6,1,4,0
13503,1,9,11,6,0,4,0
13504,10,9,11,6,0,3,1
13505,-1,9,11,6,1,4,0
13506,-1,9,11,6,1,0,1
13507,1,9,11,6,0,4,2
13508,-1,9,11,6,2,1,0
13509,10,9,11,6,1,0,0
13510,1,9,11,6,1,0,0
13511,-1,9,11,6,1,4,2
13512,1,9,11,6,0,0,1
13513,-1,9,11,6,1,0,0
13514,0,5,6,4,1,4,0
13515,1,5,6,4,1,4,2
13516,1,5,6,4,1,4,2
13517,0,5,6,4,0,4,1
13518,0,5,6,4,0,3,0
13519,0,5,6,4,1,4,1
13520,0,5,6,4,1,0,2
13521,-1,5,6,4,0,4,1
13522,-1,5,6,4,2,1,1
13523,1,5,6,4,1,0,2
13524,-1,5,6,4,1,0,1
13525,-1,5,6,4,1,4,0
13526,1,5,6,4,0,0,0
13527,0,5,6,4,1,0,1
13528,-1,6,33,3,0,3,0
13529,-1,6,33,3,0,3,0
13530,0,6,33,3,1,2,1
13531,0,6,33,3,1,2,1
13532,-1,6,33,3,1,2,2
13533,-1,6,33,3,1,2,2
13534,1,6,33,3,1,4,2
13535,1,6,33,3,1,4,2
13536,-1,6,33,3,2,1,2
13537,-1,6,33,3,2,1,2
13538,-1,6,33,3,0,4,1
13539,-1,6,33,3,0,4,1
13540,1,6,33,3,2,1,2
13541,1,6,33,3,2,1,2
13542,0,6,33,3,0,4,2
13543,0,6,33,3,0,4,2
13544,-1,6,33,3,1,4,1
13545,-1,6,33,3,1,4,1
13546,0,6,33,3,0,4,0
13547,0,6,33,3,0,4,0
13548,1,6,33,3,1,2,2
13549,1,6,33,3,1,2,2
13550,1,6,33,3,1,4,2
13551,1,6,33,3,1,4,2
13552,-1,6,33,3,0,2,2
13553,-1,6,33,3,0,2,2
13554,1,6,33,3,1,0,1
13555,1,6,33,3,1,0,1
13556,-1,6,33,3,1,4,1
13557,-1,6,33,3,1,4,1
13558,0,6,33,3,1,4,1
13559,0,6,33,3,1,4,1
13560,1,6,33,3,1,4,2
13561,1,6,33,3,1,4,2
13562,1,6,33,3,0,4,1
13563,1,6,33,3,0,4,1
13564,0,6,33,3,0,3,0
13565,0,6,33,3,0,3,0
13566,1,6,33,3,1,4,0
13567,1,6,33,3,1,4,0
13568,-1,6,33,3,1,0,0
13569,-1,6,33,3,1,0,0
13570,-1,6,33,3,0,4,0
13571,-1,6,33,3,0,4,0
13572,-1,6,33,3,2,1,0
13573,-1,6,33,3,2,1,0
13574,0,6,33,3,1,0,1
13575,0,6,33,3,1,0,1
13576,1,6,33,3,1,0,2
13577,1,6,33,3,1,0,2
13578,1,6,33,3,1,4,1
13579,1,6,33,3,1,4,1
13580,0,6,33,3,0,0,0
13581,0,6,33,3,0,0,0
13582,-1,6,33,3,1,0,2
13583,-1,6,33,3,1,0,2
13584,-1,6,30,5,0,4,2
13585,1,6,30,5,2,1,1
13586,0,6,30,5,2,1,2
13587,0,6,30,5,0,3,1
13588,0,6,30,5,1,4,2
13589,0,6,30,5,1,4,2
13590,0,6,30,5,2,1,2
13591,0,6,30,5,0,2,2
13592,-1,6,30,5,0,4,1
13593,-1,6,30,5,1,2,2
13594,0,6,30,5,2,1,1
13595,0,6,30,5,0,4,1
13596,0,6,30,5,0,3,1
13597,-1,6,30,5,0,4,2
13598,0,6,30,5,2,1,2
13599,0,6,30,5,0,0,2
13600,0,6,30,5,1,4,2
13601,0,6,30,5,2,1,2
13602,-1,6,30,5,0,3,0
13603,0,6,30,5,1,2,1
13604,1,6,30,5,1,2,2
13605,1,6,30,5,1,4,2
13606,1,6,30,5,2,1,2
13607,-1,6,30,5,0,4,1
13608,0,6,30,5,2,1,2
13609,0,6,30,5,0,4,2
13610,0,6,30,5,1,4,1
13611,1,6,30,5,0,4,0
13612,1,6,30,5,1,2,2
13613,0,6,30,5,1,4,2
13614,0,6,30,5,0,2,2
13615,0,6,30,5,1,0,1
13616,-1,6,30,5,1,4,1
13617,1,6,30,5,1,4,1
13618,0,6,30,5,1,4,2
13619,0,6,30,5,0,4,1
13620,1,6,30,5,0,3,0
13621,0,6,30,5,1,4,0
13622,-1,6,30,5,1,0,0
13623,0,6,30,5,0,4,0
13624,0,6,30,5,2,1,0
13625,0,6,30,5,1,0,1
13626,0,6,30,5,1,0,2
13627,0,6,30,5,1,4,1
13628,1,6,30,5,0,0,0
13629,0,6,30,5,1,0,2
13722,0,4,8,2,0,0,0
13723,-1,4,8,2,1,0,2
13724,1,7,13,2,0,4,2
13725,0,7,13,2,2,1,2
13726,1,7,13,2,2,1,2
13727,0,7,13,2,0,3,1
13728,1,7,13,2,1,4,1
13729,0,7,13,2,1,4,1
13730,1,7,13,2,2,1,1
13731,-1,7,13,2,0,2,2
13732,1,7,13,2,0,4,2
13733,0,7,13,2,2,1,2
13734,0,7,13,2,0,4,2
13735,0,7,13,2,0,3,1
13736,-1,7,13,2,0,4,2
13737,1,7,13,2,2,1,2
13738,1,7,13,2,0,0,2
13739,0,7,13,2,1,4,2
13740,-1,7,13,2,2,1,2
13741,0,7,13,2,0,3,2
13742,1,7,13,2,1,2,2
13743,-1,7,13,2,1,2,2
13744,0,7,13,2,1,4,2
13745,-1,7,13,2,2,1,1
13746,-1,7,13,2,0,4,0
13747,-1,7,13,2,2,1,2
13748,1,7,13,2,0,4,2
13749,0,7,13,2,1,4,2
13750,0,7,13,2,0,4,1
13751,1,7,13,2,1,2,2
13752,1,7,13,2,1,4,2
13753,0,7,13,2,0,2,2
13754,-1,7,13,2,1,0,2
13755,-1,7,13,2,1,4,0
13756,-1,7,13,2,1,4,2
13757,1,7,13,2,1,4,1
13758,1,7,13,2,0,4,1
13759,1,7,13,2,0,3,1
13760,1,7,13,2,1,4,0
13761,0,7,13,2,1,0,0
13762,0,7,13,2,0,4,2
13763,-1,7,13,2,2,1,0
13764,0,7,13,2,1,0,0
13765,-1,7,13,2,1,0,2
13766,10,7,13,2,1,4,2
13767,10,7,13,2,0,0,0
13768,-1,7,13,2,1,0,0
13769,1,6,8,3,1,4,1
13770,0,6,8,3,0,0,0
13771,0,6,8,3,1,0,2
13772,1,9,29,0,0,4,2
13773,1,9,29,0,2,1,2
13774,-1,9,29,0,2,1,0
13775,0,9,29,0,0,3,0
13776,0,9,29,0,1,4,2
13777,0,9,29,0,1,4,2
13778,1,9,29,0,2,1,2
13779,0,9,29,0,0,2,2
13780,1,9,29,0,0,4,2
13781,0,9,29,0,1,2,2
13782,-1,9,29,0,2,1,2
13783,0,9,29,0,0,4,2
13784,0,9,29,0,0,3,2
13785,0,9,29,0,0,4,2
13786,1,9,29,0,2,1,2
13787,1,9,29,0,0,0,1
13788,-1,9,29,0,1,4,0
13789,-1,9,29,0,2,1,1
13790,0,9,29,0,0,3,0
13791,0,9,29,0,1,2,2
13792,0,9,29,0,1,2,2
13793,0,9,29,0,1,4,2
13794,0,9,29,0,2,1,2
13795,0,9,29,0,0,4,1
13796,0,9,29,0,2,1,2
13797,0,9,29,0,0,4,1
13798,0,9,29,0,1,4,2
13799,0,9,29,0,0,4,1
13800,0,9,29,0,1,2,2
13801,1,9,29,0,1,4,2
13802,0,9,29,0,0,2,2
13803,0,9,29,0,1,0,2
13804,0,9,29,0,1,4,1
13805,1,9,29,0,1,4,1
13806,0,9,29,0,1,4,0
13807,1,9,29,0,0,4,0
13808,0,9,29,0,0,3,1
13809,-1,9,29,0,1,4,0
13810,0,9,29,0,1,0,1
13811,0,9,29,0,0,4,2
13812,-1,9,29,0,2,1,0
13813,1,9,29,0,1,0,0
13814,0,9,29,0,1,0,0
13815,-1,9,29,0,1,4,2
13816,1,9,29,0,0,0,1
13817,1,9,29,0,1,0,0
13818,0,6,5,1,0,4,2
13819,1,6,5,1,2,1,1
13820,0,6,5,1,2,1,2
13821,0,6,5,1,0,3,1
13822,0,6,5,1,1,4,2
13823,0,6,5,1,1,4,2
13824,0,6,5,1,2,1,2
13825,0,6,5,1,0,2,2
13826,0,6,5,1,0,4,1
13827,0,6,5,1,1,2,2
13828,1,6,5,1,2,1,1
13829,1,6,5,1,0,4,1
13830,0,6,5,1,0,3,1
13831,-1,6,5,1,0,4,2
13832,-1,6,5,1,2,1,2
13833,0,6,5,1,0,0,2
13834,0,6,5,1,1,4,2
13835,0,6,5,1,2,1,2
13836,0,6,5,1,0,3,0
13837,0,6,5,1,1,2,1
13838,0,6,5,1,1,2,2
13839,1,6,5,1,1,4,2
13840,0,6,5,1,2,1,2
13841,0,6,5,1,0,4,1
13842,-1,6,5,1,2,1,2
13843,-1,6,5,1,0,4,2
13844,10,6,5,1,1,4,1
13845,0,6,5,1,0,4,0
13846,0,6,5,1,1,2,2
13847,1,6,5,1,1,4,2
13848,0,6,5,1,0,2,2
13849,0,6,5,1,1,0,1
13850,1,6,5,1,1,4,1
13851,0,6,5,1,1,4,1
13852,1,6,5,1,1,4,2
13853,0,6,5,1,0,4,1
13854,1,6,5,1,0,3,0
13855,0,6,5,1,1,4,0
13856,-1,6,5,1,1,0,0
13857,0,6,5,1,0,4,0
13858,0,6,5,1,2,1,0
13859,-1,6,5,1,1,0,1
13860,1,6,5,1,1,0,2
13861,0,6,5,1,1,4,1
13862,0,6,5,1,0,0,0
13863,0,6,5,1,1,0,2
13864,1,5,34,5,2,1,2
13865,0,5,34,5,0,2,2
13866,1,5,34,5,0,4,2
13867,-1,5,34,5,1,2,1
13868,-1,5,34,5,2,1,2
13869,1,5,34,5,0,4,1
13870,1,5,34,5,0,3,1
13871,-1,5,34,5,0,4,1
13872,1,5,34,5,2,1,2
13873,-1,5,34,5,0,0,2
13874,0,5,34,5,1,4,2
13875,0,5,34,5,2,1,2
13876,0,5,34,5,0,3,1
13877,1,5,34,5,1,2,1
13878,1,5,34,5,1,2,2
13879,1,5,34,5,1,4,2
13880,-1,5,34,5,2,1,2
13881,-1,5,34,5,0,4,2
13882,-1,5,34,5,2,1,2
13883,-1,5,34,5,0,4,2
13884,-1,5,34,5,1,4,1
13885,10,5,34,5,0,4,1
13886,0,5,34,5,1,2,2
13887,-1,5,34,5,1,4,2
13888,1,5,34,5,0,2,2
13889,-1,5,34,5,1,0,1
13890,-1,5,34,5,1,4,0
13891,0,5,34,5,1,4,2
13892,-1,5,34,5,1,4,2
13893,-1,5,34,5,0,4,1
13894,10,5,34,5,0,3,0
13895,-1,5,34,5,1,4,1
13896,-1,5,34,5,1,0,2
13897,0,5,34,5,0,4,1
13898,-1,5,34,5,2,1,1
13899,10,5,34,5,1,0,2
13900,0,5,34,5,1,0,1
13901,1,5,34,5,1,4,0
13902,-1,5,34,5,0,0,0
13903,-1,5,34,5,1,0,1
13904,1,8,5,3,1,4,0
13905,1,8,5,3,1,4,2
13906,0,8,5,3,1,4,0
13907,1,8,5,3,0,4,1
13908,1,8,5,3,0,3,0
13909,1,8,5,3,1,4,1
13910,0,8,5,3,1,0,1
13911,0,8,5,3,0,4,1
13912,1,8,5,3,2,1,1
13913,-1,8,5,3,1,0,0
13914,0,8,5,3,1,0,2
13915,0,8,5,3,1,4,1
13916,0,8,5,3,0,0,0
13917,-1,8,5,3,1,0,2
13918,0,6,30,1,0,4,2
13919,-1,6,30,1,2,1,1
13920,1,6,30,1,2,1,2
13921,1,6,30,1,0,3,1
13922,-1,6,30,1,1,4,2
13923,1,6,30,1,1,4,2
13924,1,6,30,1,2,1,2
13925,-1,6,30,1,0,2,2
13926,0,6,30,1,0,4,1
13927,1,6,30,1,1,2,2
13928,0,6,30,1,2,1,1
13929,0,6,30,1,0,4,1
13930,0,6,30,1,0,3,1
13931,0,6,30,1,0,4,2
13932,0,6,30,1,2,1,2
13933,-1,6,30,1,0,0,2
13934,0,6,30,1,1,4,2
13935,0,6,30,1,2,1,2
13936,0,6,30,1,0,3,0
13937,0,6,30,1,1,2,1
13938,0,6,30,1,1,2,2
13939,0,6,30,1,1,4,2
13940,0,6,30,1,2,1,2
13941,0,6,30,1,0,4,1
13942,0,6,30,1,2,1,2
13943,0,6,30,1,0,4,2
13944,0,6,30,1,1,4,1
13945,0,6,30,1,0,4,0
13946,0,6,30,1,1,2,2
13947,0,6,30,1,1,4,2
13948,0,6,30,1,0,2,2
13949,0,6,30,1,1,0,1
13950,0,6,30,1,1,4,1
13951,0,6,30,1,1,4,1
13952,1,6,30,1,1,4,2
13953,0,6,30,1,0,4,1
13954,0,6,30,1,0,3,0
13955,0,6,30,1,1,4,0
13956,0,6,30,1,1,0,0
13957,0,6,30,1,0,4,0
13958,-1,6,30,1,2,1,0
13959,0,6,30,1,1,0,1
13960,1,6,30,1,1,0,2
13961,-1,6,30,1,1,4,1
13962,0,6,30,1,0,0,0
13963,0,6,30,1,1,0,2
13964,0,7,16,0,0,4,2
13965,1,7,16,0,2,1,2
13966,-1,7,16,0,2,1,2
13967,0,7,16,0,0,3,1
13968,-1,7,16,0,1,4,1
13969,0,7,16,0,1,4,1
13970,0,7,16,0,2,1,1
13971,0,7,16,0,0,2,2
13972,0,7,16,0,0,4,2
13973,0,7,16,0,1,2,1
13974,0,7,16,0,2,1,2
13975,0,7,16,0,0,4,2
13976,0,7,16,0,0,3,1
13977,0,7,16,0,0,4,2
13978,0,7,16,0,2,1,2
13979,0,7,16,0,0,0,2
13980,0,7,16,0,1,4,2
13981,0,7,16,0,2,1,2
13982,0,7,16,0,0,3,2
13983,0,7,16,0,1,2,2
13984,0,7,16,0,1,2,2
13985,0,7,16,0,1,4,2
13986,0,7,16,0,2,1,1
13987,0,7,16,0,0,4,0
13988,0,7,16,0,2,1,2
13989,0,7,16,0,0,4,2
13990,0,7,16,0,1,4,2
13991,0,7,16,0,0,4,1
13992,0,7,16,0,1,2,2
13993,0,7,16,0,1,4,2
13994,0,7,16,0,0,2,2
13995,0,7,16,0,1,0,2
13996,0,7,16,0,1,4,0
13997,0,7,16,0,1,4,2
13998,1,7,16,0,1,4,1
13999,1,7,16,0,0,4,1
14000,0,7,16,0,0,3,1
14001,0,7,16,0,1,4,0
14002,0,7,16,0,1,0,0
14003,0,7,16,0,0,4,2
14004,-1,7,16,0,2,1,0
14005,1,7,16,0,1,0,0
14006,0,7,16,0,1,0,2
14007,0,7,16,0,1,4,2
14008,0,7,16,0,0,0,0
14009,0,7,16,0,1,0,0
14010,1,1,11,6,0,4,2
14011,-1,1,11,6,2,1,2
14012,10,1,11,6,2,1,2
14013,0,1,11,6,0,3,2
14014,0,1,11,6,1,4,2
14015,0,1,11,6,1,4,2
14016,1,1,11,6,2,1,2
14017,1,1,11,6,0,2,2
14018,0,1,11,6,0,4,2
14019,0,1,11,6,1,2,2
14020,0,1,11,6,2,1,1
14021,10,1,11,6,0,4,1
14022,-1,1,11,6,0,3,2
14023,0,1,11,6,0,4,2
14024,-1,1,11,6,2,1,2
14025,-1,1,11,6,0,0,2
14026,1,1,11,6,1,4,1
14027,0,1,11,6,2,1,2
14028,0,1,11,6,0,3,0
14029,0,1,11,6,1,2,1
14030,0,1,11,6,1,2,2
14031,0,1,11,6,1,4,1
14032,1,1,11,6,2,1,2
14033,0,1,11,6,0,4,1
14034,0,1,11,6,2,1,1
14035,0,1,11,6,0,4,1
14036,0,1,11,6,1,4,0
14037,0,1,11,6,0,4,2
14038,0,1,11,6,1,2,1
14039,0,1,11,6,1,4,2
14040,0,1,11,6,0,2,1
14041,0,1,11,6,1,0,0
14042,0,1,11,6,1,4,0
14043,0,1,11,6,1,4,2
14044,0,1,11,6,1,4,2
14045,1,1,11,6,0,4,2
14046,0,1,11,6,0,3,1
14047,1,1,11,6,1,4,1
14048,-1,1,11,6,1,0,1
14049,0,1,11,6,0,4,1
14050,-1,1,11,6,2,1,0
14051,1,1,11,6,1,0,0
14052,1,1,11,6,1,0,1
14053,1,1,11,6,1,4,0
14054,1,1,11,6,0,0,0
14055,0,1,11,6,1,0,2
14056,1,9,8,2,1,4,0
14057,1,9,8,2,0,4,0
14058,1,9,8,2,0,3,1
14059,0,9,8,2,1,4,0
14060,0,9,8,2,1,0,1
14061,-1,9,8,2,0,4,2
14062,-1,9,8,2,2,1,0
14063,1,9,8,2,1,0,0
14064,1,9,8,2,1,0,0
14065,0,9,8,2,1,4,2
14066,-1,9,8,2,0,0,1
14067,0,9,8,2,1,0,0
14068,10,3,16,5,0,4,2
14069,10,3,16,0,0,4,2
14070,10,3,16,0,0,4,2
14071,10,3,16,5,0,4,2
14072,10,3,16,0,0,4,2
14073,10,3,16,0,0,4,2
14074,10,3,16,5,0,4,2
14075,10,3,16,0,0,4,2
14076,10,3,16,0,0,4,2
14077,1,3,16,5,0,3,1
14078,1,3,16,0,0,3,1
14079,1,3,16,0,0,3,1
14080,1,3,16,5,0,3,1
14081,1,3,16,0,0,3,1
14082,1,3,16,0,0,3,1
14083,1,3,16,5,0,3,1
14084,1,3,16,0,0,3,1
14085,1,3,16,0,0,3,1
14086,0,3,16,5,0,4,2
14087,0,3,16,0,0,4,2
14088,0,3,16,0,0,4,2
14089,0,3,16,5,0,4,2
14090,0,3,16,0,0,4,2
14091,0,3,16,0,0,4,2
14092,0,3,16,5,0,4,2
14093,0,3,16,0,0,4,2
14094,0,3,16,0,0,4,2
14095,1,3,16,5,2,1,2
14096,1,3,16,0,2,1,2
14097,1,3,16,0,2,1,2
14098,1,3,16,5,2,1,2
14099,1,3,16,0,2,1,2
14100,1,3,16,0,2,1,2
14101,1,3,16,5,2,1,2
14102,1,3,16,0,2,1,2
14103,1,3,16,0,2,1,2
14104,0,3,16,5,0,0,1
14105,0,3,16,0,0,0,1
14106,0,3,16,0,0,0,1
14107,0,3,16,5,0,0,1
14108,0,3,16,0,0,0,1
14109,0,3,16,0,0,0,1
14110,0,3,16,5,0,0,1
14111,0,3,16,0,0,0,1
14112,0,3,16,0,0,0,1
14113,0,3,16,5,1,4,0
14114,0,3,16,0,1,4,0
14115,0,3,16,0,1,4,0
14116,0,3,16,5,1,4,0
14117,0,3,16,0,1,4,0
14118,0,3,16,0,1,4,0
14119,0,3,16,5,1,4,0
14120,0,3,16,0,1,4,0
14121,0,3,16,0,1,4,0
14122,0,3,16,5,2,1,1
14123,0,3,16,0,2,1,1
14124,0,3,16,0,2,1,1
14125,0,3,16,5,2,1,1
14126,0,3,16,0,2,1,1
14127,0,3,16,0,2,1,1
14128,0,3,16,5,2,1,1
14129,0,3,16,0,2,1,1
14130,0,3,16,0,2,1,1
14131,1,3,16,5,0,3,0
14132,1,3,16,0,0,3,0
14133,1,3,16,0,0,3,0
14134,1,3,16,5,0,3,0
14135,1,3,16,0,0,3,0
14136,1,3,16,0,0,3,0
14137,1,3,16,5,0,3,0
14138,1,3,16,0,0,3,0
14139,1,3,16,0,0,3,0
14140,-1,3,16,5,1,2,2
14141,-1,3,16,0,1,2,2
14142,-1,3,16,0,1,2,2
14143,-1,3,16,5,1,2,2
14144,-1,3,16,0,1,2,2
14145,-1,3,16,0,1,2,2
14146,-1,3,16,5,1,2,2
14147,-1,3,16,0,1,2,2
14148,-1,3,16,0,1,2,2
14149,-1,3,16,5,1,2,2
14150,-1,3,16,0,1,2,2
14151,-1,3,16,0,1,2,2
14152,-1,3,16,5,1,2,2
14153,-1,3,16,0,1,2,2
14154,-1,3,16,0,1,2,2
14155,-1,3,16,5,1,2,2
14156,-1,3,16,0,1,2,2
14157,-1,3,16,0,1,2,2
14158,1,3,16,5,1,4,2
14159,1,3,16,0,1,4,2
14160,1,3,16,0,1,4,2
14161,1,3,16,5,1,4,2
14162,1,3,16,0,1,4,2
14163,1,3,16,0,1,4,2
14164,1,3,16,5,1,4,2
14165,1,3,16,0,1,4,2
14166,1,3,16,0,1,4,2
14167,1,3,16,5,2,1,2
14168,1,3,16,0,2,1,2
14169,1,3,16,0,2,1,2
14170,1,3,16,5,2,1,2
14171,1,3,16,0,2,1,2
14172,1,3,16,0,2,1,2
14173,1,3,16,5,2,1,2
14174,1,3,16,0,2,1,2
14175,1,3,16,0,2,1,2
14176,-1,3,16,5,0,4,1
14177,-1,3,16,0,0,4,1
14178,-1,3,16,0,0,4,1
14179,-1,3,16,5,0,4,1
14180,-1,3,16,0,0,4,1
14181,-1,3,16,0,0,4,1
14182,-1,3,16,5,0,4,1
14183,-1,3,16,0,0,4,1
14184,-1,3,16,0,0,4,1
14185,0,3,16,5,2,1,2
14186,0,3,16,0,2,1,2
14187,0,3,16,0,2,1,2
14188,0,3,16,5,2,1,2
14189,0,3,16,0,2,1,2
14190,0,3,16,0,2,1,2
14191,0,3,16,5,2,1,2
14192,0,3,16,0,2,1,2
14193,0,3,16,0,2,1,2
14194,-1,3,16,5,0,4,2
14195,-1,3,16,0,0,4,2
14196,-1,3,16,0,0,4,2
14197,-1,3,16,5,0,4,2
14198,-1,3,16,0,0,4,2
14199,-1,3,16,0,0,4,2
14200,-1,3,16,5,0,4,2
14201,-1,3,16,0,0,4,2
14202,-1,3,16,0,0,4,2
14203,0,3,16,5,1,4,1
14204,0,3,16,0,1,4,1
14205,0,3,16,0,1,4,1
14206,0,3,16,5,1,4,1
14207,0,3,16,0,1,4,1
14208,0,3,16,0,1,4,1
14209,0,3,16,5,1,4,1
14210,0,3,16,0,1,4,1
14211,0,3,16,0,1,4,1
14212,0,3,16,5,0,4,2
14213,0,3,16,0,0,4,2
14214,0,3,16,0,0,4,2
14215,0,3,16,5,0,4,2
14216,0,3,16,0,0,4,2
14217,0,3,16,0,0,4,2
14218,0,3,16,5,0,4,2
14219,0,3,16,0,0,4,2
14220,0,3,16,0,0,4,2
14221,-1,3,16,5,1,2,2
14222,-1,3,16,0,1,2,2
14223,-1,3,16,0,1,2,2
14224,-1,3,16,5,1,2,2
14225,-1,3,16,0,1,2,2
14226,-1,3,16,0,1,2,2
14227,-1,3,16,5,1,2,2
14228,-1,3,16,0,1,2,2
14229,-1,3,16,0,1,2,2
14230,1,3,16,5,1,4,2
14231,1,3,16,0,1,4,2
14232,1,3,16,0,1,4,2
14233,1,3,16,5,1,4,2
14234,1,3,16,0,1,4,2
14235,1,3,16,0,1,4,2
14236,1,3,16,5,1,4,2
14237,1,3,16,0,1,4,2
14238,1,3,16,0,1,4,2
14239,10,3,16,5,0,2,2
14240,10,3,16,0,0,2,2
14241,10,3,16,0,0,2,2
14242,10,3,16,5,0,2,2
14243,10,3,16,0,0,2,2
14244,10,3,16,0,0,2,2
14245,10,3,16,5,0,2,2
14246,10,3,16,0,0,2,2
14247,10,3,16,0,0,2,2
14248,0,3,16,5,1,0,2
14249,0,3,16,0,1,0,2
14250,0,3,16,0,1,0,2
14251,0,3,16,5,1,0,2
14252,0,3,16,0,1,0,2
14253,0,3,16,0,1,0,2
14254,0,3,16,5,1,0,2
14255,0,3,16,0,1,0,2
14256,0,3,16,0,1,0,2
14257,0,3,16,5,1,4,1
14258,0,3,16,0,1,4,1
14259,0,3,16,0,1,4,1
14260,0,3,16,5,1,4,1
14261,0,3,16,0,1,4,1
14262,0,3,16,0,1,4,1
14263,0,3,16,5,1,4,1
14264,0,3,16,0,1,4,1
14265,0,3,16,0,1,4,1
14266,0,3,16,5,1,4,2
14267,0,3,16,0,1,4,2
14268,0,3,16,0,1,4,2
14269,0,3,16,5,1,4,2
14270,0,3,16,0,1,4,2
14271,0,3,16,0,1,4,2
14272,0,3,16,5,1,4,2
14273,0,3,16,0,1,4,2
14274,0,3,16,0,1,4,2
14275,0,3,16,5,1,4,1
14276,0,3,16,0,1,4,1
14277,0,3,16,0,1,4,1
14278,0,3,16,5,1,4,1
14279,0,3,16,0,1,4,1
14280,0,3,16,0,1,4,1
14281,0,3,16,5,1,4,1
14282,0,3,16,0,1,4,1
14283,0,3,16,0,1,4,1
14284,0,3,16,5,0,4,0
14285,0,3,16,0,0,4,0
14286,0,3,16,0,0,4,0
14287,0,3,16,5,0,4,0
14288,0,3,16,0,0,4,0
14289,0,3,16,0,0,4,0
14290,0,3,16,5,0,4,0
14291,0,3,16,0,0,4,0
14292,0,3,16,0,0,4,0
14293,1,3,16,5,0,3,1
14294,1,3,16,0,0,3,1
14295,1,3,16,0,0,3,1
14296,1,3,16,5,0,3,1
14297,1,3,16,0,0,3,1
14298,1,3,16,0,0,3,1
14299,1,3,16,5,0,3,1
14300,1,3,16,0,0,3,1
14301,1,3,16,0,0,3,1
14302,-1,3,16,5,1,4,2
14303,-1,3,16,0,1,4,2
14304,-1,3,16,0,1,4,2
14305,-1,3,16,5,1,4,2
14306,-1,3,16,0,1,4,2
14307,-1,3,16,0,1,4,2
14308,-1,3,16,5,1,4,2
14309,-1,3,16,0,1,4,2
14310,-1,3,16,0,1,4,2
14311,1,3,16,5,1,0,2
14312,1,3,16,0,1,0,2
14313,1,3,16,0,1,0,2
14314,1,3,16,5,1,0,2
14315,1,3,16,0,1,0,2
14316,1,3,16,0,1,0,2
14317,1,3,16,5,1,0,2
14318,1,3,16,0,1,0,2
14319,1,3,16,0,1,0,2
14320,1,3,16,5,0,4,2
14321,1,3,16,0,0,4,2
14322,1,3,16,0,0,4,2
14323,1,3,16,5,0,4,2
14324,1,3,16,0,0,4,2
14325,1,3,16,0,0,4,2
14326,1,3,16,5,0,4,2
14327,1,3,16,0,0,4,2
14328,1,3,16,0,0,4,2
14329,-1,3,16,5,2,1,1
14330,-1,3,16,0,2,1,1
14331,-1,3,16,0,2,1,1
14332,-1,3,16,5,2,1,1
14333,-1,3,16,0,2,1,1
14334,-1,3,16,0,2,1,1
14335,-1,3,16,5,2,1,1
14336,-1,3,16,0,2,1,1
14337,-1,3,16,0,2,1,1
14338,0,3,16,5,1,0,0
14339,0,3,16,0,1,0,0
14340,0,3,16,0,1,0,0
14341,0,3,16,5,1,0,0
14342,0,3,16,0,1,0,0
14343,0,3,16,0,1,0,0
14344,0,3,16,5,1,0,0
14345,0,3,16,0,1,0,0
14346,0,3,16,0,1,0,0
14347,1,3,16,5,1,0,2
14348,1,3,16,0,1,0,2
14349,1,3,16,0,1,0,2
14350,1,3,16,5,1,0,2
14351,1,3,16,0,1,0,2
14352,1,3,16,0,1,0,2
14353,1,3,16,5,1,0,2
14354,1,3,16,0,1,0,2
14355,1,3,16,0,1,0,2
14356,-1,3,16,5,1,4,2
14357,-1,3,16,0,1,4,2
14358,-1,3,16,0,1,4,2
14359,-1,3,16,5,1,4,2
14360,-1,3,16,0,1,4,2
14361,-1,3,16,0,1,4,2
14362,-1,3,16,5,1,4,2
14363,-1,3,16,0,1,4,2
14364,-1,3,16,0,1,4,2
14365,1,3,16,5,0,0,1
14366,1,3,16,0,0,0,1
14367,1,3,16,0,0,0,1
14368,1,3,16,5,0,0,1
14369,1,3,16,0,0,0,1
14370,1,3,16,0,0,0,1
14371,1,3,16,5,0,0,1
14372,1,3,16,0,0,0,1
14373,1,3,16,0,0,0,1
14374,1,3,16,5,1,0,0
14375,1,3,16,0,1,0,0
14376,1,3,16,0,1,0,0
14377,1,3,16,5,1,0,0
14378,1,3,16,0,1,0,0
14379,1,3,16,0,1,0,0
14380,1,3,16,5,1,0,0
14381,1,3,16,0,1,0,0
14382,1,3,16,0,1,0,0
14383,1,6,13,2,0,4,2
14384,0,6,13,2,2,1,1
14385,0,6,13,2,2,1,2
14386,0,6,13,2,0,3,1
14387,0,6,13,2,1,4,2
14388,0,6,13,2,1,4,2
14389,0,6,13,2,2,1,2
14390,0,6,13,2,0,2,2
14391,0,6,13,2,0,4,1
14392,0,6,13,2,1,2,2
14393,0,6,13,2,2,1,1
14394,-1,6,13,2,0,4,1
14395,1,6,13,2,0,3,1
14396,0,6,13,2,0,4,2
14397,0,6,13,2,2,1,2
14398,0,6,13,2,0,0,2
14399,-1,6,13,2,1,4,2
14400,0,6,13,2,2,1,2
14401,0,6,13,2,0,3,0
14402,0,6,13,2,1,2,1
14403,-1,6,13,2,1,2,2
14404,-1,6,13,2,1,4,2
14405,1,6,13,2,2,1,2
14406,-1,6,13,2,0,4,1
14407,0,6,13,2,2,1,2
14408,0,6,13,2,0,4,2
14409,0,6,13,2,1,4,1
14410,1,6,13,2,0,4,0
14411,-1,6,13,2,1,2,2
14412,-1,6,13,2,1,4,2
14413,0,6,13,2,0,2,2
14414,-1,6,13,2,1,0,1
14415,0,6,13,2,1,4,1
14416,0,6,13,2,1,4,1
14417,0,6,13,2,1,4,2
14418,0,6,13,2,0,4,1
14419,1,6,13,2,0,3,0
14420,0,6,13,2,1,4,0
14421,-1,6,13,2,1,0,0
14422,-1,6,13,2,0,4,0
14423,-1,6,13,2,2,1,0
14424,10,6,13,2,1,0,1
14425,-1,6,13,2,1,0,2
14426,-1,6,13,2,1,4,1
14427,0,6,13,2,0,0,0
14428,-1,6,13,2,1,0,2
14429,0,1,6,3,0,4,2
14430,0,1,6,3,2,1,2
14431,-1,1,6,3,2,1,2
14432,-1,1,6,3,0,3,2
14433,0,1,6,3,1,4,2
14434,0,1,6,3,1,4,2
14435,0,1,6,3,2,1,2
14436,-1,1,6,3,0,2,2
14437,1,1,6,3,0,4,2
14438,1,1,6,3,1,2,2
14439,0,1,6,3,2,1,1
14440,-1,1,6,3,0,4,1
14441,-1,1,6,3,0,3,2
14442,-1,1,6,3,0,4,2
14443,0,1,6,3,2,1,2
14444,1,1,6,3,0,0,2
14445,0,1,6,3,1,4,1
14446,1,1,6,3,2,1,2
14447,0,1,6,3,0,3,0
14448,-1,1,6,3,1,2,1
14449,-1,1,6,3,1,2,2
14450,-1,1,6,3,1,4,1
14451,0,1,6,3,2,1,2
14452,0,1,6,3,0,4,1
14453,0,1,6,3,2,1,1
14454,0,1,6,3,0,4,1
14455,1,1,6,3,1,4,0
14456,0,1,6,3,0,4,2
14457,1,1,6,3,1,2,1
14458,0,1,6,3,1,4,2
14459,0,1,6,3,0,2,1
14460,0,1,6,3,1,0,0
14461,-1,1,6,3,1,4,0
14462,-1,1,6,3,1,4,2
14463,1,1,6,3,1,4,2
14464,10,1,6,3,0,4,2
14465,1,1,6,3,0,3,1
14466,0,1,6,3,1,4,1
14467,-1,1,6,3,1,0,1
14468,0,1,6,3,0,4,1
14469,10,1,6,3,2,1,0
14470,1,1,6,3,1,0,0
14471,-1,1,6,3,1,0,1
14472,1,1,6,3,1,4,0
14473,0,1,6,3,0,0,0
14474,0,1,6,3,1,0,2
14475,0,7,16,5,0,4,2
14476,-1,7,16,5,2,1,2
14477,1,7,16,5,2,1,2
14478,1,7,16,5,0,3,1
14479,1,7,16,5,1,4,1
14480,0,7,16,5,1,4,1
14481,0,7,16,5,2,1,1
14482,1,7,16,5,0,2,2
14483,0,7,16,5,0,4,2
14484,0,7,16,5,1,2,1
14485,0,7,16,5,2,1,2
14486,0,7,16,5,0,4,2
14487,1,7,16,5,0,3,1
14488,0,7,16,5,0,4,2
14489,0,7,16,5,2,1,2
14490,0,7,16,5,0,0,2
14491,0,7,16,5,1,4,2
14492,1,7,16,5,2,1,2
14493,0,7,16,5,0,3,2
14494,0,7,16,5,1,2,2
14495,0,7,16,5,1,2,2
14496,0,7,16,5,1,4,2
14497,-1,7,16,5,2,1,1
14498,0,7,16,5,0,4,0
14499,0,7,16,5,2,1,2
14500,1,7,16,5,0,4,2
14501,-1,7,16,5,1,4,2
14502,0,7,16,5,0,4,1
14503,0,7,16,5,1,2,2
14504,0,7,16,5,1,4,2
14505,0,7,16,5,0,2,2
14506,-1,7,16,5,1,0,2
14507,0,7,16,5,1,4,0
14508,0,7,16,5,1,4,2
14509,0,7,16,5,1,4,1
14510,1,7,16,5,0,4,1
14511,0,7,16,5,0,3,1
14512,1,7,16,5,1,4,0
14513,0,7,16,5,1,0,0
14514,0,7,16,5,0,4,2
14515,-1,7,16,5,2,1,0
14516,1,7,16,5,1,0,0
14517,-1,7,16,5,1,0,2
14518,1,7,16,5,1,4,2
14519,0,7,16,5,0,0,0
14520,-1,7,16,5,1,0,0
14521,0,1,1,6,1,4,2
14522,0,1,1,6,0,4,2
14523,1,1,1,6,0,3,1
14524,-1,1,1,6,1,4,1
14525,0,1,1,6,1,0,1
14526,0,1,1,6,0,4,1
14527,-1,1,1,6,2,1,0
14528,1,1,1,6,1,0,0
14529,1,1,1,6,1,0,1
14530,0,1,1,6,1,4,0
14531,0,1,1,6,0,0,0
14532,1,1,1,6,1,0,2
14533,0,8,26,5,0,4,2
14534,0,8,26,5,0,4,2
14535,0,8,26,5,2,1,2
14536,0,8,26,5,2,1,2
14537,1,8,26,5,2,1,2
14538,1,8,26,5,2,1,2
14539,0,8,26,5,0,3,2
14540,0,8,26,5,0,3,2
14541,0,8,26,5,1,4,2
14542,0,8,26,5,1,4,2
14543,0,8,26,5,1,4,2
14544,0,8,26,5,1,4,2
14545,0,8,26,5,2,1,2
14546,0,8,26,5,2,1,2
14547,1,8,26,5,0,2,0
14548,1,8,26,5,0,2,0
14549,-1,8,26,5,0,4,2
14550,-1,8,26,5,0,4,2
14551,0,8,26,5,1,2,1
14552,0,8,26,5,1,2,1
14553,-1,8,26,5,2,1,2
14554,-1,8,26,5,2,1,2
14555,0,8,26,5,0,4,2
14556,0,8,26,5,0,4,2
14557,0,8,26,5,0,3,2
14558,0,8,26,5,0,3,2
14559,-1,8,26,5,0,4,1
14560,-1,8,26,5,0,4,1
14561,1,8,26,5,2,1,2
14562,1,8,26,5,2,1,2
14563,0,8,26,5,0,0,2
14564,0,8,26,5,0,0,2
14565,0,8,26,5,1,4,1
14566,0,8,26,5,1,4,1
14567,0,8,26,5,2,1,2
14568,0,8,26,5,2,1,2
14569,0,8,26,5,0,3,0
14570,0,8,26,5,0,3,0
14571,-1,8,26,5,1,2,1
14572,-1,8,26,5,1,2,1
14573,1,8,26,5,1,2,2
14574,1,8,26,5,1,2,2
14575,-1,8,26,5,1,4,2
14576,-1,8,26,5,1,4,2
14577,0,8,26,5,2,1,2
14578,0,8,26,5,2,1,2
14579,0,8,26,5,0,4,2
14580,0,8,26,5,0,4,2
14581,1,8,26,5,2,1,2
14582,1,8,26,5,2,1,2
14583,1,8,26,5,0,4,2
14584,1,8,26,5,0,4,2
14585,0,8,26,5,1,4,0
14586,0,8,26,5,1,4,0
14587,0,8,26,5,0,4,2
14588,0,8,26,5,0,4,2
14589,0,8,26,5,1,2,1
14590,0,8,26,5,1,2,1
14591,0,8,26,5,1,4,2
14592,0,8,26,5,1,4,2
14593,-1,8,26,5,0,2,0
14594,-1,8,26,5,0,2,0
14595,1,8,26,5,1,0,2
14596,1,8,26,5,1,0,2
14597,-1,8,26,5,1,4,0
14598,-1,8,26,5,1,4,0
14599,1,8,26,5,1,4,2
14600,1,8,26,5,1,4,2
14601,1,8,26,5,1,4,0
14602,1,8,26,5,1,4,0
14603,0,8,26,5,0,4,1
14604,0,8,26,5,0,4,1
14605,1,8,26,5,0,3,0
14606,1,8,26,5,0,3,0
14607,0,8,26,5,1,4,1
14608,0,8,26,5,1,4,1
14609,0,8,26,5,1,0,1
14610,0,8,26,5,1,0,1
14611,-1,8,26,5,0,4,1
14612,-1,8,26,5,0,4,1
14613,1,8,26,5,2,1,1
14614,1,8,26,5,2,1,1
14615,0,8,26,5,1,0,0
14616,0,8,26,5,1,0,0
14617,1,8,26,5,1,0,2
14618,1,8,26,5,1,0,2
14619,0,8,26,5,1,4,1
14620,0,8,26,5,1,4,1
14621,1,8,26,5,0,0,0
14622,1,8,26,5,0,0,0
14623,0,8,26,5,1,0,2
14624,0,8,26,5,1,0,2
14625,-1,1,6,6,0,3,2
14626,-1,1,6,6,0,4,2
14627,1,1,6,6,2,1,2
14628,1,1,6,6,0,0,2
14629,0,1,6,6,1,4,1
14630,1,1,6,6,2,1,2
14631,1,1,6,6,0,3,0
14632,0,1,6,6,1,2,1
14633,1,1,6,6,1,2,2
14634,1,1,6,6,1,4,1
14635,1,1,6,6,2,1,2
14636,-1,1,6,6,0,4,1
14637,1,1,6,6,2,1,1
14638,0,1,6,6,0,4,1
14639,0,1,6,6,1,4,0
14640,0,1,6,6,0,4,2
14641,0,1,6,6,1,2,1
14642,0,1,6,6,1,4,2
14643,1,1,6,6,0,2,1
14644,0,1,6,6,1,0,0
14645,0,1,6,6,1,4,0
14646,-1,1,6,6,1,4,2
14647,1,1,6,6,1,4,2
14648,0,1,6,6,0,4,2
14649,1,1,6,6,0,3,1
14650,0,1,6,6,1,4,1
14651,0,1,6,6,1,0,1
14652,-1,1,6,6,0,4,1
14653,-1,1,6,6,2,1,0
14654,-1,1,6,6,1,0,0
14655,1,1,6,6,1,0,1
14656,1,1,6,6,1,4,0
14657,0,1,6,6,0,0,0
14658,-1,1,6,6,1,0,2
14659,1,1,8,2,0,4,2
14660,0,1,8,2,2,1,2
14661,0,1,8,2,2,1,2
14662,0,1,8,2,0,3,2
14663,-1,1,8,2,1,4,2
14664,1,1,8,2,1,4,2
14665,1,1,8,2,2,1,2
14666,0,1,8,2,0,2,2
14667,0,1,8,2,0,4,2
14668,1,1,8,2,1,2,2
14669,-1,1,8,2,2,1,1
14670,1,1,8,2,0,4,1
14671,-1,1,8,2,0,3,2
14672,0,1,8,2,0,4,2
14673,0,1,8,2,2,1,2
14674,0,1,8,2,0,0,2
14675,0,1,8,2,1,4,1
14676,0,1,8,2,2,1,2
14677,0,1,8,2,0,3,0
14678,-1,1,8,2,1,2,1
14679,1,1,8,2,1,2,2
14680,0,1,8,2,1,4,1
14681,0,1,8,2,2,1,2
14682,0,1,8,2,0,4,1
14683,0,1,8,2,2,1,1
14684,-1,1,8,2,0,4,1
14685,0,1,8,2,1,4,0
14686,1,1,8,2,0,4,2
14687,0,1,8,2,1,2,1
14688,1,1,8,2,1,4,2
14689,-1,1,8,2,0,2,1
14690,0,1,8,2,1,0,0
14691,0,1,8,2,1,4,0
14692,1,1,8,2,1,4,2
14693,0,1,8,2,1,4,2
14694,0,1,8,2,0,4,2
14695,0,1,8,2,0,3,1
14696,-1,1,8,2,1,4,1
14697,0,1,8,2,1,0,1
14698,0,1,8,2,0,4,1
14699,-1,1,8,2,2,1,0
14700,1,1,8,2,1,0,0
14701,0,1,8,2,1,0,1
14702,1,1,8,2,1,4,0
14703,-1,1,8,2,0,0,0
14704,0,1,8,2,1,0,2
14705,-1,1,8,6,0,4,2
14706,1,1,8,6,2,1,2
14707,0,1,8,6,2,1,2
14708,1,1,8,6,0,3,2
14709,1,1,8,6,1,4,2
14710,-1,1,8,6,1,4,2
14711,0,1,8,6,2,1,2
14712,1,1,8,6,0,2,2
14713,-1,1,8,6,0,4,2
14714,0,1,8,6,1,2,2
14715,-1,1,8,6,2,1,1
14716,1,1,8,6,0,4,1
14717,1,1,8,6,0,3,2
14718,-1,1,8,6,0,4,2
14719,1,1,8,6,2,1,2
14720,1,1,8,6,0,0,2
14721,-1,1,8,6,1,4,1
14722,1,1,8,6,2,1,2
14723,1,1,8,6,0,3,0
14724,0,1,8,6,1,2,1
14725,0,1,8,6,1,2,2
14726,0,1,8,6,1,4,1
14727,0,1,8,6,2,1,2
14728,-1,1,8,6,0,4,1
14729,1,1,8,6,2,1,1
14730,-1,1,8,6,0,4,1
14731,1,1,8,6,1,4,0
14732,1,1,8,6,0,4,2
14733,0,1,8,6,1,2,1
14734,-1,1,8,6,1,4,2
14735,1,1,8,6,0,2,1
14736,0,1,8,6,1,0,0
14737,0,1,8,6,1,4,0
14738,-1,1,8,6,1,4,2
14739,0,1,8,6,1,4,2
14740,-1,1,8,6,0,4,2
14741,1,1,8,6,0,3,1
14742,0,1,8,6,1,4,1
14743,-1,1,8,6,1,0,1
14744,1,1,8,6,0,4,1
14745,-1,1,8,6,2,1,0
14746,1,1,8,6,1,0,0
14747,10,1,8,6,1,0,1
14748,1,1,8,6,1,4,0
14749,-1,1,8,6,0,0,0
14750,1,1,8,6,1,0,2
14751,-1,7,13,1,0,4,2
14752,0,7,13,1,2,1,2
14753,1,7,13,1,2,1,2
14754,1,7,13,1,0,3,1
14755,-1,7,13,1,1,4,1
14756,0,7,13,1,1,4,1
14757,0,7,13,1,2,1,1
14758,1,7,13,1,0,2,2
14759,0,7,13,1,0,4,2
14760,1,7,13,1,1,2,1
14761,0,7,13,1,2,1,2
14762,1,7,13,1,0,4,2
14763,1,7,13,1,0,3,1
14764,0,7,13,1,0,4,2
14765,0,7,13,1,2,1,2
14766,0,7,13,1,0,0,2
14767,-1,7,13,1,1,4,2
14768,0,7,13,1,2,1,2
14769,0,7,13,1,0,3,2
14770,0,7,13,1,1,2,2
14771,-1,7,13,1,1,2,2
14772,0,7,13,1,1,4,2
14773,0,7,13,1,2,1,1
14774,0,7,13,1,0,4,0
14775,0,7,13,1,2,1,2
14776,0,7,13,1,0,4,2
14777,0,7,13,1,1,4,2
14778,0,7,13,1,0,4,1
14779,0,7,13,1,1,2,2
14780,1,7,13,1,1,4,2
14781,-1,7,13,1,0,2,2
14782,0,7,13,1,1,0,2
14783,0,7,13,1,1,4,0
14784,-1,7,13,1,1,4,2
14785,1,7,13,1,1,4,1
14786,0,7,13,1,0,4,1
14787,0,7,13,1,0,3,1
14788,0,7,13,1,1,4,0
14789,0,7,13,1,1,0,0
14790,0,7,13,1,0,4,2
14791,-1,7,13,1,2,1,0
14792,1,7,13,1,1,0,0
14793,0,7,13,1,1,0,2
14794,0,7,13,1,1,4,2
14795,0,7,13,1,0,0,0
14796,-1,7,13,1,1,0,0
14816,1,5,8,2,1,4,2
14817,0,5,8,2,1,4,2
14818,1,5,8,2,2,1,2
14819,0,5,8,2,0,2,2
14820,0,5,8,2,0,4,2
14821,0,5,8,2,1,2,1
14822,1,5,8,2,2,1,2
14823,0,5,8,2,0,4,1
14824,10,5,8,2,0,3,1
14825,1,5,8,2,0,4,1
14826,1,5,8,2,2,1,2
14827,-1,5,8,2,0,0,2
14828,1,5,8,2,1,4,2
14829,0,5,8,2,2,1,2
14830,-1,5,8,2,0,3,1
14831,0,5,8,2,1,2,1
14832,1,5,8,2,1,2,2
14833,0,5,8,2,1,4,2
14834,0,5,8,2,2,1,2
14835,-1,5,8,2,0,4,2
14836,-1,5,8,2,2,1,2
14837,0,5,8,2,0,4,2
14838,0,5,8,2,1,4,1
14839,0,5,8,2,0,4,1
14840,0,5,8,2,1,2,2
14841,1,5,8,2,1,4,2
14842,-1,5,8,2,0,2,2
14843,-1,5,8,2,1,0,1
14844,0,5,8,2,1,4,0
14845,-1,5,8,2,1,4,2
14846,10,5,8,2,1,4,2
14847,0,5,8,2,0,4,1
14848,0,5,8,2,0,3,0
14849,0,5,8,2,1,4,1
14850,-1,5,8,2,1,0,2
14851,0,5,8,2,0,4,1
14852,-1,5,8,2,2,1,1
14853,1,5,8,2,1,0,2
14854,0,5,8,2,1,0,1
14855,0,5,8,2,1,4,0
14856,0,5,8,2,0,0,0
14857,1,5,8,2,1,0,1
14858,-1,9,8,3,2,1,2
14859,1,9,8,3,0,4,2
14860,-1,9,8,3,0,3,2
14861,0,9,8,3,0,4,2
14862,0,9,8,3,2,1,2
14863,0,9,8,3,0,0,1
14864,0,9,8,3,1,4,0
14865,0,9,8,3,2,1,1
14866,0,9,8,3,0,3,0
14867,0,9,8,3,1,2,2
14868,0,9,8,3,1,2,2
14869,0,9,8,3,1,4,2
14870,0,9,8,3,2,1,2
14871,1,9,8,3,0,4,1
14872,0,9,8,3,2,1,2
14873,0,9,8,3,0,4,1
14874,0,9,8,3,1,4,2
14875,0,9,8,3,0,4,1
14876,0,9,8,3,1,2,2
14877,0,9,8,3,1,4,2
14878,0,9,8,3,0,2,2
14879,0,9,8,3,1,0,2
14880,0,9,8,3,1,4,1
14881,0,9,8,3,1,4,1
14882,0,9,8,3,1,4,0
14883,0,9,8,3,0,4,0
14884,0,9,8,3,0,3,1
14885,0,9,8,3,1,4,0
14886,0,9,8,3,1,0,1
14887,0,9,8,3,0,4,2
14888,-1,9,8,3,2,1,0
14889,1,9,8,3,1,0,0
14890,0,9,8,3,1,0,0
14891,-1,9,8,3,1,4,2
14892,1,9,8,3,0,0,1
14893,1,9,8,3,1,0,0
14894,1,3,8,1,0,4,2
14895,0,3,8,1,2,1,1
14896,1,3,8,1,2,1,1
14897,0,3,8,1,0,3,1
14898,-1,3,8,1,1,4,0
14899,0,3,8,1,1,4,1
14900,1,3,8,1,2,1,2
14901,1,3,8,1,0,2,1
14902,1,3,8,1,0,4,2
14903,0,3,8,1,1,2,2
14904,0,3,8,1,2,1,2
14905,1,3,8,1,0,4,2
14906,-1,3,8,1,0,3,1
14907,0,3,8,1,0,4,2
14908,-1,3,8,1,2,1,2
14909,0,3,8,1,0,0,1
14910,1,3,8,1,1,4,0
14911,0,3,8,1,2,1,1
14912,1,3,8,1,0,3,0
14913,0,3,8,1,1,2,2
14914,0,3,8,1,1,2,2
14915,1,3,8,1,1,4,2
14916,-1,3,8,1,2,1,2
14917,0,3,8,1,0,4,1
14918,1,3,8,1,2,1,2
14919,0,3,8,1,0,4,2
14920,0,3,8,1,1,4,1
14921,0,3,8,1,0,4,2
14922,0,3,8,1,1,2,2
14923,0,3,8,1,1,4,2
14924,0,3,8,1,0,2,2
14925,0,3,8,1,1,0,2
14926,0,3,8,1,1,4,1
14927,-1,3,8,1,1,4,2
14928,1,3,8,1,1,4,1
14929,0,3,8,1,0,4,0
14930,1,3,8,1,0,3,1
14931,-1,3,8,1,1,4,2
14932,0,3,8,1,1,0,2
14933,1,3,8,1,0,4,2
14934,1,3,8,1,2,1,1
14935,1,3,8,1,1,0,0
14936,0,3,8,1,1,0,2
14937,-1,3,8,1,1,4,2
14938,-1,3,8,1,0,0,1
14939,0,3,8,1,1,0,0
14986,0,7,6,5,1,0,2
14987,1,7,6,5,1,4,0
14988,0,7,6,5,1,4,2
14989,1,7,6,5,1,4,1
14990,-1,7,6,5,0,4,1
14991,1,7,6,5,0,3,1
14992,0,7,6,5,1,4,0
14993,0,7,6,5,1,0,0
14994,0,7,6,5,0,4,2
14995,-1,7,6,5,2,1,0
14996,1,7,6,5,1,0,0
14997,-1,7,6,5,1,0,2
14998,1,7,6,5,1,4,2
14999,0,7,6,5,0,0,0
15000,-1,7,6,5,1,0,0
15001,-1,9,20,0,0,3,0
15002,1,9,20,0,1,4,2
15003,1,9,20,0,1,4,2
15004,0,9,20,0,2,1,2
15005,0,9,20,0,0,2,2
15006,0,9,20,0,0,4,2
15007,-1,9,20,0,1,2,2
15008,1,9,20,0,2,1,2
15009,0,9,20,0,0,4,2
15010,0,9,20,0,0,3,2
15011,1,9,20,0,0,4,2
15012,0,9,20,0,2,1,2
15013,0,9,20,0,0,0,1
15014,1,9,20,0,1,4,0
15015,1,9,20,0,2,1,1
15016,0,9,20,0,0,3,0
15017,0,9,20,0,1,2,2
15018,-1,9,20,0,1,2,2
15019,1,9,20,0,1,4,2
15020,-1,9,20,0,2,1,2
15021,0,9,20,0,0,4,1
15022,1,9,20,0,2,1,2
15023,-1,9,20,0,0,4,1
15024,1,9,20,0,1,4,2
15025,0,9,20,0,0,4,1
15026,-1,9,20,0,1,2,2
15027,1,9,20,0,1,4,2
15028,1,9,20,0,0,2,2
15029,0,9,20,0,1,0,2
15030,0,9,20,0,1,4,1
15031,0,9,20,0,1,4,1
15032,0,9,20,0,1,4,0
15033,1,9,20,0,0,4,0
15034,1,9,20,0,0,3,1
15035,0,9,20,0,1,4,0
15036,0,9,20,0,1,0,1
15037,-1,9,20,0,0,4,2
15038,0,9,20,0,2,1,0
15039,1,9,20,0,1,0,0
15040,0,9,20,0,1,0,0
15041,0,9,20,0,1,4,2
15042,-1,9,20,0,0,0,1
15043,1,9,20,0,1,0,0
15044,0,1,8,1,0,4,2
15045,1,1,8,1,2,1,2
15046,1,1,8,1,2,1,2
15047,0,1,8,1,0,3,2
15048,0,1,8,1,1,4,2
15049,0,1,8,1,1,4,2
15050,1,1,8,1,2,1,2
15051,-1,1,8,1,0,2,2
15052,0,1,8,1,0,4,2
15053,1,1,8,1,1,2,2
15054,0,1,8,1,2,1,1
15055,0,1,8,1,0,4,1
15056,0,1,8,1,0,3,2
15057,1,1,8,1,0,4,2
15058,1,1,8,1,2,1,2
15059,-1,1,8,1,0,0,2
15060,-1,1,8,1,1,4,1
15061,0,1,8,1,2,1,2
15062,1,1,8,1,0,3,0
15063,0,1,8,1,1,2,1
15064,0,1,8,1,1,2,2
15065,0,1,8,1,1,4,1
15066,0,1,8,1,2,1,2
15067,-1,1,8,1,0,4,1
15068,0,1,8,1,2,1,1
15069,-1,1,8,1,0,4,1
15070,0,1,8,1,1,4,0
15071,0,1,8,1,0,4,2
15072,-1,1,8,1,1,2,1
15073,0,1,8,1,1,4,2
15074,-1,1,8,1,0,2,1
15075,0,1,8,1,1,0,0
15076,-1,1,8,1,1,4,0
15077,0,1,8,1,1,4,2
15078,0,1,8,1,1,4,2
15079,1,1,8,1,0,4,2
15080,1,1,8,1,0,3,1
15081,0,1,8,1,1,4,1
15082,1,1,8,1,1,0,1
15083,0,1,8,1,0,4,1
15084,-1,1,8,1,2,1,0
15085,0,1,8,1,1,0,0
15086,0,1,8,1,1,0,1
15087,1,1,8,1,1,4,0
15088,1,1,8,1,0,0,0
15089,0,1,8,1,1,0,2
15090,0,1,6,6,0,4,2
15091,0,1,6,6,2,1,2
15092,0,1,6,6,2,1,2
15093,0,1,6,6,0,3,2
15094,1,1,6,6,1,4,2
15095,0,1,6,6,1,4,2
15096,1,1,6,6,2,1,2
15097,1,1,6,6,0,2,2
15098,0,1,6,6,0,4,2
15099,0,1,6,6,1,2,2
15100,-1,1,6,6,2,1,1
15101,0,1,6,6,0,4,1
15102,0,1,6,6,0,3,2
15103,-1,1,6,6,0,4,2
15104,-1,1,6,6,2,1,2
15105,0,1,6,6,0,0,2
15106,0,1,6,6,1,4,1
15107,-1,1,6,6,2,1,2
15108,1,1,6,6,0,3,0
15109,0,1,6,6,1,2,1
15110,-1,1,6,6,1,2,2
15111,0,1,6,6,1,4,1
15112,0,1,6,6,2,1,2
15113,-1,1,6,6,0,4,1
15114,1,1,6,6,2,1,1
15115,-1,1,6,6,0,4,1
15116,-1,1,6,6,1,4,0
15117,-1,1,6,6,0,4,2
15118,10,1,6,6,1,2,1
15119,-1,1,6,6,1,4,2
15120,0,1,6,6,0,2,1
15121,0,1,6,6,1,0,0
15122,0,1,6,6,1,4,0
15123,-1,1,6,6,1,4,2
15124,1,1,6,6,1,4,2
15125,-1,1,6,6,0,4,2
15126,1,1,6,6,0,3,1
15127,0,1,6,6,1,4,1
15128,-1,1,6,6,1,0,1
15129,-1,1,6,6,0,4,1
15130,10,1,6,6,2,1,0
15131,1,1,6,6,1,0,0
15132,1,1,6,6,1,0,1
15133,1,1,6,6,1,4,0
15134,1,1,6,6,0,0,0
15135,0,1,6,6,1,0,2
15136,-1,2,13,1,0,4,2
15137,1,2,13,1,2,1,1
15138,1,2,13,1,2,1,1
15139,-1,2,13,1,0,3,2
15140,0,2,13,1,1,4,2
15141,0,2,13,1,1,4,2
15142,0,2,13,1,2,1,2
15143,0,2,13,1,0,2,1
15144,0,2,13,1,0,4,1
15145,1,2,13,1,1,2,2
15146,0,2,13,1,2,1,2
15147,0,2,13,1,0,4,2
15148,-1,2,13,1,0,3,2
15149,0,2,13,1,0,4,1
15150,0,2,13,1,2,1,2
15151,-1,2,13,1,0,0,2
15152,0,2,13,1,1,4,1
15153,0,2,13,1,2,1,2
15154,0,2,13,1,0,3,1
15155,0,2,13,1,1,2,1
15156,-1,2,13,1,1,2,2
15157,0,2,13,1,1,4,1
15158,0,2,13,1,2,1,2
15159,0,2,13,1,0,4,2
15160,0,2,13,1,2,1,2
15161,0,2,13,1,0,4,2
15162,0,2,13,1,1,4,1
15163,1,2,13,1,0,4,1
15164,0,2,13,1,1,2,2
15165,0,2,13,1,1,4,2
15166,1,2,13,1,0,2,1
15167,0,2,13,1,1,0,2
15168,0,2,13,1,1,4,0
15169,-1,2,13,1,1,4,2
15170,1,2,13,1,1,4,2
15171,1,2,13,1,0,4,0
15172,0,2,13,1,0,3,0
15173,1,2,13,1,1,4,2
15174,0,2,13,1,1,0,2
15175,1,2,13,1,0,4,0
15176,0,2,13,1,2,1,2
15177,0,2,13,1,1,0,1
15178,0,2,13,1,1,0,2
15179,0,2,13,1,1,4,1
15180,0,2,13,1,0,0,0
15181,0,2,13,1,1,0,1
15182,0,9,18,0,0,4,2
15183,0,9,18,0,0,4,2
15184,0,9,18,0,0,4,2
15185,0,9,18,0,0,4,2
15186,1,9,18,0,2,1,2
15187,1,9,18,0,2,1,2
15188,1,9,18,0,2,1,2
15189,1,9,18,0,2,1,2
15190,0,9,18,0,2,1,0
15191,0,9,18,0,2,1,0
15192,0,9,18,0,2,1,0
15193,0,9,18,0,2,1,0
15194,-1,9,18,0,0,3,0
15195,-1,9,18,0,0,3,0
15196,-1,9,18,0,0,3,0
15197,-1,9,18,0,0,3,0
15198,1,9,18,0,1,4,2
15199,1,9,18,0,1,4,2
15200,1,9,18,0,1,4,2
15201,1,9,18,0,1,4,2
15202,0,9,18,0,1,4,2
15203,0,9,18,0,1,4,2
15204,0,9,18,0,1,4,2
15205,0,9,18,0,1,4,2
15206,1,9,18,0,2,1,2
15207,1,9,18,0,2,1,2
15208,1,9,18,0,2,1,2
15209,1,9,18,0,2,1,2
15210,0,9,18,0,0,2,2
15211,0,9,18,0,0,2,2
15212,0,9,18,0,0,2,2
15213,0,9,18,0,0,2,2
15214,0,9,18,0,0,4,2
15215,0,9,18,0,0,4,2
15216,0,9,18,0,0,4,2
15217,0,9,18,0,0,4,2
15218,0,9,18,0,1,2,2
15219,0,9,18,0,1,2,2
15220,0,9,18,0,1,2,2
15221,0,9,18,0,1,2,2
15222,0,9,18,0,2,1,2
15223,0,9,18,0,2,1,2
15224,0,9,18,0,2,1,2
15225,0,9,18,0,2,1,2
15226,0,9,18,0,0,4,2
15227,0,9,18,0,0,4,2
15228,0,9,18,0,0,4,2
15229,0,9,18,0,0,4,2
15230,-1,9,18,0,0,3,2
15231,-1,9,18,0,0,3,2
15232,-1,9,18,0,0,3,2
15233,-1,9,18,0,0,3,2
15234,1,9,18,0,0,4,2
15235,1,9,18,0,0,4,2
15236,1,9,18,0,0,4,2
15237,1,9,18,0,0,4,2
15238,0,9,18,0,2,1,2
15239,0,9,18,0,2,1,2
15240,0,9,18,0,2,1,2
15241,0,9,18,0,2,1,2
15242,-1,9,18,0,0,0,1
15243,-1,9,18,0,0,0,1
15244,-1,9,18,0,0,0,1
15245,-1,9,18,0,0,0,1
15246,0,9,18,0,1,4,0
15247,0,9,18,0,1,4,0
15248,0,9,18,0,1,4,0
15249,0,9,18,0,1,4,0
15250,1,9,18,0,2,1,1
15251,1,9,18,0,2,1,1
15252,1,9,18,0,2,1,1
15253,1,9,18,0,2,1,1
15254,-1,9,18,0,0,3,0
15255,-1,9,18,0,0,3,0
15256,-1,9,18,0,0,3,0
15257,-1,9,18,0,0,3,0
15258,0,9,18,0,1,2,2
15259,0,9,18,0,1,2,2
15260,0,9,18,0,1,2,2
15261,0,9,18,0,1,2,2
15262,0,9,18,0,1,2,2
15263,0,9,18,0,1,2,2
15264,0,9,18,0,1,2,2
15265,0,9,18,0,1,2,2
15266,0,9,18,0,1,4,2
15267,0,9,18,0,1,4,2
15268,0,9,18,0,1,4,2
15269,0,9,18,0,1,4,2
15270,0,9,18,0,2,1,2
15271,0,9,18,0,2,1,2
15272,0,9,18,0,2,1,2
15273,0,9,18,0,2,1,2
15274,0,9,18,0,0,4,1
15275,0,9,18,0,0,4,1
15276,0,9,18,0,0,4,1
15277,0,9,18,0,0,4,1
15278,0,9,18,0,2,1,2
15279,0,9,18,0,2,1,2
15280,0,9,18,0,2,1,2
15281,0,9,18,0,2,1,2
15282,0,9,18,0,0,4,1
15283,0,9,18,0,0,4,1
15284,0,9,18,0,0,4,1
15285,0,9,18,0,0,4,1
15286,0,9,18,0,1,4,2
15287,0,9,18,0,1,4,2
15288,0,9,18,0,1,4,2
15289,0,9,18,0,1,4,2
15290,0,9,18,0,0,4,1
15291,0,9,18,0,0,4,1
15292,0,9,18,0,0,4,1
15293,0,9,18,0,0,4,1
15294,0,9,18,0,1,2,2
15295,0,9,18,0,1,2,2
15296,0,9,18,0,1,2,2
15297,0,9,18,0,1,2,2
15298,0,9,18,0,1,4,2
15299,0,9,18,0,1,4,2
15300,0,9,18,0,1,4,2
15301,0,9,18,0,1,4,2
15302,0,9,18,0,0,2,2
15303,0,9,18,0,0,2,2
15304,0,9,18,0,0,2,2
15305,0,9,18,0,0,2,2
15306,0,9,18,0,1,0,2
15307,0,9,18,0,1,0,2
15308,0,9,18,0,1,0,2
15309,0,9,18,0,1,0,2
15310,0,9,18,0,1,4,1
15311,0,9,18,0,1,4,1
15312,0,9,18,0,1,4,1
15313,0,9,18,0,1,4,1
15314,-1,9,18,0,1,4,1
15315,-1,9,18,0,1,4,1
15316,-1,9,18,0,1,4,1
15317,-1,9,18,0,1,4,1
15318,1,9,18,0,1,4,0
15319,1,9,18,0,1,4,0
15320,1,9,18,0,1,4,0
15321,1,9,18,0,1,4,0
15322,0,9,18,0,0,4,0
15323,0,9,18,0,0,4,0
15324,0,9,18,0,0,4,0
15325,0,9,18,0,0,4,0
15326,1,9,18,0,0,3,1
15327,1,9,18,0,0,3,1
15328,1,9,18,0,0,3,1
15329,1,9,18,0,0,3,1
15330,0,9,18,0,1,4,0
15331,0,9,18,0,1,4,0
15332,0,9,18,0,1,4,0
15333,0,9,18,0,1,4,0
15334,0,9,18,0,1,0,1
15335,0,9,18,0,1,0,1
15336,0,9,18,0,1,0,1
15337,0,9,18,0,1,0,1
15338,0,9,18,0,0,4,2
15339,0,9,18,0,0,4,2
15340,0,9,18,0,0,4,2
15341,0,9,18,0,0,4,2
15342,-1,9,18,0,2,1,0
15343,-1,9,18,0,2,1,0
15344,-1,9,18,0,2,1,0
15345,-1,9,18,0,2,1,0
15346,1,9,18,0,1,0,0
15347,1,9,18,0,1,0,0
15348,1,9,18,0,1,0,0
15349,1,9,18,0,1,0,0
15350,0,9,18,0,1,0,0
15351,0,9,18,0,1,0,0
15352,0,9,18,0,1,0,0
15353,0,9,18,0,1,0,0
15354,-1,9,18,0,1,4,2
15355,-1,9,18,0,1,4,2
15356,-1,9,18,0,1,4,2
15357,-1,9,18,0,1,4,2
15358,1,9,18,0,0,0,1
15359,1,9,18,0,0,0,1
15360,1,9,18,0,0,0,1
15361,1,9,18,0,0,0,1
15362,0,9,18,0,1,0,0
15363,0,9,18,0,1,0,0
15364,0,9,18,0,1,0,0
15365,0,9,18,0,1,0,0
15366,1,6,16,0,0,4,2
15367,0,6,16,0,2,1,1
15368,0,6,16,0,2,1,2
15369,0,6,16,0,0,3,1
15370,0,6,16,0,1,4,2
15371,0,6,16,0,1,4,2
15372,0,6,16,0,2,1,2
15373,0,6,16,0,0,2,2
15374,0,6,16,0,0,4,1
15375,0,6,16,0,1,2,2
15376,0,6,16,0,2,1,1
15377,0,6,16,0,0,4,1
15378,0,6,16,0,0,3,1
15379,0,6,16,0,0,4,2
15380,0,6,16,0,2,1,2
15381,0,6,16,0,0,0,2
15382,-1,6,16,0,1,4,2
15383,0,6,16,0,2,1,2
15384,0,6,16,0,0,3,0
15385,0,6,16,0,1,2,1
15386,0,6,16,0,1,2,2
15387,0,6,16,0,1,4,2
15388,0,6,16,0,2,1,2
15389,-1,6,16,0,0,4,1
15390,0,6,16,0,2,1,2
15391,-1,6,16,0,0,4,2
15392,0,6,16,0,1,4,1
15393,0,6,16,0,0,4,0
15394,0,6,16,0,1,2,2
15395,0,6,16,0,1,4,2
15396,1,6,16,0,0,2,2
15397,0,6,16,0,1,0,1
15398,0,6,16,0,1,4,1
15399,0,6,16,0,1,4,1
15400,1,6,16,0,1,4,2
15401,0,6,16,0,0,4,1
15402,0,6,16,0,0,3,0
15403,0,6,16,0,1,4,0
15404,-1,6,16,0,1,0,0
15405,1,6,16,0,0,4,0
15406,1,6,16,0,2,1,0
15407,0,6,16,0,1,0,1
15408,0,6,16,0,1,0,2
15409,0,6,16,0,1,4,1
15410,0,6,16,0,0,0,0
15411,0,6,16,0,1,0,2
15412,0,0,12,1,0,4,2
15413,0,0,12,1,2,1,2
15414,-1,0,12,1,2,1,2
15415,0,0,12,1,0,3,2
15416,0,0,12,1,1,4,2
15417,0,0,12,1,1,4,2
15418,1,0,12,1,2,1,2
15419,0,0,12,1,0,2,2
15420,0,0,12,1,0,4,2
15421,0,0,12,1,1,2,2
15422,0,0,12,1,2,1,2
15423,1,0,12,1,0,4,2
15424,0,0,12,1,0,3,2
15425,-1,0,12,1,0,4,2
15426,0,0,12,1,2,1,2
15427,0,0,12,1,0,0,2
15428,0,0,12,1,1,4,2
15429,0,0,12,1,2,1,2
15430,0,0,12,1,0,3,2
15431,0,0,12,1,1,2,2
15432,-1,0,12,1,1,2,2
15433,1,0,12,1,1,4,2
15434,0,0,12,1,2,1,2
15435,0,0,12,1,0,4,2
15436,-1,0,12,1,2,1,2
15437,0,0,12,1,0,4,2
15438,0,0,12,1,1,4,2
15439,0,0,12,1,0,4,2
15440,0,0,12,1,1,2,2
15441,1,0,12,1,1,4,2
15442,-1,0,12,1,0,2,2
15443,1,0,12,1,1,0,2
15444,1,0,12,1,1,4,2
15445,0,0,12,1,1,4,2
15446,-1,0,12,1,1,4,2
15447,-1,0,12,1,0,4,2
15448,1,0,12,1,0,3,2
15449,0,0,12,1,1,4,2
15450,-1,0,12,1,1,0,2
15451,0,0,12,1,0,4,2
15452,0,0,12,1,2,1,2
15453,0,0,12,1,1,0,2
15454,0,0,12,1,1,0,2
15455,0,0,12,1,1,4,2
15456,0,0,12,1,0,0,2
15457,-1,0,12,1,1,0,2
15504,0,8,10,5,0,4,2
15505,1,8,10,5,2,1,2
15506,-1,8,10,5,2,1,2
15507,0,8,10,5,0,3,2
15508,1,8,10,5,1,4,2
15509,0,8,10,5,1,4,2
15510,-1,8,10,5,2,1,2
15511,1,8,10,5,0,2,0
15512,0,8,10,5,0,4,2
15513,0,8,10,5,1,2,1
15514,0,8,10,5,2,1,2
15515,0,8,10,5,0,4,2
15516,0,8,10,5,0,3,2
15517,0,8,10,5,0,4,1
15518,0,8,10,5,2,1,2
15519,0,8,10,5,0,0,2
15520,0,8,10,5,1,4,1
15521,0,8,10,5,2,1,2
15522,1,8,10,5,0,3,0
15523,0,8,10,5,1,2,1
15524,-1,8,10,5,1,2,2
15525,0,8,10,5,1,4,2
15526,0,8,10,5,2,1,2
15527,0,8,10,5,0,4,2
15528,0,8,10,5,2,1,2
15529,0,8,10,5,0,4,2
15530,0,8,10,5,1,4,0
15531,0,8,10,5,0,4,2
15532,-1,8,10,5,1,2,1
15533,1,8,10,5,1,4,2
15534,0,8,10,5,0,2,0
15535,0,8,10,5,1,0,2
15536,1,8,10,5,1,4,0
15537,-1,8,10,5,1,4,2
15538,0,8,10,5,1,4,0
15539,1,8,10,5,0,4,1
15540,0,8,10,5,0,3,0
15541,0,8,10,5,1,4,1
15542,0,8,10,5,1,0,1
15543,0,8,10,5,0,4,1
15544,0,8,10,5,2,1,1
15545,0,8,10,5,1,0,0
15546,-1,8,10,5,1,0,2
15547,0,8,10,5,1,4,1
15548,0,8,10,5,0,0,0
15549,0,8,10,5,1,0,2
15550,1,4,13,6,0,4,2
15551,1,4,13,6,2,1,2
15552,0,4,13,6,2,1,2
15553,-1,4,13,6,0,3,2
15554,1,4,13,6,1,4,2
15555,0,4,13,6,1,4,1
15556,1,4,13,6,2,1,2
15557,-1,4,13,6,0,2,2
15558,-10,4,13,6,0,4,1
15559,10,4,13,6,1,2,1
15560,10,4,13,6,2,1,1
15561,0,4,13,6,0,4,1
15562,0,4,13,6,0,3,2
15563,-1,4,13,6,0,4,1
15564,1,4,13,6,2,1,2
15565,10,4,13,6,0,0,2
15566,-1,4,13,6,1,4,1
15567,-1,4,13,6,2,1,2
15568,0,4,13,6,0,3,0
15569,0,4,13,6,1,2,1
15570,1,4,13,6,1,2,2
15571,1,4,13,6,1,4,2
15572,1,4,13,6,2,1,2
15573,-1,4,13,6,0,4,1
15574,1,4,13,6,2,1,1
15575,-1,4,13,6,0,4,2
15576,1,4,13,6,1,4,2
15577,-1,4,13,6,0,4,1
15578,1,4,13,6,1,2,1
15579,0,4,13,6,1,4,1
15580,0,4,13,6,0,2,2
15581,0,4,13,6,1,0,1
15582,0,4,13,6,1,4,0
15583,0,4,13,6,1,4,2
15584,1,4,13,6,1,4,1
15585,0,4,13,6,0,4,1
15586,0,4,13,6,0,3,1
15587,1,4,13,6,1,4,0
15588,-1,4,13,6,1,0,1
15589,0,4,13,6,0,4,0
15590,-1,4,13,6,2,1,1
15591,10,4,13,6,1,0,1
15592,0,4,13,6,1,0,2
15593,0,4,13,6,1,4,1
15594,0,4,13,6,0,0,0
15595,-1,4,13,6,1,0,2
15596,0,1,13,3,0,4,2
15597,0,1,13,3,2,1,2
15598,0,1,13,3,2,1,2
15599,-1,1,13,3,0,3,2
15600,-1,1,13,3,1,4,2
15601,-1,1,13,3,1,4,2
15602,10,1,13,3,2,1,2
15603,1,1,13,3,0,2,2
15604,0,1,13,3,0,4,2
15605,0,1,13,3,1,2,2
15606,1,1,13,3,2,1,1
15607,1,1,13,3,0,4,1
15608,0,1,13,3,0,3,2
15609,0,1,13,3,0,4,2
15610,0,1,13,3,2,1,2
15611,0,1,13,3,0,0,2
15612,0,1,13,3,1,4,1
15613,0,1,13,3,2,1,2
15614,0,1,13,3,0,3,0
15615,0,1,13,3,1,2,1
15616,0,1,13,3,1,2,2
15617,-1,1,13,3,1,4,1
15618,-1,1,13,3,2,1,2
15619,0,1,13,3,0,4,1
15620,1,1,13,3,2,1,1
15621,1,1,13,3,0,4,1
15622,-1,1,13,3,1,4,0
15623,0,1,13,3,0,4,2
15624,0,1,13,3,1,2,1
15625,0,1,13,3,1,4,2
15626,0,1,13,3,0,2,1
15627,0,1,13,3,1,0,0
15628,-1,1,13,3,1,4,0
15629,-1,1,13,3,1,4,2
15630,10,1,13,3,1,4,2
15631,0,1,13,3,0,4,2
15632,0,1,13,3,0,3,1
15633,0,1,13,3,1,4,1
15634,0,1,13,3,1,0,1
15635,0,1,13,3,0,4,1
15636,-1,1,13,3,2,1,0
15637,10,1,13,3,1,0,0
15638,10,1,13,3,1,0,1
15639,1,1,13,3,1,4,0
15640,0,1,13,3,0,0,0
15641,0,1,13,3,1,0,2
15642,-1,4,8,3,1,0,2
15643,1,1,6,3,2,1,1
15644,-1,1,6,3,0,4,1
15645,1,1,6,3,0,3,2
15646,0,1,6,3,0,4,2
15647,-1,1,6,3,2,1,2
15648,1,1,6,3,0,0,2
15649,-1,1,6,3,1,4,1
15650,0,1,6,3,2,1,2
15651,0,1,6,3,0,3,0
15652,0,1,6,3,1,2,1
15653,0,1,6,3,1,2,2
15654,-1,1,6,3,1,4,1
15655,0,1,6,3,2,1,2
15656,-1,1,6,3,0,4,1
15657,0,1,6,3,2,1,1
15658,-1,1,6,3,0,4,1
15659,-1,1,6,3,1,4,0
15660,1,1,6,3,0,4,2
15661,0,1,6,3,1,2,1
15662,0,1,6,3,1,4,2
15663,1,1,6,3,0,2,1
15664,0,1,6,3,1,0,0
15665,0,1,6,3,1,4,0
15666,-1,1,6,3,1,4,2
15667,0,1,6,3,1,4,2
15668,0,1,6,3,0,4,2
15669,1,1,6,3,0,3,1
15670,0,1,6,3,1,4,1
15671,0,1,6,3,1,0,1
15672,0,1,6,3,0,4,1
15673,-1,1,6,3,2,1,0
15674,1,1,6,3,1,0,0
15675,1,1,6,3,1,0,1
15676,-1,1,6,3,1,4,0
15677,0,1,6,3,0,0,0
15678,0,1,6,3,1,0,2
15679,-1,4,4,2,0,4,2
15680,0,4,4,2,2,1,2
15681,1,4,4,2,2,1,2
15682,0,4,4,2,0,3,2
15683,-1,4,4,2,1,4,2
15684,1,4,4,2,1,4,1
15685,0,4,4,2,2,1,2
15686,-1,4,4,2,0,2,2
15687,1,4,4,2,0,4,1
15688,0,4,4,2,1,2,1
15689,0,4,4,2,2,1,1
15690,1,4,4,2,0,4,1
15691,0,4,4,2,0,3,2
15692,1,4,4,2,0,4,1
15693,-1,4,4,2,2,1,2
15694,1,4,4,2,0,0,2
15695,0,4,4,2,1,4,1
15696,-1,4,4,2,2,1,2
15697,1,4,4,2,0,3,0
15698,0,4,4,2,1,2,1
15699,0,4,4,2,1,2,2
15700,0,4,4,2,1,4,2
15701,0,4,4,2,2,1,2
15702,0,4,4,2,0,4,1
15703,0,4,4,2,2,1,1
15704,0,4,4,2,0,4,2
15705,0,4,4,2,1,4,2
15706,0,4,4,2,0,4,1
15707,0,4,4,2,1,2,1
15708,0,4,4,2,1,4,1
15709,0,4,4,2,0,2,2
15710,0,4,4,2,1,0,1
15711,1,4,4,2,1,4,0
15712,0,4,4,2,1,4,2
15713,0,4,4,2,1,4,1
15714,0,4,4,2,0,4,1
15715,1,4,4,2,0,3,1
15716,-1,4,4,2,1,4,0
15717,1,4,4,2,1,0,1
15718,0,4,4,2,0,4,0
15719,0,4,4,2,2,1,1
15720,1,4,4,2,1,0,1
15721,1,4,4,2,1,0,2
15722,-1,4,4,2,1,4,1
15723,1,4,4,2,0,0,0
15724,0,4,4,2,1,0,2
15725,10,1,13,6,1,0,1
15726,10,1,13,6,0,4,1
15727,-10,1,13,6,2,1,0
15728,10,1,13,6,1,0,0
15729,10,1,13,6,1,0,1
15730,-1,1,13,6,1,4,0
15731,10,1,13,6,0,0,0
15732,-1,1,13,6,1,0,2
15733,0,7,13,1,0,4,2
15734,1,7,13,1,2,1,2
15735,0,7,13,1,2,1,2
15736,0,7,13,1,0,3,1
15737,0,7,13,1,1,4,1
15738,0,7,13,1,1,4,1
15739,0,7,13,1,2,1,1
15740,0,7,13,1,0,2,2
15741,1,7,13,1,0,4,2
15742,0,7,13,1,1,2,1
15743,0,7,13,1,2,1,2
15744,0,7,13,1,0,4,2
15745,1,7,13,1,0,3,1
15746,-1,7,13,1,0,4,2
15747,0,7,13,1,2,1,2
15748,0,7,13,1,0,0,2
15749,-1,7,13,1,1,4,2
15750,0,7,13,1,2,1,2
15751,0,7,13,1,0,3,2
15752,0,7,13,1,1,2,2
15753,0,7,13,1,1,2,2
15754,0,7,13,1,1,4,2
15755,0,7,13,1,2,1,1
15756,0,7,13,1,0,4,0
15757,-1,7,13,1,2,1,2
15758,1,7,13,1,0,4,2
15759,0,7,13,1,1,4,2
15760,0,7,13,1,0,4,1
15761,0,7,13,1,1,2,2
15762,-1,7,13,1,1,4,2
15763,-1,7,13,1,0,2,2
15764,1,7,13,1,1,0,2
15765,0,7,13,1,1,4,0
15766,0,7,13,1,1,4,2
15767,0,7,13,1,1,4,1
15768,0,7,13,1,0,4,1
15769,-1,7,13,1,0,3,1
15770,1,7,13,1,1,4,0
15771,-1,7,13,1,1,0,0
15772,0,7,13,1,0,4,2
15773,-1,7,13,1,2,1,0
15774,1,7,13,1,1,0,0
15775,-1,7,13,1,1,0,2
15776,1,7,13,1,1,4,2
15777,-1,7,13,1,0,0,0
15778,1,7,13,1,1,0,0
15779,1,5,19,5,1,2,1
15780,-1,5,19,5,1,2,2
15781,0,5,19,5,1,4,2
15782,0,5,19,5,2,1,2
15783,0,5,19,5,0,4,2
15784,0,5,19,5,2,1,2
15785,1,5,19,5,0,4,2
15786,1,5,19,5,1,4,1
15787,-1,5,19,5,0,4,1
15788,-1,5,19,5,1,2,2
15789,1,5,19,5,1,4,2
15790,0,5,19,5,0,2,2
15791,-1,5,19,5,1,0,1
15792,0,5,19,5,1,4,0
15793,-1,5,19,5,1,4,2
15794,1,5,19,5,1,4,2
15795,1,5,19,5,0,4,1
15796,0,5,19,5,0,3,0
15797,0,5,19,5,1,4,1
15798,0,5,19,5,1,0,2
15799,1,5,19,5,0,4,1
15800,-1,5,19,5,2,1,1
15801,1,5,19,5,1,0,2
15802,-1,5,19,5,1,0,1
15803,1,5,19,5,1,4,0
15804,0,5,19,5,0,0,0
15805,0,5,19,5,1,0,1
15806,-1,1,11,4,2,1,2
15807,0,1,11,4,0,3,2
15808,0,1,11,4,1,4,2
15809,0,1,11,4,1,4,2
15810,0,1,11,4,2,1,2
15811,0,1,11,4,0,2,2
15812,0,1,11,4,0,4,2
15813,0,1,11,4,1,2,2
15814,-1,1,11,4,2,1,1
15815,0,1,11,4,0,4,1
15816,0,1,11,4,0,3,2
15817,-1,1,11,4,0,4,2
15818,1,1,11,4,2,1,2
15819,0,1,11,4,0,0,2
15820,0,1,11,4,1,4,1
15821,0,1,11,4,2,1,2
15822,-1,1,11,4,0,3,0
15823,0,1,11,4,1,2,1
15824,1,1,11,4,1,2,2
15825,0,1,11,4,1,4,1
15826,-1,1,11,4,2,1,2
15827,-1,1,11,4,0,4,1
15828,0,1,11,4,2,1,1
15829,-1,1,11,4,0,4,1
15830,0,1,11,4,1,4,0
15831,1,1,11,4,0,4,2
15832,-1,1,11,4,1,2,1
15833,-1,1,11,4,1,4,2
15834,-1,1,11,4,0,2,1
15835,-1,1,11,4,1,0,0
15836,0,1,11,4,1,4,0
15837,-1,1,11,4,1,4,2
15838,-1,1,11,4,1,4,2
15839,-1,1,11,4,0,4,2
15840,10,1,11,4,0,3,1
15841,-1,1,11,4,1,4,1
15842,0,1,11,4,1,0,1
15843,0,1,11,4,0,4,1
15844,-10,1,11,4,2,1,0
15845,10,1,11,4,1,0,1
15846,1,1,11,4,1,4,0
15847,0,1,11,4,0,0,0
15848,-1,1,11,4,1,0,2
15849,1,1,6,4,0,4,2
15850,-1,1,6,4,2,1,2
15851,0,1,6,4,2,1,2
15852,0,1,6,4,0,3,2
15853,1,1,6,4,1,4,2
15854,0,1,6,4,1,4,2
15855,0,1,6,4,2,1,2
15856,0,1,6,4,0,2,2
15857,0,1,6,4,0,4,2
15858,-1,1,6,4,1,2,2
15859,0,1,6,4,2,1,1
15860,1,1,6,4,0,4,1
15861,1,1,6,4,0,3,2
15862,0,1,6,4,0,4,2
15863,0,1,6,4,2,1,2
15864,0,1,6,4,0,0,2
15865,1,1,6,4,1,4,1
15866,0,1,6,4,2,1,2
15867,-1,1,6,4,0,3,0
15868,0,1,6,4,1,2,1
15869,-1,1,6,4,1,2,2
15870,-1,1,6,4,1,4,1
15871,-1,1,6,4,2,1,2
15872,0,1,6,4,0,4,1
15873,0,1,6,4,2,1,1
15874,0,1,6,4,0,4,1
15875,0,1,6,4,1,4,0
15876,1,1,6,4,0,4,2
15877,1,1,6,4,1,2,1
15878,-1,1,6,4,1,4,2
15879,0,1,6,4,0,2,1
15880,-1,1,6,4,1,0,0
15881,10,1,6,4,1,4,0
15882,0,1,6,4,1,4,2
15883,1,1,6,4,1,4,2
15884,-1,1,6,4,0,4,2
15885,0,1,6,4,0,3,1
15886,10,1,6,4,1,4,1
15887,0,1,6,4,1,0,1
15888,1,1,6,4,0,4,1
15889,-1,1,6,4,2,1,0
15890,-1,1,6,4,1,0,0
15891,10,1,6,4,1,0,1
15892,10,1,6,4,1,4,0
15893,1,1,6,4,0,0,0
15894,0,1,6,4,1,0,2
15895,0,1,6,6,0,4,2
15896,0,1,6,6,2,1,2
15897,0,1,6,6,2,1,2
15898,0,1,6,6,0,3,2
15899,0,1,6,6,1,4,2
15900,-1,1,6,6,1,4,2
15901,1,1,6,6,2,1,2
15902,1,1,6,6,0,2,2
15903,1,1,6,6,0,4,2
15904,0,1,6,6,1,2,2
15905,-1,1,6,6,2,1,1
15906,-1,1,6,6,0,4,1
15907,-1,1,6,6,0,3,2
15908,1,1,6,6,0,4,2
15909,1,1,6,6,2,1,2
15910,1,1,6,6,0,0,2
15911,-1,1,6,6,1,4,1
15912,1,1,6,6,2,1,2
15913,1,1,6,6,0,3,0
15914,0,1,6,6,1,2,1
15915,1,1,6,6,1,2,2
15916,1,1,6,6,1,4,1
15917,-1,1,6,6,2,1,2
15918,0,1,6,6,0,4,1
15919,-1,1,6,6,2,1,1
15920,0,1,6,6,0,4,1
15921,0,1,6,6,1,4,0
15922,0,1,6,6,0,4,2
15923,-1,1,6,6,1,2,1
15924,10,1,6,6,1,4,2
15925,1,1,6,6,0,2,1
15926,0,1,6,6,1,0,0
15927,1,1,6,6,1,4,0
15928,0,1,6,6,1,4,2
15929,1,1,6,6,1,4,2
15930,1,1,6,6,0,4,2
15931,1,1,6,6,0,3,1
15932,0,1,6,6,1,4,1
15933,0,1,6,6,1,0,1
15934,0,1,6,6,0,4,1
15935,-1,1,6,6,2,1,0
15936,10,1,6,6,1,0,0
15937,1,1,6,6,1,0,1
15938,1,1,6,6,1,4,0
15939,1,1,6,6,0,0,0
15940,-1,1,6,6,1,0,2
15941,-1,6,33,3,0,4,2
15942,0,6,33,3,2,1,1
15943,0,6,33,3,2,1,2
15944,0,6,33,3,0,3,1
15945,0,6,33,3,1,4,2
15946,0,6,33,3,1,4,2
15947,0,6,33,3,2,1,2
15948,-1,6,33,3,0,2,2
15949,0,6,33,3,0,4,1
15950,10,6,33,3,1,2,2
15951,-1,6,33,3,2,1,1
15952,1,6,33,3,0,4,1
15953,-1,6,33,3,0,3,1
15954,1,6,33,3,0,4,2
15955,1,6,33,3,2,1,2
15956,1,6,33,3,0,0,2
15957,1,6,33,3,1,4,2
15958,0,6,33,3,2,1,2
15959,0,6,33,3,0,3,0
15960,1,6,33,3,1,2,1
15961,0,6,33,3,1,2,2
15962,0,6,33,3,1,4,2
15963,0,6,33,3,2,1,2
15964,0,6,33,3,0,4,1
15965,-1,6,33,3,2,1,2
15966,-1,6,33,3,0,4,2
15967,0,6,33,3,1,4,1
15968,0,6,33,3,0,4,0
15969,0,6,33,3,1,2,2
15970,1,6,33,3,1,4,2
15971,-1,6,33,3,0,2,2
15972,1,6,33,3,1,0,1
15973,0,6,33,3,1,4,1
15974,0,6,33,3,1,4,1
15975,0,6,33,3,1,4,2
15976,0,6,33,3,0,4,1
15977,0,6,33,3,0,3,0
15978,0,6,33,3,1,4,0
15979,0,6,33,3,1,0,0
15980,0,6,33,3,2,1,0
15981,1,6,33,3,1,0,1
15982,0,6,33,3,1,0,2
15983,-1,6,33,3,1,4,1
15984,1,6,33,3,0,0,0
15985,0,6,33,3,1,0,2
15986,0,2,16,5,0,4,2
15987,1,2,16,5,2,1,1
15988,0,2,16,5,2,1,1
15989,-1,2,16,5,0,3,2
15990,-1,2,16,5,1,4,2
15991,0,2,16,5,1,4,2
15992,0,2,16,5,2,1,2
15993,0,2,16,5,0,2,1
15994,0,2,16,5,0,4,1
15995,1,2,16,5,1,2,2
15996,0,2,16,5,2,1,2
15997,0,2,16,5,0,4,2
15998,0,2,16,5,0,3,2
15999,0,2,16,5,0,4,1
16000,0,2,16,5,2,1,2
16001,0,2,16,5,0,0,2
16002,0,2,16,5,1,4,1
16003,0,2,16,5,2,1,2
16004,1,2,16,5,0,3,1
16005,0,2,16,5,1,2,1
16006,0,2,16,5,1,2,2
16007,0,2,16,5,1,4,1
16008,0,2,16,5,2,1,2
16009,0,2,16,5,0,4,2
16010,0,2,16,5,2,1,2
16011,0,2,16,5,0,4,2
16012,-1,2,16,5,1,4,1
16013,0,2,16,5,0,4,1
16014,1,2,16,5,1,2,2
16015,1,2,16,5,1,4,2
16016,0,2,16,5,0,2,1
16017,0,2,16,5,1,0,2
16018,1,2,16,5,1,4,0
16019,-1,2,16,5,1,4,2
16020,0,2,16,5,1,4,2
16021,0,2,16,5,0,4,0
16022,1,2,16,5,0,3,0
16023,0,2,16,5,1,4,2
16024,0,2,16,5,1,0,2
16025,0,2,16,5,0,4,0
16026,-1,2,16,5,2,1,2
16027,1,2,16,5,1,0,1
16028,-1,2,16,5,1,0,2
16029,1,2,16,5,1,4,1
16030,0,2,16,5,0,0,0
16031,0,2,16,5,1,0,1
16032,-1,1,8,3,0,4,2
16033,0,1,8,3,2,1,2
16034,0,1,8,3,2,1,2
16035,-1,1,8,3,0,3,2
16036,0,1,8,3,1,4,2
16037,-1,1,8,3,1,4,2
16038,1,1,8,3,2,1,2
16039,1,1,8,3,0,2,2
16040,1,1,8,3,0,4,2
16041,1,1,8,3,1,2,2
16042,-1,1,8,3,2,1,1
16043,1,1,8,3,0,4,1
16044,1,1,8,3,0,3,2
16045,-1,1,8,3,0,4,2
16046,0,1,8,3,2,1,2
16047,0,1,8,3,0,0,2
16048,0,1,8,3,1,4,1
16049,1,1,8,3,2,1,2
16050,0,1,8,3,0,3,0
16051,-1,1,8,3,1,2,1
16052,-1,1,8,3,1,2,2
16053,10,1,8,3,1,4,1
16054,0,1,8,3,2,1,2
16055,-1,1,8,3,0,4,1
16056,-10,1,8,3,2,1,1
16057,10,1,8,3,1,4,0
16058,0,1,8,3,0,4,2
16059,-1,1,8,3,1,2,1
16060,10,1,8,3,1,4,2
16061,10,1,8,3,0,2,1
16062,-1,1,8,3,1,0,0
16063,0,1,8,3,1,4,0
16064,-1,1,8,3,1,4,2
16065,0,1,8,3,1,4,2
16066,0,1,8,3,0,4,2
16067,0,1,8,3,0,3,1
16068,0,1,8,3,1,4,1
16069,-1,1,8,3,1,0,1
16070,-1,1,8,3,0,4,1
16071,-1,1,8,3,2,1,0
16072,1,1,8,3,1,0,0
16073,10,1,8,3,1,0,1
16074,0,1,8,3,1,4,0
16075,0,1,8,3,0,0,0
16076,-1,1,8,3,1,0,2
16077,-1,6,33,3,0,4,2
16078,1,6,33,3,2,1,1
16079,-1,6,33,3,2,1,2
16080,1,6,33,3,0,3,1
16081,1,6,33,3,1,4,2
16082,1,6,33,3,1,4,2
16083,1,6,33,3,2,1,2
16084,-1,6,33,3,0,2,2
16085,-1,6,33,3,0,4,1
16086,-1,6,33,3,1,2,2
16087,-1,6,33,3,2,1,1
16088,-1,6,33,3,0,4,1
16089,1,6,33,3,0,3,1
16090,-1,6,33,3,0,4,2
16091,-1,6,33,3,2,1,2
16092,1,6,33,3,0,0,2
16093,1,6,33,3,1,4,2
16094,1,6,33,3,2,1,2
16095,10,6,33,3,0,3,0
16096,0,6,33,3,1,2,1
16097,-1,6,33,3,1,2,2
16098,1,6,33,3,1,4,2
16099,0,6,33,3,2,1,2
16100,-1,6,33,3,0,4,1
16101,1,6,33,3,2,1,2
16102,0,6,33,3,0,4,2
16103,0,6,33,3,1,4,1
16104,0,6,33,3,0,4,0
16105,0,6,33,3,1,2,2
16106,0,6,33,3,1,4,2
16107,0,6,33,3,0,2,2
16108,-1,6,33,3,1,0,1
16109,1,6,33,3,1,4,1
16110,0,6,33,3,1,4,1
16111,0,6,33,3,1,4,2
16112,1,6,33,3,0,4,1
16113,1,6,33,3,0,3,0
16114,0,6,33,3,1,4,0
16115,0,6,33,3,1,0,0
16116,0,6,33,3,0,4,0
16117,-1,6,33,3,2,1,0
16118,10,6,33,3,1,0,1
16119,1,6,33,3,1,0,2
16120,0,6,33,3,1,4,1
16121,0,6,33,3,0,0,0
16122,-1,6,33,3,1,0,2
16123,1,6,6,2,0,4,2
16124,1,6,6,2,2,1,2
16125,0,6,6,2,0,0,2
16126,-1,6,6,2,1,4,2
16127,1,6,6,2,2,1,2
16128,-1,6,6,2,0,3,0
16129,1,6,6,2,1,2,1
16130,0,6,6,2,1,2,2
16131,1,6,6,2,1,4,2
16132,0,6,6,2,2,1,2
16133,0,6,6,2,0,4,1
16134,1,6,6,2,2,1,2
16135,-1,6,6,2,0,4,2
16136,1,6,6,2,1,4,1
16137,0,6,6,2,0,4,0
16138,1,6,6,2,1,2,2
16139,0,6,6,2,1,4,2
16140,0,6,6,2,0,2,2
16141,0,6,6,2,1,0,1
16142,0,6,6,2,1,4,1
16143,0,6,6,2,1,4,1
16144,0,6,6,2,1,4,2
16145,0,6,6,2,0,4,1
16146,1,6,6,2,0,3,0
16147,0,6,6,2,1,4,0
16148,-1,6,6,2,1,0,0
16149,0,6,6,2,0,4,0
16150,-1,6,6,2,2,1,0
16151,1,6,6,2,1,0,1
16152,1,6,6,2,1,0,2
16153,1,6,6,2,1,4,1
16154,-1,6,6,2,0,0,0
16155,0,6,6,2,1,0,2
16156,-1,7,13,2,0,4,2
16157,0,7,13,2,2,1,2
16158,0,7,13,2,2,1,2
16159,0,7,13,2,0,3,1
16160,1,7,13,2,1,4,1
16161,0,7,13,2,1,4,1
16162,0,7,13,2,2,1,1
16163,1,7,13,2,0,2,2
16164,0,7,13,2,0,4,2
16165,0,7,13,2,1,2,1
16166,0,7,13,2,2,1,2
16167,0,7,13,2,0,4,2
16168,1,7,13,2,0,3,1
16169,-1,7,13,2,0,4,2
16170,-1,7,13,2,2,1,2
16171,0,7,13,2,0,0,2
16172,1,7,13,2,1,4,2
16173,1,7,13,2,2,1,2
16174,0,7,13,2,0,3,2
16175,0,7,13,2,1,2,2
16176,0,7,13,2,1,2,2
16177,0,7,13,2,1,4,2
16178,0,7,13,2,2,1,1
16179,0,7,13,2,0,4,0
16180,0,7,13,2,2,1,2
16181,0,7,13,2,0,4,2
16182,0,7,13,2,1,4,2
16183,0,7,13,2,0,4,1
16184,0,7,13,2,1,2,2
16185,1,7,13,2,1,4,2
16186,-1,7,13,2,0,2,2
16187,-1,7,13,2,1,0,2
16188,1,7,13,2,1,4,0
16189,-1,7,13,2,1,4,2
16190,0,7,13,2,1,4,1
16191,0,7,13,2,0,4,1
16192,-1,7,13,2,0,3,1
16193,1,7,13,2,1,4,0
16194,1,7,13,2,1,0,0
16195,-1,7,13,2,0,4,2
16196,-1,7,13,2,2,1,0
16197,1,7,13,2,1,0,0
16198,1,7,13,2,1,0,2
16199,-1,7,13,2,1,4,2
16200,0,7,13,2,0,0,0
16201,-1,7,13,2,1,0,0
16202,0,6,0,2,0,4,2
16203,0,6,0,5,0,4,2
16204,0,6,0,2,0,4,2
16205,0,6,0,5,0,4,2
16206,0,6,0,2,2,1,2
16207,0,6,0,5,2,1,2
16208,0,6,0,2,2,1,2
16209,0,6,0,5,2,1,2
16210,0,6,0,2,0,0,2
16211,0,6,0,5,0,0,2
16212,0,6,0,2,0,0,2
16213,0,6,0,5,0,0,2
16214,1,6,0,2,1,4,2
16215,1,6,0,5,1,4,2
16216,1,6,0,2,1,4,2
16217,1,6,0,5,1,4,2
16218,10,6,0,2,2,1,2
16219,10,6,0,5,2,1,2
16220,10,6,0,2,2,1,2
16221,10,6,0,5,2,1,2
16222,10,6,0,2,0,3,0
16223,10,6,0,5,0,3,0
16224,10,6,0,2,0,3,0
16225,10,6,0,5,0,3,0
16226,0,6,0,2,1,2,1
16227,0,6,0,5,1,2,1
16228,0,6,0,2,1,2,1
16229,0,6,0,5,1,2,1
16230,0,6,0,2,1,2,2
16231,0,6,0,5,1,2,2
16232,0,6,0,2,1,2,2
16233,0,6,0,5,1,2,2
16234,0,6,0,2,1,4,2
16235,0,6,0,5,1,4,2
16236,0,6,0,2,1,4,2
16237,0,6,0,5,1,4,2
16238,0,6,0,2,2,1,2
16239,0,6,0,5,2,1,2
16240,0,6,0,2,2,1,2
16241,0,6,0,5,2,1,2
16242,1,6,0,2,0,4,1
16243,1,6,0,5,0,4,1
16244,1,6,0,2,0,4,1
16245,1,6,0,5,0,4,1
16246,0,6,0,2,2,1,2
16247,0,6,0,5,2,1,2
16248,0,6,0,2,2,1,2
16249,0,6,0,5,2,1,2
16250,1,6,0,2,0,4,2
16251,1,6,0,5,0,4,2
16252,1,6,0,2,0,4,2
16253,1,6,0,5,0,4,2
16254,1,6,0,2,1,4,1
16255,1,6,0,5,1,4,1
16256,1,6,0,2,1,4,1
16257,1,6,0,5,1,4,1
16258,0,6,0,2,0,4,0
16259,0,6,0,5,0,4,0
16260,0,6,0,2,0,4,0
16261,0,6,0,5,0,4,0
16262,0,6,0,2,1,2,2
16263,0,6,0,5,1,2,2
16264,0,6,0,2,1,2,2
16265,0,6,0,5,1,2,2
16266,1,6,0,2,1,4,2
16267,1,6,0,5,1,4,2
16268,1,6,0,2,1,4,2
16269,1,6,0,5,1,4,2
16270,-1,6,0,2,0,2,2
16271,-1,6,0,5,0,2,2
16272,-1,6,0,2,0,2,2
16273,-1,6,0,5,0,2,2
16274,0,6,0,2,1,0,1
16275,0,6,0,5,1,0,1
16276,0,6,0,2,1,0,1
16277,0,6,0,5,1,0,1
16278,0,6,0,2,1,4,1
16279,0,6,0,5,1,4,1
16280,0,6,0,2,1,4,1
16281,0,6,0,5,1,4,1
16282,0,6,0,2,1,4,1
16283,0,6,0,5,1,4,1
16284,0,6,0,2,1,4,1
16285,0,6,0,5,1,4,1
16286,0,6,0,2,1,4,2
16287,0,6,0,5,1,4,2
16288,0,6,0,2,1,4,2
16289,0,6,0,5,1,4,2
16290,1,6,0,2,0,4,1
16291,1,6,0,5,0,4,1
16292,1,6,0,2,0,4,1
16293,1,6,0,5,0,4,1
16294,0,6,0,2,0,3,0
16295,0,6,0,5,0,3,0
16296,0,6,0,2,0,3,0
16297,0,6,0,5,0,3,0
16298,0,6,0,2,1,4,0
16299,0,6,0,5,1,4,0
16300,0,6,0,2,1,4,0
16301,0,6,0,5,1,4,0
16302,0,6,0,2,1,0,0
16303,0,6,0,5,1,0,0
16304,0,6,0,2,1,0,0
16305,0,6,0,5,1,0,0
16306,0,6,0,2,0,4,0
16307,0,6,0,5,0,4,0
16308,0,6,0,2,0,4,0
16309,0,6,0,5,0,4,0
16310,-1,6,0,2,2,1,0
16311,-1,6,0,5,2,1,0
16312,-1,6,0,2,2,1,0
16313,-1,6,0,5,2,1,0
16314,0,6,0,2,1,0,1
16315,0,6,0,5,1,0,1
16316,0,6,0,2,1,0,1
16317,0,6,0,5,1,0,1
16318,1,6,0,2,1,0,2
16319,1,6,0,5,1,0,2
16320,1,6,0,2,1,0,2
16321,1,6,0,5,1,0,2
16322,-1,6,0,2,1,4,1
16323,-1,6,0,5,1,4,1
16324,-1,6,0,2,1,4,1
16325,-1,6,0,5,1,4,1
16326,0,6,0,2,0,0,0
16327,0,6,0,5,0,0,0
16328,0,6,0,2,0,0,0
16329,0,6,0,5,0,0,0
16330,1,6,0,2,1,0,2
16331,1,6,0,5,1,0,2
16332,1,6,0,2,1,0,2
16333,1,6,0,5,1,0,2
16334,-1,7,13,1,0,4,2
16335,1,7,13,1,2,1,2
16336,0,7,13,1,2,1,2
16337,0,7,13,1,0,3,1
16338,0,7,13,1,1,4,1
16339,0,7,13,1,1,4,1
16340,1,7,13,1,2,1,1
16341,0,7,13,1,0,2,2
16342,0,7,13,1,0,4,2
16343,-1,7,13,1,1,2,1
16344,-1,7,13,1,2,1,2
16345,1,7,13,1,0,4,2
16346,0,7,13,1,0,3,1
16347,1,7,13,1,0,4,2
16348,0,7,13,1,2,1,2
16349,0,7,13,1,0,0,2
16350,0,7,13,1,1,4,2
16351,1,7,13,1,2,1,2
16352,0,7,13,1,0,3,2
16353,0,7,13,1,1,2,2
16354,0,7,13,1,1,2,2
16355,0,7,13,1,1,4,2
16356,-1,7,13,1,2,1,1
16357,0,7,13,1,0,4,0
16358,0,7,13,1,2,1,2
16359,1,7,13,1,0,4,2
16360,-1,7,13,1,1,4,2
16361,-1,7,13,1,0,4,1
16362,1,7,13,1,1,2,2
16363,0,7,13,1,1,4,2
16364,0,7,13,1,0,2,2
16365,-1,7,13,1,1,0,2
16366,0,7,13,1,1,4,0
16367,-1,7,13,1,1,4,2
16368,0,7,13,1,1,4,1
16369,0,7,13,1,0,4,1
16370,0,7,13,1,0,3,1
16371,0,7,13,1,1,4,0
16372,0,7,13,1,1,0,0
16373,-1,7,13,1,0,4,2
16374,-1,7,13,1,2,1,0
16375,1,7,13,1,1,0,0
16376,0,7,13,1,1,0,2
16377,0,7,13,1,1,4,2
16378,0,7,13,1,0,0,0
16379,-1,7,13,1,1,0,0
16380,1,9,13,3,0,0,1
16381,1,9,13,3,1,0,0
16382,10,9,13,5,1,0,0
16383,1,9,13,5,1,4,2
16384,0,9,13,5,0,0,1
16385,-1,9,13,5,1,0,0
16386,0,7,8,2,0,4,2
16387,0,7,8,2,2,1,2
16388,0,7,8,2,2,1,2
16389,0,7,8,2,0,3,1
16390,0,7,8,2,1,4,1
16391,0,7,8,2,1,4,1
16392,0,7,8,2,2,1,1
16393,0,7,8,2,0,2,2
16394,0,7,8,2,0,4,2
16395,0,7,8,2,1,2,1
16396,0,7,8,2,2,1,2
16397,0,7,8,2,0,4,2
16398,0,7,8,2,0,3,1
16399,0,7,8,2,0,4,2
16400,1,7,8,2,2,1,2
16401,-1,7,8,2,0,0,2
16402,0,7,8,2,1,4,2
16403,0,7,8,2,2,1,2
16404,0,7,8,2,0,3,2
16405,0,7,8,2,1,2,2
16406,0,7,8,2,1,2,2
16407,0,7,8,2,1,4,2
16408,0,7,8,2,2,1,1
16409,0,7,8,2,0,4,0
16410,0,7,8,2,2,1,2
16411,0,7,8,2,0,4,2
16412,0,7,8,2,1,4,2
16413,0,7,8,2,0,4,1
16414,0,7,8,2,1,2,2
16415,0,7,8,2,1,4,2
16416,0,7,8,2,0,2,2
16417,-1,7,8,2,1,0,2
16418,0,7,8,2,1,4,0
16419,-1,7,8,2,1,4,2
16420,1,7,8,2,1,4,1
16421,1,7,8,2,0,4,1
16422,0,7,8,2,0,3,1
16423,0,7,8,2,1,4,0
16424,-1,7,8,2,1,0,0
16425,0,7,8,2,0,4,2
16426,-1,7,8,2,2,1,0
16427,1,7,8,2,1,0,0
16428,1,7,8,2,1,0,2
16429,0,7,8,2,1,4,2
16430,0,7,8,2,0,0,0
16431,-1,7,8,2,1,0,0
16432,0,6,6,3,2,1,2
16433,-1,6,6,3,0,4,2
16434,0,6,6,3,1,4,1
16435,1,6,6,3,0,4,0
16436,10,6,6,3,1,2,2
16437,1,6,6,3,1,4,2
16438,0,6,6,3,0,2,2
16439,-1,6,6,3,1,0,1
16440,1,6,6,3,1,4,1
16441,-1,6,6,3,1,4,1
16442,1,6,6,3,1,4,2
16443,0,6,6,3,0,4,1
16444,1,6,6,3,0,3,0
16445,1,6,6,3,1,4,0
16446,-1,6,6,3,1,0,0
16447,1,6,6,3,0,4,0
16448,-1,6,6,3,2,1,0
16449,1,6,6,3,1,0,1
16450,10,6,6,3,1,0,2
16451,1,6,6,3,1,4,1
16452,1,6,6,3,0,0,0
16453,-1,6,6,3,1,0,2
16454,-1,6,6,3,0,4,2
16455,10,6,6,3,2,1,1
16456,10,6,6,3,2,1,2
16457,0,6,6,3,0,3,1
16458,1,6,6,3,1,4,2
16459,0,6,6,3,1,4,2
16460,0,6,6,3,2,1,2
16461,10,6,6,3,0,2,2
16462,1,6,6,3,0,4,1
16463,0,6,6,3,1,2,2
16464,1,6,6,3,2,1,1
16465,0,6,6,3,0,4,1
16466,-1,6,6,3,0,3,1
16467,0,6,6,3,0,4,2
16468,1,6,6,3,2,1,2
16469,1,6,6,3,0,0,2
16470,-1,6,6,3,1,4,2
16471,-1,6,6,3,2,1,2
16472,0,6,6,3,0,3,0
16473,1,6,6,3,1,2,1
16474,0,6,6,3,1,2,2
16475,-1,6,6,3,1,4,2
16476,1,6,6,3,2,1,2
16477,1,6,6,3,0,4,1
16478,-1,6,6,3,2,1,2
16479,1,6,6,3,0,4,2
16480,0,6,6,3,1,4,1
16481,0,6,6,3,0,4,0
16482,-1,6,6,3,1,2,2
16483,-1,6,6,3,1,4,2
16484,-1,6,6,3,0,2,2
16485,0,6,6,3,1,0,1
16486,0,6,6,3,1,4,1
16487,1,6,6,3,1,4,1
16488,-1,6,6,3,1,4,2
16489,-1,6,6,3,0,4,1
16490,0,6,6,3,0,3,0
16491,10,6,6,3,1,4,0
16492,1,6,6,3,1,0,0
16493,0,6,6,3,0,4,0
16494,-1,6,6,3,2,1,0
16495,1,6,6,3,1,0,1
16496,1,6,6,3,1,0,2
16497,-1,6,6,3,1,4,1
16498,1,6,6,3,0,0,0
16499,-1,6,6,3,1,0,2
16500,0,7,13,2,0,4,2
16501,0,7,13,2,2,1,2
16502,0,7,13,2,2,1,2
16503,0,7,13,2,0,3,1
16504,0,7,13,2,1,4,1
16505,0,7,13,2,1,4,1
16506,0,7,13,2,2,1,1
16507,0,7,13,2,0,2,2
16508,1,7,13,2,0,4,2
16509,0,7,13,2,1,2,1
16510,0,7,13,2,2,1,2
16511,1,7,13,2,0,4,2
16512,0,7,13,2,0,3,1
16513,-1,7,13,2,0,4,2
16514,0,7,13,2,2,1,2
16515,0,7,13,2,0,0,2
16516,0,7,13,2,1,4,2
16517,1,7,13,2,2,1,2
16518,0,7,13,2,0,3,2
16519,0,7,13,2,1,2,2
16520,0,7,13,2,1,2,2
16521,0,7,13,2,1,4,2
16522,0,7,13,2,2,1,1
16523,0,7,13,2,0,4,0
16524,0,7,13,2,2,1,2
16525,0,7,13,2,0,4,2
16526,0,7,13,2,1,4,2
16527,0,7,13,2,0,4,1
16528,0,7,13,2,1,2,2
16529,0,7,13,2,1,4,2
16530,0,7,13,2,0,2,2
16531,0,7,13,2,1,0,2
16532,0,7,13,2,1,4,0
16533,-1,7,13,2,1,4,2
16534,-1,7,13,2,1,4,1
16535,1,7,13,2,0,4,1
16536,1,7,13,2,0,3,1
16537,0,7,13,2,1,4,0
16538,-1,7,13,2,1,0,0
16539,0,7,13,2,0,4,2
16540,-1,7,13,2,2,1,0
16541,1,7,13,2,1,0,0
16542,0,7,13,2,1,0,2
16543,-1,7,13,2,1,4,2
16544,0,7,13,2,0,0,0
16545,-1,7,13,2,1,0,0
16546,10,4,6,6,0,3,2
16547,10,4,6,6,0,4,1
16548,1,4,6,6,2,1,2
16549,1,4,6,6,0,0,2
16550,1,4,6,6,1,4,1
16551,0,4,6,6,2,1,2
16552,1,4,6,6,0,3,0
16553,0,4,6,6,1,2,1
16554,-1,4,6,6,1,2,2
16555,1,4,6,6,1,4,2
16556,1,4,6,6,2,1,2
16557,-1,4,6,6,0,4,1
16558,0,4,6,6,2,1,1
16559,0,4,6,6,0,4,2
16560,0,4,6,6,1,4,2
16561,1,4,6,6,0,4,1
16562,0,4,6,6,1,2,1
16563,-1,4,6,6,1,4,1
16564,0,4,6,6,0,2,2
16565,-1,4,6,6,1,0,1
16566,1,4,6,6,1,4,0
16567,0,4,6,6,1,4,2
16568,0,4,6,6,1,4,1
16569,0,4,6,6,0,4,1
16570,1,4,6,6,0,3,1
16571,1,4,6,6,1,4,0
16572,-1,4,6,6,1,0,1
16573,0,4,6,6,0,4,0
16574,-1,4,6,6,2,1,1
16575,1,4,6,6,1,0,1
16576,1,4,6,6,1,0,2
16577,0,4,6,6,1,4,1
16578,1,4,6,6,0,0,0
16579,-1,4,6,6,1,0,2
16580,10,1,32,5,2,1,2
16581,-1,1,32,5,2,1,2
16582,10,1,32,5,0,3,2
16583,-1,1,32,5,1,4,2
16584,0,1,32,5,1,4,2
16585,0,1,32,5,2,1,2
16586,0,1,32,5,0,2,2
16587,1,1,32,5,0,4,2
16588,0,1,32,5,1,2,2
16589,0,1,32,5,2,1,1
16590,0,1,32,5,0,4,1
16591,0,1,32,5,0,3,2
16592,1,1,32,5,0,4,2
16593,0,1,32,5,2,1,2
16594,1,1,32,5,0,0,2
16595,0,1,32,5,1,4,1
16596,-1,1,32,5,2,1,2
16597,0,1,32,5,0,3,0
16598,1,1,32,5,1,2,1
16599,-1,1,32,5,1,2,2
16600,1,1,32,5,1,4,1
16601,0,1,32,5,2,1,2
16602,-1,1,32,5,0,4,1
16603,-1,1,32,5,2,1,1
16604,1,1,32,5,0,4,1
16605,-1,1,32,5,1,4,0
16606,1,1,32,5,0,4,2
16607,1,1,32,5,1,2,1
16608,0,1,32,5,1,4,2
16609,1,1,32,5,0,2,1
16610,-1,1,32,5,1,0,0
16611,0,1,32,5,1,4,0
16612,-1,1,32,5,1,4,2
16613,0,1,32,5,1,4,2
16614,0,1,32,5,0,4,2
16615,0,1,32,5,0,3,1
16616,0,1,32,5,1,4,1
16617,-1,1,32,5,1,0,1
16618,0,1,32,5,0,4,1
16619,1,1,32,5,2,1,0
16620,0,1,32,5,1,0,0
16621,0,1,32,5,1,0,1
16622,1,1,32,5,1,4,0
16623,1,1,32,5,0,0,0
16624,0,1,32,5,1,0,2
16625,10,7,19,5,1,0,0
16626,-1,7,19,5,1,0,2
16627,1,7,19,5,1,4,2
16628,0,7,19,5,0,0,0
16629,0,7,19,5,1,0,0
16630,0,1,8,1,0,4,2
16631,0,1,8,1,2,1,2
16632,0,1,8,1,2,1,2
16633,0,1,8,1,0,3,2
16634,1,1,8,1,1,4,2
16635,0,1,8,1,1,4,2
16636,0,1,8,1,2,1,2
16637,0,1,8,1,0,2,2
16638,0,1,8,1,0,4,2
16639,1,1,8,1,1,2,2
16640,-1,1,8,1,2,1,1
16641,0,1,8,1,0,4,1
16642,0,1,8,1,0,3,2
16643,0,1,8,1,0,4,2
16644,0,1,8,1,2,1,2
16645,0,1,8,1,0,0,2
16646,0,1,8,1,1,4,1
16647,0,1,8,1,2,1,2
16648,0,1,8,1,0,3,0
16649,-1,1,8,1,1,2,1
16650,0,1,8,1,1,2,2
16651,0,1,8,1,1,4,1
16652,0,1,8,1,2,1,2
16653,0,1,8,1,0,4,1
16654,0,1,8,1,2,1,1
16655,1,1,8,1,0,4,1
16656,0,1,8,1,1,4,0
16657,0,1,8,1,0,4,2
16658,0,1,8,1,1,2,1
16659,1,1,8,1,1,4,2
16660,1,1,8,1,0,2,1
16661,-1,1,8,1,1,0,0
16662,1,1,8,1,1,4,0
16663,1,1,8,1,1,4,2
16664,0,1,8,1,1,4,2
16665,0,1,8,1,0,4,2
16666,1,1,8,1,0,3,1
16667,-1,1,8,1,1,4,1
16668,-1,1,8,1,1,0,1
16669,1,1,8,1,0,4,1
16670,-1,1,8,1,2,1,0
16671,-1,1,8,1,1,0,0
16672,0,1,8,1,1,0,1
16673,1,1,8,1,1,4,0
16674,0,1,8,1,0,0,0
16675,0,1,8,1,1,0,2
16676,1,1,6,2,0,4,2
16677,1,1,6,2,2,1,2
16678,-1,1,6,2,2,1,2
16679,1,1,6,2,0,3,2
16680,0,1,6,2,1,4,2
16681,-1,1,6,2,1,4,2
16682,1,1,6,2,2,1,2
16683,0,1,6,2,0,2,2
16684,0,1,6,2,0,4,2
16685,1,1,6,2,1,2,2
16686,1,1,6,2,2,1,1
16687,-1,1,6,2,0,4,1
16688,0,1,6,2,0,3,2
16689,1,1,6,2,0,4,2
16690,-1,1,6,2,2,1,2
16691,0,1,6,2,0,0,2
16692,0,1,6,2,1,4,1
16693,0,1,6,2,2,1,2
16694,0,1,6,2,0,3,0
16695,-1,1,6,2,1,2,1
16696,1,1,6,2,1,2,2
16697,0,1,6,2,1,4,1
16698,0,1,6,2,2,1,2
16699,-1,1,6,2,0,4,1
16700,1,1,6,2,2,1,1
16701,0,1,6,2,0,4,1
16702,0,1,6,2,1,4,0
16703,0,1,6,2,0,4,2
16704,0,1,6,2,1,2,1
16705,0,1,6,2,1,4,2
16706,0,1,6,2,0,2,1
16707,0,1,6,2,1,0,0
16708,1,1,6,2,1,4,0
16709,-1,1,6,2,1,4,2
16710,0,1,6,2,1,4,2
16711,0,1,6,2,0,4,2
16712,-1,1,6,2,0,3,1
16713,0,1,6,2,1,4,1
16714,0,1,6,2,1,0,1
16715,0,1,6,2,0,4,1
16716,-1,1,6,2,2,1,0
16717,1,1,6,2,1,0,0
16718,0,1,6,2,1,0,1
16719,0,1,6,2,1,4,0
16720,1,1,6,2,0,0,0
16721,-1,1,6,2,1,0,2
16722,1,5,12,1,0,4,2
16723,-1,5,12,1,2,1,2
16724,-1,5,12,1,2,1,2
16725,0,5,12,1,0,3,1
16726,1,5,12,1,1,4,2
16727,-1,5,12,1,1,4,2
16728,1,5,12,1,2,1,2
16729,-1,5,12,1,0,2,2
16730,-1,5,12,1,0,4,2
16731,-1,5,12,1,1,2,1
16732,0,5,12,1,2,1,2
16733,1,5,12,1,0,4,1
16734,0,5,12,1,0,3,1
16735,1,5,12,1,0,4,1
16736,-1,5,12,1,2,1,2
16737,1,5,12,1,0,0,2
16738,0,5,12,1,1,4,2
16739,0,5,12,1,2,1,2
16740,1,5,12,1,0,3,1
16741,0,5,12,1,1,2,1
16742,0,5,12,1,1,2,2
16743,0,5,12,1,1,4,2
16744,0,5,12,1,2,1,2
16745,-1,5,12,1,0,4,2
16746,0,5,12,1,2,1,2
16747,-1,5,12,1,0,4,2
16748,0,5,12,1,1,4,1
16749,0,5,12,1,0,4,1
16750,-1,5,12,1,1,2,2
16751,0,5,12,1,1,4,2
16752,0,5,12,1,0,2,2
16753,1,5,12,1,1,0,1
16754,-1,5,12,1,1,4,0
16755,0,5,12,1,1,4,2
16756,0,5,12,1,1,4,2
16757,0,5,12,1,0,4,1
16758,0,5,12,1,0,3,0
16759,0,5,12,1,1,4,1
16760,0,5,12,1,1,0,2
16761,1,5,12,1,0,4,1
16762,-1,5,12,1,2,1,1
16763,10,5,12,1,1,0,2
16764,0,5,12,1,1,0,1
16765,-1,5,12,1,1,4,0
16766,1,5,12,1,0,0,0
16767,0,5,12,1,1,0,1
16768,1,6,33,6,1,4,2
16769,1,6,33,6,2,1,2
16770,-1,6,33,6,0,2,2
16771,0,6,33,6,0,4,1
16772,-1,6,33,6,1,2,2
16773,-1,6,33,6,2,1,1
16774,-1,6,33,6,0,4,1
16775,0,6,33,6,0,3,1
16776,0,6,33,6,0,4,2
16777,-1,6,33,6,2,1,2
16778,-1,6,33,6,0,0,2
16779,0,6,33,6,1,4,2
16780,1,6,33,6,2,1,2
16781,10,6,33,6,0,3,0
16782,0,6,33,6,1,2,1
16783,-1,6,33,6,1,2,2
16784,0,6,33,6,1,4,2
16785,-1,6,33,6,2,1,2
16786,-1,6,33,6,0,4,1
16787,1,6,33,6,2,1,2
16788,0,6,33,6,0,4,2
16789,0,6,33,6,1,4,1
16790,0,6,33,6,0,4,0
16791,1,6,33,6,1,2,2
16792,0,6,33,6,1,4,2
16793,0,6,33,6,0,2,2
16794,-1,6,33,6,1,0,1
16795,1,6,33,6,1,4,1
16796,0,6,33,6,1,4,1
16797,0,6,33,6,1,4,2
16798,1,6,33,6,0,4,1
16799,0,6,33,6,0,3,0
16800,0,6,33,6,1,4,0
16801,0,6,33,6,1,0,0
16802,0,6,33,6,0,4,0
16803,-1,6,33,6,2,1,0
16804,10,6,33,6,1,0,1
16805,1,6,33,6,1,0,2
16806,0,6,33,6,1,4,1
16807,0,6,33,6,0,0,0
16808,0,6,33,6,1,0,2
16855,1,8,16,0,0,4,2
16856,0,8,16,0,2,1,2
16857,-1,8,16,0,2,1,2
16858,0,8,16,0,0,3,2
16859,0,8,16,0,1,4,2
16860,1,8,16,0,1,4,2
16861,0,8,16,0,2,1,2
16862,1,8,16,0,0,2,0
16863,1,8,16,0,0,4,2
16864,0,8,16,0,1,2,1
16865,0,8,16,0,2,1,2
16866,0,8,16,0,0,4,2
16867,0,8,16,0,0,3,2
16868,0,8,16,0,0,4,1
16869,0,8,16,0,2,1,2
16870,0,8,16,0,0,0,2
16871,1,8,16,0,1,4,1
16872,0,8,16,0,2,1,2
16873,0,8,16,0,0,3,0
16874,0,8,16,0,1,2,1
16875,0,8,16,0,1,2,2
16876,0,8,16,0,1,4,2
16877,0,8,16,0,2,1,2
16878,0,8,16,0,0,4,2
16879,0,8,16,0,2,1,2
16880,0,8,16,0,0,4,2
16881,0,8,16,0,1,4,0
16882,0,8,16,0,0,4,2
16883,0,8,16,0,1,2,1
16884,0,8,16,0,1,4,2
16885,1,8,16,0,0,2,0
16886,-1,8,16,0,1,0,2
16887,1,8,16,0,1,4,0
16888,0,8,16,0,1,4,2
16889,0,8,16,0,1,4,0
16890,0,8,16,0,0,4,1
16891,0,8,16,0,0,3,0
16892,0,8,16,0,1,4,1
16893,0,8,16,0,1,0,1
16894,0,8,16,0,0,4,1
16895,1,8,16,0,2,1,1
16896,0,8,16,0,1,0,0
16897,0,8,16,0,1,0,2
16898,0,8,16,0,1,4,1
16899,0,8,16,0,0,0,0
16900,0,8,16,0,1,0,2
16901,10,5,13,2,0,3,0
16902,1,5,13,2,1,4,1
16903,0,5,13,2,1,0,2
16904,0,5,13,2,0,4,1
16905,-1,5,13,2,2,1,1
16906,1,5,13,2,1,0,2
16907,0,5,13,2,1,0,1
16908,1,5,13,2,1,4,0
16909,1,5,13,2,0,0,0
16910,-1,5,13,2,1,0,1
16911,0,7,13,1,0,4,2
16912,0,7,13,1,2,1,2
16913,0,7,13,1,2,1,2
16914,0,7,13,1,0,3,1
16915,0,7,13,1,1,4,1
16916,0,7,13,1,1,4,1
16917,1,7,13,1,2,1,1
16918,0,7,13,1,0,2,2
16919,1,7,13,1,0,4,2
16920,1,7,13,1,1,2,1
16921,0,7,13,1,2,1,2
16922,1,7,13,1,0,4,2
16923,0,7,13,1,0,3,1
16924,0,7,13,1,0,4,2
16925,0,7,13,1,2,1,2
16926,0,7,13,1,0,0,2
16927,0,7,13,1,1,4,2
16928,-1,7,13,1,2,1,2
16929,-1,7,13,1,0,3,2
16930,0,7,13,1,1,2,2
16931,0,7,13,1,1,2,2
16932,0,7,13,1,1,4,2
16933,0,7,13,1,2,1,1
16934,0,7,13,1,0,4,0
16935,1,7,13,1,2,1,2
16936,0,7,13,1,0,4,2
16937,0,7,13,1,1,4,2
16938,0,7,13,1,0,4,1
16939,-1,7,13,1,1,2,2
16940,1,7,13,1,1,4,2
16941,0,7,13,1,0,2,2
16942,0,7,13,1,1,0,2
16943,-1,7,13,1,1,4,0
16944,1,7,13,1,1,4,2
16945,0,7,13,1,1,4,1
16946,1,7,13,1,0,4,1
16947,0,7,13,1,0,3,1
16948,0,7,13,1,1,4,0
16949,0,7,13,1,1,0,0
16950,0,7,13,1,0,4,2
16951,-1,7,13,1,2,1,0
16952,1,7,13,1,1,0,0
16953,-1,7,13,1,1,0,2
16954,-1,7,13,1,1,4,2
16955,1,7,13,1,0,0,0
16956,-1,7,13,1,1,0,0
16997,0,6,33,2,0,4,2
16998,0,6,33,2,2,1,1
16999,0,6,33,2,2,1,2
17000,0,6,33,2,0,3,1
17001,1,6,33,2,1,4,2
17002,0,6,33,2,1,4,2
17003,0,6,33,2,2,1,2
17004,0,6,33,2,0,2,2
17005,0,6,33,2,0,4,1
17006,0,6,33,2,1,2,2
17007,0,6,33,2,2,1,1
17008,0,6,33,2,0,4,1
17009,0,6,33,2,0,3,1
17010,0,6,33,2,0,4,2
17011,0,6,33,2,2,1,2
17012,0,6,33,2,0,0,2
17013,-1,6,33,2,1,4,2
17014,1,6,33,2,2,1,2
17015,-1,6,33,2,0,3,0
17016,1,6,33,2,1,2,1
17017,-1,6,33,2,1,2,2
17018,-10,6,33,2,1,4,2
17019,10,6,33,2,2,1,2
17020,1,6,33,2,0,4,1
17021,-1,6,33,2,2,1,2
17022,1,6,33,2,0,4,2
17023,1,6,33,2,1,4,1
17024,0,6,33,2,0,4,0
17025,1,6,33,2,1,2,2
17026,0,6,33,2,1,4,2
17027,0,6,33,2,0,2,2
17028,-1,6,33,2,1,0,1
17029,-10,6,33,2,1,4,1
17030,10,6,33,2,1,4,2
17031,1,6,33,2,0,4,1
17032,-1,6,33,2,0,3,0
17033,-10,6,33,2,1,4,0
17034,10,6,33,2,0,4,0
17035,-1,6,33,2,2,1,0
17036,-1,6,33,2,1,0,1
17037,10,6,33,2,1,0,2
17038,0,6,33,2,1,4,1
17039,0,6,33,2,0,0,0
17040,-1,6,33,2,1,0,2
17041,0,5,6,2,0,4,2
17042,0,5,6,2,2,1,2
17043,0,5,6,2,0,4,2
17044,0,5,6,2,1,4,1
17045,0,5,6,2,0,4,1
17046,0,5,6,2,1,2,2
17047,-1,5,6,2,1,4,2
17048,1,5,6,2,0,2,2
17049,-1,5,6,2,1,0,1
17050,0,5,6,2,1,4,0
17051,-1,5,6,2,1,4,2
17052,1,5,6,2,1,4,2
17053,0,5,6,2,0,4,1
17054,0,5,6,2,0,3,0
17055,0,5,6,2,1,4,1
17056,1,5,6,2,1,0,2
17057,-1,5,6,2,0,4,1
17058,1,5,6,2,2,1,1
17059,1,5,6,2,1,0,2
17060,-1,5,6,2,1,0,1
17061,0,5,6,2,1,4,0
17062,0,5,6,2,0,0,0
17063,-1,5,6,2,1,0,1
17064,1,1,8,3,2,1,2
17065,1,1,8,3,0,0,2
17066,0,1,8,3,1,4,1
17067,-1,1,8,3,2,1,2
17068,1,1,8,3,0,3,0
17069,1,1,8,3,1,2,1
17070,0,1,8,3,1,2,2
17071,1,1,8,3,1,4,1
17072,0,1,8,3,2,1,2
17073,0,1,8,3,0,4,1
17074,-1,1,8,3,2,1,1
17075,0,1,8,3,0,4,1
17076,0,1,8,3,1,4,0
17077,0,1,8,3,0,4,2
17078,1,1,8,3,1,2,1
17079,0,1,8,3,1,4,2
17080,0,1,8,3,0,2,1
17081,1,1,8,3,1,0,0
17082,0,1,8,3,1,4,0
17083,0,1,8,3,1,4,2
17084,1,1,8,3,1,4,2
17085,1,1,8,3,0,4,2
17086,-1,1,8,3,0,3,1
17087,0,1,8,3,1,4,1
17088,0,1,8,3,1,0,1
17089,0,1,8,3,0,4,1
17090,-1,1,8,3,2,1,0
17091,1,1,8,3,1,0,0
17092,1,1,8,3,1,0,1
17093,0,1,8,3,1,4,0
17094,0,1,8,3,0,0,0
17095,-1,1,8,3,1,0,2
17096,0,9,20,5,0,4,2
17097,0,9,20,5,2,1,2
17098,1,9,20,5,2,1,0
17099,-1,9,20,5,0,3,0
17100,1,9,20,5,1,4,2
17101,0,9,20,5,1,4,2
17102,1,9,20,5,2,1,2
17103,0,9,20,5,0,2,2
17104,-1,9,20,5,0,4,2
17105,1,9,20,5,1,2,2
17106,1,9,20,5,2,1,2
17107,-1,9,20,5,0,4,2
17108,-1,9,20,5,0,3,2
17109,-1,9,20,5,0,4,2
17110,10,9,20,5,2,1,2
17111,0,9,20,5,0,0,1
17112,0,9,20,5,1,4,0
17113,-1,9,20,5,2,1,1
17114,0,9,20,5,0,3,0
17115,0,9,20,5,1,2,2
17116,0,9,20,5,1,2,2
17117,0,9,20,5,1,4,2
17118,0,9,20,5,2,1,2
17119,0,9,20,5,0,4,1
17120,0,9,20,5,2,1,2
17121,0,9,20,5,0,4,1
17122,0,9,20,5,1,4,2
17123,0,9,20,5,0,4,1
17124,-1,9,20,5,1,2,2
17125,1,9,20,5,1,4,2
17126,0,9,20,5,0,2,2
17127,0,9,20,5,1,0,2
17128,0,9,20,5,1,4,1
17129,0,9,20,5,1,4,1
17130,0,9,20,5,1,4,0
17131,0,9,20,5,0,4,0
17132,0,9,20,5,0,3,1
17133,0,9,20,5,1,4,0
17134,-1,9,20,5,1,0,1
17135,1,9,20,5,0,4,2
17136,1,9,20,5,2,1,0
17137,0,9,20,5,1,0,0
17138,1,9,20,5,1,0,0
17139,-1,9,20,5,1,4,2
17140,-1,9,20,5,0,0,1
17141,0,9,20,5,1,0,0
17142,0,6,33,3,0,4,2
17143,0,6,33,3,0,4,2
17144,-1,6,33,3,2,1,1
17145,-1,6,33,3,2,1,1
17146,0,6,33,3,2,1,2
17147,0,6,33,3,2,1,2
17148,0,6,33,3,0,3,1
17149,0,6,33,3,0,3,1
17150,0,6,33,3,1,4,2
17151,0,6,33,3,1,4,2
17152,1,6,33,3,1,4,2
17153,1,6,33,3,1,4,2
17154,0,6,33,3,2,1,2
17155,0,6,33,3,2,1,2
17156,0,6,33,3,0,2,2
17157,0,6,33,3,0,2,2
17158,0,6,33,3,0,4,1
17159,0,6,33,3,0,4,1
17160,0,6,33,3,1,2,2
17161,0,6,33,3,1,2,2
17162,0,6,33,3,2,1,1
17163,0,6,33,3,2,1,1
17164,-1,6,33,3,0,4,1
17165,-1,6,33,3,0,4,1
17166,1,6,33,3,0,3,1
17167,1,6,33,3,0,3,1
17168,0,6,33,3,0,4,2
17169,0,6,33,3,0,4,2
17170,0,6,33,3,2,1,2
17171,0,6,33,3,2,1,2
17172,0,6,33,3,0,0,2
17173,0,6,33,3,0,0,2
17174,0,6,33,3,1,4,2
17175,0,6,33,3,1,4,2
17176,0,6,33,3,2,1,2
17177,0,6,33,3,2,1,2
17178,-1,6,33,3,0,3,0
17179,-1,6,33,3,0,3,0
17180,0,6,33,3,1,2,1
17181,0,6,33,3,1,2,1
17182,1,6,33,3,1,2,2
17183,1,6,33,3,1,2,2
17184,-1,6,33,3,1,4,2
17185,-1,6,33,3,1,4,2
17186,-1,6,33,3,2,1,2
17187,-1,6,33,3,2,1,2
17188,0,6,33,3,0,4,1
17189,0,6,33,3,0,4,1
17190,1,6,33,3,2,1,2
17191,1,6,33,3,2,1,2
17192,1,6,33,3,0,4,2
17193,1,6,33,3,0,4,2
17194,0,6,33,3,1,4,1
17195,0,6,33,3,1,4,1
17196,0,6,33,3,0,4,0
17197,0,6,33,3,0,4,0
17198,0,6,33,3,1,2,2
17199,0,6,33,3,1,2,2
17200,1,6,33,3,1,4,2
17201,1,6,33,3,1,4,2
17202,1,6,33,3,0,2,2
17203,1,6,33,3,0,2,2
17204,-1,6,33,3,1,0,1
17205,-1,6,33,3,1,0,1
17206,1,6,33,3,1,4,1
17207,1,6,33,3,1,4,1
17208,-1,6,33,3,1,4,1
17209,-1,6,33,3,1,4,1
17210,10,6,33,3,1,4,2
17211,10,6,33,3,1,4,2
17212,0,6,33,3,0,4,1
17213,0,6,33,3,0,4,1
17214,1,6,33,3,0,3,0
17215,1,6,33,3,0,3,0
17216,-1,6,33,3,1,4,0
17217,-1,6,33,3,1,4,0
17218,1,6,33,3,1,0,0
17219,1,6,33,3,1,0,0
17220,0,6,33,3,0,4,0
17221,0,6,33,3,0,4,0
17222,-1,6,33,3,2,1,0
17223,-1,6,33,3,2,1,0
17224,-1,6,33,3,1,0,1
17225,-1,6,33,3,1,0,1
17226,10,6,33,3,1,0,2
17227,10,6,33,3,1,0,2
17228,10,6,33,3,1,4,1
17229,10,6,33,3,1,4,1
17230,0,6,33,3,0,0,0
17231,0,6,33,3,0,0,0
17232,-1,6,33,3,1,0,2
17233,-1,6,33,3,1,0,2
17234,-1,7,16,0,0,4,2
17235,0,7,16,0,2,1,2
17236,0,7,16,0,2,1,2
17237,0,7,16,0,0,3,1
17238,1,7,16,0,1,4,1
17239,-1,7,16,0,1,4,1
17240,1,7,16,0,2,1,1
17241,-1,7,16,0,0,2,2
17242,0,7,16,0,0,4,2
17243,0,7,16,0,1,2,1
17244,0,7,16,0,2,1,2
17245,0,7,16,0,0,4,2
17246,0,7,16,0,0,3,1
17247,0,7,16,0,0,4,2
17248,0,7,16,0,2,1,2
17249,0,7,16,0,0,0,2
17250,0,7,16,0,1,4,2
17251,0,7,16,0,2,1,2
17252,0,7,16,0,0,3,2
17253,0,7,16,0,1,2,2
17254,0,7,16,0,1,2,2
17255,0,7,16,0,1,4,2
17256,0,7,16,0,2,1,1
17257,0,7,16,0,0,4,0
17258,0,7,16,0,2,1,2
17259,0,7,16,0,0,4,2
17260,0,7,16,0,1,4,2
17261,0,7,16,0,0,4,1
17262,0,7,16,0,1,2,2
17263,0,7,16,0,1,4,2
17264,0,7,16,0,0,2,2
17265,0,7,16,0,1,0,2
17266,0,7,16,0,1,4,0
17267,0,7,16,0,1,4,2
17268,0,7,16,0,1,4,1
17269,0,7,16,0,0,4,1
17270,1,7,16,0,0,3,1
17271,1,7,16,0,1,4,0
17272,0,7,16,0,1,0,0
17273,0,7,16,0,0,4,2
17274,-1,7,16,0,2,1,0
17275,1,7,16,0,1,0,0
17276,0,7,16,0,1,0,2
17277,0,7,16,0,1,4,2
17278,0,7,16,0,0,0,0
17279,0,7,16,0,1,0,0
17280,-1,3,6,2,0,4,2
17281,0,3,6,2,2,1,1
17282,0,3,6,2,2,1,1
17283,1,3,6,2,0,3,1
17284,0,3,6,2,1,4,0
17285,0,3,6,2,1,4,1
17286,0,3,6,2,2,1,2
17287,0,3,6,2,0,2,1
17288,-1,3,6,2,0,4,2
17289,-1,3,6,2,1,2,2
17290,0,3,6,2,2,1,2
17291,0,3,6,2,0,4,2
17292,-1,3,6,2,0,3,1
17293,0,3,6,2,0,4,2
17294,0,3,6,2,2,1,2
17295,1,3,6,2,0,0,1
17296,0,3,6,2,1,4,0
17297,0,3,6,2,2,1,1
17298,0,3,6,2,0,3,0
17299,0,3,6,2,1,2,2
17300,-1,3,6,2,1,2,2
17301,0,3,6,2,1,4,2
17302,0,3,6,2,2,1,2
17303,0,3,6,2,0,4,1
17304,0,3,6,2,2,1,2
17305,0,3,6,2,0,4,2
17306,0,3,6,2,1,4,1
17307,0,3,6,2,0,4,2
17308,0,3,6,2,1,2,2
17309,0,3,6,2,1,4,2
17310,1,3,6,2,0,2,2
17311,0,3,6,2,1,0,2
17312,0,3,6,2,1,4,1
17313,0,3,6,2,1,4,2
17314,0,3,6,2,1,4,1
17315,-1,3,6,2,0,4,0
17316,1,3,6,2,0,3,1
17317,0,3,6,2,1,4,2
17318,0,3,6,2,1,0,2
17319,0,3,6,2,0,4,2
17320,-1,3,6,2,2,1,1
17321,1,3,6,2,1,0,0
17322,1,3,6,2,1,0,2
17323,0,3,6,2,1,4,2
17324,1,3,6,2,0,0,1
17325,-1,3,6,2,1,0,0
17326,0,4,6,6,0,4,2
17327,1,4,6,6,2,1,2
17328,-1,4,6,6,2,1,2
17329,0,4,6,6,0,3,2
17330,-1,4,6,6,1,4,2
17331,-1,4,6,6,1,4,1
17332,10,4,6,6,2,1,2
17333,0,4,6,6,0,2,2
17334,1,4,6,6,0,4,1
17335,1,4,6,6,1,2,1
17336,0,4,6,6,2,1,1
17337,0,4,6,6,0,4,1
17338,-1,4,6,6,0,3,2
17339,0,4,6,6,0,4,1
17340,1,4,6,6,2,1,2
17341,-1,4,6,6,0,0,2
17342,0,4,6,6,1,4,1
17343,1,4,6,6,2,1,2
17344,0,4,6,6,0,3,0
17345,-1,4,6,6,1,2,1
17346,1,4,6,6,1,2,2
17347,0,4,6,6,1,4,2
17348,1,4,6,6,2,1,2
17349,1,4,6,6,0,4,1
17350,0,4,6,6,2,1,1
17351,-1,4,6,6,0,4,2
17352,0,4,6,6,1,4,2
17353,1,4,6,6,0,4,1
17354,0,4,6,6,1,2,1
17355,1,4,6,6,1,4,1
17356,1,4,6,6,0,2,2
17357,0,4,6,6,1,0,1
17358,0,4,6,6,1,4,0
17359,0,4,6,6,1,4,2
17360,1,4,6,6,1,4,1
17361,0,4,6,6,0,4,1
17362,1,4,6,6,0,3,1
17363,1,4,6,6,1,4,0
17364,-1,4,6,6,1,0,1
17365,0,4,6,6,0,4,0
17366,-1,4,6,6,2,1,1
17367,1,4,6,6,1,0,1
17368,1,4,6,6,1,0,2
17369,1,4,6,6,1,4,1
17370,0,4,6,6,0,0,0
17371,-1,4,6,6,1,0,2
17372,0,4,4,1,0,4,2
17373,0,4,4,1,2,1,2
17374,0,4,4,1,2,1,2
17375,1,4,4,1,0,3,2
17376,1,4,4,1,1,4,2
17377,1,4,4,1,1,4,1
17378,1,4,4,1,2,1,2
17379,0,4,4,1,0,2,2
17380,1,4,4,1,0,4,1
17381,-1,4,4,1,1,2,1
17382,-1,4,4,1,2,1,1
17383,0,4,4,1,0,4,1
17384,1,4,4,1,0,3,2
17385,0,4,4,1,0,4,1
17386,0,4,4,1,2,1,2
17387,-1,4,4,1,0,0,2
17388,1,4,4,1,1,4,1
17389,-1,4,4,1,2,1,2
17390,0,4,4,1,0,3,0
17391,0,4,4,1,1,2,1
17392,1,4,4,1,1,2,2
17393,1,4,4,1,1,4,2
17394,0,4,4,1,2,1,2
17395,0,4,4,1,0,4,1
17396,-1,4,4,1,2,1,1
17397,1,4,4,1,0,4,2
17398,-1,4,4,1,1,4,2
17399,-1,4,4,1,0,4,1
17400,0,4,4,1,1,2,1
17401,1,4,4,1,1,4,1
17402,1,4,4,1,0,2,2
17403,0,4,4,1,1,0,1
17404,-1,4,4,1,1,4,0
17405,0,4,4,1,1,4,2
17406,0,4,4,1,1,4,1
17407,0,4,4,1,0,4,1
17408,1,4,4,1,0,3,1
17409,1,4,4,1,1,4,0
17410,0,4,4,1,1,0,1
17411,0,4,4,1,0,4,0
17412,1,4,4,1,2,1,1
17413,0,4,4,1,1,0,1
17414,0,4,4,1,1,0,2
17415,1,4,4,1,1,4,1
17416,1,4,4,1,0,0,0
17417,0,4,4,1,1,0,2
17418,0,2,16,5,0,4,2
17419,0,2,16,5,2,1,1
17420,0,2,16,5,2,1,1
17421,0,2,16,5,0,3,2
17422,0,2,16,5,1,4,2
17423,-1,2,16,5,1,4,2
17424,0,2,16,5,2,1,2
17425,1,2,16,5,0,2,1
17426,0,2,16,5,0,4,1
17427,0,2,16,5,1,2,2
17428,0,2,16,5,2,1,2
17429,0,2,16,5,0,4,2
17430,1,2,16,5,0,3,2
17431,-1,2,16,5,0,4,1
17432,1,2,16,5,2,1,2
17433,0,2,16,5,0,0,2
17434,0,2,16,5,1,4,1
17435,0,2,16,5,2,1,2
17436,0,2,16,5,0,3,1
17437,-1,2,16,5,1,2,1
17438,-1,2,16,5,1,2,2
17439,0,2,16,5,1,4,1
17440,1,2,16,5,2,1,2
17441,0,2,16,5,0,4,2
17442,-1,2,16,5,2,1,2
17443,0,2,16,5,0,4,2
17444,0,2,16,5,1,4,1
17445,0,2,16,5,0,4,1
17446,0,2,16,5,1,2,2
17447,0,2,16,5,1,4,2
17448,0,2,16,5,0,2,1
17449,0,2,16,5,1,0,2
17450,0,2,16,5,1,4,0
17451,0,2,16,5,1,4,2
17452,0,2,16,5,1,4,2
17453,1,2,16,5,0,4,0
17454,0,2,16,5,0,3,0
17455,0,2,16,5,1,4,2
17456,0,2,16,5,1,0,2
17457,0,2,16,5,0,4,0
17458,-1,2,16,5,2,1,2
17459,1,2,16,5,1,0,1
17460,-1,2,16,5,1,0,2
17461,0,2,16,5,1,4,1
17462,-1,2,16,5,0,0,0
17463,1,2,16,5,1,0,1
17464,0,6,33,2,0,4,2
17465,0,6,33,2,2,1,1
17466,-1,6,33,2,2,1,2
17467,-1,6,33,2,0,3,1
17468,1,6,33,2,1,4,2
17469,1,6,33,2,1,4,2
17470,1,6,33,2,2,1,2
17471,0,6,33,2,0,2,2
17472,0,6,33,2,0,4,1
17473,0,6,33,2,1,2,2
17474,0,6,33,2,2,1,1
17475,0,6,33,2,0,4,1
17476,1,6,33,2,0,3,1
17477,0,6,33,2,0,4,2
17478,0,6,33,2,2,1,2
17479,0,6,33,2,0,0,2
17480,0,6,33,2,1,4,2
17481,0,6,33,2,2,1,2
17482,-1,6,33,2,0,3,0
17483,0,6,33,2,1,2,1
17484,0,6,33,2,1,2,2
17485,0,6,33,2,1,4,2
17486,0,6,33,2,2,1,2
17487,0,6,33,2,0,4,1
17488,0,6,33,2,2,1,2
17489,0,6,33,2,0,4,2
17490,-1,6,33,2,1,4,1
17491,0,6,33,2,0,4,0
17492,0,6,33,2,1,2,2
17493,0,6,33,2,1,4,2
17494,1,6,33,2,0,2,2
17495,-1,6,33,2,1,0,1
17496,0,6,33,2,1,4,1
17497,0,6,33,2,1,4,1
17498,-1,6,33,2,1,4,2
17499,0,6,33,2,0,4,1
17500,0,6,33,2,0,3,0
17501,0,6,33,2,1,4,0
17502,-1,6,33,2,1,0,0
17503,1,6,33,2,0,4,0
17504,-1,6,33,2,2,1,0
17505,10,6,33,2,1,0,1
17506,1,6,33,2,1,0,2
17507,0,6,33,2,1,4,1
17508,0,6,33,2,0,0,0
17509,0,6,33,2,1,0,2
17510,1,1,8,6,1,4,2
17511,1,1,8,6,1,4,2
17512,1,1,8,6,2,1,2
17513,0,1,8,6,0,2,2
17514,1,1,8,6,0,4,2
17515,-1,1,8,6,1,2,2
17516,0,1,8,6,2,1,1
17517,0,1,8,6,0,4,1
17518,0,1,8,6,0,3,2
17519,1,1,8,6,0,4,2
17520,0,1,8,6,2,1,2
17521,1,1,8,6,0,0,2
17522,0,1,8,6,1,4,1
17523,-1,1,8,6,2,1,2
17524,10,1,8,6,0,3,0
17525,-1,1,8,6,1,2,1
17526,-1,1,8,6,1,2,2
17527,-1,1,8,6,1,4,1
17528,0,1,8,6,2,1,2
17529,-1,1,8,6,0,4,1
17530,0,1,8,6,2,1,1
17531,0,1,8,6,0,4,1
17532,-1,1,8,6,1,4,0
17533,1,1,8,6,0,4,2
17534,1,1,8,6,1,2,1
17535,-1,1,8,6,1,4,2
17536,0,1,8,6,0,2,1
17537,1,1,8,6,1,0,0
17538,1,1,8,6,1,4,0
17539,0,1,8,6,1,4,2
17540,0,1,8,6,1,4,2
17541,1,1,8,6,0,4,2
17542,1,1,8,6,0,3,1
17543,1,1,8,6,1,4,1
17544,-1,1,8,6,1,0,1
17545,0,1,8,6,0,4,1
17546,-1,1,8,6,2,1,0
17547,10,1,8,6,1,0,0
17548,1,1,8,6,1,0,1
17549,0,1,8,6,1,4,0
17550,0,1,8,6,0,0,0
17551,-1,1,8,6,1,0,2
17552,1,6,33,6,1,0,2
17553,1,6,33,6,1,4,1
17554,0,6,33,6,0,0,0
17555,-1,6,33,6,1,0,2
17556,-1,6,33,6,0,4,2
17557,-1,6,33,6,1,4,1
17558,0,6,33,6,0,4,0
17559,0,6,33,6,1,2,2
17560,0,6,33,6,1,4,2
17561,0,6,33,6,0,2,2
17562,0,6,33,6,1,0,1
17563,1,6,33,6,1,4,1
17564,0,6,33,6,1,4,1
17565,0,6,33,6,1,4,2
17566,1,6,33,6,0,4,1
17567,0,6,33,6,0,3,0
17568,0,6,33,6,1,4,0
17569,0,6,33,6,1,0,0
17570,0,6,33,6,0,4,0
17571,-1,6,33,6,2,1,0
17572,1,6,33,6,1,0,1
17573,1,6,33,6,1,0,2
17574,0,6,33,6,1,4,1
17575,0,6,33,6,0,0,0
17576,-1,6,33,6,1,0,2
17663,0,6,11,2,0,4,2
17664,0,6,11,2,2,1,1
17665,0,6,11,2,2,1,2
17666,1,6,11,2,0,3,1
17667,-1,6,11,2,1,4,2
17668,0,6,11,2,1,4,2
17669,1,6,11,2,2,1,2
17670,-1,6,11,2,0,2,2
17671,0,6,11,2,0,4,1
17672,1,6,11,2,1,2,2
17673,0,6,11,2,2,1,1
17674,0,6,11,2,0,4,1
17675,0,6,11,2,0,3,1
17676,0,6,11,2,0,4,2
17677,0,6,11,2,2,1,2
17678,0,6,11,2,0,0,2
17679,0,6,11,2,1,4,2
17680,0,6,11,2,2,1,2
17681,0,6,11,2,0,3,0
17682,-1,6,11,2,1,2,1
17683,1,6,11,2,1,2,2
17684,0,6,11,2,1,4,2
17685,0,6,11,2,2,1,2
17686,1,6,11,2,0,4,1
17687,-1,6,11,2,2,1,2
17688,0,6,11,2,0,4,2
17689,0,6,11,2,1,4,1
17690,0,6,11,2,0,4,0
17691,0,6,11,2,1,2,2
17692,0,6,11,2,1,4,2
17693,0,6,11,2,0,2,2
17694,0,6,11,2,1,0,1
17695,0,6,11,2,1,4,1
17696,0,6,11,2,1,4,1
17697,0,6,11,2,1,4,2
17698,0,6,11,2,0,4,1
17699,0,6,11,2,0,3,0
17700,0,6,11,2,1,4,0
17701,-1,6,11,2,1,0,0
17702,1,6,11,2,0,4,0
17703,-1,6,11,2,2,1,0
17704,1,6,11,2,1,0,1
17705,0,6,11,2,1,0,2
17706,0,6,11,2,1,4,1
17707,0,6,11,2,0,0,0
17708,-1,6,11,2,1,0,2
17709,-1,7,13,5,0,4,2
17710,1,7,13,5,2,1,2
17711,0,7,13,5,2,1,2
17712,0,7,13,5,0,3,1
17713,0,7,13,5,1,4,1
17714,0,7,13,5,1,4,1
17715,0,7,13,5,2,1,1
17716,0,7,13,5,0,2,2
17717,1,7,13,5,0,4,2
17718,0,7,13,5,1,2,1
17719,0,7,13,5,2,1,2
17720,0,7,13,5,0,4,2
17721,1,7,13,5,0,3,1
17722,0,7,13,5,0,4,2
17723,0,7,13,5,2,1,2
17724,0,7,13,5,0,0,2
17725,0,7,13,5,1,4,2
17726,0,7,13,5,2,1,2
17727,0,7,13,5,0,3,2
17728,1,7,13,5,1,2,2
17729,0,7,13,5,1,2,2
17730,0,7,13,5,1,4,2
17731,0,7,13,5,2,1,1
17732,1,7,13,5,0,4,0
17733,0,7,13,5,2,1,2
17734,-1,7,13,5,0,4,2
17735,0,7,13,5,1,4,2
17736,0,7,13,5,0,4,1
17737,0,7,13,5,1,2,2
17738,0,7,13,5,1,4,2
17739,0,7,13,5,0,2,2
17740,0,7,13,5,1,0,2
17741,0,7,13,5,1,4,0
17742,0,7,13,5,1,4,2
17743,0,7,13,5,1,4,1
17744,0,7,13,5,0,4,1
17745,0,7,13,5,0,3,1
17746,0,7,13,5,1,4,0
17747,-1,7,13,5,1,0,0
17748,0,7,13,5,0,4,2
17749,-1,7,13,5,2,1,0
17750,1,7,13,5,1,0,0
17751,0,7,13,5,1,0,2
17752,1,7,13,5,1,4,2
17753,0,7,13,5,0,0,0
17754,-1,7,13,5,1,0,0
17755,0,0,16,0,0,4,2
17756,1,0,16,0,2,1,2
17757,0,0,16,0,2,1,2
17758,0,0,16,0,0,3,2
17759,0,0,16,0,1,4,2
17760,0,0,16,0,1,4,2
17761,0,0,16,0,2,1,2
17762,0,0,16,0,0,2,2
17763,-1,0,16,0,0,4,2
17764,1,0,16,0,1,2,2
17765,0,0,16,0,2,1,2
17766,0,0,16,0,0,4,2
17767,0,0,16,0,0,3,2
17768,0,0,16,0,0,4,2
17769,0,0,16,0,2,1,2
17770,0,0,16,0,0,0,2
17771,0,0,16,0,1,4,2
17772,0,0,16,0,2,1,2
17773,0,0,16,0,0,3,2
17774,0,0,16,0,1,2,2
17775,0,0,16,0,1,2,2
17776,0,0,16,0,1,4,2
17777,0,0,16,0,2,1,2
17778,0,0,16,0,0,4,2
17779,0,0,16,0,2,1,2
17780,0,0,16,0,0,4,2
17781,0,0,16,0,1,4,2
17782,0,0,16,0,0,4,2
17783,0,0,16,0,1,2,2
17784,0,0,16,0,1,4,2
17785,1,0,16,0,0,2,2
17786,0,0,16,0,1,0,2
17787,0,0,16,0,1,4,2
17788,0,0,16,0,1,4,2
17789,1,0,16,0,1,4,2
17790,1,0,16,0,0,4,2
17791,0,0,16,0,0,3,2
17792,0,0,16,0,1,4,2
17793,0,0,16,0,1,0,2
17794,0,0,16,0,0,4,2
17795,0,0,16,0,2,1,2
17796,1,0,16,0,1,0,2
17797,-1,0,16,0,1,0,2
17798,1,0,16,0,1,4,2
17799,0,0,16,0,0,0,2
17800,0,0,16,0,1,0,2
17801,0,9,16,0,0,4,2
17802,0,9,16,0,2,1,2
17803,0,9,16,0,2,1,0
17804,0,9,16,0,0,3,0
17805,1,9,16,0,1,4,2
17806,0,9,16,0,1,4,2
17807,0,9,16,0,2,1,2
17808,0,9,16,0,0,2,2
17809,0,9,16,0,0,4,2
17810,0,9,16,0,1,2,2
17811,0,9,16,0,2,1,2
17812,0,9,16,0,0,4,2
17813,1,9,16,0,0,3,2
17814,0,9,16,0,0,4,2
17815,0,9,16,0,2,1,2
17816,0,9,16,0,0,0,1
17817,0,9,16,0,1,4,0
17818,0,9,16,0,2,1,1
17819,0,9,16,0,0,3,0
17820,0,9,16,0,1,2,2
17821,0,9,16,0,1,2,2
17822,0,9,16,0,1,4,2
17823,0,9,16,0,2,1,2
17824,0,9,16,0,0,4,1
17825,0,9,16,0,2,1,2
17826,0,9,16,0,0,4,1
17827,0,9,16,0,1,4,2
17828,0,9,16,0,0,4,1
17829,0,9,16,0,1,2,2
17830,0,9,16,0,1,4,2
17831,0,9,16,0,0,2,2
17832,0,9,16,0,1,0,2
17833,0,9,16,0,1,4,1
17834,0,9,16,0,1,4,1
17835,0,9,16,0,1,4,0
17836,0,9,16,0,0,4,0
17837,1,9,16,0,0,3,1
17838,-1,9,16,0,1,4,0
17839,0,9,16,0,1,0,1
17840,1,9,16,0,0,4,2
17841,-1,9,16,0,2,1,0
17842,1,9,16,0,1,0,0
17843,1,9,16,0,1,0,0
17844,0,9,16,0,1,4,2
17845,0,9,16,0,0,0,1
17846,0,9,16,0,1,0,0
17890,0,7,16,0,0,4,2
17891,1,7,16,0,2,1,2
17892,0,7,16,0,2,1,2
17893,0,7,16,0,0,3,1
17894,0,7,16,0,1,4,1
17895,0,7,16,0,1,4,1
17896,1,7,16,0,2,1,1
17897,0,7,16,0,0,2,2
17898,0,7,16,0,0,4,2
17899,0,7,16,0,1,2,1
17900,0,7,16,0,2,1,2
17901,0,7,16,0,0,4,2
17902,0,7,16,0,0,3,1
17903,0,7,16,0,0,4,2
17904,0,7,16,0,2,1,2
17905,0,7,16,0,0,0,2
17906,0,7,16,0,1,4,2
17907,0,7,16,0,2,1,2
17908,0,7,16,0,0,3,2
17909,0,7,16,0,1,2,2
17910,0,7,16,0,1,2,2
17911,0,7,16,0,1,4,2
17912,1,7,16,0,2,1,1
17913,0,7,16,0,0,4,0
17914,0,7,16,0,2,1,2
17915,0,7,16,0,0,4,2
17916,0,7,16,0,1,4,2
17917,0,7,16,0,0,4,1
17918,0,7,16,0,1,2,2
17919,0,7,16,0,1,4,2
17920,0,7,16,0,0,2,2
17921,0,7,16,0,1,0,2
17922,0,7,16,0,1,4,0
17923,0,7,16,0,1,4,2
17924,1,7,16,0,1,4,1
17925,1,7,16,0,0,4,1
17926,1,7,16,0,0,3,1
17927,0,7,16,0,1,4,0
17928,0,7,16,0,1,0,0
17929,0,7,16,0,0,4,2
17930,-1,7,16,0,2,1,0
17931,1,7,16,0,1,0,0
17932,0,7,16,0,1,0,2
17933,0,7,16,0,1,4,2
17934,0,7,16,0,0,0,0
17935,0,7,16,0,1,0,0
