,0,1,2,3
0,-0.4318944936510748,-0.4215911210289206,-0.4087398400604712,0.18178925330015083
1,1.1539550968400956,-0.0385231726680098,0.2708526010916427,1.3545709992784871
2,-0.027872019453385303,-0.4708999282828016,-0.7821857834508561,0.542645175139639
3,1.1372999245876496,-0.6445427051934703,-0.02869591180453173,-1.0812064731380577
4,0.8232115107571114,-0.5579209215100496,-0.07752099980963517,0.27200323376002283
5,-0.7117094137358413,-0.4215911210289206,0.6377005596164733,1.1741430383587432
6,0.0618728508843074,0.9269825438951914,-1.5079641186618515,0.542645175139639
7,2.218131096821851,-0.12634732183959937,1.2143644368659365,1.0839290578988712
8,0.22798456326449626,-0.36254347574557094,0.13361451588810894,-0.44970860991895345
9,-0.522497168781426,-0.5323209975022835,1.0164248908993014,2.0762828429574633
10,1.1688466453709603,-0.36254347574557094,-0.8547636169719556,-1.442062394977546
11,-0.08941252619486799,-0.43985253947377473,0.22862549795209378,-1.2616344340578016
12,0.1213845812114071,-0.6082737678027452,-0.317687648915819,-0.5399225903788254
13,-0.12374979991269207,-0.5842752994104199,0.24050187071009205,-0.0888526880794653
14,0.5921194729180119,-0.6236832999805464,0.1415320977267744,0.632859155599511
15,-0.6132252539691835,-0.15890174757447112,-0.7148863378222001,-0.44970860991895345
16,1.006378274315647,-0.0385231726680098,-0.22135706987872325,0.542645175139639
17,0.78782724221717,-0.6236832999805464,1.1774157216188317,-0.6301365708386975
18,-0.7297354970729623,-0.5323209975022835,0.18112000692010144,-0.7203505512985695
19,-0.5882751022054402,-0.22127251675420845,-0.8547636169719556,-0.0888526880794653
20,0.1173922416124924,-0.0385231726680098,0.2708526010916427,1.3545709992784871
21,-0.22711348585580116,-0.5323209975022835,0.18112000692010144,-0.7203505512985695
22,0.243745382650411,-0.5029846688035554,1.037538442469076,0.45243119467976695
23,-0.40083149737490237,-0.551137026234718,-0.637030116408657,-1.0812064731380577
24,-0.5512053224939593,-0.44196684938801617,-1.0025584779603764,-0.8105645317584416
25,-0.20228229448936885,0.2637141774619474,-0.4153378249260257,0.0013612923804067448
26,0.17151635587342076,-0.18513231040992228,-1.327179333345658,-0.26928064899920934
27,0.5868379179289613,-0.5122140758088042,-1.0527031629385908,0.542645175139639
28,-0.14561414763534278,-0.4215911210289206,1.4862014133267825,-1.0812064731380577
29,-0.10572085005997335,0.016315835157083593,2.0391125450602496,-1.0812064731380577
30,0.26339463044481815,-0.0385231726680098,1.4914798012192259,0.542645175139639
31,1.1452889035588758,-0.36254347574557094,-0.131624475707182,0.542645175139639
32,-0.33887534587173046,-0.21496939252986363,1.7316464503254096,0.8132871165192551
33,-0.7231016633506228,-0.5323209975022835,-0.7399586803113073,-1.351848414517674
34,-0.17386365885221905,-0.21496939252986363,-0.19232593647028334,1.9860688624975915
35,-0.4213435663642643,-0.36433144011737867,-1.0025584779603764,-0.8105645317584416
36,1.2658430835423307,-0.36254347574557094,-0.27678014274938123,-1.2616344340578016
37,-0.6855173440893266,0.016315835157083593,0.13361451588810894,-0.44970860991895345
38,-0.7396930556310163,0.3490563530487841,0.18112000692010144,-0.7203505512985695
39,-0.7344150837864629,-0.5323209975022835,0.19563557362432124,-0.17906666853933734
40,1.2979408919493296,3.76239899907999,-1.4899384240091564,-0.8105645317584416
41,0.008529862123794953,0.1485991260563155,-1.5079641186618515,0.542645175139639
42,-0.7261889006495141,-0.5323209975022835,1.4030668040207954,1.9860688624975915
43,-0.49704251027245994,-0.4434554364560922,0.4806685198162759,0.542645175139639
44,-0.6353733867360221,-0.5726303542305935,-0.6000814011615518,0.0013612923804067448
45,0.3904500678042116,-0.6082737678027452,0.8831455966151006,-1.0812064731380577
46,-0.736862371478133,-0.5323209975022835,0.002974415550129697,0.09157527284027878
47,-0.7395009990859599,0.3490563530487841,0.19563557362432124,-0.17906666853933734
48,0.04382813519580047,0.2637141774619474,-1.5079641186618515,0.542645175139639
49,-0.7451480348137374,-0.4215911210289206,-0.5842462374842209,0.27200323376002283
50,-0.36457939123771005,-0.551137026234718,-1.0025584779603764,-0.8105645317584416
51,1.061055626086962,-0.6552132112833685,0.6231849929122528,0.45243119467976695
52,-0.7435298867587473,-0.5268237160947709,-0.08411898467518968,2.0762828429574633
53,-0.5822833679770205,-0.22127251675420845,0.8066089721746683,-0.8105645317584416
54,-0.14682740036213557,0.2637141774619474,2.2410108819462176,2.2567108038772075
55,-0.05696285299823246,0.1485991260563155,-0.7148863378222001,-0.44970860991895345
56,1.856204120807584,-0.6552132112833685,0.7432683174653448,-0.8105645317584416
57,5.9574318978513645,0.3841766424983934,1.224921212650824,0.542645175139639
58,0.8176225219701906,1.3608040607023235,0.2708526010916427,1.3545709992784871
59,0.9446163292442301,-0.6552132112833685,-0.24115102447538678,-0.5399225903788254
60,-0.7253676439307283,-0.5323209975022835,1.3186125977416983,-0.9909924926781858
61,-0.13233501412827237,0.2637141774619474,-1.2163331876043426,-0.7203505512985695
62,-0.26242035847460016,0.1485991260563155,1.8530493718516123,-0.6301365708386975
63,1.7428642439550348,-0.0385231726680098,-0.42193580979158024,-0.9909924926781858
64,-0.5745509421518024,0.9389371162997321,-0.9128258837888352,0.18178925330015083
65,-0.5181228659790968,-0.5943366417497988,-0.7003707711179802,0.542645175139639
66,-0.043786197423785304,0.3490563530487841,-0.3084504701040428,-1.0812064731380577
67,-0.5094244243974012,0.3490563530487841,-0.5842462374842209,0.27200323376002283
68,-0.036852096192570336,0.1485991260563155,-1.4538606427643046,0.632859155599511
69,-0.683811767308602,-0.6024713571940952,-0.9181042716812791,-1.442062394977546
70,-0.16344530791180945,0.1485991260563155,1.7158112866480788,0.09157527284027878
71,0.3791925444225294,-0.6082737678027452,-0.2741409488031593,0.18178925330015083
72,-0.6357560665683359,-0.6024850303896584,0.438441416676727,-0.17906666853933734
73,-0.09319919329963638,-0.5842752994104199,-0.957692180874606,0.542645175139639
74,-0.5506707173349591,-0.5323209975022835,-0.47340009174290537,0.542645175139639
75,1.5470697625590415,-0.5906996712437486,-0.5829266405111102,-0.0888526880794653
76,0.08597738054668311,6.128009589620586,-1.2070960087925662,-1.5322763754374178
77,0.06368448874215277,-0.0385231726680098,-0.2992132912922664,-1.2616344340578016
78,-0.6989297705716974,-0.5268237160947709,0.07159345815189667,-1.0812064731380577
79,-0.5342857141776111,-0.4215911210289206,1.7448424200565187,-0.8105645317584416
80,-0.7435965332463975,0.3490563530487841,-0.7399586803113073,-1.351848414517674
81,0.2527548411744741,-0.6082737678027452,1.4281391465099027,1.9860688624975915
82,-0.5997949117643261,-0.6024850303896584,0.15472806745788342,-0.9909924926781858
83,-0.7426591826458985,-0.4215911210289206,-1.0566619538579234,0.542645175139639
84,0.05752363009345955,0.2637141774619474,-1.3232205424263255,1.4447849797383594
85,-0.4754268327779232,0.016315835157083593,-0.09335616348696589,2.0762828429574633
86,-0.6070493461136015,-0.15890174757447112,0.7920934054704486,-0.5399225903788254
87,-0.287111807205637,-0.4708999282828016,-0.131624475707182,0.542645175139639
88,1.0569629584421223,-0.0385231726680098,0.12173814313011087,0.09157527284027878
89,-0.17102580841034107,2.131862646173851,-0.6752984286288732,1.1741430383587432
90,-0.5515414214478079,-0.17414029514807344,-0.46284331595801825,0.09157527284027878
91,-0.3954811460115031,-0.4434554364560922,1.8530493718516123,-0.6301365708386975
92,2.1899324662568365,3.76239899907999,-1.4893050174620635,-0.9909924926781858
93,1.081801316097549,-0.0385231726680098,0.8818259996419895,0.45243119467976695
94,-0.7325582983079515,0.3490563530487841,1.7448424200565187,-0.8105645317584416
95,1.700126646277692,0.8604907093976325,-0.4021418551949165,-1.442062394977546
96,0.38976855372082125,1.3608040607023235,-0.3216464398351517,-0.7203505512985695
97,1.0965631547976107,-0.5906996712437486,0.19959436454365387,-0.8105645317584416
98,-0.48073561966515344,0.9389371162997321,1.275065897629038,1.9860688624975915
99,-0.35559214820953033,0.2637141774619474,3.2254302238869488,-1.0812064731380577
100,-0.57975653447751,-0.6024713571940952,0.8712692238571027,-0.7203505512985695
101,0.7476451431953166,-0.36254347574557094,-0.5987618041884408,0.18178925330015083
102,1.3850679169172793,0.9269825438951914,0.6825668567022438,1.0839290578988712
103,0.08682586916364865,-0.6082737678027452,0.10326378550655846,-0.5399225903788254
104,2.4674706563280053,-0.5579209215100496,-1.1107654297554703,0.632859155599511
105,-0.32474199071649873,-0.4215911210289206,-0.8204540956710722,0.632859155599511
106,-0.6573538283403861,-0.44196684938801617,0.13361451588810894,-0.44970860991895345
107,1.704263028285399,-0.5579209215100496,1.1101162759901755,0.542645175139639
108,-0.7495266373894631,-0.5268237160947709,-0.7584330379348599,-0.7203505512985695
109,-0.6406728574475594,-0.48370263686745274,-0.012860748127201017,0.542645175139639
110,-0.4733593584029691,0.9389371162997321,-0.7755877985853016,0.542645175139639
111,-0.2673435990139188,-0.3113367612781184,-0.9181042716812791,-1.442062394977546
112,0.13396213502590212,0.1485991260563155,-0.48263727055468175,0.542645175139639
113,-0.7341535142381586,0.3490563530487841,-0.47340009174290537,0.542645175139639
114,1.1058356161277774,-0.5579209215100496,0.9003003572655423,-1.351848414517674
115,-0.72519135322146,-0.5323209975022835,-0.45756492806557447,0.45243119467976695
116,-0.734233060045999,-0.5323209975022835,-1.2440447240396713,-0.8105645317584416
117,-0.38937690104586753,-0.5122140758088042,0.7247939598417927,-1.0812064731380577
118,0.9605856876398889,0.9269825438951914,1.2763854946021493,0.09157527284027878
119,-0.36505881597145157,-0.17414029514807344,-1.1252809964596904,0.27200323376002283
120,-0.21697748670178038,-0.2909305816974626,0.33551285277407705,1.9860688624975915
121,-0.33722853266076186,-0.36433144011737867,-0.957692180874606,0.542645175139639
122,-0.33771225716790015,-0.5879856513896028,-0.5354211494791177,-0.8105645317584416
123,1.04598635358903,-0.6552132112833685,0.36322438920940586,-1.5322763754374178
124,-0.5465364852139505,0.9389371162997321,-0.15405762425006742,0.542645175139639
125,-0.6280580389302921,-0.5726303542305935,-0.14218125149206934,-0.7203505512985695
126,-0.7370680439722792,-0.4215911210289206,0.002974415550129697,0.09157527284027878
127,0.6168610856720111,-0.6236832999805464,0.24050187071009205,0.18178925330015083
128,0.7164008398075796,-0.6236832999805464,-0.10787173019118584,0.542645175139639
129,0.08098319374631748,-0.0385231726680098,0.8132069570402228,0.542645175139639
130,0.14745410731611341,-0.2566382072246268,1.5759340074983237,-0.9909924926781858
131,-0.3303044642341394,0.1485991260563155,-0.34803837929736986,1.3545709992784871
132,1.1035273544426034,-0.12634732183959937,0.7696602569275632,2.2567108038772075
133,-0.7231016633506228,0.3490563530487841,-0.7399586803113073,-1.351848414517674
134,-0.6819392159943022,-0.5019875007626324,2.6263331980946,-0.44970860991895345
135,-0.7058316235024364,-0.5268237160947709,-0.1817691606853962,-1.351848414517674
136,-0.39871099246138797,0.2637141774619474,2.677797480045925,-0.8105645317584416
137,-0.726712039746123,-0.5323209975022835,0.6377005596164733,1.1741430383587432
138,-0.7350722324872715,-0.5019875007626324,-0.8376088563215139,0.542645175139639
139,0.5212785563192838,1.3608040607023235,0.468792147058278,0.0013612923804067448
140,-0.04937948598410294,0.9269825438951914,-1.406355151732312,-1.5322763754374178
141,0.508275324938507,-0.2566382072246268,0.34738922553207496,2.2567108038772075
142,-0.36055910311171624,0.2637141774619474,0.2985641375269715,0.8132871165192551
143,-0.721856162323354,0.3490563530487841,-1.4208707184365321,-1.5322763754374178
144,-0.38223139428931063,-0.3113367612781184,-0.6159165648388827,-0.44970860991895345
145,-0.6165568617227922,-0.48370263686745274,-0.4813176735815706,-1.5322763754374178
146,-0.32095460698283085,-0.36433144011737867,-0.27809973972249197,0.45243119467976695
147,0.4920981441620035,-0.5842752994104199,1.037538442469076,0.45243119467976695
148,-0.2738276572962703,-0.515388247455416,0.12173814313011087,0.09157527284027878
149,-0.7468758270903454,0.3490563530487841,-0.6093185799733282,0.27200323376002283
150,-0.7389943424540388,-0.4215911210289206,1.7448424200565187,-0.8105645317584416
151,-0.043786197423785304,0.3490563530487841,-0.3084504701040428,-1.0812064731380577
152,-0.7405752258062567,-0.5323209975022835,-1.4208707184365321,-1.5322763754374178
153,-0.2920357643738551,-0.5323209975022835,0.2906465556883062,1.4447849797383594
154,-0.16489146503092805,-0.4215911210289206,0.16792403718899243,0.0013612923804067448
155,-0.5506707173349591,-0.4215911210289206,-0.47340009174290537,0.542645175139639
156,-0.4840342624893869,-0.15890174757447112,1.8530493718516123,-0.6301365708386975
157,-0.7185023390738619,0.016315835157083593,-0.7003707711179802,0.542645175139639
158,-0.736862371478133,-0.4215911210289206,0.002974415550129697,0.09157527284027878
159,-0.7376520965253425,-0.4215911210289206,-0.994640896121711,0.542645175139639
160,-0.7434997883449698,-0.5323209975022835,-1.1477141450025756,-0.5399225903788254
161,-0.7396665403617362,-0.5323209975022835,-1.2440447240396713,-0.8105645317584416
162,1.8618110253169915,0.8604907093976325,1.6076043348529852,1.9860688624975915
163,-0.14483302213492694,0.3490563530487841,0.8950219693730989,0.09157527284027878
164,-0.7271441669724998,-0.5323209975022835,1.0164248908993014,2.0762828429574633
165,-0.7307129788918313,0.3490563530487841,1.3186125977416983,-0.9909924926781858
166,1.0899651525202447,-0.0385231726680098,-0.5354211494791177,-0.8105645317584416
167,0.8649852425646747,-0.5906996712437486,0.6231849929122528,0.45243119467976695
168,-0.6911744126216965,-0.6024850303896584,1.6076043348529852,1.9860688624975915
169,-0.5628569917703466,-0.5323209975022835,-1.4208707184365321,-1.5322763754374178
170,-0.023031191237505046,-0.17247164781760813,-0.6845356074406495,2.2567108038772075
171,-0.6144320570358811,-0.22127251675420845,1.3199321947148086,1.4447849797383594
172,-0.5141806904031447,-0.5943366417497988,1.1747765276726094,0.09157527284027878
173,2.7662189119366145,1.736012150723348,1.2143644368659365,1.0839290578988712
174,1.7197923765367868,-0.6552132112833685,-0.464162912931129,-1.5322763754374178
175,-0.7441676864792703,-0.5323209975022835,-0.650226086139766,-0.0888526880794653
176,-0.25529635058502714,-0.515388247455416,0.468792147058278,0.0013612923804067448
177,5.944849327634573,0.3841766424983934,0.772299450873785,-0.5399225903788254
178,-0.4194760314522607,0.016315835157083593,-0.27678014274938123,-1.2616344340578016
179,-0.4615392813352077,0.1485991260563155,1.2763854946021493,0.09157527284027878
180,-0.6757783573456089,-0.5019875007626324,2.7398185377821376,0.45243119467976695
181,-0.07024700290759908,0.2637141774619474,-0.18968674252406165,2.0762828429574633
182,-0.7436753624253386,-0.4215911210289206,-0.45756492806557447,0.45243119467976695
183,0.9668146260340311,-0.12634732183959937,-0.11183052111051847,-0.26928064899920934
184,1.640796223062157,1.1815188316586127,1.7448424200565187,-0.8105645317584416
185,-0.42496397556435705,-0.4434554364560922,-1.406355151732312,-1.5322763754374178
186,-0.16489146503092805,0.3490563530487841,0.16792403718899243,0.0013612923804067448
187,-0.24975035953207425,0.3490563530487841,0.5400503836062664,-0.44970860991895345
188,-0.3415684372759167,-0.36433144011737867,-0.5987618041884408,0.18178925330015083
189,-0.0762975007057748,-0.17247164781760813,-0.8943515261652825,0.542645175139639
190,0.2527548411744741,-0.0385231726680098,1.4281391465099027,1.9860688624975915
191,-0.5106534429599823,0.3490563530487841,0.5651227260953737,0.8132871165192551
192,-0.29293083386928576,-0.5879856513896028,0.10326378550655846,-0.5399225903788254
193,0.2527548411744741,-0.6082737678027452,1.4281391465099027,1.9860688624975915
194,-0.4542783973258371,-0.5323209975022835,1.4030668040207954,1.9860688624975915
195,0.011788373729658382,-0.17247164781760813,-0.2345530396098323,1.1741430383587432
196,-0.7325582983079515,-0.4215911210289206,1.7448424200565187,-0.8105645317584416
197,0.04433192531212368,-0.2566382072246268,-0.6990511741448694,-0.8105645317584416
198,1.2345937637522977,-0.12634732183959937,-1.1252809964596904,0.27200323376002283
199,-0.6416768545357086,-0.48370263686745274,-0.33748160351248274,-1.442062394977546
200,-0.7452598289220538,0.3490563530487841,-0.0590466421860824,-0.8105645317584416
201,-0.029068073086590943,2.131862646173851,1.2579111369785965,-0.6301365708386975
202,-0.7441676864792703,-0.4215911210289206,-0.650226086139766,-0.0888526880794653
203,-0.2920357643738551,-0.4215911210289206,0.2906465556883062,1.4447849797383594
204,0.2573004182837752,-0.6445427051934703,0.7670210629813413,0.45243119467976695
205,-0.4805378300889014,-0.5625188569380566,-0.7148863378222001,-0.5399225903788254
206,-0.3522275755265462,-0.36433144011737867,-0.20156311528205972,1.4447849797383594
207,0.29196089163525757,-0.5029846688035554,1.2143644368659365,1.0839290578988712
208,0.033815396212487595,-0.18513231040992228,0.9029395512117642,2.2567108038772075
209,0.009103881872265695,-0.5115191112634179,-0.24115102447538678,-0.5399225903788254
210,-0.3019037443194762,-0.5323209975022835,1.5759340074983237,-0.44970860991895345
211,-0.450901641951562,0.016315835157083593,-0.957692180874606,0.27200323376002283
212,-0.5273487464307982,-0.15890174757447112,1.3067362249836996,-1.0812064731380577
213,-0.4720708596417326,-0.5625188569380566,-0.8547636169719556,-1.442062394977546
214,-0.6434677101554694,-0.5019875007626324,1.7976262989809548,-0.9909924926781858
215,-0.7372629670329334,0.3490563530487841,-0.3203268428620409,-0.6301365708386975
216,-0.43154549537703574,-0.2909305816974626,-1.0566619538579234,0.542645175139639
217,1.3660629185034907,-0.12634732183959937,-0.317687648915819,-0.17906666853933734
218,-0.7441777192838629,-0.4215911210289206,3.233347805725615,0.45243119467976695
219,1.296523399986189,3.76239899907999,-1.4987401358198063,0.27200323376002283
220,-0.25568691333523513,-0.4708999282828016,-0.5987618041884408,0.18178925330015083
221,1.4804261414244746,0.8604907093976325,-0.4153378249260257,0.18178925330015083
222,0.72862366231684,-0.5579209215100496,0.04388192171656769,-1.442062394977546
223,-0.1954177062614019,-0.5029846688035554,-0.22135706987872325,-1.5322763754374178
224,1.0482215191264586,3.76239899907999,-1.4965496048444422,0.0013612923804067448
225,-0.522497168781426,0.3490563530487841,1.0164248908993014,2.0762828429574633
226,-0.5215454856029377,-0.4215911210289206,-0.25302739723338485,-0.5399225903788254
227,-0.7452598289220538,0.3490563530487841,-0.0590466421860824,-0.8105645317584416
228,-0.6546041232531422,-0.48370263686745274,-0.45096694320001995,-0.5399225903788254
229,-0.7441676864792703,-0.5323209975022835,-0.650226086139766,-0.0888526880794653
230,-0.695308644742705,-0.5019875007626324,-0.34803837929736986,1.3545709992784871
231,1.081801316097549,-0.6082737678027452,0.8818259996419895,0.45243119467976695
232,-0.3457306179240044,6.128009589620586,-1.2163331876043426,-0.7203505512985695
233,-0.5627086495881576,-0.44196684938801617,-0.8547636169719556,-1.442062394977546
234,-0.7271441669724998,-0.4215911210289206,1.0164248908993014,2.0762828429574633
235,-0.7441440377255881,0.3490563530487841,0.5651227260953737,0.8132871165192551
236,-0.7322544476545786,-0.5323209975022835,-1.1477141450025756,-0.5399225903788254
237,-0.4354031087428512,-0.2909305816974626,0.19563557362432124,-0.17906666853933734
238,-0.5764887066959535,-0.5726303542305935,2.2990731487630973,-0.7203505512985695
239,-0.5386234689060675,-0.3113367612781184,-0.08411898467518968,2.0762828429574633
240,-0.20131627873289118,-0.43985253947377473,-0.5341015525060067,-0.9909924926781858
241,-0.4024682777812784,-0.36433144011737867,1.037538442469076,0.45243119467976695
242,1.735619842410352,-0.6552132112833685,0.2484194525487573,-1.351848414517674
243,0.3709978929571571,-0.6082737678027452,-0.836289259348403,0.542645175139639
244,0.21626338098486084,-0.6082737678027452,-0.5657718798606685,-0.44970860991895345
245,0.03401461904653859,0.1485991260563155,0.9860741605177505,-0.7203505512985695
246,-0.7325582983079515,-0.5323209975022835,1.7448424200565187,-0.8105645317584416
247,-0.7396930556310163,-0.5323209975022835,0.18112000692010144,-0.7203505512985695
248,-0.2531400142265396,-0.5029846688035554,-0.957692180874606,0.542645175139639
249,-0.72519135322146,-0.4215911210289206,-0.45756492806557447,0.45243119467976695
250,-0.552278115956457,-0.5323209975022835,-1.2440447240396713,-0.8105645317584416
251,-0.3518757107369093,0.9389371162997321,0.628463380804697,-0.9909924926781858
252,0.26339463044481815,-0.6082737678027452,1.4914798012192259,0.542645175139639
253,0.028776778420355215,-0.5842752994104199,-0.22135706987872325,-1.5322763754374178
254,1.8710111071283122,0.8604907093976325,0.438441416676727,-0.17906666853933734
255,-0.31677307735445753,-0.5625188569380566,-0.957692180874606,0.27200323376002283
256,-0.5917815674105181,-0.6024850303896584,1.8530493718516123,-0.6301365708386975
257,-0.7062809498224004,-0.5019875007626324,-1.4538606427643046,0.632859155599511
258,-0.14409847751297614,0.3490563530487841,0.9029395512117642,2.2567108038772075
259,-0.733805232593019,0.3490563530487841,-0.0590466421860824,-0.8105645317584416
260,-0.1652153812934858,6.128009589620586,-1.4710154034147462,-0.8105645317584416
261,-0.6440123481190623,-0.5943366417497988,-1.0421463871537036,-0.8105645317584416
262,0.23378782409235682,-0.5842752994104199,2.2990731487630973,-0.7203505512985695
263,-0.48340147917116,-0.4434554364560922,-0.34803837929736986,1.3545709992784871
264,-0.48274289721255254,-0.4434554364560922,-1.501366133796297,0.27200323376002283
265,-0.37122612428024,-0.551137026234718,-0.131624475707182,0.542645175139639
266,0.5592563048463856,1.3608040607023235,-0.2345530396098323,1.1741430383587432
267,-0.11973094504449722,0.3490563530487841,-0.6027205951077735,-0.9909924926781858
268,-0.4479018333784051,-0.15890174757447112,0.4806685198162759,0.542645175139639
269,-0.3377230066013921,-0.5122140758088042,1.1774157216188317,-0.6301365708386975
270,6.478437590226479,0.3841766424983934,-0.6159165648388827,-0.44970860991895345
271,-0.7297354970729623,-0.5323209975022835,0.18112000692010144,-0.7203505512985695
272,-0.7307129788918313,-0.4215911210289206,1.3186125977416983,-0.9909924926781858
273,-0.3106150852213622,-0.17414029514807344,-0.317687648915819,-0.17906666853933734
274,-0.35559214820953033,0.1485991260563155,3.2254302238869488,-1.0812064731380577
275,-0.7354398631126967,-0.5268237160947709,-0.6752984286288732,1.1741430383587432
276,-0.7231016633506228,-0.5323209975022835,-0.7399586803113073,-1.351848414517674
277,-0.5774497060501349,0.3490563530487841,-1.31530296058766,-1.442062394977546
278,-0.694559767542765,0.016315835157083593,-0.6000814011615518,0.0013612923804067448
279,-0.7322544476545786,-0.4215911210289206,-1.1477141450025756,-0.5399225903788254
280,-0.3080681861126667,-0.4215911210289206,0.9939917423564165,-0.7203505512985695
281,-0.7297354970729623,-0.4215911210289206,0.18112000692010144,-0.7203505512985695
282,-0.006641888306760225,2.131862646173851,-0.6304321315431025,-0.5399225903788254
283,-0.3667665426388746,-0.551137026234718,1.037538442469076,0.45243119467976695
284,1.006378274315647,-0.0385231726680098,-0.22135706987872325,0.542645175139639
285,-0.35227702292060925,0.2637141774619474,0.7920934054704486,-0.5399225903788254
286,-0.7341535142381586,-0.4215911210289206,-0.47340009174290537,0.542645175139639
287,-0.5764887066959535,-0.44196684938801617,2.2990731487630973,-0.7203505512985695
288,-0.5074579946972716,-0.4434554364560922,0.6522161263206931,1.1741430383587432
289,0.28068330264439045,-0.6082737678027452,0.8000109873091135,1.4447849797383594
290,-0.41924742683333166,-0.5842752994104199,-0.6000814011615518,0.0013612923804067448
291,-0.269497785485708,-0.5323209975022835,-1.327179333345658,-0.26928064899920934
292,0.4378199546876904,-0.18513231040992228,1.4862014133267825,-1.0812064731380577
293,0.8598835614293896,-0.6552132112833685,0.1771612160007688,-1.2616344340578016
294,-0.08792337134178142,-0.21496939252986363,-0.27809973972249197,0.45243119467976695
295,-0.3736526297338255,-0.15890174757447112,-0.7716290076659689,0.27200323376002283
296,-0.7093796531836833,-0.5019875007626324,-0.4021418551949165,-1.442062394977546
297,-0.6109879385450564,-0.6024850303896584,2.7398185377821376,0.45243119467976695
298,0.19733362860551565,-0.6082737678027452,-0.3216464398351517,-0.7203505512985695
299,-0.5342857141776111,-0.5323209975022835,1.7448424200565187,-0.8105645317584416
300,-0.31469772006160945,-0.4708999282828016,-1.0421463871537036,-0.8105645317584416
301,-0.352803028532816,0.1485991260563155,-1.130559384352134,-1.2616344340578016
302,0.4398100331415024,-0.5122140758088042,0.36322438920940586,-1.5322763754374178
303,0.03401461904653859,0.1485991260563155,0.9860741605177505,-0.7203505512985695
304,1.2704631900571761,0.8604907093976325,-1.2163331876043426,-0.7203505512985695
305,1.2178439964851224,3.76239899907999,-1.4980275534543264,-0.5399225903788254
306,2.0803720902200613,0.8604907093976325,-1.501366133796297,0.27200323376002283
307,1.1653100817521047,-0.6552132112833685,-0.11446971505674035,0.8132871165192551
308,-0.20534301651898015,-0.4215911210289206,3.233347805725615,0.45243119467976695
309,-0.7316144980473571,-0.4215911210289206,-1.0764559084545868,0.542645175139639
310,-0.5586396306970003,0.3490563530487841,-0.994640896121711,0.542645175139639
311,-0.7299074880088335,0.3490563530487841,-0.650226086139766,-0.0888526880794653
312,0.6394098139936502,-0.2566382072246268,-1.3192617515069927,0.45243119467976695
313,-0.7389943424540388,-0.4215911210289206,1.7448424200565187,-0.8105645317584416
314,1.081801316097549,-0.0385231726680098,0.8818259996419895,0.45243119467976695
315,-0.4542783973258371,-0.5323209975022835,1.4030668040207954,1.9860688624975915
316,-0.7355237086939339,-0.5323209975022835,1.4030668040207954,1.9860688624975915
317,0.008529862123794953,0.1485991260563155,-1.5079641186618515,0.542645175139639
318,-0.35430006630379646,-0.43985253947377473,0.49386448954738493,0.0013612923804067448
319,-0.36594098614669196,-0.551137026234718,2.0391125450602496,-1.0812064731380577
320,-0.5986604882164744,-0.22127251675420845,-0.2517078002602741,0.632859155599511
321,-0.34477463497211924,-0.3113367612781184,-0.33220321562003896,-0.26928064899920934
322,-0.4116325281476258,0.1485991260563155,0.438441416676727,-0.17906666853933734
323,-0.5527260090186222,-0.6024713571940952,-0.5341015525060067,-0.9909924926781858
324,-0.7376520965253425,-0.5323209975022835,-0.994640896121711,0.542645175139639
325,-0.028873866654836086,-0.5906996712437486,-0.9933212991486001,-0.44970860991895345
326,-0.027675663134932058,0.2637141774619474,1.7158112866480788,0.09157527284027878
327,-0.39871099246138797,0.2637141774619474,2.677797480045925,-0.8105645317584416
328,-0.5876064874422401,-0.22127251675420845,1.421541161644348,-0.44970860991895345
329,1.0577362010246438,-0.0385231726680098,0.10326378550655846,-0.5399225903788254
330,-0.5302102456263585,-0.15890174757447112,3.2254302238869488,-1.0812064731380577
331,0.43509819812752565,-0.2566382072246268,1.921668414453379,0.09157527284027878
332,0.13396213502590212,0.2637141774619474,-0.48263727055468175,0.542645175139639
333,-0.3693542895948396,-0.21496939252986363,-0.8547636169719556,-1.442062394977546
334,0.02298713354158447,-0.6082737678027452,-0.3929046763831405,-1.0812064731380577
335,-0.7444392888321673,-0.6024713571940952,-1.3522516758347651,1.4447849797383594
336,1.0256125939772647,0.8604907093976325,-0.8376088563215139,0.542645175139639
337,1.1355162352568835,-0.0385231726680098,0.468792147058278,0.0013612923804067448
338,0.9845425917489748,1.1815188316586127,-0.3084504701040428,-1.0812064731380577
339,1.6919298449256213,-0.6552132112833685,-0.7346802924188636,-0.17906666853933734
340,-0.017905861348537562,0.2637141774619474,-1.501366133796297,0.27200323376002283
341,1.1615879112482883,-0.0385231726680098,0.5769990988533716,-1.351848414517674
342,-0.6298990585730155,0.9389371162997321,-1.1886216511690135,0.09157527284027878
343,-0.5240078225014965,0.9389371162997321,0.18639839481254483,0.45243119467976695
344,-0.4318944936510748,0.3490563530487841,-0.4087398400604712,0.18178925330015083
345,-0.36286736479689025,0.2637141774619474,-0.42853379465713476,-0.8105645317584416
346,2.489251875098318,1.736012150723348,2.0391125450602496,-1.0812064731380577
347,-0.027282233869126343,-0.17247164781760813,0.7340311386535687,1.9860688624975915
348,-0.7489354185474053,0.48242346860245094,0.2325842888714264,-1.442062394977546
349,-0.7405752258062567,-0.5323209975022835,-1.4208707184365321,-1.5322763754374178
350,-0.5571010284498508,0.9389371162997321,-0.03793309061630812,-1.5322763754374178
351,-0.35157042682573764,-0.36433144011737867,-0.17649077279295264,-1.5322763754374178
352,-0.23703664622668102,0.3490563530487841,-0.7254431136070874,-1.2616344340578016
353,2.6498441116948346,1.736012150723348,0.814526554013334,-0.44970860991895345
354,-0.5983408717273133,-0.22127251675420845,-0.6185557587851044,0.27200323376002283
355,-0.24974534312977803,-0.21496939252986363,-0.46284331595801825,0.09157527284027878
356,0.2693498165993651,0.9269825438951914,-0.34803837929736986,1.3545709992784871
357,-0.7444514715234583,0.3490563530487841,1.0164248908993014,2.0762828429574633
358,-0.745604527422696,-0.5323209975022835,-0.994640896121711,0.542645175139639
359,0.1221671399696219,0.2637141774619474,0.15472806745788342,-0.9909924926781858
360,-0.7271441669724998,-0.5323209975022835,1.0164248908993014,2.0762828429574633
361,0.021075167637814158,0.3490563530487841,-1.0764559084545868,0.542645175139639
362,1.4943760395814434,3.76239899907999,-1.4964836249957867,2.0762828429574633
363,-0.3213451697330387,-0.17414029514807344,-0.27809973972249197,0.45243119467976695
364,-0.7344150837864629,-0.5323209975022835,0.19563557362432124,-0.17906666853933734
365,-0.5628569917703466,-0.5323209975022835,-1.4208707184365321,-1.5322763754374178
366,2.1905322846456876,-0.12634732183959937,-0.6489064891666553,-0.7203505512985695
367,-0.16344530791180945,0.2637141774619474,1.7158112866480788,0.09157527284027878
368,-0.5774497060501349,-0.5323209975022835,-1.31530296058766,-1.442062394977546
369,-0.7418931063523713,-0.4215911210289206,0.5400503836062664,-0.44970860991895345
370,-0.7322544476545786,0.3490563530487841,-1.1477141450025756,-0.5399225903788254
371,0.20140193086777367,-0.6445427051934703,-0.7755877985853016,0.542645175139639
372,-0.5212652837032472,-0.17414029514807344,0.7696602569275632,2.2567108038772075
373,-0.4324842792353337,-0.5625188569380566,-0.6871748013868713,-0.5399225903788254
374,1.0946834371943164,-0.36254347574557094,-0.5552151040757812,0.542645175139639
375,0.1470090807695463,-0.18513231040992228,0.5400503836062664,-0.44970860991895345
376,-0.6375017745674306,-0.48370263686745274,0.7670210629813413,0.45243119467976695
377,0.29667057676253583,-0.2566382072246268,1.384592446397243,1.9860688624975915
378,1.6502155933167133,0.8604907093976325,-0.39422427335625143,-0.0888526880794653
379,0.2710446439465978,-0.2566382072246268,1.2407563763281546,1.9860688624975915
380,-0.7173765150728036,-0.4215911210289206,-1.0566619538579234,0.542645175139639
381,0.181083351681267,-0.6445427051934703,-0.7491958591230835,1.3545709992784871
382,5.8285992208212996,0.3841766424983934,-1.18334326327657,0.542645175139639
383,0.45800022449660055,-0.6236832999805464,1.0322600545766325,1.9860688624975915
384,0.14015022557277498,0.2637141774619474,0.6706904839442459,1.9860688624975915
385,-0.3316696422876186,-0.5906996712437486,-0.7689898137197472,0.0013612923804067448
386,-0.4235472002301165,-0.4434554364560922,2.7398185377821376,0.45243119467976695
387,-0.20742625672972237,-0.5029846688035554,0.24050187071009205,-0.0888526880794653
388,6.533285499675865,0.3841766424983934,-0.18968674252406165,-1.5322763754374178
389,-0.014319850335619031,0.2637141774619474,2.6263331980946,-0.44970860991895345
390,-0.689425838107004,0.016315835157083593,-0.46284331595801825,0.09157527284027878
391,0.08759767848837152,2.131862646173851,-0.7373194863650855,0.27200323376002283
392,-0.5293137428731289,-0.17414029514807344,-0.14218125149206934,-0.7203505512985695
393,-0.7285043286236828,-0.4215911210289206,-0.25302739723338485,-0.5399225903788254
394,1.7428642439550348,-0.6082737678027452,-0.42193580979158024,-0.9909924926781858
395,1.4326664084196874,0.9269825438951914,1.3067362249836996,-1.0812064731380577
396,-0.7313744273660366,-0.4215911210289206,-0.5842462374842209,0.27200323376002283
397,-0.2776766711152922,-0.4708999282828016,-0.2662233669644939,-0.8105645317584416
398,-0.002221004625965972,0.2637141774619474,-1.406355151732312,-1.5322763754374178
399,0.3148751006956233,-0.5122140758088042,-0.9260218535199443,2.2567108038772075
400,-0.3160184671233219,6.128009589620586,-0.8376088563215139,0.542645175139639
401,-0.6557414133165917,-0.15890174757447112,-0.4153378249260257,0.18178925330015083
402,-0.25569336299533035,2.131862646173851,1.921668414453379,0.09157527284027878
403,-0.4815052791031779,-0.5323209975022835,-0.650226086139766,-0.0888526880794653
404,-0.18822346873968138,-0.0385231726680098,0.7564642871964542,0.632859155599511
405,-0.5342857141776111,-0.5323209975022835,1.7448424200565187,-0.8105645317584416
406,-0.7300787623158056,-0.4215911210289206,-0.518266388828676,-0.7203505512985695
407,-0.3080681861126667,-0.4215911210289206,0.9939917423564165,-0.7203505512985695
408,1.1132899899400033,-0.6082737678027452,-0.663422055870875,-0.0888526880794653
409,0.16222526219186822,-0.5842752994104199,-1.0302700143957053,1.3545709992784871
410,0.8972392760717567,-0.6552132112833685,-0.6845356074406495,-0.26928064899920934
411,0.23054937809567838,-0.6082737678027452,0.5769990988533716,-1.351848414517674
412,-0.005605642918135118,-0.6082737678027452,-0.5657718798606685,-0.44970860991895345
413,0.27311283495045124,-0.6445427051934703,-0.9735273445519366,-0.0888526880794653
414,-0.0873264194685278,0.1485991260563155,-0.7148863378222001,-0.44970860991895345
415,-0.5690730308442985,-0.4215911210289206,-0.0590466421860824,-0.8105645317584416
416,-0.3160786639508768,-0.17414029514807344,-0.957692180874606,0.542645175139639
417,2.253386372159888,1.736012150723348,-0.09335616348696589,2.0762828429574633
418,2.4784365117476055,-0.12634732183959937,0.6838864536753546,1.9860688624975915
419,-0.7473036545433255,-0.5268237160947709,-1.3522516758347651,1.4447849797383594
420,1.0975205710072948,-0.0385231726680098,-0.9510941960090515,-1.5322763754374178
421,1.2167934185185079,-0.6082737678027452,0.7340311386535687,1.9860688624975915
422,-0.740980121134454,-0.5323209975022835,-1.31530296058766,-1.442062394977546
423,-0.5736322239026894,-0.44196684938801617,-1.0421463871537036,-0.8105645317584416
424,-0.736862371478133,0.3490563530487841,0.002974415550129697,0.09157527284027878
425,-0.23703664622668102,0.3490563530487841,-0.7254431136070874,-1.2616344340578016
426,-0.11014675014306374,-0.4215911210289206,0.33551285277407705,1.9860688624975915
427,-0.1710544735663196,-0.4708999282828016,0.6838864536753546,1.9860688624975915
428,-0.6708715992709781,-0.6024713571940952,-0.6990511741448694,-0.8105645317584416
429,0.40606541152353504,-0.6082737678027452,-0.836289259348403,0.542645175139639
430,0.012204735120247119,-0.2566382072246268,-0.15141843030384572,-0.8105645317584416
431,-0.7441676864792703,-0.4215911210289206,-0.650226086139766,-0.0888526880794653
432,-0.7438774517749874,0.48242346860245094,-0.6528652800859877,-1.5322763754374178
433,-0.644793473619478,-0.48370263686745274,2.0787004542535765,-0.7203505512985695
434,-0.20534301651898015,-0.5323209975022835,3.233347805725615,0.45243119467976695
435,-0.26972710673353656,-0.4215911210289206,-0.4997920312051234,1.3545709992784871
436,1.3592312952048993,-0.12634732183959937,-1.0302700143957053,1.3545709992784871
437,0.44824045551479846,1.3608040607023235,0.5769990988533716,-1.351848414517674
438,2.19102460869962,3.76239899907999,-1.4854781862400417,-0.6301365708386975
439,-0.708318325783577,-0.6024713571940952,-1.061940341750367,-0.17906666853933734
440,-0.16273656193023944,-0.5879856513896028,-0.7201647257146438,-0.17906666853933734
441,-0.020058614562527725,0.1485991260563155,-1.4538606427643046,0.632859155599511
442,-0.72519135322146,0.3490563530487841,-0.45756492806557447,0.45243119467976695
443,-0.12704557622132756,-0.5323209975022835,-0.518266388828676,-0.7203505512985695
444,-0.7418931063523713,-0.4215911210289206,0.5400503836062664,-0.44970860991895345
445,0.654983593236805,-0.6236832999805464,-0.8798359594610627,2.0762828429574633
446,-0.4468397893493993,-0.2909305816974626,0.8950219693730989,0.09157527284027878
447,-0.6944135752472743,-0.5019875007626324,-1.504005327742519,-1.351848414517674
448,-0.522497168781426,-0.4215911210289206,1.0164248908993014,2.0762828429574633
449,-0.005605642918135118,-0.0385231726680098,-0.5657718798606685,-0.44970860991895345
450,-0.23593303772150623,-0.515388247455416,0.732711541680458,-0.9909924926781858
451,-0.5447606788010783,0.3490563530487841,-1.0566619538579234,0.542645175139639
452,-0.15374358587086395,0.1485991260563155,0.6522161263206931,1.1741430383587432
453,-0.5054836820792479,-0.4434554364560922,-1.504005327742519,-1.351848414517674
454,-0.19115448093848972,-0.5625188569380566,-0.17649077279295264,-1.5322763754374178
455,-0.7358741402257719,-0.5019875007626324,1.7158112866480788,0.09157527284027878
456,-0.7471818276304165,0.3490563530487841,0.728752750761125,1.0839290578988712
457,-0.4996746882201917,0.9389371162997321,1.0560128000926285,-1.2616344340578016
458,-0.25662211404903584,-0.3113367612781184,-0.37574991573269867,-1.0812064731380577
459,-0.7231016633506228,-0.5323209975022835,-0.7399586803113073,-1.351848414517674
460,-0.16219120733774722,0.1485991260563155,0.6522161263206931,1.1741430383587432
461,0.2660576234352268,-0.5906996712437486,-0.8798359594610627,2.0762828429574633
462,-0.5872947538709732,0.9389371162997321,-0.6594632649515424,0.632859155599511
463,0.6218645886480699,-0.2566382072246268,-0.4931940463395687,0.27200323376002283
464,-0.1347873182222386,-0.17247164781760813,-0.651545683112877,0.8132871165192551
465,1.0105318554169413,-0.5579209215100496,-0.74391747123064,-1.5322763754374178
466,-0.014319850335619031,0.1485991260563155,2.6263331980946,-0.44970860991895345
467,-0.3340653326985272,-0.36433144011737867,-0.19232593647028334,1.9860688624975915
468,-0.3202766760439377,-0.5879856513896028,1.2367975854088222,0.45243119467976695
469,0.016053748939269016,-0.5842752994104199,-0.5024312251513451,-1.351848414517674
470,1.0346657668641952,-0.12634732183959937,-0.17649077279295264,-1.5322763754374178
471,-0.19918574101478426,-0.5879856513896028,0.7709798539006739,-0.8105645317584416
472,0.025746154804521318,0.9269825438951914,2.677797480045925,-0.8105645317584416
473,-0.3401122473522056,-0.3113367612781184,-0.6752984286288732,1.1741430383587432
474,-0.017905861348537562,0.2637141774619474,-1.501366133796297,0.27200323376002283
475,-0.2387730380500826,0.1485991260563155,-1.501366133796297,0.27200323376002283
476,-0.4236052471709731,-0.4434554364560922,-0.18968674252406165,2.0762828429574633
477,-0.6567067124441699,-0.48370263686745274,0.6047106352887008,2.2567108038772075
478,-0.4815052791031779,-0.4215911210289206,-0.650226086139766,-0.0888526880794653
479,0.6409025519912341,-0.6236832999805464,-0.11446971505674035,0.8132871165192551
480,-0.6317744764029132,-0.6024850303896584,0.6522161263206931,1.1741430383587432
481,1.769154491760776,-0.5906996712437486,-0.7346802924188636,-0.17906666853933734
482,-0.009534919173896966,-0.5115191112634179,-1.0527031629385908,0.542645175139639
483,-0.5196815338354314,-0.5323209975022835,-0.7399586803113073,-1.351848414517674
484,-0.7325582983079515,-0.5323209975022835,1.7448424200565187,-0.8105645317584416
485,-0.47035883320091276,-0.3113367612781184,1.921668414453379,0.09157527284027878
486,-0.4038141068544721,-0.4434554364560922,-1.4538606427643046,0.632859155599511
487,-0.35663842640274795,0.9389371162997321,1.783110732276735,1.0839290578988712
488,2.4668249736895884,3.76239899907999,-1.4876423252759436,-0.7203505512985695
489,-0.42175132820805944,-0.4708999282828016,-0.6000814011615518,0.0013612923804067448
490,-0.734233060045999,0.3490563530487841,-1.2440447240396713,-0.8105645317584416
491,-0.6203628778078463,-0.5943366417497988,-0.19232593647028334,1.9860688624975915
492,-0.3553183959699351,-0.5906996712437486,-0.7412782772844182,0.542645175139639
493,-0.6379768995277753,-0.48370263686745274,-0.03793309061630812,-1.5322763754374178
494,0.37058224819546787,-0.6236832999805464,-0.6066793860271064,1.4447849797383594
495,0.45831052481006856,-0.6552132112833685,0.4120494772145093,0.45243119467976695
496,-0.7395009990859599,-0.5323209975022835,0.19563557362432124,-0.17906666853933734
497,1.1596651959110258,-0.36254347574557094,-1.1252809964596904,0.27200323376002283
498,-0.7450634726036005,-0.5268237160947709,-0.2543469942064958,-1.5322763754374178
499,-0.7373862272036412,0.3490563530487841,-0.3084504701040428,-1.0812064731380577
500,-0.3827402008079302,0.1485991260563155,-0.7716290076659689,0.27200323376002283
501,-0.7446987084937734,-0.3113367612781184,-1.3192617515069927,0.45243119467976695
502,1.1355162352568835,-0.6082737678027452,0.468792147058278,0.0013612923804067448
503,0.713898371690651,-0.6552132112833685,1.2367975854088222,0.542645175139639
504,1.5988870483925945,3.76239899907999,-1.4963648612682066,-1.0812064731380577
505,-0.3383858883333964,-0.515388247455416,-0.5354211494791177,-0.8105645317584416
506,-0.7384669035840332,-0.5323209975022835,0.33551285277407705,1.9860688624975915
507,-0.6924256466801608,-0.5019875007626324,0.7920934054704486,-0.5399225903788254
508,-0.43122874540347256,-0.2909305816974626,-0.25302739723338485,-0.5399225903788254
509,0.16645695584320389,-0.18513231040992228,-0.7399586803113073,-1.351848414517674
510,-0.08514213458296122,-0.5115191112634179,-0.8798359594610627,2.0762828429574633
511,-0.06302481685879949,-0.4215911210289206,0.728752750761125,1.0839290578988712
512,-0.748562771519684,0.48242346860245094,-0.7082883529566457,0.0013612923804067448
513,-0.5960770410339061,-0.48370263686745274,1.5284285164663314,-0.7203505512985695
514,1.061742873201548,-0.6082737678027452,-0.7359998893919746,0.27200323376002283
515,-0.39800152985091847,-0.5879856513896028,-0.6845356074406495,2.2567108038772075
516,-0.49752910129519606,0.9389371162997321,-0.012860748127201017,0.542645175139639
517,-0.734233060045999,-0.4215911210289206,-1.2440447240396713,-0.8105645317584416
518,-0.4615392813352077,0.2637141774619474,1.2763854946021493,0.09157527284027878
519,-0.7263788073078721,0.3490563530487841,0.33551285277407705,1.9860688624975915
520,-0.3646668199634447,-0.17414029514807344,-0.5552151040757812,0.542645175139639
521,-0.41792524651382035,-0.515388247455416,-1.0632599387234778,2.0762828429574633
522,-0.1884979376081762,-0.515388247455416,0.8831455966151006,-1.0812064731380577
523,2.3685995169556366,1.736012150723348,-0.957692180874606,0.27200323376002283
524,0.4164156827184956,-0.6236832999805464,0.4120494772145093,0.45243119467976695
525,-0.04223971225874168,0.1485991260563155,-0.7716290076659689,0.27200323376002283
526,-0.7543423835938622,0.48242346860245094,0.2840485708227517,0.09157527284027878
527,-0.33544412670109613,0.2637141774619474,0.9860741605177505,-0.7203505512985695
528,-0.740980121134454,-0.5323209975022835,-1.31530296058766,-1.442062394977546
529,-0.5106534429599823,0.3490563530487841,0.5651227260953737,0.8132871165192551
530,-0.7312010031723662,0.3490563530487841,-1.0764559084545868,0.542645175139639
531,1.2413967218949107,-0.6082737678027452,-0.6528652800859877,-0.44970860991895345
532,-0.4489122801266496,0.016315835157083593,-0.317687648915819,-0.17906666853933734
533,-0.4516992499166656,-0.17414029514807344,-0.20156311528205972,1.4447849797383594
534,-0.7471818276304165,0.3490563530487841,0.728752750761125,1.0839290578988712
535,-0.423537167425524,0.2637141774619474,2.7398185377821376,0.45243119467976695
536,1.120310086639154,-0.6552132112833685,-0.10787173019118584,0.542645175139639
537,0.9831666642620038,-0.5579209215100496,1.6247590955034263,-0.7203505512985695
538,-0.22610447236535564,6.128009589620586,-1.5079641186618515,0.542645175139639
539,-0.32474199071649873,-0.4215911210289206,-0.8204540956710722,0.632859155599511
540,-0.4542783973258371,-0.5323209975022835,1.4030668040207954,1.9860688624975915
541,0.35135796133844305,-0.18513231040992228,-1.0566619538579234,0.542645175139639
542,-0.48399484789991637,-0.17414029514807344,-0.11183052111051847,-0.26928064899920934
543,-0.734233060045999,-0.5323209975022835,-1.2440447240396713,-0.8105645317584416
544,1.1002960747349195,-0.5579209215100496,1.5983671560412087,1.9860688624975915
545,-0.2580553718479642,0.2637141774619474,0.15472806745788342,-0.9909924926781858
546,-0.37486659908951775,-0.5879856513896028,-0.5657718798606685,-0.44970860991895345
547,-0.7444514715234583,-0.5323209975022835,1.0164248908993014,2.0762828429574633
548,-0.42868901258377173,-0.4434554364560922,-0.4153378249260257,0.18178925330015083
549,-0.5586396306970003,-0.4215911210289206,-0.994640896121711,0.542645175139639
550,2.1826293011423976,1.736012150723348,-0.6871748013868713,-0.5399225903788254
551,0.28068330264439045,-0.0385231726680098,0.8000109873091135,1.4447849797383594
552,0.7492217267741378,-0.5842752994104199,2.0391125450602496,-1.0812064731380577
553,-0.7312010031723662,-0.5323209975022835,-1.0764559084545868,0.542645175139639
554,1.5268328790670735,-0.36254347574557094,0.814526554013334,-0.44970860991895345
555,2.3212031148028776,1.736012150723348,-0.27678014274938123,-1.2616344340578016
556,0.7758115254598551,1.3608040607023235,0.8818259996419895,0.45243119467976695
557,0.16891499296836593,6.128009589620586,1.8530493718516123,-0.6301365708386975
558,-0.4668595342848294,-0.4434554364560922,0.9860741605177505,-0.7203505512985695
559,-0.25090484868911095,-0.5879856513896028,0.8831455966151006,-1.0812064731380577
560,-0.14483302213492694,-0.4215911210289206,0.8950219693730989,0.09157527284027878
561,-0.7374356745977043,0.3490563530487841,-0.6027205951077735,-0.9909924926781858
562,-0.5987901980472774,-0.22127251675420845,-0.5499367161833376,0.18178925330015083
563,-0.11014675014306374,0.3490563530487841,0.33551285277407705,1.9860688624975915
564,0.7820039157801246,-0.6236832999805464,-0.25038820328716316,1.3545709992784871
565,0.09934680929508596,-0.6082737678027452,1.7250484654598552,-0.7203505512985695
566,-0.40745744817934776,-0.36433144011737867,-0.7148863378222001,-0.5399225903788254
567,-0.7359300372799301,0.3490563530487841,3.233347805725615,0.45243119467976695
568,-0.7261889006495141,0.3490563530487841,1.4030668040207954,1.9860688624975915
569,-0.23703664622668102,-0.4215911210289206,-0.7254431136070874,-1.2616344340578016
570,0.1047552075993418,-0.17247164781760813,-1.0632599387234778,2.0762828429574633
571,-0.5627086495881576,-0.5726303542305935,-0.8547636169719556,-1.442062394977546
572,-0.021738392702871735,0.1485991260563155,-0.5908442223497754,-0.26928064899920934
573,-0.2778321795864759,0.9269825438951914,2.2410108819462176,2.2567108038772075
574,0.08163030964253364,-0.5323209975022835,1.3186125977416983,-0.9909924926781858
575,-0.5222090839638414,0.9389371162997321,-1.038187596234371,0.27200323376002283
576,5.832340023676503,0.3841766424983934,-0.6304321315431025,-0.5399225903788254
577,-0.29815649180417825,0.1485991260563155,-0.3572755581091461,-0.7203505512985695
578,0.37266978817960694,1.3608040607023235,-0.6343909224624353,-0.26928064899920934
579,0.3601037004275032,-0.6445427051934703,0.690484438540909,-0.6301365708386975
580,-0.4554665680411486,-0.2909305816974626,-0.7254431136070874,-1.2616344340578016
581,0.948453160371961,-0.6552132112833685,0.24050187071009205,0.18178925330015083
582,-0.34477248508542085,-0.5879856513896028,0.7564642871964542,0.632859155599511
583,-0.26972710673353656,-0.4215911210289206,-0.4997920312051234,1.3545709992784871
584,-0.7251533718897885,-0.5268237160947709,-1.061940341750367,-0.17906666853933734
585,-0.45094033991213306,-0.4434554364560922,2.2410108819462176,2.2567108038772075
586,-0.5356107610127202,0.3490563530487841,-0.45756492806557447,0.45243119467976695
587,-0.3990556909620302,0.1485991260563155,2.6263331980946,-0.44970860991895345
588,-0.11014675014306374,-0.4215911210289206,0.33551285277407705,1.9860688624975915
589,-0.3028504110956683,0.2637141774619474,-0.9708881506057149,0.45243119467976695
590,0.03890274476978349,-0.5906996712437486,-0.6066793860271064,1.4447849797383594
591,-0.7391168859958471,-0.4215911210289206,-0.25302739723338485,-0.5399225903788254
592,0.19733362860551565,-0.0385231726680098,-0.3216464398351517,-0.7203505512985695
593,-0.16489146503092805,-0.4215911210289206,0.16792403718899243,0.0013612923804067448
594,0.061602681789209364,-0.6552132112833685,0.7247939598417927,-1.0812064731380577
595,-0.7350836985496629,-0.5019875007626324,-0.4153378249260257,0.0013612923804067448
596,-0.3021832295902672,0.2637141774619474,-0.18968674252406165,2.0762828429574633
597,-0.22935510105332496,2.131862646173851,-0.33220321562003896,-0.26928064899920934
598,-0.34539953537245194,-0.5879856513896028,0.2708526010916427,1.3545709992784871
599,-0.7452304471371758,-0.5323209975022835,-0.7254431136070874,-1.2616344340578016
600,-0.5801291815052313,-0.15890174757447112,0.9860741605177505,-0.7203505512985695
601,-0.7271441669724998,0.3490563530487841,1.0164248908993014,2.0762828429574633
602,1.1360881051186558,3.76239899907999,-1.4964704290260555,-1.5322763754374178
603,2.3952624117890995,1.736012150723348,-0.5552151040757812,0.542645175139639
604,-0.5512053224939593,-0.5726303542305935,-1.0025584779603764,-0.8105645317584416
605,-0.44159693232091973,-0.5726303542305935,1.1998488701617167,-0.9909924926781858
606,-0.23878235422577565,0.3490563530487841,-1.1477141450025756,-0.5399225903788254
607,0.013119870224862792,2.131862646173851,0.6495769323744712,0.45243119467976695
608,-0.21023329212892344,0.1485991260563155,2.2410108819462176,2.2567108038772075
609,-0.6111362807272456,-0.22127251675420845,-0.7135667408490893,-0.9909924926781858
610,-0.7452598289220538,-0.4215911210289206,-0.0590466421860824,-0.8105645317584416
611,1.3279662095790778,3.76239899907999,-1.4937652552311782,0.45243119467976695
612,-0.24975035953207425,-0.5323209975022835,0.5400503836062664,-0.44970860991895345
613,0.9356126037513627,-0.6552132112833685,-0.6066793860271064,1.4447849797383594
614,1.6940976473465006,0.8604907093976325,-1.5079641186618515,0.542645175139639
615,0.9840954153157093,-0.36254347574557094,-0.22135706987872325,-1.5322763754374178
616,-0.6520292756173675,-0.15890174757447112,-1.5079641186618515,0.542645175139639
617,-0.39014011082379685,-0.3113367612781184,1.2407563763281546,1.9860688624975915
618,-0.4921730169006011,0.9389371162997321,-0.7491958591230835,1.3545709992784871
619,-0.38602236116747596,-0.5029846688035554,-0.9378982262779424,0.632859155599511
620,-0.2577930856707602,0.2637141774619474,0.6825668567022438,1.0839290578988712
621,2.852695954492751,-0.36254347574557094,2.0391125450602496,-1.0812064731380577
622,-0.5882134721200862,-0.22127251675420845,0.16000645535032718,0.45243119467976695
623,-0.4807227203449631,-0.44196684938801617,0.6838864536753546,1.9860688624975915
624,-0.7359300372799301,0.3490563530487841,3.233347805725615,0.45243119467976695
625,-0.44661118473047023,0.016315835157083593,-1.0302700143957053,1.3545709992784871
626,-0.348056795331665,-0.5879856513896028,-0.7887837683164106,-1.442062394977546
627,0.021075167637814158,-0.4215911210289206,-1.0764559084545868,0.542645175139639
628,-0.5586396306970003,-0.4215911210289206,-0.994640896121711,0.542645175139639
629,1.623736872110413,-0.5906996712437486,-0.464162912931129,-1.5322763754374178
630,-0.4854245225543473,0.9389371162997321,0.7670210629813413,0.45243119467976695
631,-0.1816161502866221,-0.5879856513896028,-0.2345530396098323,1.1741430383587432
632,0.05752363009345955,0.1485991260563155,-1.3232205424263255,1.4447849797383594
633,3.522440124838345,1.736012150723348,-0.7821857834508561,0.542645175139639
634,0.6308962626680162,-0.2566382072246268,0.030685951985458673,0.542645175139639
635,-0.12092699867770285,6.128009589620586,0.2985641375269715,0.8132871165192551
636,-0.5157608571264631,-0.5029846688035554,-0.46284331595801825,0.09157527284027878
637,2.1970270923615316,1.736012150723348,1.7316464503254096,0.8132871165192551
638,1.3171486963416668,1.736012150723348,1.1747765276726094,0.09157527284027878
639,-0.7435965332463975,-0.4215911210289206,-0.7399586803113073,-1.351848414517674
640,-0.0018576737739376687,0.2637141774619474,-0.5908442223497754,-0.26928064899920934
641,-0.7082136979642553,-0.5268237160947709,0.6495769323744712,0.45243119467976695
642,0.054854187442955706,-0.6082737678027452,-0.651545683112877,0.8132871165192551
643,0.9655547924287733,-0.6082737678027452,0.9293314906739818,-0.8105645317584416
644,0.14139214345554627,0.9269825438951914,-0.42853379465713476,-0.8105645317584416
645,-0.7253676439307283,-0.4215911210289206,1.3186125977416983,-0.9909924926781858
646,0.03909623457263884,-0.17247164781760813,-0.5657718798606685,-0.44970860991895345
647,-0.7314310410490943,-0.5323209975022835,-0.3203268428620409,-0.6301365708386975
648,-0.7449968261159504,-0.4215911210289206,-0.47340009174290537,0.542645175139639
649,0.3149166651717922,-0.2566382072246268,-0.6304321315431025,-0.5399225903788254
650,-0.13321431778791484,0.1485991260563155,-1.504005327742519,-1.351848414517674
651,-0.726712039746123,-0.4215911210289206,0.6377005596164733,1.1741430383587432
652,-0.7459305935719522,-0.5268237160947709,0.030685951985458673,0.542645175139639
653,-0.7300787623158056,-0.5323209975022835,-0.518266388828676,-0.7203505512985695
654,0.19733362860551565,-0.6082737678027452,-0.3216464398351517,-0.7203505512985695
655,-0.2654230335633549,-0.5625188569380566,-0.09335616348696589,2.0762828429574633
656,1.8410932838334835,-0.6082737678027452,1.4136235798056829,1.0839290578988712
657,-0.33018048743453204,-0.21496939252986363,-0.5552151040757812,0.542645175139639
658,-0.7147328710626805,-0.5268237160947709,-1.18334326327657,0.542645175139639
659,-0.7449968261159504,-0.4215911210289206,-0.47340009174290537,0.542645175139639
660,2.3228126633110744,-0.12634732183959937,-0.637030116408657,-1.0812064731380577
661,-0.31474000116667783,-0.5879856513896028,-0.4997920312051234,-0.6301365708386975
662,0.01580364545335597,0.2637141774619474,-1.3232205424263255,1.4447849797383594
663,-0.5506707173349591,-0.5323209975022835,-0.47340009174290537,0.542645175139639
664,1.0960514817633933,-0.0385231726680098,0.8132069570402228,0.542645175139639
665,-0.6356371061710249,-0.22127251675420845,-0.33088361864692806,-0.26928064899920934
666,-0.09252269561854233,0.1485991260563155,-0.4021418551949165,-1.442062394977546
667,0.14060385166613582,-0.2566382072246268,-0.6159165648388827,-0.44970860991895345
668,-0.4615622134599905,-0.4434554364560922,-0.4153378249260257,0.0013612923804067448
669,0.09934680929508596,-0.6082737678027452,1.7250484654598552,-0.7203505512985695
670,-0.5889752486402167,-0.22127251675420845,0.7683406599544521,-0.6301365708386975
671,-0.522497168781426,0.3490563530487841,1.0164248908993014,2.0762828429574633
672,-0.45031902265629764,-0.2909305816974626,-1.4960877459038535,-1.5322763754374178
673,-0.5585056210928004,-0.5726303542305935,-0.19232593647028334,1.9860688624975915
674,-0.4700227342470641,-0.3113367612781184,1.384592446397243,1.9860688624975915
675,-0.6180811313919525,-0.6024850303896584,2.6263331980946,-0.44970860991895345
676,0.2984800647336828,-0.6082737678027452,-0.7359998893919746,0.27200323376002283
677,-0.002221004625965972,0.1485991260563155,-1.406355151732312,-1.5322763754374178
678,0.08682586916364865,-0.0385231726680098,0.10326378550655846,-0.5399225903788254
679,2.813059210063389,-0.36254347574557094,1.959936726673596,-0.9909924926781858
680,1.0446828056209048,0.8604907093976325,-0.4153378249260257,0.0013612923804067448
681,-0.5721065209757302,-0.44196684938801617,-0.22135706987872325,-1.5322763754374178
682,-0.2387730380500826,0.1485991260563155,-1.501366133796297,0.27200323376002283
683,-0.09931992072995964,-0.5323209975022835,0.002974415550129697,0.09157527284027878
684,-0.7389943424540388,0.3490563530487841,1.7448424200565187,-0.8105645317584416
685,-0.1856113564011346,6.128009589620586,0.4806685198162759,0.542645175139639
686,2.6333143494997944,1.736012150723348,-0.6489064891666553,-0.7203505512985695
687,1.0152752221024945,-0.5579209215100496,0.2893269587151951,0.542645175139639
688,-0.5745272933981201,0.016315835157083593,-0.17649077279295264,-1.5322763754374178
689,-0.6050341856483084,-0.22127251675420845,1.9401427720769318,-0.7203505512985695
690,-0.7231016633506228,0.3490563530487841,-0.7399586803113073,-1.351848414517674
691,-0.7263788073078721,0.3490563530487841,0.33551285277407705,1.9860688624975915
692,-0.2996463632861642,0.1485991260563155,1.3067362249836996,-1.0812064731380577
693,-0.021738392702871735,0.2637141774619474,-0.5908442223497754,-0.26928064899920934
694,2.0777126803741495,0.8604907093976325,0.6522161263206931,1.1741430383587432
695,-0.38599656252709524,-0.21496939252986363,-0.6489064891666553,-0.7203505512985695
696,1.2731140003562935,3.76239899907999,-1.498225493000293,0.542645175139639
697,-0.41719428503636696,-0.2909305816974626,1.7448424200565187,-0.8105645317584416
698,0.10826883909341456,-0.2566382072246268,0.5690815170147064,-0.7203505512985695
699,1.2859903884218655,0.9269825438951914,1.8530493718516123,-0.6301365708386975
700,1.2413967218949107,-0.0385231726680098,-0.6528652800859877,-0.44970860991895345
701,-0.5209571332764775,-0.5323209975022835,0.19563557362432124,-0.17906666853933734
702,1.1678720300676892,-0.6082737678027452,-0.317687648915819,-0.5399225903788254
703,0.9935448839840433,-0.36254347574557094,-0.317687648915819,-0.17906666853933734
704,1.0302305506054115,-0.6552132112833685,1.65906861680431,-0.7203505512985695
705,-0.736862371478133,0.3490563530487841,0.002974415550129697,0.09157527284027878
706,-0.10738342910673013,0.1485991260563155,0.7920934054704486,-0.5399225903788254
707,0.8368503919717128,-0.5906996712437486,1.1774157216188317,-0.6301365708386975
708,-0.16489146503092805,-0.5323209975022835,0.16792403718899243,0.0013612923804067448
709,0.055456872347404984,-0.2566382072246268,0.772299450873785,-0.5399225903788254
710,-0.40640830347053225,-0.36433144011737867,1.7316464503254096,0.8132871165192551
711,1.8410932838334835,-0.0385231726680098,1.4136235798056829,1.0839290578988712
712,-0.5342857141776111,-0.4215911210289206,1.7448424200565187,-0.8105645317584416
713,-0.4244924337485097,-0.5625188569380566,0.6838864536753546,1.9860688624975915
714,0.8525983120374372,-0.12634732183959937,-0.14218125149206934,-0.7203505512985695
715,-0.2920357643738551,0.3490563530487841,0.2906465556883062,1.4447849797383594
716,-0.23881316926845264,-0.4708999282828016,-0.6871748013868713,-0.5399225903788254
717,-0.7263788073078721,-0.4215911210289206,0.33551285277407705,1.9860688624975915
718,-0.4772033558196947,-0.6024850303896584,-1.130559384352134,-1.2616344340578016
719,0.9831738305509984,-0.5579209215100496,0.5585247412298189,0.8132871165192551
720,-0.539791574012194,0.9389371162997321,-0.18968674252406165,-0.17906666853933734
721,-0.7313744273660366,-0.5323209975022835,-0.5842462374842209,0.27200323376002283
722,-0.22726899432698486,2.131862646173851,2.124886348312458,1.0839290578988712
723,-0.7307466604501061,-0.5323209975022835,-0.518266388828676,-0.7203505512985695
724,0.021075167637814158,0.3490563530487841,-1.0764559084545868,0.542645175139639
725,-0.7444514715234583,-0.4215911210289206,1.0164248908993014,2.0762828429574633
726,-0.7395009990859599,-0.4215911210289206,0.19563557362432124,-0.17906666853933734
727,-0.6209942278682742,-0.5943366417497988,2.2990731487630973,-0.7203505512985695
728,0.24590315226669746,-0.6082737678027452,-0.7201647257146438,-0.17906666853933734
729,-0.23299270934700492,0.016315835157083593,-0.7821857834508561,0.542645175139639
730,-0.03455100079639108,-0.4708999282828016,-0.6489064891666553,-0.7203505512985695
731,-0.3493804089089752,-0.21496939252986363,0.24050187071009205,-0.0888526880794653
732,0.04241064323266046,2.131862646173851,1.3661180887736906,0.542645175139639
733,-0.7370680439722792,0.3490563530487841,0.002974415550129697,0.09157527284027878
734,-0.43739462045446204,0.016315835157083593,-0.8019797380475197,1.1741430383587432
735,5.881049289973079,0.3841766424983934,-0.47340009174290537,-0.8105645317584416
736,0.01699324942646645,-0.0385231726680098,-0.3216464398351517,-0.7203505512985695
737,-0.7297354970729623,-0.5323209975022835,0.18112000692010144,-0.7203505512985695
738,0.2527548411744741,-0.0385231726680098,1.4281391465099027,1.9860688624975915
739,-0.638361012617888,-0.5943366417497988,-0.27678014274938123,-1.2616344340578016
740,-0.23878235422577565,0.3490563530487841,-1.1477141450025756,-0.5399225903788254
741,-0.1784837653670643,-0.4708999282828016,-0.09335616348696589,2.0762828429574633
742,-0.5356107610127202,-0.5323209975022835,-0.45756492806557447,0.45243119467976695
743,-0.5343344449427746,0.3490563530487841,-0.6093185799733282,0.27200323376002283
744,-0.4378131317317491,-0.36433144011737867,-1.1252809964596904,0.27200323376002283
745,-0.548104469245978,-0.44196684938801617,-0.27809973972249197,0.45243119467976695
746,-0.6728810267050754,-0.6024713571940952,0.22862549795209378,-1.2616344340578016
747,1.9174436434112918,-0.5579209215100496,-1.2981481999372184,-0.44970860991895345
748,-0.4542783973258371,0.3490563530487841,1.4030668040207954,1.9860688624975915
749,0.9555965172418197,-0.36254347574557094,-0.27809973972249197,0.45243119467976695
750,0.26339463044481815,-0.0385231726680098,1.4914798012192259,0.542645175139639
751,0.22552150973703808,-0.0385231726680098,-0.7267627105801983,0.09157527284027878
752,-0.5955015880276364,-0.22127251675420845,0.879186805695768,0.45243119467976695
753,-0.4101734717083168,-0.36433144011737867,-0.14218125149206934,-0.7203505512985695
754,-0.44700461399627606,-0.515388247455416,0.9293314906739818,-0.8105645317584416
755,2.3140196267146496,-0.5579209215100496,-1.1582709207874629,1.4447849797383594
756,0.03023655148856373,6.128009589620586,2.6263331980946,-0.44970860991895345
757,-0.347026999603135,0.2637141774619474,-0.4021418551949165,-1.442062394977546
758,-0.3184750709906849,-0.2909305816974626,3.233347805725615,0.45243119467976695
759,-0.6727563332765687,-0.6024713571940952,0.772299450873785,-0.5399225903788254
760,1.1998659272842656,-0.6082737678027452,0.7709798539006739,-0.8105645317584416
761,1.5461711099191133,0.8604907093976325,-1.4538606427643046,0.632859155599511
762,-0.7396930556310163,-0.4215911210289206,0.18112000692010144,-0.7203505512985695
763,0.510713296454484,-0.2566382072246268,1.129910230586839,0.18178925330015083
764,-0.027675663134932058,0.1485991260563155,1.7158112866480788,0.09157527284027878
765,-0.6481164818262933,-0.22127251675420845,-0.7359998893919746,-0.44970860991895345
766,-0.5118287143551035,-0.4215911210289206,0.6377005596164733,1.1741430383587432
767,-0.35227702292060925,0.1485991260563155,0.7920934054704486,-0.5399225903788254
768,0.06098566430677075,-0.6082737678027452,-0.663422055870875,-0.0888526880794653
769,-0.3267550012950935,-0.5879856513896028,0.8132069570402228,0.542645175139639
770,-0.3860417101477615,-0.15890174757447112,-1.0144348507183747,-0.5399225903788254
771,-0.16901924749184147,-0.21496939252986363,-0.317687648915819,-0.17906666853933734
772,0.21489175327128646,-0.5906996712437486,-0.10787173019118584,0.542645175139639
773,-0.25786259867400824,-0.4708999282828016,0.13361451588810894,-0.44970860991895345
774,-0.30912664699717524,-0.21496939252986363,1.4901602042461148,-0.6301365708386975
775,1.1515171253241185,-0.36254347574557094,-1.0302700143957053,1.3545709992784871
776,-0.7434997883449698,0.3490563530487841,-1.1477141450025756,-0.5399225903788254
777,-0.32090802610436564,-0.4708999282828016,-0.7003707711179802,0.542645175139639
778,-0.15778178971934434,0.1485991260563155,-1.2070960087925662,-1.5322763754374178
779,-0.6363716507929755,-0.6024850303896584,-1.4710154034147462,-0.8105645317584416
780,1.36159688720203,1.1815188316586127,-0.8204540956710722,0.632859155599511
781,-0.6155679138415318,-0.5943366417497988,-0.5024312251513451,-1.351848414517674
782,-0.4616955064352909,-0.4434554364560922,1.7158112866480788,0.09157527284027878
783,1.2167934185185079,-0.6082737678027452,0.7340311386535687,1.9860688624975915
784,-0.07531571911350887,2.131862646173851,-0.15141843030384572,-0.8105645317584416
785,-0.23878235422577565,-0.5323209975022835,-1.1477141450025756,-0.5399225903788254
786,0.31307636215796825,-0.6445427051934703,0.7868150175780049,1.9860688624975915
787,-0.11133492085837535,-0.5842752994104199,1.7316464503254096,0.8132871165192551
788,0.07512475249319822,-0.2566382072246268,0.03332514593168055,0.8132871165192551
789,0.11269545580540447,-0.5842752994104199,-1.0025584779603764,-0.8105645317584416
790,-0.7402756749262807,0.48242346860245094,-0.33088361864692806,-0.26928064899920934
791,-0.6990107496373368,-0.5268237160947709,-0.18968674252406165,-1.5322763754374178
792,1.5523670833838805,1.1815188316586127,0.5651227260953737,0.8132871165192551
793,-0.7451480348137374,-0.5323209975022835,-0.5842462374842209,0.27200323376002283
794,0.19996580655324742,-0.6445427051934703,-0.4813176735815706,-1.5322763754374178
795,-0.7373862272036412,0.3490563530487841,-0.3084504701040428,-1.0812064731380577
796,1.4887519359784491,1.3608040607023235,0.732711541680458,-0.9909924926781858
797,-0.44637254730694875,0.016315835157083593,-1.0025584779603764,-0.8105645317584416
798,-0.4815052791031779,-0.5323209975022835,-0.650226086139766,-0.0888526880794653
799,0.061055893938918276,-0.5115191112634179,0.19959436454365387,-0.8105645317584416
800,-0.323308016288671,-0.3113367612781184,-1.3522516758347651,1.4447849797383594
801,2.4123124465651506,1.736012150723348,-0.8547636169719556,-1.442062394977546
802,-0.31656525497361293,-0.5879856513896028,1.4281391465099027,1.9860688624975915
803,0.5311701850185873,-0.6236832999805464,-0.17253198187362,-0.7203505512985695
804,0.8240578494873785,-0.6552132112833685,-0.20552190620139255,-0.9909924926781858
805,-0.4281508242802741,-0.2909305816974626,1.0164248908993014,2.0762828429574633
806,-0.2157319856745117,-0.21496939252986363,-0.20156311528205972,1.4447849797383594
807,-0.20563468448106206,-0.5115191112634179,-0.10787173019118584,0.542645175139639
808,-0.3990556909620302,0.2637141774619474,2.6263331980946,-0.44970860991895345
809,-0.535245996902893,-0.44196684938801617,-0.957692180874606,0.27200323376002283
810,-0.4615392813352077,0.1485991260563155,1.2763854946021493,0.09157527284027878
811,0.9541962243722668,-0.36254347574557094,-0.09335616348696589,2.0762828429574633
812,-0.604522512614091,-0.6024850303896584,0.6706904839442459,1.9860688624975915
813,-0.3827402008079302,0.1485991260563155,-0.7716290076659689,0.27200323376002283
814,-0.5106534429599823,-0.5323209975022835,0.5651227260953737,0.8132871165192551
815,-0.1620084669683838,-0.5029846688035554,-1.0421463871537036,-0.8105645317584416
816,0.16689911587417328,-0.43985253947377473,0.030685951985458673,0.542645175139639
817,0.05932738503341075,-0.43985253947377473,0.5690815170147064,-0.7203505512985695
818,-0.7173765150728036,-0.4215911210289206,-1.0566619538579234,0.542645175139639
819,-0.7231016633506228,-0.4215911210289206,-0.7399586803113073,-1.351848414517674
820,2.5306844915497373,-0.12634732183959937,1.1998488701617167,-0.9909924926781858
821,1.4165372417794482,1.736012150723348,-0.11183052111051847,-0.26928064899920934
822,-0.5628569917703466,-0.4215911210289206,-1.4208707184365321,-1.5322763754374178
823,-0.7434997883449698,-0.4215911210289206,-1.1477141450025756,-0.5399225903788254
824,-0.7444514715234583,-0.5323209975022835,1.0164248908993014,2.0762828429574633
825,3.51914363190081,1.736012150723348,0.6838864536753546,1.9860688624975915
826,1.4492613838445783,1.1815188316586127,-1.31530296058766,-1.442062394977546
827,1.034703031566967,-0.6445427051934703,1.5284285164663314,-0.7203505512985695
828,0.0784986413518753,-0.5115191112634179,1.1774157216188317,-0.6301365708386975
829,-0.5774497060501349,-0.4215911210289206,-1.31530296058766,-1.442062394977546
830,1.9646587384524863,-0.0385231726680098,0.732711541680458,-0.9909924926781858
831,-0.6540422861959623,-0.22127251675420845,-0.4496473462269092,2.2567108038772075
832,0.12075753092437592,-0.17414029514807344,1.1998488701617167,-0.9909924926781858
833,-0.20063619790729972,0.016315835157083593,-0.637030116408657,-1.0812064731380577
834,-0.7299641016918913,0.3490563530487841,1.4862014133267825,-1.0812064731380577
835,-0.13611379831514672,6.128009589620586,-0.18968674252406165,2.0762828429574633
836,-0.517341740478681,-0.5943366417497988,-0.09335616348696589,2.0762828429574633
837,-0.39713942528486307,-0.2909305816974626,0.728752750761125,1.0839290578988712
838,-0.5356107610127202,-0.5323209975022835,-0.45756492806557447,0.45243119467976695
839,-0.740980121134454,-0.4215911210289206,-1.31530296058766,-1.442062394977546
840,1.0724407094127486,-0.6082737678027452,-0.8943515261652825,0.542645175139639
841,1.8558730382560316,-0.36254347574557094,1.037538442469076,0.45243119467976695
842,-0.5710093621306507,0.9389371162997321,-0.4813176735815706,-1.5322763754374178
843,-0.5690730308442985,-0.5323209975022835,-0.0590466421860824,-0.8105645317584416
844,2.437332827961041,1.736012150723348,-0.22135706987872325,-1.5322763754374178
845,-0.020058614562527725,0.1485991260563155,-1.4538606427643046,0.632859155599511
846,0.7480822868239898,-0.5906996712437486,-0.24115102447538678,-0.5399225903788254
847,0.08163030964253364,0.3490563530487841,1.3186125977416983,-0.9909924926781858
848,0.08464731730927771,-0.5115191112634179,-0.8996299140577263,1.1741430383587432
849,-0.7316144980473571,0.3490563530487841,-1.0764559084545868,0.542645175139639
850,-0.6966344082067137,-0.5019875007626324,0.2985641375269715,0.8132871165192551
851,-0.552278115956457,0.3490563530487841,-1.2440447240396713,-0.8105645317584416
852,2.033757530196617,0.8604907093976325,-0.3572755581091461,-0.7203505512985695
853,1.4932072178464173,1.1815188316586127,-0.994640896121711,0.542645175139639
854,-0.29995523034183325,-0.515388247455416,1.7250484654598552,-0.7203505512985695
855,-0.2920357643738551,-0.5323209975022835,0.2906465556883062,1.4447849797383594
856,-0.5601144529720974,-0.5726303542305935,-0.6871748013868713,-0.5399225903788254
857,-0.4974259067336732,-0.5625188569380566,-0.27678014274938123,-1.2616344340578016
858,-0.1349972904897816,-0.17247164781760813,-0.2992132912922664,-1.2616344340578016
859,-0.7316144980473571,-0.4215911210289206,-1.0764559084545868,0.542645175139639
860,-0.0402317180824432,0.2637141774619474,-0.34803837929736986,1.3545709992784871
861,0.9284219493741395,-0.5842752994104199,-0.637030116408657,-1.0812064731380577
862,-0.658223099195436,-0.48370263686745274,-1.1886216511690135,0.09157527284027878
863,-0.37411198885838204,-0.5879856513896028,0.8818259996419895,0.45243119467976695
864,-0.347026999603135,0.2637141774619474,-0.4021418551949165,-1.442062394977546
865,-0.3432582482208531,0.2637141774619474,0.4595549682465016,0.542645175139639
866,-0.4815052791031779,0.3490563530487841,-0.650226086139766,-0.0888526880794653
867,2.0726869619022077,0.8604907093976325,-1.130559384352134,-1.2616344340578016
868,1.3660306702030145,1.3608040607023235,-0.42193580979158024,-0.9909924926781858
869,-0.7367978748771812,-0.6024713571940952,0.030685951985458673,0.542645175139639
870,-0.3881815640415614,-0.3113367612781184,1.224921212650824,0.542645175139639
871,-0.42510945123094834,-0.5625188569380566,1.1998488701617167,-0.9909924926781858
872,0.0331904958121548,-0.6082737678027452,-0.6845356074406495,2.2567108038772075
873,1.5969901316957134,0.8604907093976325,3.2254302238869488,-1.0812064731380577
874,-0.17244043385788324,0.016315835157083593,1.2143644368659365,1.0839290578988712
875,-0.5215454856029377,-0.5323209975022835,-0.25302739723338485,-0.5399225903788254
876,1.498328964590888,-0.6082737678027452,1.2367975854088222,0.45243119467976695
877,3.813451654848339,1.736012150723348,1.1998488701617167,-0.9909924926781858
878,-0.7297354970729623,-0.4215911210289206,0.18112000692010144,-0.7203505512985695
879,-0.5343344449427746,0.3490563530487841,-0.6093185799733282,0.27200323376002283
880,-0.31382773257765995,6.128009589620586,-0.7148863378222001,-0.44970860991895345
881,0.5468407091631694,-0.2566382072246268,-0.08411898467518968,2.0762828429574633
882,1.1005877426970014,-0.5842752994104199,-0.7821857834508561,0.542645175139639
883,-0.7452304471371758,0.3490563530487841,-0.7254431136070874,-1.2616344340578016
884,-0.056292804977233414,0.2637141774619474,-0.3572755581091461,-0.7203505512985695
885,-0.5988876595776045,-0.22127251675420845,-1.023672029530151,-0.17906666853933734
886,1.67053488913212,1.1815188316586127,0.33551285277407705,1.9860688624975915
887,-0.7370680439722792,-0.4215911210289206,0.002974415550129697,0.09157527284027878
888,-0.5849685764633126,-0.5726303542305935,-0.7148863378222001,-0.5399225903788254
889,-0.2577930856707602,0.2637141774619474,0.6825668567022438,1.0839290578988712
890,-0.26972710673353656,0.3490563530487841,-0.4997920312051234,1.3545709992784871
891,0.04638506710908856,-0.36254347574557094,-0.7003707711179802,0.542645175139639
892,0.21626338098486084,-0.6082737678027452,-0.5657718798606685,-0.44970860991895345
893,-0.7455765788956169,-0.4215911210289206,-1.31530296058766,-1.442062394977546
894,-0.3827402008079302,0.2637141774619474,-0.7716290076659689,0.27200323376002283
895,-0.25569336299533035,-0.43985253947377473,1.921668414453379,0.09157527284027878
896,-0.7383522429601189,0.48242346860245094,1.9111116386684923,1.0839290578988712
897,-0.7271441669724998,-0.4215911210289206,1.0164248908993014,2.0762828429574633
898,-0.029068073086590943,-0.43985253947377473,1.2579111369785965,-0.6301365708386975
899,-0.7311623052117953,-0.5323209975022835,-0.6027205951077735,-0.9909924926781858
900,-0.02395922566231104,2.131862646173851,-0.08411898467518968,2.0762828429574633
901,0.3125525064324601,-0.6082737678027452,0.12173814313011087,0.09157527284027878
902,-0.5961874018844237,-0.15890174757447112,1.7976262989809548,-0.9909924926781858
903,-0.10815738831815137,-0.4708999282828016,-0.637030116408657,-1.0812064731380577
904,-0.5094244243974012,-0.4215911210289206,-0.5842462374842209,0.27200323376002283
905,-0.3488479536366733,-0.551137026234718,-0.27678014274938123,-1.2616344340578016
906,0.23054937809567838,-0.6082737678027452,0.5769990988533716,-1.351848414517674
907,-0.5846460934585538,-0.48370263686745274,-0.5024312251513451,-1.0812064731380577
908,-0.5447606788010783,-0.5323209975022835,-1.0566619538579234,0.542645175139639
909,0.27756453367392253,-0.0385231726680098,-0.2741409488031593,0.18178925330015083
910,-0.0402317180824432,0.2637141774619474,-0.34803837929736986,1.3545709992784871
911,-0.37038623521006797,-0.4434554364560922,1.2763854946021493,0.09157527284027878
912,0.6974940195530174,1.1815188316586127,-0.6409889073279896,0.542645175139639
913,-0.2920357643738551,-0.4215911210289206,0.2906465556883062,1.4447849797383594
914,-0.5472602804024091,0.9389371162997321,-0.7914229622626325,1.1741430383587432
915,1.0975205710072948,-0.6082737678027452,-0.9510941960090515,-1.5322763754374178
916,-0.7517216717085218,-0.5268237160947709,0.49386448954738493,0.0013612923804067448
917,0.017115076339375392,0.2637141774619474,-0.4153378249260257,0.0013612923804067448
918,-0.7462000460381507,-0.4215911210289206,1.4862014133267825,-1.0812064731380577
919,-0.22196164069755345,-0.515388247455416,-0.42193580979158024,-0.9909924926781858
920,-0.06302481685879949,0.3490563530487841,0.728752750761125,1.0839290578988712
921,-0.16219120733774722,0.1485991260563155,0.6522161263206931,1.1741430383587432
922,-0.7444514715234583,-0.4215911210289206,1.0164248908993014,2.0762828429574633
923,-0.14682740036213557,0.1485991260563155,2.2410108819462176,2.2567108038772075
924,-0.5183070396062592,-0.5943366417497988,1.2143644368659365,1.0839290578988712
925,-0.3310791400744601,-0.43985253947377473,1.5759340074983237,-0.9909924926781858
926,-0.2131270396249596,-0.5879856513896028,0.5769990988533716,-1.351848414517674
927,-0.7271441669724998,0.3490563530487841,1.0164248908993014,2.0762828429574633
928,0.8890517908953788,-0.5906996712437486,1.65906861680431,-0.7203505512985695
929,-0.19465521311237202,2.131862646173851,-1.3522516758347651,1.4447849797383594
930,0.8935737192509977,1.1815188316586127,0.16792403718899243,0.0013612923804067448
931,-0.0450094829551706,-0.5029846688035554,-1.0025584779603764,-0.8105645317584416
932,-0.22711348585580116,-0.4215911210289206,0.18112000692010144,-0.7203505512985695
933,-0.428952015389875,-0.2909305816974626,0.2906465556883062,1.4447849797383594
934,-0.22711348585580116,-0.5323209975022835,0.18112000692010144,-0.7203505512985695
935,-0.733655457153031,-0.4215911210289206,0.5400503836062664,-0.44970860991895345
936,-0.41069876069162403,-0.6552132112833685,0.8237637328251104,0.09157527284027878
937,-0.6391106064467276,-0.15890174757447112,1.2763854946021493,0.09157527284027878
938,-0.5582977987119558,-0.5726303542305935,-0.27678014274938123,-1.2616344340578016
939,-0.6290297877179656,-0.48370263686745274,-0.9484550020628297,0.8132871165192551
940,-0.2996463632861642,0.2637141774619474,1.3067362249836996,-1.0812064731380577
941,-0.28999767178377905,-0.5122140758088042,1.0573323970657398,-0.7203505512985695
942,-0.5774497060501349,-0.5323209975022835,-1.31530296058766,-1.442062394977546
943,0.27756453367392253,-0.6082737678027452,-0.2741409488031593,0.18178925330015083
944,-0.7355237086939339,-0.4215911210289206,1.4030668040207954,1.9860688624975915
945,0.02747896348342562,0.1485991260563155,2.7398185377821376,0.45243119467976695
946,-0.6333897579423053,-0.5726303542305935,-0.46284331595801825,0.09157527284027878
947,0.06798067899444019,-0.6082737678027452,-0.5538955071026702,-1.5322763754374178
948,-0.20017468889604478,0.1485991260563155,1.7976262989809548,-0.9909924926781858
949,-0.35559214820953033,0.1485991260563155,3.2254302238869488,-1.0812064731380577
950,0.171890436158941,0.9269825438951914,0.4595549682465016,0.542645175139639
951,-0.038895921813842015,0.2637141774619474,0.4806685198162759,0.542645175139639
952,-0.7341535142381586,0.3490563530487841,-0.47340009174290537,0.542645175139639
953,-0.2886023953165224,-0.5879856513896028,-0.42193580979158024,-0.9909924926781858
954,-0.5118287143551035,-0.5323209975022835,0.6377005596164733,1.1741430383587432
955,0.06685557162228159,-0.18513231040992228,1.5759340074983237,-0.44970860991895345
956,1.215767205934475,-0.5906996712437486,0.8237637328251104,0.09157527284027878
957,-0.292137525677579,-0.4708999282828016,-1.1252809964596904,0.27200323376002283
958,1.9251882519278005,-0.5579209215100496,-0.7214843226877546,-0.7203505512985695
959,-0.6345263313768555,-0.5943366417497988,0.24050187071009205,-0.0888526880794653
960,-0.5373543191251164,-0.44196684938801617,-0.2662233669644939,-0.8105645317584416
961,-0.449054889277643,-0.44196684938801617,1.959936726673596,-0.9909924926781858
962,0.5531119286623801,1.3608040607023235,0.7340311386535687,1.9860688624975915
963,-0.5209571332764775,0.3490563530487841,0.19563557362432124,-0.17906666853933734
964,1.3496005194250007,0.9269825438951914,0.15472806745788342,-0.9909924926781858
965,-0.5215454856029377,-0.5323209975022835,-0.25302739723338485,-0.5399225903788254
966,-0.3870951546299738,-0.36433144011737867,-0.6871748013868713,-0.5399225903788254
967,0.3141663547140533,-0.6082737678027452,0.732711541680458,-0.9909924926781858
968,-0.726712039746123,-0.4215911210289206,0.6377005596164733,1.1741430383587432
969,-0.4808366643399779,-0.4434554364560922,-0.39422427335625143,-0.0888526880794653
970,-0.6283174585918981,-0.48370263686745274,-0.6172361618119935,0.27200323376002283
971,0.057906309925773475,-0.0385231726680098,-0.5354211494791177,-0.8105645317584416
972,-0.7307129788918313,0.3490563530487841,1.3186125977416983,-0.9909924926781858
973,-0.5118287143551035,0.3490563530487841,0.6377005596164733,1.1741430383587432
974,-0.7435965332463975,0.3490563530487841,-0.7399586803113073,-1.351848414517674
975,1.0960514817633933,-0.0385231726680098,0.8132069570402228,0.542645175139639
976,7.425766531521707,0.3841766424983934,1.5759340074983237,-0.9909924926781858
977,0.3904500678042116,-0.0385231726680098,0.8831455966151006,-1.0812064731380577
978,-0.7132286670027053,-0.5019875007626324,-1.5079641186618515,0.542645175139639
979,-0.4418262535687482,-0.3113367612781184,-0.1817691606853962,-1.351848414517674
980,-0.7462000460381507,0.3490563530487841,1.4862014133267825,-1.0812064731380577
981,-0.668523206367434,-0.6024713571940952,-0.7373194863650855,0.27200323376002283
982,-0.7473330363282035,0.48242346860245094,-0.6990511741448694,-0.5399225903788254
983,1.4909935511759729,-0.12634732183959937,-0.6871748013868713,-0.5399225903788254
984,-0.36286736479689025,0.2637141774619474,-0.42853379465713476,-0.8105645317584416
985,-0.730868487363015,0.3490563530487841,-0.4997920312051234,1.3545709992784871
986,-0.5012706207792983,-0.4434554364560922,3.2254302238869488,-1.0812064731380577
987,-0.3919245167834626,-0.44196684938801617,-0.6489064891666553,-0.7203505512985695
988,-0.6563276157563535,-0.5019875007626324,-0.3572755581091461,-0.7203505512985695
989,0.3141663547140533,-0.6082737678027452,0.732711541680458,-0.9909924926781858
990,0.9480955625511285,-0.5579209215100496,-0.4338121825495783,2.0762828429574633
991,-0.7413241030061968,-0.4215911210289206,-0.4997920312051234,1.3545709992784871
992,0.8765387336818355,-0.6552132112833685,-0.7689898137197472,0.0013612923804067448
993,-0.12704557622132756,-0.4215911210289206,-0.518266388828676,-0.7203505512985695
994,-0.7316144980473571,-0.4215911210289206,-1.0764559084545868,0.542645175139639
995,-0.733655457153031,-0.4215911210289206,0.5400503836062664,-0.44970860991895345
996,-0.7325582983079515,0.3490563530487841,1.7448424200565187,-0.8105645317584416
997,0.08261209123479944,-0.17247164781760813,0.8000109873091135,1.4447849797383594
998,-0.5812206073191152,-0.3113367612781184,-1.2862718271792202,0.542645175139639
999,-0.7173765150728036,-0.5323209975022835,-1.0566619538579234,0.542645175139639
1000,-0.15374358587086395,0.2637141774619474,0.6522161263206931,1.1741430383587432
1001,-0.7395009990859599,-0.4215911210289206,0.19563557362432124,-0.17906666853933734
1002,0.01699324942646645,-0.0385231726680098,-0.3216464398351517,-0.7203505512985695
1003,-0.5559859538822846,-0.44196684938801617,-1.0302700143957053,1.3545709992784871
1004,-0.7384669035840332,-0.4215911210289206,0.33551285277407705,1.9860688624975915
1005,-0.12704557622132756,-0.5323209975022835,-0.518266388828676,-0.7203505512985695
1006,1.8862186890038406,0.8604907093976325,0.7920934054704486,-0.5399225903788254
1007,-0.14097684202691035,0.2637141774619474,-0.8376088563215139,0.542645175139639
1008,0.23163292099166813,-0.0385231726680098,-0.16461440003495456,-0.7203505512985695
1009,-0.2968257119378734,-0.21496939252986363,1.1998488701617167,-0.9909924926781858
1010,0.07633585533329257,-0.18513231040992228,0.9939917423564165,-0.7203505512985695
1011,-0.3809407456413758,-0.5726303542305935,-0.7821857834508561,0.542645175139639
1012,-0.04223971225874168,0.2637141774619474,-0.7716290076659689,0.27200323376002283
1013,2.1775419525851016,3.76239899907999,-1.481902078442911,0.45243119467976695
1014,0.05112413402124486,-0.17247164781760813,-0.7359998893919746,0.27200323376002283
1015,-0.5475397656732003,-0.5726303542305935,-0.957692180874606,0.542645175139639
1016,-0.13233501412827237,0.1485991260563155,-1.2163331876043426,-0.7203505512985695
1017,0.19530986859342894,-0.0385231726680098,-0.5538955071026702,-1.5322763754374178
1018,1.2635642036420347,-0.12634732183959937,-1.0025584779603764,-0.8105645317584416
1019,2.279283190699824,1.736012150723348,-0.19232593647028334,1.9860688624975915
1020,0.23163292099166813,-0.6082737678027452,-0.16461440003495456,-0.7203505512985695
1021,5.953556368763063,0.3841766424983934,0.03332514593168055,0.8132871165192551
1022,-0.5343344449427746,0.3490563530487841,-0.6093185799733282,0.27200323376002283
1023,-0.7396930556310163,-0.5323209975022835,0.18112000692010144,-0.7203505512985695
1024,-0.46776821972935,-0.551137026234718,0.24050187071009205,-0.0888526880794653
1025,-0.27311246165460507,-0.17414029514807344,-0.2662233669644939,-0.8105645317584416
1026,0.08098319374631748,-0.0385231726680098,0.8132069570402228,0.542645175139639
1027,-0.40012060150663387,-0.5842752994104199,-0.14218125149206934,-0.7203505512985695
1028,-0.4969679808669156,-0.4434554364560922,-1.4710154034147462,-0.8105645317584416
1029,-0.0873264194685278,0.2637141774619474,-0.7148863378222001,-0.44970860991895345
1030,-0.26289691669274384,6.128009589620586,-1.4538606427643046,0.632859155599511
1031,-0.7299641016918913,-0.4215911210289206,1.4862014133267825,-1.0812064731380577
1032,-0.33544412670109613,0.2637141774619474,0.9860741605177505,-0.7203505512985695
1033,-0.4959367518805867,0.016315835157083593,0.24050187071009205,-0.0888526880794653
1034,-0.09339411636029062,-0.5029846688035554,-0.8547636169719556,-1.442062394977546
1035,-0.7441777192838629,-0.5323209975022835,3.233347805725615,0.45243119467976695
1036,0.40194766186721415,-0.18513231040992228,0.728752750761125,1.0839290578988712
1037,-0.734233060045999,0.3490563530487841,-1.2440447240396713,-0.8105645317584416
1038,0.7437509817556286,1.3608040607023235,-0.836289259348403,0.542645175139639
1039,-0.18850223738157296,-0.4215911210289206,-0.6409889073279896,0.542645175139639
1040,-0.09931992072995964,-0.4215911210289206,0.002974415550129697,0.09157527284027878
1041,-0.7468758270903454,0.3490563530487841,-0.6093185799733282,0.27200323376002283
1042,-0.06336664884384392,-0.17247164781760813,-0.7201647257146438,-0.17906666853933734
1043,-0.7369125355010955,-0.4215911210289206,0.728752750761125,1.0839290578988712
1044,1.0127046742401167,1.736012150723348,-0.6000814011615518,0.0013612923804067448
1045,-0.7242081383713953,-0.5268237160947709,1.921668414453379,0.09157527284027878
1046,-0.7434997883449698,-0.5323209975022835,-1.1477141450025756,-0.5399225903788254
1047,-0.5690730308442985,0.3490563530487841,-0.0590466421860824,-0.8105645317584416
1048,-0.7344150837864629,0.3490563530487841,0.19563557362432124,-0.17906666853933734
1049,-0.4784832550341377,-0.4215911210289206,-1.4960877459038535,-1.5322763754374178
1050,1.5846705642850252,0.9269825438951914,-0.3572755581091461,-0.7203505512985695
1051,1.3426219872020186,0.9269825438951914,1.7976262989809548,-0.9909924926781858
1052,-0.33267793914916466,0.1485991260563155,0.4806685198162759,0.542645175139639
1053,-0.4318944936510748,-0.5323209975022835,-0.4087398400604712,0.18178925330015083
1054,1.0952366747047027,-0.0385231726680098,-0.2992132912922664,-1.2616344340578016
1055,-0.640221381240897,-0.6024850303896584,1.2763854946021493,0.09157527284027878
1056,-0.7263788073078721,-0.4215911210289206,0.33551285277407705,1.9860688624975915
1057,-0.07251871651890043,-0.43985253947377473,1.129910230586839,0.18178925330015083
1058,0.028622703206970475,-0.6082737678027452,-0.7887837683164106,-1.442062394977546
1059,0.06368448874215277,-0.0385231726680098,-0.2992132912922664,-1.2616344340578016
1060,-0.7471818276304165,-0.5323209975022835,0.728752750761125,1.0839290578988712
1061,-0.423537167425524,0.1485991260563155,2.7398185377821376,0.45243119467976695
1062,0.05752363009345955,0.2637141774619474,-1.3232205424263255,1.4447849797383594
1063,-0.20228229448936885,0.1485991260563155,-0.4153378249260257,0.0013612923804067448
1064,-0.40873806402269014,-0.15890174757447112,0.438441416676727,-0.17906666853933734
1065,-0.6070027652351364,-0.6024850303896584,-1.4538606427643046,0.632859155599511
1066,0.09789276925807323,-0.5115191112634179,1.2367975854088222,0.542645175139639
1067,1.2463959250975725,-0.12634732183959937,-0.5552151040757812,0.542645175139639
1068,0.8174211492494412,1.3608040607023235,-1.0632599387234778,2.0762828429574633
1069,-0.5215454856029377,0.3490563530487841,-0.25302739723338485,-0.5399225903788254
1070,2.492853651947025,1.736012150723348,-0.2662233669644939,-0.8105645317584416
1071,-0.323658447820509,0.2637141774619474,0.6706904839442459,1.9860688624975915
1072,-0.06302481685879949,0.3490563530487841,0.728752750761125,1.0839290578988712
1073,1.8410932838334835,-0.6082737678027452,1.4136235798056829,1.0839290578988712
1074,-0.4784832550341377,-0.4215911210289206,-1.4960877459038535,-1.5322763754374178
1075,-0.32529737811358345,-0.21496939252986363,-0.22135706987872325,-1.5322763754374178
1076,-0.14561414763534278,-0.5323209975022835,1.4862014133267825,-1.0812064731380577
1077,0.005326530943190344,0.2637141774619474,-0.9708881506057149,0.45243119467976695
1078,0.14015022557277498,0.2637141774619474,0.6706904839442459,1.9860688624975915
1079,0.5949895716603659,-0.6236832999805464,1.65906861680431,-0.7203505512985695
1080,-0.7253676439307283,-0.5323209975022835,1.3186125977416983,-0.9909924926781858
1081,-0.654418516368181,-0.6024713571940952,1.5759340074983237,-0.9909924926781858
1082,-0.3189466128065323,-0.21496939252986363,-0.27678014274938123,-1.2616344340578016
1083,-0.7316152146762566,-0.4215911210289206,-0.3084504701040428,-1.0812064731380577
1084,-0.4050424087881536,0.016315835157083593,1.1747765276726094,0.09157527284027878
1085,-0.1783124910600924,-0.5879856513896028,-0.663422055870875,-0.0888526880794653
1086,-0.23878235422577565,-0.4215911210289206,-1.1477141450025756,-0.5399225903788254
1087,-0.5310723501924139,-0.4434554364560922,1.6076043348529852,1.9860688624975915
1088,-0.32474199071649873,-0.4215911210289206,-0.8204540956710722,0.632859155599511
1089,-0.7370680439722792,-0.5323209975022835,0.002974415550129697,0.09157527284027878
1090,0.0822530601561679,-0.18513231040992228,-0.994640896121711,0.542645175139639
1091,1.2639404338142533,1.1815188316586127,0.2906465556883062,1.4447849797383594
1092,-0.17102580841034107,-0.43985253947377473,-0.6752984286288732,1.1741430383587432
1093,-0.39871099246138797,0.1485991260563155,2.677797480045925,-0.8105645317584416
1094,-0.7355237086939339,0.3490563530487841,1.4030668040207954,1.9860688624975915
1095,1.302543082741688,0.8604907093976325,-0.5908442223497754,-0.26928064899920934
1096,-0.13554264508227382,-0.5029846688035554,-0.5024312251513451,-1.351848414517674
1097,-0.40733490463753935,-0.15890174757447112,2.677797480045925,-0.8105645317584416
1098,-0.530160081603396,-0.5943366417497988,-0.27809973972249197,0.45243119467976695
1099,0.11832027603729853,-0.17247164781760813,0.8831455966151006,-1.0812064731380577
1100,0.17801904650715827,-0.6082737678027452,0.8818259996419895,0.45243119467976695
1101,-0.7359300372799301,-0.5323209975022835,3.233347805725615,0.45243119467976695
1102,-0.5855361465516882,-0.6024713571940952,2.124886348312458,1.0839290578988712
1103,1.0724407094127486,-0.0385231726680098,-0.8943515261652825,0.542645175139639
1104,-0.6120693315543478,-0.15890174757447112,2.2410108819462176,2.2567108038772075
1105,-0.6086015643098409,-0.5943366417497988,-0.317687648915819,-0.17906666853933734
1106,1.6815659577815711,-0.0385231726680098,1.4914798012192259,0.542645175139639
1107,-0.5106534429599823,-0.5323209975022835,0.5651227260953737,0.8132871165192551
1108,0.3829691787227054,-0.5115191112634179,-1.102847847916805,-1.0812064731380577
1109,0.1589466849768198,0.9269825438951914,-1.0144348507183747,-0.5399225903788254
1110,-0.7391168859958471,0.3490563530487841,-0.25302739723338485,-0.5399225903788254
1111,-0.20131627873289118,2.131862646173851,-0.5341015525060067,-0.9909924926781858
1112,-0.3827402008079302,0.2637141774619474,-0.7716290076659689,0.27200323376002283
1113,-0.43879777983961277,-0.551137026234718,-1.1252809964596904,0.27200323376002283
1114,-0.0018576737739376687,0.1485991260563155,-0.5908442223497754,-0.26928064899920934
1115,0.5693220743682588,1.3608040607023235,-0.2992132912922664,-1.2616344340578016
1116,0.5394909631702653,-0.5115191112634179,1.3779944615316884,1.0839290578988712
1117,1.6898014570942128,-0.0385231726680098,-0.16461440003495456,-0.7203505512985695
1118,1.1463502309589824,-0.0385231726680098,-0.7201647257146438,-0.17906666853933734
1119,-0.005605642918135118,-0.6082737678027452,-0.5657718798606685,-0.44970860991895345
1120,-0.3432582482208531,0.2637141774619474,0.4595549682465016,0.542645175139639
1121,-0.35821787649716696,-0.21496939252986363,1.2143644368659365,1.0839290578988712
1122,-0.15291802937868126,-0.17247164781760813,-0.7887837683164106,-1.442062394977546
1123,-0.6962803935303784,-0.15890174757447112,-0.4153378249260257,0.0013612923804067448
1124,-0.730868487363015,0.3490563530487841,-0.4997920312051234,1.3545709992784871
1125,-0.22711348585580116,-0.5323209975022835,0.18112000692010144,-0.7203505512985695
1126,-0.18850223738157296,0.3490563530487841,-0.6409889073279896,0.542645175139639
1127,-0.6207649066204457,-0.48370263686745274,-0.9128258837888352,0.18178925330015083
1128,0.6345381707350931,-0.6236832999805464,0.19959436454365387,-0.8105645317584416
1129,-0.41010610859176716,-0.3113367612781184,0.772299450873785,-0.5399225903788254
1130,-0.7452598289220538,-0.4215911210289206,-0.0590466421860824,-0.8105645317584416
1131,-0.43925427244857146,-0.5122140758088042,0.42656504391872907,-1.442062394977546
1132,0.12438653967126233,-0.0385231726680098,0.7564642871964542,0.632859155599511
1133,0.23315504077413,-0.6445427051934703,0.12437733707633256,-1.351848414517674
1134,-0.370735233484107,0.1485991260563155,-1.0144348507183747,-0.5399225903788254
1135,-0.7307466604501061,0.3490563530487841,-0.518266388828676,-0.7203505512985695
1136,-0.600006317289668,-0.22127251675420845,-0.6845356074406495,0.542645175139639
1137,-0.4229265996031806,-0.2909305816974626,-0.47340009174290537,0.542645175139639
1138,-0.6492838703035204,-0.5019875007626324,0.15472806745788342,-0.9909924926781858
1139,-0.21023329212892344,0.2637141774619474,2.2410108819462176,2.2567108038772075
1140,0.028622703206970475,-0.0385231726680098,-0.7887837683164106,-1.442062394977546
1141,0.06741955856615976,0.2637141774619474,1.3067362249836996,-1.0812064731380577
1142,-0.4772520865848583,-0.3113367612781184,-0.18968674252406165,-1.5322763754374178
1143,0.12119825769754643,-0.5115191112634179,-0.7346802924188636,-0.17906666853933734
1144,-0.6477710666967517,-0.6024850303896584,-0.4153378249260257,0.0013612923804067448
1145,0.5838359594691062,-0.2566382072246268,-0.2543469942064958,-1.5322763754374178
1146,-0.08383786998593645,2.131862646173851,0.07159345815189667,-1.0812064731380577
1147,-0.7314310410490943,-0.4215911210289206,-0.3203268428620409,-0.6301365708386975
1148,1.9687134247656548,3.76239899907999,-1.4866526275461105,0.09157527284027878
1149,-0.24857867128145036,-0.5625188569380566,0.7696602569275632,2.2567108038772075
1150,0.07460662979888567,-0.18513231040992228,-1.31530296058766,-1.442062394977546
1151,-0.4266000393418337,0.9389371162997321,0.2734917950378646,0.542645175139639
1152,1.3845426279339723,-0.12634732183959937,-0.7148863378222001,-0.5399225903788254
1153,2.2151699862092653,0.8604907093976325,2.7398185377821376,0.45243119467976695
1154,-0.32235633311018264,0.1485991260563155,-1.4710154034147462,-0.8105645317584416
1155,0.1703188689824161,-0.6445427051934703,-0.6409889073279896,-0.5399225903788254
1156,0.3791925444225294,-0.0385231726680098,-0.2741409488031593,0.18178925330015083
1157,-0.5196815338354314,-0.5323209975022835,-0.7399586803113073,-1.351848414517674
1158,-0.6153844568432689,-0.48370263686745274,-0.15405762425006742,0.542645175139639
1159,0.16635591116837944,0.1485991260563155,1.8530493718516123,-0.6301365708386975
1160,-0.19825555670327982,-0.36433144011737867,2.0391125450602496,-1.0812064731380577
1161,-0.21594769097325045,-0.5029846688035554,1.7316464503254096,0.8132871165192551
1162,0.2134076148204963,-0.18513231040992228,0.33551285277407705,1.9860688624975915
1163,-0.046273616333825374,-0.5842752994104199,-0.8019797380475197,1.1741430383587432
1164,-0.5094244243974012,-0.4215911210289206,-0.5842462374842209,0.27200323376002283
1165,-0.4116325281476258,0.2637141774619474,0.438441416676727,-0.17906666853933734
1166,0.1839255018965417,-0.18513231040992228,0.19563557362432124,-0.17906666853933734
1167,1.6898014570942128,-0.6082737678027452,-0.16461440003495456,-0.7203505512985695
1168,-0.5209571332764775,-0.4215911210289206,0.19563557362432124,-0.17906666853933734
1169,-0.5094516562955809,-0.3113367612781184,-0.8837947503803953,0.09157527284027878
1170,-0.5094244243974012,-0.5323209975022835,-0.5842462374842209,0.27200323376002283
1171,-0.7200961217462701,-0.5268237160947709,1.2579111369785965,-0.6301365708386975
1172,-0.7344150837864629,-0.4215911210289206,0.19563557362432124,-0.17906666853933734
1173,-0.6131471414191418,-0.48370263686745274,-1.038187596234371,0.27200323376002283
1174,-0.3768846260704088,-0.5122140758088042,0.7841758236317833,-0.9909924926781858
1175,-0.7171436106804779,-0.5268237160947709,0.772299450873785,-0.5399225903788254
1176,1.4090398702332543,-0.5906996712437486,-0.20552190620139255,-0.9909924926781858
1177,-0.28283209941803716,6.128009589620586,-1.406355151732312,-1.5322763754374178
1178,-0.7285179445727726,-0.4215911210289206,-0.6093185799733282,0.27200323376002283
1179,0.5436445442715593,1.3608040607023235,0.7564642871964542,0.632859155599511
1180,-0.352803028532816,0.1485991260563155,-1.130559384352134,-1.2616344340578016
1181,-0.2291128804853061,-0.4708999282828016,-0.317687648915819,-0.17906666853933734
1182,-0.6918294114358067,-0.6024713571940952,1.384592446397243,1.9860688624975915
1183,-0.5118287143551035,0.3490563530487841,0.6377005596164733,1.1741430383587432
1184,1.6083114350494474,-0.5579209215100496,0.9847545635446401,1.9860688624975915
1185,-0.3639157928768063,-0.515388247455416,-0.7267627105801983,0.09157527284027878
1186,-0.1641325550263955,0.9269825438951914,-1.3232205424263255,1.4447849797383594
1187,-0.22223037653485253,-0.4708999282828016,-0.5024312251513451,-1.351848414517674
1188,-0.5920395538143252,-0.22127251675420845,1.0322600545766325,0.542645175139639
1189,-0.7468758270903454,-0.5323209975022835,-0.6093185799733282,0.27200323376002283
1190,-0.6436045862752671,-0.6024850303896584,0.4595549682465016,0.542645175139639
1191,0.5454325333757224,-0.6236832999805464,-0.464162912931129,-1.5322763754374178
1192,2.5876994867911036,-0.12634732183959937,-0.7821857834508561,0.542645175139639
1193,0.2625640575503392,-0.2566382072246268,1.3661180887736906,0.542645175139639
1194,-0.7389943424540388,-0.5323209975022835,1.7448424200565187,-0.8105645317584416
1195,-0.5639749328535107,-0.44196684938801617,-0.5987618041884408,0.18178925330015083
1196,-0.11973094504449722,0.3490563530487841,-0.6027205951077735,-0.9909924926781858
1197,-0.7307129788918313,-0.4215911210289206,1.3186125977416983,-0.9909924926781858
1198,-0.08574553611631,0.2637141774619474,-1.2163331876043426,-0.7203505512985695
1199,-0.12373618396360224,-0.43985253947377473,-0.4931940463395687,0.27200323376002283
1200,0.08163030964253364,-0.4215911210289206,1.3186125977416983,-0.9909924926781858
1201,-0.719818069733278,-0.6024713571940952,-1.3192617515069927,0.45243119467976695
1202,6.18214952162973,0.3841766424983934,0.5690815170147064,-0.7203505512985695
1203,-0.5586338976658045,-0.44196684938801617,-0.5552151040757812,0.542645175139639
1204,0.02298713354158447,-0.0385231726680098,-0.3929046763831405,-1.0812064731380577
1205,-0.6216298777020989,-0.6024850303896584,-0.18968674252406165,2.0762828429574633
1206,-0.7314310410490943,-0.4215911210289206,-0.3203268428620409,-0.6301365708386975
1207,0.06098566430677075,-0.0385231726680098,-0.663422055870875,-0.0888526880794653
1208,-0.7322544476545786,-0.5323209975022835,-1.1477141450025756,-0.5399225903788254
1209,5.526399680432871,0.3841766424983934,-0.0656446270516371,0.632859155599511
1210,-0.22711348585580116,-0.4215911210289206,0.18112000692010144,-0.7203505512985695
1211,-0.32689116078599173,-0.551137026234718,-0.46284331595801825,0.09157527284027878
1212,-0.23878235422577565,-0.5323209975022835,-1.1477141450025756,-0.5399225903788254
1213,-0.03764898752877447,0.2637141774619474,-1.130559384352134,-1.2616344340578016
1214,-0.06732674014228268,0.2637141774619474,-1.4710154034147462,-0.8105645317584416
1215,-0.7117094137358413,0.3490563530487841,0.6377005596164733,1.1741430383587432
1216,1.2555802410731047,-0.5579209215100496,-0.3203268428620409,0.45243119467976695
1217,-0.3949092761497307,-0.5122140758088042,1.65906861680431,-0.7203505512985695
1218,-0.22307743189401913,-0.21496939252986363,-0.6000814011615518,0.0013612923804067448
1219,0.43350799859961475,1.3608040607023235,-0.651545683112877,0.8132871165192551
1220,-0.734233060045999,0.3490563530487841,-1.2440447240396713,-0.8105645317584416
1221,5.198257457254942,0.3841766424983934,0.49386448954738493,0.0013612923804067448
1222,-0.22726899432698486,-0.43985253947377473,2.124886348312458,1.0839290578988712
1223,-0.6092400806592634,-0.48370263686745274,-0.7914229622626325,1.1741430383587432
1224,-0.7297354970729623,0.3490563530487841,0.18112000692010144,-0.7203505512985695
1225,1.061742873201548,-0.6082737678027452,-0.7359998893919746,0.27200323376002283
1226,1.006378274315647,-0.6082737678027452,-0.22135706987872325,0.542645175139639
1227,-0.7117094137358413,-0.4215911210289206,0.6377005596164733,1.1741430383587432
1228,-0.5506707173349591,0.3490563530487841,-0.47340009174290537,0.542645175139639
1229,1.618062604484456,-0.6082737678027452,-0.4997920312051234,-0.6301365708386975
1230,-0.21863863249073828,-0.5029846688035554,-0.6871748013868713,-0.5399225903788254
1231,0.18705072052710486,6.128009589620586,1.7976262989809548,-0.9909924926781858
1232,0.2984800647336828,-0.0385231726680098,-0.7359998893919746,0.27200323376002283
1233,-0.3905715214212743,0.9389371162997321,-0.02869591180453173,-1.0812064731380577
1234,-0.7000720770374432,-0.6024713571940952,-0.1817691606853962,-1.351848414517674
1235,-0.6163648051777358,-0.22127251675420845,1.9111116386684923,1.0839290578988712
1236,-0.08383786998593645,-0.43985253947377473,0.07159345815189667,-1.0812064731380577
1237,-0.4377171034592209,-0.2909305816974626,-0.4997920312051234,1.3545709992784871
1238,0.3791925444225294,-0.0385231726680098,-0.2741409488031593,0.18178925330015083
1239,-0.14561414763534278,-0.4215911210289206,1.4862014133267825,-1.0812064731380577
1240,-0.7316144980473571,0.3490563530487841,-1.0764559084545868,0.542645175139639
1241,-0.5586396306970003,-0.5323209975022835,-0.994640896121711,0.542645175139639
1242,0.08163030964253364,-0.5323209975022835,1.3186125977416983,-0.9909924926781858
1243,-0.5342857141776111,0.3490563530487841,1.7448424200565187,-0.8105645317584416
1244,-0.1368942071866632,-0.17247164781760813,-0.6528652800859877,-0.44970860991895345
1245,0.008013172687281276,-0.0385231726680098,-0.7478762621499727,0.27200323376002283
1246,0.4424923751121966,-0.6236832999805464,-0.6845356074406495,-0.26928064899920934
1247,-0.45307876054813406,-0.2909305816974626,-1.4208707184365321,-1.5322763754374178
1248,1.5984542045373187,-0.6082737678027452,-0.7267627105801983,0.09157527284027878
1249,-0.7312010031723662,-0.5323209975022835,-1.0764559084545868,0.542645175139639
1250,-0.7374356745977043,-0.4215911210289206,-0.6027205951077735,-0.9909924926781858
1251,2.5123008103917837,1.736012150723348,-0.7148863378222001,-0.5399225903788254
1252,1.1796691750106678,-0.6082737678027452,1.7250484654598552,-0.7203505512985695
1253,-0.7395511631089224,0.48242346860245094,-0.14350084846518027,-1.5322763754374178
1254,-0.28101974493129234,-0.21496939252986363,-0.5024312251513451,-1.351848414517674
1255,-0.47588619190247966,-0.4434554364560922,0.4595549682465016,0.542645175139639
1256,0.255655754959505,-0.18513231040992228,-0.3203268428620409,-0.6301365708386975
1257,-0.21276227551513235,-0.4708999282828016,1.1747765276726094,0.09157527284027878
1258,-0.10738342910673013,0.2637141774619474,0.7920934054704486,-0.5399225903788254
1259,-0.6388418706094285,0.9389371162997321,-1.1635493086799065,-0.44970860991895345
1260,-0.2134566889187131,-0.21496939252986363,-0.11183052111051847,-0.26928064899920934
1261,0.4331575670677768,-0.5029846688035554,1.1998488701617167,-0.9909924926781858
1262,1.8496663153577728,3.76239899907999,-1.4940555665652626,1.3545709992784871
1263,-0.7434997883449698,-0.4215911210289206,-1.1477141450025756,-0.5399225903788254
1264,0.14564175282936867,-0.18513231040992228,0.5651227260953737,0.8132871165192551
1265,-0.5628569917703466,0.3490563530487841,-1.4208707184365321,-1.5322763754374178
1266,0.9176230684881144,-0.5579209215100496,0.5994322473962571,0.18178925330015083
1267,-0.07024700290759908,0.1485991260563155,-0.18968674252406165,2.0762828429574633
1268,-0.7370680439722792,-0.5323209975022835,0.002974415550129697,0.09157527284027878
1269,0.19733362860551565,-0.0385231726680098,-0.3216464398351517,-0.7203505512985695
1270,0.33890510095245474,-0.6082737678027452,-0.6845356074406495,2.2567108038772075
1271,0.8333733085515127,3.76239899907999,-1.498080337333251,-0.44970860991895345
1272,-0.4361921171611612,-0.36433144011737867,-0.5552151040757812,0.542645175139639
1273,-0.6731877438740461,-0.6024713571940952,-0.6304321315431025,-0.5399225903788254
1274,-0.4318944936510748,-0.4215911210289206,-0.4087398400604712,0.18178925330015083
1275,-0.4784832550341377,0.3490563530487841,-1.4960877459038535,-1.5322763754374178
1276,0.31710954960415244,-0.18513231040992228,-1.0764559084545868,0.542645175139639
1277,0.25771104664316813,-0.6445427051934703,-0.6172361618119935,0.27200323376002283
1278,-0.18849722097927668,0.1485991260563155,1.2763854946021493,0.09157527284027878
1279,-0.7344150837864629,0.3490563530487841,0.19563557362432124,-0.17906666853933734
1280,0.6967272266305908,1.3608040607023235,-0.5354211494791177,-0.8105645317584416
1281,0.03401461904653859,0.2637141774619474,0.9860741605177505,-0.7203505512985695
1282,1.0899651525202447,-0.6082737678027452,-0.5354211494791177,-0.8105645317584416
1283,-0.006641888306760225,-0.43985253947377473,-0.6304321315431025,-0.5399225903788254
1284,2.4692830108147503,-0.36254347574557094,1.4901602042461148,-0.6301365708386975
1285,-0.4975642161112697,-0.15890174757447112,0.6706904839442459,1.9860688624975915
1286,-0.3080681861126667,-0.5323209975022835,0.9939917423564165,-0.7203505512985695
1287,-0.7355237086939339,-0.4215911210289206,1.4030668040207954,1.9860688624975915
1288,1.814600946678093,-0.36254347574557094,1.1747765276726094,0.09157527284027878
1289,0.09504990241389903,-0.18513231040992228,-0.4997920312051234,1.3545709992784871
1290,0.4912611216074294,-0.6082737678027452,-1.0632599387234778,2.0762828429574633
1291,-0.352803028532816,0.2637141774619474,-1.130559384352134,-1.2616344340578016
1292,0.37581650567715397,-0.0385231726680098,-1.0632599387234778,2.0762828429574633
1293,-0.747001953776651,-0.5268237160947709,-0.4931940463395687,0.27200323376002283
1294,-0.7374356745977043,0.3490563530487841,-0.6027205951077735,-0.9909924926781858
1295,-0.7014050067904465,-0.5019875007626324,1.6076043348529852,1.9860688624975915
1296,-0.6326222483909792,-0.5943366417497988,-1.0302700143957053,1.3545709992784871
1297,-0.7389943424540388,0.3490563530487841,1.7448424200565187,-0.8105645317584416
1298,1.1615879112482883,-0.0385231726680098,0.5769990988533716,-1.351848414517674
1299,-0.14176083404292417,0.1485991260563155,1.6076043348529852,1.9860688624975915
1300,-0.07496815409726879,0.1485991260563155,-0.42853379465713476,-0.8105645317584416
1301,0.11735139376522291,-0.6236832999805464,-0.7412782772844182,0.542645175139639
1302,1.2327670766875636,-0.6552132112833685,-0.1593360121425108,0.27200323376002283
1303,1.6024307783004452,3.76239899907999,-1.4988852914868487,-0.8105645317584416
1304,-0.7261889006495141,-0.4215911210289206,1.4030668040207954,1.9860688624975915
1305,-0.29815649180417825,0.2637141774619474,-0.3572755581091461,-0.7203505512985695
1306,-0.7471818276304165,-0.4215911210289206,0.728752750761125,1.0839290578988712
1307,-0.358017220405317,0.1485991260563155,-1.504005327742519,-1.351848414517674
1308,-0.19465521311237202,-0.43985253947377473,-1.3522516758347651,1.4447849797383594
1309,0.8843256233034128,1.736012150723348,-0.46284331595801825,0.09157527284027878
1310,0.3709978929571571,-0.6082737678027452,-0.836289259348403,0.542645175139639
1311,1.6815659577815711,-0.6082737678027452,1.4914798012192259,0.542645175139639
1312,1.3514594547902101,-0.6552132112833685,-1.0527031629385908,0.542645175139639
1313,-0.6364562130031124,-0.6024850303896584,0.4806685198162759,0.542645175139639
1314,-0.0081941065029995,-0.18513231040992228,-0.47340009174290537,0.542645175139639
1315,-0.30591256638307857,-0.2909305816974626,1.3186125977416983,-0.9909924926781858
1316,0.000307262131343446,0.1485991260563155,3.2254302238869488,-1.0812064731380577
1317,-0.7391168859958471,0.3490563530487841,-0.25302739723338485,-0.5399225903788254
1318,0.0091253807392497,-0.6445427051934703,-1.1635493086799065,-0.44970860991895345
1319,-0.46920219415717773,-0.4434554364560922,0.2985641375269715,0.8132871165192551
1320,-0.42029298839764984,-0.5842752994104199,0.7696602569275632,2.2567108038772075
1321,0.02747896348342562,0.2637141774619474,2.7398185377821376,0.45243119467976695
1322,-0.20534301651898015,-0.5323209975022835,3.233347805725615,0.45243119467976695
1323,-0.7373862272036412,-0.5323209975022835,-0.3084504701040428,-1.0812064731380577
1324,2.194810559175489,0.8604907093976325,0.6825668567022438,1.0839290578988712
1325,-0.09931992072995964,0.3490563530487841,0.002974415550129697,0.09157527284027878
1326,8.512486243422805,0.3841766424983934,-0.37574991573269867,-1.0812064731380577
1327,-0.13413948569712306,6.128009589620586,-0.4021418551949165,-1.442062394977546
1328,0.4912611216074294,-0.6082737678027452,-1.0632599387234778,2.0762828429574633
1329,-0.5681421299038947,-0.44196684938801617,-0.17649077279295264,-1.5322763754374178
1330,-0.07251871651890043,2.131862646173851,1.129910230586839,0.18178925330015083
1331,0.9365886523124329,1.3608040607023235,1.2367975854088222,0.45243119467976695
1332,-0.15778178971934434,0.1485991260563155,-1.2070960087925662,-1.5322763754374178
1333,-0.056292804977233414,0.2637141774619474,-0.3572755581091461,-0.7203505512985695
1334,-0.7421596923029719,0.48242346860245094,0.8184853449326662,-1.351848414517674
1335,-0.2645695285440931,-0.4708999282828016,-0.20156311528205972,1.4447849797383594
1336,-0.7275877602612683,-0.4215911210289206,-0.7254431136070874,-1.2616344340578016
1337,-0.14097684202691035,0.1485991260563155,-0.8376088563215139,0.542645175139639
1338,-0.733655457153031,-0.5323209975022835,0.5400503836062664,-0.44970860991895345
1339,1.618062604484456,-0.0385231726680098,-0.4997920312051234,-0.6301365708386975
1340,-0.7285179445727726,0.3490563530487841,-0.6093185799733282,0.27200323376002283
1341,1.1998659272842656,-0.0385231726680098,0.7709798539006739,-0.8105645317584416
1342,-0.5500135686341504,-0.5943366417497988,0.7696602569275632,2.2567108038772075
1343,-0.44474579970516515,-0.36433144011737867,-0.8547636169719556,-1.442062394977546
1344,0.7748168445473987,-0.6552132112833685,-0.17253198187362,-0.7203505512985695
1345,1.4806740950236896,3.76239899907999,-1.4976580663018553,1.1741430383587432
1346,1.1463502309589824,-0.0385231726680098,-0.7201647257146438,-0.17906666853933734
1347,-0.44535493426970957,-0.5726303542305935,1.2143644368659365,1.0839290578988712
1348,1.2520250451028632,-0.6082737678027452,-0.3929046763831405,-1.0812064731380577
1349,-0.2822695457319578,-0.4708999282828016,-1.0025584779603764,-0.8105645317584416
1350,-0.7417820288729542,-0.5268237160947709,-1.3192617515069927,0.45243119467976695
1351,-0.6008712883713212,-0.22127251675420845,-0.5868854314304428,0.542645175139639
1352,-0.24975035953207425,-0.4215911210289206,0.5400503836062664,-0.44970860991895345
1353,-0.6294189172103746,-0.5943366417497988,-0.5552151040757812,0.542645175139639
1354,0.1213845812114071,-0.0385231726680098,-0.317687648915819,-0.5399225903788254
1355,-0.6774251705565776,-0.48370263686745274,-0.7478762621499727,0.542645175139639
1356,-0.13228843324980724,-0.21496939252986363,-0.957692180874606,0.542645175139639
1357,1.1132899899400033,-0.0385231726680098,-0.663422055870875,-0.0888526880794653
1358,1.3674739608065352,-0.6552132112833685,-0.6964119801986475,0.09157527284027878
1359,0.9427437779299302,-0.5579209215100496,2.6580035254492618,-1.2616344340578016
1360,0.7655150014323544,-0.6236832999805464,-1.0527031629385908,0.542645175139639
1361,0.26602537513475105,-0.0385231726680098,1.2367975854088222,0.45243119467976695
1362,-0.7231016633506228,0.3490563530487841,-0.7399586803113073,-1.351848414517674
1363,-0.552278115956457,-0.5323209975022835,-1.2440447240396713,-0.8105645317584416
1364,0.0626561262714217,6.128009589620586,3.2254302238869488,-1.0812064731380577
1365,-0.5582977987119558,-0.44196684938801617,-0.27678014274938123,-1.2616344340578016
1366,1.5178850506283645,-0.6236832999805464,0.7247939598417927,-1.0812064731380577
1367,-0.269497785485708,-0.4215911210289206,-1.327179333345658,-0.26928064899920934
1368,-0.7313744273660366,0.3490563530487841,-0.5842462374842209,0.27200323376002283
1369,-0.371863924000763,0.2637141774619474,1.6076043348529852,1.9860688624975915
1370,-0.21460401178675514,-0.4215911210289206,-0.3203268428620409,-0.6301365708386975
1371,-0.7173765150728036,0.3490563530487841,-1.0566619538579234,0.542645175139639
1372,-0.7372629670329334,0.3490563530487841,-0.3203268428620409,-0.6301365708386975
1373,0.40365968830803406,-0.18513231040992228,-0.3084504701040428,-1.0812064731380577
1374,-0.7231016633506228,-0.4215911210289206,-0.7399586803113073,-1.351848414517674
1375,1.1796691750106678,-0.0385231726680098,1.7250484654598552,-0.7203505512985695
1376,1.4390888366166847,-0.12634732183959937,1.7316464503254096,0.8132871165192551
1377,0.2415023341950882,0.9269825438951914,0.9860741605177505,-0.7203505512985695
1378,-0.7311623052117953,0.3490563530487841,-0.6027205951077735,-0.9909924926781858
1379,-0.7022384462005232,-0.5268237160947709,1.3661180887736906,0.542645175139639
1380,-0.7344150837864629,-0.5323209975022835,0.19563557362432124,-0.17906666853933734
1381,-0.7395009990859599,-0.4215911210289206,0.19563557362432124,-0.17906666853933734
1382,-0.4739283617491437,-0.17414029514807344,-0.6000814011615518,0.0013612923804067448
1383,1.9049055041862673,1.1815188316586127,0.728752750761125,1.0839290578988712
1384,-0.18849722097927668,0.1485991260563155,1.2763854946021493,0.09157527284027878
1385,-0.7285043286236828,-0.5323209975022835,-0.25302739723338485,-0.5399225903788254
1386,1.8863039678428766,1.1815188316586127,-0.650226086139766,-0.0888526880794653
1387,0.029032614937463914,6.128009589620586,-0.3572755581091461,-0.7203505512985695
1388,-0.7307466604501061,-0.4215911210289206,-0.518266388828676,-0.7203505512985695
1389,-0.35788966046121234,-0.551137026234718,-1.0302700143957053,1.3545709992784871
1390,0.1697555986674373,-0.5842752994104199,-0.27678014274938123,-1.2616344340578016
1391,1.618062604484456,-0.6082737678027452,-0.4997920312051234,-0.6301365708386975
1392,0.28068330264439045,-0.0385231726680098,0.8000109873091135,1.4447849797383594
1393,0.04241064323266046,-0.43985253947377473,1.3661180887736906,0.542645175139639
1394,-0.554669506593969,-0.5726303542305935,-0.131624475707182,0.542645175139639
1395,-0.14409847751297614,-0.5323209975022835,0.9029395512117642,2.2567108038772075
1396,-0.7275877602612683,-0.5323209975022835,-0.7254431136070874,-1.2616344340578016
1397,-0.3924569720557644,-0.36433144011737867,-0.7003707711179802,0.542645175139639
1398,-0.736862371478133,-0.5323209975022835,0.002974415550129697,0.09157527284027878
1399,0.9359107213735398,-0.5842752994104199,0.6838864536753546,1.9860688624975915
1400,-0.745604527422696,-0.4215911210289206,-0.994640896121711,0.542645175139639
1401,6.610528062233508,0.3841766424983934,-0.1817691606853962,-1.351848414517674
1402,-0.18851800321736117,0.016315835157083593,1.959936726673596,-0.9909924926781858
1403,-0.3371812351533972,-0.5625188569380566,-0.8019797380475197,1.1741430383587432
1404,-0.24975035953207425,-0.4215911210289206,0.5400503836062664,-0.44970860991895345
1405,-0.5196815338354314,0.3490563530487841,-0.7399586803113073,-1.351848414517674
1406,0.06098566430677075,-0.0385231726680098,-0.663422055870875,-0.0888526880794653
1407,-0.7369125355010955,0.3490563530487841,0.728752750761125,1.0839290578988712
1408,-0.41848206716870395,-0.515388247455416,0.8818259996419895,0.45243119467976695
1409,-0.7452598289220538,-0.5323209975022835,-0.0590466421860824,-0.8105645317584416
1410,-0.4581338608049541,-0.2909305816974626,1.5759340074983237,-0.44970860991895345
1411,-0.043786197423785304,-0.5323209975022835,-0.3084504701040428,-1.0812064731380577
1412,-0.7316152146762566,-0.5323209975022835,-0.3084504701040428,-1.0812064731380577
1413,0.14081669044927664,-0.18513231040992228,-0.8204540956710722,0.632859155599511
1414,-0.2767307209679995,-0.5625188569380566,-0.7003707711179802,0.542645175139639
1415,-0.11014675014306374,-0.5323209975022835,0.33551285277407705,1.9860688624975915
1416,0.31698700606234415,-0.5122140758088042,-0.9933212991486001,-0.44970860991895345
1417,-0.5118287143551035,-0.5323209975022835,0.6377005596164733,1.1741430383587432
1418,0.3668421619691646,-0.2566382072246268,-0.47340009174290537,-0.8105645317584416
1419,1.0102294380213674,-0.5906996712437486,-0.24906860631405242,-0.8105645317584416
1420,6.39969369012446,0.3841766424983934,1.384592446397243,1.9860688624975915
1421,-0.6873167992558811,0.016315835157083593,0.7696602569275632,2.2567108038772075
1422,-0.22711348585580116,0.3490563530487841,0.18112000692010144,-0.7203505512985695
1423,-0.2529185758966052,-0.4708999282828016,-0.17649077279295264,-1.5322763754374178
1424,-0.7391168859958471,-0.4215911210289206,-0.25302739723338485,-0.5399225903788254
1425,0.025650126531993153,-0.2566382072246268,-1.18334326327657,0.542645175139639
1426,-0.47884228611276924,-0.5625188569380566,-0.637030116408657,-1.0812064731380577
1427,0.013119870224862792,-0.43985253947377473,0.6495769323744712,0.45243119467976695
1428,-0.4834638258854134,-0.21496939252986363,1.1747765276726094,0.09157527284027878
1429,-0.02395922566231104,-0.43985253947377473,-0.08411898467518968,2.0762828429574633
1430,-0.7316152146762566,0.3490563530487841,-0.3084504701040428,-1.0812064731380577
1431,-0.26972710673353656,-0.5323209975022835,-0.4997920312051234,1.3545709992784871
1432,-0.7495087216669766,0.48242346860245094,-0.48527646450090345,0.09157527284027878
1433,-0.37990808339724796,0.2637141774619474,-1.2070960087925662,-1.5322763754374178
1434,0.319216438568577,-0.0385231726680098,-0.42193580979158024,-0.9909924926781858
1435,-0.523276861024043,0.9389371162997321,-0.6409889073279896,-0.5399225903788254
1436,-0.3891131816108648,-0.5879856513896028,-0.317687648915819,-0.5399225903788254
1437,-0.4542783973258371,0.3490563530487841,1.4030668040207954,1.9860688624975915
1438,-0.2059256358142445,-0.5625188569380566,-0.6000814011615518,0.0013612923804067448
1439,-0.6319916149594508,-0.6024850303896584,-0.48263727055468175,0.542645175139639
1440,0.13396213502590212,0.2637141774619474,-0.48263727055468175,0.542645175139639
1441,-0.4854245225543473,-0.2909305816974626,-0.45756492806557447,0.45243119467976695
1442,-0.5497004018050846,0.9389371162997321,2.0787004542535765,-0.7203505512985695
1443,-0.12592118547806833,-0.17247164781760813,1.7250484654598552,-0.7203505512985695
1444,0.8683763305169392,-0.36254347574557094,-0.957692180874606,0.27200323376002283
1445,1.3682816015762314,-0.12634732183959937,-0.957692180874606,0.27200323376002283
1446,1.80953653024558,1.1815188316586127,1.3186125977416983,-0.9909924926781858
1447,-0.4240488404597414,-0.5879856513896028,0.12173814313011087,0.09157527284027878
1448,-0.7370680439722792,-0.5323209975022835,0.002974415550129697,0.09157527284027878
1449,-0.033363546709978986,-0.5842752994104199,-0.131624475707182,0.542645175139639
1450,5.9174203565075825,0.3841766424983934,-0.33220321562003896,-0.0888526880794653
1451,-0.23878235422577565,-0.4215911210289206,-1.1477141450025756,-0.5399225903788254
1452,1.3526813070637966,1.3608040607023235,1.4281391465099027,1.9860688624975915
1453,-0.730317399739327,-0.6024713571940952,-0.08411898467518968,2.0762828429574633
1454,-0.043786197423785304,-0.4215911210289206,-0.3084504701040428,-1.0812064731380577
1455,-0.7263788073078721,-0.5323209975022835,0.33551285277407705,1.9860688624975915
1456,-0.7404748977603317,0.48242346860245094,1.2460347642205982,-1.0812064731380577
1457,-0.057202923679552944,0.1485991260563155,0.2985641375269715,0.8132871165192551
1458,-0.7395009990859599,0.3490563530487841,0.19563557362432124,-0.17906666853933734
1459,0.19159486437860695,-0.17247164781760813,-0.2741409488031593,0.18178925330015083
1460,-0.5850294899197671,-0.15890174757447112,-1.130559384352134,-1.2616344340578016
1461,-0.7476777348288457,0.48242346860245094,1.449252698079677,1.3545709992784871
1462,-0.5388879049699697,-0.5943366417497988,1.4901602042461148,-0.6301365708386975
1463,-0.4670644901500761,-0.5625188569380566,-1.0421463871537036,-0.8105645317584416
1464,-0.7413241030061968,0.3490563530487841,-0.4997920312051234,1.3545709992784871
1465,1.6815659577815711,-0.0385231726680098,1.4914798012192259,0.542645175139639
1466,-0.21460401178675514,-0.5323209975022835,-0.3203268428620409,-0.6301365708386975
1467,-0.5118287143551035,-0.4215911210289206,0.6377005596164733,1.1741430383587432
1468,1.4386043954806471,3.76239899907999,-1.4977636340597043,-1.442062394977546
1469,-0.3255704137242793,-0.17414029514807344,-0.8547636169719556,-1.442062394977546
1470,-0.4083181194876041,-0.3113367612781184,-0.6304321315431025,-0.5399225903788254
1471,-0.43869028550469313,-0.3113367612781184,1.2579111369785965,-0.6301365708386975
1472,-0.6054978445462617,-0.5943366417497988,-0.957692180874606,0.27200323376002283
1473,-0.3748336341601424,-0.4434554364560922,0.6706904839442459,1.9860688624975915
1474,-0.09948761189243421,0.2637141774619474,-0.39422427335625143,-0.0888526880794653
1475,1.399613333689703,3.76239899907999,-1.487827068852179,-0.8105645317584416
1476,-0.7261889006495141,-0.5323209975022835,1.4030668040207954,1.9860688624975915
1477,-0.12704557622132756,-0.4215911210289206,-0.518266388828676,-0.7203505512985695
1478,-0.6393270283743656,-0.6024850303896584,-0.4021418551949165,-1.442062394977546
1479,-0.4270679980131838,-0.4434554364560922,-1.5079641186618515,0.542645175139639
1480,-0.057202923679552944,0.2637141774619474,0.2985641375269715,0.8132871165192551
1481,-0.7316144980473571,-0.5323209975022835,-1.0764559084545868,0.542645175139639
1482,0.3904500678042116,-0.0385231726680098,0.8831455966151006,-1.0812064731380577
1483,1.003045949933139,-0.36254347574557094,1.7316464503254096,0.8132871165192551
1484,1.044437718537288,-0.5579209215100496,-0.0590466421860824,-0.5399225903788254
1485,-0.6209655627122956,-0.6024850303896584,-1.5079641186618515,0.542645175139639
1486,-0.5506707173349591,-0.4215911210289206,-0.47340009174290537,0.542645175139639
1487,0.5963697989207337,-0.5122140758088042,-0.5829266405111102,-0.0888526880794653
1488,0.14742687541793376,-0.0385231726680098,-0.6528652800859877,-0.44970860991895345
1489,0.3216372109909669,-0.5122140758088042,-0.17253198187362,-0.7203505512985695
1490,-0.11575222139467219,6.128009589620586,-0.39422427335625143,-0.0888526880794653
1491,-0.3080681861126667,0.3490563530487841,0.9939917423564165,-0.7203505512985695
1492,0.08520198807746283,-0.5115191112634179,0.3117601072580805,0.542645175139639
1493,0.636068173435449,1.3608040607023235,-0.5657718798606685,-0.44970860991895345
1494,-0.25904216984252626,2.131862646173851,-0.7584330379348599,-0.7203505512985695
1495,0.3704174235485912,-0.2566382072246268,0.8712692238571027,-0.7203505512985695
1496,-0.7395009990859599,-0.5323209975022835,0.19563557362432124,-0.17906666853933734
1497,-0.28411343189027904,-0.17414029514807344,-1.0302700143957053,1.3545709992784871
1498,-0.1018954849946337,-0.17247164781760813,-0.7267627105801983,0.09157527284027878
1499,0.021075167637814158,-0.4215911210289206,-1.0764559084545868,0.542645175139639
1500,-0.368368208229177,-0.515388247455416,-0.317687648915819,-0.5399225903788254
1501,-0.253302688986718,-0.3113367612781184,0.07159345815189667,-1.0812064731380577
1502,-0.4815052791031779,0.3490563530487841,-0.650226086139766,-0.0888526880794653
1503,-0.3681317206923538,0.2637141774619474,-0.39422427335625143,-0.0888526880794653
1504,-0.06315022691620568,-0.17247164781760813,1.4914798012192259,0.542645175139639
1505,-0.25162004433077617,-0.515388247455416,-0.4997920312051234,-0.6301365708386975
1506,0.4912611216074294,-0.0385231726680098,-1.0632599387234778,2.0762828429574633
1507,0.752223685233993,-0.6236832999805464,1.3582005069350245,1.9860688624975915
1508,-0.36055910311171624,0.1485991260563155,0.2985641375269715,0.8132871165192551
1509,2.056678188917078,-0.5579209215100496,-1.0975694600243613,-0.26928064899920934
1510,-0.7426591826458985,0.3490563530487841,-1.0566619538579234,0.542645175139639
1511,-0.5351320529078782,0.9389371162997321,-0.9484550020628297,0.8132871165192551
1512,-0.7405752258062567,0.3490563530487841,-1.4208707184365321,-1.5322763754374178
1513,0.968597598735898,1.1815188316586127,0.9029395512117642,2.2567108038772075
1514,0.17801904650715827,-0.0385231726680098,0.8818259996419895,0.45243119467976695
1515,1.4774815132765764,3.76239899907999,-1.48248270111108,1.9860688624975915
1516,-0.27629429396822586,-0.4708999282828016,0.814526554013334,-0.44970860991895345
1517,-0.15778178971934434,0.2637141774619474,-1.2070960087925662,-1.5322763754374178
1518,-0.7436753624253386,0.3490563530487841,-0.45756492806557447,0.45243119467976695
1519,0.17531377241168125,-0.6082737678027452,-0.8943515261652825,0.542645175139639
1520,-0.5928271289748362,-0.22127251675420845,1.2790246885483707,-0.8105645317584416
1521,-0.015601182807860901,0.1485991260563155,-1.406355151732312,-1.5322763754374178
1522,-0.24804693263804797,-0.5625188569380566,0.13361451588810894,-0.44970860991895345
1523,-0.19189260870493777,-0.5842752994104199,-0.9378982262779424,0.632859155599511
1524,0.1221671399696219,0.1485991260563155,0.15472806745788342,-0.9909924926781858
1525,0.23887158950515547,0.9269825438951914,-0.4021418551949165,-1.442062394977546
1526,-0.11973094504449722,-0.4215911210289206,-0.6027205951077735,-0.9909924926781858
1527,1.5922001841316948,0.8604907093976325,-0.7716290076659689,0.27200323376002283
1528,-0.11973094504449722,-0.5323209975022835,-0.6027205951077735,-0.9909924926781858
1529,-0.32558116315777125,-0.36433144011737867,-0.8019797380475197,1.1741430383587432
1530,-0.1698419374684263,2.131862646173851,-0.9181042716812791,-1.442062394977546
1531,-0.39791768426968116,-0.5122140758088042,0.19959436454365387,-0.8105645317584416
1532,-0.14483302213492694,0.3490563530487841,0.8950219693730989,0.09157527284027878
1533,-0.012162080719332443,-0.5906996712437486,-0.6845356074406495,-0.26928064899920934
1534,-0.16344530791180945,0.2637141774619474,1.7158112866480788,0.09157527284027878
1535,-0.5447606788010783,-0.5323209975022835,-1.0566619538579234,0.542645175139639
1536,-0.5845866132598981,-0.22127251675420845,-0.2662233669644939,-0.5399225903788254
1537,-0.733655457153031,0.3490563530487841,0.5400503836062664,-0.44970860991895345
1538,-0.21905427725242746,-0.4708999282828016,1.037538442469076,0.45243119467976695
1539,-0.269497785485708,-0.5323209975022835,-1.327179333345658,-0.26928064899920934
1540,0.5366889441733604,1.3608040607023235,-0.7887837683164106,-1.442062394977546
1541,-0.7311623052117953,0.3490563530487841,-0.6027205951077735,-0.9909924926781858
1542,0.17948240271986407,0.2637141774619474,0.6825668567022438,1.0839290578988712
1543,-0.21023329212892344,0.2637141774619474,2.2410108819462176,2.2567108038772075
1544,0.03346998108294589,-0.17247164781760813,-0.9510941960090515,-1.5322763754374178
1545,-0.5960548255380228,-0.22127251675420845,-0.6528652800859877,-1.5322763754374178
1546,-0.32474199071649873,0.3490563530487841,-0.8204540956710722,0.632859155599511
1547,0.26339463044481815,-0.6082737678027452,1.4914798012192259,0.542645175139639
1548,-0.7396665403617362,-0.4215911210289206,-1.2440447240396713,-0.8105645317584416
1549,-0.7395009990859599,-0.5323209975022835,0.19563557362432124,-0.17906666853933734
1550,-0.7418931063523713,0.3490563530487841,0.5400503836062664,-0.44970860991895345
1551,-0.7311623052117953,-0.4215911210289206,-0.6027205951077735,-0.9909924926781858
1552,0.03844338564522688,-0.6445427051934703,-0.2569861881527175,-0.7203505512985695
1553,-0.7335200142910322,0.3490563530487841,0.5651227260953737,0.8132871165192551
1554,-0.2579736761534252,-0.4708999282828016,-0.8547636169719556,-1.442062394977546
1555,-0.057202923679552944,0.2637141774619474,0.2985641375269715,0.8132871165192551
1556,0.11996350610376968,-0.6082737678027452,0.8000109873091135,1.4447849797383594
1557,-0.03835486699474658,-0.5115191112634179,0.6231849929122528,0.45243119467976695
1558,1.0778168594165285,-0.5579209215100496,-0.7993405441012978,-0.44970860991895345
1559,-0.5031094905353233,-0.5943366417497988,-0.6489064891666553,-0.7203505512985695
1560,-0.04223971225874168,0.1485991260563155,-0.7716290076659689,0.27200323376002283
1561,-0.029695840002521488,-0.5842752994104199,-0.5552151040757812,0.542645175139639
1562,-0.7391168859958471,-0.5323209975022835,-0.25302739723338485,-0.5399225903788254
1563,-0.5506707173349591,0.3490563530487841,-0.47340009174290537,0.542645175139639
1564,-0.3027099518313734,-0.4708999282828016,-0.14218125149206934,-0.7203505512985695
1565,-0.6350279716064803,0.016315835157083593,-0.11183052111051847,-0.26928064899920934
1566,0.14467358718619258,-0.2566382072246268,-0.7373194863650855,0.27200323376002283
1567,-0.5106534429599823,-0.4215911210289206,0.5651227260953737,0.8132871165192551
1568,-0.19882814319395167,-0.5029846688035554,-0.5552151040757812,0.542645175139639
1569,-0.6265144202808465,-0.15890174757447112,-0.9708881506057149,0.45243119467976695
1570,-0.736862371478133,-0.4215911210289206,0.002974415550129697,0.09157527284027878
1571,1.0230140975878077,-0.5906996712437486,0.3117601072580805,0.542645175139639
1572,-0.4767103151368634,0.9389371162997321,0.09930499458722546,0.09157527284027878
1573,0.28714227891526073,-0.0385231726680098,1.4136235798056829,1.0839290578988712
1574,-0.06732674014228268,0.1485991260563155,-1.4710154034147462,-0.8105645317584416
1575,-0.21460401178675514,0.3490563530487841,-0.3203268428620409,-0.6301365708386975
1576,2.2192540543073114,-0.12634732183959937,1.037538442469076,0.45243119467976695
1577,-0.40418962039779127,-0.5842752994104199,0.13361451588810894,-0.44970860991895345
1578,2.403966586401991,1.736012150723348,-0.131624475707182,0.542645175139639
1579,1.1463502309589824,-0.6082737678027452,-0.7201647257146438,-0.17906666853933734
1580,0.16689911587417328,2.131862646173851,0.030685951985458673,0.542645175139639
1581,-0.7311623052117953,-0.5323209975022835,-0.6027205951077735,-0.9909924926781858
1582,-0.0873264194685278,0.2637141774619474,-0.7148863378222001,-0.44970860991895345
1583,0.9557957400758705,-0.5122140758088042,-0.8798359594610627,2.0762828429574633
1584,1.776133023983758,-0.5579209215100496,0.7986913903360031,-0.9909924926781858
1585,-0.036852096192570336,0.1485991260563155,-1.4538606427643046,0.632859155599511
1586,1.3826320952880011,-0.12634732183959937,0.24050187071009205,-0.0888526880794653
1587,1.0048210397171116,-0.5842752994104199,-0.6489064891666553,-0.7203505512985695
1588,-0.552278115956457,-0.4215911210289206,-1.2440447240396713,-0.8105645317584416
1589,-0.24458848156923413,-0.5906996712437486,-0.6964119801986475,0.09157527284027878
1590,-0.7314310410490943,-0.5323209975022835,-0.3203268428620409,-0.6301365708386975
1591,0.5006905246665786,-0.2566382072246268,-0.6752984286288732,1.1741430383587432
1592,-0.41889126227029805,-0.515388247455416,-0.7478762621499727,0.27200323376002283
1593,-0.17134327501280366,6.128009589620586,1.2763854946021493,0.09157527284027878
1594,0.14015022557277498,0.1485991260563155,0.6706904839442459,1.9860688624975915
1595,-0.5774497060501349,-0.4215911210289206,-1.31530296058766,-1.442062394977546
1596,0.4010647750630744,-0.6552132112833685,-1.102847847916805,-1.0812064731380577
1597,-0.4290064791862343,-0.5625188569380566,1.2143644368659365,1.0839290578988712
1598,-0.02359947795478014,-0.43985253947377473,-0.0656446270516371,0.632859155599511
1599,-0.3021832295902672,0.1485991260563155,-0.18968674252406165,2.0762828429574633
1600,-0.7253676439307283,0.3490563530487841,1.3186125977416983,-0.9909924926781858
1601,0.3709978929571571,-0.0385231726680098,-0.836289259348403,0.542645175139639
1602,-0.2940007608161857,-0.17414029514807344,-0.8019797380475197,1.1741430383587432
1603,-0.726712039746123,0.3490563530487841,0.6377005596164733,1.1741430383587432
1604,0.3791925444225294,-0.6082737678027452,-0.2741409488031593,0.18178925330015083
1605,1.138152712978012,-0.12634732183959937,-0.5987618041884408,0.18178925330015083
1606,-0.5774497060501349,0.3490563530487841,-1.31530296058766,-1.442062394977546
1607,0.17801904650715827,-0.0385231726680098,0.8818259996419895,0.45243119467976695
1608,1.8692768651916087,0.8604907093976325,1.3067362249836996,-1.0812064731380577
1609,0.45924357563717083,-0.6236832999805464,-0.42457500373780194,0.27200323376002283
1610,-0.09250836304055299,-0.21496939252986363,-0.09335616348696589,2.0762828429574633
1611,1.4370421444798152,0.9269825438951914,3.2254302238869488,-1.0812064731380577
1612,-0.06302481685879949,-0.5323209975022835,0.728752750761125,1.0839290578988712
1613,-0.7299074880088335,-0.4215911210289206,-0.650226086139766,-0.0888526880794653
1614,-0.20017468889604478,0.1485991260563155,1.7976262989809548,-0.9909924926781858
1615,1.3339457611162062,3.76239899907999,-1.498225493000293,0.542645175139639
1616,-0.340552974125376,-0.21496939252986363,-0.6871748013868713,-0.5399225903788254
1617,-0.5215454856029377,-0.4215911210289206,-0.25302739723338485,-0.5399225903788254
1618,-0.7051257440364643,-0.5268237160947709,0.22862549795209378,-1.2616344340578016
1619,-0.29815649180417825,0.2637141774619474,-0.3572755581091461,-0.7203505512985695
1620,-0.14561414763534278,-0.5323209975022835,1.4862014133267825,-1.0812064731380577
1621,-0.5690730308442985,0.3490563530487841,-0.0590466421860824,-0.8105645317584416
1622,-0.32474199071649873,0.3490563530487841,-0.8204540956710722,0.632859155599511
1623,-0.4765870549661556,-0.5115191112634179,-0.6845356074406495,-0.26928064899920934
1624,-0.5094244243974012,0.3490563530487841,-0.5842462374842209,0.27200323376002283
1625,-0.371863924000763,0.1485991260563155,1.6076043348529852,1.9860688624975915
1626,0.8448178720759552,-0.5906996712437486,1.2367975854088222,0.542645175139639
1627,-0.7399381427146331,0.48242346860245094,-0.2517078002602741,0.632859155599511
1628,-0.32370216218337633,-0.5879856513896028,-0.3929046763831405,-1.0812064731380577
1629,0.23054937809567838,-0.0385231726680098,0.5769990988533716,-1.351848414517674
1630,0.9394494348790936,-0.36254347574557094,-0.19232593647028334,1.9860688624975915
1631,-0.6931265097438368,-0.5019875007626324,-0.9708881506057149,0.45243119467976695
1632,-0.45270181374701596,-0.4434554364560922,0.7920934054704486,-0.5399225903788254
1633,1.0568181994044303,-0.5906996712437486,-1.0527031629385908,0.542645175139639
1634,-0.37144469609457653,-0.5625188569380566,-0.317687648915819,-0.17906666853933734
1635,-0.7435965332463975,-0.5323209975022835,-0.7399586803113073,-1.351848414517674
1636,-0.446487207930863,-0.515388247455416,0.7709798539006739,-0.8105645317584416
1637,-0.733805232593019,-0.5323209975022835,-0.0590466421860824,-0.8105645317584416
1638,1.9193849910999403,0.8604907093976325,-1.4710154034147462,-0.8105645317584416
1639,-0.6531078021110611,-0.48370263686745274,-0.2569861881527175,-0.7203505512985695
1640,-0.7376520965253425,-0.5323209975022835,-0.994640896121711,0.542645175139639
1641,-0.05342557275047745,6.128009589620586,0.9860741605177505,-0.7203505512985695
1642,0.11996350610376968,-0.0385231726680098,0.8000109873091135,1.4447849797383594
1643,5.897924467297661,0.3841766424983934,-0.15141843030384572,-0.8105645317584416
1644,-0.7381480037237717,0.48242346860245094,-0.7135667408490893,-0.9909924926781858
1645,-0.26242035847460016,0.2637141774619474,1.8530493718516123,-0.6301365708386975
1646,-0.7316144980473571,0.3490563530487841,-1.0764559084545868,0.542645175139639
1647,-0.638581734318923,-0.5019875007626324,1.8530493718516123,-0.6301365708386975
1648,-0.6840547045055202,-0.15890174757447112,-0.8376088563215139,0.542645175139639
1649,-0.3647291666776981,2.131862646173851,-0.8837947503803953,0.09157527284027878
1650,0.052608989100934506,-0.5115191112634179,-0.464162912931129,-1.5322763754374178
1651,0.008529862123794953,0.2637141774619474,-1.5079641186618515,0.542645175139639
1652,-0.7263788073078721,-0.5323209975022835,0.33551285277407705,1.9860688624975915
1653,-0.21090334014992235,6.128009589620586,-0.7716290076659689,0.27200323376002283
1654,-0.5318577754662266,0.9389371162997321,-0.45096694320001995,-0.5399225903788254
1655,0.008013172687281276,-0.6082737678027452,-0.7478762621499727,0.27200323376002283
1656,0.008577159631159596,-0.5115191112634179,0.1771612160007688,-1.2616344340578016
1657,0.010651083666208828,2.131862646173851,-0.1817691606853962,-1.351848414517674
1658,-0.358017220405317,0.1485991260563155,-1.504005327742519,-1.351848414517674
1659,-0.355908181554194,-0.17414029514807344,-0.5987618041884408,0.18178925330015083
1660,0.12072599925279964,6.128009589620586,-1.504005327742519,-1.351848414517674
1661,-0.2544012810895965,6.128009589620586,0.4595549682465016,0.542645175139639
1662,-0.7396930556310163,0.3490563530487841,0.18112000692010144,-0.7203505512985695
1663,-0.7285043286236828,0.3490563530487841,-0.25302739723338485,-0.5399225903788254
1664,-0.33112715421072425,-0.5879856513896028,-0.836289259348403,0.542645175139639
1665,-0.7441676864792703,0.3490563530487841,-0.650226086139766,-0.0888526880794653
1666,-0.14097684202691035,0.2637141774619474,-0.8376088563215139,0.542645175139639
1667,-0.7389943424540388,-0.5323209975022835,1.7448424200565187,-0.8105645317584416
1668,-0.07024700290759908,0.1485991260563155,-0.18968674252406165,2.0762828429574633
1669,-0.7468758270903454,-0.4215911210289206,-0.6093185799733282,0.27200323376002283
1670,-0.05327723056828836,6.128009589620586,-0.34803837929736986,1.3545709992784871
1671,1.5000159090202263,0.8604907093976325,-1.3232205424263255,1.4447849797383594
1672,-0.7451480348137374,-0.5323209975022835,-0.5842462374842209,0.27200323376002283
1673,-0.17839060361013395,-0.43985253947377473,0.8712692238571027,-0.7203505512985695
1674,-0.11014675014306374,-0.5323209975022835,0.33551285277407705,1.9860688624975915
1675,-0.730868487363015,-0.5323209975022835,-0.4997920312051234,1.3545709992784871
1676,-0.5675093465856679,-0.5726303542305935,-1.1252809964596904,0.27200323376002283
1677,0.29518643831174557,-0.6082737678027452,0.7709798539006739,-0.8105645317584416
1678,-0.47427234362088644,-0.5625188569380566,0.814526554013334,-0.44970860991895345
1679,-0.7297354970729623,-0.4215911210289206,0.18112000692010144,-0.7203505512985695
1680,-0.5342857141776111,-0.5323209975022835,1.7448424200565187,-0.8105645317584416
1681,-0.7389943424540388,-0.4215911210289206,1.7448424200565187,-0.8105645317584416
1682,-0.34247640609153773,0.9389371162997321,-0.5024312251513451,-1.0812064731380577
1683,0.4349899871637065,1.3608040607023235,0.12173814313011087,0.09157527284027878
1684,-0.09931992072995964,-0.4215911210289206,0.002974415550129697,0.09157527284027878
1685,0.9325160502767782,-0.0385231726680098,-0.7478762621499727,0.27200323376002283
1686,-0.7322544476545786,0.3490563530487841,-1.1477141450025756,-0.5399225903788254
1687,0.21626338098486084,-0.0385231726680098,-0.5657718798606685,-0.44970860991895345
1688,-0.5196815338354314,-0.4215911210289206,-0.7399586803113073,-1.351848414517674
1689,-0.7405752258062567,-0.4215911210289206,-1.4208707184365321,-1.5322763754374178
1690,-0.32235633311018264,0.1485991260563155,-1.4710154034147462,-0.8105645317584416
1691,-0.2977035823397169,-0.4708999282828016,1.7316464503254096,0.8132871165192551
1692,-0.7441676864792703,0.3490563530487841,-0.650226086139766,-0.0888526880794653
1693,-0.734233060045999,-0.4215911210289206,-1.2440447240396713,-0.8105645317584416
1694,-0.7441676864792703,-0.5323209975022835,-0.650226086139766,-0.0888526880794653
1695,-0.7307129788918313,-0.5323209975022835,1.3186125977416983,-0.9909924926781858
1696,1.52374850828378,-0.12634732183959937,-0.22135706987872325,-1.5322763754374178
1697,-0.7452304471371758,-0.5323209975022835,-0.7254431136070874,-1.2616344340578016
1698,1.623282529388153,-0.5906996712437486,0.2484194525487573,-1.351848414517674
1699,0.650876593013976,-0.5842752994104199,1.959936726673596,-0.9909924926781858
1700,-0.23384048133507096,-0.4708999282828016,-0.8019797380475197,1.1741430383587432
1701,-0.7455765788956169,-0.5323209975022835,-1.31530296058766,-1.442062394977546
1702,-0.7449968261159504,-0.4215911210289206,-0.47340009174290537,0.542645175139639
1703,0.0992744297762402,-0.5115191112634179,1.3582005069350245,1.9860688624975915
1704,-0.7263788073078721,-0.4215911210289206,0.33551285277407705,1.9860688624975915
1705,-0.30636332596084154,-0.21496939252986363,-1.0025584779603764,-0.8105645317584416
1706,-0.20534301651898015,-0.5323209975022835,3.233347805725615,0.45243119467976695
1707,-0.03764898752877447,0.1485991260563155,-1.130559384352134,-1.2616344340578016
1708,-0.11014675014306374,-0.5323209975022835,0.33551285277407705,1.9860688624975915
1709,-0.1799270559705851,-0.5842752994104199,-0.17649077279295264,-1.5322763754374178
1710,-0.5343344449427746,-0.4215911210289206,-0.6093185799733282,0.27200323376002283
1711,-0.522497168781426,-0.5323209975022835,1.0164248908993014,2.0762828429574633
1712,-0.42151985707353246,-0.36433144011737867,-1.0302700143957053,1.3545709992784871
1713,-0.7449968261159504,0.3490563530487841,-0.47340009174290537,0.542645175139639
1714,-0.5209571332764775,0.3490563530487841,0.19563557362432124,-0.17906666853933734
1715,-0.11339737883103314,2.131862646173851,-0.6990511741448694,-0.8105645317584416
1716,1.006378274315647,-0.6082737678027452,-0.22135706987872325,0.542645175139639
1717,-0.7441440377255881,-0.5323209975022835,0.5651227260953737,0.8132871165192551
1718,-0.7369125355010955,-0.4215911210289206,0.728752750761125,1.0839290578988712
1719,1.6781899190361955,0.8604907093976325,-1.2070960087925662,-1.5322763754374178
1720,0.23163292099166813,-0.0385231726680098,-0.16461440003495456,-0.7203505512985695
1721,-0.4382846735475965,0.016315835157083593,-0.2662233669644939,-0.8105645317584416
1722,-0.7391168859958471,-0.4215911210289206,-0.25302739723338485,-0.5399225903788254
1723,-0.44954578007377594,-0.515388247455416,-0.9510941960090515,-1.5322763754374178
1724,-0.7449968261159504,-0.5323209975022835,-0.47340009174290537,0.542645175139639
1725,-0.12704557622132756,-0.5323209975022835,-0.518266388828676,-0.7203505512985695
1726,-0.10444668387672601,2.131862646173851,-0.2543469942064958,-1.5322763754374178
1727,1.7588687171667674,3.76239899907999,-1.4909809056179142,-0.44970860991895345
1728,-0.5343344449427746,-0.4215911210289206,-0.6093185799733282,0.27200323376002283
1729,-0.544355783472881,-0.5726303542305935,1.037538442469076,0.45243119467976695
1730,0.4468903266682081,-0.5115191112634179,0.7247939598417927,-1.0812064731380577
1731,-0.2798007591733039,-0.515388247455416,-0.3929046763831405,-1.0812064731380577
1732,-0.15694261727807185,-0.17247164781760813,0.9293314906739818,-0.8105645317584416
1733,0.40606541152353504,-0.0385231726680098,-0.836289259348403,0.542645175139639
1734,-0.7307129788918313,-0.5323209975022835,1.3186125977416983,-0.9909924926781858
1735,-0.23374158654694496,-0.515388247455416,1.4136235798056829,1.0839290578988712
1736,-0.7313744273660366,-0.5323209975022835,-0.5842462374842209,0.27200323376002283
1737,1.3281532497218378,-0.5906996712437486,1.3779944615316884,1.0839290578988712
1738,1.6298540163962392,-0.6552132112833685,-0.5829266405111102,-0.0888526880794653
1739,0.22552150973703808,-0.6082737678027452,-0.7267627105801983,0.09157527284027878
1740,0.9825288645414808,-0.36254347574557094,-0.8019797380475197,1.1741430383587432
1741,-0.32575315409364264,-0.551137026234718,-0.19232593647028334,1.9860688624975915
1742,-0.7369125355010955,-0.5323209975022835,0.728752750761125,1.0839290578988712
1743,-0.3552324005019994,-0.551137026234718,1.1998488701617167,-0.9909924926781858
1744,0.008529862123794953,0.2637141774619474,-1.5079641186618515,0.542645175139639
1745,-0.4343969617680036,0.016315835157083593,2.2990731487630973,-0.7203505512985695
1746,-0.23703664622668102,0.3490563530487841,-0.7254431136070874,-1.2616344340578016
1747,-0.4784832550341377,0.3490563530487841,-1.4960877459038535,-1.5322763754374178
1748,-0.14682740036213557,0.1485991260563155,2.2410108819462176,2.2567108038772075
1749,1.4125298529736445,1.1815188316586127,1.0164248908993014,2.0762828429574633
1750,7.909147056788256,0.3841766424983934,1.921668414453379,0.09157527284027878
1751,-0.5601201860032932,-0.15890174757447112,-0.34803837929736986,1.3545709992784871
1752,-0.7322544476545786,-0.5323209975022835,-1.1477141450025756,-0.5399225903788254
1753,-0.10289446568048673,2.131862646173851,-0.4179770188722476,1.3545709992784871
1754,-0.5886692481001454,-0.6024850303896584,0.7920934054704486,-0.5399225903788254
1755,-0.16839219720481036,-0.21496939252986363,-0.17649077279295264,-1.5322763754374178
1756,-0.3699161266520195,-0.36433144011737867,0.13361451588810894,-0.44970860991895345
1757,0.4847928291608662,-0.5122140758088042,0.1415320977267744,0.632859155599511
1758,-0.32898586705912536,-0.551137026234718,-0.17649077279295264,-1.5322763754374178
1759,-0.535245996902893,-0.5726303542305935,-0.957692180874606,0.27200323376002283
1760,0.054854187442955706,-0.0385231726680098,-0.651545683112877,0.8132871165192551
1761,-0.5026924125158351,-0.4434554364560922,0.6825668567022438,1.0839290578988712
1762,2.1968400522187714,-0.5579209215100496,-1.0790951024008089,2.2567108038772075
1763,-0.7006876612620829,-0.5019875007626324,0.4595549682465016,0.542645175139639
1764,-0.2920357643738551,-0.5323209975022835,0.2906465556883062,1.4447849797383594
1765,-0.7314310410490943,-0.4215911210289206,-0.3203268428620409,-0.6301365708386975
1766,-0.5661699671725694,-0.5943366417497988,-0.9378982262779424,0.632859155599511
1767,0.28714227891526073,-0.0385231726680098,1.4136235798056829,1.0839290578988712
1768,-0.7462000460381507,-0.5323209975022835,1.4862014133267825,-1.0812064731380577
1769,-0.5215454856029377,-0.4215911210289206,-0.25302739723338485,-0.5399225903788254
1770,-0.05696285299823246,0.1485991260563155,-0.7148863378222001,-0.44970860991895345
1771,-0.32272253047780886,-0.36433144011737867,-0.7821857834508561,0.542645175139639
1772,-0.49007616074076904,-0.15890174757447112,-0.42853379465713476,-0.8105645317584416
1773,0.6281895553147402,-0.5122140758088042,-0.8996299140577263,1.1741430383587432
1774,-0.038895921813842015,0.1485991260563155,0.4806685198162759,0.542645175139639
1775,-0.2236622010759818,-0.5625188569380566,-0.5987618041884408,0.18178925330015083
1776,-0.30351902585886836,6.128009589620586,2.2410108819462176,2.2567108038772075
1777,1.7725133314125645,-0.6552132112833685,-1.1186830115941357,-0.5399225903788254
1778,-0.6981006309350173,-0.5019875007626324,-1.4710154034147462,-0.8105645317584416
1779,-0.4116325281476258,0.2637141774619474,0.438441416676727,-0.17906666853933734
1780,-0.6280580389302921,-0.44196684938801617,-0.14218125149206934,-0.7203505512985695
1781,5.69699247332141,0.3841766424983934,0.22862549795209378,-1.2616344340578016
1782,-0.43774075221290315,-0.515388247455416,0.7340311386535687,1.9860688624975915
1783,0.1503070069648802,-0.17414029514807344,-0.6489064891666553,-0.7203505512985695
1784,-0.4499055277813069,-0.515388247455416,0.5769990988533716,-1.351848414517674
1785,-0.7263788073078721,-0.5323209975022835,0.33551285277407705,1.9860688624975915
1786,-0.4204377474353416,-0.4434554364560922,-1.3232205424263255,1.4447849797383594
1787,-0.4238911821018593,-0.3113367612781184,-0.4179770188722476,1.3545709992784871
1788,-0.3028504110956683,0.2637141774619474,-0.9708881506057149,0.45243119467976695
1789,-0.6334234395005801,-0.15890174757447112,-1.501366133796297,0.27200323376002283
1790,-0.6645423328309108,-0.5019875007626324,-0.48263727055468175,0.542645175139639
1791,0.2984800647336828,-0.0385231726680098,-0.7359998893919746,0.27200323376002283
1792,-0.740980121134454,-0.4215911210289206,-1.31530296058766,-1.442062394977546
1793,0.05750356448427456,-0.17247164781760813,0.732711541680458,-0.9909924926781858
1794,-0.7153563382052143,-0.5268237160947709,1.224921212650824,0.542645175139639
1795,-0.6551738432282161,-0.5019875007626324,3.2254302238869488,-1.0812064731380577
1796,2.723994420551288,3.76239899907999,-1.4827994043846267,-1.0812064731380577
1797,2.140633414376,0.8604907093976325,2.677797480045925,-0.8105645317584416
1798,-0.19909329588675342,-0.5625188569380566,-0.20156311528205972,1.4447849797383594
1799,0.08163030964253364,0.3490563530487841,1.3186125977416983,-0.9909924926781858
1800,-0.4784832550341377,-0.4215911210289206,-1.4960877459038535,-1.5322763754374178
1801,-0.17839060361013395,2.131862646173851,0.8712692238571027,-0.7203505512985695
1802,-0.2512481139319543,-0.3113367612781184,1.3661180887736906,0.542645175139639
1803,-0.5090747094944628,-0.15890174757447112,-1.4710154034147462,-0.8105645317584416
1804,-0.7341535142381586,0.3490563530487841,-0.47340009174290537,0.542645175139639
1805,-0.7300787623158056,-0.5323209975022835,-0.518266388828676,-0.7203505512985695
1806,-0.21460401178675514,-0.5323209975022835,-0.3203268428620409,-0.6301365708386975
1807,-0.7462000460381507,-0.4215911210289206,1.4862014133267825,-1.0812064731380577
1808,-0.7372629670329334,-0.5323209975022835,-0.3203268428620409,-0.6301365708386975
1809,-0.2825397148270558,-0.21496939252986363,2.2990731487630973,-0.7203505512985695
1810,3.722972239888696,1.736012150723348,1.4901602042461148,-0.6301365708386975
1811,-0.01731750902207748,-0.6082737678027452,0.9293314906739818,-0.8105645317584416
1812,-0.7325582983079515,0.3490563530487841,1.7448424200565187,-0.8105645317584416
1813,-0.7449968261159504,0.3490563530487841,-0.47340009174290537,0.542645175139639
1814,0.010651083666208828,-0.43985253947377473,-0.1817691606853962,-1.351848414517674
1815,-0.7125113214743417,-0.5268237160947709,-0.6159165648388827,-0.44970860991895345
1816,-0.7338224316866061,-0.5268237160947709,-0.47340009174290537,-0.8105645317584416
1817,-0.5884248776454282,-0.5943366417497988,0.6838864536753546,1.9860688624975915
1818,0.014959456609787192,-0.5115191112634179,-0.42457500373780194,0.27200323376002283
1819,1.3046026741987478,-0.5906996712437486,-0.11446971505674035,0.8132871165192551
1820,2.3070389446049693,0.8604907093976325,1.7976262989809548,-0.9909924926781858
1821,0.008210962263533397,-0.5029846688035554,2.2990731487630973,-0.7203505512985695
1822,-0.6002987018806494,-0.44196684938801617,-0.11183052111051847,-0.26928064899920934
1823,0.09323038163815962,6.128009589620586,2.677797480045925,-0.8105645317584416
1824,-0.5744706797150625,-0.22127251675420845,-0.7082883529566457,0.0013612923804067448
1825,-0.051501424155416184,-0.5842752994104199,-1.1252809964596904,0.27200323376002283
1826,-0.3197263050491493,0.9269825438951914,-0.4153378249260257,0.0013612923804067448
1827,-0.7441777192838629,0.3490563530487841,3.233347805725615,0.45243119467976695
1828,0.09934680929508596,-0.0385231726680098,1.7250484654598552,-0.7203505512985695
1829,1.20720205732808,-0.12634732183959937,-1.0421463871537036,-0.8105645317584416
1830,-0.7311623052117953,-0.5323209975022835,-0.6027205951077735,-0.9909924926781858
1831,-0.24577450239784726,-0.4708999282828016,-0.19232593647028334,1.9860688624975915
1832,-0.2920357643738551,-0.4215911210289206,0.2906465556883062,1.4447849797383594
1833,1.1981288188319643,-0.6082737678027452,-0.2345530396098323,1.1741430383587432
1834,-0.4318944936510748,-0.5323209975022835,-0.4087398400604712,0.18178925330015083
1835,0.9231059961979147,3.76239899907999,-1.4911260612849564,2.2567108038772075
1836,-0.2577930856707602,0.1485991260563155,0.6825668567022438,1.0839290578988712
1837,0.1213845812114071,-0.0385231726680098,-0.317687648915819,-0.5399225903788254
1838,0.01699324942646645,-0.6082737678027452,-0.3216464398351517,-0.7203505512985695
1839,-0.5356107610127202,-0.4215911210289206,-0.45756492806557447,0.45243119467976695
1840,1.3272846954956874,-0.12634732183959937,-0.6000814011615518,0.0013612923804067448
1841,-0.3019037443194762,0.3490563530487841,1.5759340074983237,-0.44970860991895345
1842,-0.730868487363015,-0.4215911210289206,-0.4997920312051234,1.3545709992784871
1843,-0.7418450922161071,0.48242346860245094,1.833255417254949,1.9860688624975915
1844,0.787629452640918,-0.5122140758088042,-0.10787173019118584,0.542645175139639
1845,-0.20228229448936885,0.1485991260563155,-0.4153378249260257,0.0013612923804067448
1846,-0.09948761189243421,0.1485991260563155,-0.39422427335625143,-0.0888526880794653
1847,0.13396213502590212,0.1485991260563155,-0.48263727055468175,0.542645175139639
1848,-0.16543538636562133,-0.4708999282828016,-0.27809973972249197,0.45243119467976695
1849,1.0710568990078833,-0.6552132112833685,-0.42457500373780194,0.27200323376002283
1850,2.6037261754987195,-0.36254347574557094,-0.637030116408657,-1.0812064731380577
1851,-0.7374356745977043,-0.5323209975022835,-0.6027205951077735,-0.9909924926781858
1852,0.05752363009345955,0.1485991260563155,-1.3232205424263255,1.4447849797383594
1853,1.5647769460359007,0.8604907093976325,-0.42853379465713476,-0.8105645317584416
1854,-0.6087714053590139,-0.22127251675420845,-0.14350084846518027,-1.5322763754374178
1855,-0.5705070052721263,-0.5115191112634179,-0.17253198187362,-0.7203505512985695
1856,-0.6411350830877137,-0.6024850303896584,2.677797480045925,-0.8105645317584416
1857,-0.5094244243974012,-0.5323209975022835,-0.5842462374842209,0.27200323376002283
1858,0.12438653967126233,-0.6082737678027452,0.7564642871964542,0.632859155599511
1859,-0.5529811289068314,-0.551137026234718,1.1747765276726094,0.09157527284027878
1860,-0.008601868346794692,2.131862646173851,0.772299450873785,-0.5399225903788254
1861,-0.63908050803295,0.9389371162997321,-0.7927425592357433,0.0013612923804067448
1862,-0.5376216217046166,-0.5943366417497988,2.0391125450602496,-1.0812064731380577
1863,-0.358017220405317,0.2637141774619474,-1.504005327742519,-1.351848414517674
1864,-0.3752349463438423,-0.2909305816974626,0.5400503836062664,-0.44970860991895345
1865,-0.7316152146762566,-0.5323209975022835,-0.3084504701040428,-1.0812064731380577
1866,0.06798067899444019,-0.6082737678027452,-0.5538955071026702,-1.5322763754374178
1867,1.0777616789912698,-0.6552132112833685,1.3779944615316884,1.0839290578988712
1868,-0.14409847751297614,-0.4215911210289206,0.9029395512117642,2.2567108038772075
1869,1.20285570305283,1.1815188316586127,-1.4960877459038535,-1.5322763754374178
1870,-0.7299074880088335,0.3490563530487841,-0.650226086139766,-0.0888526880794653
1871,1.3287681173175778,-0.5906996712437486,-1.102847847916805,-1.0812064731380577
1872,-0.7455765788956169,0.3490563530487841,-1.31530296058766,-1.442062394977546
1873,-0.6338670327893484,-0.15890174757447112,-1.3232205424263255,1.4447849797383594
1874,-0.23878235422577565,0.3490563530487841,-1.1477141450025756,-0.5399225903788254
1875,0.6487496384403665,1.3608040607023235,0.9293314906739818,-0.8105645317584416
1876,-0.7307129788918313,-0.4215911210289206,1.3186125977416983,-0.9909924926781858
1877,-0.08941252619486799,2.131862646173851,0.22862549795209378,-1.2616344340578016
1878,-0.14409847751297614,-0.5323209975022835,0.9029395512117642,2.2567108038772075
1879,0.0901173456988874,0.9269825438951914,-1.501366133796297,0.27200323376002283
1880,-0.2715781591808524,-0.17414029514807344,-0.5024312251513451,-1.351848414517674
1881,-0.745604527422696,-0.5323209975022835,-0.994640896121711,0.542645175139639
1882,-0.7450477067678123,0.48242346860245094,-0.8547636169719556,-0.0888526880794653
1883,-0.6567747921896191,-0.48370263686745274,-0.7927425592357433,0.0013612923804067448
1884,-0.7316152146762566,-0.5323209975022835,-0.3084504701040428,-1.0812064731380577
1885,-0.7117094137358413,-0.5323209975022835,0.6377005596164733,1.1741430383587432
1886,-0.7285179445727726,-0.4215911210289206,-0.6093185799733282,0.27200323376002283
1887,-0.14561414763534278,0.3490563530487841,1.4862014133267825,-1.0812064731380577
1888,-0.5209571332764775,-0.5323209975022835,0.19563557362432124,-0.17906666853933734
1889,1.609829971687412,1.3608040607023235,-0.4997920312051234,-0.6301365708386975
1890,-0.7469740052495719,0.48242346860245094,-0.2569861881527175,-0.7203505512985695
1891,0.32682345433638876,-0.0385231726680098,0.468792147058278,0.0013612923804067448
1892,2.385848774565739,1.736012150723348,-1.0302700143957053,1.3545709992784871
1893,-0.4802468787557189,-0.2909305816974626,-0.0590466421860824,-0.8105645317584416
1894,-0.5106534429599823,-0.4215911210289206,0.5651227260953737,0.8132871165192551
1895,-0.3028504110956683,0.1485991260563155,-0.9708881506057149,0.45243119467976695
1896,-0.7299074880088335,0.3490563530487841,-0.650226086139766,-0.0888526880794653
1897,-0.4615392813352077,0.2637141774619474,1.2763854946021493,0.09157527284027878
1898,-0.3303044642341394,0.2637141774619474,-0.34803837929736986,1.3545709992784871
1899,-0.40459308246818954,-0.5122140758088042,-0.24115102447538678,-0.5399225903788254
1900,-0.7373862272036412,-0.4215911210289206,-0.3084504701040428,-1.0812064731380577
1901,1.2520250451028632,-0.0385231726680098,-0.3929046763831405,-1.0812064731380577
1902,-0.41262434254448416,-0.5879856513896028,-0.6343909224624353,-0.26928064899920934
1903,-0.655913404252463,-0.6024713571940952,1.2407563763281546,1.9860688624975915
1904,0.32682345433638876,-0.6082737678027452,0.468792147058278,0.0013612923804067448
1905,-0.20228229448936885,0.2637141774619474,-0.4153378249260257,0.0013612923804067448
1906,-0.552278115956457,-0.4215911210289206,-1.2440447240396713,-0.8105645317584416
1907,-0.057202923679552944,0.1485991260563155,0.2985641375269715,0.8132871165192551
1908,1.0745511815216704,-0.5579209215100496,-0.48527646450090345,-0.0888526880794653
1909,-0.5447606788010783,0.3490563530487841,-1.0566619538579234,0.542645175139639
1910,-0.7141244531270354,-0.6024713571940952,-0.47340009174290537,-0.8105645317584416
1911,-0.7382382989651042,0.48242346860245094,0.8818259996419895,-0.7203505512985695
1912,-0.7373862272036412,-0.5323209975022835,-0.3084504701040428,-1.0812064731380577
1913,-0.680392014200359,-0.6024713571940952,0.5690815170147064,-0.7203505512985695
1914,-0.40351813911899337,-0.2909305816974626,0.6377005596164733,1.1741430383587432
1915,-0.7341535142381586,-0.5323209975022835,-0.47340009174290537,0.542645175139639
1916,-0.5449262200768545,0.9389371162997321,0.6113086201542549,-0.8105645317584416
1917,0.17273104185801252,-0.6445427051934703,-0.012860748127201017,0.542645175139639
1918,0.24076707294423805,-0.6082737678027452,0.7340311386535687,1.9860688624975915
1919,-0.7449968261159504,-0.5323209975022835,-0.47340009174290537,0.542645175139639
1920,-0.06302481685879949,-0.4215911210289206,0.728752750761125,1.0839290578988712
1921,-0.3192354142530164,-0.4708999282828016,-0.11183052111051847,-0.26928064899920934
1922,0.2416721752442613,-0.6445427051934703,1.0560128000926285,-1.2616344340578016
1923,-0.29702206825632654,-0.21496939252986363,-0.7148863378222001,-0.5399225903788254
1924,-0.7299641016918913,-0.5323209975022835,1.4862014133267825,-1.0812064731380577
1925,-0.7104395473259908,-0.6024713571940952,-0.4931940463395687,0.27200323376002283
1926,-0.35227702292060925,0.2637141774619474,0.7920934054704486,-0.5399225903788254
1927,-0.3019037443194762,0.3490563530487841,1.5759340074983237,-0.44970860991895345
1928,1.27496433617471,3.76239899907999,-1.5003368481572705,-1.5322763754374178
1929,-0.5339008844585987,0.9389371162997321,-0.5116684039631215,-0.44970860991895345
1930,-0.7405752258062567,-0.4215911210289206,-1.4208707184365321,-1.5322763754374178
1931,-0.08890085316065059,-0.21496939252986363,-0.8019797380475197,1.1741430383587432
1932,-0.26242035847460016,0.2637141774619474,1.8530493718516123,-0.6301365708386975
1933,-0.41030748131251665,-0.3113367612781184,-0.5341015525060067,-0.9909924926781858
1934,-0.7395009990859599,0.3490563530487841,0.19563557362432124,-0.17906666853933734
1935,-0.6124290792618788,-0.6024713571940952,-0.37574991573269867,-1.0812064731380577
1936,-0.6002987018806494,-0.5726303542305935,-0.11183052111051847,-0.26928064899920934
1937,0.16170570623975677,-0.5029846688035554,0.814526554013334,-0.44970860991895345
1938,-0.026316934741548132,0.9269825438951914,-0.4153378249260257,0.18178925330015083
1939,-0.4582986854518309,-0.5625188569380566,-1.1252809964596904,0.27200323376002283
1940,-0.5241927127575582,0.9389371162997321,0.12437733707633256,-1.351848414517674
1941,-0.3239608652160828,-0.15890174757447112,-1.504005327742519,-1.351848414517674
1942,-0.23878235422577565,-0.5323209975022835,-1.1477141450025756,-0.5399225903788254
1943,-0.7452304471371758,-0.5323209975022835,-0.7254431136070874,-1.2616344340578016
1944,-0.12107605748879131,2.131862646173851,-0.47340009174290537,-0.8105645317584416
1945,-0.7482625040108085,0.48242346860245094,-0.6277929375968808,0.542645175139639
1946,-0.09188059612462245,-0.43985253947377473,1.2407563763281546,1.9860688624975915
1947,-0.6312613701108969,-0.6024850303896584,-1.0144348507183747,-0.5399225903788254
1948,1.0724407094127486,-0.0385231726680098,-0.8943515261652825,0.542645175139639
1949,1.4047759282814427,3.76239899907999,-1.4931846325630094,0.8132871165192551
1950,-0.7182837672595251,-0.5268237160947709,1.5759340074983237,-0.9909924926781858
1951,-0.42699920163883526,-0.4434554364560922,-0.7148863378222001,-0.44970860991895345
1952,-0.22377256192649933,-0.515388247455416,-0.16461440003495456,-0.7203505512985695
1953,-0.23878235422577565,-0.4215911210289206,-1.1477141450025756,-0.5399225903788254
1954,-0.1720298054984903,0.1485991260563155,-0.8376088563215139,0.542645175139639
1955,1.382783303985788,1.1815188316586127,-0.47340009174290537,0.542645175139639
1956,-0.27238006691935274,-0.4708999282828016,-0.957692180874606,0.542645175139639
1957,-0.5506707173349591,0.3490563530487841,-0.47340009174290537,0.542645175139639
1958,-0.30600716139780787,0.1485991260563155,-0.48263727055468175,0.542645175139639
1959,0.19204347406967148,-0.18513231040992228,-0.4087398400604712,0.18178925330015083
1960,-0.2633333436925175,-0.515388247455416,1.4914798012192259,0.542645175139639
1961,-0.7325582983079515,-0.4215911210289206,1.7448424200565187,-0.8105645317584416
1962,-0.2920357643738551,0.3490563530487841,0.2906465556883062,1.4447849797383594
1963,-0.5822926841527135,-0.6024850303896584,-0.34803837929736986,1.3545709992784871
1964,-0.6016409478093457,-0.5943366417497988,-0.131624475707182,0.542645175139639
1965,-0.31668636525762245,-0.17414029514807344,-1.0025584779603764,-0.8105645317584416
1966,-0.6078311882429169,-0.22127251675420845,-1.16882769657235,1.1741430383587432
1967,-0.49653012060934304,-0.15890174757447112,0.15472806745788342,-0.9909924926781858
1968,-0.7261889006495141,-0.4215911210289206,1.4030668040207954,1.9860688624975915
1969,-0.7452304471371758,-0.4215911210289206,-0.7254431136070874,-1.2616344340578016
1970,-0.0808000800811079,-0.4708999282828016,1.2143644368659365,1.0839290578988712
1971,0.1213845812114071,-0.6082737678027452,-0.317687648915819,-0.5399225903788254
1972,-0.2833014913471862,-0.551137026234718,-0.8019797380475197,1.1741430383587432
1973,1.035592368031202,-0.5579209215100496,0.7274331537880147,1.3545709992784871
1974,-0.3494126572094511,-0.5842752994104199,-0.7003707711179802,0.542645175139639
1975,-0.20273520395383016,0.016315835157083593,0.6838864536753546,1.9860688624975915
1976,1.022534672854066,-0.0385231726680098,-0.7887837683164106,-1.442062394977546
1977,-0.7019646939609279,-0.5268237160947709,-0.33220321562003896,-0.0888526880794653
1978,-0.4584097629312478,-0.5029846688035554,-0.11183052111051847,-0.26928064899920934
1979,-0.1720298054984903,0.2637141774619474,-0.8376088563215139,0.542645175139639
1980,-0.39684775732278116,-0.515388247455416,-0.7359998893919746,0.27200323376002283
1981,2.3368650394006667,-0.36254347574557094,1.1998488701617167,-0.9909924926781858
1982,-0.46549292297355127,-0.5625188569380566,-0.131624475707182,0.542645175139639
1983,-0.7455765788956169,-0.5323209975022835,-1.31530296058766,-1.442062394977546
1984,-0.33267793914916466,0.2637141774619474,0.4806685198162759,0.542645175139639
1985,-0.7465275454452058,0.48242346860245094,-0.5222251797480086,0.542645175139639
1986,0.45675687335603027,-0.6236832999805464,-0.8996299140577263,1.1741430383587432
1987,-0.19771450188418443,0.9269825438951914,-0.5908442223497754,-0.26928064899920934
1988,-0.7370680439722792,-0.4215911210289206,0.002974415550129697,0.09157527284027878
1989,1.9781815257853748,0.8604907093976325,-0.18968674252406165,2.0762828429574633
1990,-0.6271472035990733,-0.22127251675420845,-0.2569861881527175,-0.7203505512985695
1991,-0.7299074880088335,-0.5323209975022835,-0.650226086139766,-0.0888526880794653
1992,-0.3681317206923538,0.1485991260563155,-0.39422427335625143,-0.0888526880794653
1993,-0.6910232039239095,-0.5019875007626324,0.9860741605177505,-0.7203505512985695
1994,-0.23650419095437913,-0.36433144011737867,-0.6489064891666553,-0.7203505512985695
1995,1.3720274208337304,3.76239899907999,-1.4981331212121753,-0.0888526880794653
1996,-0.721856162323354,0.3490563530487841,-1.4208707184365321,-1.5322763754374178
1997,-0.5619060252207577,-0.6024850303896584,1.3067362249836996,-1.0812064731380577
1998,-0.7307466604501061,0.3490563530487841,-0.518266388828676,-0.7203505512985695
1999,2.1570377665136338,-0.5579209215100496,2.1011336027964624,-1.0812064731380577
2000,1.1615879112482883,-0.6082737678027452,0.5769990988533716,-1.351848414517674
2001,-0.13321431778791484,0.1485991260563155,-1.504005327742519,-1.351848414517674
2002,-0.7441676864792703,0.3490563530487841,-0.650226086139766,-0.0888526880794653
2003,-0.3990556909620302,0.1485991260563155,2.6263331980946,-0.44970860991895345
2004,-0.700916265881012,-0.5019875007626324,-1.2070960087925662,-1.5322763754374178
2005,-0.4725431180864795,-0.5115191112634179,0.1415320977267744,0.632859155599511
2006,0.19530986859342894,-0.6082737678027452,-0.5538955071026702,-1.5322763754374178
2007,0.32682345433638876,-0.6082737678027452,0.468792147058278,0.0013612923804067448
2008,-0.6513742768032573,-0.44196684938801617,0.7696602569275632,2.2567108038772075
2009,-0.5681421299038947,-0.5726303542305935,-0.17649077279295264,-1.5322763754374178
2010,0.08163030964253364,-0.5323209975022835,1.3186125977416983,-0.9909924926781858
2011,0.32913028276376394,-0.0385231726680098,-0.2345530396098323,1.1741430383587432
2012,-0.4624644492444159,-0.5625188569380566,-0.5552151040757812,0.542645175139639
2013,0.002685753448664896,0.2637141774619474,-0.4153378249260257,0.18178925330015083
2014,-0.3433270445952017,-0.515388247455416,1.2367975854088222,0.45243119467976695
2015,-0.27208194929717566,-0.5625188569380566,-0.957692180874606,0.542645175139639
2016,-0.5956585297566191,-0.48370263686745274,0.7868150175780049,1.9860688624975915
2017,-0.5072659381522152,-0.4434554364560922,-1.130559384352134,-1.2616344340578016
2018,0.07683104590282239,-0.5842752994104199,-0.19232593647028334,1.9860688624975915
2019,0.14742687541793376,-0.6082737678027452,-0.6528652800859877,-0.44970860991895345
2020,-0.7436753624253386,-0.5323209975022835,-0.45756492806557447,0.45243119467976695
2021,-0.03204351627716602,-0.5029846688035554,-1.0302700143957053,1.3545709992784871
2022,-0.08820930627266768,-0.17247164781760813,-0.7478762621499727,0.27200323376002283
2023,-0.46150989955032967,-0.515388247455416,-0.6845356074406495,2.2567108038772075
2024,-0.745604527422696,0.3490563530487841,-0.994640896121711,0.542645175139639
2025,-0.7455765788956169,-0.4215911210289206,-1.31530296058766,-1.442062394977546
2026,-0.18850223738157296,-0.4215911210289206,-0.6409889073279896,0.542645175139639
2027,-0.11973094504449722,-0.4215911210289206,-0.6027205951077735,-0.9909924926781858
2028,-0.72519135322146,0.3490563530487841,-0.45756492806557447,0.45243119467976695
2029,-0.058291482977838975,-0.17247164781760813,0.2708526010916427,1.3545709992784871
2030,-0.32474199071649873,-0.5323209975022835,-0.8204540956710722,0.632859155599511
2031,-0.6985829221843567,-0.6024713571940952,-1.18334326327657,0.542645175139639
2032,0.025172135056050576,-0.17247164781760813,1.4136235798056829,1.0839290578988712
2033,-0.3620203094377237,-0.36433144011737867,-0.5024312251513451,-1.351848414517674
2034,-0.7004382744050694,-0.5019875007626324,-1.0144348507183747,-0.5399225903788254
2035,-0.44579852755847793,-0.36433144011737867,-0.131624475707182,0.542645175139639
2036,-0.4328268278492776,-0.2909305816974626,-0.6409889073279896,0.542645175139639
2037,1.2520250451028632,-0.0385231726680098,-0.3929046763831405,-1.0812064731380577
2038,0.008013172687281276,-0.6082737678027452,-0.7478762621499727,0.27200323376002283
2039,-0.7462000460381507,0.3490563530487841,1.4862014133267825,-1.0812064731380577
2040,-0.09931992072995964,0.3490563530487841,0.002974415550129697,0.09157527284027878
2041,0.4129378826693962,-0.18513231040992228,1.3186125977416983,-0.9909924926781858
2042,-0.7413241030061968,-0.5323209975022835,-0.4997920312051234,1.3545709992784871
2043,1.618062604484456,-0.0385231726680098,-0.4997920312051234,-0.6301365708386975
2044,0.21153649676399536,-0.18513231040992228,-1.4960877459038535,-1.5322763754374178
2045,-0.3972576690532747,-0.4434554364560922,1.7976262989809548,-0.9909924926781858
2046,0.4408520115613232,-0.18513231040992228,-0.518266388828676,-0.7203505512985695
2047,-0.7285179445727726,0.3490563530487841,-0.6093185799733282,0.27200323376002283
2048,-0.733655457153031,-0.5323209975022835,0.5400503836062664,-0.44970860991895345
2049,-0.726712039746123,-0.5323209975022835,0.6377005596164733,1.1741430383587432
2050,-0.5995964055591746,-0.22127251675420845,-0.26490376999138293,-0.8105645317584416
2051,-0.5559859538822846,-0.5726303542305935,-1.0302700143957053,1.3545709992784871
2052,0.33890510095245474,-0.0385231726680098,-0.6845356074406495,2.2567108038772075
2053,0.24298647264587847,-0.6552132112833685,1.1774157216188317,-0.6301365708386975
2054,-0.025571640686105415,-0.6236832999805464,-0.7689898137197472,0.0013612923804067448
2055,-0.7462000460381507,-0.4215911210289206,1.4862014133267825,-1.0812064731380577
2056,-0.18850223738157296,0.3490563530487841,-0.6409889073279896,0.542645175139639
2057,-0.726712039746123,0.3490563530487841,0.6377005596164733,1.1741430383587432
2058,0.1524525938898758,-0.6552132112833685,1.0322600545766325,1.9860688624975915
2059,-0.18822346873968138,-0.0385231726680098,0.7564642871964542,0.632859155599511
2060,-0.3885950589165522,-0.551137026234718,0.13361451588810894,-0.44970860991895345
2061,1.0020942667546506,0.8604907093976325,2.2410108819462176,2.2567108038772075
2062,0.028622703206970475,-0.0385231726680098,-0.7887837683164106,-1.442062394977546
2063,-0.14483302213492694,-0.5323209975022835,0.8950219693730989,0.09157527284027878
2064,2.6409450140212885,3.76239899907999,-1.4776793681289562,1.0839290578988712
2065,2.3077742058558193,1.736012150723348,-1.0421463871537036,-0.8105645317584416
2066,-0.371863924000763,0.2637141774619474,1.6076043348529852,1.9860688624975915
2067,0.37737589016238793,-0.5029846688035554,0.6838864536753546,1.9860688624975915
2068,-0.7426591826458985,0.3490563530487841,-1.0566619538579234,0.542645175139639
2069,1.2644578398796664,3.76239899907999,-1.4952300078713314,0.18178925330015083
2070,-0.18849722097927668,0.2637141774619474,1.2763854946021493,0.09157527284027878
2071,-0.721856162323354,-0.5323209975022835,-1.4208707184365321,-1.5322763754374178
2072,6.042842596605097,0.3841766424983934,-0.6990511741448694,-0.8105645317584416
2073,-0.6496765829404266,-0.48370263686745274,1.0560128000926285,-1.2616344340578016
2074,1.5670429266160064,1.1815188316586127,-1.0764559084545868,0.542645175139639
2075,0.40606541152353504,-0.6082737678027452,-0.836289259348403,0.542645175139639
2076,-0.19861817092640868,-0.5625188569380566,-0.46284331595801825,0.09157527284027878
2077,8.233079801810733,0.3841766424983934,1.3661180887736906,0.542645175139639
2078,1.5656569663244426,1.1815188316586127,0.5400503836062664,-0.44970860991895345
2079,-0.7307466604501061,-0.5323209975022835,-0.518266388828676,-0.7203505512985695
2080,1.061742873201548,-0.0385231726680098,-0.7359998893919746,0.27200323376002283
2081,-0.3271455640453015,-0.44196684938801617,2.0391125450602496,-1.0812064731380577
2082,-0.7372629670329334,-0.5323209975022835,-0.3203268428620409,-0.6301365708386975
2083,-0.552278115956457,0.3490563530487841,-1.2440447240396713,-0.8105645317584416
2084,-0.5690730308442985,-0.5323209975022835,-0.0590466421860824,-0.8105645317584416
2085,0.00316661144020537,0.2637141774619474,-0.4153378249260257,0.18178925330015083
2086,-0.29815649180417825,0.1485991260563155,-0.3572755581091461,-0.7203505512985695
2087,-0.14483302213492694,-0.4215911210289206,0.8950219693730989,0.09157527284027878
2088,1.1841645880970062,1.736012150723348,-0.14218125149206934,-0.7203505512985695
2089,2.654299393562803,3.76239899907999,-1.487074898577506,-0.9909924926781858
2090,0.01699324942646645,-0.6082737678027452,-0.3216464398351517,-0.7203505512985695
2091,0.5624574861402919,-0.2566382072246268,-0.33220321562003896,-0.26928064899920934
2092,-0.7462000460381507,-0.5323209975022835,1.4862014133267825,-1.0812064731380577
2093,1.3362518729146822,-0.12634732183959937,-0.2662233669644939,-0.8105645317584416
2094,-0.5616910365509186,-0.5943366417497988,-0.5987618041884408,0.18178925330015083
2095,-0.4815052791031779,-0.5323209975022835,-0.650226086139766,-0.0888526880794653
2096,0.5806039631325228,-0.2566382072246268,-0.6317517285162134,-0.44970860991895345
2097,-0.23688400427109516,-0.551137026234718,-0.20156311528205972,1.4447849797383594
2098,1.6088496233529455,0.8604907093976325,0.4806685198162759,0.542645175139639
2099,-0.043786197423785304,-0.5323209975022835,-0.3084504701040428,-1.0812064731380577
2100,-0.7435965332463975,0.3490563530487841,-0.7399586803113073,-1.351848414517674
2101,-0.26972710673353656,0.3490563530487841,-0.4997920312051234,1.3545709992784871
2102,-0.5642343525151168,-0.44196684938801617,0.814526554013334,-0.44970860991895345
2103,0.28714227891526073,-0.6082737678027452,1.4136235798056829,1.0839290578988712
2104,-0.043786197423785304,-0.4215911210289206,-0.3084504701040428,-1.0812064731380577
2105,-0.4587437119983981,-0.4434554364560922,-0.3572755581091461,-0.7203505512985695
2106,-0.27968968169388697,-0.17414029514807344,-0.27678014274938123,-1.2616344340578016
2107,-0.2854943757795464,-0.5122140758088042,-0.20552190620139255,-0.9909924926781858
2108,-0.06302481685879949,-0.5323209975022835,0.728752750761125,1.0839290578988712
2109,1.1253780862161642,-0.6236832999805464,-0.20552190620139255,-0.9909924926781858
2110,-0.3681317206923538,0.1485991260563155,-0.39422427335625143,-0.0888526880794653
2111,-0.441220702148701,-0.2909305816974626,-0.8204540956710722,0.632859155599511
2112,-0.2832986248315883,0.9269825438951914,-0.7148863378222001,-0.44970860991895345
2113,-0.7299641016918913,0.3490563530487841,1.4862014133267825,-1.0812064731380577
2114,1.1539550968400956,-0.6082737678027452,0.2708526010916427,1.3545709992784871
2115,-0.269497785485708,-0.4215911210289206,-1.327179333345658,-0.26928064899920934
2116,-0.7409743881032581,-0.3113367612781184,-0.4931940463395687,0.27200323376002283
2117,-0.7396665403617362,-0.4215911210289206,-1.2440447240396713,-0.8105645317584416
2118,0.08573301009196585,-0.5115191112634179,0.4120494772145093,0.45243119467976695
2119,0.16635591116837944,0.2637141774619474,1.8530493718516123,-0.6301365708386975
2120,-0.4178249184678954,-0.3113367612781184,0.22862549795209378,-1.2616344340578016
2121,-0.10444668387672601,-0.43985253947377473,-0.2543469942064958,-1.5322763754374178
2122,-0.307872546423113,-0.36433144011737867,-0.317687648915819,-0.17906666853933734
2123,-0.7370680439722792,0.3490563530487841,0.002974415550129697,0.09157527284027878
2124,-0.7285179445727726,-0.5323209975022835,-0.6093185799733282,0.27200323376002283
2125,0.054854187442955706,-0.0385231726680098,-0.651545683112877,0.8132871165192551
2126,-0.12373618396360224,2.131862646173851,-0.4931940463395687,0.27200323376002283
2127,0.17715264216770613,-0.6082737678027452,-0.6343909224624353,-0.26928064899920934
2128,0.1243406754216967,-0.5115191112634179,0.7841758236317833,-0.9909924926781858
2129,0.16635591116837944,0.2637141774619474,1.8530493718516123,-0.6301365708386975
2130,-0.3091531622664554,-0.551137026234718,-0.317687648915819,-0.17906666853933734
2131,0.6813820520063653,-0.5122140758088042,-0.42457500373780194,0.27200323376002283
2132,0.4737574607380179,-0.2566382072246268,2.124886348312458,1.0839290578988712
2133,0.6201840938788264,-0.5122140758088042,0.24050187071009205,0.18178925330015083
2134,-0.37316675533998883,-0.5879856513896028,-0.2992132912922664,-1.2616344340578016
2135,-0.13529397485415978,0.1485991260563155,-1.0144348507183747,-0.5399225903788254
2136,1.2528592011418394,-0.36254347574557094,-0.7148863378222001,-0.5399225903788254
2137,-0.3897674637960755,-0.36433144011737867,-0.22135706987872325,-1.5322763754374178
2138,0.12355381689008499,-0.5115191112634179,-1.1186830115941357,-0.5399225903788254
2139,0.18829693818327292,-0.2566382072246268,0.6495769323744712,0.45243119467976695
2140,0.28774998022200626,-0.5029846688035554,-0.637030116408657,-1.0812064731380577
2141,-0.32686249563001313,-0.36433144011737867,1.1998488701617167,-0.9909924926781858
2142,1.3252896006395791,1.3608040607023235,-0.3929046763831405,-1.0812064731380577
2143,-0.07531571911350887,-0.43985253947377473,-0.15141843030384572,-0.8105645317584416
2144,-0.6110667677239975,-0.48370263686745274,0.628463380804697,-0.9909924926781858
2145,0.021479346337111946,-0.6082737678027452,-0.6343909224624353,-0.26928064899920934
2146,-0.721856162323354,-0.4215911210289206,-1.4208707184365321,-1.5322763754374178
2147,1.9646587384524863,-0.0385231726680098,0.732711541680458,-0.9909924926781858
2148,-0.6217567210173041,-0.5943366417497988,-0.22135706987872325,-1.5322763754374178
2149,-0.7359300372799301,-0.4215911210289206,3.233347805725615,0.45243119467976695
2150,-0.25412179581880545,-0.2909305816974626,-1.0764559084545868,0.542645175139639
2151,-0.09931992072995964,-0.5323209975022835,0.002974415550129697,0.09157527284027878
2152,-0.09252269561854233,0.1485991260563155,-0.4021418551949165,-1.442062394977546
2153,-0.7432267527342741,0.48242346860245094,-0.6845356074406495,0.542645175139639
2154,-0.0873264194685278,0.1485991260563155,-0.7148863378222001,-0.44970860991895345
2155,-0.2557528431939859,-0.36433144011737867,1.2143644368659365,1.0839290578988712
2156,0.3476945544043823,-0.6445427051934703,1.275065897629038,1.9860688624975915
2157,-0.4116325281476258,0.1485991260563155,0.438441416676727,-0.17906666853933734
2158,1.0899651525202447,-0.0385231726680098,-0.5354211494791177,-0.8105645317584416
2159,1.0952366747047027,-0.0385231726680098,-0.2992132912922664,-1.2616344340578016
2160,1.2167934185185079,-0.0385231726680098,0.7340311386535687,1.9860688624975915
2161,-0.476339101366941,-0.4434554364560922,-0.8376088563215139,0.542645175139639
2162,-0.4318944936510748,0.3490563530487841,-0.4087398400604712,0.18178925330015083
2163,0.08291737514597117,-0.5842752994104199,-0.317687648915819,-0.17906666853933734
2164,-0.5708223219878906,-0.15890174757447112,0.6825668567022438,1.0839290578988712
2165,-0.23703664622668102,-0.5323209975022835,-0.7254431136070874,-1.2616344340578016
2166,-0.5447606788010783,-0.5323209975022835,-1.0566619538579234,0.542645175139639
2167,-0.7314310410490943,0.3490563530487841,-0.3203268428620409,-0.6301365708386975
2168,-0.42267936263286543,-0.5625188569380566,-0.22135706987872325,-1.5322763754374178
2169,-0.4489538446028185,-0.5625188569380566,-1.0025584779603764,-0.8105645317584416
2170,1.0960514817633933,-0.6082737678027452,0.8132069570402228,0.542645175139639
2171,0.000307262131343446,0.2637141774619474,3.2254302238869488,-1.0812064731380577
2172,-0.7384669035840332,-0.5323209975022835,0.33551285277407705,1.9860688624975915
2173,-0.6629349342094126,-0.6024713571940952,-0.15141843030384572,-0.8105645317584416
2174,-0.39108032793989383,-0.3113367612781184,-0.33220321562003896,-0.0888526880794653
2175,0.4937055427835016,-0.6236832999805464,0.2484194525487573,-1.351848414517674
2176,-0.422956698016958,-0.5029846688035554,-0.20156311528205972,1.4447849797383594
2177,-0.7312010031723662,-0.4215911210289206,-1.0764559084545868,0.542645175139639
2178,0.039043204034078405,-0.18513231040992228,-0.0590466421860824,-0.8105645317584416
2179,-0.32235633311018264,0.2637141774619474,-1.4710154034147462,-0.8105645317584416
2180,0.2732970085776135,6.128009589620586,0.6825668567022438,1.0839290578988712
2181,-0.6501667571076603,-0.48370263686745274,-1.1635493086799065,-0.44970860991895345
2182,1.1894647754374432,1.1815188316586127,1.4862014133267825,-1.0812064731380577
2183,-0.043786197423785304,0.3490563530487841,-0.3084504701040428,-1.0812064731380577
2184,-0.7396665403617362,0.3490563530487841,-1.2440447240396713,-0.8105645317584416
2185,-0.07496815409726879,0.2637141774619474,-0.42853379465713476,-0.8105645317584416
2186,-0.6408047171650607,0.9389371162997321,0.6047106352887008,2.2567108038772075
2187,-0.740178930024853,-0.6024713571940952,-0.0656446270516371,0.632859155599511
2188,-0.35511057358909043,-0.21496939252986363,-0.131624475707182,0.542645175139639
2189,1.081801316097549,-0.6082737678027452,0.8818259996419895,0.45243119467976695
2190,-0.7441440377255881,-0.4215911210289206,0.5651227260953737,0.8132871165192551
2191,-0.4807227203449631,-0.5726303542305935,0.6838864536753546,1.9860688624975915
2192,-0.5628569917703466,0.3490563530487841,-1.4208707184365321,-1.5322763754374178
2193,0.03401461904653859,0.2637141774619474,0.9860741605177505,-0.7203505512985695
2194,-0.28263430984178506,-0.21496939252986363,-1.0302700143957053,1.3545709992784871
2195,-0.730868487363015,-0.4215911210289206,-0.4997920312051234,1.3545709992784871
2196,-0.37254830459975125,-0.551137026234718,-0.7003707711179802,0.542645175139639
2197,0.014810397798698733,-0.4708999282828016,2.0391125450602496,-1.0812064731380577
2198,-0.5270491955508222,-0.44196684938801617,-0.8019797380475197,1.1741430383587432
2199,0.4741831383042997,1.3608040607023235,0.7709798539006739,-0.8105645317584416
2200,-0.6342962935001274,0.9389371162997321,-0.7478762621499727,0.542645175139639
2201,-0.745604527422696,-0.5323209975022835,-0.994640896121711,0.542645175139639
2202,-0.7300787623158056,0.3490563530487841,-0.518266388828676,-0.7203505512985695
2203,2.519670621993873,1.736012150723348,-0.5024312251513451,-1.351848414517674
2204,-0.733655457153031,0.3490563530487841,0.5400503836062664,-0.44970860991895345
2205,-0.0402317180824432,0.1485991260563155,-0.34803837929736986,1.3545709992784871
2206,-0.7131691868040498,-0.5268237160947709,-0.9181042716812791,-1.442062394977546
2207,-0.009114974638810962,-0.17247164781760813,-0.16461440003495456,-0.7203505512985695
2208,-0.5774497060501349,0.3490563530487841,-1.31530296058766,-1.442062394977546
2209,-0.06120959585645684,2.131862646173851,-1.3192617515069927,0.45243119467976695
2210,-0.14409847751297614,-0.5323209975022835,0.9029395512117642,2.2567108038772075
2211,-0.7441440377255881,-0.4215911210289206,0.5651227260953737,0.8132871165192551
2212,5.290035403780415,0.3841766424983934,-1.2862718271792202,0.542645175139639
2213,0.27756453367392253,-0.6082737678027452,-0.2741409488031593,0.18178925330015083
2214,-0.7511096706283795,-0.5268237160947709,0.34738922553207496,2.2567108038772075
2215,-0.5164581370456417,0.9389371162997321,0.7868150175780049,1.9860688624975915
2216,-0.3080681861126667,-0.4215911210289206,0.9939917423564165,-0.7203505512985695
2217,-0.488717432347385,-0.515388247455416,-0.3216464398351517,-0.7203505512985695
2218,-0.7313744273660366,-0.4215911210289206,-0.5842462374842209,0.27200323376002283
2219,-0.24975035953207425,0.3490563530487841,0.5400503836062664,-0.44970860991895345
2220,-0.3019037443194762,-0.5323209975022835,1.5759340074983237,-0.44970860991895345
2221,0.319216438568577,-0.0385231726680098,-0.42193580979158024,-0.9909924926781858
2222,0.21626338098486084,-0.0385231726680098,-0.5657718798606685,-0.44970860991895345
2223,7.978025126831351,0.3841766424983934,2.124886348312458,1.0839290578988712
2224,1.8410932838334835,-0.0385231726680098,1.4136235798056829,1.0839290578988712
2225,-0.5770498271242339,-0.22127251675420845,1.449252698079677,1.3545709992784871
2226,-0.7407543830311226,0.48242346860245094,-0.9326198383854988,-1.0812064731380577
2227,-0.26972710673353656,-0.5323209975022835,-0.4997920312051234,1.3545709992784871
2228,0.4461557820462573,-0.6236832999805464,-0.24115102447538678,-0.5399225903788254
2229,-0.2888682646382236,-0.17414029514807344,-0.19232593647028334,1.9860688624975915
2230,-0.35798425547594165,-0.515388247455416,-0.6528652800859877,-0.44970860991895345
2231,-0.7275877602612683,0.3490563530487841,-0.7254431136070874,-1.2616344340578016
2232,-0.730868487363015,-0.5323209975022835,-0.4997920312051234,1.3545709992784871
2233,0.5804821362196139,-0.5122140758088042,-0.11446971505674035,0.8132871165192551
2234,0.15083659572158417,-0.5842752994104199,-0.2662233669644939,-0.8105645317584416
2235,-0.6155800965328225,-0.5943366417497988,-0.2662233669644939,-0.8105645317584416
2236,-0.7261889006495141,0.3490563530487841,1.4030668040207954,1.9860688624975915
2237,-0.4542783973258371,0.3490563530487841,1.4030668040207954,1.9860688624975915
2238,-0.3606981291182123,-0.36433144011737867,0.6838864536753546,1.9860688624975915
2239,-0.7355237086939339,0.3490563530487841,1.4030668040207954,1.9860688624975915
2240,-0.7376520965253425,-0.4215911210289206,-0.994640896121711,0.542645175139639
2241,0.8047697826583011,3.76239899907999,-1.4970774436336864,0.632859155599511
2242,-0.5848245340545203,-0.22127251675420845,1.2460347642205982,-1.0812064731380577
2243,-0.7396930556310163,-0.4215911210289206,0.18112000692010144,-0.7203505512985695
2244,-0.03888517238035008,-0.5906996712437486,-0.17253198187362,-0.7203505512985695
2245,-0.7455765788956169,-0.4215911210289206,-1.31530296058766,-1.442062394977546
2246,-0.5690730308442985,0.3490563530487841,-0.0590466421860824,-0.8105645317584416
2247,-0.7156035751755294,-0.5268237160947709,0.5690815170147064,-0.7203505512985695
2248,-0.7376520965253425,-0.4215911210289206,-0.994640896121711,0.542645175139639
2249,-0.05595527276558589,-0.17414029514807344,1.1747765276726094,0.09157527284027878
2250,1.498328964590888,-0.0385231726680098,1.2367975854088222,0.45243119467976695
2251,-0.733805232593019,0.3490563530487841,-0.0590466421860824,-0.8105645317584416
2252,-0.7441440377255881,-0.5323209975022835,0.5651227260953737,0.8132871165192551
2253,-0.734233060045999,-0.4215911210289206,-1.2440447240396713,-0.8105645317584416
2254,-0.7451480348137374,0.3490563530487841,-0.5842462374842209,0.27200323376002283
2255,-0.057030932743681456,0.1485991260563155,0.4595549682465016,0.542645175139639
2256,-0.13529397485415978,0.2637141774619474,-1.0144348507183747,-0.5399225903788254
2257,0.23234596674663505,0.9269825438951914,0.7920934054704486,-0.5399225903788254
2258,1.0577362010246438,-0.6082737678027452,0.10326378550655846,-0.5399225903788254
2259,-0.35280517841951436,-0.4708999282828016,-0.46284331595801825,0.09157527284027878
2260,0.08546284099686781,0.9269825438951914,-0.39422427335625143,-0.0888526880794653
2261,-0.7376520965253425,0.3490563530487841,-0.994640896121711,0.542645175139639
2262,-0.4082779882692341,-0.5879856513896028,1.4136235798056829,1.0839290578988712
2263,-0.7441777192838629,-0.4215911210289206,3.233347805725615,0.45243119467976695
2264,0.29772975427594384,1.3608040607023235,-0.8943515261652825,0.542645175139639
2265,-0.378439710782246,-0.3113367612781184,-0.0656446270516371,0.632859155599511
2266,0.18006788853072625,-0.18513231040992228,-0.650226086139766,-0.0888526880794653
2267,-0.4626500561293771,-0.515388247455416,0.7564642871964542,0.632859155599511
2268,1.6551345340826351,0.8604907093976325,-1.0144348507183747,-0.5399225903788254
2269,-0.4519027725241134,-0.5625188569380566,-1.0302700143957053,1.3545709992784871
2270,-0.7285043286236828,0.3490563530487841,-0.25302739723338485,-0.5399225903788254
2271,0.3803756987355448,0.9269825438951914,2.6263331980946,-0.44970860991895345
2272,0.005326530943190344,0.1485991260563155,-0.9708881506057149,0.45243119467976695
2273,-0.5004314483380259,-0.15890174757447112,0.4595549682465016,0.542645175139639
2274,-0.11973094504449722,-0.5323209975022835,-0.6027205951077735,-0.9909924926781858
2275,-0.4155990691061598,-0.2909305816974626,0.5651227260953737,0.8132871165192551
2276,-0.4784832550341377,-0.5323209975022835,-1.4960877459038535,-1.5322763754374178
2277,-0.554669506593969,-0.44196684938801617,-0.131624475707182,0.542645175139639
2278,-0.5526959106048447,-0.5029846688035554,0.7696602569275632,2.2567108038772075
2279,1.0273239037891848,-0.5906996712437486,-0.25038820328716316,1.3545709992784871
2280,-0.323658447820509,0.2637141774619474,0.6706904839442459,1.9860688624975915
2281,0.49458054666974727,-0.5122140758088042,-0.464162912931129,-1.5322763754374178
2282,-0.1235935748126088,-0.17247164781760813,0.8132069570402228,0.542645175139639
2283,-0.6353733867360221,-0.44196684938801617,-0.6000814011615518,0.0013612923804067448
2284,-0.3260691874383063,-0.551137026234718,0.7696602569275632,2.2567108038772075
2285,-0.7451480348137374,0.3490563530487841,-0.5842462374842209,0.27200323376002283
2286,-0.7355237086939339,-0.4215911210289206,1.4030668040207954,1.9860688624975915
2287,2.319016680030613,-0.36254347574557094,0.6838864536753546,1.9860688624975915
2288,-0.36286736479689025,0.1485991260563155,-0.42853379465713476,-0.8105645317584416
2289,-0.1593211085953933,-0.21496939252986363,0.814526554013334,-0.44970860991895345
2290,-0.3596776495653754,-0.5625188569380566,-0.2662233669644939,-0.8105645317584416
2291,-0.6469548263802619,-0.48370263686745274,-0.477358882662238,1.4447849797383594
2292,-0.7451480348137374,0.3490563530487841,-0.5842462374842209,0.27200323376002283
2293,-0.6361287135960573,-0.5943366417497988,-1.0025584779603764,-0.8105645317584416
2294,-0.7300787623158056,-0.4215911210289206,-0.518266388828676,-0.7203505512985695
2295,-0.7444514715234583,0.3490563530487841,1.0164248908993014,2.0762828429574633
2296,-0.7396665403617362,0.3490563530487841,-1.2440447240396713,-0.8105645317584416
2297,-0.14176083404292417,0.1485991260563155,1.6076043348529852,1.9860688624975915
2298,-0.7307466604501061,0.3490563530487841,-0.518266388828676,-0.7203505512985695
2299,-0.7159002595399077,-0.5268237160947709,1.384592446397243,1.9860688624975915
2300,0.9582150792404615,-0.5122140758088042,0.6231849929122528,0.45243119467976695
2301,1.3433185504922975,1.3608040607023235,-0.16461440003495456,-0.7203505512985695
2302,0.005326530943190344,0.1485991260563155,-0.9708881506057149,0.45243119467976695
2303,-0.12704557622132756,0.3490563530487841,-0.518266388828676,-0.7203505512985695
2304,0.10140496749434698,-0.5906996712437486,0.24050187071009205,0.18178925330015083
2305,-0.06279979538436785,6.128009589620586,-1.501366133796297,0.27200323376002283
2306,-0.347026999603135,0.1485991260563155,-0.4021418551949165,-1.442062394977546
2307,-0.15374358587086395,0.2637141774619474,0.6522161263206931,1.1741430383587432
2308,1.0569629584421223,-0.6082737678027452,0.12173814313011087,0.09157527284027878
2309,0.2681430135326675,-0.6082737678027452,-0.4997920312051234,-0.6301365708386975
2310,0.5908324074145744,-0.5122140758088042,-1.1186830115941357,-0.5399225903788254
2311,-0.4053906904332931,-0.44196684938801617,-0.637030116408657,-1.0812064731380577
2312,-0.31913723609378974,-0.551137026234718,1.4901602042461148,-0.6301365708386975
2313,0.002685753448664896,0.2637141774619474,-0.4153378249260257,0.18178925330015083
2314,1.5799099985058846,1.1815188316586127,3.233347805725615,0.45243119467976695
2315,0.2984800647336828,-0.6082737678027452,-0.7359998893919746,0.27200323376002283
2316,1.2906054785344145,-0.5906996712437486,1.0573323970657398,-0.7203505512985695
2317,-0.269497785485708,0.3490563530487841,-1.327179333345658,-0.26928064899920934
2318,-0.7441440377255881,0.3490563530487841,0.5651227260953737,0.8132871165192551
2319,0.20475073771496946,-0.18513231040992228,-1.4208707184365321,-1.5322763754374178
2320,-0.7396930556310163,-0.5323209975022835,0.18112000692010144,-0.7203505512985695
2321,2.6748523103994346,1.736012150723348,-0.317687648915819,-0.17906666853933734
2322,-0.33544412670109613,0.1485991260563155,0.9860741605177505,-0.7203505512985695
2323,1.0952366747047027,-0.6082737678027452,-0.2992132912922664,-1.2616344340578016
2324,0.23657694376907124,-0.2566382072246268,-0.33220321562003896,-0.0888526880794653
2325,-0.7322544476545786,0.3490563530487841,-1.1477141450025756,-0.5399225903788254
2326,-0.22550823712100146,6.128009589620586,-0.42853379465713476,-0.8105645317584416
2327,6.91801632389998,0.3841766424983934,0.6495769323744712,0.45243119467976695
2328,-0.47655695655237806,-0.5625188569380566,-0.6489064891666553,-0.7203505512985695
2329,-0.13529397485415978,0.2637141774619474,-1.0144348507183747,-0.5399225903788254
2330,-0.3042177390358459,0.016315835157083593,1.037538442469076,0.45243119467976695
2331,-0.6331690362412704,-0.5943366417497988,-1.1252809964596904,0.27200323376002283
2332,-0.7316152146762566,0.3490563530487841,-0.3084504701040428,-1.0812064731380577
2333,-0.13321431778791484,0.2637141774619474,-1.504005327742519,-1.351848414517674
2334,-0.72519135322146,-0.5323209975022835,-0.45756492806557447,0.45243119467976695
2335,0.26602537513475105,-0.6082737678027452,1.2367975854088222,0.45243119467976695
2336,-0.7285043286236828,-0.4215911210289206,-0.25302739723338485,-0.5399225903788254
2337,-0.733805232593019,-0.5323209975022835,-0.0590466421860824,-0.8105645317584416
2338,-0.22719948132373682,-0.551137026234718,-0.09335616348696589,2.0762828429574633
2339,-0.2920357643738551,0.3490563530487841,0.2906465556883062,1.4447849797383594
2340,-0.35227702292060925,0.1485991260563155,0.7920934054704486,-0.5399225903788254
2341,0.5941912470663626,-0.5122140758088042,-0.1593360121425108,0.27200323376002283
2342,-0.5400638929939904,-0.3113367612781184,0.49386448954738493,0.0013612923804067448
2343,-0.7335200142910322,-0.5323209975022835,0.5651227260953737,0.8132871165192551
2344,-0.4982106153785864,0.9389371162997321,-0.36783233389403325,-0.8105645317584416
2345,-0.3208664616281967,-0.551137026234718,-0.5987618041884408,0.18178925330015083
2346,0.6544432550466089,-0.6236832999805464,0.3117601072580805,0.542645175139639
2347,-0.5106534429599823,0.3490563530487841,0.5651227260953737,0.8132871165192551
2348,-0.2425503889791581,-0.2909305816974626,-0.6027205951077735,-0.9909924926781858
2349,-0.7451480348137374,-0.4215911210289206,-0.5842462374842209,0.27200323376002283
2350,-0.5927518829403926,-0.48370263686745274,-0.18968674252406165,-0.17906666853933734
2351,-0.5130426837107956,-0.6024850303896584,1.7976262989809548,-0.9909924926781858
2352,-0.7285043286236828,-0.5323209975022835,-0.25302739723338485,-0.5399225903788254
2353,0.03649128852308659,-0.17247164781760813,0.7564642871964542,0.632859155599511
2354,-0.3044477769125739,-0.4708999282828016,2.2990731487630973,-0.7203505512985695
2355,-0.7435965332463975,-0.5323209975022835,-0.7399586803113073,-1.351848414517674
2356,-0.7322544476545786,-0.4215911210289206,-1.1477141450025756,-0.5399225903788254
2357,-0.6728222631353195,-0.5019875007626324,1.2763854946021493,0.09157527284027878
2358,-0.7426591826458985,-0.4215911210289206,-1.0566619538579234,0.542645175139639
2359,-0.1720298054984903,0.2637141774619474,-0.8376088563215139,0.542645175139639
2360,-0.3019037443194762,-0.4215911210289206,1.5759340074983237,-0.44970860991895345
2361,0.9655547924287733,-0.0385231726680098,0.9293314906739818,-0.8105645317584416
2362,0.12527802602219576,0.9269825438951914,-1.2070960087925662,-1.5322763754374178
2363,-0.7374356745977043,-0.4215911210289206,-0.6027205951077735,-0.9909924926781858
2364,0.021075167637814158,-0.5323209975022835,-1.0764559084545868,0.542645175139639
2365,-0.43848246312384853,-0.2909305816974626,0.18112000692010144,-0.7203505512985695
2366,-0.39824160053223895,-0.2909305816974626,0.16792403718899243,0.0013612923804067448
2367,-0.10738342910673013,0.1485991260563155,0.7920934054704486,-0.5399225903788254
2368,1.0173405465907501,1.1815188316586127,0.8950219693730989,0.09157527284027878
2369,0.6647576947965963,1.3608040607023235,-0.2741409488031593,0.18178925330015083
2370,-0.20562680156316795,-0.551137026234718,-0.9378982262779424,0.632859155599511
2371,0.06368448874215277,-0.6082737678027452,-0.2992132912922664,-1.2616344340578016
2372,-0.726712039746123,-0.4215911210289206,0.6377005596164733,1.1741430383587432
2373,-0.33718195178229665,-0.551137026234718,-0.6000814011615518,0.0013612923804067448
2374,-0.7027486859769417,-0.5268237160947709,-0.37574991573269867,-1.0812064731380577
2375,-0.4815052791031779,-0.4215911210289206,-0.650226086139766,-0.0888526880794653
2376,0.01327681195384543,-0.0385231726680098,-0.22135706987872325,0.542645175139639
2377,-0.745604527422696,0.3490563530487841,-0.994640896121711,0.542645175139639
2378,0.08098319374631748,-0.6082737678027452,0.8132069570402228,0.542645175139639
2379,-0.7373862272036412,-0.4215911210289206,-0.3084504701040428,-1.0812064731380577
2380,-0.43176836696476906,-0.2909305816974626,-0.650226086139766,-0.0888526880794653
2381,-0.347026999603135,0.1485991260563155,-0.4021418551949165,-1.442062394977546
2382,0.4644498845917778,-0.5115191112634179,1.0573323970657398,-0.7203505512985695
2383,-0.544355783472881,-0.44196684938801617,1.037538442469076,0.45243119467976695
2384,-0.6962811101592778,-0.6024713571940952,0.6495769323744712,0.45243119467976695
2385,-0.5106534429599823,-0.4215911210289206,0.5651227260953737,0.8132871165192551
2386,-0.04567021480047659,-0.43985253947377473,-0.18968674252406165,-1.5322763754374178
2387,-0.7384669035840332,0.3490563530487841,0.33551285277407705,1.9860688624975915
2388,2.3569557305971434,1.736012150723348,-1.0025584779603764,-0.8105645317584416
2389,1.4162756722311438,-0.12634732183959937,-0.19232593647028334,1.9860688624975915
2390,-0.14987952284495334,-0.5879856513896028,0.7340311386535687,1.9860688624975915
2391,0.00316661144020537,0.1485991260563155,-0.4153378249260257,0.18178925330015083
2392,-0.26972710673353656,-0.4215911210289206,-0.4997920312051234,1.3545709992784871
2393,0.06859841310577831,6.128009589620586,2.7398185377821376,0.45243119467976695
2394,-0.7452304471371758,0.3490563530487841,-0.7254431136070874,-1.2616344340578016
2395,-0.7325582983079515,-0.5323209975022835,1.7448424200565187,-0.8105645317584416
2396,0.08163030964253364,-0.4215911210289206,1.3186125977416983,-0.9909924926781858
2397,-0.2996463632861642,0.2637141774619474,1.3067362249836996,-1.0812064731380577
2398,-0.6569281507741043,-0.5726303542305935,-0.7003707711179802,0.542645175139639
2399,-0.036852096192570336,0.2637141774619474,-1.4538606427643046,0.632859155599511
2400,0.0331904958121548,-0.0385231726680098,-0.6845356074406495,2.2567108038772075
2401,0.021075167637814158,-0.4215911210289206,-1.0764559084545868,0.542645175139639
2402,-0.358017220405317,0.2637141774619474,-1.504005327742519,-1.351848414517674
2403,-0.20534301651898015,-0.4215911210289206,3.233347805725615,0.45243119467976695
2404,0.11996350610376968,-0.6082737678027452,0.8000109873091135,1.4447849797383594
2405,0.12438653967126233,-0.6082737678027452,0.7564642871964542,0.632859155599511
2406,-0.7261889006495141,-0.4215911210289206,1.4030668040207954,1.9860688624975915
2407,-0.7217228693480536,-0.5268237160947709,-0.6990511741448694,-0.8105645317584416
2408,-0.3021832295902672,0.1485991260563155,-0.18968674252406165,2.0762828429574633
2409,-0.1905474962606436,-0.21496939252986363,1.037538442469076,0.45243119467976695
2410,-0.7369125355010955,-0.4215911210289206,0.728752750761125,1.0839290578988712
2411,-0.7426591826458985,-0.5323209975022835,-1.0566619538579234,0.542645175139639
2412,1.4993480108859256,3.76239899907999,-1.4913635887401164,0.542645175139639
2413,0.9720316844221302,-0.6552132112833685,-0.8798359594610627,2.0762828429574633
2414,-0.2694512046072428,-0.21496939252986363,-0.7003707711179802,0.542645175139639
2415,1.2334779725558318,-0.12634732183959937,-0.27809973972249197,0.45243119467976695
2416,-0.027675663134932058,0.1485991260563155,1.7158112866480788,0.09157527284027878
2417,-0.7389943424540388,-0.5323209975022835,1.7448424200565187,-0.8105645317584416
2418,-0.6451775867095908,-0.6024850303896584,-0.42853379465713476,-0.8105645317584416
2419,-0.6377554611978409,-0.15890174757447112,-0.18968674252406165,2.0762828429574633
2420,-0.3354326606387047,-0.5879856513896028,0.9293314906739818,-0.8105645317584416
2421,0.2681430135326675,-0.0385231726680098,-0.4997920312051234,-0.6301365708386975
2422,-0.3072311635580926,6.128009589620586,-0.4153378249260257,0.0013612923804067448
2423,0.08682586916364865,-0.0385231726680098,0.10326378550655846,-0.5399225903788254
2424,-0.16219120733774722,0.2637141774619474,0.6522161263206931,1.1741430383587432
2425,0.1616627085057889,-0.6445427051934703,-0.36783233389403325,-0.8105645317584416
2426,5.443039973589404,0.3841766424983934,0.030685951985458673,0.542645175139639
2427,-0.7307129788918313,-0.5323209975022835,1.3186125977416983,-0.9909924926781858
2428,0.18113208244643053,-0.5842752994104199,-0.7148863378222001,-0.5399225903788254
2429,-0.4354396568167238,-0.4434554364560922,-1.2163331876043426,-0.7203505512985695
2430,-0.5144673419629303,-0.6024850303896584,-0.3572755581091461,-0.7203505512985695
2431,0.3141663547140533,-0.0385231726680098,0.732711541680458,-0.9909924926781858
2432,-0.7391168859958471,-0.5323209975022835,-0.25302739723338485,-0.5399225903788254
2433,0.00316661144020537,0.1485991260563155,-0.4153378249260257,0.18178925330015083
2434,-0.33049867066589417,-0.5122140758088042,-0.24906860631405242,-0.8105645317584416
2435,-0.14561414763534278,0.3490563530487841,1.4862014133267825,-1.0812064731380577
2436,-0.352803028532816,0.2637141774619474,-1.130559384352134,-1.2616344340578016
2437,-0.3807873870568904,-0.17414029514807344,-0.6871748013868713,-0.5399225903788254
2438,-0.7359300372799301,0.3490563530487841,3.233347805725615,0.45243119467976695
2439,-0.7471818276304165,-0.5323209975022835,0.728752750761125,1.0839290578988712
2440,-0.7316152146762566,-0.4215911210289206,-0.3084504701040428,-1.0812064731380577
2441,1.0960514817633933,-0.6082737678027452,0.8132069570402228,0.542645175139639
2442,0.1173922416124924,-0.6082737678027452,0.2708526010916427,1.3545709992784871
2443,0.8363344191640987,3.76239899907999,-1.4961273338130467,-0.7203505512985695
2444,-0.10289446568048673,-0.43985253947377473,-0.4179770188722476,1.3545709992784871
2445,-0.49920887943554,0.9389371162997321,-0.33748160351248274,-1.442062394977546
2446,-0.07289136354662179,-0.4708999282828016,1.1998488701617167,-0.9909924926781858
2447,0.1080416677322844,-0.2566382072246268,0.22862549795209378,-1.2616344340578016
2448,0.04382813519580047,0.1485991260563155,-1.5079641186618515,0.542645175139639
2449,-0.7396665403617362,-0.4215911210289206,-1.2440447240396713,-0.8105645317584416
2450,-0.06732674014228268,0.2637141774619474,-1.4710154034147462,-0.8105645317584416
2451,1.7256336186963195,-0.5906996712437486,1.3582005069350245,1.9860688624975915
2452,0.7897721730503158,-0.5906996712437486,0.1771612160007688,-1.2616344340578016
2453,0.017115076339375392,0.1485991260563155,-0.4153378249260257,0.0013612923804067448
2454,-0.40187562568142154,-0.551137026234718,-0.5552151040757812,0.542645175139639
2455,0.08512960855861706,-0.6445427051934703,-0.7927425592357433,0.0013612923804067448
2456,-0.7413241030061968,-0.5323209975022835,-0.4997920312051234,1.3545709992784871
2457,-0.5094244243974012,-0.4215911210289206,-0.5842462374842209,0.27200323376002283
2458,-0.4014234328458597,-0.36433144011737867,0.24050187071009205,-0.0888526880794653
2459,-0.7231016633506228,-0.4215911210289206,-0.7399586803113073,-1.351848414517674
2460,-0.6419606395798965,-0.48370263686745274,-0.5486171192102267,-0.26928064899920934
2461,-0.7411922432886953,0.48242346860245094,-0.6185557587851044,0.27200323376002283
2462,-0.7436753624253386,0.3490563530487841,-0.45756492806557447,0.45243119467976695
2463,-0.7462000460381507,0.3490563530487841,1.4862014133267825,-1.0812064731380577
2464,-0.7435965332463975,-0.4215911210289206,-0.7399586803113073,-1.351848414517674
2465,1.1796691750106678,-0.6082737678027452,1.7250484654598552,-0.7203505512985695
2466,-0.5927676487761808,-0.22127251675420845,1.833255417254949,1.9860688624975915
2467,0.01327681195384543,-0.0385231726680098,-0.22135706987872325,0.542645175139639
2468,-0.3019037443194762,-0.5323209975022835,1.5759340074983237,-0.44970860991895345
2469,-0.429940246642236,-0.515388247455416,-0.5538955071026702,-1.5322763754374178
2470,-0.2577930856707602,0.1485991260563155,0.6825668567022438,1.0839290578988712
2471,-0.5459724982700721,-0.5943366417497988,-0.637030116408657,-1.0812064731380577
2472,0.20717437665295718,-0.6445427051934703,0.09930499458722546,0.09157527284027878
2473,-0.5163427597928281,-0.3113367612781184,-0.47340009174290537,-0.8105645317584416
2474,-0.359655434069492,-0.551137026234718,-1.0421463871537036,-0.8105645317584416
2475,0.9291622270272859,-0.0385231726680098,-0.651545683112877,0.8132871165192551
2476,-0.7203763236459605,-0.5268237160947709,-0.4179770188722476,1.3545709992784871
2477,-0.6500191315543706,-0.5019875007626324,0.6825668567022438,1.0839290578988712
2478,-0.7355237086939339,0.3490563530487841,1.4030668040207954,1.9860688624975915
2479,1.1981288188319643,-0.6082737678027452,-0.2345530396098323,1.1741430383587432
2480,-0.30600716139780787,0.2637141774619474,-0.48263727055468175,0.542645175139639
2481,1.5984542045373187,-0.6082737678027452,-0.7267627105801983,0.09157527284027878
2482,-0.7432418019411627,0.48242346860245094,0.879186805695768,0.45243119467976695
2483,-0.6194269604651461,-0.6024850303896584,-0.9708881506057149,0.45243119467976695
2484,-0.5447606788010783,0.3490563530487841,-1.0566619538579234,0.542645175139639
2485,2.55415050486269,-0.36254347574557094,-0.6489064891666553,-0.7203505512985695
2486,-0.7123959442215279,-0.5019875007626324,-0.4153378249260257,0.18178925330015083
2487,1.2181915615013623,1.1815188316586127,1.5759340074983237,-0.44970860991895345
2488,-0.19535679280494742,-0.17414029514807344,0.814526554013334,-0.44970860991895345
2489,-0.05696285299823246,0.2637141774619474,-0.7148863378222001,-0.44970860991895345
2490,0.3228246650773789,-0.6445427051934703,-0.18968674252406165,-0.17906666853933734
2491,1.5984542045373187,-0.0385231726680098,-0.7267627105801983,0.09157527284027878
2492,0.17341255594140287,-0.18513231040992228,-0.25302739723338485,-0.5399225903788254
2493,0.17531377241168125,-0.6082737678027452,-0.8943515261652825,0.542645175139639
2494,-0.4376554733738669,-0.5879856513896028,-0.7267627105801983,0.09157527284027878
2495,0.11367938728436879,-0.18513231040992228,-0.6093185799733282,0.27200323376002283
2496,-0.370735233484107,0.2637141774619474,-1.0144348507183747,-0.5399225903788254
2497,7.50225878362161,0.3841766424983934,-0.5341015525060067,-0.9909924926781858
2498,-0.6408563144458221,-0.6024850303896584,-1.504005327742519,-1.351848414517674
2499,-0.34115709228762425,-0.36433144011737867,-0.957692180874606,0.27200323376002283
2500,0.23163292099166813,-0.6082737678027452,-0.16461440003495456,-0.7203505512985695
2501,0.005326530943190344,0.2637141774619474,-0.9708881506057149,0.45243119467976695
2502,-0.44871162403479964,-0.4434554364560922,2.6263331980946,-0.44970860991895345
2503,-0.3200831862410824,-0.36433144011737867,1.4901602042461148,-0.6301365708386975
2504,-0.18849722097927668,0.2637141774619474,1.2763854946021493,0.09157527284027878
2505,-0.29800671636419024,-0.21496939252986363,0.6838864536753546,1.9860688624975915
2506,1.6898014570942128,-0.0385231726680098,-0.16461440003495456,-0.7203505512985695
2507,-0.16344530791180945,0.1485991260563155,1.7158112866480788,0.09157527284027878
2508,-0.733805232593019,-0.4215911210289206,-0.0590466421860824,-0.8105645317584416
2509,-0.26972710673353656,0.3490563530487841,-0.4997920312051234,1.3545709992784871
2510,-0.6506010342207356,-0.48370263686745274,0.09930499458722546,0.09157527284027878
2511,0.24076707294423805,-0.0385231726680098,0.7340311386535687,1.9860688624975915
2512,1.2413967218949107,-0.0385231726680098,-0.6528652800859877,-0.44970860991895345
2513,2.122059109930789,3.76239899907999,-1.4889355303095924,0.542645175139639
2514,0.7909897255505055,-0.6445427051934703,-0.5024312251513451,-1.0812064731380577
2515,-0.7362353211911019,0.48242346860245094,1.3199321947148086,1.4447849797383594
2516,-0.5675093465856679,-0.44196684938801617,-1.1252809964596904,0.27200323376002283
2517,1.7024463740252578,-0.12634732183959937,0.814526554013334,-0.44970860991895345
2518,-0.31994846000798316,-0.17414029514807344,-0.22135706987872325,-1.5322763754374178
2519,-0.6002012403503222,-0.22127251675420845,0.2325842888714264,-1.442062394977546
2520,0.22644882753294457,0.9269825438951914,0.4806685198162759,0.542645175139639
2521,0.08623823346608808,-0.17247164781760813,0.8818259996419895,0.45243119467976695
2522,-0.6861716262745373,-0.6024713571940952,-0.33220321562003896,-0.0888526880794653
2523,-0.3303044642341394,0.2637141774619474,-0.34803837929736986,1.3545709992784871
2524,0.22552150973703808,-0.0385231726680098,-0.7267627105801983,0.09157527284027878
2525,0.3243611174378301,-0.5029846688035554,1.959936726673596,-0.9909924926781858
2526,0.1173922416124924,-0.0385231726680098,0.2708526010916427,1.3545709992784871
2527,-0.25904216984252626,-0.43985253947377473,-0.7584330379348599,-0.7203505512985695
2528,-0.04567021480047659,2.131862646173851,-0.18968674252406165,-1.5322763754374178
2529,0.8103136238245557,-0.5906996712437486,0.491225295601163,-0.44970860991895345
2530,0.20054269281731604,-0.18513231040992228,1.7448424200565187,-0.8105645317584416
2531,-0.6236722700655717,-0.48370263686745274,0.2734917950378646,0.542645175139639
2532,-0.44159693232091973,-0.44196684938801617,1.1998488701617167,-0.9909924926781858
2533,1.6890583129254686,1.1815188316586127,-0.25302739723338485,-0.5399225903788254
2534,-0.7299641016918913,-0.4215911210289206,1.4862014133267825,-1.0812064731380577
2535,-0.6149143482852204,-0.48370263686745274,0.18639839481254483,0.45243119467976695
2536,-0.09931992072995964,0.3490563530487841,0.002974415550129697,0.09157527284027878
2537,0.000307262131343446,0.2637141774619474,3.2254302238869488,-1.0812064731380577
2538,1.1355162352568835,-0.6082737678027452,0.468792147058278,0.0013612923804067448
2539,-0.6350810021450406,-0.15890174757447112,-0.5908442223497754,-0.26928064899920934
2540,0.37581650567715397,-0.0385231726680098,-1.0632599387234778,2.0762828429574633
2541,0.4664349466432934,-0.6552132112833685,-0.9933212991486001,-0.44970860991895345
2542,1.232993531419794,-0.5579209215100496,-0.8072581259399633,0.542645175139639
2543,-0.24975035953207425,-0.5323209975022835,0.5400503836062664,-0.44970860991895345
2544,-0.5447606788010783,-0.4215911210289206,-1.0566619538579234,0.542645175139639
2545,-0.32474199071649873,0.3490563530487841,-0.8204540956710722,0.632859155599511
2546,0.12825060269717292,-0.5029846688035554,1.1747765276726094,0.09157527284027878
2547,-0.21460401178675514,0.3490563530487841,-0.3203268428620409,-0.6301365708386975
2548,0.06640481204451866,-0.5115191112634179,-0.1593360121425108,0.27200323376002283
2549,0.7559523053979048,-0.5122140758088042,1.3582005069350245,1.9860688624975915
2550,-0.6320202801154294,-0.22127251675420845,-0.9510941960090515,-1.2616344340578016
2551,0.950441805567974,-0.6552132112833685,0.3117601072580805,0.542645175139639
2552,5.810374631279027,0.3841766424983934,-0.7373194863650855,0.27200323376002283
2553,-0.40108590063421207,-0.4434554364560922,0.15472806745788342,-0.9909924926781858
2554,-0.11973094504449722,0.3490563530487841,-0.6027205951077735,-0.9909924926781858
2555,-0.7421761747676596,0.48242346860245094,-1.16882769657235,1.1741430383587432
2556,-0.6355296118361053,-0.15890174757447112,1.7158112866480788,0.09157527284027878
2557,-0.35559214820953033,0.2637141774619474,3.2254302238869488,-1.0812064731380577
2558,-0.19562839515784433,-0.5625188569380566,-0.9378982262779424,0.632859155599511
2559,-0.04504459777124429,-0.17247164781760813,1.4281391465099027,1.9860688624975915
2560,-0.7275877602612683,-0.5323209975022835,-0.7254431136070874,-1.2616344340578016
2561,0.11996350610376968,-0.17414029514807344,-0.7821857834508561,0.542645175139639
2562,-0.522497168781426,-0.5323209975022835,1.0164248908993014,2.0762828429574633
2563,0.6299259471381421,-0.6236832999805464,-0.24906860631405242,-0.8105645317584416
2564,-0.11973094504449722,-0.5323209975022835,-0.6027205951077735,-0.9909924926781858
2565,-0.4613199928919716,-0.36433144011737867,1.1747765276726094,0.09157527284027878
2566,-0.27306731403393886,-0.551137026234718,-0.957692180874606,0.542645175139639
2567,0.15329463284674621,-0.36254347574557094,0.7696602569275632,2.2567108038772075
2568,0.35925234529493993,-0.6236832999805464,-0.9933212991486001,-0.44970860991895345
2569,-0.45453853361634255,-0.515388247455416,0.8000109873091135,1.4447849797383594
2570,-0.7466149741709405,0.48242346860245094,-0.8455264381601794,0.27200323376002283
2571,-0.33442221389046034,-0.5879856513896028,-0.16461440003495456,-0.7203505512985695
2572,-0.09931992072995964,-0.4215911210289206,0.002974415550129697,0.09157527284027878
2573,-0.34745697694281347,-0.15890174757447112,1.6076043348529852,1.9860688624975915
2574,1.5176922774544088,-0.12634732183959937,-0.27678014274938123,-1.2616344340578016
2575,-0.7335200142910322,0.3490563530487841,0.5651227260953737,0.8132871165192551
2576,-0.523406570854846,-0.15890174757447112,-0.3572755581091461,-0.7203505512985695
2577,-0.7263788073078721,0.3490563530487841,0.33551285277407705,1.9860688624975915
2578,-0.049868226893537454,2.131862646173851,-1.061940341750367,-0.17906666853933734
2579,-0.6054448140077013,-0.6024850303896584,-0.4153378249260257,0.18178925330015083
2580,-0.38973234898000175,-0.17414029514807344,-0.17649077279295264,-1.5322763754374178
2581,-0.23361259334504134,-0.5029846688035554,-1.1252809964596904,0.27200323376002283
2582,1.5844355100060008,-0.6082737678027452,1.4281391465099027,1.9860688624975915
2583,-0.7313744273660366,0.3490563530487841,-0.5842462374842209,0.27200323376002283
2584,-0.47911388846566616,-0.515388247455416,-0.6343909224624353,-0.26928064899920934
2585,-0.2580553718479642,0.1485991260563155,0.15472806745788342,-0.9909924926781858
2586,-0.3823023405503576,-0.17414029514807344,0.24050187071009205,-0.0888526880794653
2587,-0.18850223738157296,-0.5323209975022835,-0.6409889073279896,0.542645175139639
2588,-0.22711348585580116,-0.4215911210289206,0.18112000692010144,-0.7203505512985695
2589,-0.037135164607858685,-0.18513231040992228,0.8950219693730989,0.09157527284027878
2590,0.3904500678042116,-0.6082737678027452,0.8831455966151006,-1.0812064731380577
2591,0.7704948556547305,-0.6236832999805464,1.2367975854088222,0.542645175139639
2592,-0.7418931063523713,0.3490563530487841,0.5400503836062664,-0.44970860991895345
2593,-0.20017468889604478,0.2637141774619474,1.7976262989809548,-0.9909924926781858
2594,-0.7468758270903454,0.3490563530487841,-0.6093185799733282,0.27200323376002283
2595,1.2795005971083182,1.1815188316586127,-0.4997920312051234,1.3545709992784871
2596,-0.7299641016918913,-0.5323209975022835,1.4862014133267825,-1.0812064731380577
2597,-0.003400575794483888,-0.5115191112634179,0.8237637328251104,0.09157527284027878
2598,-0.5586396306970003,-0.5323209975022835,-0.994640896121711,0.542645175139639
2599,-0.5587306425672321,0.9389371162997321,-0.5644522828875573,-0.8105645317584416
2600,0.28647581403875905,-0.2566382072246268,1.2579111369785965,-0.6301365708386975
2601,0.12225528532425603,-0.5906996712437486,0.1415320977267744,0.632859155599511
2602,-0.24975035953207425,0.3490563530487841,0.5400503836062664,-0.44970860991895345
2603,-0.7436732125386402,0.48242346860245094,-1.023672029530151,-0.17906666853933734
2604,-0.21874326031006,-0.515388247455416,1.4281391465099027,1.9860688624975915
2605,-0.7312010031723662,-0.5323209975022835,-1.0764559084545868,0.542645175139639
2606,0.17531377241168125,-0.0385231726680098,-0.8943515261652825,0.542645175139639
2607,-0.5116294915210524,-0.5029846688035554,0.13361451588810894,-0.44970860991895345
2608,1.2654152560893503,1.1815188316586127,0.18112000692010144,-0.7203505512985695
2609,-0.7335200142910322,-0.4215911210289206,0.5651227260953737,0.8132871165192551
2610,-0.7372629670329334,-0.4215911210289206,-0.3203268428620409,-0.6301365708386975
2611,-0.7452598289220538,0.3490563530487841,-0.0590466421860824,-0.8105645317584416
2612,-0.01731750902207748,-0.0385231726680098,0.9293314906739818,-0.8105645317584416
2613,-0.4076358887753143,-0.515388247455416,-0.651545683112877,0.8132871165192551
2614,0.3350646866802264,-0.5122140758088042,-0.6964119801986475,0.09157527284027878
2615,-0.7372629670329334,-0.5323209975022835,-0.3203268428620409,-0.6301365708386975
2616,1.7428642439550348,-0.6082737678027452,-0.42193580979158024,-0.9909924926781858
2617,-0.023999356880681014,-0.17247164781760813,-0.6343909224624353,-0.26928064899920934
2618,-0.6985943882467481,-0.5268237160947709,0.8712692238571027,-0.7203505512985695
2619,-0.3863297949653461,-0.5625188569380566,1.4901602042461148,-0.6301365708386975
2620,-0.701751855177787,-0.5019875007626324,-0.7716290076659689,0.27200323376002283
2621,-0.2489355524733835,-0.2909305816974626,-0.3203268428620409,-0.6301365708386975
2622,1.5844355100060008,-0.6082737678027452,1.4281391465099027,1.9860688624975915
2623,-0.721856162323354,-0.5323209975022835,-1.4208707184365321,-1.5322763754374178
2624,0.0652460231140851,-0.17414029514807344,1.4901602042461148,-0.6301365708386975
2625,2.632164876745054,1.736012150723348,-0.637030116408657,-1.0812064731380577
2626,-0.7468758270903454,-0.5323209975022835,-0.6093185799733282,0.27200323376002283
2627,-0.7450914211306797,-0.5268237160947709,1.129910230586839,0.18178925330015083
2628,-0.1431432111899905,-0.5029846688035554,-0.8019797380475197,1.1741430383587432
2629,-0.7027228873365611,-0.5019875007626324,-0.42853379465713476,-0.8105645317584416
2630,-0.27645696872840425,-0.17414029514807344,2.2990731487630973,-0.7203505512985695
2631,-0.5026408152350738,0.9389371162997321,-0.6172361618119935,0.27200323376002283
2632,0.002685753448664896,0.1485991260563155,-0.4153378249260257,0.18178925330015083
2633,-0.20455544135846906,-0.5029846688035554,-0.27809973972249197,0.45243119467976695
2634,2.419144786492641,-0.12634732183959937,2.0391125450602496,-1.0812064731380577
2635,-0.3910717283931003,-0.551137026234718,-0.6871748013868713,-0.5399225903788254
2636,1.1998659272842656,-0.6082737678027452,0.7709798539006739,-0.8105645317584416
2637,0.29061864570656126,-0.5842752994104199,1.1747765276726094,0.09157527284027878
2638,-0.7372629670329334,-0.4215911210289206,-0.3203268428620409,-0.6301365708386975
2639,-0.056292804977233414,0.1485991260563155,-0.3572755581091461,-0.7203505512985695
2640,0.4439808133363836,6.128009589620586,0.15472806745788342,-0.9909924926781858
2641,-0.6341895157941073,-0.48370263686745274,0.6113086201542549,-0.8105645317584416
2642,-0.5209571332764775,-0.5323209975022835,0.19563557362432124,-0.17906666853933734
2643,-0.04346013127452922,6.128009589620586,-0.9708881506057149,0.45243119467976695
2644,-0.7314310410490943,0.3490563530487841,-0.3203268428620409,-0.6301365708386975
2645,-0.27656016328992705,0.9269825438951914,1.7158112866480788,0.09157527284027878
2646,-0.4782087861656429,-0.4434554364560922,0.438441416676727,-0.17906666853933734
2647,-0.740760832691218,-0.6024713571940952,-0.2543469942064958,-1.5322763754374178
2648,-0.6822344671008813,-0.6024713571940952,0.03332514593168055,0.8132871165192551
2649,0.3821013411254544,-0.2566382072246268,0.07159345815189667,-1.0812064731380577
2650,-0.4097786091847121,-0.5122140758088042,0.3117601072580805,0.542645175139639
2651,-0.4601139064541735,-0.2909305816974626,-0.6093185799733282,0.27200323376002283
2652,-0.6734973275586147,-0.6024713571940952,1.921668414453379,0.09157527284027878
2653,-0.0034356906105577215,-0.17247164781760813,-0.4997920312051234,-0.6301365708386975
2654,-0.5508921556648935,-0.5122140758088042,0.8237637328251104,0.09157527284027878
2655,-0.7426591826458985,-0.4215911210289206,-1.0566619538579234,0.542645175139639
2656,-0.7322544476545786,-0.4215911210289206,-1.1477141450025756,-0.5399225903788254
2657,-0.6364332808783295,-0.6024850303896584,1.7158112866480788,0.09157527284027878
2658,0.884310574096524,-0.6236832999805464,0.8237637328251104,0.09157527284027878
2659,0.4798359070632728,1.3608040607023235,-0.9510941960090515,-1.5322763754374178
2660,1.1836056175554241,-0.5579209215100496,-0.7373194863650855,0.27200323376002283
2661,-0.3080681861126667,-0.5323209975022835,0.9939917423564165,-0.7203505512985695
2662,-0.7369125355010955,-0.5323209975022835,0.728752750761125,1.0839290578988712
2663,-0.6423347198654167,-0.6024850303896584,0.2985641375269715,0.8132871165192551
2664,-0.06302481685879949,0.3490563530487841,0.728752750761125,1.0839290578988712
2665,1.267798047180069,-0.5906996712437486,0.42656504391872907,-1.442062394977546
2666,0.8401246694133644,-0.12634732183959937,0.13361451588810894,-0.44970860991895345
2667,-0.36286736479689025,0.1485991260563155,-0.42853379465713476,-0.8105645317584416
2668,-0.2995130703108639,0.9269825438951914,-1.2163331876043426,-0.7203505512985695
2669,0.06798067899444019,-0.0385231726680098,-0.5538955071026702,-1.5322763754374178
2670,0.06098566430677075,-0.6082737678027452,-0.663422055870875,-0.0888526880794653
2671,-0.07787336765569647,-0.17247164781760813,0.5769990988533716,-1.351848414517674
2672,0.48861604433950734,6.128009589620586,-0.48263727055468175,0.542645175139639
2673,1.6898014570942128,-0.6082737678027452,-0.16461440003495456,-0.7203505512985695
2674,-0.6381775556196253,-0.15890174757447112,-1.4538606427643046,0.632859155599511
2675,0.13921717474567272,-0.2566382072246268,-0.4179770188722476,1.3545709992784871
2676,-0.5356107610127202,0.3490563530487841,-0.45756492806557447,0.45243119467976695
2677,-0.48904493175444014,-0.4434554364560922,-1.0144348507183747,-0.5399225903788254
2678,-0.7344150837864629,-0.4215911210289206,0.19563557362432124,-0.17906666853933734
2679,-0.15778178971934434,0.2637141774619474,-1.2070960087925662,-1.5322763754374178
2680,-0.6753849280798032,0.016315835157083593,-0.14218125149206934,-0.7203505512985695
2681,-0.5241224831254108,0.9389371162997321,-0.9735273445519366,-0.0888526880794653
2682,-0.269497785485708,0.3490563530487841,-1.327179333345658,-0.26928064899920934
2683,1.3719772568107682,-0.36254347574557094,2.2990731487630973,-0.7203505512985695
2684,-0.7421940904901462,0.48242346860245094,0.8066089721746683,-0.8105645317584416
2685,0.7341639203385973,-0.5579209215100496,2.6949522406963675,-0.8105645317584416
2686,-0.4383864348513204,-0.36433144011737867,2.2990731487630973,-0.7203505512985695
2687,0.29518643831174557,-0.6082737678027452,0.7709798539006739,-0.8105645317584416
2688,0.13224652544058504,0.9269825438951914,-0.7716290076659689,0.27200323376002283
2689,-0.269497785485708,-0.4215911210289206,-1.327179333345658,-0.26928064899920934
2690,0.1173922416124924,-0.6082737678027452,0.2708526010916427,1.3545709992784871
2691,-0.7369125355010955,0.3490563530487841,0.728752750761125,1.0839290578988712
2692,-0.5356107610127202,-0.4215911210289206,-0.45756492806557447,0.45243119467976695
2693,-0.7341535142381586,-0.5323209975022835,-0.47340009174290537,0.542645175139639
2694,-0.3386825726977746,-0.5122140758088042,1.0322600545766325,1.9860688624975915
2695,-0.7436753624253386,-0.5323209975022835,-0.45756492806557447,0.45243119467976695
2696,-0.7261889006495141,-0.5323209975022835,1.4030668040207954,1.9860688624975915
2697,0.8106898539967744,1.3608040607023235,-0.317687648915819,-0.5399225903788254
2698,-0.09252269561854233,0.2637141774619474,-0.4021418551949165,-1.442062394977546
2699,1.022534672854066,-0.6082737678027452,-0.7887837683164106,-1.442062394977546
2700,0.46562013958460263,1.3608040607023235,-0.7201647257146438,-0.17906666853933734
2701,1.223122684958575,-0.6236832999805464,1.0573323970657398,-0.7203505512985695
2702,-0.740980121134454,0.3490563530487841,-1.31530296058766,-1.442062394977546
2703,1.084225671664436,-0.6552132112833685,-0.24906860631405242,-0.8105645317584416
2704,-0.5917414361921481,-0.22127251675420845,-0.6990511741448694,-0.5399225903788254
2705,1.2800846496613816,-0.5579209215100496,-1.0856930872663633,1.1741430383587432
2706,-0.2784957779473797,-0.2909305816974626,0.002974415550129697,0.09157527284027878
2707,-0.09948761189243421,0.1485991260563155,-0.39422427335625143,-0.0888526880794653
2708,-0.730868487363015,-0.5323209975022835,-0.4997920312051234,1.3545709992784871
2709,-0.4880846490291582,-0.5115191112634179,0.24050187071009205,0.18178925330015083
2710,-0.6413737205112352,-0.15890174757447112,-1.2163331876043426,-0.7203505512985695
2711,0.3317545777936015,-0.18513231040992228,1.0164248908993014,2.0762828429574633
2712,-0.5601144529720974,-0.44196684938801617,-0.6871748013868713,-0.5399225903788254
2713,-0.6307833786349543,-0.48370263686745274,-0.6594632649515424,0.632859155599511
2714,-0.3200760199520878,-0.5879856513896028,-0.22135706987872325,0.542645175139639
2715,-0.7275877602612683,-0.4215911210289206,-0.7254431136070874,-1.2616344340578016
2716,-0.5535057012612391,-0.44196684938801617,-0.5024312251513451,-1.351848414517674
2717,0.16690843204986633,-0.18513231040992228,0.2906465556883062,1.4447849797383594
2718,-0.7299074880088335,-0.5323209975022835,-0.650226086139766,-0.0888526880794653
2719,-0.21460401178675514,-0.5323209975022835,-0.3203268428620409,-0.6301365708386975
2720,-0.323658447820509,0.1485991260563155,0.6706904839442459,1.9860688624975915
2721,-0.740069285803235,0.48242346860245094,1.0322600545766325,0.542645175139639
2722,-0.7468758270903454,-0.4215911210289206,-0.6093185799733282,0.27200323376002283
2723,0.034994250752106,-0.5842752994104199,-0.27809973972249197,0.45243119467976695
2724,-0.16489146503092805,-0.5323209975022835,0.16792403718899243,0.0013612923804067448
2725,-0.7299641016918913,-0.5323209975022835,1.4862014133267825,-1.0812064731380577
2726,0.9867913732354934,-0.6552132112833685,-0.25038820328716316,1.3545709992784871
2727,-0.7411040979340613,0.48242346860245094,2.58146690100883,1.9860688624975915
2728,8.770482680034487,0.3841766424983934,0.8712692238571027,-0.7203505512985695
2729,-0.726712039746123,0.3490563530487841,0.6377005596164733,1.1741430383587432
2730,-0.7513275258138166,-0.5268237160947709,-0.8837947503803953,0.09157527284027878
2731,-0.34962692925039085,-0.3113367612781184,0.8712692238571027,-0.7203505512985695
2732,-0.7418931063523713,-0.5323209975022835,0.5400503836062664,-0.44970860991895345
2733,-0.7299641016918913,0.3490563530487841,1.4862014133267825,-1.0812064731380577
2734,-0.20534301651898015,0.3490563530487841,3.233347805725615,0.45243119467976695
2735,0.33890510095245474,-0.6082737678027452,-0.6845356074406495,2.2567108038772075
2736,2.025272644026962,-0.6082737678027452,0.8831455966151006,-1.0812064731380577
2737,2.4574271023020158,-0.36254347574557094,-0.7821857834508561,0.542645175139639
2738,-0.37990808339724796,0.1485991260563155,-1.2070960087925662,-1.5322763754374178
2739,5.722203478004557,0.3841766424983934,-0.9181042716812791,-1.442062394977546
2740,-0.7405752258062567,0.3490563530487841,-1.4208707184365321,-1.5322763754374178
2741,-0.29479836878128934,-0.2909305816974626,1.4862014133267825,-1.0812064731380577
2742,-0.2378571863165675,-0.4708999282828016,-0.5552151040757812,0.542645175139639
2743,-0.7441777192838629,0.3490563530487841,3.233347805725615,0.45243119467976695
2744,-0.5209478171007845,-0.15890174757447112,-0.4021418551949165,-1.442062394977546
2745,-0.7117094137358413,0.3490563530487841,0.6377005596164733,1.1741430383587432
2746,-0.031877975001389836,6.128009589620586,-1.0144348507183747,-0.5399225903788254
2747,0.5044886578337384,-0.6236832999805464,0.6231849929122528,0.45243119467976695
2748,1.0577362010246438,-0.6082737678027452,0.10326378550655846,-0.5399225903788254
2749,0.31882372593167063,-0.6445427051934703,-0.03001550877764285,2.0762828429574633
2750,-0.07427875709598425,-0.17247164781760813,0.10326378550655846,-0.5399225903788254
2751,-0.726712039746123,-0.5323209975022835,0.6377005596164733,1.1741430383587432
2752,0.1221671399696219,0.1485991260563155,0.15472806745788342,-0.9909924926781858
2753,0.271679577151523,-0.18513231040992228,0.6377005596164733,1.1741430383587432
2754,-0.44468918602210744,-0.551137026234718,1.7316464503254096,0.8132871165192551
2755,2.348945252758934,0.8604907093976325,1.8530493718516123,-0.6301365708386975
2756,-0.6091010546527674,-0.5943366417497988,1.037538442469076,0.45243119467976695
2757,-0.7470542676863119,0.48242346860245094,1.9401427720769318,-0.7203505512985695
2758,0.8441012431764908,-0.36254347574557094,-0.957692180874606,0.542645175139639
2759,1.0311972829907885,-0.5842752994104199,1.2143644368659365,1.0839290578988712
2760,0.3998486558206838,-0.6445427051934703,-0.7914229622626325,1.1741430383587432
2761,0.28714227891526073,-0.6082737678027452,1.4136235798056829,1.0839290578988712
2762,-0.5872510395081059,-0.22127251675420845,0.23918227373698092,-0.9909924926781858
2763,-0.4334918594679803,-0.2909305816974626,-0.5842462374842209,0.27200323376002283
2764,-0.2580553718479642,0.1485991260563155,0.15472806745788342,-0.9909924926781858
2765,-0.721856162323354,0.3490563530487841,-1.4208707184365321,-1.5322763754374178
2766,-0.5690730308442985,-0.4215911210289206,-0.0590466421860824,-0.8105645317584416
2767,-0.22711348585580116,0.3490563530487841,0.18112000692010144,-0.7203505512985695
2768,-0.03596634287283271,0.1485991260563155,0.438441416676727,-0.17906666853933734
2769,0.9323268602473196,-0.6552132112833685,0.19959436454365387,-0.8105645317584416
2770,-0.1437516291256355,-0.5029846688035554,-0.317687648915819,-0.17906666853933734
2771,0.4453811062059365,1.3608040607023235,0.10326378550655846,-0.5399225903788254
2772,-0.615223931969789,0.9389371162997321,-0.5486171192102267,-0.26928064899920934
2773,-0.4804124200314951,-0.4434554364560922,-0.42853379465713476,-0.8105645317584416
2774,2.036866266362493,0.8604907093976325,-0.34803837929736986,1.3545709992784871
2775,1.0556128295955316,1.1815188316586127,0.9939917423564165,-0.7203505512985695
2776,-0.6398501674709745,-0.6024850303896584,-0.7148863378222001,-0.44970860991895345
2777,0.9386245950158104,3.76239899907999,-1.4952432038410624,0.09157527284027878
2778,-0.745604527422696,0.3490563530487841,-0.994640896121711,0.542645175139639
2779,-0.07496815409726879,0.1485991260563155,-0.42853379465713476,-0.8105645317584416
2780,-0.1858134457507835,-0.5029846688035554,-0.09335616348696589,2.0762828429574633
2781,-0.5908907976884842,-0.22127251675420845,-0.5222251797480086,0.542645175139639
2782,1.8008846695423495,-0.5579209215100496,-1.0804146993739194,0.09157527284027878
2783,-0.41622898590878876,-0.3113367612781184,-0.7373194863650855,0.27200323376002283
2784,2.4105545558747647,0.8604907093976325,-0.48263727055468175,0.542645175139639
2785,-0.7405752258062567,0.3490563530487841,-1.4208707184365321,-1.5322763754374178
2786,2.341308855206244,1.736012150723348,-1.1252809964596904,0.27200323376002283
2787,-0.03764898752877447,0.2637141774619474,-1.130559384352134,-1.2616344340578016
2788,-0.629272724914884,-0.5943366417497988,-0.6871748013868713,-0.5399225903788254
2789,-0.3752829604801064,-0.17414029514807344,1.7316464503254096,0.8132871165192551
2790,0.1221671399696219,0.2637141774619474,0.15472806745788342,-0.9909924926781858
2791,6.382265275289492,0.3841766424983934,-1.061940341750367,-0.17906666853933734
2792,-0.59694129548666,-0.48370263686745274,1.783110732276735,1.0839290578988712
2793,1.3826836925687622,0.9269825438951914,-0.48263727055468175,0.542645175139639
2794,-0.5106534429599823,-0.5323209975022835,0.5651227260953737,0.8132871165192551
2795,-0.6047905318224905,-0.6024713571940952,0.07159345815189667,-1.0812064731380577
2796,-0.594960533208541,-0.22127251675420845,0.8184853449326662,-1.351848414517674
2797,2.4161385282593892,1.736012150723348,1.959936726673596,-0.9909924926781858
2798,-0.5373543191251164,-0.5726303542305935,-0.2662233669644939,-0.8105645317584416
2799,-0.733805232593019,0.3490563530487841,-0.0590466421860824,-0.8105645317584416
2800,-0.7436753624253386,0.3490563530487841,-0.45756492806557447,0.45243119467976695
2801,-0.5704568412491638,-0.22127251675420845,0.2840485708227517,0.09157527284027878
2802,-0.3432582482208531,0.1485991260563155,0.4595549682465016,0.542645175139639
2803,1.6096056668418797,-0.12634732183959937,1.1747765276726094,0.09157527284027878
2804,-0.4390091853649547,-0.2909305816974626,-1.2440447240396713,-0.8105645317584416
2805,-0.2837651502451395,-0.5122140758088042,-1.102847847916805,-1.0812064731380577
2806,-0.15147402214626104,-0.4708999282828016,1.959936726673596,-0.9909924926781858
2807,-0.449054889277643,-0.5726303542305935,1.959936726673596,-0.9909924926781858
2808,0.2681430135326675,-0.0385231726680098,-0.4997920312051234,-0.6301365708386975
2809,-0.5215454856029377,0.3490563530487841,-0.25302739723338485,-0.5399225903788254
2810,-0.6367163492936179,-0.6024850303896584,2.2410108819462176,2.2567108038772075
2811,0.17948240271986407,0.1485991260563155,0.6825668567022438,1.0839290578988712
2812,0.1531090259617849,-0.6445427051934703,-0.03793309061630812,-1.5322763754374178
2813,-0.4945006275660606,-0.3113367612781184,0.34738922553207496,2.2567108038772075
2814,-0.4078250788047728,-0.3113367612781184,0.03332514593168055,0.8132871165192551
2815,-0.7316152146762566,-0.4215911210289206,-0.3084504701040428,-1.0812064731380577
2816,-0.7313744273660366,-0.4215911210289206,-0.5842462374842209,0.27200323376002283
2817,6.022849366938948,0.3841766424983934,-0.4179770188722476,1.3545709992784871
2818,2.5200131706078164,1.736012150723348,-0.27809973972249197,0.45243119467976695
2819,-0.09759929474234628,-0.21496939252986363,-0.957692180874606,0.27200323376002283
2820,0.41365307831106135,-0.5122140758088042,-0.6066793860271064,1.4447849797383594
2821,-0.4488255680298145,-0.5943366417497988,-0.7821857834508561,0.542645175139639
2822,-0.7285179445727726,0.3490563530487841,-0.6093185799733282,0.27200323376002283
2823,0.17531377241168125,-0.0385231726680098,-0.8943515261652825,0.542645175139639
2824,-0.029342541955085608,-0.5842752994104199,-0.09335616348696589,2.0762828429574633
2825,0.08098319374631748,-0.6082737678027452,0.8132069570402228,0.542645175139639
2826,1.0164225449705364,-0.6552132112833685,0.1415320977267744,0.632859155599511
2827,-0.552278115956457,0.3490563530487841,-1.2440447240396713,-0.8105645317584416
2828,0.021075167637814158,0.3490563530487841,-1.0764559084545868,0.542645175139639
2829,0.021479346337111946,-0.0385231726680098,-0.6343909224624353,-0.26928064899920934
2830,-0.5118287143551035,-0.4215911210289206,0.6377005596164733,1.1741430383587432
2831,0.11233570809787342,-0.5115191112634179,-0.5829266405111102,-0.0888526880794653
2832,-0.7452304471371758,0.3490563530487841,-0.7254431136070874,-1.2616344340578016
2833,1.055411456874782,-0.12634732183959937,-0.20156311528205972,1.4447849797383594
2834,0.006807802878382722,-0.5842752994104199,-0.6871748013868713,-0.5399225903788254
2835,1.0975205710072948,-0.6082737678027452,-0.9510941960090515,-1.5322763754374178
2836,1.064259673896466,-0.12634732183959937,-0.9378982262779424,0.632859155599511
2837,0.2698980377074552,-0.5842752994104199,0.814526554013334,-0.44970860991895345
2838,-0.7117094137358413,-0.5323209975022835,0.6377005596164733,1.1741430383587432
2839,5.213069459977967,0.3841766424983934,-0.2543469942064958,-1.5322763754374178
2840,-0.5343344449427746,-0.5323209975022835,-0.6093185799733282,0.27200323376002283
2841,-0.2868172727279572,-0.551137026234718,-0.11183052111051847,-0.26928064899920934
2842,-0.7441440377255881,0.3490563530487841,0.5651227260953737,0.8132871165192551
2843,-0.06302481685879949,-0.4215911210289206,0.728752750761125,1.0839290578988712
2844,1.4239600839200977,3.76239899907999,-1.5014321136449527,0.27200323376002283
2845,2.291820613295949,3.76239899907999,-1.48153259129044,1.9860688624975915
2846,-0.7462000460381507,-0.5323209975022835,1.4862014133267825,-1.0812064731380577
2847,0.7986576547747716,1.736012150723348,0.13361451588810894,-0.44970860991895345
2848,-0.3385722118472571,6.128009589620586,-0.5908442223497754,-0.26928064899920934
2849,-0.7396930556310163,-0.4215911210289206,0.18112000692010144,-0.7203505512985695
2850,-0.3884703654880454,-0.4434554364560922,-0.48263727055468175,0.542645175139639
2851,-0.4286861460681738,-0.3113367612781184,-0.7584330379348599,-0.7203505512985695
2852,-0.7130437767466435,-0.5268237160947709,-0.15141843030384572,-0.8105645317584416
2853,-0.30600716139780787,0.2637141774619474,-0.48263727055468175,0.542645175139639
2854,-0.4282482858106012,-0.44196684938801617,1.1747765276726094,0.09157527284027878
2855,-0.7376520965253425,0.3490563530487841,-0.994640896121711,0.542645175139639
2856,0.24076707294423805,-0.6082737678027452,0.7340311386535687,1.9860688624975915
2857,0.2516748814229816,0.9269825438951914,1.6076043348529852,1.9860688624975915
2858,-0.428831621734765,-0.515388247455416,-0.2741409488031593,0.18178925330015083
2859,2.025846663775433,1.736012150723348,-0.957692180874606,0.542645175139639
2860,-0.7032840077648415,-0.5019875007626324,0.4806685198162759,0.542645175139639
2861,-0.7484946917742348,0.48242346860245094,-0.26490376999138293,-0.8105645317584416
2862,-0.5535057012612391,-0.5726303542305935,-0.5024312251513451,-1.351848414517674
2863,-0.7103012379483943,-0.6024713571940952,-0.6752984286288732,1.1741430383587432
2864,0.045904209117548084,-0.6445427051934703,-0.9128258837888352,0.18178925330015083
2865,0.04382813519580047,0.2637141774619474,-1.5079641186618515,0.542645175139639
2866,-0.7253676439307283,-0.5323209975022835,1.3186125977416983,-0.9909924926781858
2867,-0.6334994021639233,-0.48370263686745274,-0.03001550877764285,2.0762828429574633
2868,-0.3848607057214446,-0.5625188569380566,-0.19232593647028334,1.9860688624975915
2869,-0.4431835487043333,-0.5625188569380566,-0.7821857834508561,0.542645175139639
2870,0.22876067236261588,0.2637141774619474,1.7976262989809548,-0.9909924926781858
2871,1.8628737859748965,1.1815188316586127,0.6377005596164733,1.1741430383587432
2872,-0.01497054937633246,-0.18513231040992228,-0.7254431136070874,-1.2616344340578016
2873,-0.5721065209757302,-0.5726303542305935,-0.22135706987872325,-1.5322763754374178
2874,0.8303290689865892,-0.36254347574557094,-0.6871748013868713,-0.5399225903788254
2875,-0.049995786837642046,-0.17247164781760813,1.2367975854088222,0.45243119467976695
2876,-0.7117094137358413,-0.4215911210289206,0.6377005596164733,1.1741430383587432
2877,0.32913028276376394,-0.6082737678027452,-0.2345530396098323,1.1741430383587432
2878,-0.3550116788009644,-0.3113367612781184,-1.18334326327657,0.542645175139639
2879,1.1611959152402813,-0.5842752994104199,1.1998488701617167,-0.9909924926781858
2880,-0.03596634287283271,0.2637141774619474,0.438441416676727,-0.17906666853933734
2881,0.14987344648070436,-0.18513231040992228,-0.6409889073279896,0.542645175139639
2882,0.08501136479020538,6.128009589620586,1.6076043348529852,1.9860688624975915
2883,-0.47034521725182293,-0.2909305816974626,-1.327179333345658,-0.26928064899920934
2884,-0.7173765150728036,-0.5323209975022835,-1.0566619538579234,0.542645175139639
2885,0.04950168619285806,-0.5115191112634179,1.65906861680431,-0.7203505512985695
2886,-0.7300787623158056,0.3490563530487841,-0.518266388828676,-0.7203505512985695
2887,-0.0402317180824432,0.1485991260563155,-0.34803837929736986,1.3545709992784871
2888,-0.7285043286236828,0.3490563530487841,-0.25302739723338485,-0.5399225903788254
2889,-0.5133436678485707,-0.17414029514807344,-0.7003707711179802,0.542645175139639
2890,0.200775597209642,-0.2566382072246268,-0.1817691606853962,-1.351848414517674
2891,-0.536944407394623,-0.44196684938801617,-0.317687648915819,-0.17906666853933734
2892,-0.5342857141776111,-0.4215911210289206,1.7448424200565187,-0.8105645317584416
2893,0.9168612919679842,1.3608040607023235,-0.6528652800859877,-0.44970860991895345
2894,0.32088331738873055,-0.6445427051934703,-0.3018524852384881,-0.9909924926781858
2895,-0.10747515760586152,-0.17247164781760813,-0.22135706987872325,0.542645175139639
2896,-0.32474199071649873,-0.5323209975022835,-0.8204540956710722,0.632859155599511
2897,5.641711720016747,0.3841766424983934,-0.08411898467518968,2.0762828429574633
2898,-0.360404311269432,-0.551137026234718,-0.7821857834508561,0.542645175139639
2899,-0.7117094137358413,-0.5323209975022835,0.6377005596164733,1.1741430383587432
2900,-0.7285179445727726,-0.4215911210289206,-0.6093185799733282,0.27200323376002283
2901,0.9720839983317909,0.8604907093976325,1.7158112866480788,0.09157527284027878
2902,-0.522497168781426,-0.4215911210289206,1.0164248908993014,2.0762828429574633
2903,-0.7173765150728036,-0.5323209975022835,-1.0566619538579234,0.542645175139639
2904,-0.3606866630558209,-0.5029846688035554,-0.17649077279295264,-1.5322763754374178
2905,0.09251160285199705,6.128009589620586,0.438441416676727,-0.17906666853933734
2906,2.025272644026962,-0.6082737678027452,0.8831455966151006,-1.0812064731380577
2907,1.6117268883842937,0.8604907093976325,-1.406355151732312,-1.5322763754374178
2908,-0.5087171116736301,-0.5625188569380566,2.0391125450602496,-1.0812064731380577
2909,-0.08567817299976037,-0.5906996712437486,-0.9260218535199443,2.2567108038772075
2910,-0.5325758376234896,-0.21496939252986363,1.959936726673596,-0.9909924926781858
2911,1.6622528089410125,0.8604907093976325,0.2985641375269715,0.8132871165192551
2912,-0.7434997883449698,-0.4215911210289206,-1.1477141450025756,-0.5399225903788254
2913,0.4311366735712878,1.3608040607023235,0.8000109873091135,1.4447849797383594
2914,-0.39956091433615243,-0.551137026234718,0.814526554013334,-0.44970860991895345
2915,-0.020058614562527725,0.2637141774619474,-1.4538606427643046,0.632859155599511
2916,0.24590315226669746,-0.0385231726680098,-0.7201647257146438,-0.17906666853933734
2917,0.02747896348342562,0.1485991260563155,2.7398185377821376,0.45243119467976695
2918,0.49946150610399753,-0.6236832999805464,0.7841758236317833,-0.9909924926781858
2919,-0.733805232593019,-0.4215911210289206,-0.0590466421860824,-0.8105645317584416
2920,-0.7300787623158056,-0.4215911210289206,-0.518266388828676,-0.7203505512985695
2921,-0.08574553611631,0.1485991260563155,-1.2163331876043426,-0.7203505512985695
2922,0.514897692598455,-0.36254347574557094,-0.20156311528205972,1.4447849797383594
2923,-0.5639749328535107,-0.5726303542305935,-0.5987618041884408,0.18178925330015083
2924,-0.5215454856029377,0.3490563530487841,-0.25302739723338485,-0.5399225903788254
2925,-0.4460328652086027,0.016315835157083593,-0.8547636169719556,-1.442062394977546
2926,0.0331904958121548,-0.6082737678027452,-0.6845356074406495,2.2567108038772075
2927,-0.72519135322146,-0.4215911210289206,-0.45756492806557447,0.45243119467976695
2928,-0.5508011437946615,-0.5029846688035554,-0.7003707711179802,0.542645175139639
2929,-0.7307466604501061,-0.4215911210289206,-0.518266388828676,-0.7203505512985695
2930,0.1699584046459857,6.128009589620586,0.6706904839442459,1.9860688624975915
2931,-0.36055910311171624,0.2637141774619474,0.2985641375269715,0.8132871165192551
2932,-0.6428227441459518,-0.6024850303896584,-1.2070960087925662,-1.5322763754374178
2933,-0.4461697413284003,0.016315835157083593,-0.19232593647028334,1.9860688624975915
2934,-0.7299074880088335,-0.5323209975022835,-0.650226086139766,-0.0888526880794653
2935,-0.488567656907397,-0.4434554364560922,-0.4021418551949165,-1.442062394977546
2936,-0.28218999992411725,6.128009589620586,-1.3232205424263255,1.4447849797383594
2937,-0.4176944920081929,-0.5625188569380566,0.24050187071009205,-0.0888526880794653
2938,-0.07496815409726879,0.2637141774619474,-0.42853379465713476,-0.8105645317584416
2939,0.1341319760750752,-0.36254347574557094,-0.46284331595801825,0.09157527284027878
2940,-0.014319850335619031,0.1485991260563155,2.6263331980946,-0.44970860991895345
2941,0.8782235282244758,-0.5906996712437486,0.4120494772145093,0.45243119467976695
2942,1.2170299060553311,-0.12634732183959937,-0.8547636169719556,-1.442062394977546
2943,-0.41998627122867926,-0.5879856513896028,-0.8943515261652825,0.542645175139639
2944,-0.005605642918135118,-0.0385231726680098,-0.5657718798606685,-0.44970860991895345
2945,0.4671444092537629,-0.5122140758088042,0.2484194525487573,-1.351848414517674
2946,-0.7312010031723662,0.3490563530487841,-1.0764559084545868,0.542645175139639
2947,-0.42710311282925756,-0.551137026234718,1.959936726673596,-0.9909924926781858
2948,-0.422498055521301,-0.17414029514807344,-0.9378982262779424,0.632859155599511
2949,0.40606541152353504,-0.0385231726680098,-0.836289259348403,0.542645175139639
2950,-0.742707913411062,0.48242346860245094,-1.211054799711899,2.0762828429574633
2951,-0.7316152146762566,0.3490563530487841,-0.3084504701040428,-1.0812064731380577
2952,1.0363648939848245,0.9269825438951914,0.6706904839442459,1.9860688624975915
2953,1.0785241721402996,-0.12634732183959937,-0.46284331595801825,0.09157527284027878
2954,-0.5970824713798544,-0.5726303542305935,-0.20156311528205972,1.4447849797383594
2955,-0.18822346873968138,-0.6082737678027452,0.7564642871964542,0.632859155599511
2956,-0.740980121134454,0.3490563530487841,-1.31530296058766,-1.442062394977546
2957,-0.5479231621344136,0.9389371162997321,-0.03001550877764285,2.0762828429574633
2958,5.919477081449045,0.3841766424983934,-0.7584330379348599,-0.7203505512985695
2959,-0.013237024068528648,2.131862646173851,0.03332514593168055,0.8132871165192551
2960,0.3291309993926633,-0.17247164781760813,-0.836289259348403,0.542645175139639
2961,-0.47708726193798157,0.016315835157083593,-0.5552151040757812,0.542645175139639
2962,-0.47907734039179345,-0.2909305816974626,0.9939917423564165,-0.7203505512985695
2963,-0.7436753624253386,-0.4215911210289206,-0.45756492806557447,0.45243119467976695
2964,0.07271544613319972,-0.6445427051934703,-0.7478762621499727,0.542645175139639
2965,-0.7418931063523713,-0.5323209975022835,0.5400503836062664,-0.44970860991895345
2966,-0.4318944936510748,-0.4215911210289206,-0.4087398400604712,0.18178925330015083
2967,-0.6217051237365426,-0.6024850303896584,-1.2163331876043426,-0.7203505512985695
2968,-0.2810906911923393,-0.36433144011737867,-0.11183052111051847,-0.26928064899920934
2969,1.1615879112482883,-0.6082737678027452,0.5769990988533716,-1.351848414517674
2970,-0.5788528654352856,-0.44196684938801617,1.7316464503254096,0.8132871165192551
2971,-0.09252269561854233,0.2637141774619474,-0.4021418551949165,-1.442062394977546
2972,-0.4477893226411893,-0.4434554364560922,-0.9708881506057149,0.45243119467976695
2973,-0.5856343247109148,-0.22127251675420845,2.58146690100883,1.9860688624975915
2974,0.17715264216770613,-0.6082737678027452,-0.6343909224624353,-0.26928064899920934
2975,-0.7372565173728383,-0.5019875007626324,2.2410108819462176,2.2567108038772075
2976,0.6263091210825463,-0.2566382072246268,-0.7584330379348599,-0.7203505512985695
2977,0.5463605678005284,1.3608040607023235,-0.5538955071026702,-1.5322763754374178
2978,-0.44535493426970957,-0.44196684938801617,1.2143644368659365,1.0839290578988712
2979,0.26040198816065596,-0.17414029514807344,1.2143644368659365,1.0839290578988712
2980,-0.3969588348021981,-0.551137026234718,-0.6489064891666553,-0.7203505512985695
2981,-0.745604527422696,-0.4215911210289206,-0.994640896121711,0.542645175139639
2982,0.054854187442955706,-0.6082737678027452,-0.651545683112877,0.8132871165192551
2983,-0.49262019333386675,0.016315835157083593,-1.1252809964596904,0.27200323376002283
2984,-0.14176083404292417,0.2637141774619474,1.6076043348529852,1.9860688624975915
2985,0.017115076339375392,0.2637141774619474,-0.4153378249260257,0.0013612923804067448
2986,0.04997967766880064,6.128009589620586,1.3067362249836996,-1.0812064731380577
2987,-0.5628569917703466,-0.5323209975022835,-1.4208707184365321,-1.5322763754374178
2988,-0.13233501412827237,0.1485991260563155,-1.2163331876043426,-0.7203505512985695
2989,-0.7441777192838629,-0.5323209975022835,3.233347805725615,0.45243119467976695
2990,-0.3604172105896224,-0.36433144011737867,-0.9378982262779424,0.632859155599511
2991,-0.7391168859958471,-0.5323209975022835,-0.25302739723338485,-0.5399225903788254
2992,-0.7313744273660366,-0.5323209975022835,-0.5842462374842209,0.27200323376002283
2993,0.8520450745270508,1.736012150723348,0.7696602569275632,2.2567108038772075
2994,-0.03596634287283271,0.2637141774619474,0.438441416676727,-0.17906666853933734
2995,-0.06732674014228268,0.1485991260563155,-1.4710154034147462,-0.8105645317584416
2996,0.14742687541793376,-0.6082737678027452,-0.6528652800859877,-0.44970860991895345
2997,-0.7299074880088335,-0.4215911210289206,-0.650226086139766,-0.0888526880794653
2998,-0.464620068974004,-0.5625188569380566,1.959936726673596,-0.9909924926781858
2999,0.01580364545335597,0.1485991260563155,-1.3232205424263255,1.4447849797383594
3000,-0.721856162323354,-0.5323209975022835,-1.4208707184365321,-1.5322763754374178
3001,0.35988512861316674,-0.6445427051934703,-0.9484550020628297,0.8132871165192551
3002,1.022534672854066,-0.0385231726680098,-0.7887837683164106,-1.442062394977546
3003,0.29967970151138573,-0.6445427051934703,0.18639839481254483,0.45243119467976695
3004,-0.747165345165729,-0.6024713571940952,-0.33220321562003896,-0.26928064899920934
3005,0.01327681195384543,-0.6082737678027452,-0.22135706987872325,0.542645175139639
3006,-0.7275877602612683,0.3490563530487841,-0.7254431136070874,-1.2616344340578016
3007,1.5844355100060008,-0.0385231726680098,1.4281391465099027,1.9860688624975915
3008,2.0833045356766684,1.736012150723348,-0.17649077279295264,-1.5322763754374178
3009,-0.4277394792919817,0.016315835157083593,-0.7148863378222001,-0.5399225903788254
3010,-0.4815052791031779,0.3490563530487841,-0.650226086139766,-0.0888526880794653
3011,-0.48591827986607816,-0.5625188569380566,2.2990731487630973,-0.7203505512985695
3012,-0.5196815338354314,-0.5323209975022835,-0.7399586803113073,-1.351848414517674
3013,-0.40555551508016996,-0.515388247455416,-0.22135706987872325,0.542645175139639
3014,-0.6729125583766519,-0.6024713571940952,-0.6159165648388827,-0.44970860991895345
3015,-0.7374356745977043,-0.5323209975022835,-0.6027205951077735,-0.9909924926781858
3016,-0.18850223738157296,0.3490563530487841,-0.6409889073279896,0.542645175139639
3017,-0.2746711295109396,-0.17414029514807344,-0.09335616348696589,2.0762828429574633
3018,-0.015601182807860901,0.2637141774619474,-1.406355151732312,-1.5322763754374178
3019,-0.7344150837864629,0.3490563530487841,0.19563557362432124,-0.17906666853933734
3020,-0.4780274790540785,-0.3113367612781184,-1.061940341750367,-0.17906666853933734
3021,0.03018638746560119,-0.6445427051934703,-0.477358882662238,1.4447849797383594
3022,-0.07678480835741044,6.128009589620586,0.7920934054704486,-0.5399225903788254
3023,-0.7311623052117953,0.3490563530487841,-0.6027205951077735,-0.9909924926781858
3024,-0.5506707173349591,-0.4215911210289206,-0.47340009174290537,0.542645175139639
3025,1.1981288188319643,-0.0385231726680098,-0.2345530396098323,1.1741430383587432
3026,-0.28339035333071977,-0.17414029514807344,-0.7148863378222001,-0.5399225903788254
3027,-0.20534301651898015,0.3490563530487841,3.233347805725615,0.45243119467976695
3028,-0.1407890852552508,-0.5842752994104199,-0.5987618041884408,0.18178925330015083
3029,0.3125525064324601,-0.0385231726680098,0.12173814313011087,0.09157527284027878
3030,-0.5375843570018445,-0.5943366417497988,1.1998488701617167,-0.9909924926781858
3031,-0.733655457153031,-0.4215911210289206,0.5400503836062664,-0.44970860991895345
3032,-0.5342857141776111,0.3490563530487841,1.7448424200565187,-0.8105645317584416
3033,-0.3080681861126667,0.3490563530487841,0.9939917423564165,-0.7203505512985695
3034,-0.3334060341110202,-0.5879856513896028,-0.7478762621499727,0.27200323376002283
3035,-0.24473252397802636,-0.4708999282828016,-1.0302700143957053,1.3545709992784871
3036,-0.15374358587086395,0.1485991260563155,0.6522161263206931,1.1741430383587432
3037,-0.736862371478133,0.3490563530487841,0.002974415550129697,0.09157527284027878
3038,-0.5642343525151168,-0.5726303542305935,0.814526554013334,-0.44970860991895345
3039,0.34325503837220195,-0.6445427051934703,-0.5644522828875573,-0.8105645317584416
3040,1.7585433676464106,1.736012150723348,-0.20156311528205972,1.4447849797383594
3041,-0.5209571332764775,0.3490563530487841,0.19563557362432124,-0.17906666853933734
3042,-0.7479744191932238,-0.5268237160947709,-0.33220321562003896,-0.26928064899920934
3043,0.011211487465589743,2.131862646173851,1.224921212650824,0.542645175139639
3044,-0.11973094504449722,-0.4215911210289206,-0.6027205951077735,-0.9909924926781858
3045,1.498328964590888,-0.6082737678027452,1.2367975854088222,0.45243119467976695
3046,-0.5209571332764775,-0.4215911210289206,0.19563557362432124,-0.17906666853933734
3047,-0.056292804977233414,0.1485991260563155,-0.3572755581091461,-0.7203505512985695
3048,0.14742687541793376,-0.0385231726680098,-0.6528652800859877,-0.44970860991895345
3049,-0.6394130238423014,-0.48370263686745274,-0.5116684039631215,-0.44970860991895345
3050,-0.2729340210586385,-0.4708999282828016,-0.7148863378222001,-0.5399225903788254
3051,-0.7373862272036412,0.3490563530487841,-0.3084504701040428,-1.0812064731380577
3052,0.021479346337111946,-0.6082737678027452,-0.6343909224624353,-0.26928064899920934
3053,-0.7436753624253386,-0.5323209975022835,-0.45756492806557447,0.45243119467976695
3054,0.8928148092464652,1.736012150723348,-0.7003707711179802,0.542645175139639
3055,-0.7468758270903454,-0.5323209975022835,-0.6093185799733282,0.27200323376002283
3056,-0.3694496012384684,-0.36433144011737867,-0.46284331595801825,0.09157527284027878
3057,-0.7396930556310163,0.3490563530487841,0.18112000692010144,-0.7203505512985695
3058,-0.7313744273660366,0.3490563530487841,-0.5842462374842209,0.27200323376002283
3059,-0.7117094137358413,0.3490563530487841,0.6377005596164733,1.1741430383587432
3060,-0.7471818276304165,0.3490563530487841,0.728752750761125,1.0839290578988712
3061,1.4520483536345947,1.1815188316586127,-1.1477141450025756,-0.5399225903788254
3062,-0.02359947795478014,2.131862646173851,-0.0656446270516371,0.632859155599511
3063,-0.3638133149441829,-0.551137026234718,-0.8547636169719556,-1.442062394977546
3064,-0.7384669035840332,0.3490563530487841,0.33551285277407705,1.9860688624975915
3065,0.3788607452420776,-0.2566382072246268,-1.061940341750367,-0.17906666853933734
3066,-0.5960139776907533,-0.5943366417497988,-0.46284331595801825,0.09157527284027878
3067,0.06409010069924943,-0.18513231040992228,-1.1477141450025756,-0.5399225903788254
3068,0.01327681195384543,-0.6082737678027452,-0.22135706987872325,0.542645175139639
3069,-0.7307129788918313,0.3490563530487841,1.3186125977416983,-0.9909924926781858
3070,0.0331904958121548,-0.0385231726680098,-0.6845356074406495,2.2567108038772075
3071,-0.14554965103439105,-0.5029846688035554,-0.2662233669644939,-0.8105645317584416
3072,-0.41317113039477527,-0.15890174757447112,-1.2070960087925662,-1.5322763754374178
3073,-0.7418931063523713,-0.4215911210289206,0.5400503836062664,-0.44970860991895345
3074,0.12520779639004823,-0.43985253947377473,-1.18334326327657,0.542645175139639
3075,-0.7441676864792703,-0.4215911210289206,-0.650226086139766,-0.0888526880794653
3076,-0.18822346873968138,-0.6082737678027452,0.7564642871964542,0.632859155599511
3077,-0.7449968261159504,0.3490563530487841,-0.47340009174290537,0.542645175139639
3078,-0.7384669035840332,0.3490563530487841,0.33551285277407705,1.9860688624975915
3079,-0.7435965332463975,-0.4215911210289206,-0.7399586803113073,-1.351848414517674
3080,-0.4282482858106012,-0.5726303542305935,1.1747765276726094,0.09157527284027878
3081,-0.7312010031723662,0.3490563530487841,-1.0764559084545868,0.542645175139639
3082,-0.5447606788010783,-0.4215911210289206,-1.0566619538579234,0.542645175139639
3083,-0.7452598289220538,-0.5323209975022835,-0.0590466421860824,-0.8105645317584416
3084,1.44372255908062,1.1815188316586127,-0.6093185799733282,0.27200323376002283
3085,-0.057030932743681456,0.2637141774619474,0.4595549682465016,0.542645175139639
3086,-0.736862371478133,-0.4215911210289206,0.002974415550129697,0.09157527284027878
3087,-0.229084931958227,0.016315835157083593,1.1998488701617167,-0.9909924926781858
3088,-0.28869269055785485,-0.551137026234718,-0.14218125149206934,-0.7203505512985695
3089,-0.22711348585580116,0.3490563530487841,0.18112000692010144,-0.7203505512985695
3090,0.40111708897273535,-0.6445427051934703,-1.038187596234371,0.27200323376002283
3091,-0.33267793914916466,0.2637141774619474,0.4806685198162759,0.542645175139639
3092,-0.3990556909620302,0.2637141774619474,2.6263331980946,-0.44970860991895345
3093,1.744624284532119,0.8604907093976325,-1.504005327742519,-1.351848414517674
3094,-0.7297354970729623,0.3490563530487841,0.18112000692010144,-0.7203505512985695
3095,-0.7376520965253425,-0.5323209975022835,-0.994640896121711,0.542645175139639
3096,-0.745604527422696,-0.4215911210289206,-0.994640896121711,0.542645175139639
3097,2.0800453074419054,-0.5579209215100496,2.0905768270115748,1.0839290578988712
3098,-0.269497785485708,-0.5323209975022835,-1.327179333345658,-0.26928064899920934
3099,-0.7374356745977043,-0.4215911210289206,-0.6027205951077735,-0.9909924926781858
3100,-0.74676259972423,0.48242346860245094,1.2790246885483707,-0.8105645317584416
3101,-0.7373862272036412,-0.4215911210289206,-0.3084504701040428,-1.0812064731380577
3102,-0.008601868346794692,-0.43985253947377473,0.772299450873785,-0.5399225903788254
3103,-0.7434997883449698,-0.5323209975022835,-1.1477141450025756,-0.5399225903788254
3104,-0.6960546554270473,-0.5019875007626324,0.6522161263206931,1.1741430383587432
3105,0.35419581178032095,-0.6236832999805464,0.491225295601163,-0.44970860991895345
3106,0.02298713354158447,-0.6082737678027452,-0.3929046763831405,-1.0812064731380577
3107,1.0287148804830446,-0.6445427051934703,0.628463380804697,-0.9909924926781858
3108,0.9965045613388303,-0.36254347574557094,-0.5024312251513451,-1.351848414517674
3109,1.1678720300676892,-0.6082737678027452,-0.317687648915819,-0.5399225903788254
3110,0.7430966995704179,-0.5906996712437486,0.7841758236317833,-0.9909924926781858
3111,-0.057030932743681456,0.1485991260563155,0.4595549682465016,0.542645175139639
3112,2.8448366853523273,0.8604907093976325,0.6706904839442459,1.9860688624975915
3113,-0.733805232593019,-0.4215911210289206,-0.0590466421860824,-0.8105645317584416
3114,0.00316661144020537,0.2637141774619474,-0.4153378249260257,0.18178925330015083
3115,-0.5586338976658045,-0.5726303542305935,-0.5552151040757812,0.542645175139639
3116,-0.5628569917703466,0.3490563530487841,-1.4208707184365321,-1.5322763754374178
3117,0.3141663547140533,-0.0385231726680098,0.732711541680458,-0.9909924926781858
3118,-0.3613330623231375,-0.17414029514807344,-0.131624475707182,0.542645175139639
3119,-0.7374356745977043,-0.5323209975022835,-0.6027205951077735,-0.9909924926781858
3120,-0.7405752258062567,-0.4215911210289206,-1.4208707184365321,-1.5322763754374178
3121,-0.3359450503018216,-0.21496939252986363,2.0391125450602496,-1.0812064731380577
3122,0.047068014450277786,-0.5115191112634179,0.491225295601163,-0.44970860991895345
3123,0.6372355619126762,-0.36254347574557094,-0.9378982262779424,0.632859155599511
3124,0.08372573254456674,-0.17247164781760813,0.468792147058278,0.0013612923804067448
3125,0.17948240271986407,0.1485991260563155,0.6825668567022438,1.0839290578988712
3126,-0.24421081813921647,-0.5842752994104199,-0.20156311528205972,1.4447849797383594
3127,-0.370735233484107,0.2637141774619474,-1.0144348507183747,-0.5399225903788254
3128,-0.7253676439307283,-0.4215911210289206,1.3186125977416983,-0.9909924926781858
3129,-0.7436753624253386,-0.4215911210289206,-0.45756492806557447,0.45243119467976695
3130,-0.20813356945349348,-0.4708999282828016,-0.957692180874606,0.27200323376002283
3131,-0.7452598289220538,-0.5323209975022835,-0.0590466421860824,-0.8105645317584416
3132,0.30308082226824246,-0.5029846688035554,-0.6489064891666553,-0.7203505512985695
3133,-0.7455765788956169,-0.5323209975022835,-1.31530296058766,-1.442062394977546
3134,1.6734766507644199,3.76239899907999,-1.4928283413802694,-1.2616344340578016
3135,-0.6354866141021375,-0.48370263686745274,-0.3018524852384881,-0.9909924926781858
3136,0.16460160362249127,-0.36254347574557094,-0.6000814011615518,0.0013612923804067448
3137,0.03604769523431834,6.128009589620586,0.6522161263206931,1.1741430383587432
3138,0.17441726965845153,-0.6445427051934703,2.0787004542535765,-0.7203505512985695
3139,0.24812111871053902,-0.17414029514807344,2.0391125450602496,-1.0812064731380577
3140,-0.7372629670329334,0.3490563530487841,-0.3203268428620409,-0.6301365708386975
3141,1.1443952673212439,-0.5579209215100496,-1.369406436485207,0.45243119467976695
3142,-0.038895921813842015,0.2637141774619474,0.4806685198162759,0.542645175139639
3143,-0.013158194889587575,-0.5029846688035554,-0.27678014274938123,-1.2616344340578016
3144,-0.5209571332764775,-0.4215911210289206,0.19563557362432124,-0.17906666853933734
3145,-0.3170511293674496,-0.36433144011737867,-0.2662233669644939,-0.8105645317584416
3146,0.11978721539450157,0.9269825438951914,0.438441416676727,-0.17906666853933734
3147,0.33890510095245474,-0.0385231726680098,-0.6845356074406495,2.2567108038772075
3148,0.6734425204292022,-0.36254347574557094,-0.17649077279295264,-1.5322763754374178
3149,-0.536944407394623,-0.5726303542305935,-0.317687648915819,-0.17906666853933734
3150,0.6292258007033655,-0.2566382072246268,-0.0656446270516371,0.632859155599511
3151,-0.461102854335434,-0.2909305816974626,-1.31530296058766,-1.442062394977546
3152,-0.5586396306970003,0.3490563530487841,-0.994640896121711,0.542645175139639
3153,-0.027675663134932058,0.2637141774619474,1.7158112866480788,0.09157527284027878
3154,-0.06762055799106298,-0.4708999282828016,1.4901602042461148,-0.6301365708386975
3155,-0.730868487363015,-0.4215911210289206,-0.4997920312051234,1.3545709992784871
3156,0.03729677940608427,-0.5115191112634179,-0.11446971505674035,0.8132871165192551
3157,-0.5521863874573256,-0.5943366417497988,-0.17649077279295264,-1.5322763754374178
3158,-0.37027372447285206,0.016315835157083593,0.814526554013334,-0.44970860991895345
3159,0.27756453367392253,-0.0385231726680098,-0.2741409488031593,0.18178925330015083
3160,0.07283440653051076,-0.18513231040992228,0.002974415550129697,0.09157527284027878
3161,-0.15841743955316906,0.1485991260563155,2.677797480045925,-0.8105645317584416
3162,-0.4784832550341377,-0.5323209975022835,-1.4960877459038535,-1.5322763754374178
3163,1.1537114430142779,-0.5579209215100496,1.3793140585047992,0.09157527284027878
3164,-0.32474199071649873,-0.5323209975022835,-0.8204540956710722,0.632859155599511
3165,0.672583999007644,-0.5122140758088042,-0.7346802924188636,-0.17906666853933734
3166,1.2413967218949107,-0.6082737678027452,-0.6528652800859877,-0.44970860991895345
3167,1.2167934185185079,-0.0385231726680098,0.7340311386535687,1.9860688624975915
3168,-0.7335200142910322,-0.4215911210289206,0.5651227260953737,0.8132871165192551
3169,1.0988972151231653,-0.36254347574557094,0.24050187071009205,-0.0888526880794653
3170,-0.72519135322146,-0.4215911210289206,-0.45756492806557447,0.45243119467976695
3171,0.3125525064324601,-0.0385231726680098,0.12173814313011087,0.09157527284027878
3172,-0.35430006630379646,2.131862646173851,0.49386448954738493,0.0013612923804067448
3173,-0.721856162323354,-0.4215911210289206,-1.4208707184365321,-1.5322763754374178
3174,-0.6551946254663007,-0.5019875007626324,0.6706904839442459,1.9860688624975915
3175,-0.5586396306970003,-0.4215911210289206,-0.994640896121711,0.542645175139639
3176,-0.05696285299823246,0.2637141774619474,-0.7148863378222001,-0.44970860991895345
3177,-0.5988396454413404,-0.48370263686745274,-0.5644522828875573,-0.8105645317584416
3178,-0.676207618056388,-0.6024713571940952,1.224921212650824,0.542645175139639
3179,-0.5586396306970003,0.3490563530487841,-0.994640896121711,0.542645175139639
3180,6.557671664495731,0.3841766424983934,-1.3522516758347651,1.4447849797383594
