,Visitors Scaled,Area Scaled,cei_pct_area,RONI
2719,0.017884438843016305,0.0011616023694404878,0.11,0.6
1009,0.005313895151574331,0.0018295140743831563,0.3452,2.5
402,0.03265419243785422,0.0006760239928569517,0.198,1.6
2133,0.014072801706660936,0.010307656158430495,0.19940000000000002,2.2
1853,0.0857225412753421,0.0014529436724361727,0.1376,0.0
452,0.14417865490463558,2.7727714246704177e-05,0.2332,0.6
1790,0.023177098741747743,0.06680464805196569,0.33020000000000005,2.2
1290,0.0026199220067277635,0.0010309902418046972,0.198,1.6
2480,0.0028903538591714332,4.62128570778403e-06,0.4374,1.2
1858,0.1165265442475515,0.0014529436724361727,0.2116,-0.3
1357,0.0032174130525294818,0.011729195118394264,0.109,-1.6
487,0.02985349853513055,1.4307386092210617e-06,0.10619999999999999,0.6
2743,0.019783451240411015,0.004579236300059023,0.198,1.6
438,0.020217412689533705,0.0006760239928569517,0.13019999999999998,-0.8
1813,0.060861686630829304,0.0010950014871812476,0.36219999999999997,0.5
1773,0.02453488443848002,0.06680464805196569,0.0006,-1.5
1894,0.06606777203720125,0.0014529436724361727,0.132,-1.2
2096,0.04986781508850018,0.4731293196412984,0.0834,0.3
2038,0.02088042447273956,0.006515626548550992,0.3642,0.1
1373,0.0039005711012529524,0.011729195118394264,0.4428,1.2
1692,0.02113434001741654,0.0018220599262291145,0.41600000000000004,0.5
330,0.1497938365495364,0.11995312499709382,0.2086,0.6
2552,0.035999924496878784,0.004489242841539018,0.1882,-0.9
993,0.02502928468415556,0.16345795157233095,0.1202,-0.6
924,0.014498232755068964,0.003614603714949998,0.12119999999999999,0.0
1840,0.01768896561812917,0.0010950014871812476,0.1184,0.1
1535,0.007845972180729788,0.0010157814903886773,0.1334,0.6
2689,0.02057169656602367,0.0011616023694404878,0.2018,-1.7
663,0.057846462225026166,0.02938220606702132,0.1882,-0.9
2725,0.015694666829772767,0.0011616023694404878,0.5256000000000001,-1.1
2489,0.5613159758433571,8.35265200063256e-05,0.053,1.6
2805,0.04830729625137893,0.05065076501808047,0.491,0.9
1757,0.012475620296255372,0.06680464805196569,0.5682,2.5
2317,0.004952895853245164,0.0004441728012326786,0.201,-1.5
1136,0.03413775617065593,0.000436861726939559,0.4192,-0.7
581,0.0031246676319934314,0.00016676689229080697,0.33020000000000005,2.2
2050,0.017657203487808606,0.006515626548550992,0.14,0.3
1421,0.01078605646108885,0.0003433772662130548,0.1162,0.6
303,0.051548122531401855,0.11995312499709382,0.12240000000000001,0.6
132,0.007994981946405126,0.000455547173175986,0.1444,0.6
1693,0.024915122512889073,0.0018220599262291145,0.445,2.2
526,0.7915184585166614,1.4307386092210617e-06,0.3968,0.6
728,0.03957307340899859,1.0,0.2582,-0.2
144,0.009575102555381357,0.000455547173175986,0.45439999999999997,-0.7
1417,0.01746626771011012,0.0009359748907663265,0.1716,-1.2
2215,0.019091762790972876,0.00042504382602739303,0.19039999999999999,0.7
979,0.019784721725623837,0.16345795157233095,0.1524,-1.5
204,0.00036916670326874064,4.86451127135161e-07,0.36060000000000003,-0.8
41,0.0024540329375106404,0.004375012670978808,0.36939999999999995,-0.9
2700,0.02060454768366951,0.0011616023694404878,0.195,-1.7
1985,0.013337190768436646,0.010925821081930546,0.5376,-1.2
2028,0.011106763228382785,0.0005150658993195822,0.4104,-1.1
2102,0.04688199334047951,0.4731293196412984,0.195,-1.7
2592,0.020735589158477785,0.00035768465230526545,0.1378,0.2
4,0.010227042967446903,5.007585132273716e-07,0.18,0.5
1916,0.1561567894911271,0.0007919853571343187,0.4722,2.2
2722,0.021169732105488025,0.0011616023694404878,0.132,-1.2
2077,0.0062075907498512625,0.006515626548550992,0.45380000000000004,-1.2
2684,0.015185565255205995,0.0011616023694404878,0.2488,-0.5
745,0.032124763099882284,0.07645529473365578,0.21960000000000002,-0.9
768,0.051768097971107714,1.0,0.18,-0.7
896,0.0745488053264548,0.3008584617651346,0.1524,-1.5
390,0.01935184926382642,0.0011343467989348268,0.5376,-1.2
2696,0.02094685269958143,0.0011616023694404878,0.1882,-0.9
1230,0.06793284432962485,0.008045186273510953,0.43560000000000004,0.6
251,0.004393882359603217,0.000341960834989926,0.5506,1.2
1062,0.029355468331704087,0.008982305755164656,0.2018,-1.7
357,0.008688122378943631,0.0011343467989348268,0.0864,0.7
1302,0.0029079591542634036,0.0010309902418046972,0.1524,-1.5
2230,0.014935461166167487,0.00042504382602739303,0.051399999999999994,0.9
1632,0.0067872950026734635,0.001123029656535888,0.1244,-0.6
2679,0.009431356228444857,0.03240622949885705,0.501,-1.1
1942,0.14383598689294855,0.0007919853571343187,0.332,1.2
232,0.0029687609465913426,0.000341960834989926,0.0492,0.6
610,0.012766924405766841,0.01720424547645878,0.2018,-1.7
2453,0.00290396620073739,4.62128570778403e-06,0.11720000000000001,-0.2
2114,0.029356012825366727,0.4731293196412984,0.5770000000000001,-0.8
1158,0.07039867462982598,0.00042937896401333287,0.0286,0.5
1293,0.003091090522797405,0.0010309902418046972,0.1378,0.2
2386,0.00674990643783897,0.0015329219606916302,0.132,-1.2
1100,0.04491510073314257,0.000436861726939559,0.3034,0.0
1187,0.12684796611652238,0.00042937896401333287,0.1716,-1.2
914,0.05732774126241945,0.3008584617651346,0.45439999999999997,-0.7
653,0.0656252801873639,0.02938220606702132,0.2116,-0.3
2014,0.011842011170831983,0.0005150658993195822,0.057999999999999996,0.3
2618,0.016563678715343432,0.00035768465230526545,0.3322,2.2
2196,0.009913233119879718,5.7229544368842474e-05,0.3858,0.5
2246,0.0140675382679221,0.00042504382602739303,0.385,0.6
1138,0.03853744646266062,0.000436861726939559,0.43560000000000004,0.6
2778,0.0325599950342178,0.004579236300059023,0.132,-1.2
983,0.027429231251177466,0.16345795157233095,0.491,0.9
1086,0.010532685410074513,0.008982305755164656,0.1202,-0.6
636,0.010338119674625107,0.01720424547645878,0.3858,0.5
996,0.028575027415255912,0.16345795157233095,0.3322,2.2
522,0.8343510524881,1.4307386092210617e-06,0.18,0.5
991,0.019121891440305527,0.16345795157233095,0.1866,-1.4
2112,0.0380423202254349,0.4731293196412984,0.0724,1.5
2557,0.028953087515014412,0.004489242841539018,0.1244,-0.6
2499,0.8600074123737274,8.35265200063256e-05,0.059000000000000004,-0.2
2698,0.022766550520118497,0.0011616023694404878,0.19940000000000002,2.2
2079,0.005815373814864169,0.006515626548550992,0.15,-0.8
2736,0.013773330192209892,0.004579236300059023,0.12240000000000001,0.6
1989,0.012777451283244515,0.010925821081930546,0.5256000000000001,-1.1
1449,0.007333785142074731,0.0003433772662130548,0.2932,-1.6
1043,0.010710734837757223,0.0018295140743831563,0.45439999999999997,-0.7
961,0.010086926598261324,0.003614603714949998,0.2648,-1.1
934,0.02281373997088048,0.003614603714949998,0.12480000000000001,0.6
145,0.009970223456569189,0.000455547173175986,0.4104,-1.1
2573,0.021680648658930258,0.004489242841539018,0.45439999999999997,-0.7
1129,0.05344822391612184,0.000436861726939559,0.16519999999999999,1.5
1109,0.05520966091475661,0.000436861726939559,0.3998,0.2
1068,0.016595077849888906,0.008982305755164656,0.107,1.3
162,0.05849186871314005,0.048182511998996654,0.2018,-1.7
702,0.04007491506806352,1.0,0.46740000000000004,-0.5
1328,0.0014180429953975766,0.0010309902418046972,0.5256000000000001,-1.1
1568,0.0160803498408082,0.0010157814903886773,0.1226,-0.6
2183,0.009934105376947517,5.7229544368842474e-05,0.265,-0.1
359,0.0097749317295696,0.0011343467989348268,0.1378,0.2
899,0.054293641076311516,0.3008584617651346,0.265,-0.1
486,0.10854844160468816,2.7727714246704177e-05,0.1476,-1.1
2484,0.3238461362548201,8.35265200063256e-05,0.06480000000000001,0.1
1689,0.019837719108787292,0.0018220599262291145,0.49,-0.8
2817,0.03862783241065857,0.05065076501808047,0.3858,0.5
1108,0.05391666996387829,0.000436861726939559,0.19,-1.7
1279,0.013016302503255165,2.220506321511088e-05,0.2064,-1.2
379,0.0088171673769889,0.0011343467989348268,0.0724,1.5
2707,0.019564746285917978,0.0011616023694404878,0.2086,0.6
1174,0.14397374378959604,0.00042937896401333287,0.1226,-0.9
1977,0.01494272108166933,0.010925821081930546,0.1202,-0.6
1567,0.016907617212243268,0.0010157814903886773,0.5226,-0.8
39,0.002765120316764633,0.004375012670978808,0.1152,0.3
2313,0.006486553003009598,0.0004441728012326786,0.12619999999999998,1.3
1732,0.02376261092697142,0.020119318163202324,0.04,-0.9
2303,0.003913275953381179,0.0004441728012326786,0.11359999999999999,-0.8
1099,0.054216685971991974,0.000436861726939559,0.0336,0.6
971,0.012544952489297977,0.16345795157233095,0.0834,0.6
883,0.07820580626262091,0.3008584617651346,0.2116,-0.3
1161,0.08265450098426304,0.00042937896401333287,0.1568,-0.9
2596,0.014071168225673022,0.00035768465230526545,0.0834,0.3
1313,0.001930774527715272,0.0010309902418046972,0.0724,1.5
59,0.0035201515289563544,0.004375012670978808,0.4428,1.2
2030,0.0007232690818711561,0.0005150658993195822,0.40659999999999996,0.1
1032,0.009491795024997704,0.0018295140743831563,0.0706,-0.9
414,0.02743975812865514,0.0006760239928569517,0.1524,-1.5
1974,0.017364991888859406,0.010925821081930546,0.0724,1.5
1236,0.05824739105861547,0.008045186273510953,0.1476,-1.1
2010,0.012002999797085362,0.0005150658993195822,0.195,-1.7
2156,0.06610352712104783,0.010307656158430495,0.5376,-1.2
1990,0.00723922474266322,0.0005150658993195822,0.12240000000000001,0.6
2140,0.01862585771364207,0.010307656158430495,0.1444,0.6
2704,0.0207789671536013,0.0011616023694404878,0.057999999999999996,0.3
2688,0.019678545461409375,0.0011616023694404878,0.0864,0.7
1330,0.002256200240085406,0.011729195118394264,0.29960000000000003,0.0
2712,0.017675716272338306,0.0011616023694404878,0.5770000000000001,-0.8
440,0.01592607663639403,0.0006760239928569517,0.5256000000000001,-1.1
477,0.15511971056168877,2.7727714246704177e-05,0.41659999999999997,2.2
1074,0.014459755202909194,0.008982305755164656,0.1244,-0.6
2553,0.03407332442057707,0.004489242841539018,0.1804,-0.2
2372,0.005671445990040122,0.0015329219606916302,0.099,-1.6
715,0.039544578240653855,0.07645529473365578,0.0684,0.6
820,0.025466513095254086,0.0011448627277126015,0.6437999999999999,0.5
1939,0.11937515359258734,0.0007919853571343187,0.7173999999999999,-1.2
944,0.014491880329004852,0.003614603714949998,0.1882,-0.6
1654,0.006394352076136186,0.001123029656535888,0.13019999999999998,-0.8
1013,0.010241199802675497,0.0018295140743831563,0.198,1.6
1669,0.028092606030158417,0.0018220599262291145,0.0674,2.3
1374,0.0037435754285255873,0.011729195118394264,0.3396,-1.1
2505,0.5864645046396305,8.35265200063256e-05,0.3132,0.9
125,0.011481374868277909,0.000455547173175986,0.19940000000000002,2.2
2514,0.54983750494128,8.35265200063256e-05,0.47479999999999994,-0.8
2390,0.01987764864404743,0.004298983221284801,0.09300000000000001,0.6
2787,0.034838519514471374,0.05065076501808047,0.207,-0.8
708,0.036807771594346415,1.0,0.2726,1.6
1054,0.00921047329930127,0.008982305755164656,0.1376,0.0
2057,0.01582207834683012,0.006515626548550992,0.1902,-0.6
391,0.016070004461218076,0.0011343467989348268,0.132,-1.2
1403,0.01814525130742003,0.0009359748907663265,0.0894,-1.6
220,0.0046997063001183725,0.000341960834989926,0.0286,0.5
2469,0.0032273954363445166,4.62128570778403e-06,0.192,-0.6
17,0.0016367479498906113,0.004375012670978808,0.247,0.1
58,0.0028244701259922036,0.004375012670978808,0.2036,-0.8
1242,0.012178508254342428,2.220506321511088e-05,0.1192,-0.8
1592,0.004497336155504486,0.006225358299512223,0.1568,0.6
2170,0.007675001170661375,5.7229544368842474e-05,0.2018,-1.7
936,0.016232082074796733,0.003614603714949998,0.3618,0.5
411,0.02830296208182433,0.0006760239928569517,0.1882,-0.9
1709,0.01875381372436206,0.020119318163202324,0.0274,-0.3
2412,0.020199444398666645,0.004298983221284801,0.128,-0.1
261,0.29197456270806466,0.0002288323331588166,0.008199999999999999,0.7
1648,0.007254470565217092,0.001123029656535888,0.45439999999999997,-0.7
2225,0.01665878360841758,0.00042504382602739303,0.5064,2.2
1888,0.07117766356317379,0.0014529436724361727,0.3322,2.2
2802,0.04415299110333655,0.05065076501808047,0.195,-1.7
149,0.009146767540772593,0.000455547173175986,0.132,-1.2
107,0.01031706591966976,0.000455547173175986,0.12240000000000001,0.6
2049,0.0176457691208932,0.006515626548550992,0.1592,0.5
2780,0.033977312038065186,0.004579236300059023,0.41259999999999997,1.2
2740,0.01699328421516502,0.004579236300059023,0.2488,-0.5
2652,0.011473751957000972,0.0016024272423275892,0.057999999999999996,0.3
1,0.014088592022877445,5.007585132273716e-07,0.47479999999999994,-0.8
384,0.010074221746133098,0.0011343467989348268,0.3858,0.5
530,0.7132411420863473,1.4307386092210617e-06,0.6038,-0.8
588,0.002179245135765865,0.00016676689229080697,0.1744,-0.8
900,0.05260698120734573,0.3008584617651346,0.491,0.9
453,0.1467918614895241,2.7727714246704177e-05,0.2158,2.3
2518,0.8170212711894246,8.35265200063256e-05,0.3778,2.2
1239,0.012086851821131653,2.220506321511088e-05,0.06480000000000001,0.1
700,0.04967470133615115,1.0,0.3654,2.5
710,0.03938903455102686,1.0,0.1042,0.7
2555,0.03325005000266802,0.004489242841539018,0.1524,-1.5
1458,0.008433480842716471,0.0003433772662130548,0.40700000000000003,-0.7
2424,0.021627106782104163,0.004298983221284801,0.12960000000000002,-0.5
1362,0.003205615689838986,0.011729195118394264,0.1804,-0.6
713,0.03770909010390028,0.07645529473365578,0.1666,0.2
2045,0.018753269230699424,0.006515626548550992,0.0018,-1.7
1835,0.057676761700170574,0.0010950014871812476,0.41600000000000004,0.5
1259,0.01413197001800096,2.220506321511088e-05,0.155,-0.1
2442,0.0033166923970171912,4.62128570778403e-06,0.12480000000000001,-0.3
1895,0.0666531027245374,0.0014529436724361727,0.13019999999999998,-0.8
1332,0.0029769283515309166,0.011729195118394264,0.12480000000000001,2.5
1338,0.003544290747999984,0.011729195118394264,0.1446,-1.7
2180,0.011749265750295933,5.7229544368842474e-05,0.1524,-1.5
2103,0.05971788694351386,0.4731293196412984,0.1244,-0.6
52,0.00581482932120153,0.004375012670978808,0.1528,-0.7
1431,0.008924977122191275,0.0003433772662130548,0.265,0.2
1714,0.018865071929427813,0.020119318163202324,0.0684,0.6
2623,0.02224274761666049,0.00035768465230526545,0.5376,-1.2
20,0.0018814071023027362,0.004375012670978808,0.17980000000000002,-0.8
1232,0.07613473386783251,0.008045186273510953,0.2394,-1.2
2301,0.004017637238720178,0.0004441728012326786,0.2812,2.5
852,0.06816988057076004,0.0019275053617287068,0.24420000000000003,-0.6
194,0.04913438212492645,0.048182511998996654,0.5376,-1.2
189,0.036023337724372224,0.048182511998996654,0.3322,2.2
1081,0.010343201615476397,0.008982305755164656,0.099,-1.6
1106,0.05011810067542624,0.000436861726939559,0.0236,1.6
322,0.1546449120878682,0.11995312499709382,0.1524,-1.5
1368,0.003730507580622269,0.011729195118394264,0.4546,0.6
634,0.007377163137198246,0.01720424547645878,0.1202,-0.6
264,0.22411014308204466,0.0002288323331588166,0.0,0.6
2029,0.009071808913216059,0.0005150658993195822,0.11,0.6
2369,0.006317941465479283,0.0015329219606916302,0.1444,0.6
2034,0.010607099543968409,0.0005150658993195822,0.41259999999999997,1.2
1969,0.022006074371300394,0.010925821081930546,0.1444,0.6
1261,0.012419355951116085,2.220506321511088e-05,0.2168,0.3
609,0.011575209276139234,0.01720424547645878,0.0864,0.7
1994,0.007063171791743516,0.0005150658993195822,0.2488,-0.5
2685,0.01650432890611586,0.0011616023694404878,0.207,-0.8
1448,0.006621042937681248,0.0003433772662130548,0.2758,0.6
2551,0.08873631369804487,0.004489242841539018,0.107,1.3
2486,0.11564682398661562,8.35265200063256e-05,0.0318,-0.5
579,0.001606982296333053,0.00016676689229080697,0.6265999999999999,-0.5
2149,0.021028163753202076,0.010307656158430495,0.35200000000000004,-0.5
882,0.07590005709923542,0.3008584617651346,0.207,-0.8
48,0.0019064538107840963,0.004375012670978808,0.1804,-0.6
2327,0.004371739617322594,0.0004441728012326786,0.1226,-0.9
2718,0.01780312778939566,0.0011616023694404878,0.4104,-1.1
1017,0.012603031813312725,0.0018295140743831563,0.0834,0.6
1628,0.004440345818815015,0.001123029656535888,0.1804,-0.2
711,0.03436063557656253,0.07645529473365578,0.0018,-1.7
953,0.014480445962089448,0.003614603714949998,0.4482,1.5
223,0.0036542784678529126,0.000341960834989926,0.1568,-0.9
1886,0.07387272569534563,0.0014529436724361727,0.35200000000000004,-0.5
538,0.0699458374003985,0.008805623844311947,0.207,-0.8
2223,0.017452292372769074,0.00042504382602739303,0.3508,-0.9
1203,0.06606141961113715,0.008045186273510953,0.2158,2.3
1555,0.016863694723457112,0.0010157814903886773,0.12960000000000002,-1.7
1577,0.016898905313641053,0.0010157814903886773,0.0872,-1.2
951,0.012468178882865982,0.003614603714949998,0.2638,-1.6
829,0.017099823475154572,0.0011448627277126015,0.332,1.2
703,0.03130893009536262,0.07645529473365578,0.37920000000000004,-0.8
1646,0.006373661316955932,0.001123029656535888,0.3858,0.5
2004,0.019099748698024905,0.0005150658993195822,0.0834,0.3
923,0.013713072893544592,0.003614603714949998,0.1334,0.6
575,0.12498743127128743,0.008805623844311947,0.132,-1.2
2497,0.7704086207140635,8.35265200063256e-05,0.064,1.3
2635,0.014684268089803703,0.0016024272423275892,0.198,1.6
587,0.002102653027221416,0.00016676689229080697,0.4266,-1.2
2101,0.02833309073115698,0.4731293196412984,0.1524,-1.5
2297,0.0020698019095755746,0.0002289181774753699,0.5256000000000001,-1.1
286,0.15538542346905623,0.0002288323331588166,0.3486,-0.6
2510,0.6452692757109,8.35265200063256e-05,0.2352,-1.6
40,0.002578903484142348,0.004375012670978808,0.195,0.6
2138,0.010545208764315191,0.010307656158430495,0.491,0.9
1789,0.019726460903721543,0.06680464805196569,0.6437999999999999,0.5
758,0.03585109622909099,1.0,0.256,-0.8
1003,0.030329567494163934,0.16345795157233095,0.13019999999999998,-0.8
2216,0.019819206324257592,0.00042504382602739303,0.20679999999999998,-1.7
2041,0.01705953094411934,0.006515626548550992,0.37920000000000004,-0.8
206,0.0011822772394752097,4.86451127135161e-07,0.1476,-1.1
97,0.001479752277163246,0.0019614997110837993,0.4218,2.2
2318,0.004258847931268928,0.0004441728012326786,0.1998,-1.7
1237,0.011792825243306992,2.220506321511088e-05,0.10619999999999999,0.6
2449,0.0022730795436271918,4.62128570778403e-06,0.32299999999999995,0.5
1713,0.01786574456059906,0.020119318163202324,0.1666,0.2
795,0.02879681783383723,0.0011448627277126015,0.1656,0.2
743,0.036904328470520935,0.07645529473365578,0.07780000000000001,0.6
2605,0.01924422101651159,0.00035768465230526545,0.491,0.9
1051,0.0088565524185864,0.0018295140743831563,0.5256000000000001,-1.1
2609,0.020824523123375367,0.00035768465230526545,0.2086,0.6
557,0.09371298577455857,0.008805623844311947,0.057999999999999996,0.3
316,0.1391489854449584,0.11995312499709382,0.1864,0.5
2239,0.013799284390128983,0.00042504382602739303,0.5226,-0.8
2323,0.004264474365782857,0.0004441728012326786,0.0492,0.6
1626,0.004904072921495267,0.001123029656535888,0.107,1.3
2792,0.04536612298369459,0.05065076501808047,0.1378,0.2
1349,0.003977526205572493,0.011729195118394264,0.08439999999999999,-1.7
1323,0.0009681097321708273,0.0010309902418046972,0.40659999999999996,0.1
1772,0.021004206032045992,0.06680464805196569,0.4722,2.2
133,0.007401302356241876,0.000455547173175986,0.0706,-0.9
1005,0.02758731591123011,0.16345795157233095,0.5256000000000001,-1.1
2731,0.014762675177223612,0.00015341810106677447,0.1524,-1.2
2189,0.008606266831660346,5.7229544368842474e-05,0.099,-1.6
1586,0.0022344204935798753,0.006225358299512223,0.1902,-0.6
602,0.009413206439690248,0.01720424547645878,0.1376,0.0
1160,0.08194448124818275,0.00042937896401333287,0.12619999999999998,1.3
2255,0.031240505391757746,0.0002289181774753699,0.15839999999999999,0.1
1525,0.09489780398445942,3.277822153725453e-05,0.3778,2.2
1820,0.059954015695211325,0.0010950014871812476,0.08439999999999999,-1.7
568,0.14403690505446207,0.008805623844311947,0.3858,0.5
2640,0.010957934960594993,0.0016024272423275892,0.2144,2.3
2475,0.003807644182829356,4.62128570778403e-06,0.41600000000000004,0.6
1875,0.11561851031615843,0.0014529436724361727,0.491,0.9
886,0.07918807283002033,0.3008584617651346,0.2018,-1.7
1801,0.0459175135660596,0.0010950014871812476,0.29960000000000003,0.0
655,0.06801361088958285,0.02938220606702132,0.0864,0.7
1334,0.0028286445774057638,0.011729195118394264,0.17980000000000002,-0.8
825,0.01970885560862957,0.0011448627277126015,0.42200000000000004,0.1
11,0.005398291669283261,5.007585132273716e-07,0.2064,-1.2
2118,0.0425042642928679,0.4731293196412984,0.3322,2.2
1185,0.09866043669117736,0.00042937896401333287,0.5197999999999999,0.1
1173,0.14758155879823714,0.00042937896401333287,0.0894,-1.6
1380,0.027318154543999263,0.0009359748907663265,0.11359999999999999,-0.8
305,0.06779417994353963,0.11995312499709382,0.15839999999999999,0.1
1615,0.002599412745435056,0.001123029656535888,0.2488,-0.5
442,0.11870179642979135,2.7727714246704177e-05,0.3034,0.0
1554,0.013565878106744715,0.0010157814903886773,0.35259999999999997,-1.5
2769,0.02273569587923566,0.004579236300059023,0.1202,-0.6
157,0.039112794766181715,0.048182511998996654,0.2488,-0.5
1604,0.004313841791195392,0.006225358299512223,0.0654,0.6
2070,0.012596860885136158,0.006515626548550992,0.3104,-0.5
229,0.0034825814662343144,0.000341960834989926,0.1782,-0.1
505,0.7968243677611836,1.4307386092210617e-06,0.4708,2.2
2570,0.03207485118080711,0.004489242841539018,0.35200000000000004,-0.5
1110,0.0585219973624727,0.000436861726939559,0.2332,0.6
1898,0.23805498877798562,0.0007919853571343187,0.1016,0.6
18,0.001832584170552839,0.004375012670978808,0.12480000000000001,2.5
2142,0.02048530357155173,0.010307656158430495,0.2086,0.6
1042,0.010784967473763573,0.0018295140743831563,0.3322,2.2
200,0.0016481823168060148,4.86451127135161e-07,0.46740000000000004,-1.1
392,0.016065104018254332,0.0011343467989348268,0.13019999999999998,-0.8
1280,0.01513710531923119,2.220506321511088e-05,0.6038,-0.8
1716,0.023930496472951552,0.020119318163202324,0.1592,0.5
1538,0.0065812949003086554,0.0010157814903886773,0.1604,2.5
646,0.01277854027056979,0.01720424547645878,0.5256000000000001,-1.1
2144,0.021541621277069958,0.010307656158430495,0.0766,-0.9
1284,0.002127155242040138,0.0010309902418046972,0.1376,0.0
906,0.037000522350920356,0.3008584617651346,0.0766,-0.9
1463,0.005395024707307431,0.0003433772662130548,0.061399999999999996,-1.2
47,0.002146031022344931,0.004375012670978808,0.49,-0.8
2082,0.026918133199847687,0.4731293196412984,0.12240000000000001,0.6
2747,0.028521667036317363,0.004579236300059023,0.0834,0.6
905,0.03661247986734682,0.3008584617651346,0.099,-1.6
1078,0.010800576292092537,0.008982305755164656,0.1444,0.6
1793,0.019897613411677503,0.06680464805196569,0.15539999999999998,0.6
175,0.05289501835488137,0.048182511998996654,0.265,-0.1
1267,0.018830042837131418,2.220506321511088e-05,0.33880000000000005,1.5
461,0.11775837041032679,2.7727714246704177e-05,0.1998,-1.7
1806,0.04999359312456962,0.0010950014871812476,0.1324,-0.3
958,0.01486485848791206,0.003614603714949998,0.2528,0.5
529,0.6300991377761355,1.4307386092210617e-06,0.2064,-1.2
1948,0.010730699605387292,0.010925821081930546,0.2488,-0.5
2047,0.01797936223820291,0.006515626548550992,0.0684,0.6
1428,0.021878481356355492,0.0003433772662130548,0.1366,1.6
897,0.07206718471003716,0.3008584617651346,0.195,-1.7
719,0.04328869816284208,0.07645529473365578,0.1592,0.5
1341,0.004324005672897973,0.011729195118394264,0.0674,2.3
657,0.0670024861580636,0.02938220606702132,0.1378,0.2
2054,0.015695211323435408,0.006515626548550992,0.4412,2.2
2005,0.019687801853674226,0.0005150658993195822,0.107,1.3
1737,0.03329034253370325,0.020119318163202324,0.3104,-0.5
1703,0.01836159678937497,0.020119318163202324,0.13140000000000002,0.6
2236,0.012621181602067334,0.00042504382602739303,0.1884,-0.9
2294,1.4701328891233035e-05,0.0002289181774753699,0.132,-1.2
228,0.004118550064195803,0.000341960834989926,0.133,-0.6
1521,0.0632064578400372,3.277822153725453e-05,0.47479999999999994,-0.8
2433,0.031629092368993916,0.004298983221284801,0.2036,-0.8
413,0.02735445412150848,0.0006760239928569517,0.19940000000000002,2.2
2367,0.0061395290420214795,0.0015329219606916302,0.491,0.9
2203,0.0041746329114475435,5.7229544368842474e-05,0.132,-1.2
254,0.2418119950501896,0.0002288323331588166,0.1656,0.0
2178,0.01209211525987049,5.7229544368842474e-05,0.1804,-0.2
895,0.07628265464618257,0.3008584617651346,0.19940000000000002,2.2
1852,0.07511925318701215,0.0014529436724361727,0.12240000000000001,0.6
684,0.06806806025584668,0.02938220606702132,0.45439999999999997,-0.7
300,0.002976020862093186,0.0006652505311295171,0.38880000000000003,-0.8
861,0.07916937854760309,0.0019275053617287068,0.2696,1.5
128,0.008430758374403281,0.000455547173175986,0.1244,-0.6
1827,0.052769421816699476,0.0010950014871812476,0.3518,0.6
1396,0.025755820728002546,0.0009359748907663265,0.133,-0.6
30,0.0033974589569752,0.004375012670978808,0.193,1.3
1222,0.07407001389910822,0.008045186273510953,0.2632,-1.4
2351,0.0063693053676548254,0.0015329219606916302,0.198,1.6
1079,0.010180942504010197,0.008982305755164656,0.0706,-0.9
1490,0.008688122378943631,0.0007627696747340247,0.491,0.9
2026,0.011925318701215637,0.0005150658993195822,0.3322,2.2
1512,0.006250424251312139,0.0007627696747340247,0.5256000000000001,-1.1
1411,0.023549350909104767,0.0009359748907663265,0.41659999999999997,2.2
2561,0.041728723819383466,0.004489242841539018,0.1444,0.6
762,0.03902077533719585,1.0,0.3104,-0.5
2072,0.014631089208752699,0.006515626548550992,0.27940000000000004,2.2
517,0.7489288902166468,1.4307386092210617e-06,0.33880000000000005,1.5
1677,0.02340596757794336,0.0018220599262291145,0.08439999999999999,-1.7
386,0.010819996566059968,0.0011343467989348268,0.45439999999999997,-0.7
651,0.052553802326294724,0.02938220606702132,0.2488,-0.5
459,0.102134487756697,2.7727714246704177e-05,0.4384,2.2
2358,0.00932735793888095,0.0015329219606916302,0.0834,0.3
1212,0.06496771334078442,0.008045186273510953,0.133,-0.6
2130,0.016007387690014675,0.010307656158430495,0.107,1.3
805,0.02685860189273257,0.0011448627277126015,0.045599999999999995,-1.7
2621,0.018787209335670543,0.00035768465230526545,0.11,0.6
998,0.028017465904714337,0.16345795157233095,0.4104,-1.1
366,0.01181714596023817,0.0011343467989348268,0.1804,-0.2
1691,0.01893894156965907,0.0018220599262291145,0.12960000000000002,-0.5
1277,0.00438027001803726,2.220506321511088e-05,0.4376,0.1
2164,0.005124955850638854,5.7229544368842474e-05,0.3452,2.5
283,0.1385082979019207,0.0002288323331588166,0.17579999999999998,1.5
2755,0.022154358145425546,0.004579236300059023,0.1524,-1.5
2293,0.0005971280500266258,0.0002289181774753699,0.5376,-1.2
2759,0.02023066203532457,0.004579236300059023,0.491,0.9
2392,0.03088640301315533,0.004298983221284801,0.247,0.1
661,0.04964112422695512,0.02938220606702132,0.0834,0.3
1651,0.0036038220551151004,0.001123029656535888,0.40659999999999996,0.1
2226,0.016807611876205372,0.00042504382602739303,0.35259999999999997,-1.5
1254,0.014983013612704562,2.220506321511088e-05,0.059000000000000004,-0.2
2601,0.022283947637133452,0.00035768465230526545,0.1524,-1.5
1625,0.004495158180853933,0.001123029656535888,0.0834,0.3
2064,0.013389825155825012,0.006515626548550992,0.0292,-1.6
458,0.10576462700550629,2.7727714246704177e-05,0.0676,-0.2
1157,0.06293965594534445,0.00042937896401333287,0.2158,2.3
503,0.6813329059663075,1.4307386092210617e-06,0.31079999999999997,-0.9
2346,0.005897047864259908,0.0015329219606916302,0.15839999999999999,0.1
1725,0.02076190635217197,0.020119318163202324,0.13,-0.1
2378,0.005542400991994855,0.0015329219606916302,0.35200000000000004,-0.5
572,0.10524354657036147,0.008805623844311947,0.11,0.6
2598,0.017650669563856945,0.00035768465230526545,0.1882,-0.9
2404,0.025740030411786036,0.004298983221284801,0.11699999999999999,0.3
1063,0.01721398564642106,0.008982305755164656,0.1378,0.2
6,0.007837441780015122,5.007585132273716e-07,0.299,-0.7
2220,0.01947327135059475,0.00042504382602739303,0.3618,0.5
1929,0.16282738135210845,0.0007919853571343187,0.0572,-1.4
87,0.00034157902436173545,0.0019614997110837993,0.3212,-0.9
2481,0.002528991565067174,4.62128570778403e-06,0.1974,-1.1
1061,0.028134350544294015,0.008982305755164656,0.0864,0.7
2632,0.012644050335898141,0.0016024272423275892,0.2488,-0.5
2305,0.004530005775262782,0.0004441728012326786,0.0236,1.6
2343,0.0014194949784979453,0.0004441728012326786,0.1476,-1.1
488,0.020568066608272748,1.4307386092210617e-06,0.068,0.0
1917,0.16029240035675224,0.0007919853571343187,0.0006,-1.5
1188,0.12914355139820527,0.00042937896401333287,0.36060000000000003,-0.8
2617,0.01887995475620659,0.00035768465230526545,0.3858,0.5
1018,0.014787540387817426,0.0018295140743831563,0.2144,2.3
2126,0.033143692240566014,0.4731293196412984,0.41259999999999997,1.2
2194,0.009277809015580868,5.7229544368842474e-05,0.1202,-0.6
876,0.0935264059461612,0.0019275053617287068,0.3396,-1.1
444,0.12207983511279913,2.7727714246704177e-05,0.2812,2.5
161,0.045294794313888984,0.048182511998996654,0.0864,0.7
2058,0.015340201455395261,0.006515626548550992,0.13,-0.1
249,0.0037018309143899875,0.000341960834989926,0.1716,-1.2
2452,0.0034468263823877352,4.62128570778403e-06,0.34119999999999995,-0.9
980,0.013894933776865771,0.16345795157233095,0.195,-1.7
1780,0.018964714269690614,0.06680464805196569,0.1636,-0.9
1114,0.05444682529340041,0.000436861726939559,0.12619999999999998,1.3
173,0.045061569528392256,0.048182511998996654,0.195,-1.7
1238,0.011016195782497287,2.220506321511088e-05,0.068,0.0
1829,0.054959556825718105,0.0010950014871812476,0.1474,-0.9
822,0.019886905036312283,0.0011448627277126015,0.5094,-0.7
2137,0.010748667896254355,0.010307656158430495,0.265,-0.1
665,0.052941118818318075,0.02938220606702132,0.19940000000000002,2.2
1047,0.01211208002750056,0.0018295140743831563,0.5376,-1.2
1560,0.01140569024917119,0.0010157814903886773,0.1494,0.6
2438,0.003291282692760739,4.62128570778403e-06,0.12300000000000001,0.1
2348,0.005153632516871136,0.0015329219606916302,0.2488,-0.5
158,0.043275267319163674,0.048182511998996654,0.207,-0.8
139,0.00812094148036211,0.000455547173175986,0.5770000000000001,-0.8
574,0.14027717631394487,0.008805623844311947,0.5376,-1.2
1912,0.2552934766392254,0.0007919853571343187,0.001,0.3
1055,0.008998120770872349,0.008982305755164656,0.15839999999999999,0.1
2093,0.04153433958182161,0.4731293196412984,0.0834,0.6
1457,0.00842095748847579,0.0003433772662130548,0.385,2.2
342,0.08362642217207233,0.11995312499709382,0.11,0.6
792,0.021582458301767825,0.0011448627277126015,0.027999999999999997,1.6
1000,0.025289189659121556,0.16345795157233095,0.40659999999999996,0.1
1762,0.014076068668636766,0.06680464805196569,0.008199999999999999,0.7
441,0.1106247774382154,2.7727714246704177e-05,0.0336,0.6
789,0.017752126882995208,0.0011448627277126015,0.1202,-0.5
1240,0.011462317590085569,2.220506321511088e-05,0.065,2.5
535,0.06800635097408102,0.008805623844311947,0.15839999999999999,0.1
1902,0.22148368715136524,0.0007919853571343187,0.1202,-0.5
916,0.054261515950215854,0.3008584617651346,0.11,0.6
43,0.002255111252760129,0.004375012670978808,0.109,-1.6
1511,0.008599006916158503,0.0007627696747340247,0.41259999999999997,1.2
2271,0.04257032952393467,0.0002289181774753699,0.1524,-1.5
80,0.0005530240633529267,0.0019614997110837993,0.24739999999999998,-1.5
1070,0.01569738929808596,0.008982305755164656,0.1804,-0.2
270,0.20245327064638294,0.0002288323331588166,0.295,-0.2
1471,0.006354785536651139,0.0007627696747340247,0.2488,-0.5
1379,0.027539218971030396,0.0009359748907663265,0.1328,-0.5
475,0.13806689503940864,2.7727714246704177e-05,0.1352,-0.5
532,0.6636198011291347,1.4307386092210617e-06,0.1524,-1.1
2577,0.02280575406382845,0.004489242841539018,0.5376,-1.2
1271,0.011038520022665456,2.220506321511088e-05,0.1074,-0.5
1918,0.16048569560698883,0.0007919853571343187,0.045599999999999995,-1.7
267,0.2031819846648805,0.0002288323331588166,0.001,0.3
233,0.003328489759707687,0.000341960834989926,0.20559999999999998,-0.9
2078,0.013235370453523292,0.006515626548550992,0.1818,-1.2
2285,0.009941183794561815,0.0002289181774753699,0.1202,-0.6
2760,0.02303770836411235,0.004579236300059023,0.057999999999999996,0.3
287,0.16215638366185056,0.0002288323331588166,0.6265999999999999,-0.5
733,0.03841257591602892,0.07645529473365578,0.0132,-1.7
2314,0.00487884471512636,0.0004441728012326786,0.1568,-0.9
512,0.6329388537246815,1.4307386092210617e-06,0.2868,0.6
810,0.012233320616381346,0.0011448627277126015,0.3014,0.6
1603,0.004805519568557742,0.006225358299512223,0.13720000000000002,-1.1
2113,0.03836956091668049,0.4731293196412984,0.1866,-1.4
815,0.014583173766440532,0.0011448627277126015,0.17579999999999998,1.5
828,0.015632776050119552,0.0011448627277126015,0.1744,-0.8
279,0.1460742188421669,0.0002288323331588166,0.1636,-0.9
1285,0.0022099182787611534,0.0010309902418046972,0.15839999999999999,0.1
250,0.0052113488451107914,0.000341960834989926,0.36060000000000003,-0.8
1643,0.00484780857635598,0.001123029656535888,0.5770000000000001,-0.8
1549,0.012707756094426818,0.0010157814903886773,0.1348,0.3
1678,0.022747130246151066,0.0018220599262291145,0.24420000000000003,-0.6
1045,0.012499215021636364,0.0018295140743831563,0.11,0.6
31,0.003006875502976021,0.004375012670978808,0.3454,-0.9
2675,0.0008835317165743508,5.3495316598775505e-05,0.501,-1.1
2145,0.019173981334031254,0.010307656158430495,0.0724,1.5
2673,0.004747984738205632,0.0016024272423275892,0.5256000000000001,-1.1
2626,0.020696930108430468,0.00035768465230526545,0.41259999999999997,1.2
2033,0.008018576671786118,0.0005150658993195822,0.13019999999999998,-0.8
842,0.08289226321694841,0.0019275053617287068,0.1018,0.6
2161,0.004659050773308049,5.7229544368842474e-05,0.12240000000000001,0.6
2073,0.013106325455478024,0.006515626548550992,0.18,-0.7
2540,0.07425296376975468,0.004489242841539018,0.2488,-0.5
1869,0.1718897523751721,0.0014529436724361727,0.1804,-0.2
1530,0.034712741478401934,3.277822153725453e-05,0.547,-1.2
309,0.10327030153696042,0.11995312499709382,0.2116,-0.3
2667,0.005236758549367244,0.0016024272423275892,0.11,0.6
1359,0.003575508384657911,0.011729195118394264,0.2696,1.5
490,0.022535685207159872,1.4307386092210617e-06,0.065,2.5
818,0.016660417089405497,0.0011448627277126015,0.3486,-0.6
1199,0.05158678158144917,0.008045186273510953,0.2186,0.7
2244,0.01388204742685,0.00042504382602739303,0.345,-0.7
1770,0.019655858225466113,0.06680464805196569,0.6344,-0.9
1467,0.005941151850933607,0.0007627696747340247,0.12240000000000001,0.6
2786,0.037732140335618634,0.05065076501808047,0.2488,-0.5
1432,0.006228281509031516,0.0003433772662130548,0.2122,0.6
892,0.09011533464762003,0.3008584617651346,0.107,1.3
1635,0.004873944272162616,0.001123029656535888,0.057999999999999996,0.3
1318,0.0021282442293654143,0.0010309902418046972,0.3858,0.5
2205,0.004452143181505511,5.7229544368842474e-05,0.41259999999999997,1.2
2706,0.020910916117847303,0.0011616023694404878,0.0706,-0.9
521,0.8579604791979826,1.4307386092210617e-06,0.1074,-0.5
2656,0.011534735247216458,0.0016024272423275892,0.099,-1.6
393,0.017437954039652932,0.0011343467989348268,0.41259999999999997,1.2
77,0.0005945870796009805,0.0019614997110837993,0.14300000000000002,-0.9
262,0.2636258631585787,0.0002288323331588166,0.0154,-1.7
1489,0.008273581203788368,0.0007627696747340247,0.265,-0.1
240,0.004011647808431158,0.000341960834989926,0.3456,-0.6
721,0.041366635533729025,0.07645529473365578,0.14,0.3
1602,0.005648577256209315,0.006225358299512223,0.18,-0.7
1300,0.003245726722986671,0.0010309902418046972,0.1804,-0.2
1058,0.017058986450456705,0.008982305755164656,0.207,-0.8
2672,0.0055973948519213185,0.0016024272423275892,0.41259999999999997,1.2
799,0.019212277388303476,0.0011448627277126015,0.001,0.3
2129,0.015585042105694932,0.010307656158430495,0.0834,0.3
1906,0.29016847722909356,0.0007919853571343187,0.008199999999999999,0.7
381,0.00884076210236989,0.0011343467989348268,0.5770000000000001,-0.8
2288,0.015675791049467976,0.0002289181774753699,0.3322,2.2
1426,0.02488644584665679,0.0003433772662130548,0.2024,-0.8
1036,0.0095406179567476,0.0018295140743831563,0.0724,1.5
2509,0.6135165832804872,8.35265200063256e-05,0.10679999999999999,0.6
106,0.0014617839862961835,0.0019614997110837993,0.32380000000000003,-1.1
85,0.0003651737497427267,0.0019614997110837993,0.135,0.3
1965,0.017636331230740807,0.010925821081930546,0.1244,-0.6
474,0.14122858824046147,2.7727714246704177e-05,0.3456,-0.6
1142,0.05191148130226912,0.000436861726939559,0.36060000000000003,-0.8
2409,0.025673420687056622,0.004298983221284801,0.316,-1.5
1751,0.00697950126558477,0.12528158187725755,0.6038,-0.8
1573,0.01708566663992598,0.0010157814903886773,0.2648,-1.1
1303,0.002587796880632106,0.0010309902418046972,0.195,-1.7
1673,0.026250765467340724,0.0018220599262291145,0.3454,-0.9
633,0.007470271553509389,0.01720424547645878,0.5770000000000001,-0.8
1462,0.004689542418415792,0.0003433772662130548,0.33840000000000003,-1.2
629,0.010264976025944034,0.01720424547645878,0.099,-1.6
2088,0.03991356344603505,0.4731293196412984,0.2116,-0.3
345,0.06442666813800954,0.11995312499709382,0.132,-1.2
2151,0.022537863181810426,0.010307656158430495,0.3322,2.2
2537,0.06421667508211872,0.004489242841539018,0.1376,0.0
310,0.11122753192275595,0.11995312499709382,0.198,1.6
735,0.03372212600817539,0.07645529473365578,0.1902,-0.6
187,0.023613964157071177,0.048182511998996654,0.35200000000000004,-0.5
2099,0.030522318250737878,0.4731293196412984,0.1804,-0.2
1540,0.008437473796242486,0.0010157814903886773,0.18960000000000002,-0.8
2798,0.04335784885799714,0.05065076501808047,0.1882,-0.9
415,0.02252933278109576,0.0006760239928569517,0.195,-1.7
516,0.7405389688669414,1.4307386092210617e-06,0.1592,-0.9
917,0.04794175950586111,0.3008584617651346,0.40659999999999996,0.1
344,0.033430277405001284,0.11995312499709382,0.5376,-1.2
294,0.12407431539904307,0.0002288323331588166,0.7173999999999999,-1.2
1096,0.01156849385430003,0.008982305755164656,0.13019999999999998,-0.8
2408,0.025701189863851174,0.004298983221284801,0.3398,2.2
1884,0.08263689568917107,0.0014529436724361727,0.5770000000000001,-0.8
2242,0.012840612548110553,0.00042504382602739303,0.2528,0.5
2693,0.019955874233579796,0.0011616023694404878,0.1864,0.5
1523,0.12672672552764158,3.277822153725453e-05,0.1074,-0.5
2092,0.03964295009570384,0.4731293196412984,0.1378,0.2
1168,0.17203731015774706,0.00042937896401333287,0.2336,0.9
1662,0.023349703232804074,0.0018220599262291145,0.17980000000000002,-0.8
1273,0.01706189041665744,2.220506321511088e-05,0.3778,2.2
2238,0.011236171222203144,0.00042504382602739303,0.08439999999999999,-1.4
260,0.3156907101758243,0.0002288323331588166,0.027999999999999997,1.6
832,0.05178316229577404,0.0019275053617287068,0.29960000000000003,0.0
2584,0.018990123973947066,0.00035768465230526545,0.15839999999999999,0.1
2043,0.018684118535544365,0.006515626548550992,0.2726,1.6
2502,1.0,8.35265200063256e-05,0.1158,-1.7
1785,0.02252624731700748,0.06680464805196569,0.0572,-1.4
1760,0.013986408712189,0.06680464805196569,0.139,-0.3
2132,0.016735738712737123,0.010307656158430495,0.1804,-0.2
2031,0.0026923396638586523,0.0005150658993195822,0.5376,-1.2
2730,0.008431847361728556,0.00015341810106677447,0.24359999999999998,0.1
2398,0.02675424060739357,0.004298983221284801,0.3432,0.7
2790,0.044224864266804796,0.05065076501808047,0.0864,0.7
2331,0.0037127207876427528,0.0004441728012326786,0.3456,-0.6
2750,0.029456199659292165,0.004579236300059023,0.0834,0.3
2289,0.019677637971971643,0.0002289181774753699,0.45439999999999997,-0.7
2265,0.03834215473566103,0.0002289181774753699,0.1864,0.5
1661,0.01843619242115641,0.0018220599262291145,0.14279999999999998,-0.5
360,0.01136902767588688,0.0011343467989348268,0.0834,0.6
2508,0.5923337833270959,8.35265200063256e-05,0.637,-0.9
620,0.018610974886863293,0.01720424547645878,0.1524,-1.5
2231,0.01484162675830616,0.00042504382602739303,0.10039999999999999,0.3
986,0.019564020294367795,0.16345795157233095,0.0706,-0.9
34,0.0032881972286724556,0.004375012670978808,0.316,-1.5
690,0.08824046146926896,0.02938220606702132,0.13019999999999998,-0.8
2527,0.6421814521500784,8.35265200063256e-05,0.1524,-1.1
1694,0.026233160172248755,0.0018220599262291145,0.1528,-0.7
376,0.008926429105291643,0.0011343467989348268,0.2086,0.6
101,0.0007748144819342448,0.0019614997110837993,0.24359999999999998,0.1
1355,0.0030184913677789704,0.011729195118394264,0.36939999999999995,-0.9
2340,0.0030832861136329236,0.0004441728012326786,0.1716,-1.2
2515,0.3418592571001066,8.35265200063256e-05,0.1646,-0.6
946,0.014457758726146186,0.003614603714949998,0.051399999999999994,0.9
1700,0.022058527260801212,0.0018220599262291145,0.2036,-0.8
1872,0.14322560949713106,0.0014529436724361727,0.195,-1.7
506,0.8108403606290426,1.4307386092210617e-06,0.365,-1.5
1235,0.06479347536874018,0.008045186273510953,0.5506,1.2
1205,0.0614299565167361,0.008045186273510953,0.15380000000000002,0.3
61,0.00040129182936439803,0.0019614997110837993,0.1152,0.6
1175,0.12227512683979871,0.00042937896401333287,0.16519999999999999,1.5
2543,0.08156932511462499,0.004489242841539018,0.198,1.6
1647,0.007779362456000374,0.001123029656535888,0.3322,2.2
2258,0.03213202301538413,0.0002289181774753699,0.207,-0.8
1580,0.01556053989087621,0.0010157814903886773,0.1204,-1.1
1116,0.06080342580892701,0.000436861726939559,0.0676,-0.2
2210,0.024290043788180348,0.00042504382602739303,0.1604,2.5
519,0.5924887825230603,1.4307386092210617e-06,0.47479999999999994,-0.8
1598,0.0038129076215681927,0.006225358299512223,0.0546,-0.6
1686,0.023521218736535125,0.0018220599262291145,0.1474,-0.9
2207,0.024748688950009312,0.00042504382602739303,0.1334,0.6
1726,0.019634622972623222,0.020119318163202324,0.31420000000000003,0.9
2430,0.033014465744633195,0.004298983221284801,0.1184,0.1
72,0.0006918699473256831,0.0019614997110837993,0.2052,0.6
2668,0.004493161704090926,0.0016024272423275892,0.40659999999999996,0.1
36,0.003157881745414365,0.004375012670978808,0.24420000000000003,-0.6
1955,0.022613910796692237,0.010925821081930546,0.0834,0.6
1736,0.028365397355140185,0.020119318163202324,0.0546,-0.6
2110,0.06176191615305789,0.4731293196412984,0.099,-1.6
2001,0.014789899860355525,0.0005150658993195822,0.0834,0.6
142,0.009649335191387708,0.000455547173175986,0.3858,0.5
1450,0.007060086327655232,0.0003433772662130548,0.2588,-0.9
1958,0.024904051141748762,0.010925821081930546,0.0834,0.3
2394,0.027850487848171936,0.004298983221284801,0.14279999999999998,-0.5
1633,0.005611551687149914,0.001123029656535888,0.265,-0.1
2365,0.00627401897669313,0.0015329219606916302,0.1244,-0.6
1192,0.04348181191519112,0.008045186273510953,0.3034,0.0
1735,0.02688927503572786,0.020119318163202324,0.256,-0.8
2733,0.01780911721968468,0.00015341810106677447,0.46020000000000005,-0.8
1170,0.18194146838324948,0.00042937896401333287,0.0492,0.6
152,0.007012352383230612,0.000455547173175986,0.5256000000000001,-1.1
2533,0.15112421606524923,1.1016687291002176e-05,0.6038,-0.8
1953,0.018843473680809828,0.010925821081930546,0.2018,-1.7
1073,0.014899887580208455,0.008982305755164656,0.195,-1.7
42,0.0023589280444364907,0.004375012670978808,0.3518,0.6
2458,0.006657342515190466,4.62128570778403e-06,0.1402,-0.1
5,0.008444370715969237,5.007585132273716e-07,0.3778,2.2
55,0.0015830245751769696,0.004375012670978808,0.1184,0.1
1372,0.003516884566980525,0.011729195118394264,0.2036,-0.8
987,0.020080744780211504,0.16345795157233095,0.2086,0.6
1067,0.018210227551161532,0.008982305755164656,0.0834,0.3
511,0.5352791963854333,1.4307386092210617e-06,0.2168,0.3
1697,0.0065117812093785045,0.0018220599262291145,0.1184,0.1
2123,0.03463850884239558,0.4731293196412984,0.5376,-1.2
255,0.2661053058003458,0.0002288323331588166,0.4886,0.1
2448,0.0028368119823453373,4.62128570778403e-06,0.09519999999999999,2.3
2213,0.02522693588369325,0.00042504382602739303,0.1784,-0.3
893,0.08423915904042793,0.3008584617651346,0.1882,-0.9
2234,0.013144440011862702,0.00042504382602739303,0.1396,0.6
915,0.05526029882538197,0.3008584617651346,0.4104,-1.1
2622,0.01678510613814966,0.00035768465230526545,0.40659999999999996,0.1
473,0.13199306823267884,2.7727714246704177e-05,0.3148,-0.8
2494,0.7546507926194247,8.35265200063256e-05,0.1628,2.3
985,0.021088965545530015,0.16345795157233095,0.1444,0.6
335,0.1503751742833465,0.11995312499709382,0.5770000000000001,-0.8
551,0.10508255794410809,0.008805623844311947,0.19940000000000002,2.2
1936,0.17386263441279806,0.0007919853571343187,0.252,-1.1
66,0.0003992953526013911,0.0019614997110837993,0.18960000000000002,-0.8
2439,0.0028360859907951533,4.62128570778403e-06,0.0882,2.5
718,0.04443177185860734,1.0,0.3826,2.3
1503,0.00753561079302598,0.0007627696747340247,0.3322,2.2
1526,0.11355469783687187,3.277822153725453e-05,0.299,-0.7
140,0.00749804073030394,0.000455547173175986,0.1202,-0.6
1097,0.012976917461657664,0.008982305755164656,0.41259999999999997,1.2
1029,0.010506731212155422,0.0018295140743831563,0.491,0.9
1082,0.011661420772723627,0.008982305755164656,0.0766,-0.9
2657,0.010986793124714822,0.0016024272423275892,0.0766,-0.9
1376,0.024192034928905464,0.0009359748907663265,0.3034,0.0
583,0.002317546526075983,0.00016676689229080697,0.252,-1.1
2765,0.023285997474275396,0.004579236300059023,0.0766,-0.9
1513,0.0020531041039213343,3.277822153725453e-05,0.2168,0.3
1997,0.01133290959626521,0.0005150658993195822,0.198,1.6
2208,0.02707440288102487,0.00042504382602739303,0.12119999999999999,0.0
1119,0.044314887219027654,0.000436861726939559,0.1998,-1.7
102,0.0017289488767640233,0.0019614997110837993,0.1524,-1.2
2812,0.04012609747235152,0.05065076501808047,0.0724,1.5
2287,0.01402434177068613,0.0002289181774753699,0.3858,0.5
2218,0.021855794120412234,0.00042504382602739303,0.12480000000000001,0.6
278,0.15002887631390857,0.0002288323331588166,0.3014,0.6
2461,0.0026115731039006436,4.62128570778403e-06,0.069,0.6
185,0.027277136021413847,0.048182511998996654,0.5770000000000001,-0.8
1944,0.011542176660605847,0.010925821081930546,0.12240000000000001,0.6
1606,0.0014948166018295714,0.006225358299512223,0.45380000000000004,-1.2
1193,0.050540446259745984,0.008045186273510953,0.0946,0.1
1811,0.05305219552549628,0.0010950014871812476,0.1018,0.6
2691,0.024700410511922052,0.0011616023694404878,0.0834,0.6
724,0.042834953443976864,1.0,0.32520000000000004,1.3
2639,0.011368846177999334,0.0016024272423275892,0.0834,0.6
19,0.001872513705812978,0.004375012670978808,0.14279999999999998,-0.5
1150,0.060469651193729754,0.00042937896401333287,0.11359999999999999,-0.8
468,0.1147153768277291,2.7727714246704177e-05,0.4142,0.6
54,0.0030232103128551686,0.004375012670978808,0.4546,0.6
1213,0.06426295704344297,0.008045186273510953,0.1782,-0.1
1767,0.03246325666015573,0.06680464805196569,0.0814,0.5
2200,0.004987924945541559,5.7229544368842474e-05,0.11,0.6
2013,0.013906368143781175,0.0005150658993195822,0.491,0.9
2253,0.02065736356894542,0.0002289181774753699,0.12240000000000001,0.6
1730,0.022633512568547214,0.020119318163202324,0.1568,0.6
1708,0.01843401444650586,0.020119318163202324,0.37920000000000004,-0.8
1137,0.03332137867247363,0.000436861726939559,0.46740000000000004,-1.1
1959,0.02661412423820799,0.010925821081930546,0.107,1.3
750,0.04123250859483246,1.0,0.0292,-1.6
1414,0.025349083962011767,0.0009359748907663265,0.43560000000000004,0.6
1126,0.048021800074268935,0.000436861726939559,0.4142,0.6
82,0.0004457588118131893,0.0019614997110837993,0.13140000000000002,-0.6
122,0.01315841534920375,0.000455547173175986,0.107,1.3
2788,0.037742667213096305,0.05065076501808047,0.2116,-0.3
1486,0.00935421962623777,0.0007627696747340247,0.1524,-1.5
2716,0.018985405028870868,0.0011616023694404878,0.3322,2.2
2575,0.019670559554357345,0.004489242841539018,0.11,0.6
1387,0.028669406316779878,0.0009359748907663265,0.2158,2.3
1397,0.025061954303913857,0.0009359748907663265,0.1782,-0.1
689,0.08719920808841707,0.02938220606702132,0.132,-1.2
1146,0.04904199970016549,0.00042937896401333287,0.3034,0.0
1069,0.016566764179431717,0.008982305755164656,0.1882,-0.9
214,0.003736678508798836,0.000341960834989926,0.0236,1.6
2174,0.00951702323136661,5.7229544368842474e-05,0.1864,0.5
1843,0.04125356234978781,0.0010950014871812476,0.2036,-0.8
2350,0.005557283818773634,0.0015329219606916302,0.2116,-0.3
2097,0.07485934821204616,0.4731293196412984,0.107,1.3
2441,0.0029262904409055584,4.62128570778403e-06,0.2024,-0.8
1322,0.0020079111299223587,0.0010309902418046972,0.11,0.6
1076,0.012257822831200067,0.008982305755164656,0.491,0.9
796,0.026396871266815326,0.0011448627277126015,0.0,0.6
1733,0.024529620999741184,0.020119318163202324,0.1528,1.5
315,0.13499921774410467,0.11995312499709382,0.2144,2.3
2131,0.01643154825320988,0.010307656158430495,0.1882,-0.9
159,0.043192322784555114,0.048182511998996654,0.2116,-0.3
1784,0.023733571264964046,0.06680464805196569,0.17579999999999998,1.5
318,0.13941996179106472,0.11995312499709382,0.107,1.3
717,0.04443177185860734,0.07645529473365578,0.3826,2.3
2382,0.006285090347833442,0.0015329219606916302,0.4104,-1.1
2823,0.037650829281997984,0.05065076501808047,0.5376,-1.2
190,0.03795864969927615,0.048182511998996654,0.45439999999999997,-0.7
598,0.0005993060246771788,8.535786542612854e-05,0.38880000000000003,-0.8
978,0.017242480814765797,0.16345795157233095,0.19940000000000002,2.2
1366,0.003988960572487897,0.011729195118394264,0.1528,-0.7
1516,0.012525895211105639,3.277822153725453e-05,0.10679999999999999,0.6
2172,0.010031569742559766,5.7229544368842474e-05,0.0834,0.6
1528,0.1072639810545245,3.277822153725453e-05,0.3968,0.6
2109,0.06199858939841799,0.4731293196412984,0.2086,0.6
811,0.019112272052265584,0.0011448627277126015,0.1636,-0.9
2600,0.021611679461662744,0.00035768465230526545,0.19940000000000002,2.2
534,0.07308556935705825,0.008805623844311947,0.1376,0.0
2336,0.0039239843287463974,0.0004441728012326786,0.46740000000000004,-1.1
479,0.13577094676195064,2.7727714246704177e-05,0.46740000000000004,-1.1
1819,0.07152795448613773,0.0010950014871812476,0.316,-1.5
2283,0.016754251497266823,0.0002289181774753699,0.1866,-1.4
974,0.018420583602827445,0.16345795157233095,0.0834,0.3
2457,0.004908428870796373,4.62128570778403e-06,0.059000000000000004,-0.6
1295,0.0036245128142953545,0.0010309902418046972,0.2144,2.3
726,0.03949139935960285,1.0,0.493,-0.9
2547,0.09446729099520011,0.004489242841539018,0.0834,0.6
1358,0.0033927400118990013,0.011729195118394264,0.1474,-0.9
2794,0.04847627078468434,0.05065076501808047,0.2144,2.3
1454,0.0060005016601611776,0.0003433772662130548,0.192,-0.6
2397,0.029383782002161275,0.004298983221284801,0.34979999999999994,1.6
2550,0.09491667976476421,0.004489242841539018,0.0834,0.3
2017,0.012604120800638002,0.0005150658993195822,0.2086,0.6
1008,0.005432776267917018,0.0018295140743831563,0.15839999999999999,0.1
2465,0.003226850942681878,4.62128570778403e-06,0.2588,-0.9
1228,0.065446504768131,0.008045186273510953,0.4192,-0.7
408,0.029381967023285816,0.0006760239928569517,0.1864,0.5
434,0.012410644052513874,0.0006760239928569517,0.11,0.6
1738,0.035623860873883285,0.020119318163202324,0.7186,0.5
219,0.004715859612109975,0.000341960834989926,0.2158,2.3
383,0.009236790492995452,0.0011343467989348268,0.35200000000000004,-0.5
2468,0.0030814711347574627,4.62128570778403e-06,0.48,-0.8
272,0.21189624273963076,0.0002288323331588166,0.0006,-1.5
88,0.0007310734910356379,0.0019614997110837993,0.2266,0.6
2726,0.012615918163328497,0.00015341810106677447,0.4218,2.2
813,0.024321624420613367,0.0011448627277126015,0.16760000000000003,-1.6
866,0.08690717798735541,0.0019275053617287068,0.41600000000000004,0.5
1588,0.002889627867621249,0.006225358299512223,0.31420000000000003,0.9
2625,0.021898809119760655,0.00035768465230526545,0.13019999999999998,-0.8
268,0.19147047047519414,0.0002288323331588166,0.3274,1.3
481,0.04556704114520811,2.7727714246704177e-05,0.5197999999999999,0.1
561,0.09764876746599546,0.008805623844311947,0.099,-1.6
1465,0.00709311894318862,0.0003433772662130548,0.4374,1.2
1935,0.1927687248648113,0.0007919853571343187,0.5094,-0.7
2277,0.01473871745606753,0.0002289181774753699,0.1444,0.6
2019,0.014138866937727711,0.0005150658993195822,0.0766,-0.9
2445,0.0008586665059805369,4.62128570778403e-06,0.2836,-1.7
347,0.07031827106564306,0.11995312499709382,0.41259999999999997,1.2
2075,0.011798451677820922,0.006515626548550992,0.0654,0.6
1145,0.04614456742337976,0.00042937896401333287,0.0336,0.6
658,0.0677010715272285,0.02938220606702132,0.0834,0.6
590,0.005716638964039097,0.00016676689229080697,0.501,-1.1
1539,0.008288827026342241,0.0010157814903886773,0.11699999999999999,-0.5
1418,0.017939795698717863,0.0009359748907663265,0.36060000000000003,-0.8
89,0.0004169006476933615,0.0019614997110837993,0.17739999999999997,-1.6
2199,0.0045699353105229205,5.7229544368842474e-05,0.4104,-1.1
644,0.011358500798409207,0.01720424547645878,0.13019999999999998,-0.8
760,0.03639486390017906,1.0,0.0546,-0.6
1050,0.010495478343127564,0.0018295140743831563,0.41259999999999997,1.2
177,0.04778567132257148,0.048182511998996654,0.057999999999999996,0.3
823,0.025359610839489437,0.0011448627277126015,0.252,-1.1
1234,0.08131958402136158,0.008045186273510953,0.36060000000000003,-0.8
1851,0.0019106282621976563,0.002080623007687545,0.1974,-1.1
2523,0.28249819500350837,8.35265200063256e-05,0.547,-1.2
1117,0.0506834665951323,0.000436861726939559,0.4384,2.2
2677,0.010914193969696387,0.03240622949885705,0.1744,-0.8
2181,0.009436619667183694,5.7229544368842474e-05,0.195,-1.7
2201,0.0019280520594020807,5.7229544368842474e-05,0.40659999999999996,0.1
2739,0.01604005730977297,0.004579236300059023,0.3452,2.5
785,0.014361927841521852,0.0011448627277126015,0.1016,0.6
2,0.01692177404747186,5.007585132273716e-07,0.1646,-0.6
1477,0.00949524348486108,0.0007627696747340247,0.1378,0.2
2566,0.028825313002181968,0.004489242841539018,0.0724,1.5
108,0.01177957589751613,0.000455547173175986,0.1376,0.0
2742,0.021009106475009736,0.004579236300059023,0.2116,-0.3
2616,0.017365536382522043,0.00035768465230526545,0.35200000000000004,-0.5
2048,0.01562642362405544,0.006515626548550992,0.3826,2.3
171,0.06437221877174572,0.048182511998996654,0.19940000000000002,2.2
412,0.028576297900468735,0.0006760239928569517,0.1804,-0.2
1478,0.009620658525155425,0.0007627696747340247,0.0834,0.6
416,0.0240720648252375,0.0006760239928569517,0.1244,-0.6
1367,0.003874798401221408,0.011729195118394264,0.1646,-1.1
2542,0.07740050013557892,0.004489242841539018,0.2116,-0.3
1294,0.004043591436639269,0.0010309902418046972,0.0834,0.6
1931,0.17317167195491012,0.0007919853571343187,0.3486,-0.6
2500,0.9439039034024683,8.35265200063256e-05,0.4708,2.2
1981,0.01950067753161421,0.010925821081930546,0.45439999999999997,-0.7
364,0.011906987414573482,0.0011343467989348268,0.107,1.3
2309,0.003772070596870323,0.0004441728012326786,0.2332,0.6
2270,0.03555834013647915,0.0002289181774753699,0.19940000000000002,2.2
1928,0.15143385146140284,0.0007919853571343187,0.17579999999999998,1.5
740,0.032456178242541434,1.0,0.31420000000000003,0.9
73,0.0006205412775200709,0.0019614997110837993,0.22399999999999998,2.3
2585,0.017873004476100903,0.00035768465230526545,0.3452,2.5
1676,0.024472086169389073,0.0018220599262291145,0.316,-1.5
2524,0.5701235238323061,8.35265200063256e-05,0.2064,-1.2
312,0.10909965068916563,0.11995312499709382,0.2018,-1.7
2490,0.5142604705223836,8.35265200063256e-05,0.0602,0.7
856,0.06707708178984505,0.0019275053617287068,0.195,0.6
378,0.009244594902159934,0.0011343467989348268,0.0766,-0.9
1548,0.011138888354478443,0.0010157814903886773,0.3618,0.5
154,0.035859263634030566,0.048182511998996654,0.1376,0.0
1216,0.054083103526758054,0.008045186273510953,0.0492,0.6
772,0.04940808093934595,1.0,0.0654,0.6
2115,0.03754465301778353,0.4731293196412984,0.1202,-0.6
2476,0.00018730581994756164,4.62128570778403e-06,0.35340000000000005,0.1
930,0.015905385877213775,0.003614603714949998,0.4286,1.6
2649,0.014520919991012224,0.0016024272423275892,0.1244,-0.6
2477,0.0024605668614622995,4.62128570778403e-06,0.33840000000000003,-1.2
308,0.08208895356666944,0.11995312499709382,0.207,-0.8
1001,0.03298342960586282,0.16345795157233095,0.5376,-1.2
1783,0.023529204643587154,0.06680464805196569,0.005600000000000001,-0.9
143,0.010470976128308843,0.000455547173175986,0.3322,2.2
965,0.010240473811125313,0.003614603714949998,0.0872,-1.2
2069,0.013197981888688797,0.006515626548550992,0.0546,-0.6
1080,0.010162429719480495,0.008982305755164656,0.2086,0.6
1405,0.023260406272131398,0.0009359748907663265,0.16519999999999999,1.5
632,0.006722137261044418,0.01720424547645878,0.1866,-1.4
1456,0.006850637765427048,0.0003433772662130548,0.29100000000000004,0.5
1682,0.018570500857940514,0.0018220599262291145,0.195,0.6
2345,0.0036951154925507824,0.0015329219606916302,0.1376,0.0
955,0.014254844087869662,0.003614603714949998,0.5226,-0.8
1491,0.008230747702327493,0.0007627696747340247,0.057999999999999996,0.3
178,0.04540369304641663,0.048182511998996654,0.1444,0.6
498,0.6069548901520335,1.4307386092210617e-06,0.2724,0.6
340,0.14985554583130206,0.11995312499709382,0.45439999999999997,-0.7
1487,0.008384113417303937,0.0007627696747340247,0.195,-1.7
484,0.117375228369717,2.7727714246704177e-05,0.36060000000000003,-0.8
2233,0.01213621924654419,0.00042504382602739303,0.4224,-0.9
198,0.04494649986768804,0.048182511998996654,0.5256000000000001,-1.1
1639,0.004612042820433613,0.001123029656535888,0.099,-1.6
2175,0.008682314446542157,5.7229544368842474e-05,0.0834,0.3
1642,0.004693172376166714,0.001123029656535888,0.1866,-1.4
1166,0.12386867829245335,0.00042937896401333287,0.133,-0.6
1816,0.06603637290265578,0.0010950014871812476,0.3454,-0.9
1220,0.07907155118621574,0.008045186273510953,0.1226,-0.9
1857,0.0990296033944461,0.0014529436724361727,0.207,-0.8
1339,0.004804430581232465,0.011729195118394264,0.187,0.2
2410,0.021671573764552955,0.004298983221284801,0.08439999999999999,-1.7
759,0.03639486390017906,0.07645529473365578,0.0546,-0.6
170,0.07428762986627599,0.048182511998996654,0.1804,-0.2
1356,0.0036032775614524624,0.011729195118394264,0.3518,0.6
773,0.0455327380444619,0.07645529473365578,0.22899999999999998,0.1
2427,0.02768931772403101,0.004298983221284801,0.1528,-0.7
2356,0.008477221833615078,0.0015329219606916302,0.2144,2.3
992,0.020813814748010147,0.16345795157233095,0.5770000000000001,-0.8
45,0.0022703570753140005,0.004375012670978808,0.2696,1.5
2818,0.04050524655943529,0.05065076501808047,0.3322,2.2
467,0.11450756174648884,2.7727714246704177e-05,0.20559999999999998,-0.9
1934,0.2038440889586486,0.0007919853571343187,0.33020000000000005,2.2
2634,0.015025121122615254,0.0016024272423275892,0.2116,-0.3
2100,0.03305548426721861,0.4731293196412984,0.19940000000000002,2.2
2066,0.01566962012129141,0.006515626548550992,0.1528,1.5
2773,0.029971472162035506,0.004579236300059023,0.45439999999999997,-0.7
1496,0.007807313130682472,0.0007627696747340247,0.0766,-0.9
319,0.1485863311036923,0.11995312499709382,0.1882,-0.9
184,0.03519498136561189,0.048182511998996654,0.1866,-1.4
2665,0.00742290060485986,0.0016024272423275892,0.45439999999999997,-0.7
2228,0.016064741022479238,0.00042504382602739303,0.1882,-0.6
1832,0.06285761890017362,0.0010950014871812476,0.49,-0.8
1587,0.0024257192670534508,0.006225358299512223,0.13,-0.1
2025,0.012953504234164219,0.0005150658993195822,0.3858,0.5
1649,0.007364095289294928,0.001123029656535888,0.4104,-1.1
839,0.062280455617777064,0.0019275053617287068,0.3432,0.7
1779,0.019506485464015684,0.06680464805196569,0.3014,0.6
2366,0.006474029648768918,0.0015329219606916302,0.265,-0.1
744,0.036904328470520935,1.0,0.07780000000000001,0.6
539,0.07726945866077065,0.008805623844311947,0.2116,-0.3
1154,0.06951423542381391,0.00042937896401333287,0.19,-1.7
801,0.02239030539923546,0.0011448627277126015,0.6344,-0.9
2406,0.023987849805416114,0.004298983221284801,0.3454,-0.9
1135,0.03501203149496543,0.000436861726939559,0.41659999999999997,2.2
1422,0.01000960849816669,0.0003433772662130548,0.11199999999999999,0.0
210,0.00417572189877282,0.000341960834989926,0.2812,2.5
2436,0.0031233971467806085,4.62128570778403e-06,0.1162,0.6
2710,0.018744012838434573,0.0011616023694404878,0.0724,1.5
65,0.0004085517448662415,0.0019614997110837993,0.052199999999999996,-0.5
863,0.07568353011939294,0.0019275053617287068,0.49,-0.8
1786,0.03292898023959899,0.06680464805196569,0.37799999999999995,-0.8
1808,0.041110542014401494,0.0010950014871812476,0.3432,0.7
203,0.0,4.86451127135161e-07,0.2394,-1.2
1132,0.03949031037227758,0.000436861726939559,0.3456,-0.6
1620,0.004863780390460036,0.001123029656535888,0.2018,-1.7
1021,0.015166689474901202,0.0018295140743831563,0.107,1.3
2568,0.03226905392048142,0.004489242841539018,0.5770000000000001,-0.8
1026,0.012288677472082902,0.0018295140743831563,0.195,-1.7
2466,0.003062958350227762,4.62128570778403e-06,0.1906,1.5
341,0.07973311098632123,0.11995312499709382,0.4104,-1.1
2192,0.010410718829643542,5.7229544368842474e-05,0.1866,-1.4
875,0.09817039239480292,0.0019275053617287068,0.4428,1.2
1506,0.01209030028099503,0.0007627696747340247,0.11,0.6
1120,0.05276234339908518,0.000436861726939559,0.133,-0.6
372,0.011139069852365988,0.0011343467989348268,0.491,0.9
576,0.11149270033646079,0.008805623844311947,0.13019999999999998,-0.8
942,0.014594971129131029,0.003614603714949998,0.35259999999999997,-1.5
211,0.0045323652478008805,0.000341960834989926,0.1328,-0.5
520,0.3957913543844263,1.4307386092210617e-06,0.1646,-0.6
1475,0.008136550298691073,0.0007627696747340247,0.0864,0.7
939,0.01704156265325228,0.003614603714949998,0.3508,-0.9
889,0.08719376315179067,0.3008584617651346,0.2144,2.3
1258,0.0096311854026331,2.220506321511088e-05,0.21960000000000002,-0.6
2443,0.0024874285488191202,4.62128570778403e-06,0.1366,1.6
2637,0.011090609916391183,0.0016024272423275892,0.2018,-1.7
2111,0.05990591875501161,0.4731293196412984,0.0766,-0.9
1325,0.0013715795361857782,0.0010309902418046972,0.132,-1.2
354,0.007951422453394065,0.0011343467989348268,0.207,-0.8
96,0.0017227779485874564,0.0019614997110837993,0.3448,0.5
1864,0.1637129095454458,0.0014529436724361727,0.2144,2.3
2333,0.0035265039550204675,0.0004441728012326786,0.327,0.5
589,0.0048352852221153,0.00016676689229080697,0.332,1.2
1791,0.024554123214559905,0.06680464805196569,0.5094,-0.7
2826,0.03996674232708605,0.05065076501808047,0.41259999999999997,1.2
1979,0.017205455245706394,0.010925821081930546,0.3858,0.5
513,0.6198873406312424,1.4307386092210617e-06,0.637,-0.9
71,0.0006203597796325249,0.0019614997110837993,0.0902,0.2
2720,0.014221811472336273,0.0011616023694404878,0.40659999999999996,0.1
1507,0.0057435006513959184,0.0007627696747340247,0.40659999999999996,0.1
2357,0.009126258279479885,0.0015329219606916302,0.1864,0.5
2459,0.005411178019299034,4.62128570778403e-06,0.2112,0.9
370,0.01098824510781519,0.0011343467989348268,0.1244,-0.6
456,0.11674887915979545,2.7727714246704177e-05,0.12619999999999998,1.3
725,0.03949139935960285,0.07645529473365578,0.493,-0.9
68,0.0004526557315399406,0.0019614997110837993,0.1562,1.6
1666,0.023767148374160073,0.0018220599262291145,0.1446,-1.7
1268,0.018671413683416137,2.220506321511088e-05,0.6314,-1.4
1768,0.020391106167915313,0.06680464805196569,0.001,0.3
881,0.08950386826447727,0.3008584617651346,0.2488,-0.5
1728,0.022675801576345453,0.020119318163202324,0.07780000000000001,0.6
231,0.003360070392140706,0.000341960834989926,0.1168,0.3
377,0.008199711563557113,0.0011343467989348268,0.099,-1.6
2291,0.020891858839654966,0.0002289181774753699,0.11,0.6
862,0.07172850965187616,0.0019275053617287068,0.1832,-1.4
432,0.013718154834395882,0.0006760239928569517,0.45439999999999997,-0.7
1597,0.004344333436303135,0.006225358299512223,0.256,-0.8
1710,0.02129805111198311,0.020119318163202324,0.2726,1.6
994,0.029777087924473648,0.16345795157233095,0.35200000000000004,-0.5
2803,0.043464388117986696,0.05065076501808047,0.1244,-0.6
1809,0.040881854676093426,0.0010950014871812476,0.1446,-1.7
1378,0.02481221321065044,0.0009359748907663265,0.2812,2.5
1591,0.004696257840254997,0.006225358299512223,0.21960000000000002,-0.9
1143,0.04410888711666285,0.000436861726939559,0.5506,1.2
2349,0.005380141880528652,0.0015329219606916302,0.207,-0.8
172,0.060395963051386045,0.048182511998996654,0.1524,-1.5
2347,0.0065281160192576515,0.0015329219606916302,0.3452,2.5
1248,0.010376597226784877,2.220506321511088e-05,0.2724,0.6
814,0.020003245182229325,0.0011448627277126015,0.005600000000000001,-0.9
208,0.00360708901709093,0.000341960834989926,0.3034,0.0
218,0.003790946377175116,0.000341960834989926,0.2332,0.6
948,0.016070911950655808,0.003614603714949998,0.1494,0.6
16,0.0017167885182984355,0.004375012670978808,0.29960000000000003,0.0
2143,0.02116628364562465,0.010307656158430495,0.099,-1.6
367,0.012726813372619156,0.0011343467989348268,0.19940000000000002,2.2
1406,0.02371215451423361,0.0009359748907663265,0.2632,-1.4
1128,0.0537446099664846,0.000436861726939559,0.1226,-0.9
884,0.07479328298097938,0.3008584617651346,0.198,1.6
1319,0.002169444249838376,0.0010309902418046972,0.3322,2.2
1388,0.02822818495215534,0.0009359748907663265,0.0286,0.5
2529,0.37913620073375964,1.1016687291002176e-05,0.3968,0.6
2641,0.012734073288121,0.0016024272423275892,0.1864,0.5
1712,0.02444958043133336,0.020119318163202324,0.0018,-1.7
2470,0.0037379489940116586,4.62128570778403e-06,0.303,-0.5
2306,0.004566668348547092,0.0004441728012326786,0.2186,0.7
2627,0.016703432088753918,0.00035768465230526545,0.5256000000000001,-1.1
394,0.016242064458611767,0.0011343467989348268,0.5256000000000001,-1.1
2784,0.03333499101403959,0.05065076501808047,0.15839999999999999,0.1
2799,0.04239463956879006,0.05065076501808047,0.1804,-0.2
984,0.024896065234696733,0.16345795157233095,0.057999999999999996,0.3
542,0.0871690794390844,0.008805623844311947,0.2018,-1.7
803,0.021980846164931487,0.0011448627277126015,0.4722,2.2
677,0.07869040562236897,0.02938220606702132,0.0724,1.5
406,0.032108791285778225,0.0006760239928569517,0.0834,0.6
1459,0.008060502683809263,0.0003433772662130548,0.34740000000000004,-1.1
552,0.10843772789328505,0.008805623844311947,0.1524,-1.5
362,0.00982774761484551,0.0011343467989348268,0.1864,0.5
549,0.09869129133206019,0.008805623844311947,0.1882,-0.9
970,0.014337062630928038,0.16345795157233095,0.1378,0.2
2235,0.014544696214280763,0.00042504382602739303,0.2638,-1.6
38,0.002946255208535628,0.004375012670978808,0.1298,0.9
940,0.013897837743066509,0.003614603714949998,0.07339999999999999,-0.2
81,0.0005682698859067979,0.0019614997110837993,0.15560000000000002,-1.7
2727,0.01847503296909127,0.00015341810106677447,0.3332,-0.7
788,0.013360422498042545,0.0011448627277126015,0.5682,2.5
877,0.06039904851547433,0.3008584617651346,0.12240000000000001,0.6
355,0.008524592782264606,0.0011343467989348268,0.2116,-0.3
1559,0.011400789806207446,0.0010157814903886773,0.10039999999999999,0.3
1299,0.0035163400733178867,0.0010309902418046972,0.1882,-0.9
2771,0.027827619114341128,0.004579236300059023,0.3858,0.5
1715,0.020262968659307774,0.020119318163202324,0.3826,2.3
2715,0.017254096679568745,0.0011616023694404878,0.3858,0.5
1775,0.020669342429523462,0.06680464805196569,0.0748,-0.6
642,0.009694346667499137,0.01720424547645878,0.5376,-1.2
1739,0.03813452115230831,0.020119318163202324,0.27940000000000004,2.2
554,0.12535187902947997,0.008805623844311947,0.1244,-0.6
2666,0.0072276088778602705,0.0016024272423275892,0.4104,-1.1
693,0.029485057823411993,0.07645529473365578,0.13140000000000002,0.6
2108,0.05682753308434243,0.4731293196412984,0.0706,-0.9
2682,0.014441060920491947,0.0011616023694404878,0.15839999999999999,0.1
2686,0.01770275945758267,0.0011616023694404878,0.2116,-0.3
649,0.05801797772875721,0.02938220606702132,0.15839999999999999,0.1
2341,0.0015750386681249416,0.0004441728012326786,0.36060000000000003,-0.8
1223,0.07001299161879054,0.008045186273510953,0.3148,-0.8
420,0.017644135639905287,0.0006760239928569517,0.1444,0.6
593,0.005707745567549339,8.535786542612854e-05,0.34740000000000004,-1.1
559,0.0886392123282077,0.008805623844311947,0.0706,-0.9
339,0.149083453817681,0.11995312499709382,0.3322,2.2
1753,0.006140981025121848,0.12528158187725755,0.1524,-1.1
1089,0.013351710599440333,0.008982305755164656,0.3322,2.2
2521,0.769634713721567,8.35265200063256e-05,0.3968,0.6
706,0.03236688128186876,1.0,0.0274,-0.3
2421,0.023378924392698994,0.004298983221284801,0.1832,-1.4
2104,0.053439149021744535,0.4731293196412984,0.265,-0.1
2721,0.022579426198058482,0.0011616023694404878,0.5376,-1.2
2254,0.02079149050784198,0.0002289181774753699,0.1376,0.0
1444,0.007445769338690667,0.0003433772662130548,0.2112,0.9
2770,0.024543959332857326,0.004579236300059023,0.35200000000000004,-0.5
960,0.012161447452913095,0.003614603714949998,0.345,-0.7
1265,0.012934083960196787,2.220506321511088e-05,0.2352,-1.6
1164,0.10515715357588953,0.00042937896401333287,0.201,-1.5
2241,0.011280275208876844,0.00042504382602739303,0.444,-0.5
2504,0.6186464395740898,8.35265200063256e-05,0.155,-0.1
1866,0.16764723925378233,0.0014529436724361727,0.0834,0.3
1876,0.11696667662485076,0.0014529436724361727,0.057999999999999996,0.3
1493,0.007352479424491978,0.0007627696747340247,0.0706,-0.9
1575,0.012056178678136365,0.0010157814903886773,0.2716,0.1
1484,0.0111871667925657,0.0007627696747340247,0.1804,-0.2
500,0.6024345037648107,1.4307386092210617e-06,0.021,0.5
147,0.005485410655305383,0.000455547173175986,0.40659999999999996,0.1
258,0.29985066353812706,0.0002288323331588166,0.044199999999999996,-0.8
769,0.04782578235571916,0.07645529473365578,0.13720000000000002,-1.1
13,0.0065351944368719495,5.007585132273716e-07,0.5454,1.2
1983,0.01598814891393479,0.010925821081930546,0.11,0.6
2359,0.009791811033111386,0.0015329219606916302,0.107,1.3
1296,0.0038504776842902327,0.0010309902418046972,0.1864,0.5
114,0.011880670220879299,0.000455547173175986,0.198,1.6
1594,0.004948176908168966,0.006225358299512223,0.04,-0.9
957,0.01412271362573611,0.003614603714949998,0.444,-0.5
2671,0.005665638057638647,0.0016024272423275892,0.13019999999999998,-0.8
241,0.004741995307916611,0.000341960834989926,0.1352,-0.5
541,0.08666397081804365,0.008805623844311947,0.0864,0.7
1354,0.003226850942681878,0.011729195118394264,0.195,0.6
679,0.08249260486857193,0.02938220606702132,0.5770000000000001,-0.8
2820,0.03722920968922843,0.05065076501808047,0.4104,-1.1
56,0.0033148774181417304,0.004375012670978808,0.3624,-1.2
1252,0.01018910990894977,2.220506321511088e-05,0.064,1.3
2709,0.01928415055177173,0.0011616023694404878,0.0766,-0.9
435,0.008034729983777718,0.0006760239928569517,0.40659999999999996,0.1
2807,0.03983515635861514,0.05065076501808047,0.1444,0.6
2752,0.027821266688277016,0.004579236300059023,0.1882,-0.9
155,0.03826882958909241,0.048182511998996654,0.15839999999999999,0.1
2824,0.0352919012375615,0.05065076501808047,0.132,-1.2
1361,0.003100709910837348,0.011729195118394264,0.49,-0.8
1016,0.0125856080161083,0.0018295140743831563,0.1378,0.2
60,0.0030540649537380035,0.004375012670978808,0.3396,-1.1
29,0.0034430149267492675,0.004375012670978808,0.11699999999999999,0.3
782,0.05701175344020171,1.0,0.33899999999999997,1.2
35,0.0032548016173639754,0.004375012670978808,0.08439999999999999,-1.7
2377,0.004507681535094613,0.0015329219606916302,0.1202,-0.6
1446,0.008271584727025362,0.0003433772662130548,0.069,0.6
1171,0.1673982241520691,0.00042937896401333287,0.20559999999999998,-0.9
1650,0.006424843721243929,0.001123029656535888,0.11,0.6
1310,0.001911898747410479,0.0010309902418046972,0.2086,0.6
1060,0.026062552157955433,0.008982305755164656,0.198,1.6
358,0.00790713696883282,0.0011343467989348268,0.2018,-1.7
1123,0.04588139548643793,0.000436861726939559,0.1168,0.3
499,0.5967890119726896,1.4307386092210617e-06,0.1628,2.3
2485,0.2901840860474225,8.35265200063256e-05,0.065,2.5
524,0.8597760025671061,1.4307386092210617e-06,0.299,-0.7
1200,0.08380301961665468,0.008045186273510953,0.19,-1.7
737,0.033318111710497804,0.07645529473365578,0.13,-0.1
50,0.002407387980411296,0.004375012670978808,0.41600000000000004,0.5
265,0.23609571908192561,0.0002288323331588166,0.1998,2.3
2000,0.013940489746639839,0.0005150658993195822,0.1378,0.2
1585,0.002470004751614696,0.006225358299512223,0.0132,-1.7
1664,0.025727144061770266,0.0018220599262291145,0.34979999999999994,1.6
1315,0.0016725030337371904,0.0010309902418046972,0.5770000000000001,-0.8
1518,0.05913927167801694,3.277822153725453e-05,0.1592,-0.9
2737,0.015082111459304725,0.004579236300059023,0.1376,0.0
2211,0.023424843358248154,0.00042504382602739303,0.11699999999999999,-0.5
1992,0.007065168268506523,0.0005150658993195822,0.15839999999999999,0.1
1901,0.21186919955438638,0.0007919853571343187,0.5682,2.5
336,0.15036700687840696,0.11995312499709382,0.1202,-0.6
548,0.09783825126059358,0.008805623844311947,0.107,1.3
2374,0.005978721913655647,0.0015329219606916302,0.0724,1.5
1156,0.06241058960314761,0.00042937896401333287,0.2332,0.6
887,0.08174084061835604,0.3008584617651346,0.1378,0.2
1721,0.018146703290520403,0.020119318163202324,0.4412,2.2
2751,0.02705806807114572,0.004579236300059023,0.107,1.3
494,0.5519074883487431,1.4307386092210617e-06,0.053,1.6
580,0.0019325895065907329,0.00016676689229080697,0.6437999999999999,0.5
1982,0.018715699167977384,0.010925821081930546,0.4104,-1.1
2717,0.019853690922891347,0.0011616023694404878,0.45439999999999997,-0.7
431,0.013748827977391171,0.0006760239928569517,0.3322,2.2
1189,0.1234258234468409,0.00042937896401333287,0.5506,1.2
1229,0.07621640791722825,0.008045186273510953,0.46740000000000004,-1.1
2312,0.005975454951679817,0.0004441728012326786,0.15380000000000002,0.3
2310,0.004956525810996086,0.0004441728012326786,0.2158,2.3
212,0.00356534450295533,0.000341960834989926,0.11359999999999999,-0.8
2147,0.0216788336800548,0.010307656158430495,0.5770000000000001,-0.8
1064,0.013262958132430296,0.008982305755164656,0.0834,0.6
1245,0.009557497260289387,2.220506321511088e-05,0.0602,0.7
75,0.0006156408345563266,0.0019614997110837993,0.0712,0.3
2259,0.05147225641440759,0.0002289181774753699,0.2116,-0.3
1748,0.02379782151715536,0.020119318163202324,0.42840000000000006,-1.1
1312,0.0020091816151351816,0.0010309902418046972,0.0766,-0.9
2564,0.03800547615426304,0.004489242841539018,0.099,-1.6
1031,0.009406128022075952,0.0018295140743831563,0.1444,0.6
2464,0.0031504403320249757,4.62128570778403e-06,0.2932,-1.6
247,0.004080435507811124,0.000341960834989926,0.5197999999999999,0.1
1595,0.0054077295594356575,0.006225358299512223,0.1528,1.5
1680,0.02293461756398617,0.0018220599262291145,0.1298,0.9
2052,0.017856306670446662,0.006515626548550992,0.493,-0.9
1500,0.005050178720969867,0.0007627696747340247,0.1202,-0.6
186,0.022992515390113374,0.048182511998996654,0.1202,-0.6
1947,0.010230672925197824,0.010925821081930546,0.3452,2.5
668,0.04312462407250042,0.02938220606702132,0.1244,-0.6
1798,0.023152415029041477,0.06680464805196569,0.332,1.2
1336,0.0035637110219674155,0.011729195118394264,0.34979999999999994,1.6
8,0.008607900312648261,5.007585132273716e-07,0.3968,0.6
2119,0.04728637063393219,0.4731293196412984,0.45439999999999997,-0.7
1622,0.004874670263712801,0.001123029656535888,0.0834,0.6
1957,0.027497655954782343,0.010925821081930546,0.1864,0.5
1075,0.011345251452618343,0.008982305755164656,0.265,-0.1
1893,0.07589279718373358,0.0014529436724361727,0.5376,-1.2
631,0.010061516894004871,0.01720424547645878,0.0724,1.5
293,0.09508275033186889,0.0002288323331588166,0.42200000000000004,0.1
1781,0.01862694670096735,0.06680464805196569,0.2982,0.6
2379,0.005385405319267489,0.0015329219606916302,0.3858,0.5
1655,0.0057119200189628995,0.001123029656535888,0.41259999999999997,1.2
1105,0.047670964657642347,0.000436861726939559,0.1782,-0.3
32,0.0037381304918992046,0.004375012670978808,0.11939999999999999,-0.2
134,0.007176063477797182,0.000455547173175986,0.2086,0.6
1124,0.06605579317662322,0.000436861726939559,0.0492,0.6
445,0.1256847461552395,2.7727714246704177e-05,0.1328,-0.5
2614,0.02155541511652346,0.00035768465230526545,0.5770000000000001,-0.8
226,0.004106026709955123,0.000341960834989926,0.201,-1.5
464,0.12075217806539949,2.7727714246704177e-05,0.2336,0.9
455,0.12251651903023501,2.7727714246704177e-05,0.15380000000000002,0.3
2694,0.02120149423580859,0.0011616023694404878,0.0834,0.3
2797,0.04767495761116836,0.05065076501808047,0.107,1.3
1972,0.016668402996457523,0.010925821081930546,0.099,-1.6
999,0.028844370280374308,0.16345795157233095,0.11,0.6
1964,0.020431761694725634,0.010925821081930546,0.195,-1.7
1681,0.01977383185237107,0.0018220599262291145,0.1152,0.3
2202,0.004360668246182283,5.7229544368842474e-05,0.5376,-1.2
752,0.03521893908676797,1.0,0.04,-0.9
2748,0.028674306759743622,0.004579236300059023,0.2144,2.3
1825,0.05965254770399727,0.0010950014871812476,0.195,0.6
533,0.07340192017505108,0.008805623844311947,0.12240000000000001,0.6
243,0.004254310484080276,0.000341960834989926,0.41659999999999997,2.2
2495,0.7463198580831718,8.35265200063256e-05,0.021,0.5
401,0.029209544030117034,0.0006760239928569517,0.2116,-0.3
1495,0.007076058141759288,0.0007627696747340247,0.099,-1.6
585,0.0010287300266112202,0.00016676689229080697,0.42200000000000004,0.1
244,0.004624384676786747,0.000341960834989926,0.4192,-0.7
2020,0.01646113240887989,0.0005150658993195822,0.0724,1.5
2512,0.6957336743557642,8.35265200063256e-05,0.33880000000000005,1.5
1340,0.004115101604332427,0.011729195118394264,0.1018,0.6
1501,0.0056509367287474145,0.0007627696747340247,0.35200000000000004,-0.5
450,0.13914009204846864,2.7727714246704177e-05,0.19,-1.7
1227,0.06260243287028382,0.008045186273510953,0.41659999999999997,2.2
1182,0.10508382842932092,0.00042937896401333287,0.4192,-0.7
2206,0.0034424704330866295,5.7229544368842474e-05,0.5256000000000001,-1.1
1998,0.014313104909771956,0.0005150658993195822,0.0864,0.7
285,0.1593462518689745,0.0002288323331588166,0.37799999999999995,-0.8
471,0.1286001467228923,2.7727714246704177e-05,0.16519999999999999,1.5
2063,0.01396916641287212,0.006515626548550992,0.1568,0.6
1637,0.004782106341064296,0.001123029656535888,0.0706,-0.9
2753,0.023559696288694896,0.004579236300059023,0.1804,-0.2
2571,0.03306945960455966,0.004489242841539018,0.3858,0.5
2444,0.0,4.62128570778403e-06,0.25,0.7
1674,0.02416009130069735,0.0018220599262291145,0.11939999999999999,-0.2
1839,0.043796166256420944,0.0010950014871812476,0.4546,0.6
304,0.06054696929382439,0.11995312499709382,0.1376,0.0
1787,0.019128969857919825,0.06680464805196569,0.3486,-0.6
871,0.07695455982587819,0.0019275053617287068,0.1184,0.1
2018,0.013456797876329517,0.0005150658993195822,0.099,-1.6
1833,0.05043517748496925,0.0010950014871812476,0.1804,-0.6
611,0.014191501325116077,0.01720424547645878,0.1378,0.2
2437,0.00347768102327057,4.62128570778403e-06,0.11199999999999999,0.0
1407,0.024470271190513614,0.0009359748907663265,0.3148,-0.8
426,0.013123749252682448,0.0006760239928569517,0.1866,-1.4
1184,0.10777126765021582,0.00042937896401333287,0.43560000000000004,0.6
1968,0.017443035980504222,0.010925821081930546,0.057999999999999996,0.3
1826,0.054180386394482756,0.0010950014871812476,0.36939999999999995,-0.9
2324,0.004510404003407804,0.0004441728012326786,0.20559999999999998,-0.9
1014,0.011103677764294502,0.0018295140743831563,0.0864,0.7
1855,0.08706852960938388,0.0014529436724361727,0.3452,2.5
1704,0.020220679651509536,0.020119318163202324,0.254,0.0
2670,0.005717909449251921,0.0016024272423275892,0.132,-1.2
2587,0.023344621291952784,0.00035768465230526545,0.207,-0.8
1923,0.14083165236039819,0.0007919853571343187,0.3014,0.6
1927,0.14154657253944222,0.0007919853571343187,0.005600000000000001,-0.9
2168,0.006470036695242904,5.7229544368842474e-05,0.198,1.6
1670,0.02400799607093373,0.0018220599262291145,0.36219999999999997,0.5
1907,0.2865622957014403,0.0007919853571343187,0.0154,-1.7
678,0.07903507011081898,0.02938220606702132,0.1866,-1.4
1044,0.011879581233554024,0.0018295140743831563,0.4104,-1.1
2777,0.03853708346688553,0.004579236300059023,0.5376,-1.2
943,0.014077520651737134,0.003614603714949998,0.12960000000000002,-1.7
1218,0.057598173114863115,0.008045186273510953,0.4142,0.6
1776,0.021134521515304084,0.06680464805196569,0.16879999999999998,-0.1
1498,0.004594982019004281,0.0007627696747340247,0.1866,-1.4
1065,0.015966187669541713,0.008982305755164656,0.2144,2.3
2474,0.00364883353122653,4.62128570778403e-06,0.34740000000000004,-1.1
1593,0.0042040355692300095,0.006225358299512223,0.0292,-1.6
2381,0.00637928775146986,0.0015329219606916302,0.45439999999999997,-0.7
2483,0.34220355859278156,8.35265200063256e-05,0.068,0.0
49,0.0022578337210733203,0.004375012670978808,0.12960000000000002,-0.5
1729,0.021717311232214567,0.020119318163202324,0.21960000000000002,-0.9
540,0.0781455489639556,0.008805623844311947,0.198,1.6
1668,0.027647391712007863,0.0018220599262291145,0.1018,0.6
1746,0.030676046961489414,0.020119318163202324,0.15,-0.8
110,0.011197149176380736,0.000455547173175986,0.3452,2.5
1631,0.00785885853074556,0.001123029656535888,0.195,-1.7
2032,0.007462830140119999,0.0005150658993195822,0.132,-1.2
510,0.533830661744928,1.4307386092210617e-06,0.3132,0.9
1613,0.0024560294142736473,0.001123029656535888,0.15839999999999999,0.1
2252,0.014054470420018781,0.00042504382602739303,0.1204,-1.1
1897,0.058081683487285894,0.0014529436724361727,0.5256000000000001,-1.1
44,0.0023039341845100263,0.004375012670978808,0.1474,-0.9
1115,0.056049996134095,0.000436861726939559,0.1568,-0.9
1269,0.03540243345107706,2.220506321511088e-05,0.47479999999999994,-0.8
235,0.0036281427720462763,0.000341960834989926,0.0894,-1.6
1324,0.0022901403450565237,0.0010309902418046972,0.5376,-1.2
1719,0.021880659331006046,0.020119318163202324,0.493,-0.9
1607,0.004559589930932794,0.006225358299512223,0.1818,-1.2
2212,0.02381324883759678,0.00042504382602739303,0.18960000000000002,-0.8
78,0.0006103773958174901,0.0019614997110837993,0.1998,-0.2
269,0.1901502548411839,0.0002288323331588166,0.6344,-0.9
1892,0.04392757072700431,0.0014529436724361727,0.40659999999999996,0.1
826,0.02638743337666293,0.0011448627277126015,0.7173999999999999,-1.2
313,0.11655594690533397,0.11995312499709382,0.1378,0.2
2713,0.015562717865526763,0.0011616023694404878,0.1202,-0.6
1307,0.002401217052234729,0.0010309902418046972,0.057999999999999996,0.3
1351,0.003506539187390398,0.011729195118394264,0.128,-0.1
1564,0.013798376900691254,0.0010157814903886773,0.1884,-0.9
911,0.045487908066238016,0.3008584617651346,0.35200000000000004,-0.5
2188,0.008453082614571448,5.7229544368842474e-05,0.2086,0.6
1430,0.01094051116339057,0.0003433772662130548,0.2836,-1.7
697,0.05343061862102987,0.07645529473365578,0.3642,0.1
338,0.14768229012582523,0.11995312499709382,0.3858,0.5
466,0.10894446999531372,2.7727714246704177e-05,0.0492,0.6
1019,0.014605135010833608,0.0018295140743831563,0.1864,0.5
363,0.010186205942749032,0.0011343467989348268,0.0834,0.3
864,0.07574378741805825,0.0019275053617287068,0.1804,-0.6
1842,0.030570233693050047,0.0010950014871812476,0.16899999999999998,-1.2
2644,0.013062402966691871,0.0016024272423275892,0.1882,-0.9
1344,0.004758693113570851,0.011729195118394264,0.193,1.3
1360,0.0030041530346628298,0.011729195118394264,0.1832,-1.4
2399,0.02977472845193555,0.004298983221284801,0.1446,-1.7
1758,0.011908257899786305,0.06680464805196569,0.1202,-0.5
2299,0.003864090025856189,0.0004441728012326786,0.3034,0.0
1094,0.013635573295562413,0.008982305755164656,0.5376,-1.2
2328,0.0042423316235022344,0.0004441728012326786,0.16519999999999999,1.5
2774,0.030443729665430425,0.004579236300059023,0.4104,-1.1
1524,0.0796073329502518,3.277822153725453e-05,0.18,0.5
1034,0.008199711563557113,0.0018295140743831563,0.099,-1.6
685,0.0681464673432666,0.02938220606702132,0.4104,-1.1
1420,0.013080915751221571,0.0009359748907663265,0.1476,-1.1
1529,0.018678855096805527,3.277822153725453e-05,0.4376,0.1
819,0.02076589930569798,0.0011448627277126015,0.6265999999999999,-0.5
2027,0.012484332194857584,0.0005150658993195822,0.45439999999999997,-0.7
83,0.00038568301103543456,0.0019614997110837993,0.081,-0.1
79,0.000597672543689264,0.0019614997110837993,0.3478,2.2
1311,0.0016645171266851625,0.0010309902418046972,0.099,-1.6
1765,0.013821064136634514,0.06680464805196569,0.0,0.6
1088,0.012546948966060983,0.008982305755164656,0.3858,0.5
662,0.045198237437714464,0.02938220606702132,0.107,1.3
1439,0.008072481544387305,0.0003433772662130548,0.43439999999999995,2.2
2757,0.018665061257352025,0.004579236300059023,0.1244,-0.6
919,0.06370920698853987,0.3008584617651346,0.132,-1.2
1440,0.006833939959772808,0.0003433772662130548,0.2662,-1.5
2813,0.039233490861399864,0.05065076501808047,0.1866,-1.4
2155,0.0647025449270796,0.010307656158430495,0.40659999999999996,0.1
2426,0.02361015270143271,0.004298983221284801,0.445,2.2
205,0.0013982597256550532,4.86451127135161e-07,0.5506,1.2
328,0.15068916562880125,0.11995312499709382,0.1444,0.6
808,0.021516574568588596,0.0011448627277126015,0.2738,0.9
1510,0.006166027733603209,0.0007627696747340247,0.13019999999999998,-0.8
1196,0.06926249785378748,0.008045186273510953,0.11359999999999999,-0.8
1057,0.009954251642465134,0.008982305755164656,0.2488,-0.5
545,0.07126115259144498,0.008805623844311947,0.2144,2.3
528,0.302313771370015,1.4307386092210617e-06,0.547,-1.2
1281,0.014466107628973306,2.220506321511088e-05,0.5454,1.2
656,0.0705279011257588,0.02938220606702132,0.2018,-1.7
2633,0.013359333510717268,0.0016024272423275892,0.207,-0.8
1921,0.1305605054062776,0.0007919853571343187,0.2738,0.9
1442,0.007525628409210945,0.0003433772662130548,0.059000000000000004,-0.6
2678,0.010968098842297574,0.03240622949885705,0.332,1.2
858,0.058491687215252504,0.0019275053617287068,0.3518,0.6
1988,0.013735760129487852,0.010925821081930546,0.41259999999999997,1.2
2158,0.057086167574095605,0.010307656158430495,0.13019999999999998,-0.8
2300,0.0039530239907537715,0.0004441728012326786,0.0946,0.1
2062,0.014320183327386252,0.006515626548550992,0.21960000000000002,-0.9
844,0.07740104462924156,0.0019275053617287068,0.36219999999999997,0.5
833,0.04797043617209339,0.0019275053617287068,0.247,0.1
879,0.07204340848676863,0.3008584617651346,0.15839999999999999,0.1
1614,0.0025113862699752037,0.001123029656535888,0.3452,2.5
1749,0.007166444089757239,0.12528158187725755,0.547,-1.2
1850,0.001557070377257879,0.002080623007687545,0.4374,1.2
1976,0.016155308468364736,0.010925821081930546,0.5770000000000001,-0.8
213,0.0037858644363238255,0.000341960834989926,0.1782,-0.3
472,0.13449755758292728,2.7727714246704177e-05,0.2632,-1.4
2482,0.32144473770469784,8.35265200063256e-05,0.10619999999999999,0.6
131,0.008244178546005903,0.000455547173175986,0.057999999999999996,0.3
1039,0.007269171894108324,0.0018295140743831563,0.1202,-0.6
439,0.018953642898550303,0.0006760239928569517,0.41259999999999997,1.2
849,0.0724292729956916,0.0019275053617287068,0.3398,2.2
2746,0.02439857952493291,0.004579236300059023,0.1378,0.2
476,0.14867472057492723,2.7727714246704177e-05,0.327,0.5
1419,0.010705289901130842,0.0009359748907663265,0.5506,1.2
904,0.0419104032048171,0.3008584617651346,0.2086,0.6
1609,0.00709729339460218,0.006225358299512223,0.33899999999999997,1.2
1752,0.0063838251986585125,0.12528158187725755,0.5454,1.2
853,0.07349466559558714,0.0019275053617287068,0.128,-0.1
448,0.13704106897899815,2.7727714246704177e-05,0.0236,1.6
2516,0.7620760526968227,8.35265200063256e-05,0.1074,-0.5
1717,0.020859007722009125,0.020119318163202324,0.14,0.3
2263,0.04688925325598135,0.0002289181774753699,0.0834,0.6
129,0.008603181367572063,0.000455547173175986,0.265,-0.1
2284,0.013651182113891377,0.0002289181774753699,0.5770000000000001,-0.8
1727,0.021346511047957914,0.020119318163202324,0.1362,0.3
103,0.0013648641143465731,0.0019614997110837993,0.2242,-1.2
635,0.00819009217551717,0.01720424547645878,0.35200000000000004,-0.5
1084,0.011123824029812117,0.008982305755164656,0.1866,-1.4
784,0.047265316878976844,1.0,0.42840000000000006,-1.1
523,0.8735366279071878,1.4307386092210617e-06,0.3778,2.2
969,0.009538439982097049,0.16345795157233095,0.2018,-1.7
1803,0.04018326930692854,0.0010950014871812476,0.12480000000000001,2.5
1102,0.04623459037560262,0.000436861726939559,0.2812,2.5
1821,0.06072320374263164,0.0010950014871812476,0.24420000000000003,-0.6
1415,0.007617466340309265,0.0009359748907663265,0.5197999999999999,0.1
165,0.06537626508565067,0.048182511998996654,0.2144,2.3
2416,0.017850680235932732,0.004298983221284801,0.36939999999999995,-0.9
1260,0.010281129337935636,2.220506321511088e-05,0.3132,0.9
1618,0.0033720492527187476,0.001123029656535888,0.198,1.6
1742,0.0357716001543458,0.020119318163202324,0.0654,0.6
907,0.03590246013126653,0.3008584617651346,0.0724,1.5
2184,0.01022577248223408,5.7229544368842474e-05,0.491,0.9
349,0.00829209398831807,0.0011343467989348268,0.12240000000000001,0.6
2368,0.006210131720276907,0.0015329219606916302,0.057999999999999996,0.3
1494,0.007566646931796361,0.0007627696747340247,0.2086,0.6
371,0.010649388551766645,0.0011343467989348268,0.265,-0.1
2664,0.006905631625353513,0.0016024272423275892,0.3322,2.2
1860,0.1457099525818619,0.0014529436724361727,0.0864,0.7
2768,0.020100528049954026,0.004579236300059023,0.5770000000000001,-0.8
1276,0.017680072221639413,2.220506321511088e-05,0.3968,0.6
507,0.8327618569847466,1.4307386092210617e-06,0.1158,-1.7
1624,0.004652335351468844,0.001123029656535888,0.1864,0.5
1335,0.002773469219591753,0.011729195118394264,0.1324,-0.3
1914,0.25603090255632516,0.0007919853571343187,0.6344,-0.9
1741,0.03713827924756784,0.020119318163202324,0.13720000000000002,-1.1
2638,0.008264687807298611,0.0016024272423275892,0.1378,0.2
395,0.019819932315807778,0.0006760239928569517,0.12240000000000001,0.6
625,0.00682177960130722,0.01720424547645878,0.057999999999999996,0.3
695,0.04292878785183819,0.07645529473365578,0.254,0.0
1949,0.011103859262182048,0.010925821081930546,0.207,-0.8
947,0.016983664827125076,0.003614603714949998,0.10039999999999999,0.3
761,0.03902077533719585,0.07645529473365578,0.3104,-0.5
1382,0.03183835943333455,0.0009359748907663265,0.0236,1.6
2095,0.04569681213480356,0.4731293196412984,0.1864,0.5
263,0.2517098008496279,0.0002288323331588166,0.1656,0.2
2643,0.012874734150969217,0.0016024272423275892,0.107,1.3
1383,0.02760546569998472,0.0009359748907663265,0.2186,0.7
2680,0.013395270092451395,0.0011616023694404878,0.12240000000000001,0.6
2432,0.031698787557811615,0.004298983221284801,0.16899999999999998,-1.2
846,0.0763249436539808,0.0019275053617287068,0.193,1.3
783,0.047265316878976844,0.07645529473365578,0.42840000000000006,-1.1
1991,0.007182597401748841,0.0005150658993195822,0.1376,0.0
1401,0.024660117980886822,0.0009359748907663265,0.20559999999999998,-0.9
645,0.01295713419191514,0.01720424547645878,0.41259999999999997,1.2
2624,0.028312762967751818,0.00035768465230526545,0.132,-1.2
2645,0.014411295266934389,0.0016024272423275892,0.1804,-0.2
1658,0.019138589245959767,0.0018220599262291145,0.29960000000000003,0.0
2766,0.022968920664732384,0.004579236300059023,0.0724,1.5
1882,0.10500632883133873,0.0014529436724361727,0.0724,1.5
771,0.04940808093934595,0.07645529473365578,0.0654,0.6
1754,0.01597054361884282,0.06680464805196569,0.1016,0.6
1943,0.13731640127440556,0.0007919853571343187,0.501,-1.1
2541,0.07486806011064837,0.004489242841539018,0.207,-0.8
51,0.002823199640779381,0.004375012670978808,0.445,2.2
2478,0.002629178398992614,4.62128570778403e-06,0.061399999999999996,-1.2
493,0.4017555564670783,1.4307386092210617e-06,0.0622,-0.3
1880,0.10958025709538767,0.0014529436724361727,0.099,-1.6
601,0.008935503999668947,0.01720424547645878,0.12240000000000001,0.6
2756,0.02044555553417914,0.004579236300059023,0.195,-1.7
301,0.006300880664049951,0.0006652505311295171,0.4374,1.2
1375,0.020717439369723176,0.0009359748907663265,0.0336,0.6
1121,0.0438999830480973,0.000436861726939559,0.1782,-0.1
2578,0.00994372476498746,0.004489242841539018,0.132,-1.2
1035,0.00875636558466096,0.0018295140743831563,0.0766,-0.9
2415,0.01807120016930123,0.004298983221284801,0.195,0.6
111,0.010598387645366195,0.000455547173175986,0.2488,-0.5
183,0.04263312779302562,0.048182511998996654,0.0724,1.5
613,0.01902388258103064,0.01720424547645878,0.2144,2.3
2560,0.023034078406361427,0.004489242841539018,0.057999999999999996,0.3
1706,0.01990922927648045,0.020119318163202324,0.3654,2.5
1557,0.012611562214027391,0.0010157814903886773,0.099,-0.1
2827,0.023570041668285024,0.05065076501808047,0.5256000000000001,-1.1
1711,0.02303716387044971,0.020119318163202324,0.1042,0.7
1178,0.0950493547205604,0.00042937896401333287,0.3456,-0.6
397,0.019091762790972876,0.0006760239928569517,0.15839999999999999,0.1
1291,0.0032925531779735614,0.0010309902418046972,0.0864,0.7
1630,0.008638028961980912,0.001123029656535888,0.1524,-1.5
2434,0.03338018398803856,0.004298983221284801,0.4428,1.2
1743,0.016075449397844457,0.020119318163202324,0.22899999999999998,0.1
2488,0.3491460342893069,8.35265200063256e-05,0.0622,-0.3
571,0.11697811099176617,0.008805623844311947,0.4104,-1.1
2825,0.03914963883735357,0.05065076501808047,0.13019999999999998,-0.8
2491,0.4820215452512348,8.35265200063256e-05,0.1298,-1.7
2166,0.005460000951048931,5.7229544368842474e-05,0.207,-0.8
1534,0.009474189729905734,3.277822153725453e-05,0.1524,-1.1
2549,0.0934610667066446,0.004489242841539018,0.1864,0.5
1874,0.11682020782960108,0.0014529436724361727,0.265,-0.1
356,0.007051011433277928,0.0011343467989348268,0.198,1.6
608,0.011233811749665045,0.01720424547645878,0.198,1.6
239,0.004421470038510222,0.000341960834989926,0.3148,-0.8
2744,0.022227138798331526,0.004579236300059023,0.0864,0.7
2380,0.005883072526918859,0.0015329219606916302,0.3322,2.2
1814,0.07253436027258078,0.0010950014871812476,0.11699999999999999,0.3
374,0.009713948439354114,0.0011343467989348268,0.1444,0.6
2669,0.005868552695915172,0.0016024272423275892,0.5376,-1.2
1937,0.1473895340332134,0.0007919853571343187,0.15539999999999998,0.6
1321,0.001971067058750503,0.0010309902418046972,0.4104,-1.1
1125,0.057464227673854104,0.000436861726939559,0.20559999999999998,-0.9
1527,0.10704709107890693,3.277822153725453e-05,0.3496,-1.1
2278,0.015906837860314143,0.0002289181774753699,0.0706,-0.9
729,0.03508426765420877,0.07645529473365578,0.4412,2.2
1391,0.01438570406479039,0.0009359748907663265,0.1568,-0.9
2525,0.6787307707525592,8.35265200063256e-05,0.6038,-0.8
1408,0.023900186325731355,0.0009359748907663265,0.3456,-0.6
2576,0.01518574675309354,0.004489242841539018,0.40659999999999996,0.1
382,0.008796476617808646,0.0011343467989348268,0.1202,-0.6
1502,0.006627939857408,0.0007627696747340247,0.3858,0.5
1320,0.00211916933498811,0.0010309902418046972,0.45439999999999997,-0.7
2487,0.03451581627041443,8.35265200063256e-05,0.1192,-0.8
1233,0.08549948037154796,0.008045186273510953,0.1716,-1.2
2165,0.005197192009882197,5.7229544368842474e-05,0.2488,-0.5
681,0.07565957239823685,0.02938220606702132,0.35200000000000004,-0.5
2160,0.05638631171971789,0.010307656158430495,0.5256000000000001,-1.1
1274,0.019408658102628342,2.220506321511088e-05,0.299,-0.7
123,0.011970693173102159,0.000455547173175986,0.1882,-0.9
660,0.08179692346560778,0.02938220606702132,0.1864,0.5
1796,0.02377059683402345,0.06680464805196569,0.4266,-1.2
1960,0.02475050392888477,0.010925821081930546,0.1882,-0.9
2473,0.004557230458394694,4.62128570778403e-06,0.40700000000000003,-0.7
230,0.003249901174400231,0.000341960834989926,0.2336,0.9
901,0.05903745136310359,0.3008584617651346,0.057999999999999996,0.3
2256,0.029321165230957878,0.0002289181774753699,0.3452,2.5
765,0.04636109440322224,0.07645529473365578,0.27940000000000004,2.2
2789,0.037924528096417484,0.05065076501808047,0.198,1.6
2308,0.004274819745372984,0.0004441728012326786,0.3998,0.2
2275,0.017943788652243876,0.0002289181774753699,0.491,0.9
1745,0.029983632520501093,0.020119318163202324,0.1818,-1.2
787,0.014519649505799401,0.0011448627277126015,0.4886,0.1
2801,0.04450781947348915,0.05065076501808047,0.1524,-1.5
2811,0.04234055319830132,0.05065076501808047,0.0766,-0.9
421,0.01602535598088174,0.0006760239928569517,0.0706,-0.9
2816,0.03556668903930627,0.05065076501808047,0.35200000000000004,-0.5
1873,0.1289714914008116,0.0014529436724361727,0.1244,-0.6
798,0.02443923505174323,0.0011448627277126015,0.0814,0.5
1870,0.15496670784248742,0.0014529436724361727,0.19940000000000002,2.2
2007,0.018234366770205162,0.0005150658993195822,0.1804,-0.2
626,0.010930528779575534,0.01720424547645878,0.1444,0.6
495,0.5160373348414597,1.4307386092210617e-06,0.0602,0.7
2321,0.00415484964170502,0.0004441728012326786,0.2336,0.9
1616,0.002650050656060414,0.001123029656535888,0.207,-0.8
1782,0.021793540344983924,0.06680464805196569,0.16760000000000003,-1.6
1890,0.07081158232399333,0.0014529436724361727,0.4104,-1.1
790,0.019724827422733626,0.0011448627277126015,0.044199999999999996,-0.8
2454,0.0027672982914151863,4.62128570778403e-06,0.43439999999999995,2.2
2653,0.013637751270212967,0.0016024272423275892,0.1444,0.6
2273,0.03443922416186998,0.0002289181774753699,0.1244,-0.6
417,0.015495382149247165,0.0006760239928569517,0.265,-0.1
742,0.03323425968645151,1.0,0.1362,0.3
2127,0.031693705616960326,0.4731293196412984,0.5256000000000001,-1.1
1214,0.060086509153119964,0.008045186273510953,0.2336,0.9
492,0.02323390758054967,1.4307386092210617e-06,0.1192,-0.8
1909,0.2756724224486751,0.0007919853571343187,0.0,0.6
1169,0.16669673481670347,0.00042937896401333287,0.1168,0.3
1342,0.004809512522083756,0.011729195118394264,0.36219999999999997,0.5
824,0.026837003644114586,0.0011448627277126015,0.15539999999999998,0.6
2337,0.0030204878445419772,0.0004441728012326786,0.43560000000000004,0.6
2245,0.013297805726839146,0.00042504382602739303,0.2648,-1.1
1481,0.010834153401288562,0.0007627696747340247,0.0834,0.3
2687,0.0175043822664948,0.0011616023694404878,0.198,1.6
2511,0.6950430748936514,8.35265200063256e-05,0.1592,-0.9
1024,0.014511300602972283,0.0018295140743831563,0.19940000000000002,2.2
592,0.0022514812950092072,8.535786542612854e-05,0.40700000000000003,-0.7
2400,0.031179159105767167,0.004298983221284801,0.187,0.2
2636,0.01422616742163738,0.0016024272423275892,0.0864,0.7
2554,0.0319082361200398,0.004489242841539018,0.19940000000000002,2.2
1797,0.02471347835982537,0.06680464805196569,0.1744,-0.8
2191,0.010881161354163,5.7229544368842474e-05,0.0724,1.5
127,0.009462573865102785,0.000455547173175986,0.195,-1.7
2395,0.03060344780647098,0.004298983221284801,0.17980000000000002,-0.8
403,0.030270580680711458,0.0006760239928569517,0.0864,0.7
150,0.008630950544366614,0.000455547173175986,0.13019999999999998,-0.8
2729,0.020206341318393394,0.00015341810106677447,0.27,0.6
1437,0.0063600489753899755,0.0003433772662130548,0.34119999999999995,-0.9
1629,0.004301318436954712,0.001123029656535888,0.19940000000000002,2.2
62,0.00043269096390987104,0.0019614997110837993,0.1084,0.0
95,0.00081909996649549,0.0019614997110837993,0.151,-0.5
959,0.014010729429120175,0.003614603714949998,0.6198,2.2
2342,0.0016808519365643104,0.0004441728012326786,0.5506,1.2
1576,0.015192825170707839,0.0010157814903886773,0.4174,-1.2
2224,0.015954934800513857,0.00042504382602739303,0.07339999999999999,-0.2
2153,0.04875269206741703,0.010307656158430495,0.4104,-1.1
236,0.0038506591821777787,0.000341960834989926,0.1226,-0.9
222,0.004665221701484617,0.000341960834989926,0.12619999999999998,1.3
2654,0.011567404866974754,0.0016024272423275892,0.0706,-0.9
1810,0.04190622875340354,0.0010950014871812476,0.187,0.2
120,0.015021491164864332,0.000455547173175986,0.1864,0.5
1685,0.018237089238518352,0.0018220599262291145,0.109,-1.6
193,0.017232861426725855,0.048182511998996654,0.40659999999999996,0.1
181,0.03768912533627021,0.048182511998996654,0.099,-1.6
389,0.01149516870773141,0.0011343467989348268,0.40659999999999996,0.1
968,0.010329407776022894,0.003614603714949998,0.1204,-1.1
2315,0.004969412161011858,0.0004441728012326786,0.0676,-0.2
1545,0.013113222375204774,0.0010157814903886773,0.1452,0.2
669,0.053366368368838554,0.02938220606702132,0.265,-0.1
1365,0.003763721694043203,0.011729195118394264,0.445,2.2
1394,0.023131724269861223,0.0009359748907663265,0.201,-1.5
331,0.15170682428427215,0.11995312499709382,0.099,-1.6
614,0.023202689943891745,0.01720424547645878,0.1864,0.5
1286,0.002252933278109576,0.0010309902418046972,0.3452,2.5
266,0.2091254959883522,0.0002288323331588166,0.0814,0.5
1932,0.19046388319086355,0.0007919853571343187,0.6265999999999999,-0.5
1807,0.04810528910254014,0.0010950014871812476,0.34979999999999994,1.6
225,0.003489478385961066,0.000341960834989926,0.4384,2.2
105,0.0015532589216194113,0.0019614997110837993,0.4988,1.2
1508,0.008245086035443633,0.0007627696747340247,0.5376,-1.2
2781,0.027826711624903397,0.004579236300059023,0.5256000000000001,-1.1
630,0.011044327955066931,0.01720424547645878,0.0766,-0.9
2068,0.014186600882152333,0.006515626548550992,0.256,-0.8
870,0.08181652523746276,0.0019275053617287068,0.4546,0.6
2098,0.07254851710780938,0.4731293196412984,0.1882,-0.9
1186,0.10202250356008107,0.00042937896401333287,0.2394,-1.2
1891,0.06828930618076537,0.0014529436724361727,0.11,0.6
1755,0.015797213136236308,0.06680464805196569,0.1656,0.0
1926,0.15214822714678425,0.0007919853571343187,0.16760000000000003,-1.6
707,0.036807771594346415,0.07645529473365578,0.2726,1.6
2281,0.020592750320979014,0.0002289181774753699,0.0766,-0.9
2385,0.006911439557754987,0.0015329219606916302,0.5376,-1.2
1688,0.014001836032630416,0.0018220599262291145,0.1832,-1.4
284,0.14762148833349728,0.0002288323331588166,0.0572,-1.4
1659,0.015866000835616276,0.0018220599262291145,0.247,0.1
920,0.05926432372253619,0.3008584617651346,0.13019999999999998,-0.8
1433,0.010141375964525148,0.0003433772662130548,0.09519999999999999,2.3
2429,0.03012991981786324,0.004298983221284801,0.4546,0.6
2286,0.011418032105524323,0.0002289181774753699,0.35200000000000004,-0.5
734,0.03841257591602892,1.0,0.0132,-1.7
1812,0.05954818641865827,0.0010950014871812476,0.0674,2.3
2800,0.03946961961309732,0.05065076501808047,0.19940000000000002,2.2
922,0.05730342054548827,0.3008584617651346,0.5256000000000001,-1.1
1402,0.01848447085924367,0.0009359748907663265,0.4142,0.6
2660,0.009416291903778531,0.0016024272423275892,0.5770000000000001,-0.8
167,0.0780691383532987,0.048182511998996654,0.0834,0.3
2630,0.012495040570222804,0.0016024272423275892,0.15839999999999999,0.1
12,0.007408199275968627,5.007585132273716e-07,0.6038,-0.8
1546,0.012268712704452832,0.0010157814903886773,0.12480000000000001,0.6
617,0.016850626875553797,0.01720424547645878,0.1882,-0.9
1092,0.014037046622814357,0.008982305755164656,0.11,0.6
90,0.0005296108358594815,0.0019614997110837993,0.1728,-0.9
612,0.01518901371506937,0.01720424547645878,0.0834,0.6
2567,0.03362520613622578,0.004489242841539018,0.1866,-1.4
1404,0.02052432561737414,0.0009359748907663265,0.1226,-0.9
857,0.06094045671402431,0.0019275053617287068,0.36939999999999995,-0.9
2329,0.003760091736292281,0.0004441728012326786,0.2632,-1.4
777,0.04315547871338325,0.07645529473365578,0.1818,-1.2
1638,0.004766679020622879,0.001123029656535888,0.2086,0.6
1986,0.012931542989771143,0.010925821081930546,0.132,-1.2
2683,0.014618021360849382,0.0011616023694404878,0.3452,2.5
28,0.0035332193768596726,0.004375012670978808,0.36219999999999997,0.5
1522,0.06453211841067381,3.277822153725453e-05,0.1646,-0.6
1066,0.014793529818106447,0.008982305755164656,0.1864,0.5
1911,0.2754836646456272,0.0007919853571343187,0.0814,0.5
74,0.000572625835207904,0.0019614997110837993,0.2568,0.5
515,0.6764480718208921,1.4307386092210617e-06,0.2352,-1.6
1309,0.0018779586424393607,0.0010309902418046972,0.0706,-0.9
2227,0.01676877132827051,0.00042504382602739303,0.12960000000000002,-1.7
2002,0.01927416816795669,0.0005150658993195822,0.2144,2.3
2157,0.0615992940458166,0.010307656158430495,0.132,-1.2
1584,0.0023721773902273553,0.006225358299512223,0.1164,-1.5
1517,0.037208881925823264,3.277822153725453e-05,0.2352,-1.6
116,0.015767447482678748,0.000455547173175986,0.2018,-1.7
1072,0.01479389281388154,0.008982305755164656,0.1524,-1.5
1799,0.026073805026983293,0.06680464805196569,0.501,-1.1
2572,0.01093216226056345,0.004489242841539018,0.3322,2.2
1600,0.004482090332950615,0.006225358299512223,0.7186,0.5
622,0.013761895825294489,0.01720424547645878,0.1244,-0.6
409,0.030958457674511126,0.0006760239928569517,0.0834,0.3
1623,0.004927486148988712,0.001123029656535888,0.2144,2.3
115,0.014432349021889734,0.000455547173175986,0.0864,0.7
288,0.17819916343993672,0.0002288323331588166,0.6437999999999999,0.5
2354,0.006590732790461052,0.0015329219606916302,0.1378,0.2
1181,0.10124133665208271,0.00042937896401333287,0.41659999999999997,2.2
337,0.1502368728930364,0.11995312499709382,0.35200000000000004,-0.5
46,0.002108460959622891,0.004375012670978808,0.1832,-1.4
747,0.04023299972811616,0.07645529473365578,0.1568,0.6
2772,0.027668263969075665,0.004579236300059023,0.3322,2.2
753,0.03914873134791584,0.07645529473365578,0.1528,1.5
462,0.11134260158346017,2.7727714246704177e-05,0.133,-0.6
1938,0.05884742307484283,0.0007919853571343187,0.42200000000000004,0.1
673,0.06037599828375598,0.02938220606702132,0.0706,-0.9
1201,0.06209169781472913,0.008045186273510953,0.3998,0.2
2539,0.06808639154248884,0.004489242841539018,0.3452,2.5
424,0.013857363714143731,0.0006760239928569517,0.0766,-0.9
325,0.14022889787585763,0.11995312499709382,0.265,-0.1
664,0.05573582329075272,0.02938220606702132,0.1804,-0.2
350,0.008385202404629212,0.0011343467989348268,0.1376,0.0
447,0.13301653482055123,2.7727714246704177e-05,0.1782,-0.3
709,0.03938903455102686,0.07645529473365578,0.1042,0.7
1924,0.13462932504928576,0.0007919853571343187,0.1636,-0.9
1722,0.018018021288250224,0.020119318163202324,0.1164,-1.5
1221,0.07555611860233559,0.008045186273510953,0.16519999999999999,1.5
1149,0.05465173640843994,0.00042937896401333287,0.1328,-0.5
387,0.012234954097369261,0.0011343467989348268,0.4104,-1.1
1369,0.0023914161663072405,0.011729195118394264,0.1184,0.1
1337,0.0037127207876427528,0.011729195118394264,0.3432,0.7
754,0.03914873134791584,1.0,0.1528,1.5
2186,0.009928660440321134,5.7229544368842474e-05,0.1444,0.6
451,0.14320782270415156,2.7727714246704177e-05,0.3998,0.2
1194,0.05287360160415093,0.008045186273510953,0.2812,2.5
699,0.04967470133615115,0.07645529473365578,0.3654,2.5
2247,0.006938482742999354,0.00042504382602739303,0.2716,0.1
1608,0.0060700153510913285,0.006225358299512223,0.15,-0.8
830,0.018086627489742647,0.0011448627277126015,0.501,-1.1
950,0.016020455537917994,0.003614603714949998,0.1396,0.6
2526,0.6755404008852741,8.35265200063256e-05,0.5454,1.2
1734,0.026862050352595947,0.020119318163202324,0.1186,-1.4
1413,0.020156792395093312,0.0009359748907663265,0.46740000000000004,-1.1
1409,0.023954817189882727,0.0009359748907663265,0.1352,-0.5
2810,0.043406490291859494,0.05065076501808047,0.099,-1.6
2501,0.9746463785907996,8.35265200063256e-05,0.365,-1.5
1177,0.09030862989785662,0.00042937896401333287,0.3148,-0.8
2467,0.0029331873606323095,4.62128570778403e-06,0.2554,-1.4
2006,0.01820841257228607,0.0005150658993195822,0.1882,-0.9
1253,0.00878976119596944,2.220506321511088e-05,0.31079999999999997,-0.9
21,0.0018489189804319869,0.004375012670978808,0.1324,-0.3
1305,0.0023954091198332543,0.0010309902418046972,0.265,-0.1
2298,0.00416138356565668,0.0004441728012326786,0.0336,0.6
2440,0.0031675011334543076,4.62128570778403e-06,0.078,-0.5
671,0.06399234369311176,0.02938220606702132,0.057999999999999996,0.3
2762,0.021928574773318214,0.004579236300059023,0.0706,-0.9
1941,0.14695829505240388,0.0007919853571343187,0.1744,-0.8
845,0.0825408833066592,0.0019275053617287068,0.11699999999999999,0.3
694,0.029485057823411993,1.0,0.13140000000000002,0.6
2655,0.010195462335013884,0.0016024272423275892,0.2086,0.6
1353,0.003319233367442836,0.011729195118394264,0.1152,0.3
1133,0.04140021264292505,0.000436861726939559,0.1352,-0.5
869,0.0849802149152786,0.0019275053617287068,0.1646,-1.1
604,0.009390156207971895,0.01720424547645878,0.3452,2.5
834,0.048510029391767906,0.0019275053617287068,0.12480000000000001,2.5
2316,0.0047830138305020265,0.0004441728012326786,0.4384,2.2
627,0.011176458417200483,0.01720424547645878,0.0706,-0.9
902,0.06544523428291818,0.3008584617651346,0.1444,0.6
1747,0.022238754663134477,0.020119318163202324,0.33899999999999997,1.2
2051,0.018704446298949528,0.006515626548550992,0.32520000000000004,1.3
321,0.15335809206516646,0.11995312499709382,0.19940000000000002,2.2
696,0.04292878785183819,1.0,0.254,0.0
1179,0.1031868125086892,0.00042937896401333287,0.1352,-0.5
624,0.008163048990272802,0.01720424547645878,0.491,0.9
2628,0.010949404559880327,0.0016024272423275892,0.12240000000000001,0.6
2173,0.010199999782202535,5.7229544368842474e-05,0.2144,2.3
1011,0.008584668583042363,0.0018295140743831563,0.207,-0.8
1480,0.011090428418503637,0.0007627696747340247,0.1864,0.5
1090,0.013024832903969831,0.008982305755164656,0.45439999999999997,-0.7
848,0.0706275434660216,0.0019275053617287068,0.11939999999999999,-0.2
2373,0.006869332047844295,0.0015329219606916302,0.0766,-0.9
780,0.04675349283609688,1.0,0.15,-0.8
605,0.010856840637231822,0.01720424547645878,0.2488,-0.5
174,0.056963112006339356,0.048182511998996654,0.1244,-0.6
1202,0.06784155089218917,0.008045186273510953,0.2332,0.6
2269,0.032631686699798504,0.0002289181774753699,0.1804,-0.2
100,0.0016057118111202303,0.0019614997110837993,0.27,0.6
1243,0.010500923279753946,2.220506321511088e-05,0.0622,-0.3
741,0.03323425968645151,0.07645529473365578,0.1362,0.3
334,0.1503065680818541,0.11995312499709382,0.1866,-1.4
1705,0.019261100320053376,0.020119318163202324,0.3642,0.1
594,0.002560209201725101,8.535786542612854e-05,0.41600000000000004,0.6
1333,0.002680905296943249,0.011729195118394264,0.14279999999999998,-0.5
2214,0.021244872230932105,0.00042504382602739303,0.4286,1.6
2741,0.016348785216488866,0.004579236300059023,0.207,-0.8
1551,0.013021747439881548,0.0010157814903886773,0.3508,-0.9
2364,0.006323749397880758,0.0015329219606916302,0.195,-1.7
1542,0.00857595668444015,0.0010157814903886773,0.4286,1.6
2419,0.022032210067107028,0.004298983221284801,0.1474,-0.9
327,0.1698832932283501,0.11995312499709382,0.057999999999999996,0.3
1933,0.19963370096335448,0.0007919853571343187,0.6437999999999999,0.5
640,0.011008754369107898,0.01720424547645878,0.11,0.6
2152,0.025736944947697755,0.010307656158430495,0.45439999999999997,-0.7
2042,0.018482474382480664,0.006515626548550992,0.0274,-0.3
1468,0.006609608570765845,0.0007627696747340247,0.1376,0.0
1838,0.04947469066407536,0.0010950014871812476,0.1646,-1.1
460,0.12571814176654797,2.7727714246704177e-05,0.201,-1.5
1046,0.006593455258774243,0.0018295140743831563,0.40659999999999996,0.1
1398,0.014436523473303294,0.0009359748907663265,0.2336,0.9
1562,0.012497218544873356,0.0010157814903886773,0.1396,0.6
1975,0.016549703378002382,0.010925821081930546,0.1866,-1.4
419,0.017048641070866576,0.0006760239928569517,0.057999999999999996,0.3
738,0.033318111710497804,1.0,0.13,-0.1
1879,0.10846513407430451,0.0014529436724361727,0.2086,0.6
1389,0.023199422981915914,0.0009359748907663265,0.15380000000000002,0.3
1438,0.007338322589263383,0.0003433772662130548,0.11720000000000001,-0.2
497,0.6137523490364095,1.4307386092210617e-06,0.3194,0.2
375,0.009042769251208685,0.0011343467989348268,0.0706,-0.9
975,0.018216216981450553,0.16345795157233095,0.107,1.3
1209,0.06553961318444215,0.008045186273510953,0.4384,2.2
2695,0.021483723450942755,0.0011616023694404878,0.107,1.3
404,0.02976765003432125,0.0006760239928569517,0.2018,-1.7
1425,0.014887908719630413,0.0003433772662130548,0.078,-0.5
93,0.0006140073535684118,0.0019614997110837993,0.5436,-0.8
1769,0.022053263822062377,0.06680464805196569,0.3274,1.3
2221,0.02112163516528831,0.00042504382602739303,0.1348,0.3
1849,0.011102225781194132,1.0587465708235857e-06,0.32380000000000003,-1.1
827,0.026217914349694883,0.0011448627277126015,0.4266,-1.2
428,0.011816601466575531,0.0006760239928569517,0.1202,-0.6
1889,0.07226773987577559,0.0014529436724361727,0.45439999999999997,-0.7
2631,0.012711930545840376,0.0016024272423275892,0.3452,2.5
282,0.13933356879659278,0.0002288323331588166,0.005600000000000001,-0.9
343,0.013930325864937258,0.11995312499709382,0.40659999999999996,0.1
1113,0.05917157830200014,0.000436861726939559,0.15380000000000002,0.3
1574,0.017239576848565058,0.0010157814903886773,0.385,0.6
691,0.08857786604221714,0.02938220606702132,0.41259999999999997,1.2
0,0.01970794811919184,5.007585132273716e-07,0.6314,-1.4
1582,0.002152746444184136,0.006225358299512223,0.2582,-0.2
1707,0.018473399488103358,0.020119318163202324,0.46740000000000004,-0.5
1416,0.0186547158777619,0.0009359748907663265,0.2394,-1.2
2021,0.015860737396877437,0.0005150658993195822,0.1866,-1.4
2003,0.0177131048371728,0.0005150658993195822,0.1864,0.5
1993,0.008492649154056496,0.0005150658993195822,0.3452,2.5
1131,0.047595098540648084,0.000436861726939559,0.3148,-0.8
2304,0.004244872593927879,0.0004441728012326786,0.1782,-0.3
1247,0.009620658525155425,2.220506321511088e-05,0.3194,0.2
2513,0.6806138113358499,8.35265200063256e-05,0.6314,-1.4
2375,0.005406096078447743,0.0015329219606916302,0.1866,-1.4
2150,0.021384988600117682,0.010307656158430495,0.3858,0.5
2261,0.04325221708744532,0.0002289181774753699,0.0864,0.7
2822,0.02651212242540709,0.05065076501808047,0.40659999999999996,0.1
1159,0.08842486332301579,0.00042937896401333287,0.15380000000000002,0.3
246,0.00447210794913558,0.000341960834989926,0.43560000000000004,0.6
2808,0.04291499401238469,0.05065076501808047,0.0706,-0.9
2538,0.06327615302885489,0.004489242841539018,0.15839999999999999,0.1
1671,0.026929204570987998,0.0018220599262291145,0.11699999999999999,0.3
929,0.015928980602594768,0.003614603714949998,0.1784,-0.3
2593,0.019010996231014866,0.00035768465230526545,0.0834,0.6
1461,0.004822217374211982,0.0003433772662130548,0.35340000000000005,0.1
1971,0.016029167436520206,0.010925821081930546,0.2086,0.6
365,0.011739283366480897,0.0011343467989348268,0.1882,-0.9
2296,0.0031740350574059667,0.0002289181774753699,0.41259999999999997,1.2
736,0.03372212600817539,1.0,0.1902,-0.6
26,0.0025211871559026925,0.004375012670978808,0.1018,0.6
1441,0.009531724560257844,0.0003433772662130548,0.1582,-1.7
680,0.0742963417648782,0.02938220606702132,0.1202,-0.6
1250,0.009943361769212369,2.220506321511088e-05,0.021,0.5
3,0.00995715560866587,5.007585132273716e-07,0.1074,-0.5
2182,0.00921700722325293,5.7229544368842474e-05,0.1244,-0.6
837,0.052730944264539704,0.0019275053617287068,0.1324,-0.3
2403,0.02832383433889213,0.004298983221284801,0.36219999999999997,0.5
292,0.13820791889803194,0.0002288323331588166,0.15539999999999998,0.6
698,0.05343061862102987,1.0,0.3642,0.1
1048,0.0109808036944258,0.0018295140743831563,0.132,-1.2
2615,0.0165651306984438,0.00035768465230526545,0.1202,-0.6
2417,0.020307798637531658,0.004298983221284801,0.3518,0.6
1667,0.024922563926278462,0.0018220599262291145,0.187,0.2
1963,0.023444626627990676,0.010925821081930546,0.1524,-1.5
1249,0.010821085553385245,2.220506321511088e-05,0.1628,2.3
2274,0.030443729665430425,0.0002289181774753699,0.265,-0.1
1298,0.003531767393759304,0.0010309902418046972,0.107,1.3
1868,0.18682230957513885,0.0014529436724361727,0.1882,-0.9
2387,0.007179330439773012,0.0015329219606916302,0.13019999999999998,-0.8
1443,0.007698595896042366,0.0003433772662130548,0.1402,-0.1
603,0.009992910692512449,0.01720424547645878,0.15839999999999999,0.1
1289,0.0024395131065069534,0.0010309902418046972,0.2116,-0.3
63,0.00043523193433551624,0.0019614997110837993,0.0484,0.1
1579,0.01614078863736105,0.0010157814903886773,0.5182,1.2
1883,0.10413096451970395,0.0014529436724361727,0.1866,-1.4
990,0.02444086853273115,0.16345795157233095,0.0724,1.5
1384,0.027293833827068088,0.0009359748907663265,0.19,-1.7
237,0.003932151733685971,0.000341960834989926,0.16519999999999999,1.5
650,0.05072720758603091,0.02938220606702132,0.3452,2.5
1967,0.017945422133231793,0.010925821081930546,0.491,0.9
112,0.010560817582644155,0.000455547173175986,0.207,-0.8
1348,0.004000757935178393,0.011729195118394264,0.316,-1.5
804,0.02770420055080979,0.0011448627277126015,0.0006,-1.5
1556,0.01477900998710276,0.0010157814903886773,0.1882,-0.6
577,0.13119284404648815,0.008805623844311947,0.41259999999999997,1.2
1834,0.0510800394794205,0.0010950014871812476,0.12960000000000002,-0.5
126,0.010584593805912692,0.000455547173175986,0.1524,-1.5
2520,0.7868715681018189,8.35265200063256e-05,0.3496,-1.1
2582,0.019427715380820682,0.00035768465230526545,0.12240000000000001,0.6
851,0.06959863194152283,0.0019275053617287068,0.08439999999999999,-1.7
2185,0.010448651888140674,5.7229544368842474e-05,0.057999999999999996,0.3
7,0.008173757365638022,5.007585132273716e-07,0.3496,-1.1
854,0.07192144190633765,0.0019275053617287068,0.1298,0.9
2697,0.023852270883419187,0.0011616023694404878,0.1804,-0.2
2574,0.0189815935732324,0.004489242841539018,0.4104,-1.1
407,0.031280253429130336,0.0006760239928569517,0.2144,2.3
2405,0.023120108405058272,0.004298983221284801,0.193,1.3
153,0.032018042342005185,0.048182511998996654,0.12240000000000001,0.6
1566,0.017685154162490703,0.0010157814903886773,0.08439999999999999,-1.4
2391,0.02725789724533396,0.004298983221284801,0.29960000000000003,0.0
2353,0.007028142699447121,0.0015329219606916302,0.2018,-1.7
1004,0.02970739273565595,0.16345795157233095,0.41259999999999997,1.2
2507,0.7687515450007677,8.35265200063256e-05,0.2868,0.6
280,0.1342238587685078,0.0002288323331588166,0.2982,0.6
400,0.025818437499205947,0.0006760239928569517,0.207,-0.8
1596,0.0038296054272224326,0.006225358299512223,0.1186,-1.4
1497,0.005926269024154828,0.0007627696747340247,0.0724,1.5
1479,0.010397469483852678,0.0007627696747340247,0.2144,2.3
1800,0.033270559263960726,0.0010950014871812476,0.09300000000000001,0.6
2009,0.014266278454785064,0.0005150658993195822,0.1524,-1.5
504,0.745777179399409,1.4307386092210617e-06,0.059000000000000004,-0.2
1744,0.026911780773783575,0.020119318163202324,0.45380000000000004,-1.2
903,0.05054226123862145,0.3008584617651346,0.0706,-0.9
2040,0.021522563998877618,0.006515626548550992,0.46740000000000004,-0.5
1672,0.02807554522872908,0.0018220599262291145,0.193,1.3
550,0.1104231332851517,0.008805623844311947,0.1804,-0.2
1862,0.15475925575702223,0.0014529436724361727,0.1378,0.2
1805,0.04749545620038528,0.0010950014871812476,0.17980000000000002,-0.8
2548,0.10852520987508227,0.004489242841539018,0.2144,2.3
1130,0.05318632246439284,0.000436861726939559,0.2632,-1.4
945,0.013623412937096825,0.003614603714949998,0.099,-0.1
163,0.059516424288337706,0.048182511998996654,0.1378,0.2
1660,0.016228089121270717,0.0018220599262291145,0.12480000000000001,2.5
1690,0.01783380093239095,0.0018220599262291145,0.1804,-0.6
2384,0.0048971760017685155,0.0015329219606916302,0.40659999999999996,0.1
2107,0.05083175036925745,0.4731293196412984,0.1444,0.6
2734,0.02032068498754743,0.00015341810106677447,0.4988,1.2
1514,0.002097934082145218,3.277822153725453e-05,0.2868,0.6
449,0.13741767709565628,2.7727714246704177e-05,0.2186,0.7
941,0.012806309447364342,0.003614603714949998,0.5064,2.2
2676,0.008652730290872145,0.03240622949885705,0.4266,-1.2
1532,0.007018523311407178,3.277822153725453e-05,0.6038,-0.8
1847,0.010806747220269104,1.0587465708235857e-06,0.46020000000000005,-0.8
437,0.014257929551957945,0.0006760239928569517,0.132,-1.2
1314,0.0017378422732537817,0.0010309902418046972,0.1866,-1.4
786,0.01562406415151734,0.0011448627277126015,0.1656,0.0
873,0.08724839401594205,0.0019275053617287068,0.16899999999999998,-1.2
739,0.032456178242541434,0.07645529473365578,0.31420000000000003,0.9
1006,0.005358362134023122,0.0018295140743831563,0.12240000000000001,0.6
1844,0.02029600127484116,0.0010950014871812476,0.4428,1.2
586,0.0016632466414723398,0.00016676689229080697,0.7173999999999999,-1.2
1306,0.0023493086563965483,0.0010309902418046972,0.491,0.9
348,0.06181563952777153,0.11995312499709382,0.5256000000000001,-1.1
2471,0.0039611913956933455,4.62128570778403e-06,0.29100000000000004,0.5
1028,0.010915827450684302,0.0018295140743831563,0.265,-0.1
1163,0.09187640865047972,0.00042937896401333287,0.4384,2.2
2738,0.015702652736824797,0.004579236300059023,0.15839999999999999,0.1
1541,0.008490834175181036,0.0010157814903886773,0.1784,-0.3
573,0.15352307364494586,0.008805623844311947,0.40659999999999996,0.1
647,0.04995348209142194,0.02938220606702132,0.12240000000000001,0.6
595,0.00044666630125091974,8.535786542612854e-05,0.35340000000000005,0.1
1251,0.009109923469600737,2.220506321511088e-05,0.1168,0.3
1558,0.011486819804904291,0.0010157814903886773,0.051399999999999994,0.9
1308,0.0021135429004741813,0.0010309902418046972,0.1444,0.6
470,0.12120120383918852,2.7727714246704177e-05,0.1226,-0.9
800,0.01909902270647472,0.0011448627277126015,0.3274,1.3
281,0.12801608652076898,0.0002288323331588166,0.16760000000000003,-1.6
932,0.019903965837741615,0.003614603714949998,0.20679999999999998,-1.7
732,0.0391249551246473,1.0,0.1164,-1.5
2580,0.013296535241626323,0.004489242841539018,0.41259999999999997,1.2
1144,0.01960957626414186,0.000436861726939559,0.1476,-1.1
1617,0.0028282815816306713,0.001123029656535888,0.2116,-0.3
2530,0.0,1.1016687291002176e-05,0.4376,0.1
2503,0.7837075154282279,8.35265200063256e-05,0.21960000000000002,-0.6
584,0.002992900165634972,0.00016676689229080697,0.15539999999999998,0.6
2195,0.010251726680153169,5.7229544368842474e-05,0.35200000000000004,-0.5
160,0.047466598036265455,0.048182511998996654,0.198,1.6
1111,0.058567190336471675,0.000436861726939559,0.2158,2.3
1915,0.28068902406044893,0.0007919853571343187,0.295,-0.2
859,0.06103828407541165,0.0019275053617287068,0.109,-1.6
952,0.014188960354690432,0.003614603714949998,0.1884,-0.9
2588,0.022580152189608665,0.00035768465230526545,0.2116,-0.3
1331,0.0031567927580890887,0.011729195118394264,0.247,0.1
1219,0.06400268907270189,0.008045186273510953,0.0894,-1.6
1215,0.058004183889303715,0.008045186273510953,0.1168,0.3
606,0.011194789703842637,0.01720424547645878,0.207,-0.8
164,0.06274835717187088,0.048182511998996654,0.0834,0.6
2154,0.05335257452938505,0.010307656158430495,0.11,0.6
1040,0.008395366286331793,0.0018295140743831563,0.35200000000000004,-0.5
1978,0.01581191446512754,0.010925821081930546,0.35200000000000004,-0.5
2711,0.018350162422459564,0.0011616023694404878,0.1866,-1.4
329,0.1500325062716595,0.11995312499709382,0.0706,-0.9
2011,0.010509453680468612,0.0005150658993195822,0.1244,-0.6
2528,0.09278535007131052,1.1016687291002176e-05,0.3496,-1.1
2546,0.09119361359753134,0.004489242841539018,0.1378,0.2
2728,0.01940793211107816,0.00015341810106677447,0.18280000000000002,-1.1
1429,0.0060852611736452,0.0003433772662130548,0.25,0.7
2619,0.01828409719139279,0.00035768465230526545,0.45439999999999997,-0.7
2141,0.02211098015030203,0.010307656158430495,0.0706,-0.9
809,0.020833779515640218,0.0011448627277126015,0.1116,0.3
433,0.011433459425965742,0.0006760239928569517,0.4104,-1.1
1107,0.04666474036908685,0.000436861726939559,0.2186,0.7
2091,0.03935128299041728,0.4731293196412984,0.2018,-1.7
860,0.07096984848193352,0.0019275053617287068,0.1474,-0.9
274,0.187805483631976,0.0002288323331588166,0.0748,-0.6
967,0.011248331580668732,0.003614603714949998,0.5182,1.2
2795,0.047692018412597695,0.05065076501808047,0.1864,0.5
2139,0.017695681039968377,0.010307656158430495,0.057999999999999996,0.3
1346,0.004193690189639883,0.011729195118394264,0.11939999999999999,-0.2
885,0.086112035742016,0.3008584617651346,0.0864,0.7
556,0.10335487955255689,0.008805623844311947,0.491,0.9
908,0.03876050736645476,0.3008584617651346,0.1866,-1.4
1381,0.029649131913753655,0.0009359748907663265,0.1782,-0.3
2117,0.0404237540079271,0.4731293196412984,0.3858,0.5
2562,0.0401847212900289,0.004489242841539018,0.0706,-0.9
509,0.5402820041577536,1.4307386092210617e-06,0.155,-0.1
2388,0.006916158502831186,0.0015329219606916302,0.41259999999999997,1.2
221,0.004757059632582937,0.000341960834989926,0.15380000000000002,0.3
1297,0.003684588615073109,0.0010309902418046972,0.0834,0.3
146,0.011575390774026782,0.000455547173175986,0.11,0.6
1777,0.02169172003007057,0.06680464805196569,0.2738,0.9
1053,0.01209719720072178,0.008982305755164656,0.12240000000000001,0.6
1822,0.07731719260519526,0.0010950014871812476,0.128,-0.1
508,0.6536891442120505,1.4307386092210617e-06,0.21960000000000002,-0.6
323,0.1539733699039477,0.11995312499709382,0.195,-1.7
1561,0.00969979160412552,0.0010157814903886773,0.4224,-0.9
176,0.05210731752293135,0.048182511998996654,0.491,0.9
1908,0.268559520235744,0.0007919853571343187,0.1656,0.2
168,0.07181453965057301,0.048182511998996654,0.107,1.3
1400,0.010724528677210726,0.0009359748907663265,0.0492,0.6
2767,0.022687780436923495,0.004579236300059023,0.1866,-1.4
1392,0.01774831542735674,0.0009359748907663265,0.0676,-0.2
2257,0.03230136054446462,0.0002289181774753699,0.2488,-0.5
2177,0.008134190826152974,5.7229544368842474e-05,0.1882,-0.9
2237,0.014176437000449751,0.00042504382602739303,0.4482,1.5
136,0.0069393902324370845,0.000455547173175986,0.0766,-0.9
1470,0.006845555824575758,0.0007627696747340247,0.3452,2.5
1278,0.008291549494655432,2.220506321511088e-05,0.547,-1.2
1973,0.01670198010565355,0.010925821081930546,0.0766,-0.9
894,0.0810613125273835,0.3008584617651346,0.1804,-0.2
197,0.03876704129040642,0.048182511998996654,0.41259999999999997,1.2
2338,0.001535835124414987,0.0004441728012326786,0.5197999999999999,0.1
1483,0.010333219231661363,0.0007627696747340247,0.1882,-0.9
1792,0.023190166589651062,0.06680464805196569,0.252,-1.1
2084,0.02757570004642716,0.4731293196412984,0.15839999999999999,0.1
767,0.051768097971107714,0.07645529473365578,0.18,-0.7
2280,0.017345208619116884,0.0002289181774753699,0.099,-1.6
2081,0.011680115055140872,0.006515626548550992,0.42840000000000006,-1.1
1112,0.06066875437636781,0.000436861726939559,0.0286,0.5
2735,0.01663936333445015,0.00015341810106677447,0.32380000000000003,-1.1
865,0.08001788117188104,0.0019275053617287068,0.12960000000000002,-0.5
2389,0.005834068097281416,0.0015329219606916302,0.5256000000000001,-1.1
1085,0.011368483182224241,0.008982305755164656,0.5770000000000001,-0.8
1447,0.00674573198642541,0.0003433772662130548,0.19079999999999997,-0.9
199,0.001977056489039524,4.86451127135161e-07,0.4192,-0.7
429,0.01156105244091064,0.0006760239928569517,0.35200000000000004,-0.5
1823,0.07669483634879974,0.0010950014871812476,0.1298,0.9
1795,0.018865979418865544,0.06680464805196569,0.7173999999999999,-1.2
1970,0.016568579158307176,0.010925821081930546,0.0706,-0.9
730,0.03508426765420877,1.0,0.4412,2.2
297,0.15353124104988541,0.0002288323331588166,0.332,1.2
2121,0.04776770303170441,0.4731293196412984,0.11,0.6
807,0.02674589170456645,0.0011448627277126015,0.16879999999999998,-0.1
2595,0.016480552682847323,0.00035768465230526545,0.1864,0.5
1565,0.020690033188703716,0.0010157814903886773,0.4482,1.5
1172,0.15076521324368305,0.00042937896401333287,0.4142,0.6
2699,0.022568717822693263,0.0011616023694404878,0.1524,-1.5
2705,0.019649324301514455,0.0011616023694404878,0.1444,0.6
821,0.024575539965290345,0.0011448627277126015,0.33020000000000005,2.2
1241,0.010227768958997087,2.220506321511088e-05,0.0318,-0.5
1563,0.014033961158726073,0.0010157814903886773,0.2638,-1.6
2690,0.021486808915031037,0.0011616023694404878,0.1378,0.2
623,0.012167618381089663,0.01720424547645878,0.265,-0.1
1445,0.0070464739860892755,0.0003433772662130548,0.20440000000000003,0.3
1718,0.02323753753830059,0.020119318163202324,0.32520000000000004,1.3
1162,0.09758088725605323,0.00042937896401333287,0.0676,-0.2
2260,0.03824305688906087,0.0002289181774753699,0.198,1.6
1640,0.0050556236575962496,0.001123029656535888,0.0766,-0.9
2703,0.020911460611509943,0.0011616023694404878,0.491,0.9
2603,0.02291773826044439,0.00035768465230526545,0.1244,-0.6
1022,0.015001707895121808,0.0018295140743831563,0.1882,-0.9
1750,0.007846335176504881,0.12528158187725755,0.2064,-1.2
291,0.15284009709410992,0.0002288323331588166,0.252,-1.1
2022,0.01056662551504563,0.0005150658993195822,0.5770000000000001,-0.8
1740,0.03894164225822576,0.020119318163202324,0.18,-0.7
2282,0.018966710746453622,0.0002289181774753699,0.0724,1.5
1007,0.004997725831469048,0.0018295140743831563,0.1376,0.0
67,0.00039965834837648326,0.0019614997110837993,0.1454,-0.3
24,0.0020797842933906094,0.004375012670978808,0.1446,-1.7
216,0.003189099382072292,0.000341960834989926,0.19,-1.7
1910,0.2946491155789438,0.0007919853571343187,0.1998,2.3
1153,0.0600082835635876,0.00042937896401333287,0.2186,0.7
2159,0.06434717206326436,0.010307656158430495,0.41259999999999997,1.2
166,0.0665440224941222,0.048182511998996654,0.1864,0.5
207,0.0039158169238068235,0.000341960834989926,0.0336,0.6
2322,0.004056477786655041,0.0004441728012326786,0.1168,0.3
2089,0.04484613153587506,0.4731293196412984,0.198,1.6
591,0.0018532749297330928,8.535786542612854e-05,0.385,2.2
1176,0.10357993693311404,0.00042937896401333287,0.2632,-1.4
1720,0.020519606672297942,0.020119318163202324,0.2582,-0.2
1863,0.15900902879391388,0.0014529436724361727,0.0834,0.6
525,0.8228322890549877,1.4307386092210617e-06,0.3496,-1.1
2335,0.004424374004710959,0.0004441728012326786,0.4192,-0.7
469,0.11230526637900462,2.7727714246704177e-05,0.0894,-1.6
1350,0.0036121709579422204,0.011729195118394264,0.24420000000000003,-0.6
2169,0.007341045057576575,5.7229544368842474e-05,0.0864,0.7
1531,0.008048523823231221,3.277822153725453e-05,0.2064,-1.2
928,0.016892734385464486,0.003614603714949998,0.18960000000000002,-0.8
1896,0.06896320783722398,0.0014529436724361727,0.41259999999999997,1.2
1619,0.004017274242945086,0.001123029656535888,0.0864,0.7
1469,0.0068791329337717835,0.0007627696747340247,0.15839999999999999,0.1
1141,0.04450582299672614,0.000436861726939559,0.1716,-1.2
1913,0.23519875652167285,0.0007919853571343187,0.3274,1.3
956,0.012899780859450576,0.003614603714949998,0.1226,-0.6
1488,0.008974526045491357,0.0007627696747340247,0.1244,-0.6
25,0.00262845240744243,0.004375012670978808,0.187,0.2
1134,0.036697239380830846,0.000436861726939559,0.327,0.5
2197,0.008477766327277717,5.7229544368842474e-05,0.3322,2.2
925,0.01711615828503372,0.003614603714949998,0.155,0.1
1552,0.01265984065211465,0.0010157814903886773,0.07339999999999999,-0.2
843,0.08299154256143612,0.0019275053617287068,0.0674,2.3
1645,0.0048655953693354966,0.001123029656535888,0.35200000000000004,-0.5
2646,0.014306026492157658,0.0016024272423275892,0.19940000000000002,2.2
1020,0.01588977705888481,0.0018295140743831563,0.0834,0.3
2187,0.00924241692750938,5.7229544368842474e-05,0.0706,-0.9
749,0.04123250859483246,0.07645529473365578,0.0292,-1.6
2371,0.006000320162273631,0.0015329219606916302,0.2086,0.6
180,0.04067984752725463,0.048182511998996654,0.2086,0.6
1272,0.015731873896719716,2.220506321511088e-05,0.18,0.5
2498,0.8156653004715678,8.35265200063256e-05,0.31079999999999997,-0.9
1434,0.006284545854170803,0.0003433772662130548,0.32299999999999995,0.5
607,0.011157038143233051,0.01720424547645878,0.2116,-0.3
1352,0.003524144482482368,0.011729195118394264,0.1298,0.9
2344,0.003947216058352297,0.0015329219606916302,0.12240000000000001,0.6
1904,0.2540309773334548,0.0007919853571343187,0.139,-0.3
1899,0.22953602243023494,0.0007919853571343187,0.1656,0.0
94,0.00028222921513416504,0.0019614997110837993,0.1602,-0.6
770,0.04782578235571916,1.0,0.13720000000000002,-1.1
637,0.009306667179700695,0.01720424547645878,0.3322,2.2
1304,0.0027406181019459116,0.0010309902418046972,0.1244,-0.6
2334,0.004473741430123495,0.0004441728012326786,0.41659999999999997,2.2
2536,0.05664167924749524,0.004489242841539018,0.12240000000000001,0.6
2492,0.5575950876507748,8.35265200063256e-05,0.3194,0.2
1208,0.06443900999436268,0.008045186273510953,0.0676,-0.2
1395,0.025673420687056622,0.0009359748907663265,0.1998,-1.7
1578,0.016024629989331553,0.0010157814903886773,0.36219999999999997,-0.8
1198,0.06923563616643066,0.008045186273510953,0.0236,1.6
275,0.19027712186457862,0.0002288323331588166,0.16879999999999998,-0.1
1152,0.06538969592932908,0.00042937896401333287,0.0236,1.6
1206,0.0569683754450782,0.008045186273510953,0.12619999999999998,1.3
2080,0.0170637053955329,0.006515626548550992,0.33899999999999997,1.2
1104,0.04192782700202152,0.000436861726939559,0.11359999999999999,-0.8
307,0.07842033676570039,0.11995312499709382,0.2488,-0.5
2059,0.017196017355554,0.006515626548550992,0.31420000000000003,0.9
872,0.09995306464628058,0.0019275053617287068,0.3624,-1.2
86,0.0005297923337470275,0.0019614997110837993,0.111,0.6
1435,0.006791469454087024,0.0003433772662130548,0.1642,0.3
2610,0.022448021727475113,0.00035768465230526545,0.099,-1.6
209,0.003713628277080483,0.000341960834989926,0.0946,0.1
1966,0.017837793885916962,0.010925821081930546,0.265,-0.1
2642,0.012538418565346317,0.0016024272423275892,0.0834,0.3
1987,0.015202263060860234,0.010925821081930546,0.13019999999999998,-0.8
2171,0.008429124893415366,5.7229544368842474e-05,0.1378,0.2
931,0.01843383294861831,0.003614603714949998,0.19039999999999999,0.7
2146,0.020768440276123627,0.010307656158430495,0.1866,-1.4
2425,0.023798366010818,0.004298983221284801,0.41600000000000004,0.5
130,0.007712389735495868,0.000455547173175986,0.491,0.9
1723,0.01824453065190774,0.020119318163202324,0.0132,-1.7
2071,0.01319652990558843,0.006515626548550992,0.7186,0.5
954,0.014988277051443398,0.003614603714949998,0.08439999999999999,-1.4
555,0.10652800712052513,0.008805623844311947,0.265,-0.1
2418,0.02030035722414227,0.004298983221284801,0.109,-1.6
1930,0.17647602249557418,0.0007919853571343187,0.37799999999999995,-0.8
1536,0.00751473853595818,0.0010157814903886773,0.12119999999999999,0.0
2431,0.03521549062690459,0.004298983221284801,0.3624,-1.2
201,0.001799188559244359,4.86451127135161e-07,0.43560000000000004,0.6
2023,0.009831377572596433,0.0005150658993195822,0.1202,-0.6
368,0.011847819103233457,0.0011343467989348268,0.1524,-1.5
973,0.01639216321161238,0.16345795157233095,0.1864,0.5
1634,0.005397202681957985,0.001123029656535888,0.491,0.9
2435,0.03310376270530587,0.004298983221284801,0.3396,-1.1
816,0.017642865154692464,0.0011448627277126015,0.0572,-1.4
1954,0.018505161618423922,0.010925821081930546,0.1378,0.2
1316,0.0016271285618506687,0.0010309902418046972,0.1202,-0.6
1905,0.2955144975067635,0.0007919853571343187,0.027999999999999997,1.6
256,0.2632817431637913,0.0002288323331588166,0.5682,2.5
1472,0.006486553003009598,0.0007627696747340247,0.207,-0.8
1699,0.021660502393412644,0.0018220599262291145,0.16899999999999998,-1.2
2217,0.01935184926382642,0.00042504382602739303,0.1452,0.2
1605,0.002561479686937924,0.006225358299512223,0.22899999999999998,0.1
1329,0.001964351636911298,0.011729195118394264,0.09300000000000001,0.6
560,0.09344799885874128,0.008805623844311947,0.2086,0.6
1877,0.11294976537768077,0.0014529436724361727,0.1444,0.6
373,0.010470976128308843,0.0011343467989348268,0.057999999999999996,0.3
1684,0.019115539014241414,0.0018220599262291145,0.3518,0.6
1167,0.12976554465882573,0.00042937896401333287,0.1782,-0.1
2024,0.011938568047006501,0.0005150658993195822,0.35200000000000004,-0.5
1204,0.06261005578156076,0.008045186273510953,0.0286,0.5
972,0.01377859363094873,0.16345795157233095,0.2144,2.3
1155,0.06753155250026045,0.00042937896401333287,0.3998,0.2
2036,0.023429562303324353,0.006515626548550992,0.13140000000000002,0.6
2793,0.042492648428064946,0.05065076501808047,0.0834,0.6
1071,0.014479719970539262,0.008982305755164656,0.19940000000000002,2.2
774,0.0455327380444619,1.0,0.22899999999999998,0.1
324,0.15122440289917466,0.11995312499709382,0.1244,-0.6
2251,0.01507031409661423,0.00042504382602739303,0.5182,1.2
84,0.0003286926743459633,0.0019614997110837993,0.0848,0.9
2681,0.014136144469414521,0.0011616023694404878,0.1376,0.0
1589,0.00395683544639224,0.006225358299512223,0.1362,0.3
2659,0.009696706140037236,0.0016024272423275892,0.1866,-1.4
2446,0.003000886072687,4.62128570778403e-06,0.265,0.2
1920,0.1285170206903962,0.0007919853571343187,0.16879999999999998,-0.1
91,0.0007895158108254778,0.0019614997110837993,0.115,1.5
430,0.013177835623171182,0.0006760239928569517,0.3858,0.5
2339,0.004064282195819523,0.0004441728012326786,0.2394,-1.2
2105,0.050377642654617145,0.4731293196412984,0.491,0.9
1345,0.004064463693707069,0.011729195118394264,0.3454,-0.9
257,0.26517295115202155,0.0002288323331588166,0.1202,-0.5
888,0.08127130558327432,0.3008584617651346,0.0834,0.6
2791,0.04463904244618497,0.05065076501808047,0.2018,-1.7
1466,0.00563768738295655,0.0003433772662130548,0.1974,-1.1
1641,0.004970501148337135,0.001123029656535888,0.0724,1.5
388,0.014813313087848971,0.0011343467989348268,0.11,0.6
2383,0.005748401094359663,0.0015329219606916302,0.11,0.6
273,0.2062353236270683,0.0002288323331588166,0.045599999999999995,-1.7
756,0.03603549808283781,1.0,0.1186,-1.4
1925,0.14720077623016545,0.0007919853571343187,0.2982,0.6
1956,0.025257246030913446,0.010925821081930546,0.2144,2.3
2782,0.029374707107783973,0.05065076501808047,0.12240000000000001,0.6
2176,0.00842567643355199,5.7229544368842474e-05,0.107,1.3
802,0.02590682697044089,0.0011448627277126015,0.295,-0.2
2076,0.004136155359287773,0.006515626548550992,0.22899999999999998,0.1
1207,0.06238191293691533,0.008045186273510953,0.1568,-0.9
2558,0.02734519772924363,0.004489242841539018,0.265,-0.1
2723,0.018682666552443997,0.0011616023694404878,0.13019999999999998,-0.8
151,0.00726336396170685,0.000455547173175986,0.41259999999999997,1.2
2292,0.0006484919522021683,0.0002289181774753699,0.40659999999999996,0.1
714,0.03770909010390028,1.0,0.1666,0.2
2591,0.023027725980297314,0.00035768465230526545,0.2018,-1.7
544,0.08276321821890315,0.008805623844311947,0.0834,0.6
639,0.010994597533879304,0.01720424547645878,0.4104,-1.1
2745,0.02452562804621517,0.004579236300059023,0.2018,-1.7
423,0.013387828679062004,0.0006760239928569517,0.099,-1.6
659,0.07128529181048862,0.02938220606702132,0.2144,2.3
797,0.016362397558054822,0.0011448627277126015,0.1998,2.3
2804,0.042905011628569655,0.05065076501808047,0.265,-0.1
2008,0.01645568747225351,0.0005150658993195822,0.19940000000000002,2.2
99,0.001345806836154234,0.0019614997110837993,0.18280000000000002,-1.1
2496,0.7718783906074117,8.35265200063256e-05,0.1168,0.3
1871,0.1494615139174395,0.0014529436724361727,0.1524,-1.5
2046,0.01799696753329488,0.006515626548550992,0.1666,0.2
755,0.03603549808283781,0.07645529473365578,0.1186,-1.4
976,0.018359963308387052,0.16345795157233095,0.1882,-0.9
2163,0.005473068798952249,5.7229544368842474e-05,0.15839999999999999,0.1
1940,0.1449487504414936,0.0007919853571343187,0.4266,-1.2
2120,0.047257512469812364,0.4731293196412984,0.4104,-1.1
537,0.0640854521094229,0.008805623844311947,0.2488,-0.5
1701,0.026377450992847894,0.0018220599262291145,0.4428,1.2
2222,0.018877050790005855,0.00042504382602739303,0.051399999999999994,1.3
2135,0.011102225781194132,0.010307656158430495,0.195,-1.7
2599,0.020468787263785038,0.00035768465230526545,0.1804,-0.2
705,0.03236688128186876,0.07645529473365578,0.0274,-0.3
2362,0.007162632634118772,0.0015329219606916302,0.19940000000000002,2.2
2648,0.01380454782886782,0.0016024272423275892,0.195,-1.7
2647,0.013431932665735703,0.0016024272423275892,0.1524,-1.5
1828,0.05122469329579473,0.0010950014871812476,0.109,-1.6
1778,0.019409384094178528,0.06680464805196569,0.1116,0.3
277,0.16394068939431614,0.0002288323331588166,0.1116,0.3
1033,0.009345689225523104,0.0018295140743831563,0.2086,0.6
1731,0.020432669184163366,0.020119318163202324,0.0292,-1.6
763,0.044798397591450434,0.07645529473365578,0.7186,0.5
835,0.03990321806644492,0.0019275053617287068,0.14279999999999998,-0.5
1653,0.005162888909135986,0.001123029656535888,0.132,-1.2
2607,0.01896961471265436,0.00035768465230526545,0.1444,0.6
2732,0.016015373597066705,0.00015341810106677447,0.2242,-1.2
