,Att Chg,Visitors Scaled,Area Scaled,cei_pct_area,RONI,Region_Northeast,Region_Northern Rockies and Plains,Region_Northwest,Region_Ohio Valley,Region_South,Region_Southeast,Region_Southwest,Region_West
0,0,0.02793311167461151,0.010144230641819142,0.1162,0.6,0.0,0.0,0.0,1.0,0.0,0.0,0.0,0.0
1,1,0.029471995090902314,0.010144230641819142,0.11199999999999999,0.0,0.0,0.0,0.0,1.0,0.0,0.0,0.0,0.0
2,1,0.03723733330466889,0.010144230641819142,0.12300000000000001,0.1,0.0,0.0,0.0,1.0,0.0,0.0,0.0,0.0
3,0,0.029925446350383342,0.010144230641819142,0.0882,2.5,0.0,0.0,0.0,1.0,0.0,0.0,0.0,0.0
4,1,0.03014708949370607,0.010144230641819142,0.078,-0.5,0.0,0.0,0.0,1.0,0.0,0.0,0.0,0.0
5,1,0.03095117389663017,0.010144230641819142,0.2024,-0.8,0.0,0.0,0.0,1.0,0.0,0.0,0.0,0.0
6,1,0.03278729513928525,0.010144230641819142,0.12480000000000001,-0.3,0.0,0.0,0.0,1.0,0.0,0.0,0.0,0.0
7,1,0.034213312305470756,0.010144230641819142,0.1366,1.6,0.0,0.0,0.0,1.0,0.0,0.0,0.0,0.0
8,0,0.03368742100969026,0.010144230641819142,0.25,0.7,0.0,0.0,0.0,1.0,0.0,0.0,0.0,0.0
9,1,0.03619933768775844,0.010144230641819142,0.2836,-1.7,0.0,0.0,0.0,1.0,0.0,0.0,0.0,0.0
10,0,0.0359476669810019,0.010144230641819142,0.265,0.2,0.0,0.0,0.0,1.0,0.0,0.0,0.0,0.0
11,1,0.03703146339505653,0.010144230641819142,0.2122,0.6,0.0,0.0,0.0,1.0,0.0,0.0,0.0,0.0
12,0,0.0353716518536529,0.010144230641819142,0.09519999999999999,2.3,0.0,0.0,0.0,1.0,0.0,0.0,0.0,0.0
13,0,0.03431671461534983,0.010144230641819142,0.32299999999999995,0.5,0.0,0.0,0.0,1.0,0.0,0.0,0.0,0.0
14,0,0.03266134294713875,0.010144230641819142,0.1642,0.3,0.0,0.0,0.0,1.0,0.0,0.0,0.0,0.0
15,0,0.03137226081731289,0.010144230641819142,0.0922,1.3,0.0,0.0,0.0,1.0,0.0,0.0,0.0,0.0
16,0,0.029133045824281736,0.010144230641819142,0.34119999999999995,-0.9,0.0,0.0,0.0,1.0,0.0,0.0,0.0,0.0
17,1,0.030715626939888673,0.010144230641819142,0.11720000000000001,-0.2,0.0,0.0,0.0,1.0,0.0,0.0,0.0,0.0
18,0,0.029308070299082712,0.010144230641819142,0.43439999999999995,2.2,0.0,0.0,0.0,1.0,0.0,0.0,0.0,0.0
19,1,0.02935036593318014,0.010144230641819142,0.2662,-1.5,0.0,0.0,0.0,1.0,0.0,0.0,0.0,0.0
20,0,0.027594980279368506,0.010144230641819142,0.1582,-1.7,0.0,0.0,0.0,1.0,0.0,0.0,0.0,0.0
21,0,0.02683494409206521,0.010144230641819142,0.059000000000000004,-0.6,0.0,0.0,0.0,1.0,0.0,0.0,0.0,0.0
22,1,0.029299891585306964,0.010144230641819142,0.1402,-0.1,0.0,0.0,0.0,1.0,0.0,0.0,0.0,0.0
23,0,0.0247289252948105,0.010144230641819142,0.2112,0.9,0.0,0.0,0.0,1.0,0.0,0.0,0.0,0.0
24,0,0.02358133491330505,0.010144230641819142,0.20440000000000003,0.3,0.0,0.0,0.0,1.0,0.0,0.0,0.0,0.0
25,0,0.022293888526234335,0.010144230641819142,0.069,0.6,0.0,0.0,0.0,1.0,0.0,0.0,0.0,0.0
26,1,0.02337406293847399,0.010144230641819142,0.19079999999999997,-0.9,0.0,0.0,0.0,1.0,0.0,0.0,0.0,0.0
27,1,0.023712428011253443,0.010144230641819142,0.2758,0.6,0.0,0.0,0.0,1.0,0.0,0.0,0.0,0.0
28,0,0.023414956507352723,0.010144230641819142,0.2932,-1.6,0.0,0.0,0.0,1.0,0.0,0.0,0.0,0.0
29,1,0.025834336880986745,0.010144230641819142,0.2588,-0.9,0.0,0.0,0.0,1.0,0.0,0.0,0.0,0.0
30,0,0.020694716305539453,0.010144230641819142,0.1906,1.5,0.0,0.0,0.0,1.0,0.0,0.0,0.0,0.0
31,0,0.019111083641018493,0.010144230641819142,0.2554,-1.4,0.0,0.0,0.0,1.0,0.0,0.0,0.0,0.0
32,1,0.019805923795652266,0.010144230641819142,0.48,-0.8,0.0,0.0,0.0,1.0,0.0,0.0,0.0,0.0
33,0,0.019153145597579475,0.010144230641819142,0.192,-0.6,0.0,0.0,0.0,1.0,0.0,0.0,0.0,0.0
34,1,0.028188988577024145,0.010144230641819142,0.303,-0.5,0.0,0.0,0.0,1.0,0.0,0.0,0.0,0.0
35,0,0.01736282515206858,0.010144230641819142,0.29100000000000004,0.5,0.0,0.0,0.0,1.0,0.0,0.0,0.0,0.0
36,1,0.029501204782958552,0.010144230641819142,0.385,2.2,0.0,0.0,0.0,1.0,0.0,0.0,0.0,0.0
37,1,0.03149739513808181,0.010144230641819142,0.40700000000000003,-0.7,0.0,0.0,0.0,1.0,0.0,0.0,0.0,0.0
38,0,0.030490712311055646,0.010144230641819142,0.34740000000000004,-1.1,0.0,0.0,0.0,1.0,0.0,0.0,0.0,0.0
39,0,0.02783403239915675,0.010144230641819142,0.41600000000000004,0.6,0.0,0.0,0.0,1.0,0.0,0.0,0.0,0.0
40,0,0.02665571342160814,0.010144230641819142,0.35340000000000005,0.1,0.0,0.0,0.0,1.0,0.0,0.0,0.0,0.0
41,1,0.029348496512888542,0.010144230641819142,0.33840000000000003,-1.2,0.0,0.0,0.0,1.0,0.0,0.0,0.0,0.0
42,1,0.03104487858874658,0.010144230641819142,0.061399999999999996,-1.2,0.0,0.0,0.0,1.0,0.0,0.0,0.0,0.0
43,0,0.028035462435576565,0.010144230641819142,0.38880000000000003,-0.8,0.0,0.0,0.0,1.0,0.0,0.0,0.0,0.0
44,1,0.029112248523537696,0.010144230641819142,0.4374,1.2,0.0,0.0,0.0,1.0,0.0,0.0,0.0,0.0
45,0,0.024874856916323462,0.010144230641819142,0.1974,-1.1,0.0,0.0,0.0,1.0,0.0,0.0,0.0,0.0
46,0,0.0029179313976498817,0.0007014095033037211,0.10619999999999999,0.6,1.0,0.0,0.0,0.0,0.0,0.0,0.0,0.0
47,1,0.003161072874326001,0.0007014095033037211,0.068,0.0,1.0,0.0,0.0,0.0,0.0,0.0,0.0,0.0
48,0,0.002972378263642708,0.0007014095033037211,0.06480000000000001,0.1,1.0,0.0,0.0,0.0,0.0,0.0,0.0,0.0
49,1,0.0030567358543011213,0.0007014095033037211,0.065,2.5,1.0,0.0,0.0,0.0,0.0,0.0,0.0,0.0
50,0,0.0027337934989273617,0.0007014095033037211,0.0318,-0.5,1.0,0.0,0.0,0.0,0.0,0.0,0.0,0.0
51,1,0.002868975953763628,0.0007014095033037211,0.1192,-0.8,1.0,0.0,0.0,0.0,0.0,0.0,0.0,0.0
52,1,0.002885099703778671,0.0007014095033037211,0.0622,-0.3,1.0,0.0,0.0,0.0,0.0,0.0,0.0,0.0
53,1,0.002993058725618524,0.0007014095033037211,0.053,1.6,1.0,0.0,0.0,0.0,0.0,0.0,0.0,0.0
54,0,0.002525703652718727,0.0007014095033037211,0.0602,0.7,1.0,0.0,0.0,0.0,0.0,0.0,0.0,0.0
55,1,0.0026399719680427276,0.0007014095033037211,0.1298,-1.7,1.0,0.0,0.0,0.0,0.0,0.0,0.0,0.0
56,0,0.002373579576489843,0.0007014095033037211,0.3194,0.2,1.0,0.0,0.0,0.0,0.0,0.0,0.0,0.0
57,1,0.003149739513808181,0.0007014095033037211,0.2724,0.6,1.0,0.0,0.0,0.0,0.0,0.0,0.0,0.0
58,1,0.0032013822493636083,0.0007014095033037211,0.1628,2.3,1.0,0.0,0.0,0.0,0.0,0.0,0.0,0.0
59,1,0.005126534633406097,0.0007014095033037211,0.021,0.5,1.0,0.0,0.0,0.0,0.0,0.0,0.0,0.0
60,0,0.004811303636735184,0.0007014095033037211,0.1168,0.3,1.0,0.0,0.0,0.0,0.0,0.0,0.0,0.0
61,1,0.005527875802258797,0.0007014095033037211,0.064,1.3,1.0,0.0,0.0,0.0,0.0,0.0,0.0,0.0
62,0,0.004466746109239809,0.0007014095033037211,0.31079999999999997,-0.9,1.0,0.0,0.0,0.0,0.0,0.0,0.0,0.0
63,1,0.006618098348565798,0.0007014095033037211,0.059000000000000004,-0.2,1.0,0.0,0.0,0.0,0.0,0.0,0.0,0.0
64,1,0.007427323657291797,0.0007014095033037211,0.4708,2.2,1.0,0.0,0.0,0.0,0.0,0.0,0.0,0.0
65,1,0.009881521983856854,0.0007014095033037211,0.365,-1.5,1.0,0.0,0.0,0.0,0.0,0.0,0.0,0.0
66,1,0.01020551588814464,0.0007014095033037211,0.1158,-1.7,1.0,0.0,0.0,0.0,0.0,0.0,0.0,0.0
67,1,0.019570493677678994,0.0007014095033037211,0.21960000000000002,-0.6,1.0,0.0,0.0,0.0,0.0,0.0,0.0,0.0
68,1,0.020323402700120567,0.0007014095033037211,0.155,-0.1,1.0,0.0,0.0,0.0,0.0,0.0,0.0,0.0
69,1,0.02519733191662432,0.0007014095033037211,0.3132,0.9,1.0,0.0,0.0,0.0,0.0,0.0,0.0,0.0
70,1,0.027983352344948236,0.0007014095033037211,0.2168,0.3,1.0,0.0,0.0,0.0,0.0,0.0,0.0,0.0
71,0,0.02575909271424988,0.0007014095033037211,0.2868,0.6,1.0,0.0,0.0,0.0,0.0,0.0,0.0,0.0
72,1,0.026325877578909106,0.0007014095033037211,0.637,-0.9,1.0,0.0,0.0,0.0,0.0,0.0,0.0,0.0
73,0,0.026274702198426578,0.0007014095033037211,0.10679999999999999,0.6,1.0,0.0,0.0,0.0,0.0,0.0,0.0,0.0
74,1,0.028220768721981333,0.0007014095033037211,0.2352,-1.6,1.0,0.0,0.0,0.0,0.0,0.0,0.0,0.0
75,1,0.029636854592867717,0.0007014095033037211,0.1592,-0.9,1.0,0.0,0.0,0.0,0.0,0.0,0.0,0.0
76,0,0.008568838422849551,0.0007014095033037211,0.33880000000000005,1.5,1.0,0.0,0.0,0.0,0.0,0.0,0.0,0.0
77,1,0.025701608040283205,0.0007014095033037211,0.6314,-1.4,1.0,0.0,0.0,0.0,0.0,0.0,0.0,0.0
78,1,0.03926144812539791,0.0007014095033037211,0.47479999999999994,-0.8,1.0,0.0,0.0,0.0,0.0,0.0,0.0,0.0
79,0,0.03335758516699123,0.0007014095033037211,0.1646,-0.6,1.0,0.0,0.0,0.0,0.0,0.0,0.0,0.0
80,0,0.020851981287570237,0.0007014095033037211,0.1074,-0.5,1.0,0.0,0.0,0.0,0.0,0.0,0.0,0.0
81,1,0.021455336686683875,0.0007014095033037211,0.18,0.5,1.0,0.0,0.0,0.0,0.0,0.0,0.0,0.0
82,1,0.023286083346000602,0.0007014095033037211,0.3778,2.2,1.0,0.0,0.0,0.0,0.0,0.0,0.0,0.0
83,1,0.02985954928510447,0.0007014095033037211,0.299,-0.7,1.0,0.0,0.0,0.0,0.0,0.0,0.0,0.0
84,0,0.014138308826596429,0.0007014095033037211,0.3496,-1.1,1.0,0.0,0.0,0.0,0.0,0.0,0.0,0.0
85,1,0.02189558516535548,0.0007014095033037211,0.3968,0.6,1.0,0.0,0.0,0.0,0.0,0.0,0.0,0.0
86,0,0.0008105105351764727,0.0007014095033037211,0.4376,0.1,1.0,0.0,0.0,0.0,0.0,0.0,0.0,0.0
87,1,0.002416108888123725,0.0007014095033037211,0.547,-1.2,1.0,0.0,0.0,0.0,0.0,0.0,0.0,0.0
88,0,0.0015011444941541476,0.0007014095033037211,0.2064,-1.2,1.0,0.0,0.0,0.0,0.0,0.0,0.0,0.0
89,1,0.002947725283547244,0.0007014095033037211,0.6038,-0.8,1.0,0.0,0.0,0.0,0.0,0.0,0.0,0.0
90,1,0.005334390802078281,0.0007014095033037211,0.5454,1.2,1.0,0.0,0.0,0.0,0.0,0.0,0.0,0.0
91,1,0.005693085820528875,0.0007014095033037211,0.1524,-1.1,1.0,0.0,0.0,0.0,0.0,0.0,0.0,0.0
92,1,0.02555544274123379,0.05225530245855514,0.0336,0.6,0.0,0.0,0.0,0.0,0.0,1.0,0.0,0.0
93,1,0.02862175937452936,0.05225530245855514,0.3034,0.0,0.0,0.0,0.0,0.0,0.0,1.0,0.0,0.0
94,0,0.028088624075118914,0.05225530245855514,0.0946,0.1,0.0,0.0,0.0,0.0,0.0,1.0,0.0,0.0
95,1,0.028774701322135818,0.05225530245855514,0.2812,2.5,0.0,0.0,0.0,0.0,0.0,1.0,0.0,0.0
96,1,0.03715788294227592,0.05225530245855514,0.1328,-0.5,0.0,0.0,0.0,0.0,0.0,1.0,0.0,0.0
97,0,0.03243596096323283,0.05225530245855514,0.11359999999999999,-0.8,0.0,0.0,0.0,0.0,0.0,1.0,0.0,0.0
98,1,0.037830523730946954,0.05225530245855514,0.1782,-0.3,0.0,0.0,0.0,0.0,0.0,1.0,0.0,0.0
99,1,0.039266589031199804,0.05225530245855514,0.0236,1.6,0.0,0.0,0.0,0.0,0.0,1.0,0.0,0.0
100,0,0.03653466495256404,0.05225530245855514,0.2186,0.7,0.0,0.0,0.0,0.0,0.0,1.0,0.0,0.0
101,1,0.044099624678824834,0.05225530245855514,0.19,-1.7,0.0,0.0,0.0,0.0,0.0,1.0,0.0,0.0
102,1,0.04707983113993861,0.05225530245855514,0.3998,0.2,0.0,0.0,0.0,0.0,0.0,1.0,0.0,0.0
103,0,0.037583292897382964,0.05225530245855514,0.2332,0.6,0.0,0.0,0.0,0.0,0.0,1.0,0.0,0.0
104,0,0.03644446542349438,0.05225530245855514,0.2158,2.3,0.0,0.0,0.0,0.0,0.0,1.0,0.0,0.0
105,0,0.02471805928936558,0.05225530245855514,0.0286,0.5,0.0,0.0,0.0,0.0,0.0,1.0,0.0,0.0
106,1,0.031986715899407894,0.05225530245855514,0.15380000000000002,0.3,0.0,0.0,0.0,0.0,0.0,1.0,0.0,0.0
107,0,0.02608869487941246,0.05225530245855514,0.12619999999999998,1.3,0.0,0.0,0.0,0.0,0.0,1.0,0.0,0.0
108,0,0.02406154225070959,0.05225530245855514,0.1568,-0.9,0.0,0.0,0.0,0.0,0.0,1.0,0.0,0.0
109,0,0.023935823736099544,0.05225530245855514,0.0676,-0.2,0.0,0.0,0.0,0.0,0.0,1.0,0.0,0.0
110,0,0.023586709496643397,0.05225530245855514,0.4384,2.2,0.0,0.0,0.0,0.0,0.0,1.0,0.0,0.0
111,0,0.023211773889409537,0.05225530245855514,0.201,-1.5,0.0,0.0,0.0,0.0,0.0,1.0,0.0,0.0
112,0,0.022942811044955703,0.05225530245855514,0.1998,-1.7,0.0,0.0,0.0,0.0,0.0,1.0,0.0,0.0
113,0,0.022248671922931278,0.05225530245855514,0.133,-0.6,0.0,0.0,0.0,0.0,0.0,1.0,0.0,0.0
114,0,0.020706049666057276,0.05225530245855514,0.1782,-0.1,0.0,0.0,0.0,0.0,0.0,1.0,0.0,0.0
115,0,0.0181136310766821,0.05225530245855514,0.2336,0.9,0.0,0.0,0.0,0.0,0.0,1.0,0.0,0.0
116,0,0.017812420732198183,0.05225530245855514,0.1168,0.3,0.0,0.0,0.0,0.0,0.0,1.0,0.0,0.0
117,0,0.015986698139915125,0.05225530245855514,0.0492,0.6,0.0,0.0,0.0,0.0,0.0,1.0,0.0,0.0
118,1,0.017035559762270495,0.05225530245855514,0.20559999999999998,-0.9,0.0,0.0,0.0,0.0,0.0,1.0,0.0,0.0
119,1,0.017438770351414796,0.05225530245855514,0.4142,0.6,0.0,0.0,0.0,0.0,0.0,1.0,0.0,0.0
120,1,0.02088469614267322,0.05225530245855514,0.0894,-1.6,0.0,0.0,0.0,0.0,0.0,1.0,0.0,0.0
121,1,0.021666931695939258,0.05225530245855514,0.1226,-0.9,0.0,0.0,0.0,0.0,0.0,1.0,0.0,0.0
122,1,0.02526287846559852,0.05225530245855514,0.16519999999999999,1.5,0.0,0.0,0.0,0.0,0.0,1.0,0.0,0.0
123,1,0.030251543352499174,0.05225530245855514,0.2632,-1.4,0.0,0.0,0.0,0.0,0.0,1.0,0.0,0.0
124,1,0.037466454129158014,0.05225530245855514,0.3148,-0.8,0.0,0.0,0.0,0.0,0.0,1.0,0.0,0.0
125,0,0.03711500311433737,0.05225530245855514,0.3456,-0.6,0.0,0.0,0.0,0.0,0.0,1.0,0.0,0.0
126,0,0.03257184445067844,0.05225530245855514,0.1352,-0.5,0.0,0.0,0.0,0.0,0.0,1.0,0.0,0.0
127,1,0.048212349320343045,0.05225530245855514,0.327,0.5,0.0,0.0,0.0,0.0,0.0,1.0,0.0,0.0
128,0,0.03541838736094288,0.05225530245855514,0.41659999999999997,2.2,0.0,0.0,0.0,0.0,0.0,1.0,0.0,0.0
129,0,0.013314946026915212,0.05225530245855514,0.4192,-0.7,0.0,0.0,0.0,0.0,0.0,1.0,0.0,0.0
130,0,0.012039534032971666,0.05225530245855514,0.46740000000000004,-1.1,0.0,0.0,0.0,0.0,0.0,1.0,0.0,0.0
131,0,0.011963939349930125,0.05225530245855514,0.43560000000000004,0.6,0.0,0.0,0.0,0.0,0.0,1.0,0.0,0.0
132,0,0.006719748076921504,0.05225530245855514,0.5197999999999999,0.1,0.0,0.0,0.0,0.0,0.0,1.0,0.0,0.0
133,1,0.010825111876041545,0.05225530245855514,0.2394,-1.2,0.0,0.0,0.0,0.0,0.0,1.0,0.0,0.0
134,0,0.009754050887723435,0.05225530245855514,0.1716,-1.2,0.0,0.0,0.0,0.0,0.0,1.0,0.0,0.0
135,1,0.010744843642271004,0.05225530245855514,0.36060000000000003,-0.8,0.0,0.0,0.0,0.0,0.0,1.0,0.0,0.0
136,0,0.009787466775435771,0.05225530245855514,0.5506,1.2,0.0,0.0,0.0,0.0,0.0,1.0,0.0,0.0
137,0,0.009054537182360664,0.05225530245855514,0.1476,-1.1,0.0,0.0,0.0,0.0,0.0,1.0,0.0,0.0
138,1,0.23766290683405145,0.001290334359142278,0.10619999999999999,0.6,1.0,0.0,0.0,0.0,0.0,0.0,0.0,0.0
139,0,0.20495179057164886,0.001290334359142278,0.068,0.0,1.0,0.0,0.0,0.0,0.0,0.0,0.0,0.0
140,0,0.19899067661681194,0.001290334359142278,0.06480000000000001,0.1,1.0,0.0,0.0,0.0,0.0,0.0,0.0,0.0
141,1,0.2439896092946642,0.001290334359142278,0.065,2.5,1.0,0.0,0.0,0.0,0.0,0.0,0.0,0.0
142,0,0.17307782408357805,0.001290334359142278,0.0318,-0.5,1.0,0.0,0.0,0.0,0.0,0.0,0.0,0.0
143,1,0.18233005246177533,0.001290334359142278,0.1192,-0.8,1.0,0.0,0.0,0.0,0.0,0.0,0.0,0.0
144,1,0.19189213725330517,0.001290334359142278,0.0622,-0.3,1.0,0.0,0.0,0.0,0.0,0.0,0.0,0.0
145,1,0.2593800792003274,0.001290334359142278,0.053,1.6,1.0,0.0,0.0,0.0,0.0,0.0,0.0,0.0
146,0,0.2551553061800815,0.001290334359142278,0.0602,0.7,1.0,0.0,0.0,0.0,0.0,0.0,0.0,0.0
147,0,0.24946852965303676,0.001290334359142278,0.1298,-1.7,1.0,0.0,0.0,0.0,0.0,0.0,0.0,0.0
148,0,0.24570526976727938,0.001290334359142278,0.3194,0.2,1.0,0.0,0.0,0.0,0.0,0.0,0.0,0.0
149,0,0.23608009204090805,0.001290334359142278,0.2724,0.6,1.0,0.0,0.0,0.0,0.0,0.0,0.0,0.0
150,1,0.24256709729152545,0.001290334359142278,0.1628,2.3,1.0,0.0,0.0,0.0,0.0,0.0,0.0,0.0
151,0,0.23720571673398722,0.001290334359142278,0.021,0.5,1.0,0.0,0.0,0.0,0.0,0.0,0.0,0.0
152,0,0.22450686153192217,0.001290334359142278,0.1168,0.3,1.0,0.0,0.0,0.0,0.0,0.0,0.0,0.0
153,0,0.21492468047225763,0.001290334359142278,0.064,1.3,1.0,0.0,0.0,0.0,0.0,0.0,0.0,0.0
154,1,0.26412163009243234,0.001290334359142278,0.31079999999999997,-0.9,1.0,0.0,0.0,0.0,0.0,0.0,0.0,0.0
155,1,0.316374731373067,0.001290334359142278,0.059000000000000004,-0.2,1.0,0.0,0.0,0.0,0.0,0.0,0.0,0.0
156,0,0.31513717514002837,0.001290334359142278,0.4708,2.2,1.0,0.0,0.0,0.0,0.0,0.0,0.0,0.0
157,0,0.27223561519058215,0.001290334359142278,0.365,-1.5,1.0,0.0,0.0,0.0,0.0,0.0,0.0,0.0
158,1,0.28634915419831486,0.001290334359142278,0.1158,-1.7,1.0,0.0,0.0,0.0,0.0,0.0,0.0,0.0
159,0,0.2314927683228601,0.001290334359142278,0.21960000000000002,-0.6,1.0,0.0,0.0,0.0,0.0,0.0,0.0,0.0
160,0,0.21043830544995604,0.001290334359142278,0.155,-0.1,1.0,0.0,0.0,0.0,0.0,0.0,0.0,0.0
161,0,0.18898705812016003,0.001290334359142278,0.3132,0.9,1.0,0.0,0.0,0.0,0.0,0.0,0.0,0.0
162,1,0.22170214690068227,0.001290334359142278,0.2168,0.3,1.0,0.0,0.0,0.0,0.0,0.0,0.0,0.0
163,1,0.23277110128600928,0.001290334359142278,0.2868,0.6,1.0,0.0,0.0,0.0,0.0,0.0,0.0,0.0
164,0,0.2271796651938361,0.001290334359142278,0.637,-0.9,1.0,0.0,0.0,0.0,0.0,0.0,0.0,0.0
165,1,0.25527973946824106,0.001290334359142278,0.10679999999999999,0.6,1.0,0.0,0.0,0.0,0.0,0.0,0.0,0.0
166,1,0.260841965868358,0.001290334359142278,0.2352,-1.6,1.0,0.0,0.0,0.0,0.0,0.0,0.0,0.0
167,0,0.2517905833327394,0.001290334359142278,0.1592,-0.9,1.0,0.0,0.0,0.0,0.0,0.0,0.0,0.0
168,0,0.24074593141120318,0.001290334359142278,0.33880000000000005,1.5,1.0,0.0,0.0,0.0,0.0,0.0,0.0,0.0
169,1,0.2974897307485638,0.001290334359142278,0.6314,-1.4,1.0,0.0,0.0,0.0,0.0,0.0,0.0,0.0
170,1,0.3071765993445579,0.001290334359142278,0.47479999999999994,-0.8,1.0,0.0,0.0,0.0,0.0,0.0,0.0,0.0
171,0,0.2624052685872078,0.001290334359142278,0.1646,-0.6,1.0,0.0,0.0,0.0,0.0,0.0,0.0,0.0
172,1,0.2893019035488958,0.001290334359142278,0.1074,-0.5,1.0,0.0,0.0,0.0,0.0,0.0,0.0,0.0
173,0,0.2643875551289123,0.001290334359142278,0.18,0.5,1.0,0.0,0.0,0.0,0.0,0.0,0.0,0.0
174,1,0.3031375999657896,0.001290334359142278,0.3778,2.2,1.0,0.0,0.0,0.0,0.0,0.0,0.0,0.0
175,1,0.40024358546399535,0.001290334359142278,0.299,-0.7,1.0,0.0,0.0,0.0,0.0,0.0,0.0,0.0
176,0,0.3567369175339122,0.001290334359142278,0.3496,-1.1,1.0,0.0,0.0,0.0,0.0,0.0,0.0,0.0
177,1,0.374098340620762,0.001290334359142278,0.3968,0.6,1.0,0.0,0.0,0.0,0.0,0.0,0.0,0.0
178,0,0.03238420138890917,0.001290334359142278,0.4376,0.1,1.0,0.0,0.0,0.0,0.0,0.0,0.0,0.0
179,1,0.12831350365232147,0.001290334359142278,0.547,-1.2,1.0,0.0,0.0,0.0,0.0,0.0,0.0,0.0
180,1,0.24807744727855052,0.001290334359142278,0.2064,-1.2,1.0,0.0,0.0,0.0,0.0,0.0,0.0,0.0
181,1,0.29411776389759176,0.001290334359142278,0.6038,-0.8,1.0,0.0,0.0,0.0,0.0,0.0,0.0,0.0
182,1,0.3206590921651077,0.001290334359142278,0.5454,1.2,1.0,0.0,0.0,0.0,0.0,0.0,0.0,0.0
183,0,0.27852165775985266,0.001290334359142278,0.1524,-1.1,1.0,0.0,0.0,0.0,0.0,0.0,0.0,0.0
184,0,0.002148664947656816,9.275566479457269e-05,0.111,0.6,0.0,0.0,0.0,0.0,1.0,0.0,0.0,0.0
185,1,0.002444968063875287,9.275566479457269e-05,0.3212,-0.9,0.0,0.0,0.0,0.0,1.0,0.0,0.0,0.0
186,0,0.0020488846395927095,9.275566479457269e-05,0.2266,0.6,0.0,0.0,0.0,0.0,1.0,0.0,0.0,0.0
187,0,0.0019804171214128892,9.275566479457269e-05,0.17739999999999997,-1.6,0.0,0.0,0.0,0.0,1.0,0.0,0.0,0.0
188,1,0.0022465758354293236,9.275566479457269e-05,0.1728,-0.9,0.0,0.0,0.0,0.0,1.0,0.0,0.0,0.0
189,0,0.0020806647845498954,9.275566479457269e-05,0.115,1.5,0.0,0.0,0.0,0.0,1.0,0.0,0.0,0.0
190,0,0.0019729394402464924,9.275566479457269e-05,0.3886,-1.4,0.0,0.0,0.0,0.0,1.0,0.0,0.0,0.0
191,1,0.0024654148483146533,9.275566479457269e-05,0.5436,-0.8,0.0,0.0,0.0,0.0,1.0,0.0,0.0,0.0
192,0,0.002261531197762117,9.275566479457269e-05,0.1602,-0.6,0.0,0.0,0.0,0.0,1.0,0.0,0.0,0.0
193,1,0.0031392240246679356,9.275566479457269e-05,0.151,-0.5,0.0,0.0,0.0,0.0,1.0,0.0,0.0,0.0
194,0,0.002960460709283763,9.275566479457269e-05,0.3448,0.5,0.0,0.0,0.0,0.0,1.0,0.0,0.0,0.0
195,1,0.0032677466697153797,9.275566479457269e-05,0.4218,2.2,0.0,0.0,0.0,0.0,1.0,0.0,0.0,0.0
196,0,0.00294480431434162,9.275566479457269e-05,0.3332,-0.7,0.0,0.0,0.0,0.0,1.0,0.0,0.0,0.0
197,0,0.002813828055161452,9.275566479457269e-05,0.18280000000000002,-1.1,0.0,0.0,0.0,0.0,1.0,0.0,0.0,0.0
198,0,0.0025018685440008374,9.275566479457269e-05,0.27,0.6,0.0,0.0,0.0,0.0,1.0,0.0,0.0,0.0
199,0,0.0004748327540661936,9.275566479457269e-05,0.24359999999999998,0.1,0.0,0.0,0.0,0.0,1.0,0.0,0.0,0.0
200,1,0.0010647516948339621,9.275566479457269e-05,0.1524,-1.2,0.0,0.0,0.0,0.0,1.0,0.0,0.0,0.0
201,1,0.0018184785886531097,9.275566479457269e-05,0.2242,-1.2,0.0,0.0,0.0,0.0,1.0,0.0,0.0,0.0
202,1,0.002199606650602894,9.275566479457269e-05,0.46020000000000005,-0.8,0.0,0.0,0.0,0.0,1.0,0.0,0.0,0.0
203,1,0.0025609889607226617,9.275566479457269e-05,0.4988,1.2,0.0,0.0,0.0,0.0,1.0,0.0,0.0,0.0
204,0,0.002086740400497593,9.275566479457269e-05,0.32380000000000003,-1.1,0.0,0.0,0.0,0.0,1.0,0.0,0.0,0.0
205,1,0.0009791088777250745,0.006930762165936056,0.0848,0.9,0.0,0.0,0.0,0.0,1.0,0.0,0.0,0.0
206,1,0.0015110757894532681,0.006930762165936056,0.135,0.3,0.0,0.0,0.0,0.0,1.0,0.0,0.0,0.0
207,1,0.0033809634361253553,0.006930762165936056,0.111,0.6,0.0,0.0,0.0,0.0,1.0,0.0,0.0,0.0
208,1,0.004025446081654175,0.006930762165936056,0.3212,-0.9,0.0,0.0,0.0,0.0,1.0,0.0,0.0,0.0
209,0,0.0035733968873918466,0.006930762165936056,0.2266,0.6,0.0,0.0,0.0,0.0,1.0,0.0,0.0,0.0
210,0,0.0028727147943468263,0.006930762165936056,0.17739999999999997,-1.6,0.0,0.0,0.0,0.0,1.0,0.0,0.0,0.0
211,1,0.0032026674758140828,0.006930762165936056,0.1728,-0.9,0.0,0.0,0.0,0.0,1.0,0.0,0.0,0.0
212,0,0.0029344056639695995,0.006930762165936056,0.115,1.5,0.0,0.0,0.0,0.0,1.0,0.0,0.0,0.0
213,1,0.0031541793870007288,0.006930762165936056,0.3886,-1.4,0.0,0.0,0.0,0.0,1.0,0.0,0.0,0.0
214,1,0.003307705528448312,0.006930762165936056,0.5436,-0.8,0.0,0.0,0.0,0.0,1.0,0.0,0.0,0.0
215,0,0.002985931560756802,0.006930762165936056,0.1602,-0.6,0.0,0.0,0.0,0.0,1.0,0.0,0.0,0.0
216,1,0.003386104341927253,0.006930762165936056,0.151,-0.5,0.0,0.0,0.0,0.0,1.0,0.0,0.0,0.0
217,1,0.003608214840322882,0.006930762165936056,0.3448,0.5,0.0,0.0,0.0,0.0,1.0,0.0,0.0,0.0
218,0,0.003138639830826811,0.006930762165936056,0.4218,2.2,0.0,0.0,0.0,0.0,1.0,0.0,0.0,0.0
219,1,0.0035188331826307953,0.006930762165936056,0.3332,-0.7,0.0,0.0,0.0,0.0,1.0,0.0,0.0,0.0
220,0,0.00314050925111841,0.006930762165936056,0.18280000000000002,-1.1,0.0,0.0,0.0,0.0,1.0,0.0,0.0,0.0
221,1,0.0034960496228269304,0.006930762165936056,0.27,0.6,0.0,0.0,0.0,0.0,1.0,0.0,0.0,0.0
222,0,0.0020364997301608647,0.006930762165936056,0.24359999999999998,0.1,0.0,0.0,0.0,0.0,1.0,0.0,0.0,0.0
223,0,0.001750712103082639,0.006930762165936056,0.1524,-1.2,0.0,0.0,0.0,0.0,1.0,0.0,0.0,0.0
224,0,0.0017304989961797227,0.006930762165936056,0.2242,-1.2,0.0,0.0,0.0,0.0,1.0,0.0,0.0,0.0
225,0,0.0013671304270001308,0.006930762165936056,0.46020000000000005,-0.8,0.0,0.0,0.0,0.0,1.0,0.0,0.0,0.0
226,1,0.0014712337694885605,0.006930762165936056,0.4988,1.2,0.0,0.0,0.0,0.0,1.0,0.0,0.0,0.0
227,0,0.001308944720424106,0.006930762165936056,0.32380000000000003,-1.1,0.0,0.0,0.0,0.0,1.0,0.0,0.0,0.0
228,1,0.006034956056355077,1.0,0.12240000000000001,0.6,0.0,0.0,0.0,0.0,0.0,0.0,1.0,0.0
229,1,0.008575848748943047,1.0,0.1376,0.0,0.0,0.0,0.0,0.0,0.0,0.0,1.0,0.0
230,0,0.008514508395624948,1.0,0.15839999999999999,0.1,0.0,0.0,0.0,0.0,0.0,0.0,1.0,0.0
231,0,0.008344624826625872,1.0,0.3452,2.5,0.0,0.0,0.0,0.0,0.0,0.0,1.0,0.0
232,0,0.007711241864078423,1.0,0.2488,-0.5,0.0,0.0,0.0,0.0,0.0,0.0,1.0,0.0
233,0,0.005039606589846734,1.0,0.207,-0.8,0.0,0.0,0.0,0.0,0.0,0.0,1.0,0.0
234,1,0.005780364380392912,1.0,0.2116,-0.3,0.0,0.0,0.0,0.0,0.0,0.0,1.0,0.0
235,1,0.006775246491828355,1.0,0.198,1.6,0.0,0.0,0.0,0.0,0.0,0.0,1.0,0.0
236,1,0.0076410217643752285,1.0,0.0864,0.7,0.0,0.0,0.0,0.0,0.0,0.0,1.0,0.0
237,1,0.009865047717537137,1.0,0.2018,-1.7,0.0,0.0,0.0,0.0,0.0,0.0,1.0,0.0
238,0,0.008491257480748185,1.0,0.1378,0.2,0.0,0.0,0.0,0.0,0.0,0.0,1.0,0.0
239,0,0.008436109582146007,1.0,0.0834,0.6,0.0,0.0,0.0,0.0,0.0,0.0,1.0,0.0
240,1,0.008526425949983894,1.0,0.2144,2.3,0.0,0.0,0.0,0.0,0.0,0.0,1.0,0.0
241,0,0.007929496683122629,1.0,0.1864,0.5,0.0,0.0,0.0,0.0,0.0,0.0,1.0,0.0
242,1,0.008899959491999057,1.0,0.0834,0.3,0.0,0.0,0.0,0.0,0.0,0.0,1.0,0.0
243,0,0.008723649790747608,1.0,0.107,1.3,0.0,0.0,0.0,0.0,0.0,0.0,1.0,0.0
244,1,0.008981162435915397,1.0,0.1882,-0.9,0.0,0.0,0.0,0.0,0.0,0.0,1.0,0.0
245,1,0.013242038635542843,1.0,0.1804,-0.2,0.0,0.0,0.0,0.0,0.0,0.0,1.0,0.0
246,0,0.00979167297109187,1.0,0.19940000000000002,2.2,0.0,0.0,0.0,0.0,0.0,0.0,1.0,0.0
247,0,0.009736992427562593,1.0,0.1524,-1.5,0.0,0.0,0.0,0.0,0.0,0.0,1.0,0.0
248,0,0.00946569280774426,1.0,0.195,-1.7,0.0,0.0,0.0,0.0,0.0,0.0,1.0,0.0
249,0,0.008006610270151095,1.0,0.1244,-0.6,0.0,0.0,0.0,0.0,0.0,0.0,1.0,0.0
250,1,0.009250242119137454,1.0,0.265,-0.1,0.0,0.0,0.0,0.0,0.0,0.0,1.0,0.0
251,1,0.009887013405963428,1.0,0.491,0.9,0.0,0.0,0.0,0.0,0.0,0.0,1.0,0.0
252,0,0.008390425623770053,1.0,0.057999999999999996,0.3,0.0,0.0,0.0,0.0,0.0,0.0,1.0,0.0
253,0,0.005320720666195962,1.0,0.1444,0.6,0.0,0.0,0.0,0.0,0.0,0.0,1.0,0.0
254,0,0.004430876607394749,1.0,0.0706,-0.9,0.0,0.0,0.0,0.0,0.0,0.0,1.0,0.0
255,1,0.00796968921939201,1.0,0.2086,0.6,0.0,0.0,0.0,0.0,0.0,0.0,1.0,0.0
256,0,0.004344065402603612,1.0,0.099,-1.6,0.0,0.0,0.0,0.0,0.0,0.0,1.0,0.0
257,1,0.004366965801175702,1.0,0.0766,-0.9,0.0,0.0,0.0,0.0,0.0,0.0,1.0,0.0
258,0,0.003998923681267112,1.0,0.0724,1.5,0.0,0.0,0.0,0.0,0.0,0.0,1.0,0.0
259,1,0.004577158745212385,1.0,0.1866,-1.4,0.0,0.0,0.0,0.0,0.0,0.0,1.0,0.0
260,0,0.004561852866574917,1.0,0.5770000000000001,-0.8,0.0,0.0,0.0,0.0,0.0,0.0,1.0,0.0
261,0,0.0034954654289858058,1.0,0.1202,-0.6,0.0,0.0,0.0,0.0,0.0,0.0,1.0,0.0
262,1,0.0044849729570829,1.0,0.35200000000000004,-0.5,0.0,0.0,0.0,0.0,0.0,0.0,1.0,0.0
263,1,0.004546663826705674,1.0,0.3858,0.5,0.0,0.0,0.0,0.0,0.0,0.0,1.0,0.0
264,1,0.0063191079406781534,1.0,0.3322,2.2,0.0,0.0,0.0,0.0,0.0,0.0,1.0,0.0
265,1,0.00646515640095934,1.0,0.45439999999999997,-0.7,0.0,0.0,0.0,0.0,0.0,0.0,1.0,0.0
266,1,0.006751060866805791,1.0,0.4104,-1.1,0.0,0.0,0.0,0.0,0.0,0.0,1.0,0.0
267,0,0.005531380965305545,1.0,0.11,0.6,0.0,0.0,0.0,0.0,0.0,0.0,1.0,0.0
268,0,0.000961699901259557,1.0,0.40659999999999996,0.1,0.0,0.0,0.0,0.0,0.0,0.0,1.0,0.0
269,1,0.0037297271592768287,1.0,0.5376,-1.2,0.0,0.0,0.0,0.0,0.0,0.0,1.0,0.0
270,1,0.0048597917255485375,1.0,0.132,-1.2,0.0,0.0,0.0,0.0,0.0,0.0,1.0,0.0
271,0,0.004696684805106509,1.0,0.13019999999999998,-0.8,0.0,0.0,0.0,0.0,0.0,0.0,1.0,0.0
272,0,0.004421178989632078,1.0,0.41259999999999997,1.2,0.0,0.0,0.0,0.0,0.0,0.0,1.0,0.0
273,0,0.0034836647133950857,1.0,0.5256000000000001,-1.1,0.0,0.0,0.0,0.0,0.0,0.0,1.0,0.0
274,1,0.3623316251115956,0.5780588977859076,0.001044,0.6,0.0,0.0,0.0,0.0,0.0,0.0,0.0,0.0
275,1,0.6368270189184165,0.5780588977859076,0.0017300000000000002,0.0,0.0,0.0,0.0,0.0,0.0,0.0,0.0,0.0
276,1,0.7077646254972804,0.5780588977859076,0.001928,0.1,0.0,0.0,0.0,0.0,0.0,0.0,0.0,0.0
277,1,0.721576837321761,0.5780588977859076,0.002552,2.5,0.0,0.0,0.0,0.0,0.0,0.0,0.0,0.0
278,0,0.7196334580898754,0.5780588977859076,0.0014980000000000002,-0.5,0.0,0.0,0.0,0.0,0.0,0.0,0.0,0.0
279,1,0.7226417058553631,0.5780588977859076,0.001794,-0.8,0.0,0.0,0.0,0.0,0.0,0.0,0.0,0.0
280,0,0.5720380525173906,0.5780588977859076,0.001442,-0.3,0.0,0.0,0.0,0.0,0.0,0.0,0.0,0.0
281,1,0.6966152860394146,0.5780588977859076,0.00193,1.6,0.0,0.0,0.0,0.0,0.0,0.0,0.0,0.0
282,0,0.23766138793006453,0.5780588977859076,0.00165,0.7,0.0,0.0,0.0,0.0,0.0,0.0,0.0,0.0
283,0,0.23020590612963052,0.5780588977859076,0.0017420000000000003,-1.7,0.0,0.0,0.0,0.0,0.0,0.0,0.0,0.0
284,0,0.22709670966839637,0.5780588977859076,0.00193,0.2,0.0,0.0,0.0,0.0,0.0,0.0,0.0,0.0
285,1,0.22727488878993943,0.5780588977859076,0.001476,0.6,0.0,0.0,0.0,0.0,0.0,0.0,0.0,0.0
286,1,0.41901361674056525,0.5780588977859076,0.0017399999999999998,2.3,0.0,0.0,0.0,0.0,0.0,0.0,0.0,0.0
287,1,0.42780479933934684,0.5780588977859076,0.002152,0.5,0.0,0.0,0.0,0.0,0.0,0.0,0.0,0.0
288,0,0.1491686395866338,0.5780588977859076,0.00099,0.3,0.0,0.0,0.0,0.0,0.0,0.0,0.0,0.0
289,1,0.18977980916256632,0.5780588977859076,0.001562,1.3,0.0,0.0,0.0,0.0,0.0,0.0,0.0,0.0
290,0,0.10568171740838059,0.5780588977859076,0.0030519999999999996,-0.9,0.0,0.0,0.0,0.0,0.0,0.0,0.0,0.0
291,1,0.22596968291009853,0.5780588977859076,0.001452,-0.2,0.0,0.0,0.0,0.0,0.0,0.0,0.0,0.0
292,1,0.23185485166558922,0.5780588977859076,0.003862,2.2,0.0,0.0,0.0,0.0,0.0,0.0,0.0,0.0
293,1,0.2473378578756866,0.5780588977859076,0.002228,-1.5,0.0,0.0,0.0,0.0,0.0,0.0,0.0,0.0
294,1,0.3640291755751359,0.5780588977859076,0.0011560000000000001,-1.7,0.0,0.0,0.0,0.0,0.0,0.0,0.0,0.0
295,1,0.4876906268318128,0.5780588977859076,0.0015060000000000002,-0.6,0.0,0.0,0.0,0.0,0.0,0.0,0.0,0.0
296,0,0.3741619009106764,0.5780588977859076,0.00149,-0.1,0.0,0.0,0.0,0.0,0.0,0.0,0.0,0.0
297,0,0.32733455834887193,0.5780588977859076,0.00224,0.9,0.0,0.0,0.0,0.0,0.0,0.0,0.0,0.0
298,1,0.34098214434892354,0.5780588977859076,0.0013980000000000002,0.3,0.0,0.0,0.0,0.0,0.0,0.0,0.0,0.0
299,1,0.35051688886868876,0.5780588977859076,0.001476,0.6,0.0,0.0,0.0,0.0,0.0,0.0,0.0,0.0
300,1,0.3550938139363647,0.5780588977859076,0.002732,-0.9,0.0,0.0,0.0,0.0,0.0,0.0,0.0,0.0
301,0,0.3283131998715241,0.5780588977859076,0.002516,0.6,0.0,0.0,0.0,0.0,0.0,0.0,0.0,0.0
302,1,0.3635400884913463,0.5780588977859076,0.001546,-1.6,0.0,0.0,0.0,0.0,0.0,0.0,0.0,0.0
303,1,0.43834178681294567,0.5780588977859076,0.001376,-0.9,0.0,0.0,0.0,0.0,0.0,0.0,0.0,0.0
304,1,0.48035198379960375,0.5780588977859076,0.002108,1.5,0.0,0.0,0.0,0.0,0.0,0.0,0.0,0.0
305,0,0.46005311724081044,0.5780588977859076,0.002294,-1.4,0.0,0.0,0.0,0.0,0.0,0.0,0.0,0.0
306,1,0.5505883240915815,0.5780588977859076,0.004725999999999999,-0.8,0.0,0.0,0.0,0.0,0.0,0.0,0.0,0.0
307,1,0.5773432336274126,0.5780588977859076,0.0017360000000000001,-0.6,0.0,0.0,0.0,0.0,0.0,0.0,0.0,0.0
308,1,0.591930787517834,0.5780588977859076,0.0025739999999999995,-0.5,0.0,0.0,0.0,0.0,0.0,0.0,0.0,0.0
309,0,0.5606288636389926,0.5780588977859076,0.00395,0.5,0.0,0.0,0.0,0.0,0.0,0.0,0.0,0.0
310,1,0.5623541048906021,0.5780588977859076,0.004006,2.2,0.0,0.0,0.0,0.0,0.0,0.0,0.0,0.0
311,1,0.5677865234192211,0.5780588977859076,0.003408,-0.7,0.0,0.0,0.0,0.0,0.0,0.0,0.0,0.0
312,0,0.5186260274947326,0.5780588977859076,0.002828,-1.1,0.0,0.0,0.0,0.0,0.0,0.0,0.0,0.0
313,1,0.5978390903494332,0.5780588977859076,0.002884,0.6,0.0,0.0,0.0,0.0,0.0,0.0,0.0,0.0
314,0,0.5711588407864978,0.5780588977859076,0.0032299999999999994,0.1,0.0,0.0,0.0,0.0,0.0,0.0,0.0,0.0
315,1,0.5848033889785756,0.5780588977859076,0.003814,-1.2,0.0,0.0,0.0,0.0,0.0,0.0,0.0,0.0
316,0,0.500792575784254,0.5780588977859076,0.0017579999999999998,-1.2,0.0,0.0,0.0,0.0,0.0,0.0,0.0,0.0
317,1,0.5223384625163121,0.5780588977859076,0.00308,-0.8,0.0,0.0,0.0,0.0,0.0,0.0,0.0,0.0
318,0,0.5165764418225306,0.5780588977859076,0.0045899999999999995,1.2,0.0,0.0,0.0,0.0,0.0,0.0,0.0,0.0
319,1,0.5350869741948728,0.5780588977859076,0.003166,-1.1,0.0,0.0,0.0,0.0,0.0,0.0,0.0,0.0
320,0,0.7406306699663493,0.2554473340696857,0.0336,0.6,0.0,0.0,0.0,0.0,0.0,1.0,0.0,0.0
321,1,1.0,0.2554473340696857,0.3034,0.0,0.0,0.0,0.0,0.0,0.0,1.0,0.0,0.0
322,0,0.9953357963724601,0.2554473340696857,0.0946,0.1,0.0,0.0,0.0,0.0,0.0,1.0,0.0,0.0
323,0,0.24173099906610773,0.2554473340696857,0.2812,2.5,0.0,0.0,0.0,0.0,0.0,1.0,0.0,0.0
324,1,0.2926550593581836,0.2554473340696857,0.1328,-0.5,0.0,0.0,0.0,0.0,0.0,1.0,0.0,0.0
325,0,0.2498232521533677,0.2554473340696857,0.11359999999999999,-0.8,0.0,0.0,0.0,0.0,0.0,1.0,0.0,0.0
326,0,0.23253602168434068,0.2554473340696857,0.1782,-0.3,0.0,0.0,0.0,0.0,0.0,1.0,0.0,0.0
327,1,0.2841153137886221,0.2554473340696857,0.0236,1.6,0.0,0.0,0.0,0.0,0.0,1.0,0.0,0.0
328,1,0.28890138025142065,0.2554473340696857,0.2186,0.7,0.0,0.0,0.0,0.0,0.0,1.0,0.0,0.0
329,0,0.2597537295811108,0.2554473340696857,0.19,-1.7,0.0,0.0,0.0,0.0,0.0,1.0,0.0,0.0
330,1,0.2697103788929363,0.2554473340696857,0.3998,0.2,0.0,0.0,0.0,0.0,0.0,1.0,0.0,0.0
331,0,0.25680027919792053,0.2554473340696857,0.2332,0.6,0.0,0.0,0.0,0.0,0.0,1.0,0.0,0.0
332,0,0.2556573623671441,0.2554473340696857,0.2158,2.3,0.0,0.0,0.0,0.0,0.0,1.0,0.0,0.0
333,1,0.2740337638335641,0.2554473340696857,0.0286,0.5,0.0,0.0,0.0,0.0,0.0,1.0,0.0,0.0
334,1,0.38512885505134303,0.2554473340696857,0.15380000000000002,0.3,0.0,0.0,0.0,0.0,0.0,1.0,0.0,0.0
335,1,0.38595630720791213,0.2554473340696857,0.12619999999999998,1.3,0.0,0.0,0.0,0.0,0.0,1.0,0.0,0.0
336,0,0.36746248277942606,0.2554473340696857,0.1568,-0.9,0.0,0.0,0.0,0.0,0.0,1.0,0.0,0.0
337,1,0.37600818712616707,0.2554473340696857,0.0676,-0.2,0.0,0.0,0.0,0.0,0.0,1.0,0.0,0.0
338,0,0.36483571359219275,0.2554473340696857,0.4384,2.2,0.0,0.0,0.0,0.0,0.0,1.0,0.0,0.0
339,1,0.3664369889107157,0.2554473340696857,0.201,-1.5,0.0,0.0,0.0,0.0,0.0,1.0,0.0,0.0
340,1,0.36846273947419983,0.2554473340696857,0.1998,-1.7,0.0,0.0,0.0,0.0,0.0,1.0,0.0,0.0
341,1,0.383518699986435,0.2554473340696857,0.133,-0.6,0.0,0.0,0.0,0.0,0.0,1.0,0.0,0.0
342,1,0.38839403126815747,0.2554473340696857,0.1782,-0.1,0.0,0.0,0.0,0.0,0.0,1.0,0.0,0.0
343,1,0.3889725000096392,0.2554473340696857,0.2336,0.9,0.0,0.0,0.0,0.0,0.0,1.0,0.0,0.0
344,0,0.38878953049859893,0.2554473340696857,0.1168,0.3,0.0,0.0,0.0,0.0,0.0,1.0,0.0,0.0
345,1,0.3900890112787968,0.2554473340696857,0.0492,0.6,0.0,0.0,0.0,0.0,0.0,1.0,0.0,0.0
346,1,0.3907109440420582,0.2554473340696857,0.20559999999999998,-0.9,0.0,0.0,0.0,0.0,0.0,1.0,0.0,0.0
347,0,0.3906983254550899,0.2554473340696857,0.4142,0.6,0.0,0.0,0.0,0.0,0.0,1.0,0.0,0.0
348,0,0.38931133243749155,0.2554473340696857,0.0894,-1.6,0.0,0.0,0.0,0.0,0.0,1.0,0.0,0.0
349,0,0.38845981149466813,0.2554473340696857,0.1226,-0.9,0.0,0.0,0.0,0.0,0.0,1.0,0.0,0.0
350,1,0.4042580487014364,0.2554473340696857,0.16519999999999999,1.5,0.0,0.0,0.0,0.0,0.0,1.0,0.0,0.0
351,0,0.3989549706892424,0.2554473340696857,0.2632,-1.4,0.0,0.0,0.0,0.0,0.0,1.0,0.0,0.0
352,0,0.3825519760181418,0.2554473340696857,0.3148,-0.8,0.0,0.0,0.0,0.0,0.0,1.0,0.0,0.0
353,0,0.37023062687621155,0.2554473340696857,0.3456,-0.6,0.0,0.0,0.0,0.0,0.0,1.0,0.0,0.0
354,1,0.3896643023562991,0.2554473340696857,0.1352,-0.5,0.0,0.0,0.0,0.0,0.0,1.0,0.0,0.0
355,1,0.3906982086163217,0.2554473340696857,0.327,0.5,0.0,0.0,0.0,0.0,0.0,1.0,0.0,0.0
356,1,0.3917201973219853,0.2554473340696857,0.41659999999999997,2.2,0.0,0.0,0.0,0.0,0.0,1.0,0.0,0.0
357,0,0.3894759582619205,0.2554473340696857,0.4192,-0.7,0.0,0.0,0.0,0.0,0.0,1.0,0.0,0.0
358,0,0.3848930744170651,0.2554473340696857,0.46740000000000004,-1.1,0.0,0.0,0.0,0.0,0.0,1.0,0.0,0.0
359,1,0.38875389467429033,0.2554473340696857,0.43560000000000004,0.6,0.0,0.0,0.0,0.0,0.0,1.0,0.0,0.0
360,0,0.344276413419026,0.2554473340696857,0.5197999999999999,0.1,0.0,0.0,0.0,0.0,0.0,1.0,0.0,0.0
361,1,0.36388499653514633,0.2554473340696857,0.2394,-1.2,0.0,0.0,0.0,0.0,0.0,1.0,0.0,0.0
362,0,0.32274057482103513,0.2554473340696857,0.1716,-1.2,0.0,0.0,0.0,0.0,0.0,1.0,0.0,0.0
363,0,0.31452190218655574,0.2554473340696857,0.36060000000000003,-0.8,0.0,0.0,0.0,0.0,0.0,1.0,0.0,0.0
364,0,0.29808233698100073,0.2554473340696857,0.5506,1.2,0.0,0.0,0.0,0.0,0.0,1.0,0.0,0.0
365,0,0.18495506906748527,0.2554473340696857,0.1476,-1.1,0.0,0.0,0.0,0.0,0.0,1.0,0.0,0.0
366,1,0.056744617208738184,0.7228119159521781,0.001044,0.6,0.0,0.0,0.0,0.0,0.0,0.0,0.0,0.0
367,0,0.04966185107894176,0.7228119159521781,0.0017300000000000002,0.0,0.0,0.0,0.0,0.0,0.0,0.0,0.0,0.0
368,1,0.07384478880983708,0.7228119159521781,0.001928,0.1,0.0,0.0,0.0,0.0,0.0,0.0,0.0,0.0
369,1,0.08393405012359789,0.7228119159521781,0.002552,2.5,0.0,0.0,0.0,0.0,0.0,0.0,0.0,0.0
370,1,0.08410241478861004,0.7228119159521781,0.0014980000000000002,-0.5,0.0,0.0,0.0,0.0,0.0,0.0,0.0,0.0
371,1,0.08525549659222206,0.7228119159521781,0.001794,-0.8,0.0,0.0,0.0,0.0,0.0,0.0,0.0,0.0
372,1,0.09213823475081738,0.7228119159521781,0.001442,-0.3,0.0,0.0,0.0,0.0,0.0,0.0,0.0,0.0
373,0,0.09073616953211798,0.7228119159521781,0.00193,1.6,0.0,0.0,0.0,0.0,0.0,0.0,0.0,0.0
374,0,0.08889560841627035,0.7228119159521781,0.00165,0.7,0.0,0.0,0.0,0.0,0.0,0.0,0.0,0.0
375,1,0.10370258551341817,0.7228119159521781,0.0017420000000000003,-1.7,0.0,0.0,0.0,0.0,0.0,0.0,0.0,0.0
376,1,0.10489807978989585,0.7228119159521781,0.00193,0.2,0.0,0.0,0.0,0.0,0.0,0.0,0.0,0.0
377,1,0.11119872720519447,0.7228119159521781,0.001476,0.6,0.0,0.0,0.0,0.0,0.0,0.0,0.0,0.0
378,1,0.11244516318461822,0.7228119159521781,0.0017399999999999998,2.3,0.0,0.0,0.0,0.0,0.0,0.0,0.0,0.0
379,1,0.11403428727124576,0.7228119159521781,0.002152,0.5,0.0,0.0,0.0,0.0,0.0,0.0,0.0,0.0
380,0,0.1114653532742838,0.7228119159521781,0.00099,0.3,0.0,0.0,0.0,0.0,0.0,0.0,0.0,0.0
381,1,0.1192186570949232,0.7228119159521781,0.001562,1.3,0.0,0.0,0.0,0.0,0.0,0.0,0.0,0.0
382,1,0.12287734628311926,0.7228119159521781,0.0030519999999999996,-0.9,0.0,0.0,0.0,0.0,0.0,0.0,0.0,0.0
383,1,0.16041390367321226,0.7228119159521781,0.001452,-0.2,0.0,0.0,0.0,0.0,0.0,0.0,0.0,0.0
384,0,0.15397421812372594,0.7228119159521781,0.003862,2.2,0.0,0.0,0.0,0.0,0.0,0.0,0.0,0.0
385,1,0.16759645011107277,0.7228119159521781,0.002228,-1.5,0.0,0.0,0.0,0.0,0.0,0.0,0.0,0.0
386,1,0.17764002746645763,0.7228119159521781,0.0011560000000000001,-1.7,0.0,0.0,0.0,0.0,0.0,0.0,0.0,0.0
387,0,0.10369300473442372,0.7228119159521781,0.0015060000000000002,-0.6,0.0,0.0,0.0,0.0,0.0,0.0,0.0,0.0
388,1,0.10694801597840259,0.7228119159521781,0.00149,-0.1,0.0,0.0,0.0,0.0,0.0,0.0,0.0,0.0
389,1,0.11541123215477678,0.7228119159521781,0.00224,0.9,0.0,0.0,0.0,0.0,0.0,0.0,0.0,0.0
390,0,0.10861133268285296,0.7228119159521781,0.0013980000000000002,0.3,0.0,0.0,0.0,0.0,0.0,0.0,0.0,0.0
391,1,0.11759202776369546,0.7228119159521781,0.001476,0.6,0.0,0.0,0.0,0.0,0.0,0.0,0.0,0.0
392,0,0.10946963027423344,0.7228119159521781,0.002732,-0.9,0.0,0.0,0.0,0.0,0.0,0.0,0.0,0.0
393,1,0.11625282180230109,0.7228119159521781,0.002516,0.6,0.0,0.0,0.0,0.0,0.0,0.0,0.0,0.0
394,0,0.09859941863365707,0.7228119159521781,0.001546,-1.6,0.0,0.0,0.0,0.0,0.0,0.0,0.0,0.0
395,1,0.10324609644596329,0.7228119159521781,0.001376,-0.9,0.0,0.0,0.0,0.0,0.0,0.0,0.0,0.0
396,1,0.10734515095159919,0.7228119159521781,0.002108,1.5,0.0,0.0,0.0,0.0,0.0,0.0,0.0,0.0
397,0,0.09685314640376698,0.7228119159521781,0.002294,-1.4,0.0,0.0,0.0,0.0,0.0,0.0,0.0,0.0
398,1,0.09978007438657018,0.7228119159521781,0.004725999999999999,-0.8,0.0,0.0,0.0,0.0,0.0,0.0,0.0,0.0
399,0,0.08977458646962665,0.7228119159521781,0.0017360000000000001,-0.6,0.0,0.0,0.0,0.0,0.0,0.0,0.0,0.0
400,1,0.10281040467925245,0.7228119159521781,0.0025739999999999995,-0.5,0.0,0.0,0.0,0.0,0.0,0.0,0.0,0.0
401,0,0.09821478540866053,0.7228119159521781,0.00395,0.5,0.0,0.0,0.0,0.0,0.0,0.0,0.0,0.0
402,0,0.09585300654776141,0.7228119159521781,0.004006,2.2,0.0,0.0,0.0,0.0,0.0,0.0,0.0,0.0
403,0,0.08617408298800662,0.7228119159521781,0.003408,-0.7,0.0,0.0,0.0,0.0,0.0,0.0,0.0,0.0
404,0,0.07994003367059623,0.7228119159521781,0.002828,-1.1,0.0,0.0,0.0,0.0,0.0,0.0,0.0,0.0
405,1,0.08232436241376277,0.7228119159521781,0.002884,0.6,0.0,0.0,0.0,0.0,0.0,0.0,0.0,0.0
406,1,0.08592872157473422,0.7228119159521781,0.0032299999999999994,0.1,0.0,0.0,0.0,0.0,0.0,0.0,0.0,0.0
407,1,0.09512066114852742,0.7228119159521781,0.003814,-1.2,0.0,0.0,0.0,0.0,0.0,0.0,0.0,0.0
408,0,0.08563300265235688,0.7228119159521781,0.0017579999999999998,-1.2,0.0,0.0,0.0,0.0,0.0,0.0,0.0,0.0
409,1,0.09316092448909036,0.7228119159521781,0.00308,-0.8,0.0,0.0,0.0,0.0,0.0,0.0,0.0,0.0
410,0,0.08520455488927599,0.7228119159521781,0.0045899999999999995,1.2,0.0,0.0,0.0,0.0,0.0,0.0,0.0,0.0
411,1,0.0893828260797684,0.7228119159521781,0.003166,-1.1,0.0,0.0,0.0,0.0,0.0,0.0,0.0,0.0
412,0,0.004055006290015087,0.003254693215791784,0.11720000000000001,-0.2,0.0,0.0,0.0,1.0,0.0,0.0,0.0,0.0
413,1,0.004475859533161354,0.003254693215791784,0.43439999999999995,2.2,0.0,0.0,0.0,1.0,0.0,0.0,0.0,0.0
414,0,0.00384189237677278,0.003254693215791784,0.2662,-1.5,0.0,0.0,0.0,1.0,0.0,0.0,0.0,0.0
415,1,0.00421063552929072,0.003254693215791784,0.1582,-1.7,0.0,0.0,0.0,1.0,0.0,0.0,0.0,0.0
416,1,0.005665395032459562,0.003254693215791784,0.059000000000000004,-0.6,0.0,0.0,0.0,1.0,0.0,0.0,0.0,0.0
417,0,0.004702293065981306,0.003254693215791784,0.1402,-0.1,0.0,0.0,0.0,1.0,0.0,0.0,0.0,0.0
418,1,0.01175584950372149,0.003254693215791784,0.2112,0.9,0.0,0.0,0.0,1.0,0.0,0.0,0.0,0.0
419,0,0.005908419670367457,0.003254693215791784,0.20440000000000003,0.3,0.0,0.0,0.0,1.0,0.0,0.0,0.0,0.0
420,0,0.005736783519845006,0.003254693215791784,0.069,0.6,0.0,0.0,0.0,1.0,0.0,0.0,0.0,0.0
421,1,0.006048859869773846,0.003254693215791784,0.19079999999999997,-0.9,0.0,0.0,0.0,1.0,0.0,0.0,0.0,0.0
422,1,0.006405919145469291,0.003254693215791784,0.2758,0.6,0.0,0.0,0.0,1.0,0.0,0.0,0.0,0.0
423,0,0.0062265716362439934,0.003254693215791784,0.2932,-1.6,0.0,0.0,0.0,1.0,0.0,0.0,0.0,0.0
424,1,0.006811817026282764,0.003254693215791784,0.2588,-0.9,0.0,0.0,0.0,1.0,0.0,0.0,0.0,0.0
425,1,0.007473124454435977,0.003254693215791784,0.1906,1.5,0.0,0.0,0.0,1.0,0.0,0.0,0.0,0.0
426,1,0.007950644500171343,0.003254693215791784,0.2554,-1.4,0.0,0.0,0.0,1.0,0.0,0.0,0.0,0.0
427,0,0.007711241864078423,0.003254693215791784,0.48,-0.8,0.0,0.0,0.0,1.0,0.0,0.0,0.0,0.0
428,0,0.00692550114776564,0.003254693215791784,0.192,-0.6,0.0,0.0,0.0,1.0,0.0,0.0,0.0,0.0
429,0,0.006725823692869202,0.003254693215791784,0.303,-0.5,0.0,0.0,0.0,1.0,0.0,0.0,0.0,0.0
430,1,0.008597931276137562,0.003254693215791784,0.29100000000000004,0.5,0.0,0.0,0.0,1.0,0.0,0.0,0.0,0.0
431,1,0.011138707129957308,0.003254693215791784,0.385,2.2,0.0,0.0,0.0,1.0,0.0,0.0,0.0,0.0
432,1,0.011648825192027437,0.003254693215791784,0.40700000000000003,-0.7,0.0,0.0,0.0,1.0,0.0,0.0,0.0,0.0
433,0,0.010929215218529974,0.003254693215791784,0.34740000000000004,-1.1,0.0,0.0,0.0,1.0,0.0,0.0,0.0,0.0
434,1,0.011065682899816714,0.003254693215791784,0.41600000000000004,0.6,0.0,0.0,0.0,1.0,0.0,0.0,0.0,0.0
435,0,0.004656141752532451,0.003254693215791784,0.35340000000000005,0.1,0.0,0.0,0.0,1.0,0.0,0.0,0.0,0.0
436,1,0.007680396429267037,0.003254693215791784,0.33840000000000003,-1.2,0.0,0.0,0.0,1.0,0.0,0.0,0.0,0.0
437,1,0.009499342372993045,0.003254693215791784,0.061399999999999996,-1.2,0.0,0.0,0.0,1.0,0.0,0.0,0.0,0.0
438,1,0.01051268500980803,0.003254693215791784,0.38880000000000003,-0.8,0.0,0.0,0.0,1.0,0.0,0.0,0.0,0.0
439,0,0.01016871167615378,0.003254693215791784,0.4374,1.2,0.0,0.0,0.0,1.0,0.0,0.0,0.0,0.0
440,0,0.009319060153621949,0.003254693215791784,0.1974,-1.1,0.0,0.0,0.0,1.0,0.0,0.0,0.0,0.0
441,1,0.02440411351914514,0.04149623426724055,0.5454,1.2,1.0,0.0,0.0,0.0,0.0,0.0,0.0,0.0
442,0,0.02338796675189276,0.04149623426724055,0.1524,-1.1,1.0,0.0,0.0,0.0,0.0,0.0,0.0,0.0
443,0,0.021430099512747283,0.006846840373979062,0.0336,0.6,0.0,0.0,0.0,0.0,0.0,1.0,0.0,0.0
444,1,0.024132697060558584,0.006846840373979062,0.3034,0.0,0.0,0.0,0.0,0.0,0.0,1.0,0.0,0.0
445,1,0.02572135379211322,0.006846840373979062,0.0946,0.1,0.0,0.0,0.0,0.0,0.0,1.0,0.0,0.0
446,1,0.02855235714620374,0.006846840373979062,0.2812,2.5,0.0,0.0,0.0,0.0,0.0,1.0,0.0,0.0
447,1,0.03127177947663943,0.006846840373979062,0.1328,-0.5,0.0,0.0,0.0,0.0,0.0,1.0,0.0,0.0
448,0,0.03061397721153297,0.006846840373979062,0.11359999999999999,-0.8,0.0,0.0,0.0,0.0,0.0,1.0,0.0,0.0
449,1,0.032433039994027205,0.006846840373979062,0.1782,-0.3,0.0,0.0,0.0,0.0,0.0,1.0,0.0,0.0
450,1,0.03390567582873446,0.006846840373979062,0.0236,1.6,0.0,0.0,0.0,0.0,0.0,1.0,0.0,0.0
451,1,0.03633381910998536,0.006846840373979062,0.2186,0.7,0.0,0.0,0.0,0.0,0.0,1.0,0.0,0.0
452,0,0.02996388630512935,0.006846840373979062,0.19,-1.7,0.0,0.0,0.0,0.0,0.0,1.0,0.0,0.0
453,0,0.029157348288072527,0.006846840373979062,0.3998,0.2,0.0,0.0,0.0,0.0,0.0,1.0,0.0,0.0
454,1,0.03621148891965383,0.006846840373979062,0.2332,0.6,0.0,0.0,0.0,0.0,0.0,1.0,0.0,0.0
455,1,0.03940223884110897,0.006846840373979062,0.2158,2.3,0.0,0.0,0.0,0.0,0.0,1.0,0.0,0.0
456,1,0.03993478994667829,0.006846840373979062,0.0286,0.5,0.0,0.0,0.0,0.0,0.0,1.0,0.0,0.0
457,1,0.04034968441264509,0.006846840373979062,0.15380000000000002,0.3,0.0,0.0,0.0,0.0,0.0,1.0,0.0,0.0
458,0,0.038592546177310075,0.006846840373979062,0.12619999999999998,1.3,0.0,0.0,0.0,0.0,0.0,1.0,0.0,0.0
459,0,0.03770410418372756,0.006846840373979062,0.1568,-0.9,0.0,0.0,0.0,0.0,0.0,1.0,0.0,0.0
460,1,0.03880157073366451,0.006846840373979062,0.0676,-0.2,0.0,0.0,0.0,0.0,0.0,1.0,0.0,0.0
461,1,0.03911317972852045,0.006846840373979062,0.4384,2.2,0.0,0.0,0.0,0.0,0.0,1.0,0.0,0.0
462,0,0.03521754151836419,0.006846840373979062,0.201,-1.5,0.0,0.0,0.0,0.0,0.0,1.0,0.0,0.0
463,1,0.037288742362687866,0.006846840373979062,0.1998,-1.7,0.0,0.0,0.0,0.0,0.0,1.0,0.0,0.0
464,1,0.10742658757305198,0.006846840373979062,0.133,-0.6,0.0,0.0,0.0,0.0,0.0,1.0,0.0,0.0
465,1,0.10781601118754573,0.006846840373979062,0.1782,-0.1,0.0,0.0,0.0,0.0,0.0,1.0,0.0,0.0
466,0,0.0980319327363885,0.006846840373979062,0.2336,0.9,0.0,0.0,0.0,0.0,0.0,1.0,0.0,0.0
467,0,0.0912790024492911,0.006846840373979062,0.1168,0.3,0.0,0.0,0.0,0.0,0.0,1.0,0.0,0.0
468,0,0.09106296756684316,0.006846840373979062,0.0492,0.6,0.0,0.0,0.0,0.0,0.0,1.0,0.0,0.0
469,0,0.09068581202301303,0.006846840373979062,0.20559999999999998,-0.9,0.0,0.0,0.0,0.0,0.0,1.0,0.0,0.0
470,1,0.09216686024903249,0.006846840373979062,0.4142,0.6,0.0,0.0,0.0,0.0,0.0,1.0,0.0,0.0
471,0,0.08704149400330864,0.006846840373979062,0.0894,-1.6,0.0,0.0,0.0,0.0,0.0,1.0,0.0,0.0
472,1,0.091789003672593,0.006846840373979062,0.1226,-0.9,0.0,0.0,0.0,0.0,0.0,1.0,0.0,0.0
473,1,0.09320380431702892,0.006846840373979062,0.16519999999999999,1.5,0.0,0.0,0.0,0.0,0.0,1.0,0.0,0.0
474,1,0.10023399300112411,0.006846840373979062,0.2632,-1.4,0.0,0.0,0.0,0.0,0.0,1.0,0.0,0.0
475,0,0.09838139749214932,0.006846840373979062,0.3148,-0.8,0.0,0.0,0.0,0.0,0.0,1.0,0.0,0.0
476,0,0.09522441397471118,0.006846840373979062,0.3456,-0.6,0.0,0.0,0.0,0.0,0.0,1.0,0.0,0.0
477,1,0.09680337308850315,0.006846840373979062,0.1352,-0.5,0.0,0.0,0.0,0.0,0.0,1.0,0.0,0.0
478,1,0.09822763767316528,0.006846840373979062,0.327,0.5,0.0,0.0,0.0,0.0,0.0,1.0,0.0,0.0
479,1,0.10379138297726913,0.006846840373979062,0.41659999999999997,2.2,0.0,0.0,0.0,0.0,0.0,1.0,0.0,0.0
480,1,0.10475401758867449,0.006846840373979062,0.4192,-0.7,0.0,0.0,0.0,0.0,0.0,1.0,0.0,0.0
481,0,0.10046732002126933,0.006846840373979062,0.46740000000000004,-1.1,0.0,0.0,0.0,0.0,0.0,1.0,0.0,0.0
482,1,0.10257205359207357,0.006846840373979062,0.43560000000000004,0.6,0.0,0.0,0.0,0.0,0.0,1.0,0.0,0.0
483,0,0.04266168995828038,0.006846840373979062,0.5197999999999999,0.1,0.0,0.0,0.0,0.0,0.0,1.0,0.0,0.0
484,0,0.04083421478447395,0.006846840373979062,0.2394,-1.2,0.0,0.0,0.0,0.0,0.0,1.0,0.0,0.0
485,1,0.04503807366520762,0.006846840373979062,0.1716,-1.2,0.0,0.0,0.0,0.0,0.0,1.0,0.0,0.0
486,1,0.04810766178401349,0.006846840373979062,0.36060000000000003,-0.8,0.0,0.0,0.0,0.0,0.0,1.0,0.0,0.0
487,0,0.044902073338993785,0.006846840373979062,0.5506,1.2,0.0,0.0,0.0,0.0,0.0,1.0,0.0,0.0
488,1,0.09518363724460067,0.006846840373979062,0.1476,-1.1,0.0,0.0,0.0,0.0,0.0,1.0,0.0,0.0
489,1,0.009413465878347708,0.0007706081738647517,0.1162,0.6,0.0,0.0,0.0,1.0,0.0,0.0,0.0,0.0
490,1,0.011098865109992601,0.0007706081738647517,0.11199999999999999,0.0,0.0,0.0,0.0,1.0,0.0,0.0,0.0,0.0
491,1,0.012586456307032654,0.0007706081738647517,0.12300000000000001,0.1,0.0,0.0,0.0,1.0,0.0,0.0,0.0,0.0
492,1,0.012978800890732034,0.0007706081738647517,0.0882,2.5,0.0,0.0,0.0,1.0,0.0,0.0,0.0,0.0
493,1,0.013173220601058348,0.0007706081738647517,0.078,-0.5,0.0,0.0,0.0,1.0,0.0,0.0,0.0,0.0
494,1,0.014202336471583702,0.0007706081738647517,0.2024,-0.8,0.0,0.0,0.0,1.0,0.0,0.0,0.0,0.0
495,0,0.014126157594701035,0.0007706081738647517,0.12480000000000001,-0.3,0.0,0.0,0.0,1.0,0.0,0.0,0.0,0.0
496,0,0.01398840468696382,0.0007706081738647517,0.1366,1.6,0.0,0.0,0.0,1.0,0.0,0.0,0.0,0.0
497,0,0.013294265564939397,0.0007706081738647517,0.25,0.7,0.0,0.0,0.0,1.0,0.0,0.0,0.0,0.0
498,1,0.013796905945843128,0.0007706081738647517,0.2836,-1.7,0.0,0.0,0.0,1.0,0.0,0.0,0.0,0.0
499,1,0.013991559333705893,0.0007706081738647517,0.265,0.2,0.0,0.0,0.0,1.0,0.0,0.0,0.0,0.0
500,1,0.014969382984980493,0.0007706081738647517,0.2122,0.6,0.0,0.0,0.0,1.0,0.0,0.0,0.0,0.0
501,1,0.01590467732462121,0.0007706081738647517,0.09519999999999999,2.3,0.0,0.0,0.0,1.0,0.0,0.0,0.0,0.0
502,1,0.016762974916001688,0.0007706081738647517,0.32299999999999995,0.5,0.0,0.0,0.0,1.0,0.0,0.0,0.0,0.0
503,1,0.019316018840485054,0.0007706081738647517,0.1642,0.3,0.0,0.0,0.0,1.0,0.0,0.0,0.0,0.0
504,0,0.015345253302360154,0.0007706081738647517,0.0922,1.3,0.0,0.0,0.0,1.0,0.0,0.0,0.0,0.0
505,1,0.01578865642777384,0.0007706081738647517,0.34119999999999995,-0.9,0.0,0.0,0.0,1.0,0.0,0.0,0.0,0.0
506,1,0.022700837955961832,0.0007706081738647517,0.11720000000000001,-0.2,0.0,0.0,0.0,1.0,0.0,0.0,0.0,0.0
507,0,0.016718693022844434,0.0007706081738647517,0.43439999999999995,2.2,0.0,0.0,0.0,1.0,0.0,0.0,0.0,0.0
508,1,0.01710671457211949,0.0007706081738647517,0.2662,-1.5,0.0,0.0,0.0,1.0,0.0,0.0,0.0,0.0
509,0,0.015684553085285408,0.0007706081738647517,0.1582,-1.7,0.0,0.0,0.0,1.0,0.0,0.0,0.0,0.0
510,0,0.015091012142702665,0.0007706081738647517,0.059000000000000004,-0.6,0.0,0.0,0.0,1.0,0.0,0.0,0.0,0.0
511,0,0.014979547957816064,0.0007706081738647517,0.1402,-0.1,0.0,0.0,0.0,1.0,0.0,0.0,0.0,0.0
512,0,0.014538131091462205,0.0007706081738647517,0.2112,0.9,0.0,0.0,0.0,1.0,0.0,0.0,0.0,0.0
513,1,0.015601247043541018,0.0007706081738647517,0.20440000000000003,0.3,0.0,0.0,0.0,1.0,0.0,0.0,0.0,0.0
514,0,0.014971018727735642,0.0007706081738647517,0.069,0.6,0.0,0.0,0.0,1.0,0.0,0.0,0.0,0.0
515,1,0.015023011979595744,0.0007706081738647517,0.19079999999999997,-0.9,0.0,0.0,0.0,1.0,0.0,0.0,0.0,0.0
516,0,0.013385049287850182,0.0007706081738647517,0.2758,0.6,0.0,0.0,0.0,1.0,0.0,0.0,0.0,0.0
517,0,0.013283165881958027,0.0007706081738647517,0.2932,-1.6,0.0,0.0,0.0,1.0,0.0,0.0,0.0,0.0
518,0,0.012067575337345654,0.0007706081738647517,0.2588,-0.9,0.0,0.0,0.0,1.0,0.0,0.0,0.0,0.0
519,1,0.01389353160716516,0.0007706081738647517,0.1906,1.5,0.0,0.0,0.0,1.0,0.0,0.0,0.0,0.0
520,1,0.017011257298479705,0.0007706081738647517,0.2554,-1.4,0.0,0.0,0.0,1.0,0.0,0.0,0.0,0.0
521,0,0.014718413310833301,0.0007706081738647517,0.48,-0.8,0.0,0.0,0.0,1.0,0.0,0.0,0.0,0.0
522,1,0.015017403718720948,0.0007706081738647517,0.192,-0.6,0.0,0.0,0.0,1.0,0.0,0.0,0.0,0.0
523,0,0.01463031687959169,0.0007706081738647517,0.303,-0.5,0.0,0.0,0.0,1.0,0.0,0.0,0.0,0.0
524,1,0.0158732476959687,0.0007706081738647517,0.29100000000000004,0.5,0.0,0.0,0.0,1.0,0.0,0.0,0.0,0.0
525,0,0.01473278447932497,0.0007706081738647517,0.385,2.2,0.0,0.0,0.0,1.0,0.0,0.0,0.0,0.0
526,0,0.013701448672203345,0.0007706081738647517,0.40700000000000003,-0.7,0.0,0.0,0.0,1.0,0.0,0.0,0.0,0.0
527,1,0.01415933980487692,0.0007706081738647517,0.34740000000000004,-1.1,0.0,0.0,0.0,1.0,0.0,0.0,0.0,0.0
528,1,0.016372616591362132,0.0007706081738647517,0.41600000000000004,0.6,0.0,0.0,0.0,1.0,0.0,0.0,0.0,0.0
529,0,0.006555589607565451,0.0007706081738647517,0.35340000000000005,0.1,0.0,0.0,0.0,1.0,0.0,0.0,0.0,0.0
530,1,0.013563578925697903,0.0007706081738647517,0.33840000000000003,-1.2,0.0,0.0,0.0,1.0,0.0,0.0,0.0,0.0
531,1,0.014397924569592267,0.0007706081738647517,0.061399999999999996,-1.2,0.0,0.0,0.0,1.0,0.0,0.0,0.0,0.0
532,1,0.01701137413724793,0.0007706081738647517,0.38880000000000003,-0.8,0.0,0.0,0.0,1.0,0.0,0.0,0.0,0.0
533,1,0.019467792400409262,0.0007706081738647517,0.4374,1.2,0.0,0.0,0.0,1.0,0.0,0.0,0.0,0.0
534,0,0.013249165800404566,0.0007706081738647517,0.1974,-1.1,0.0,0.0,0.0,1.0,0.0,0.0,0.0,0.0
535,0,0.00520949015884581,0.08054371898390439,0.12240000000000001,0.6,0.0,0.0,0.0,0.0,0.0,0.0,1.0,0.0
536,1,0.005627772949091129,0.08054371898390439,0.1376,0.0,0.0,0.0,0.0,0.0,0.0,0.0,1.0,0.0
537,0,0.005276789289343381,0.08054371898390439,0.15839999999999999,0.1,0.0,0.0,0.0,0.0,0.0,0.0,1.0,0.0
538,1,0.005791814579678958,0.08054371898390439,0.3452,2.5,0.0,0.0,0.0,0.0,0.0,0.0,1.0,0.0
539,0,0.003983384125093193,0.08054371898390439,0.2488,-0.5,0.0,0.0,0.0,0.0,0.0,0.0,1.0,0.0
540,1,0.0054197999416507195,0.08054371898390439,0.207,-0.8,0.0,0.0,0.0,0.0,0.0,0.0,1.0,0.0
541,1,0.0067354044718636475,0.08054371898390439,0.2116,-0.3,0.0,0.0,0.0,0.0,0.0,0.0,1.0,0.0
542,0,0.005174555367146551,0.08054371898390439,0.198,1.6,0.0,0.0,0.0,0.0,0.0,0.0,1.0,0.0
543,0,0.004839111263572722,0.08054371898390439,0.0864,0.7,0.0,0.0,0.0,0.0,0.0,0.0,1.0,0.0
544,1,0.0053475935828877,0.08054371898390439,0.2018,-1.7,0.0,0.0,0.0,0.0,0.0,0.0,1.0,0.0
545,1,0.005699511952781248,0.08054371898390439,0.1378,0.2,0.0,0.0,0.0,0.0,0.0,0.0,1.0,0.0
546,1,0.006678387152969872,0.08054371898390439,0.0834,0.6,0.0,0.0,0.0,0.0,0.0,0.0,1.0,0.0
547,0,0.00599160887334362,0.08054371898390439,0.2144,2.3,0.0,0.0,0.0,0.0,0.0,0.0,1.0,0.0
548,0,0.005983546998336099,0.08054371898390439,0.1864,0.5,0.0,0.0,0.0,0.0,0.0,0.0,1.0,0.0
549,1,0.007400333901831833,0.08054371898390439,0.0834,0.3,0.0,0.0,0.0,0.0,0.0,0.0,1.0,0.0
550,0,0.005880612043529919,0.08054371898390439,0.107,1.3,0.0,0.0,0.0,0.0,0.0,0.0,1.0,0.0
551,1,0.007066876057317828,0.08054371898390439,0.1882,-0.9,0.0,0.0,0.0,0.0,0.0,0.0,1.0,0.0
552,0,0.005957491953021935,0.08054371898390439,0.1804,-0.2,0.0,0.0,0.0,0.0,0.0,0.0,1.0,0.0
553,0,0.005398301608297329,0.08054371898390439,0.19940000000000002,2.2,0.0,0.0,0.0,0.0,0.0,0.0,1.0,0.0
554,1,0.005552762459890712,0.08054371898390439,0.1524,-1.5,0.0,0.0,0.0,0.0,0.0,0.0,1.0,0.0
555,0,0.005289641553848126,0.08054371898390439,0.195,-1.7,0.0,0.0,0.0,0.0,0.0,0.0,1.0,0.0
556,0,0.005127703021088346,0.08054371898390439,0.1244,-0.6,0.0,0.0,0.0,0.0,0.0,0.0,1.0,0.0
557,1,0.00551969708848305,0.08054371898390439,0.265,-0.1,0.0,0.0,0.0,0.0,0.0,0.0,1.0,0.0
558,0,0.005284617486814453,0.08054371898390439,0.491,0.9,0.0,0.0,0.0,0.0,0.0,0.0,1.0,0.0
559,1,0.005396665865542179,0.08054371898390439,0.057999999999999996,0.3,0.0,0.0,0.0,0.0,0.0,0.0,1.0,0.0
560,0,0.0046917775768410604,0.08054371898390439,0.1444,0.6,0.0,0.0,0.0,0.0,0.0,0.0,1.0,0.0
561,1,0.005302260140816421,0.08054371898390439,0.0706,-0.9,0.0,0.0,0.0,0.0,0.0,0.0,1.0,0.0
562,0,0.00526802638172651,0.08054371898390439,0.2086,0.6,0.0,0.0,0.0,0.0,0.0,0.0,1.0,0.0
563,0,0.00466981188841477,0.08054371898390439,0.099,-1.6,0.0,0.0,0.0,0.0,0.0,0.0,1.0,0.0
564,1,0.005296768718709848,0.08054371898390439,0.0766,-0.9,0.0,0.0,0.0,0.0,0.0,0.0,1.0,0.0
565,0,0.005089613582647013,0.08054371898390439,0.0724,1.5,0.0,0.0,0.0,0.0,0.0,0.0,1.0,0.0
566,1,0.005133077604426693,0.08054371898390439,0.1866,-1.4,0.0,0.0,0.0,0.0,0.0,0.0,1.0,0.0
567,0,0.004971606426739814,0.08054371898390439,0.5770000000000001,-0.8,0.0,0.0,0.0,0.0,0.0,0.0,1.0,0.0
568,0,0.004755805221828333,0.08054371898390439,0.1202,-0.6,0.0,0.0,0.0,0.0,0.0,0.0,1.0,0.0
569,1,0.005155510647925884,0.08054371898390439,0.35200000000000004,-0.5,0.0,0.0,0.0,0.0,0.0,0.0,1.0,0.0
570,1,0.006910662624201071,0.08054371898390439,0.3858,0.5,0.0,0.0,0.0,0.0,0.0,0.0,1.0,0.0
571,1,0.007013480740239026,0.08054371898390439,0.3322,2.2,0.0,0.0,0.0,0.0,0.0,0.0,1.0,0.0
572,1,0.007922953712102032,0.08054371898390439,0.45439999999999997,-0.7,0.0,0.0,0.0,0.0,0.0,0.0,1.0,0.0
573,0,0.007025515133366196,0.08054371898390439,0.4104,-1.1,0.0,0.0,0.0,0.0,0.0,0.0,1.0,0.0
574,1,0.012636580138601158,0.08054371898390439,0.11,0.6,0.0,0.0,0.0,0.0,0.0,0.0,1.0,0.0
575,0,0.006204839625354153,0.08054371898390439,0.40659999999999996,0.1,0.0,0.0,0.0,0.0,0.0,0.0,1.0,0.0
576,0,0.006181939226782063,0.08054371898390439,0.5376,-1.2,0.0,0.0,0.0,0.0,0.0,0.0,1.0,0.0
577,0,0.0057300068712879595,0.08054371898390439,0.132,-1.2,0.0,0.0,0.0,0.0,0.0,0.0,1.0,0.0
578,1,0.006194207297445683,0.08054371898390439,0.13019999999999998,-0.8,0.0,0.0,0.0,0.0,0.0,0.0,1.0,0.0
579,1,0.006459431301316317,0.08054371898390439,0.41259999999999997,1.2,0.0,0.0,0.0,0.0,0.0,0.0,1.0,0.0
580,0,0.006273774498606873,0.08054371898390439,0.5256000000000001,-1.1,0.0,0.0,0.0,0.0,0.0,0.0,1.0,0.0
581,1,0.06426097200741739,0.10795610978619377,0.001044,0.6,0.0,0.0,0.0,0.0,0.0,0.0,0.0,0.0
582,1,0.06885168404974387,0.10795610978619377,0.0017300000000000002,0.0,0.0,0.0,0.0,0.0,0.0,0.0,0.0,0.0
583,1,0.0797291396939502,0.10795610978619377,0.001928,0.1,0.0,0.0,0.0,0.0,0.0,0.0,0.0,0.0
584,0,0.07019941924121866,0.10795610978619377,0.002552,2.5,0.0,0.0,0.0,0.0,0.0,0.0,0.0,0.0
585,1,0.07874278681259517,0.10795610978619377,0.0014980000000000002,-0.5,0.0,0.0,0.0,0.0,0.0,0.0,0.0,0.0
586,0,0.06620797324111795,0.10795610978619377,0.001794,-0.8,0.0,0.0,0.0,0.0,0.0,0.0,0.0,0.0
587,1,0.10606004133989297,0.10795610978619377,0.001442,-0.3,0.0,0.0,0.0,0.0,0.0,0.0,0.0,0.0
588,1,0.10706649048938269,0.10795610978619377,0.00193,1.6,0.0,0.0,0.0,0.0,0.0,0.0,0.0,0.0
589,0,0.08146349436948135,0.10795610978619377,0.00165,0.7,0.0,0.0,0.0,0.0,0.0,0.0,0.0,0.0
590,0,0.0729270202854301,0.10795610978619377,0.0017420000000000003,-1.7,0.0,0.0,0.0,0.0,0.0,0.0,0.0,0.0
591,0,0.06339893557545372,0.10795610978619377,0.00193,0.2,0.0,0.0,0.0,0.0,0.0,0.0,0.0,0.0
592,0,0.05724153248999889,0.10795610978619377,0.001476,0.6,0.0,0.0,0.0,0.0,0.0,0.0,0.0,0.0
593,0,0.052500448952966905,0.10795610978619377,0.0017399999999999998,2.3,0.0,0.0,0.0,0.0,0.0,0.0,0.0,0.0
594,0,0.049829514711344565,0.10795610978619377,0.002152,0.5,0.0,0.0,0.0,0.0,0.0,0.0,0.0,0.0
595,0,0.04607209676399843,0.10795610978619377,0.00099,0.3,0.0,0.0,0.0,0.0,0.0,0.0,0.0,0.0
596,0,0.04512862371058196,0.10795610978619377,0.001562,1.3,0.0,0.0,0.0,0.0,0.0,0.0,0.0,0.0
597,0,0.036751400867621326,0.10795610978619377,0.0030519999999999996,-0.9,0.0,0.0,0.0,0.0,0.0,0.0,0.0,0.0
598,1,0.039753923533466066,0.10795610978619377,0.001452,-0.2,0.0,0.0,0.0,0.0,0.0,0.0,0.0,0.0
599,1,0.0433581658556693,0.10795610978619377,0.003862,2.2,0.0,0.0,0.0,0.0,0.0,0.0,0.0,0.0
600,0,0.0389935368298581,0.10795610978619377,0.002228,-1.5,0.0,0.0,0.0,0.0,0.0,0.0,0.0,0.0
601,0,0.03711955982629814,0.10795610978619377,0.0011560000000000001,-1.7,0.0,0.0,0.0,0.0,0.0,0.0,0.0,0.0
602,1,0.037990826520951586,0.10795610978619377,0.0015060000000000002,-0.6,0.0,0.0,0.0,0.0,0.0,0.0,0.0,0.0
603,0,0.033449654116352485,0.10795610978619377,0.00149,-0.1,0.0,0.0,0.0,0.0,0.0,0.0,0.0,0.0
604,0,0.030901283742598117,0.10795610978619377,0.00224,0.9,0.0,0.0,0.0,0.0,0.0,0.0,0.0,0.0
605,0,0.03046956449400693,0.10795610978619377,0.0013980000000000002,0.3,0.0,0.0,0.0,0.0,0.0,0.0,0.0,0.0
606,0,0.028252432028170293,0.10795610978619377,0.001476,0.6,0.0,0.0,0.0,0.0,0.0,0.0,0.0,0.0
607,1,0.03125448733894214,0.10795610978619377,0.002732,-0.9,0.0,0.0,0.0,0.0,0.0,0.0,0.0,0.0
608,0,0.029198942889560608,0.10795610978619377,0.002516,0.6,0.0,0.0,0.0,0.0,0.0,0.0,0.0,0.0
609,1,0.02969597500958954,0.10795610978619377,0.001546,-1.6,0.0,0.0,0.0,0.0,0.0,0.0,0.0,0.0
610,1,0.03213580216766293,0.10795610978619377,0.001376,-0.9,0.0,0.0,0.0,0.0,0.0,0.0,0.0,0.0
611,0,0.031408831351767294,0.10795610978619377,0.002108,1.5,0.0,0.0,0.0,0.0,0.0,0.0,0.0,0.0
612,0,0.02983454578870433,0.10795610978619377,0.002294,-1.4,0.0,0.0,0.0,0.0,0.0,0.0,0.0,0.0
613,1,0.03074086411382526,0.10795610978619377,0.004725999999999999,-0.8,0.0,0.0,0.0,0.0,0.0,0.0,0.0,0.0
614,0,0.029877308777874662,0.10795610978619377,0.0017360000000000001,-0.6,0.0,0.0,0.0,0.0,0.0,0.0,0.0,0.0
615,1,0.030518519937893184,0.10795610978619377,0.0025739999999999995,-0.5,0.0,0.0,0.0,0.0,0.0,0.0,0.0,0.0
616,1,0.03305286965946056,0.10795610978619377,0.00395,0.5,0.0,0.0,0.0,0.0,0.0,0.0,0.0,0.0
617,1,0.039221722944201426,0.10795610978619377,0.004006,2.2,0.0,0.0,0.0,0.0,0.0,0.0,0.0,0.0
618,1,0.04002136747393298,0.10795610978619377,0.003408,-0.7,0.0,0.0,0.0,0.0,0.0,0.0,0.0,0.0
619,0,0.031048383751793328,0.10795610978619377,0.002828,-1.1,0.0,0.0,0.0,0.0,0.0,0.0,0.0,0.0
620,1,0.03500220766852561,0.10795610978619377,0.002884,0.6,0.0,0.0,0.0,0.0,0.0,0.0,0.0,0.0
621,0,0.027395536502008516,0.10795610978619377,0.0032299999999999994,0.1,0.0,0.0,0.0,0.0,0.0,0.0,0.0,0.0
622,1,0.03620845111167999,0.10795610978619377,0.003814,-1.2,0.0,0.0,0.0,0.0,0.0,0.0,0.0,0.0
623,1,0.04755431337770013,0.10795610978619377,0.0017579999999999998,-1.2,0.0,0.0,0.0,0.0,0.0,0.0,0.0,0.0
624,1,0.04992719192158062,0.10795610978619377,0.00308,-0.8,0.0,0.0,0.0,0.0,0.0,0.0,0.0,0.0
625,1,0.05702304399341824,0.10795610978619377,0.0045899999999999995,1.2,0.0,0.0,0.0,0.0,0.0,0.0,0.0,0.0
626,1,0.06284476929776278,0.10795610978619377,0.003166,-1.1,0.0,0.0,0.0,0.0,0.0,0.0,0.0,0.0
627,1,0.002096788534564939,0.014134196540125363,0.5506,1.2,0.0,0.0,0.0,0.0,0.0,1.0,0.0,0.0
628,0,0.0017932414147165206,0.014134196540125363,0.1476,-1.1,0.0,0.0,0.0,0.0,0.0,1.0,0.0,0.0
629,0,0.0019019014691657233,0.006196961795561214,0.09300000000000001,0.6,0.0,1.0,0.0,0.0,0.0,0.0,0.0,0.0
630,1,0.001918609413021891,0.006196961795561214,0.29960000000000003,0.0,0.0,1.0,0.0,0.0,0.0,0.0,0.0,0.0
631,1,0.0022165482719955117,0.006196961795561214,0.247,0.1,0.0,1.0,0.0,0.0,0.0,0.0,0.0,0.0
632,1,0.002641490872029652,0.006196961795561214,0.12480000000000001,2.5,0.0,1.0,0.0,0.0,0.0,0.0,0.0,0.0
633,0,0.002552810246946915,0.006196961795561214,0.14279999999999998,-0.5,0.0,1.0,0.0,0.0,0.0,0.0,0.0,0.0
634,0,0.00248492692260822,0.006196961795561214,0.17980000000000002,-0.8,0.0,1.0,0.0,0.0,0.0,0.0,0.0,0.0
635,1,0.004472120692578156,0.006196961795561214,0.1324,-0.3,0.0,1.0,0.0,0.0,0.0,0.0,0.0,0.0
636,1,0.004985627078926808,0.006196961795561214,0.34979999999999994,1.6,0.0,1.0,0.0,0.0,0.0,0.0,0.0,0.0
637,0,0.0040704290074207805,0.006196961795561214,0.3432,0.7,0.0,1.0,0.0,0.0,0.0,0.0,0.0,0.0
638,1,0.0043689520602355255,0.006196961795561214,0.1446,-1.7,0.0,1.0,0.0,0.0,0.0,0.0,0.0,0.0
639,1,0.00445167390813879,0.006196961795561214,0.187,0.2,0.0,1.0,0.0,0.0,0.0,0.0,0.0,0.0
640,1,0.00471514533048605,0.006196961795561214,0.1018,0.6,0.0,1.0,0.0,0.0,0.0,0.0,0.0,0.0
641,1,0.0050227818072223415,0.006196961795561214,0.0674,2.3,0.0,1.0,0.0,0.0,0.0,0.0,0.0,0.0
642,1,0.005437325756884461,0.006196961795561214,0.36219999999999997,0.5,0.0,1.0,0.0,0.0,0.0,0.0,0.0,0.0
643,0,0.0036203660722182764,0.006196961795561214,0.11699999999999999,0.3,0.0,1.0,0.0,0.0,0.0,0.0,0.0,0.0
644,1,0.003811981652107193,0.006196961795561214,0.193,1.3,0.0,1.0,0.0,0.0,0.0,0.0,0.0,0.0
645,1,0.004251061743096553,0.006196961795561214,0.3454,-0.9,0.0,1.0,0.0,0.0,0.0,0.0,0.0,0.0
646,0,0.003444056370966828,0.006196961795561214,0.11939999999999999,-0.2,0.0,1.0,0.0,0.0,0.0,0.0,0.0,0.0
647,1,0.004546196471632774,0.006196961795561214,0.3398,2.2,0.0,1.0,0.0,0.0,0.0,0.0,0.0,0.0
648,1,0.004849977269017642,0.006196961795561214,0.316,-1.5,0.0,1.0,0.0,0.0,0.0,0.0,0.0,0.0
649,1,0.0051282872149294705,0.006196961795561214,0.08439999999999999,-1.7,0.0,1.0,0.0,0.0,0.0,0.0,0.0,0.0
650,1,0.00608461253285068,0.006196961795561214,0.24420000000000003,-0.6,0.0,1.0,0.0,0.0,0.0,0.0,0.0,0.0
651,1,0.006114172741211592,0.006196961795561214,0.128,-0.1,0.0,1.0,0.0,0.0,0.0,0.0,0.0,0.0
652,0,0.005816117043469747,0.006196961795561214,0.1298,0.9,0.0,1.0,0.0,0.0,0.0,0.0,0.0,0.0
653,0,0.005698927758940123,0.006196961795561214,0.1152,0.3,0.0,1.0,0.0,0.0,0.0,0.0,0.0,0.0
654,1,0.0063424756943231434,0.006196961795561214,0.195,0.6,0.0,1.0,0.0,0.0,0.0,0.0,0.0,0.0
655,0,0.00627038617432835,0.006196961795561214,0.36939999999999995,-0.9,0.0,1.0,0.0,0.0,0.0,0.0,0.0,0.0
656,1,0.008203950949683033,0.006196961795561214,0.3518,0.6,0.0,1.0,0.0,0.0,0.0,0.0,0.0,0.0
657,1,0.008332239917194029,0.006196961795561214,0.109,-1.6,0.0,1.0,0.0,0.0,0.0,0.0,0.0,0.0
658,0,0.008330721013207103,0.006196961795561214,0.1474,-0.9,0.0,1.0,0.0,0.0,0.0,0.0,0.0,0.0
659,1,0.008682756221868876,0.006196961795561214,0.2696,1.5,0.0,1.0,0.0,0.0,0.0,0.0,0.0,0.0
660,0,0.008160603766671578,0.006196961795561214,0.1832,-1.4,0.0,1.0,0.0,0.0,0.0,0.0,0.0,0.0
661,1,0.012117114975073033,0.006196961795561214,0.49,-0.8,0.0,1.0,0.0,0.0,0.0,0.0,0.0,0.0
662,0,0.007874465623288677,0.006196961795561214,0.1804,-0.6,0.0,1.0,0.0,0.0,0.0,0.0,0.0,0.0
663,1,0.008080101855364587,0.006196961795561214,0.12960000000000002,-0.5,0.0,1.0,0.0,0.0,0.0,0.0,0.0,0.0
664,1,0.009199767771264276,0.006196961795561214,0.41600000000000004,0.5,0.0,1.0,0.0,0.0,0.0,0.0,0.0,0.0
665,1,0.010253186105580419,0.006196961795561214,0.445,2.2,0.0,1.0,0.0,0.0,0.0,0.0,0.0,0.0
666,1,0.014417903998958733,0.006196961795561214,0.1528,-0.7,0.0,1.0,0.0,0.0,0.0,0.0,0.0,0.0
667,0,0.007955668567205016,0.006196961795561214,0.1646,-1.1,0.0,1.0,0.0,0.0,0.0,0.0,0.0,0.0
668,0,0.00720147431831297,0.006196961795561214,0.4546,0.6,0.0,1.0,0.0,0.0,0.0,0.0,0.0,0.0
669,0,0.004778355104095748,0.006196961795561214,0.1184,0.1,0.0,1.0,0.0,0.0,0.0,0.0,0.0,0.0
670,1,0.006322496264956677,0.006196961795561214,0.3624,-1.2,0.0,1.0,0.0,0.0,0.0,0.0,0.0,0.0
671,0,0.005563161110262732,0.006196961795561214,0.16899999999999998,-1.2,0.0,1.0,0.0,0.0,0.0,0.0,0.0,0.0
672,1,0.005824178918477268,0.006196961795561214,0.2036,-0.8,0.0,1.0,0.0,0.0,0.0,0.0,0.0,0.0
673,1,0.006114172741211592,0.006196961795561214,0.4428,1.2,0.0,1.0,0.0,0.0,0.0,0.0,0.0,0.0
674,0,0.005035634071727086,0.006196961795561214,0.3396,-1.1,0.0,1.0,0.0,0.0,0.0,0.0,0.0,0.0
675,1,0.006677452442824072,0.05229004902504962,0.1162,0.6,0.0,0.0,0.0,1.0,0.0,0.0,0.0,0.0
676,1,0.006979597497453791,0.05229004902504962,0.11199999999999999,0.0,0.0,0.0,0.0,1.0,0.0,0.0,0.0,0.0
677,0,0.005094871327217135,0.05229004902504962,0.12300000000000001,0.1,0.0,0.0,0.0,1.0,0.0,0.0,0.0,0.0
678,0,0.005025585937659741,0.05229004902504962,0.0882,2.5,0.0,0.0,0.0,1.0,0.0,0.0,0.0,0.0
679,0,0.004956300548102346,0.05229004902504962,0.078,-0.5,0.0,0.0,0.0,1.0,0.0,0.0,0.0,0.0
680,0,0.004630554062291187,0.05229004902504962,0.2024,-0.8,0.0,0.0,0.0,1.0,0.0,0.0,0.0,0.0
681,1,0.0051238473417369226,0.05229004902504962,0.12480000000000001,-0.3,0.0,0.0,0.0,1.0,0.0,0.0,0.0,0.0
682,1,0.005462212414516375,0.05229004902504962,0.1366,1.6,0.0,0.0,0.0,1.0,0.0,0.0,0.0,0.0
683,0,0.0052100743526869355,0.05229004902504962,0.25,0.7,0.0,0.0,0.0,1.0,0.0,0.0,0.0,0.0
684,0,0.004956534225638795,0.05229004902504962,0.2836,-1.7,0.0,0.0,0.0,1.0,0.0,0.0,0.0,0.0
685,0,0.00449934412557457,0.05229004902504962,0.265,0.2,0.0,0.0,0.0,1.0,0.0,0.0,0.0,0.0
686,1,0.0049448503488163,0.05229004902504962,0.2122,0.6,0.0,0.0,0.0,1.0,0.0,0.0,0.0,0.0
687,0,0.0048373586820493475,0.05229004902504962,0.09519999999999999,2.3,0.0,0.0,0.0,1.0,0.0,0.0,0.0,0.0
688,0,0.003952889206586482,0.05229004902504962,0.32299999999999995,0.5,0.0,0.0,0.0,1.0,0.0,0.0,0.0,0.0
689,1,0.004327941652588568,0.05229004902504962,0.1642,0.3,0.0,0.0,0.0,1.0,0.0,0.0,0.0,0.0
690,1,0.004537550402784128,0.05229004902504962,0.0922,1.3,0.0,0.0,0.0,1.0,0.0,0.0,0.0,0.0
691,0,0.004323618618164246,0.05229004902504962,0.34119999999999995,-0.9,0.0,0.0,0.0,1.0,0.0,0.0,0.0,0.0
692,0,0.004098119795490094,0.05229004902504962,0.11720000000000001,-0.2,0.0,0.0,0.0,1.0,0.0,0.0,0.0,0.0
693,1,0.004159343310039967,0.05229004902504962,0.43439999999999995,2.2,0.0,0.0,0.0,1.0,0.0,0.0,0.0,0.0
694,0,0.0034212728111629627,0.05229004902504962,0.2662,-1.5,0.0,0.0,0.0,1.0,0.0,0.0,0.0,0.0
695,0,0.0033435750302933716,0.05229004902504962,0.1582,-1.7,0.0,0.0,0.0,1.0,0.0,0.0,0.0,0.0
696,0,0.0031267222764678657,0.05229004902504962,0.059000000000000004,-0.6,0.0,0.0,0.0,1.0,0.0,0.0,0.0,0.0
697,1,0.003350001162545744,0.05229004902504962,0.1402,-0.1,0.0,0.0,0.0,1.0,0.0,0.0,0.0,0.0
698,1,0.005445504470660208,0.05229004902504962,0.2112,0.9,0.0,0.0,0.0,1.0,0.0,0.0,0.0,0.0
699,0,0.004175817576359685,0.05229004902504962,0.20440000000000003,0.3,0.0,0.0,0.0,1.0,0.0,0.0,0.0,0.0
700,0,0.0035233898945915684,0.05229004902504962,0.069,0.6,0.0,0.0,0.0,1.0,0.0,0.0,0.0,0.0
701,1,0.0035444208728720593,0.05229004902504962,0.19079999999999997,-0.9,0.0,0.0,0.0,1.0,0.0,0.0,0.0,0.0
702,0,0.003542668291348685,0.05229004902504962,0.2758,0.6,0.0,0.0,0.0,1.0,0.0,0.0,0.0,0.0
703,0,0.0032866745501678213,0.05229004902504962,0.2932,-1.6,0.0,0.0,0.0,1.0,0.0,0.0,0.0,0.0
704,1,0.003993432259160539,0.05229004902504962,0.2588,-0.9,0.0,0.0,0.0,1.0,0.0,0.0,0.0,0.0
705,0,0.003962937340653828,0.05229004902504962,0.1906,1.5,0.0,0.0,0.0,1.0,0.0,0.0,0.0,0.0
706,0,0.003953122884122932,0.05229004902504962,0.2554,-1.4,0.0,0.0,0.0,1.0,0.0,0.0,0.0,0.0
707,1,0.004610691471692946,0.05229004902504962,0.48,-0.8,0.0,0.0,0.0,1.0,0.0,0.0,0.0,0.0
708,0,0.0037629093694527146,0.05229004902504962,0.192,-0.6,0.0,0.0,0.0,1.0,0.0,0.0,0.0,0.0
709,1,0.00425667000397135,0.05229004902504962,0.303,-0.5,0.0,0.0,0.0,1.0,0.0,0.0,0.0,0.0
710,1,0.005092651390620861,0.05229004902504962,0.29100000000000004,0.5,0.0,0.0,0.0,1.0,0.0,0.0,0.0,0.0
711,1,0.0067834252056041015,0.05229004902504962,0.385,2.2,0.0,0.0,0.0,1.0,0.0,0.0,0.0,0.0
712,1,0.0072922580412237556,0.05229004902504962,0.40700000000000003,-0.7,0.0,0.0,0.0,1.0,0.0,0.0,0.0,0.0
713,0,0.006698950776177463,0.05229004902504962,0.34740000000000004,-1.1,0.0,0.0,0.0,1.0,0.0,0.0,0.0,0.0
714,1,0.007049817597156985,0.05229004902504962,0.41600000000000004,0.6,0.0,0.0,0.0,1.0,0.0,0.0,0.0,0.0
715,0,0.004172312413312936,0.05229004902504962,0.35340000000000005,0.1,0.0,0.0,0.0,1.0,0.0,0.0,0.0,0.0
716,1,0.005590384543259145,0.05229004902504962,0.33840000000000003,-1.2,0.0,0.0,0.0,1.0,0.0,0.0,0.0,0.0
717,1,0.006058090132463617,0.05229004902504962,0.061399999999999996,-1.2,0.0,0.0,0.0,1.0,0.0,0.0,0.0,0.0
718,1,0.0072572064107562706,0.05229004902504962,0.38880000000000003,-0.8,0.0,0.0,0.0,1.0,0.0,0.0,0.0,0.0
719,1,0.007635413503500431,0.05229004902504962,0.4374,1.2,0.0,0.0,0.0,1.0,0.0,0.0,0.0,0.0
720,0,0.006071993945882386,0.05229004902504962,0.1974,-1.1,0.0,0.0,0.0,1.0,0.0,0.0,0.0,0.0
721,1,0.23755751826511254,0.001321252914073802,0.10619999999999999,0.6,1.0,0.0,0.0,0.0,0.0,0.0,0.0,0.0
722,0,0.18318811637561935,0.001321252914073802,0.068,0.0,1.0,0.0,0.0,0.0,0.0,0.0,0.0,0.0
723,1,0.5045683374182114,0.001321252914073802,0.06480000000000001,0.1,1.0,0.0,0.0,0.0,0.0,0.0,0.0,0.0
724,1,0.5570742777932849,0.001321252914073802,0.065,2.5,1.0,0.0,0.0,0.0,0.0,0.0,0.0,0.0
725,1,0.5640122806892506,0.001321252914073802,0.0318,-0.5,1.0,0.0,0.0,0.0,0.0,0.0,0.0,0.0
726,1,0.5687009036193496,0.001321252914073802,0.1192,-0.8,1.0,0.0,0.0,0.0,0.0,0.0,0.0,0.0
727,1,0.5800248001969435,0.001321252914073802,0.0622,-0.3,1.0,0.0,0.0,0.0,0.0,0.0,0.0,0.0
728,1,0.852937379210621,0.001321252914073802,0.053,1.6,1.0,0.0,0.0,0.0,0.0,0.0,0.0,0.0
729,0,0.6265938122422026,0.001321252914073802,0.0602,0.7,1.0,0.0,0.0,0.0,0.0,0.0,0.0,0.0
730,0,0.6046034708358167,0.001321252914073802,0.1298,-1.7,1.0,0.0,0.0,0.0,0.0,0.0,0.0,0.0
731,0,0.3910784019681257,0.001321252914073802,0.3194,0.2,1.0,0.0,0.0,0.0,0.0,0.0,0.0,0.0
732,0,0.37392810653545827,0.001321252914073802,0.2724,0.6,1.0,0.0,0.0,0.0,0.0,0.0,0.0,0.0
733,1,0.37826738154856465,0.001321252914073802,0.1628,2.3,1.0,0.0,0.0,0.0,0.0,0.0,0.0,0.0
734,0,0.3701822556261664,0.001321252914073802,0.021,0.5,1.0,0.0,0.0,0.0,0.0,0.0,0.0,0.0
735,0,0.3666723021899207,0.001321252914073802,0.1168,0.3,1.0,0.0,0.0,0.0,0.0,0.0,0.0,0.0
736,0,0.3569211722714029,0.001321252914073802,0.064,1.3,1.0,0.0,0.0,0.0,0.0,0.0,0.0,0.0
737,1,0.36547493849315144,0.001321252914073802,0.31079999999999997,-0.9,1.0,0.0,0.0,0.0,0.0,0.0,0.0,0.0
738,1,0.3686490973095186,0.001321252914073802,0.059000000000000004,-0.2,1.0,0.0,0.0,0.0,0.0,0.0,0.0,0.0
739,0,0.35018062689373736,0.001321252914073802,0.4708,2.2,1.0,0.0,0.0,0.0,0.0,0.0,0.0,0.0
740,1,0.3583663509955773,0.001321252914073802,0.365,-1.5,1.0,0.0,0.0,0.0,0.0,0.0,0.0,0.0
741,1,0.3714487878737249,0.001321252914073802,0.1158,-1.7,1.0,0.0,0.0,0.0,0.0,0.0,0.0,0.0
742,0,0.3286729464388887,0.001321252914073802,0.21960000000000002,-0.6,1.0,0.0,0.0,0.0,0.0,0.0,0.0,0.0
743,1,0.34725697039644443,0.001321252914073802,0.155,-0.1,1.0,0.0,0.0,0.0,0.0,0.0,0.0,0.0
744,0,0.3168991037648606,0.001321252914073802,0.3132,0.9,1.0,0.0,0.0,0.0,0.0,0.0,0.0,0.0
745,1,0.47762730372459794,0.001321252914073802,0.2168,0.3,1.0,0.0,0.0,0.0,0.0,0.0,0.0,0.0
746,0,0.4616385024868548,0.001321252914073802,0.2868,0.6,1.0,0.0,0.0,0.0,0.0,0.0,0.0,0.0
747,0,0.4127031548687357,0.001321252914073802,0.637,-0.9,1.0,0.0,0.0,0.0,0.0,0.0,0.0,0.0
748,1,0.43295049553074183,0.001321252914073802,0.10679999999999999,0.6,1.0,0.0,0.0,0.0,0.0,0.0,0.0,0.0
749,1,0.4763093624190205,0.001321252914073802,0.2352,-1.6,1.0,0.0,0.0,0.0,0.0,0.0,0.0,0.0
750,0,0.4635804796535216,0.001321252914073802,0.1592,-0.9,1.0,0.0,0.0,0.0,0.0,0.0,0.0,0.0
751,0,0.4382630374831621,0.001321252914073802,0.33880000000000005,1.5,1.0,0.0,0.0,0.0,0.0,0.0,0.0,0.0
752,0,0.4174380459510518,0.001321252914073802,0.6314,-1.4,1.0,0.0,0.0,0.0,0.0,0.0,0.0,0.0
753,1,0.41998267748422297,0.001321252914073802,0.47479999999999994,-0.8,1.0,0.0,0.0,0.0,0.0,0.0,0.0,0.0
754,0,0.4151363222170203,0.001321252914073802,0.1646,-0.6,1.0,0.0,0.0,0.0,0.0,0.0,0.0,0.0
755,1,0.42623366842302596,0.001321252914073802,0.1074,-0.5,1.0,0.0,0.0,0.0,0.0,0.0,0.0,0.0
756,1,0.5037599299808629,0.001321252914073802,0.18,0.5,1.0,0.0,0.0,0.0,0.0,0.0,0.0,0.0
757,1,0.5920816263676124,0.001321252914073802,0.3778,2.2,1.0,0.0,0.0,0.0,0.0,0.0,0.0,0.0
758,0,0.5597462635838213,0.001321252914073802,0.299,-0.7,1.0,0.0,0.0,0.0,0.0,0.0,0.0,0.0
759,0,0.5347074818756782,0.001321252914073802,0.3496,-1.1,1.0,0.0,0.0,0.0,0.0,0.0,0.0,0.0
760,0,0.5295669265900851,0.001321252914073802,0.3968,0.6,1.0,0.0,0.0,0.0,0.0,0.0,0.0,0.0
761,0,0.10598327826916919,0.001321252914073802,0.4376,0.1,1.0,0.0,0.0,0.0,0.0,0.0,0.0,0.0
762,1,0.17475410989130138,0.001321252914073802,0.547,-1.2,1.0,0.0,0.0,0.0,0.0,0.0,0.0,0.0
763,1,0.3140978942966674,0.001321252914073802,0.2064,-1.2,1.0,0.0,0.0,0.0,0.0,0.0,0.0,0.0
764,1,0.35549340252369405,0.001321252914073802,0.6038,-0.8,1.0,0.0,0.0,0.0,0.0,0.0,0.0,0.0
765,0,0.32699093553152236,0.001321252914073802,0.5454,1.2,1.0,0.0,0.0,0.0,0.0,0.0,0.0,0.0
766,0,0.22509923408682264,0.001321252914073802,0.1524,-1.1,1.0,0.0,0.0,0.0,0.0,0.0,0.0,0.0
767,1,0.004033274279125247,0.002307113122747546,0.19,-1.7,0.0,0.0,0.0,0.0,0.0,1.0,0.0,0.0
768,1,0.0040685595871291814,0.002307113122747546,0.3998,0.2,0.0,0.0,0.0,0.0,0.0,1.0,0.0,0.0
769,0,0.004005116135983034,0.002307113122747546,0.2332,0.6,0.0,0.0,0.0,0.0,0.0,1.0,0.0,0.0
770,1,0.004104779605278916,0.002307113122747546,0.2158,2.3,0.0,0.0,0.0,0.0,0.0,1.0,0.0,0.0
771,0,0.0033575956824803657,0.002307113122747546,0.0286,0.5,0.0,0.0,0.0,0.0,0.0,1.0,0.0,0.0
772,0,0.0033188052114296825,0.002307113122747546,0.15380000000000002,0.3,0.0,0.0,0.0,0.0,0.0,1.0,0.0,0.0
773,1,0.0037693355017050867,0.002307113122747546,0.12619999999999998,1.3,0.0,0.0,0.0,0.0,0.0,1.0,0.0,0.0
774,1,0.004646210457233331,0.002307113122747546,0.1568,-0.9,0.0,0.0,0.0,0.0,0.0,1.0,0.0,0.0
775,1,0.005204933446885038,0.002307113122747546,0.0676,-0.2,0.0,0.0,0.0,0.0,0.0,1.0,0.0,0.0
776,1,0.005798591228236004,0.002307113122747546,0.4384,2.2,0.0,0.0,0.0,0.0,0.0,1.0,0.0,0.0
777,0,0.005736433003540331,0.002307113122747546,0.201,-1.5,0.0,0.0,0.0,0.0,0.0,1.0,0.0,0.0
778,1,0.006087650340824529,0.002307113122747546,0.1998,-1.7,0.0,0.0,0.0,0.0,0.0,1.0,0.0,0.0
779,1,0.006977143883321067,0.002307113122747546,0.133,-0.6,0.0,0.0,0.0,0.0,0.0,1.0,0.0,0.0
780,0,0.006158104118064173,0.002307113122747546,0.1782,-0.1,0.0,0.0,0.0,0.0,0.0,1.0,0.0,0.0
781,1,0.007335605224235211,0.002307113122747546,0.2336,0.9,0.0,0.0,0.0,0.0,0.0,1.0,0.0,0.0
782,1,0.008329903141829529,0.002307113122747546,0.1168,0.3,0.0,0.0,0.0,0.0,0.0,1.0,0.0,0.0
783,1,0.011093256849117803,0.002307113122747546,0.0492,0.6,0.0,0.0,0.0,0.0,0.0,1.0,0.0,0.0
784,0,0.010050003487637231,0.002307113122747546,0.20559999999999998,-0.9,0.0,0.0,0.0,0.0,0.0,1.0,0.0,0.0
785,0,0.009872992753776434,0.002307113122747546,0.4142,0.6,0.0,0.0,0.0,0.0,0.0,1.0,0.0,0.0
786,0,0.00962950076079564,0.002307113122747546,0.0894,-1.6,0.0,0.0,0.0,0.0,0.0,1.0,0.0,0.0
787,0,0.008175442290236146,0.002307113122747546,0.1226,-0.9,0.0,0.0,0.0,0.0,0.0,1.0,0.0,0.0
788,0,0.0075768772806197315,0.002307113122747546,0.16519999999999999,1.5,0.0,0.0,0.0,0.0,0.0,1.0,0.0,0.0
789,1,0.007729702389457965,0.002307113122747546,0.2632,-1.4,0.0,0.0,0.0,0.0,0.0,1.0,0.0,0.0
790,1,0.008171703449652947,0.002307113122747546,0.3148,-0.8,0.0,0.0,0.0,0.0,0.0,1.0,0.0,0.0
791,0,0.00788135911061395,0.002307113122747546,0.3456,-0.6,0.0,0.0,0.0,0.0,0.0,1.0,0.0,0.0
792,0,0.007250663439735673,0.002307113122747546,0.1352,-0.5,0.0,0.0,0.0,0.0,0.0,1.0,0.0,0.0
793,1,0.007921317969346881,0.002307113122747546,0.327,0.5,0.0,0.0,0.0,0.0,0.0,1.0,0.0,0.0
794,0,0.007762884599633851,0.002307113122747546,0.41659999999999997,2.2,0.0,0.0,0.0,0.0,0.0,1.0,0.0,0.0
795,0,0.00709620258814229,0.002307113122747546,0.4192,-0.7,0.0,0.0,0.0,0.0,0.0,1.0,0.0,0.0
796,0,0.006038227541865376,0.002307113122747546,0.46740000000000004,-1.1,0.0,0.0,0.0,0.0,0.0,1.0,0.0,0.0
797,0,0.005934124199376945,0.002307113122747546,0.43560000000000004,0.6,0.0,0.0,0.0,0.0,0.0,1.0,0.0,0.0
798,0,0.0016669387062653504,0.002307113122747546,0.5197999999999999,0.1,0.0,0.0,0.0,0.0,0.0,1.0,0.0,0.0
799,1,0.0032265025845319723,0.002307113122747546,0.2394,-1.2,0.0,0.0,0.0,0.0,0.0,1.0,0.0,0.0
800,1,0.004125343228486507,0.002307113122747546,0.1716,-1.2,0.0,0.0,0.0,0.0,0.0,1.0,0.0,0.0
801,1,0.004788169560626643,0.002307113122747546,0.36060000000000003,-0.8,0.0,0.0,0.0,0.0,0.0,1.0,0.0,0.0
802,0,0.0038593013532382974,0.002307113122747546,0.5506,1.2,0.0,0.0,0.0,0.0,0.0,1.0,0.0,0.0
803,1,0.00456851267636374,0.002307113122747546,0.1476,-1.1,0.0,0.0,0.0,0.0,0.0,1.0,0.0,0.0
804,1,0.006093725956772226,0.38269779998286224,0.3654,2.5,0.0,0.0,1.0,0.0,0.0,0.0,0.0,0.0
805,1,0.007215027615427064,0.38269779998286224,0.46740000000000004,-0.5,0.0,0.0,1.0,0.0,0.0,0.0,0.0,0.0
806,1,0.009575404411107487,0.38269779998286224,0.37920000000000004,-0.8,0.0,0.0,1.0,0.0,0.0,0.0,0.0,0.0
807,1,0.011759705183072913,0.38269779998286224,0.0274,-0.3,0.0,0.0,1.0,0.0,0.0,0.0,0.0,0.0
808,1,0.011935664368019686,0.38269779998286224,0.2726,1.6,0.0,0.0,1.0,0.0,0.0,0.0,0.0,0.0
809,1,0.012337005536872387,0.38269779998286224,0.1042,0.7,0.0,0.0,1.0,0.0,0.0,0.0,0.0,0.0
810,0,0.010250966168984145,0.38269779998286224,0.0018,-1.7,0.0,0.0,1.0,0.0,0.0,0.0,0.0,0.0
811,1,0.012081595989532649,0.38269779998286224,0.1666,0.2,0.0,0.0,1.0,0.0,0.0,0.0,0.0,0.0
812,1,0.012922017249374708,0.38269779998286224,0.0684,0.6,0.0,0.0,1.0,0.0,0.0,0.0,0.0,0.0
813,1,0.017294357633888757,0.38269779998286224,0.3826,2.3,0.0,0.0,1.0,0.0,0.0,0.0,0.0,0.0
814,1,0.04711523328671077,0.38269779998286224,0.1592,0.5,0.0,0.0,1.0,0.0,0.0,0.0,0.0,0.0
815,0,0.04685631857632428,0.38269779998286224,0.14,0.3,0.0,0.0,1.0,0.0,0.0,0.0,0.0,0.0
816,1,0.05019042966639144,0.38269779998286224,0.32520000000000004,1.3,0.0,0.0,1.0,0.0,0.0,0.0,0.0,0.0
817,1,0.0561780660216154,0.38269779998286224,0.493,-0.9,0.0,0.0,1.0,0.0,0.0,0.0,0.0,0.0
818,1,0.07662964085047874,0.38269779998286224,0.2582,-0.2,0.0,0.0,1.0,0.0,0.0,0.0,0.0,0.0
819,1,0.07944802561760096,0.38269779998286224,0.4412,2.2,0.0,0.0,1.0,0.0,0.0,0.0,0.0,0.0
820,1,0.08107243501223244,0.38269779998286224,0.1164,-1.5,0.0,0.0,1.0,0.0,0.0,0.0,0.0,0.0
821,1,0.08144258022996907,0.38269779998286224,0.0132,-1.7,0.0,0.0,1.0,0.0,0.0,0.0,0.0,0.0
822,1,0.08335698344733487,0.38269779998286224,0.1902,-0.6,0.0,0.0,1.0,0.0,0.0,0.0,0.0,0.0
823,1,0.08814737294455778,0.38269779998286224,0.13,-0.1,0.0,0.0,1.0,0.0,0.0,0.0,0.0,0.0
824,1,0.09867921951235471,0.38269779998286224,0.31420000000000003,0.9,0.0,0.0,1.0,0.0,0.0,0.0,0.0,0.0
825,0,0.09856787216623633,0.38269779998286224,0.1362,0.3,0.0,0.0,1.0,0.0,0.0,0.0,0.0,0.0
826,1,0.10378262006965226,0.38269779998286224,0.07780000000000001,0.6,0.0,0.0,1.0,0.0,0.0,0.0,0.0,0.0
827,1,0.10551463796981891,0.38269779998286224,0.21960000000000002,-0.9,0.0,0.0,1.0,0.0,0.0,0.0,0.0,0.0
828,1,0.11392282308635916,0.38269779998286224,0.1568,0.6,0.0,0.0,1.0,0.0,0.0,0.0,0.0,0.0
829,0,0.10935407673245896,0.38269779998286224,0.0292,-1.6,0.0,0.0,1.0,0.0,0.0,0.0,0.0,0.0
830,0,0.10287793748728648,0.38269779998286224,0.04,-0.9,0.0,0.0,1.0,0.0,0.0,0.0,0.0,0.0
831,0,0.09320415483333358,0.38269779998286224,0.1528,1.5,0.0,0.0,1.0,0.0,0.0,0.0,0.0,0.0
832,0,0.09290434655406837,0.38269779998286224,0.1186,-1.4,0.0,0.0,1.0,0.0,0.0,0.0,0.0,0.0
833,1,0.09980951775616287,0.38269779998286224,0.256,-0.8,0.0,0.0,1.0,0.0,0.0,0.0,0.0,0.0
834,1,0.10844390272798661,0.38269779998286224,0.0546,-0.6,0.0,0.0,1.0,0.0,0.0,0.0,0.0,0.0
835,1,0.12679366495525132,0.38269779998286224,0.3104,-0.5,0.0,0.0,1.0,0.0,0.0,0.0,0.0,0.0
836,0,0.10745205842452502,0.38269779998286224,0.7186,0.5,0.0,0.0,1.0,0.0,0.0,0.0,0.0,0.0
837,0,0.10659796702880064,0.38269779998286224,0.27940000000000004,2.2,0.0,0.0,1.0,0.0,0.0,0.0,0.0,0.0
838,0,0.10591259081439308,0.38269779998286224,0.18,-0.7,0.0,0.0,1.0,0.0,0.0,0.0,0.0,0.0
839,1,0.11885984523770439,0.38269779998286224,0.13720000000000002,-1.1,0.0,0.0,1.0,0.0,0.0,0.0,0.0,0.0
840,1,0.13041087638072754,0.38269779998286224,0.0654,0.6,0.0,0.0,1.0,0.0,0.0,0.0,0.0,0.0
841,0,3.4701114162809914e-05,0.38269779998286224,0.22899999999999998,0.1,0.0,0.0,1.0,0.0,0.0,0.0,0.0,0.0
842,1,0.0038823185905786125,0.38269779998286224,0.45380000000000004,-1.2,0.0,0.0,1.0,0.0,0.0,0.0,0.0,0.0
843,1,0.040065065173249106,0.38269779998286224,0.1818,-1.2,0.0,0.0,1.0,0.0,0.0,0.0,0.0,0.0
844,1,0.15005836680666676,0.38269779998286224,0.15,-0.8,0.0,0.0,1.0,0.0,0.0,0.0,0.0,0.0
845,1,0.15609752905867794,0.38269779998286224,0.33899999999999997,1.2,0.0,0.0,1.0,0.0,0.0,0.0,0.0,0.0
846,1,0.17408217013523972,0.38269779998286224,0.42840000000000006,-1.1,0.0,0.0,1.0,0.0,0.0,0.0,0.0,0.0
847,0,0.025565607714069363,0.005888070708673891,0.13140000000000002,0.6,0.0,0.0,1.0,0.0,0.0,0.0,0.0,0.0
848,1,0.026357657723866293,0.005888070708673891,0.254,0.0,0.0,0.0,1.0,0.0,0.0,0.0,0.0,0.0
849,0,0.024290546236430493,0.005888070708673891,0.3642,0.1,0.0,0.0,1.0,0.0,0.0,0.0,0.0,0.0
850,1,0.025266617306181717,0.005888070708673891,0.3654,2.5,0.0,0.0,1.0,0.0,0.0,0.0,0.0,0.0
851,1,0.025452624625195836,0.005888070708673891,0.46740000000000004,-0.5,0.0,0.0,1.0,0.0,0.0,0.0,0.0,0.0
852,1,0.025612810576432242,0.005888070708673891,0.37920000000000004,-0.8,0.0,0.0,1.0,0.0,0.0,0.0,0.0,0.0
853,0,0.024770052541225683,0.005888070708673891,0.0274,-0.3,0.0,0.0,1.0,0.0,0.0,0.0,0.0,0.0
854,1,0.02559645314888075,0.005888070708673891,0.2726,1.6,0.0,0.0,1.0,0.0,0.0,0.0,0.0,0.0
855,0,0.023214110664774034,0.005888070708673891,0.1042,0.7,0.0,0.0,1.0,0.0,0.0,0.0,0.0,0.0
856,1,0.024721564452412328,0.005888070708673891,0.0018,-1.7,0.0,0.0,1.0,0.0,0.0,0.0,0.0,0.0
857,0,0.02458018954286014,0.005888070708673891,0.1666,0.2,0.0,0.0,1.0,0.0,0.0,0.0,0.0,0.0
858,0,0.0244423197963547,0.005888070708673891,0.0684,0.6,0.0,0.0,1.0,0.0,0.0,0.0,0.0,0.0
859,1,0.024774141898113555,0.005888070708673891,0.3826,2.3,0.0,0.0,1.0,0.0,0.0,0.0,0.0,0.0
860,0,0.020632674919612008,0.005888070708673891,0.1592,0.5,0.0,0.0,1.0,0.0,0.0,0.0,0.0,0.0
861,1,0.022486789332573726,0.005888070708673891,0.14,0.3,0.0,0.0,1.0,0.0,0.0,0.0,0.0,0.0
862,0,0.015819969217658124,0.005888070708673891,0.32520000000000004,1.3,0.0,0.0,1.0,0.0,0.0,0.0,0.0,0.0
863,0,0.015283095077664482,0.005888070708673891,0.493,-0.9,0.0,0.0,1.0,0.0,0.0,0.0,0.0,0.0
864,1,0.018554697426731284,0.005888070708673891,0.2582,-0.2,0.0,0.0,1.0,0.0,0.0,0.0,0.0,0.0
865,0,0.01744671538765409,0.005888070708673891,0.4412,2.2,0.0,0.0,1.0,0.0,0.0,0.0,0.0,0.0
866,0,0.017165250795000187,0.005888070708673891,0.1164,-1.5,0.0,0.0,1.0,0.0,0.0,0.0,0.0,0.0
867,1,0.017996792308457153,0.005888070708673891,0.0132,-1.7,0.0,0.0,1.0,0.0,0.0,0.0,0.0,0.0
868,0,0.01706278319526691,0.005888070708673891,0.1902,-0.6,0.0,0.0,1.0,0.0,0.0,0.0,0.0,0.0
869,0,0.014864812287419163,0.005888070708673891,0.13,-0.1,0.0,0.0,1.0,0.0,0.0,0.0,0.0,0.0
870,0,0.014829643818183453,0.005888070708673891,0.31420000000000003,0.9,0.0,0.0,1.0,0.0,0.0,0.0,0.0,0.0
871,1,0.015118001898162628,0.005888070708673891,0.1362,0.3,0.0,0.0,1.0,0.0,0.0,0.0,0.0,0.0
872,1,0.017227058503391186,0.005888070708673891,0.07780000000000001,0.6,0.0,0.0,1.0,0.0,0.0,0.0,0.0,0.0
873,0,0.014462419569652439,0.005888070708673891,0.21960000000000002,-0.9,0.0,0.0,1.0,0.0,0.0,0.0,0.0,0.0
874,1,0.015024998238655569,0.005888070708673891,0.1568,0.6,0.0,0.0,1.0,0.0,0.0,0.0,0.0,0.0
875,1,0.017189670097559204,0.005888070708673891,0.0292,-1.6,0.0,0.0,1.0,0.0,0.0,0.0,0.0,0.0
876,1,0.021284752085075447,0.005888070708673891,0.04,-0.9,0.0,0.0,1.0,0.0,0.0,0.0,0.0,0.0
877,0,0.014748324035498889,0.005888070708673891,0.1528,1.5,0.0,0.0,1.0,0.0,0.0,0.0,0.0,0.0
878,0,0.012667659250948994,0.005888070708673891,0.1186,-1.4,0.0,0.0,1.0,0.0,0.0,0.0,0.0,0.0
879,1,0.015603817496441968,0.005888070708673891,0.256,-0.8,0.0,0.0,1.0,0.0,0.0,0.0,0.0,0.0
880,0,0.014612907903126172,0.005888070708673891,0.0546,-0.6,0.0,0.0,1.0,0.0,0.0,0.0,0.0,0.0
881,0,0.011659924875008807,0.005888070708673891,0.3104,-0.5,0.0,0.0,1.0,0.0,0.0,0.0,0.0,0.0
882,1,0.013052175637177301,0.005888070708673891,0.7186,0.5,0.0,0.0,1.0,0.0,0.0,0.0,0.0,0.0
883,1,0.014670509415861073,0.005888070708673891,0.27940000000000004,2.2,0.0,0.0,1.0,0.0,0.0,0.0,0.0,0.0
884,1,0.01678400589428218,0.005888070708673891,0.18,-0.7,0.0,0.0,1.0,0.0,0.0,0.0,0.0,0.0
885,0,0.01563886912690945,0.005888070708673891,0.13720000000000002,-1.1,0.0,0.0,1.0,0.0,0.0,0.0,0.0,0.0
886,1,0.016207172895555604,0.005888070708673891,0.0654,0.6,0.0,0.0,1.0,0.0,0.0,0.0,0.0,0.0
887,0,0.012933116932356077,0.005888070708673891,0.22899999999999998,0.1,0.0,0.0,1.0,0.0,0.0,0.0,0.0,0.0
888,1,0.013360863662827618,0.005888070708673891,0.45380000000000004,-1.2,0.0,0.0,1.0,0.0,0.0,0.0,0.0,0.0
889,0,0.0123637616147959,0.005888070708673891,0.1818,-1.2,0.0,0.0,1.0,0.0,0.0,0.0,0.0,0.0
890,1,0.015069046454276374,0.005888070708673891,0.15,-0.8,0.0,0.0,1.0,0.0,0.0,0.0,0.0,0.0
891,1,0.015177823347493803,0.005888070708673891,0.33899999999999997,1.2,0.0,0.0,1.0,0.0,0.0,0.0,0.0,0.0
892,0,0.013496863989041458,0.005888070708673891,0.42840000000000006,-1.1,0.0,0.0,1.0,0.0,0.0,0.0,0.0,0.0
893,1,0.032031231470101604,0.00408478280009623,0.10619999999999999,0.6,1.0,0.0,0.0,0.0,0.0,0.0,0.0,0.0
894,1,0.03759427574159611,0.00408478280009623,0.068,0.0,1.0,0.0,0.0,0.0,0.0,0.0,0.0,0.0
895,1,0.046854916511105585,0.00408478280009623,0.06480000000000001,0.1,1.0,0.0,0.0,0.0,0.0,0.0,0.0,0.0
896,1,0.05117526364375953,0.00408478280009623,0.065,2.5,1.0,0.0,0.0,0.0,0.0,0.0,0.0,0.0
897,1,0.06967142484761012,0.00408478280009623,0.0318,-0.5,1.0,0.0,0.0,0.0,0.0,0.0,0.0,0.0
898,1,0.08259577887234933,0.00408478280009623,0.1192,-0.8,1.0,0.0,0.0,0.0,0.0,0.0,0.0,0.0
899,1,0.09376065788638901,0.00408478280009623,0.0622,-0.3,1.0,0.0,0.0,0.0,0.0,0.0,0.0,0.0
900,0,0.08656292240865925,0.00408478280009623,0.053,1.6,1.0,0.0,0.0,0.0,0.0,0.0,0.0,0.0
901,0,0.08218532427957508,0.00408478280009623,0.0602,0.7,1.0,0.0,0.0,0.0,0.0,0.0,0.0,0.0
902,1,0.08590091394789669,0.00408478280009623,0.1298,-1.7,1.0,0.0,0.0,0.0,0.0,0.0,0.0,0.0
903,0,0.08507170920980422,0.00408478280009623,0.3194,0.2,1.0,0.0,0.0,0.0,0.0,0.0,0.0,0.0
904,0,0.08315975960657115,0.00408478280009623,0.2724,0.6,1.0,0.0,0.0,0.0,0.0,0.0,0.0,0.0
905,1,0.085681373902402,0.00408478280009623,0.1628,2.3,1.0,0.0,0.0,0.0,0.0,0.0,0.0,0.0
906,0,0.07035715157832234,0.00408478280009623,0.021,0.5,1.0,0.0,0.0,0.0,0.0,0.0,0.0,0.0
907,0,0.05173784231276266,0.00408478280009623,0.1168,0.3,1.0,0.0,0.0,0.0,0.0,0.0,0.0,0.0
908,1,0.057925506639187746,0.00408478280009623,0.064,1.3,1.0,0.0,0.0,0.0,0.0,0.0,0.0,0.0
909,1,0.06326994557533337,0.00408478280009623,0.31079999999999997,-0.9,1.0,0.0,0.0,0.0,0.0,0.0,0.0,0.0
910,0,0.059695497139027505,0.00408478280009623,0.059000000000000004,-0.2,1.0,0.0,0.0,0.0,0.0,0.0,0.0,0.0
911,1,0.06480018292277553,0.00408478280009623,0.4708,2.2,1.0,0.0,0.0,0.0,0.0,0.0,0.0,0.0
912,0,0.06440246375573781,0.00408478280009623,0.365,-1.5,1.0,0.0,0.0,0.0,0.0,0.0,0.0,0.0
913,1,0.07066256811846236,0.00408478280009623,0.1158,-1.7,1.0,0.0,0.0,0.0,0.0,0.0,0.0,0.0
914,1,0.08454079384699005,0.00408478280009623,0.21960000000000002,-0.6,1.0,0.0,0.0,0.0,0.0,0.0,0.0,0.0
915,1,0.08669623544320391,0.00408478280009623,0.155,-0.1,1.0,0.0,0.0,0.0,0.0,0.0,0.0,0.0
916,0,0.08001773145146582,0.00408478280009623,0.3132,0.9,1.0,0.0,0.0,0.0,0.0,0.0,0.0,0.0
917,0,0.07917450606118635,0.00408478280009623,0.2168,0.3,1.0,0.0,0.0,0.0,0.0,0.0,0.0,0.0
918,1,0.08441110281426036,0.00408478280009623,0.2868,0.6,1.0,0.0,0.0,0.0,0.0,0.0,0.0,0.0
919,0,0.07386944178993254,0.00408478280009623,0.637,-0.9,1.0,0.0,0.0,0.0,0.0,0.0,0.0,0.0
920,0,0.060721808879115456,0.00408478280009623,0.10679999999999999,0.6,1.0,0.0,0.0,0.0,0.0,0.0,0.0,0.0
921,1,0.06711335685609308,0.00408478280009623,0.2352,-1.6,1.0,0.0,0.0,0.0,0.0,0.0,0.0,0.0
922,0,0.06612606926459226,0.00408478280009623,0.1592,-0.9,1.0,0.0,0.0,0.0,0.0,0.0,0.0,0.0
923,0,0.06314843325637942,0.00408478280009623,0.33880000000000005,1.5,1.0,0.0,0.0,0.0,0.0,0.0,0.0,0.0
924,0,0.060808970600211266,0.00408478280009623,0.6314,-1.4,1.0,0.0,0.0,0.0,0.0,0.0,0.0,0.0
925,1,0.06280679669808968,0.00408478280009623,0.47479999999999994,-0.8,1.0,0.0,0.0,0.0,0.0,0.0,0.0,0.0
926,0,0.06049479115245438,0.00408478280009623,0.1646,-0.6,1.0,0.0,0.0,0.0,0.0,0.0,0.0,0.0
927,0,0.06011635038217377,0.00408478280009623,0.1074,-0.5,1.0,0.0,0.0,0.0,0.0,0.0,0.0,0.0
928,1,0.062047812059700405,0.00408478280009623,0.18,0.5,1.0,0.0,0.0,0.0,0.0,0.0,0.0,0.0
929,1,0.06330616559348311,0.00408478280009623,0.3778,2.2,1.0,0.0,0.0,0.0,0.0,0.0,0.0,0.0
930,1,0.06572157344899748,0.00408478280009623,0.299,-0.7,1.0,0.0,0.0,0.0,0.0,0.0,0.0,0.0
931,0,0.05926950299007934,0.00408478280009623,0.3496,-1.1,1.0,0.0,0.0,0.0,0.0,0.0,0.0,0.0
932,0,0.056262073095969145,0.00408478280009623,0.3968,0.6,1.0,0.0,0.0,0.0,0.0,0.0,0.0,0.0
933,0,0.00630391890080891,0.00408478280009623,0.4376,0.1,1.0,0.0,0.0,0.0,0.0,0.0,0.0,0.0
934,0,0.005809340394912699,0.00408478280009623,0.547,-1.2,1.0,0.0,0.0,0.0,0.0,0.0,0.0,0.0
935,1,0.02445248476919027,0.00408478280009623,0.2064,-1.2,1.0,0.0,0.0,0.0,0.0,0.0,0.0,0.0
936,1,0.02994612681235916,0.00408478280009623,0.6038,-0.8,1.0,0.0,0.0,0.0,0.0,0.0,0.0,0.0
937,1,0.03089871328969717,0.00408478280009623,0.5454,1.2,1.0,0.0,0.0,0.0,0.0,0.0,0.0,0.0
938,0,0.011980647293786293,0.00408478280009623,0.1524,-1.1,1.0,0.0,0.0,0.0,0.0,0.0,0.0,0.0
939,1,0.0371526251977058,0.04628213210821258,0.1152,0.6,0.0,0.0,0.0,0.0,1.0,0.0,0.0,0.0
940,0,0.03513166502371885,0.04628213210821258,0.1084,0.0,0.0,0.0,0.0,0.0,1.0,0.0,0.0,0.0
941,0,0.03394446629978515,0.04628213210821258,0.0484,0.1,0.0,0.0,0.0,0.0,1.0,0.0,0.0,0.0
942,1,0.03498853753264329,0.04628213210821258,0.32020000000000004,2.5,0.0,0.0,0.0,0.0,1.0,0.0,0.0,0.0
943,0,0.03229587128013111,0.04628213210821258,0.052199999999999996,-0.5,0.0,0.0,0.0,0.0,1.0,0.0,0.0,0.0
944,1,0.03360540019439634,0.04628213210821258,0.18960000000000002,-0.8,0.0,0.0,0.0,0.0,1.0,0.0,0.0,0.0
945,1,0.036000828620544253,0.04628213210821258,0.1454,-0.3,0.0,0.0,0.0,0.0,1.0,0.0,0.0,0.0
946,1,0.038655872789687996,0.04628213210821258,0.1562,1.6,0.0,0.0,0.0,0.0,1.0,0.0,0.0,0.0
947,0,0.03542715026855975,0.04628213210821258,0.1286,0.7,0.0,0.0,0.0,0.0,1.0,0.0,0.0,0.0
948,0,0.03349603910733779,0.04628213210821258,0.2228,-1.7,0.0,0.0,0.0,0.0,1.0,0.0,0.0,0.0
949,0,0.022557593626118044,0.04628213210821258,0.0902,0.2,0.0,0.0,0.0,0.0,1.0,0.0,0.0,0.0
950,1,0.022692425564649635,0.04628213210821258,0.2052,0.6,0.0,0.0,0.0,0.0,1.0,0.0,0.0,0.0
951,0,0.02224773721278548,0.04628213210821258,0.22399999999999998,2.3,0.0,0.0,0.0,0.0,1.0,0.0,0.0,0.0
952,0,0.02159659475746784,0.04628213210821258,0.2568,0.5,0.0,0.0,0.0,0.0,1.0,0.0,0.0,0.0
953,0,0.021212662565080656,0.04628213210821258,0.0712,0.3,0.0,0.0,0.0,0.0,1.0,0.0,0.0,0.0
954,0,0.018627604818103653,0.04628213210821258,0.10859999999999999,1.3,0.0,0.0,0.0,0.0,1.0,0.0,0.0,0.0
955,0,0.015994292659849748,0.04628213210821258,0.14300000000000002,-0.9,0.0,0.0,0.0,0.0,1.0,0.0,0.0,0.0
956,0,0.01515013255942449,0.04628213210821258,0.1998,-0.2,0.0,0.0,0.0,0.0,1.0,0.0,0.0,0.0
957,0,0.014512777078757392,0.04628213210821258,0.3478,2.2,0.0,0.0,0.0,0.0,1.0,0.0,0.0,0.0
958,0,0.014267883020557898,0.04628213210821258,0.24739999999999998,-1.5,0.0,0.0,0.0,0.0,1.0,0.0,0.0,0.0
959,0,0.012703645591562278,0.04628213210821258,0.15560000000000002,-1.7,0.0,0.0,0.0,0.0,1.0,0.0,0.0,0.0
960,0,0.01189699073573723,0.04628213210821258,0.13140000000000002,-0.6,0.0,0.0,0.0,0.0,1.0,0.0,0.0,0.0
961,0,0.011121648669796466,0.04628213210821258,0.081,-0.1,0.0,0.0,0.0,0.0,1.0,0.0,0.0,0.0
962,0,0.00997090364154894,0.04628213210821258,0.0848,0.9,0.0,0.0,0.0,0.0,1.0,0.0,0.0,0.0
963,0,0.00943239375880015,0.04628213210821258,0.135,0.3,0.0,0.0,0.0,0.0,1.0,0.0,0.0,0.0
964,0,0.008871801348856843,0.04628213210821258,0.111,0.6,0.0,0.0,0.0,0.0,1.0,0.0,0.0,0.0
965,1,0.009205960225980199,0.04628213210821258,0.3212,-0.9,0.0,0.0,0.0,0.0,1.0,0.0,0.0,0.0
966,1,0.010026869411528692,0.04628213210821258,0.2266,0.6,0.0,0.0,0.0,0.0,1.0,0.0,0.0,0.0
967,1,0.010889840553638166,0.04628213210821258,0.17739999999999997,-1.6,0.0,0.0,0.0,0.0,1.0,0.0,0.0,0.0
968,1,0.011475670137518061,0.04628213210821258,0.1728,-0.9,0.0,0.0,0.0,0.0,1.0,0.0,0.0,0.0
969,1,0.013165392403587278,0.04628213210821258,0.115,1.5,0.0,0.0,0.0,0.0,1.0,0.0,0.0,0.0
970,0,0.011690419793515518,0.04628213210821258,0.3886,-1.4,0.0,0.0,0.0,0.0,1.0,0.0,0.0,0.0
971,1,0.012944683970410348,0.04628213210821258,0.5436,-0.8,0.0,0.0,0.0,0.0,1.0,0.0,0.0,0.0
972,0,0.009623892499920841,0.04628213210821258,0.1602,-0.6,0.0,0.0,0.0,0.0,1.0,0.0,0.0,0.0
973,1,0.010331701757827584,0.04628213210821258,0.151,-0.5,0.0,0.0,0.0,0.0,1.0,0.0,0.0,0.0
974,1,0.014602392413985928,0.04628213210821258,0.3448,0.5,0.0,0.0,0.0,0.0,1.0,0.0,0.0,0.0
975,1,0.01639282969826505,0.04628213210821258,0.4218,2.2,0.0,0.0,0.0,0.0,1.0,0.0,0.0,0.0
976,1,0.017072363974261356,0.04628213210821258,0.3332,-0.7,0.0,0.0,0.0,0.0,1.0,0.0,0.0,0.0
977,0,0.014195793500563105,0.04628213210821258,0.18280000000000002,-1.1,0.0,0.0,0.0,0.0,1.0,0.0,0.0,0.0
978,0,0.013082670555684014,0.04628213210821258,0.27,0.6,0.0,0.0,0.0,0.0,1.0,0.0,0.0,0.0
979,0,0.008800529700239625,0.04628213210821258,0.24359999999999998,0.1,0.0,0.0,0.0,0.0,1.0,0.0,0.0,0.0
980,1,0.015646346808075848,0.04628213210821258,0.1524,-1.2,0.0,0.0,0.0,0.0,1.0,0.0,0.0,0.0
981,0,0.010210072600105412,0.04628213210821258,0.2242,-1.2,0.0,0.0,0.0,0.0,1.0,0.0,0.0,0.0
982,1,0.01388266560172024,0.04628213210821258,0.46020000000000005,-0.8,0.0,0.0,0.0,0.0,1.0,0.0,0.0,0.0
983,1,0.013936294596335492,0.04628213210821258,0.4988,1.2,0.0,0.0,0.0,0.0,1.0,0.0,0.0,0.0
984,0,0.004493151670858647,0.04628213210821258,0.32380000000000003,-1.1,0.0,0.0,0.0,0.0,1.0,0.0,0.0,0.0
985,0,0.010468636794187225,0.003345387643590922,0.003408,-0.7,0.0,0.0,0.0,0.0,0.0,0.0,0.0,0.0
986,0,0.008125318458667643,0.003345387643590922,0.002828,-1.1,0.0,0.0,0.0,0.0,0.0,0.0,0.0,0.0
987,1,0.009331912418126694,0.003345387643590922,0.002884,0.6,0.0,0.0,0.0,0.0,0.0,0.0,0.0,0.0
988,0,0.0013310272476186214,0.003345387643590922,0.0032299999999999994,0.1,0.0,0.0,0.0,0.0,0.0,0.0,0.0,0.0
989,1,0.0030451688162468514,0.003345387643590922,0.003814,-1.2,0.0,0.0,0.0,0.0,0.0,0.0,0.0,0.0
990,1,0.0031856090156532403,0.003345387643590922,0.0017579999999999998,-1.2,0.0,0.0,0.0,0.0,0.0,0.0,0.0,0.0
991,1,0.007022009970319448,0.003345387643590922,0.00308,-0.8,0.0,0.0,0.0,0.0,0.0,0.0,0.0,0.0
992,1,0.008727038115026132,0.003345387643590922,0.0045899999999999995,1.2,0.0,0.0,0.0,0.0,0.0,0.0,0.0,0.0
993,0,0.0065885381402048864,0.003345387643590922,0.003166,-1.1,0.0,0.0,0.0,0.0,0.0,0.0,0.0,0.0
994,1,0.005253538374466616,0.018935995352205037,0.365,-1.5,1.0,0.0,0.0,0.0,0.0,0.0,0.0,0.0
995,1,0.005408349742364674,0.018935995352205037,0.1158,-1.7,1.0,0.0,0.0,0.0,0.0,0.0,0.0,0.0
996,0,0.0030787015427274117,0.018935995352205037,0.21960000000000002,-0.6,1.0,0.0,0.0,0.0,0.0,0.0,0.0,0.0
997,1,0.003731830257104878,0.018935995352205037,0.155,-0.1,1.0,0.0,0.0,0.0,0.0,0.0,0.0,0.0
998,1,0.003860002385847647,0.018935995352205037,0.3132,0.9,1.0,0.0,0.0,0.0,0.0,0.0,0.0,0.0
999,0,0.0034122762260096417,0.018935995352205037,0.2168,0.3,1.0,0.0,0.0,0.0,0.0,0.0,0.0,0.0
1000,0,0.0033485990973270443,0.018935995352205037,0.2868,0.6,1.0,0.0,0.0,0.0,0.0,0.0,0.0,0.0
1001,0,0.002627002864769758,0.018935995352205037,0.637,-0.9,1.0,0.0,0.0,0.0,0.0,0.0,0.0,0.0
1002,1,0.0037597547227106406,0.018935995352205037,0.10679999999999999,0.6,1.0,0.0,0.0,0.0,0.0,0.0,0.0,0.0
1003,1,0.00433717191527834,0.018935995352205037,0.2352,-1.6,1.0,0.0,0.0,0.0,0.0,0.0,0.0,0.0
1004,0,0.003637074016074444,0.018935995352205037,0.1592,-0.9,1.0,0.0,0.0,0.0,0.0,0.0,0.0,0.0
1005,1,0.00364642111753244,0.018935995352205037,0.33880000000000005,1.5,1.0,0.0,0.0,0.0,0.0,0.0,0.0,0.0
1006,0,0.00339404937816655,0.018935995352205037,0.6314,-1.4,1.0,0.0,0.0,0.0,0.0,0.0,0.0,0.0
1007,1,0.0037859266067930292,0.018935995352205037,0.47479999999999994,-0.8,1.0,0.0,0.0,0.0,0.0,0.0,0.0,0.0
1008,1,0.003985604061689467,0.018935995352205037,0.1646,-0.6,1.0,0.0,0.0,0.0,0.0,0.0,0.0,0.0
1009,1,0.004566760094840365,0.018935995352205037,0.1074,-0.5,1.0,0.0,0.0,0.0,0.0,0.0,0.0,0.0
1010,0,0.0040897074041778975,0.018935995352205037,0.18,0.5,1.0,0.0,0.0,0.0,0.0,0.0,0.0,0.0
1011,1,0.006509788810421271,0.018935995352205037,0.3778,2.2,1.0,0.0,0.0,0.0,0.0,0.0,0.0,0.0
1012,0,0.005435690014129312,0.018935995352205037,0.299,-0.7,1.0,0.0,0.0,0.0,0.0,0.0,0.0,0.0
1013,1,0.007464361546819106,0.018935995352205037,0.3496,-1.1,1.0,0.0,0.0,0.0,0.0,0.0,0.0,0.0
1014,0,0.0053721297242149395,0.018935995352205037,0.3968,0.6,1.0,0.0,0.0,0.0,0.0,0.0,0.0,0.0
1015,0,0.0027501509264788544,0.018935995352205037,0.4376,0.1,1.0,0.0,0.0,0.0,0.0,0.0,0.0,0.0
1016,1,0.005607910358492887,0.018935995352205037,0.547,-1.2,1.0,0.0,0.0,0.0,0.0,0.0,0.0,0.0
1017,1,0.007472540260594852,0.018935995352205037,0.2064,-1.2,1.0,0.0,0.0,0.0,0.0,0.0,0.0,0.0
1018,1,0.008388906719783129,0.018935995352205037,0.6038,-0.8,1.0,0.0,0.0,0.0,0.0,0.0,0.0,0.0
1019,1,0.009547246267965276,0.018935995352205037,0.5454,1.2,1.0,0.0,0.0,0.0,0.0,0.0,0.0,0.0
1020,0,0.009057808667870962,0.018935995352205037,0.1524,-1.1,1.0,0.0,0.0,0.0,0.0,0.0,0.0,0.0
1021,1,0.037706557797860286,0.0011534093301598135,0.1328,-0.5,0.0,0.0,0.0,0.0,0.0,1.0,0.0,0.0
1022,1,0.044056277495813374,0.0011534093301598135,0.11359999999999999,-0.8,0.0,0.0,0.0,0.0,0.0,1.0,0.0,0.0
1023,1,0.06806816327002736,0.0011534093301598135,0.1782,-0.3,0.0,0.0,0.0,0.0,0.0,1.0,0.0,0.0
1024,1,0.0850491593275368,0.0011534093301598135,0.0236,1.6,0.0,0.0,0.0,0.0,0.0,1.0,0.0,0.0
1025,1,0.0954712942919705,0.0011534093301598135,0.2186,0.7,0.0,0.0,0.0,0.0,0.0,1.0,0.0,0.0
1026,1,0.11826618745635342,0.0011534093301598135,0.19,-1.7,0.0,0.0,0.0,0.0,0.0,1.0,0.0,0.0
1027,1,0.1575748384441142,0.0011534093301598135,0.3998,0.2,0.0,0.0,0.0,0.0,0.0,1.0,0.0,0.0
1028,1,0.33539841961545325,0.0011534093301598135,0.2332,0.6,0.0,0.0,0.0,0.0,0.0,1.0,0.0,0.0
1029,1,0.3799760316950863,0.0011534093301598135,0.2158,2.3,0.0,0.0,0.0,0.0,0.0,1.0,0.0,0.0
1030,0,0.08947956857985866,0.0011534093301598135,0.0286,0.5,0.0,0.0,0.0,0.0,0.0,1.0,0.0,0.0
1031,0,0.07582625748016399,0.0011534093301598135,0.15380000000000002,0.3,0.0,0.0,0.0,0.0,0.0,1.0,0.0,0.0
1032,0,0.04961838705716208,0.0011534093301598135,0.12619999999999998,1.3,0.0,0.0,0.0,0.0,0.0,1.0,0.0,0.0
1033,1,0.09054034775657296,0.0011534093301598135,0.1568,-0.9,0.0,0.0,0.0,0.0,0.0,1.0,0.0,0.0
1034,0,0.057718585180661364,0.0011534093301598135,0.0676,-0.2,0.0,0.0,0.0,0.0,0.0,1.0,0.0,0.0
1035,0,0.045286005531380964,0.0011534093301598135,0.4384,2.2,0.0,0.0,0.0,0.0,0.0,1.0,0.0,0.0
1036,1,0.05840115726463151,0.0011534093301598135,0.201,-1.5,0.0,0.0,0.0,0.0,0.0,1.0,0.0,0.0
1037,1,0.07151292067360354,0.0011534093301598135,0.1998,-1.7,0.0,0.0,0.0,0.0,0.0,1.0,0.0,0.0
1038,0,0.06992508181342648,0.0011534093301598135,0.133,-0.6,0.0,0.0,0.0,0.0,0.0,1.0,0.0,0.0
1039,1,0.07679999177455071,0.0011534093301598135,0.1782,-0.1,0.0,0.0,0.0,0.0,0.0,1.0,0.0,0.0
1040,1,0.07783740319762004,0.0011534093301598135,0.2336,0.9,0.0,0.0,0.0,0.0,0.0,1.0,0.0,0.0
1041,0,0.0678023550723156,0.0011534093301598135,0.1168,0.3,0.0,0.0,0.0,0.0,0.0,1.0,0.0,0.0
1042,1,0.07300647064782306,0.0011534093301598135,0.0492,0.6,0.0,0.0,0.0,0.0,0.0,1.0,0.0,0.0
1043,1,0.09249155518592962,0.0011534093301598135,0.20559999999999998,-0.9,0.0,0.0,0.0,0.0,0.0,1.0,0.0,0.0
1044,0,0.07628017609471792,0.0011534093301598135,0.4142,0.6,0.0,0.0,0.0,0.0,0.0,1.0,0.0,0.0
1045,1,0.07698190973667696,0.0011534093301598135,0.0894,-1.6,0.0,0.0,0.0,0.0,0.0,1.0,0.0,0.0
1046,0,0.07598527504371815,0.0011534093301598135,0.1226,-0.9,0.0,0.0,0.0,0.0,0.0,1.0,0.0,0.0
1047,1,0.07693272061525426,0.0011534093301598135,0.16519999999999999,1.5,0.0,0.0,0.0,0.0,0.0,1.0,0.0,0.0
1048,1,0.0778709359241006,0.0011534093301598135,0.2632,-1.4,0.0,0.0,0.0,0.0,0.0,1.0,0.0,0.0
1049,1,0.08266506426190671,0.0011534093301598135,0.3148,-0.8,0.0,0.0,0.0,0.0,0.0,1.0,0.0,0.0
1050,0,0.08227412174342603,0.0011534093301598135,0.3456,-0.6,0.0,0.0,0.0,0.0,0.0,1.0,0.0,0.0
1051,1,0.08950200162335785,0.0011534093301598135,0.1352,-0.5,0.0,0.0,0.0,0.0,0.0,1.0,0.0,0.0
1052,0,0.07871754963865858,0.0011534093301598135,0.327,0.5,0.0,0.0,0.0,0.0,0.0,1.0,0.0,0.0
1053,0,0.05464724448033212,0.0011534093301598135,0.41659999999999997,2.2,0.0,0.0,0.0,0.0,0.0,1.0,0.0,0.0
1054,1,0.06828466550754819,0.0011534093301598135,0.4192,-0.7,0.0,0.0,0.0,0.0,0.0,1.0,0.0,0.0
1055,1,0.07498723828554063,0.0011534093301598135,0.46740000000000004,-1.1,0.0,0.0,0.0,0.0,0.0,1.0,0.0,0.0
1056,1,0.08899024781853257,0.0011534093301598135,0.43560000000000004,0.6,0.0,0.0,0.0,0.0,0.0,1.0,0.0,0.0
1057,0,0.023152536633919488,0.0011534093301598135,0.5197999999999999,0.1,0.0,0.0,0.0,0.0,0.0,1.0,0.0,0.0
1058,0,0.0032754580284182263,0.0011534093301598135,0.2394,-1.2,0.0,0.0,0.0,0.0,0.0,1.0,0.0,0.0
1059,1,0.028367167698567196,0.0011534093301598135,0.1716,-1.2,0.0,0.0,0.0,0.0,0.0,1.0,0.0,0.0
1060,1,0.05621124823179129,0.0011534093301598135,0.36060000000000003,-0.8,0.0,0.0,0.0,0.0,0.0,1.0,0.0,0.0
1061,1,0.13546730775319868,0.0011534093301598135,0.5506,1.2,0.0,0.0,0.0,0.0,0.0,1.0,0.0,0.0
1062,0,0.07563545977165265,0.0011534093301598135,0.1476,-1.1,0.0,0.0,0.0,0.0,0.0,1.0,0.0,0.0
1063,1,0.11742845348818053,0.03026367049183176,0.10619999999999999,0.6,1.0,0.0,0.0,0.0,0.0,0.0,0.0,0.0
1064,1,0.12235811479712759,0.03026367049183176,0.068,0.0,1.0,0.0,0.0,0.0,0.0,0.0,0.0,0.0
1065,0,0.12126660702437012,0.03026367049183176,0.06480000000000001,0.1,1.0,0.0,0.0,0.0,0.0,0.0,0.0,0.0
1066,0,0.11859450439506553,0.03026367049183176,0.065,2.5,1.0,0.0,0.0,0.0,0.0,0.0,0.0,0.0
1067,0,0.1122633620612602,0.03026367049183176,0.0318,-0.5,1.0,0.0,0.0,0.0,0.0,0.0,0.0,0.0
1068,0,0.10466124760670388,0.03026367049183176,0.1192,-0.8,1.0,0.0,0.0,0.0,0.0,0.0,0.0,0.0
1069,1,0.14120596069333527,0.03026367049183176,0.0622,-0.3,1.0,0.0,0.0,0.0,0.0,0.0,0.0,0.0
1070,0,0.11047456051973623,0.03026367049183176,0.053,1.6,1.0,0.0,0.0,0.0,0.0,0.0,0.0,0.0
1071,1,0.11707127737371686,0.03026367049183176,0.0602,0.7,1.0,0.0,0.0,0.0,0.0,0.0,0.0,0.0
1072,0,0.10709383076114733,0.03026367049183176,0.1298,-1.7,1.0,0.0,0.0,0.0,0.0,0.0,0.0,0.0
1073,0,0.10014905121662457,0.03026367049183176,0.3194,0.2,1.0,0.0,0.0,0.0,0.0,0.0,0.0,0.0
1074,0,0.08993617448608175,0.03026367049183176,0.2724,0.6,1.0,0.0,0.0,0.0,0.0,0.0,0.0,0.0
1075,1,0.12758372870598844,0.03026367049183176,0.1628,2.3,1.0,0.0,0.0,0.0,0.0,0.0,0.0,0.0
1076,0,0.11142095454235831,0.03026367049183176,0.021,0.5,1.0,0.0,0.0,0.0,0.0,0.0,0.0,0.0
1077,1,0.12410158289658028,0.03026367049183176,0.1168,0.3,1.0,0.0,0.0,0.0,0.0,0.0,0.0,0.0
1078,1,0.12602603424801342,0.03026367049183176,0.064,1.3,1.0,0.0,0.0,0.0,0.0,0.0,0.0,0.0
1079,0,0.1116906184194215,0.03026367049183176,0.31079999999999997,-0.9,1.0,0.0,0.0,0.0,0.0,0.0,0.0,0.0
1080,0,0.09684788865919686,0.03026367049183176,0.059000000000000004,-0.2,1.0,0.0,0.0,0.0,0.0,0.0,0.0,0.0
1081,1,0.11277897154543691,0.03026367049183176,0.4708,2.2,1.0,0.0,0.0,0.0,0.0,0.0,0.0,0.0
1082,0,0.10163617505859172,0.03026367049183176,0.365,-1.5,1.0,0.0,0.0,0.0,0.0,0.0,0.0,0.0
1083,1,0.11732890685765288,0.03026367049183176,0.1158,-1.7,1.0,0.0,0.0,0.0,0.0,0.0,0.0,0.0
1084,1,0.12536554469123778,0.03026367049183176,0.21960000000000002,-0.6,1.0,0.0,0.0,0.0,0.0,0.0,0.0,0.0
1085,1,0.13778994562674243,0.03026367049183176,0.155,-0.1,1.0,0.0,0.0,0.0,0.0,0.0,0.0,0.0
1086,0,0.13743545680394795,0.03026367049183176,0.3132,0.9,1.0,0.0,0.0,0.0,0.0,0.0,0.0,0.0
1087,0,0.12526856851361107,0.03026367049183176,0.2168,0.3,1.0,0.0,0.0,0.0,0.0,0.0,0.0,0.0
1088,0,0.11999727064637426,0.03026367049183176,0.2868,0.6,1.0,0.0,0.0,0.0,0.0,0.0,0.0,0.0
1089,1,0.12665801514534217,0.03026367049183176,0.637,-0.9,1.0,0.0,0.0,0.0,0.0,0.0,0.0,0.0
1090,1,0.12937019347214793,0.03026367049183176,0.10679999999999999,0.6,1.0,0.0,0.0,0.0,0.0,0.0,0.0,0.0
1091,0,0.12473449850405482,0.03026367049183176,0.2352,-1.6,1.0,0.0,0.0,0.0,0.0,0.0,0.0,0.0
1092,1,0.12805809410498173,0.03026367049183176,0.1592,-0.9,1.0,0.0,0.0,0.0,0.0,0.0,0.0,0.0
1093,0,0.12545539370400277,0.03026367049183176,0.33880000000000005,1.5,1.0,0.0,0.0,0.0,0.0,0.0,0.0,0.0
1094,0,0.1171697724553305,0.03026367049183176,0.6314,-1.4,1.0,0.0,0.0,0.0,0.0,0.0,0.0,0.0
1095,0,0.11697979261819673,0.03026367049183176,0.47479999999999994,-0.8,1.0,0.0,0.0,0.0,0.0,0.0,0.0,0.0
1096,0,0.11075076736782001,0.03026367049183176,0.1646,-0.6,1.0,0.0,0.0,0.0,0.0,0.0,0.0,0.0
1097,1,0.12344588372930186,0.03026367049183176,0.1074,-0.5,1.0,0.0,0.0,0.0,0.0,0.0,0.0,0.0
1098,0,0.11267112936236527,0.03026367049183176,0.18,0.5,1.0,0.0,0.0,0.0,0.0,0.0,0.0,0.0
1099,1,0.12261223911801686,0.03026367049183176,0.3778,2.2,1.0,0.0,0.0,0.0,0.0,0.0,0.0,0.0
1100,0,0.11963366839965822,0.03026367049183176,0.299,-0.7,1.0,0.0,0.0,0.0,0.0,0.0,0.0,0.0
1101,0,0.11856833251098314,0.03026367049183176,0.3496,-1.1,1.0,0.0,0.0,0.0,0.0,0.0,0.0,0.0
1102,1,0.11886311672321469,0.03026367049183176,0.3968,0.6,1.0,0.0,0.0,0.0,0.0,0.0,0.0,0.0
1103,1,0.12665007010910287,0.03026367049183176,0.4376,0.1,1.0,0.0,0.0,0.0,0.0,0.0,0.0,0.0
1104,0,0.11487599375753829,0.03026367049183176,0.547,-1.2,1.0,0.0,0.0,0.0,0.0,0.0,0.0,0.0
1105,0,0.1122052931934524,0.03026367049183176,0.2064,-1.2,1.0,0.0,0.0,0.0,0.0,0.0,0.0,0.0
1106,1,0.11699451430299307,0.03026367049183176,0.6038,-0.8,1.0,0.0,0.0,0.0,0.0,0.0,0.0,0.0
1107,0,0.10273819832048944,0.03026367049183176,0.5454,1.2,1.0,0.0,0.0,0.0,0.0,0.0,0.0,0.0
1108,1,0.11603538485463447,0.03026367049183176,0.1524,-1.1,1.0,0.0,0.0,0.0,0.0,0.0,0.0,0.0
1109,1,0.06785902187490471,0.050374276469006794,0.10619999999999999,0.6,1.0,0.0,0.0,0.0,0.0,0.0,0.0,0.0
1110,0,0.06562810243441752,0.050374276469006794,0.068,0.0,1.0,0.0,0.0,0.0,0.0,0.0,0.0,0.0
1111,0,0.062468898980383124,0.050374276469006794,0.06480000000000001,0.1,1.0,0.0,0.0,0.0,0.0,0.0,0.0,0.0
1112,1,0.07317927518602776,0.050374276469006794,0.065,2.5,1.0,0.0,0.0,0.0,0.0,0.0,0.0,0.0
1113,0,0.06774837556139568,0.050374276469006794,0.0318,-0.5,1.0,0.0,0.0,0.0,0.0,0.0,0.0,0.0
1114,1,0.07253455886296249,0.050374276469006794,0.1192,-0.8,1.0,0.0,0.0,0.0,0.0,0.0,0.0,0.0
1115,0,0.062399379913289275,0.050374276469006794,0.0622,-0.3,1.0,0.0,0.0,0.0,0.0,0.0,0.0,0.0
1116,0,0.058657618360885275,0.050374276469006794,0.053,1.6,1.0,0.0,0.0,0.0,0.0,0.0,0.0,0.0
1117,0,0.053792335213230166,0.050374276469006794,0.0602,0.7,1.0,0.0,0.0,0.0,0.0,0.0,0.0,0.0
1118,1,0.07515443456287053,0.050374276469006794,0.1298,-1.7,1.0,0.0,0.0,0.0,0.0,0.0,0.0,0.0
1119,1,0.0824729813269449,0.050374276469006794,0.3194,0.2,1.0,0.0,0.0,0.0,0.0,0.0,0.0,0.0
1120,0,0.08015606855304416,0.050374276469006794,0.2724,0.6,1.0,0.0,0.0,0.0,0.0,0.0,0.0,0.0
1121,1,0.08524182645633975,0.050374276469006794,0.1628,2.3,1.0,0.0,0.0,0.0,0.0,0.0,0.0,0.0
1122,0,0.07182593173367818,0.050374276469006794,0.021,0.5,1.0,0.0,0.0,0.0,0.0,0.0,0.0,0.0
1123,0,0.06890718246465072,0.050374276469006794,0.1168,0.3,1.0,0.0,0.0,0.0,0.0,0.0,0.0,0.0
1124,0,0.06819434913971031,0.050374276469006794,0.064,1.3,1.0,0.0,0.0,0.0,0.0,0.0,0.0,0.0
1125,0,0.058215617300690296,0.050374276469006794,0.31079999999999997,-0.9,1.0,0.0,0.0,0.0,0.0,0.0,0.0,0.0
1126,1,0.06260069311094087,0.050374276469006794,0.059000000000000004,-0.2,1.0,0.0,0.0,0.0,0.0,0.0,0.0,0.0
1127,1,0.06347581548494573,0.050374276469006794,0.4708,2.2,1.0,0.0,0.0,0.0,0.0,0.0,0.0,0.0
1128,1,0.07032817556380255,0.050374276469006794,0.365,-1.5,1.0,0.0,0.0,0.0,0.0,0.0,0.0,0.0
1129,0,0.05416925707952385,0.050374276469006794,0.1158,-1.7,1.0,0.0,0.0,0.0,0.0,0.0,0.0,0.0
1130,1,0.054301752242690945,0.050374276469006794,0.21960000000000002,-0.6,1.0,0.0,0.0,0.0,0.0,0.0,0.0,0.0
1131,0,0.039317297056609433,0.050374276469006794,0.155,-0.1,1.0,0.0,0.0,0.0,0.0,0.0,0.0,0.0
1132,0,0.038329775787572164,0.050374276469006794,0.3132,0.9,1.0,0.0,0.0,0.0,0.0,0.0,0.0,0.0
1133,0,0.036224808539231476,0.050374276469006794,0.2168,0.3,1.0,0.0,0.0,0.0,0.0,0.0,0.0,0.0
1134,0,0.028262947517310538,0.050374276469006794,0.2868,0.6,1.0,0.0,0.0,0.0,0.0,0.0,0.0,0.0
1135,1,0.032451734196943194,0.050374276469006794,0.637,-0.9,1.0,0.0,0.0,0.0,0.0,0.0,0.0,0.0
1136,1,0.03466033743269941,0.050374276469006794,0.10679999999999999,0.6,1.0,0.0,0.0,0.0,0.0,0.0,0.0,0.0
1137,0,0.032388057068260596,0.050374276469006794,0.2352,-1.6,1.0,0.0,0.0,0.0,0.0,0.0,0.0,0.0
1138,1,0.03482496325712836,0.050374276469006794,0.1592,-0.9,1.0,0.0,0.0,0.0,0.0,0.0,0.0,0.0
1139,0,0.03252697836368006,0.050374276469006794,0.33880000000000005,1.5,1.0,0.0,0.0,0.0,0.0,0.0,0.0,0.0
1140,0,0.02598435785938758,0.050374276469006794,0.6314,-1.4,1.0,0.0,0.0,0.0,0.0,0.0,0.0,0.0
1141,1,0.03442140215167939,0.050374276469006794,0.47479999999999994,-0.8,1.0,0.0,0.0,0.0,0.0,0.0,0.0,0.0
1142,1,0.03562893082128424,0.050374276469006794,0.1646,-0.6,1.0,0.0,0.0,0.0,0.0,0.0,0.0,0.0
1143,0,0.03088784728425225,0.050374276469006794,0.1074,-0.5,1.0,0.0,0.0,0.0,0.0,0.0,0.0,0.0
1144,0,0.025582899851766656,0.050374276469006794,0.18,0.5,1.0,0.0,0.0,0.0,0.0,0.0,0.0,0.0
1145,1,0.029503424719554826,0.050374276469006794,0.3778,2.2,1.0,0.0,0.0,0.0,0.0,0.0,0.0,0.0
1146,1,0.03134725732091275,0.050374276469006794,0.299,-0.7,1.0,0.0,0.0,0.0,0.0,0.0,0.0,0.0
1147,1,0.032643933970673236,0.050374276469006794,0.3496,-1.1,1.0,0.0,0.0,0.0,0.0,0.0,0.0,0.0
1148,0,0.03170186298247547,0.050374276469006794,0.3968,0.6,1.0,0.0,0.0,0.0,0.0,0.0,0.0,0.0
1149,0,0.0306539360702659,0.050374276469006794,0.4376,0.1,1.0,0.0,0.0,0.0,0.0,0.0,0.0,0.0
1150,1,0.03879467724633924,0.050374276469006794,0.547,-1.2,1.0,0.0,0.0,0.0,0.0,0.0,0.0,0.0
1151,0,0.02865248797057252,0.050374276469006794,0.2064,-1.2,1.0,0.0,0.0,0.0,0.0,0.0,0.0,0.0
1152,0,0.028058129156612203,0.050374276469006794,0.6038,-0.8,1.0,0.0,0.0,0.0,0.0,0.0,0.0,0.0
1153,0,0.02431858754080448,0.050374276469006794,0.5454,1.2,1.0,0.0,0.0,0.0,0.0,0.0,0.0,0.0
1154,0,0.02138161142393393,0.050374276469006794,0.1524,-1.1,1.0,0.0,0.0,0.0,0.0,0.0,0.0,0.0
1155,1,0.006609335440948927,0.0035989197940294207,0.2568,0.5,0.0,0.0,0.0,0.0,1.0,0.0,0.0,0.0
1156,0,0.006289664571085466,0.0035989197940294207,0.0712,0.3,0.0,0.0,0.0,0.0,1.0,0.0,0.0,0.0
1157,0,0.004921365756403086,0.0035989197940294207,0.10859999999999999,1.3,0.0,0.0,0.0,0.0,1.0,0.0,0.0,0.0
1158,1,0.005737951907527256,0.0035989197940294207,0.14300000000000002,-0.9,0.0,0.0,0.0,0.0,1.0,0.0,0.0,0.0
1159,1,0.00597127892767248,0.0035989197940294207,0.1998,-0.2,0.0,0.0,0.0,0.0,1.0,0.0,0.0,0.0
1160,1,0.019162843215342146,0.0035989197940294207,0.3478,2.2,0.0,0.0,0.0,0.0,1.0,0.0,0.0,0.0
1161,1,0.042725250248194756,0.0035989197940294207,0.24739999999999998,-1.5,0.0,0.0,0.0,0.0,1.0,0.0,0.0,0.0
1162,0,0.039111193469460626,0.0035989197940294207,0.15560000000000002,-1.7,0.0,0.0,0.0,0.0,1.0,0.0,0.0,0.0
1163,0,0.033591029025904676,0.0035989197940294207,0.13140000000000002,-0.6,0.0,0.0,0.0,0.0,1.0,0.0,0.0,0.0
1164,0,0.03183447498441079,0.0035989197940294207,0.081,-0.1,0.0,0.0,0.0,0.0,1.0,0.0,0.0,0.0
1165,1,0.03337090478656887,0.0035989197940294207,0.0848,0.9,0.0,0.0,0.0,0.0,1.0,0.0,0.0,0.0
1166,0,0.02802997101346999,0.0035989197940294207,0.135,0.3,0.0,0.0,0.0,0.0,1.0,0.0,0.0,0.0
1167,0,0.027109281519857392,0.0035989197940294207,0.111,0.6,0.0,0.0,0.0,0.0,1.0,0.0,0.0,0.0
1168,1,0.031790777285094655,0.0035989197940294207,0.3212,-0.9,0.0,0.0,0.0,0.0,1.0,0.0,0.0,0.0
1169,0,0.02423715091935169,0.0035989197940294207,0.2266,0.6,0.0,0.0,0.0,0.0,1.0,0.0,0.0,0.0
1170,1,0.027161508449253944,0.0035989197940294207,0.17739999999999997,-1.6,0.0,0.0,0.0,0.0,1.0,0.0,0.0,0.0
1171,0,0.025485573157835274,0.0035989197940294207,0.1728,-0.9,0.0,0.0,0.0,0.0,1.0,0.0,0.0,0.0
1172,0,0.024170435982695245,0.0035989197940294207,0.115,1.5,0.0,0.0,0.0,0.0,1.0,0.0,0.0,0.0
1173,0,0.024141693645711906,0.0035989197940294207,0.3886,-1.4,0.0,0.0,0.0,0.0,1.0,0.0,0.0,0.0
1174,0,0.021562711514682604,0.0035989197940294207,0.5436,-0.8,0.0,0.0,0.0,0.0,1.0,0.0,0.0,0.0
1175,1,0.02232730441394667,0.0035989197940294207,0.1602,-0.6,0.0,0.0,0.0,0.0,1.0,0.0,0.0,0.0
1176,1,0.025150362731797892,0.0035989197940294207,0.151,-0.5,0.0,0.0,0.0,0.0,1.0,0.0,0.0,0.0
1177,0,0.023873899188940322,0.0035989197940294207,0.3448,0.5,0.0,0.0,0.0,0.0,1.0,0.0,0.0,0.0
1178,0,0.023849129370076633,0.0035989197940294207,0.4218,2.2,0.0,0.0,0.0,0.0,1.0,0.0,0.0,0.0
1179,1,0.027263041338841425,0.0035989197940294207,0.3332,-0.7,0.0,0.0,0.0,0.0,1.0,0.0,0.0,0.0
1180,1,0.027432107036462927,0.0035989197940294207,0.18280000000000002,-1.1,0.0,0.0,0.0,0.0,1.0,0.0,0.0,0.0
1181,0,0.021279026985432426,0.0035989197940294207,0.27,0.6,0.0,0.0,0.0,0.0,1.0,0.0,0.0,0.0
1182,0,0.006735287633095422,0.0035989197940294207,0.24359999999999998,0.1,0.0,0.0,0.0,0.0,1.0,0.0,0.0,0.0
1183,0,0.006573816455408542,0.0035989197940294207,0.1524,-1.2,0.0,0.0,0.0,0.0,1.0,0.0,0.0,0.0
1184,1,0.00755841675524019,0.0035989197940294207,0.2242,-1.2,0.0,0.0,0.0,0.0,1.0,0.0,0.0,0.0
1185,0,0.007148079001234168,0.0035989197940294207,0.46020000000000005,-0.8,0.0,0.0,0.0,0.0,1.0,0.0,0.0,0.0
1186,0,0.0025143702922009073,0.0035989197940294207,0.4988,1.2,0.0,0.0,0.0,0.0,1.0,0.0,0.0,0.0
1187,1,0.0048319840987109995,0.0035989197940294207,0.32380000000000003,-1.1,0.0,0.0,0.0,0.0,1.0,0.0,0.0,0.0
1188,1,0.02884982865010446,0.0010011722549255466,0.365,-1.5,1.0,0.0,0.0,0.0,0.0,0.0,0.0,0.0
1189,1,0.03183926537390801,0.0010011722549255466,0.1158,-1.7,1.0,0.0,0.0,0.0,0.0,0.0,0.0,0.0
1190,1,0.03544210563089254,0.0010011722549255466,0.21960000000000002,-0.6,1.0,0.0,0.0,0.0,0.0,0.0,0.0,0.0
1191,1,0.040258316495893176,0.0010011722549255466,0.155,-0.1,1.0,0.0,0.0,0.0,0.0,0.0,0.0,0.0
1192,0,0.03885333030798816,0.0010011722549255466,0.3132,0.9,1.0,0.0,0.0,0.0,0.0,0.0,0.0,0.0
1193,1,0.04013037804468686,0.0010011722549255466,0.2168,0.3,1.0,0.0,0.0,0.0,0.0,0.0,0.0,0.0
1194,0,0.038899715298973465,0.0010011722549255466,0.2868,0.6,1.0,0.0,0.0,0.0,0.0,0.0,0.0,0.0
1195,1,0.04016613070776369,0.0010011722549255466,0.637,-0.9,1.0,0.0,0.0,0.0,0.0,0.0,0.0,0.0
1196,0,0.038211768631664964,0.0010011722549255466,0.10679999999999999,0.6,1.0,0.0,0.0,0.0,0.0,0.0,0.0,0.0
1197,0,0.0328915153205419,0.0010011722549255466,0.2352,-1.6,1.0,0.0,0.0,0.0,0.0,0.0,0.0,0.0
1198,0,0.032691837865645466,0.0010011722549255466,0.1592,-0.9,1.0,0.0,0.0,0.0,0.0,0.0,0.0,0.0
1199,0,0.032443905999472125,0.0010011722549255466,0.33880000000000005,1.5,1.0,0.0,0.0,0.0,0.0,0.0,0.0,0.0
1200,0,0.031997698743621045,0.0010011722549255466,0.6314,-1.4,1.0,0.0,0.0,0.0,0.0,0.0,0.0,0.0
1201,0,0.03153303096239042,0.0010011722549255466,0.47479999999999994,-0.8,1.0,0.0,0.0,0.0,0.0,0.0,0.0,0.0
1202,1,0.032291197729402116,0.0010011722549255466,0.1646,-0.6,1.0,0.0,0.0,0.0,0.0,0.0,0.0,0.0
1203,0,0.031865554096758626,0.0010011722549255466,0.1074,-0.5,1.0,0.0,0.0,0.0,0.0,0.0,0.0,0.0
1204,0,0.01960437692046423,0.0010011722549255466,0.18,0.5,1.0,0.0,0.0,0.0,0.0,0.0,0.0,0.0
1205,0,0.017000040776730112,0.0010011722549255466,0.3778,2.2,1.0,0.0,0.0,0.0,0.0,0.0,0.0,0.0
1206,1,0.019499689384134673,0.0010011722549255466,0.299,-0.7,1.0,0.0,0.0,0.0,0.0,0.0,0.0,0.0
1207,1,0.02184148881566733,0.0010011722549255466,0.3496,-1.1,1.0,0.0,0.0,0.0,0.0,0.0,0.0,0.0
1208,0,0.01675783401019979,0.0010011722549255466,0.3968,0.6,1.0,0.0,0.0,0.0,0.0,0.0,0.0,0.0
1209,0,0.0021314896487277485,0.0010011722549255466,0.4376,0.1,1.0,0.0,0.0,0.0,0.0,0.0,0.0,0.0
1210,0,0.0012252881623750424,0.0010011722549255466,0.547,-1.2,1.0,0.0,0.0,0.0,0.0,0.0,0.0,0.0
1211,1,0.0015855020848125608,0.0010011722549255466,0.2064,-1.2,1.0,0.0,0.0,0.0,0.0,0.0,0.0,0.0
1212,1,0.0019902315779437847,0.0010011722549255466,0.6038,-0.8,1.0,0.0,0.0,0.0,0.0,0.0,0.0,0.0
1213,1,0.0021416546215633193,0.0010011722549255466,0.5454,1.2,1.0,0.0,0.0,0.0,0.0,0.0,0.0,0.0
1214,0,0.001879818941971208,0.0010011722549255466,0.1524,-1.1,1.0,0.0,0.0,0.0,0.0,0.0,0.0,0.0
1215,1,0.005347243066583025,0.00015105922552258983,0.13140000000000002,-0.6,0.0,0.0,0.0,0.0,1.0,0.0,0.0,0.0
1216,1,0.005844158347843735,0.00015105922552258983,0.081,-0.1,0.0,0.0,0.0,0.0,1.0,0.0,0.0,0.0
1217,0,0.005132259733049119,0.00015105922552258983,0.0848,0.9,0.0,0.0,0.0,0.0,1.0,0.0,0.0,0.0
1218,1,0.005167311363516604,0.00015105922552258983,0.135,0.3,0.0,0.0,0.0,0.0,1.0,0.0,0.0,0.0
1219,0,0.0047018257109084065,0.00015105922552258983,0.111,0.6,0.0,0.0,0.0,0.0,1.0,0.0,0.0,0.0
1220,0,0.004016332657732629,0.00015105922552258983,0.3212,-0.9,0.0,0.0,0.0,0.0,1.0,0.0,0.0,0.0
1221,1,0.0057312920977384335,0.00015105922552258983,0.2266,0.6,0.0,0.0,0.0,0.0,1.0,0.0,0.0,0.0
1222,1,0.007796183648577961,0.00015105922552258983,0.17739999999999997,-1.6,0.0,0.0,0.0,0.0,1.0,0.0,0.0,0.0
1223,1,0.009443843958086196,0.00015105922552258983,0.1728,-0.9,0.0,0.0,0.0,0.0,1.0,0.0,0.0,0.0
1224,0,0.009369885017799803,0.00015105922552258983,0.115,1.5,0.0,0.0,0.0,0.0,1.0,0.0,0.0,0.0
1225,1,0.015234957505155803,0.00015105922552258983,0.3886,-1.4,0.0,0.0,0.0,0.0,1.0,0.0,0.0,0.0
1226,1,0.02078666841613249,0.00015105922552258983,0.5436,-0.8,0.0,0.0,0.0,0.0,1.0,0.0,0.0,0.0
1227,1,0.0231764885814056,0.00015105922552258983,0.1602,-0.6,0.0,0.0,0.0,0.0,1.0,0.0,0.0,0.0
1228,0,0.0042081819151579955,0.00015105922552258983,0.151,-0.5,0.0,0.0,0.0,0.0,1.0,0.0,0.0,0.0
1229,1,0.0067986142454733445,0.00015105922552258983,0.3448,0.5,0.0,0.0,0.0,0.0,1.0,0.0,0.0,0.0
1230,0,0.0041494120147408465,0.00015105922552258983,0.4218,2.2,0.0,0.0,0.0,0.0,1.0,0.0,0.0,0.0
1231,1,0.004768657486333077,0.00015105922552258983,0.3332,-0.7,0.0,0.0,0.0,0.0,1.0,0.0,0.0,0.0
1232,1,0.006365726609199908,0.00015105922552258983,0.18280000000000002,-1.1,0.0,0.0,0.0,0.0,1.0,0.0,0.0,0.0
1233,0,0.00479611459686594,0.00015105922552258983,0.27,0.6,0.0,0.0,0.0,0.0,1.0,0.0,0.0,0.0
1234,0,0.0011263257256885104,0.00015105922552258983,0.24359999999999998,0.1,0.0,0.0,0.0,0.0,1.0,0.0,0.0,0.0
1235,1,0.003008598281792442,0.00015105922552258983,0.1524,-1.2,0.0,0.0,0.0,0.0,1.0,0.0,0.0,0.0
1236,1,0.00437093831929535,0.00015105922552258983,0.2242,-1.2,0.0,0.0,0.0,0.0,1.0,0.0,0.0,0.0
1237,1,0.004715262169254275,0.00015105922552258983,0.46020000000000005,-0.8,0.0,0.0,0.0,0.0,1.0,0.0,0.0,0.0
1238,1,0.005251084760333893,0.00015105922552258983,0.4988,1.2,0.0,0.0,0.0,0.0,1.0,0.0,0.0,0.0
1239,1,0.005966371699407031,0.00015105922552258983,0.32380000000000003,-1.1,0.0,0.0,0.0,0.0,1.0,0.0,0.0,0.0
1240,1,0.019830693614515955,0.13442003710815517,0.001044,0.6,0.0,0.0,0.0,0.0,0.0,0.0,0.0,0.0
1241,1,0.020446433923061436,0.13442003710815517,0.0017300000000000002,0.0,0.0,0.0,0.0,0.0,0.0,0.0,0.0,0.0
1242,1,0.021936128217929538,0.13442003710815517,0.001928,0.1,0.0,0.0,0.0,0.0,0.0,0.0,0.0,0.0
1243,1,0.024272786743660298,0.13442003710815517,0.002552,2.5,0.0,0.0,0.0,0.0,0.0,0.0,0.0,0.0
1244,1,0.025965780495239812,0.13442003710815517,0.0014980000000000002,-0.5,0.0,0.0,0.0,0.0,0.0,0.0,0.0,0.0
1245,1,0.026674290785755905,0.13442003710815517,0.001794,-0.8,0.0,0.0,0.0,0.0,0.0,0.0,0.0,0.0
1246,0,0.023470688599796022,0.13442003710815517,0.001442,-0.3,0.0,0.0,0.0,0.0,0.0,0.0,0.0,0.0
1247,1,0.027843262661846523,0.13442003710815517,0.00193,1.6,0.0,0.0,0.0,0.0,0.0,0.0,0.0,0.0
1248,0,0.024340903745535443,0.13442003710815517,0.00165,0.7,0.0,0.0,0.0,0.0,0.0,0.0,0.0,0.0
1249,1,0.028231167372353354,0.13442003710815517,0.0017420000000000003,-1.7,0.0,0.0,0.0,0.0,0.0,0.0,0.0,0.0
1250,0,0.023313306778997015,0.13442003710815517,0.00193,0.2,0.0,0.0,0.0,0.0,0.0,0.0,0.0,0.0
1251,1,0.028288067852478904,0.13442003710815517,0.001476,0.6,0.0,0.0,0.0,0.0,0.0,0.0,0.0,0.0
1252,1,0.030920562139355234,0.13442003710815517,0.0017399999999999998,2.3,0.0,0.0,0.0,0.0,0.0,0.0,0.0,0.0
1253,0,0.029141691893130383,0.13442003710815517,0.002152,0.5,0.0,0.0,0.0,0.0,0.0,0.0,0.0,0.0
1254,1,0.030653235037656552,0.13442003710815517,0.00099,0.3,0.0,0.0,0.0,0.0,0.0,0.0,0.0,0.0
1255,0,0.029241939556267388,0.13442003710815517,0.001562,1.3,0.0,0.0,0.0,0.0,0.0,0.0,0.0,0.0
1256,1,0.030756754186303855,0.13442003710815517,0.0030519999999999996,-0.9,0.0,0.0,0.0,0.0,0.0,0.0,0.0,0.0
1257,0,0.029856861993435298,0.13442003710815517,0.001452,-0.2,0.0,0.0,0.0,0.0,0.0,0.0,0.0,0.0
1258,0,0.027576286076452513,0.13442003710815517,0.003862,2.2,0.0,0.0,0.0,0.0,0.0,0.0,0.0,0.0
1259,0,0.021878293027658192,0.13442003710815517,0.002228,-1.5,0.0,0.0,0.0,0.0,0.0,0.0,0.0,0.0
1260,0,0.017054954997795836,0.13442003710815517,0.0011560000000000001,-1.7,0.0,0.0,0.0,0.0,0.0,0.0,0.0,0.0
1261,1,0.018626085914116727,0.13442003710815517,0.0015060000000000002,-0.6,0.0,0.0,0.0,0.0,0.0,0.0,0.0,0.0
1262,1,0.02405605082860302,0.13442003710815517,0.00149,-0.1,0.0,0.0,0.0,0.0,0.0,0.0,0.0,0.0
1263,0,0.02328386340940433,0.13442003710815517,0.00224,0.9,0.0,0.0,0.0,0.0,0.0,0.0,0.0,0.0
1264,0,0.02187338579939274,0.13442003710815517,0.0013980000000000002,0.3,0.0,0.0,0.0,0.0,0.0,0.0,0.0,0.0
1265,0,0.01780576092240936,0.13442003710815517,0.001476,0.6,0.0,0.0,0.0,0.0,0.0,0.0,0.0,0.0
1266,1,0.01820371376698354,0.13442003710815517,0.002732,-0.9,0.0,0.0,0.0,0.0,0.0,0.0,0.0,0.0
1267,1,0.026355087270965343,0.13442003710815517,0.002516,0.6,0.0,0.0,0.0,0.0,0.0,0.0,0.0,0.0
1268,0,0.024214834714620725,0.13442003710815517,0.001546,-1.6,0.0,0.0,0.0,0.0,0.0,0.0,0.0,0.0
1269,0,0.0205914308344286,0.13442003710815517,0.001376,-0.9,0.0,0.0,0.0,0.0,0.0,0.0,0.0,0.0
1270,1,0.022549882267415198,0.13442003710815517,0.002108,1.5,0.0,0.0,0.0,0.0,0.0,0.0,0.0,0.0
1271,1,0.033446148953305735,0.13442003710815517,0.002294,-1.4,0.0,0.0,0.0,0.0,0.0,0.0,0.0,0.0
1272,0,0.027234299001858087,0.13442003710815517,0.004725999999999999,-0.8,0.0,0.0,0.0,0.0,0.0,0.0,0.0,0.0
1273,1,0.03481479828429279,0.13442003710815517,0.0017360000000000001,-0.6,0.0,0.0,0.0,0.0,0.0,0.0,0.0,0.0
1274,0,0.025872659996964528,0.13442003710815517,0.0025739999999999995,-0.5,0.0,0.0,0.0,0.0,0.0,0.0,0.0,0.0
1275,1,0.02628486717126215,0.13442003710815517,0.00395,0.5,0.0,0.0,0.0,0.0,0.0,0.0,0.0,0.0
1276,1,0.028030555207311115,0.13442003710815517,0.004006,2.2,0.0,0.0,0.0,0.0,0.0,0.0,0.0,0.0
1277,0,0.02785716647526529,0.13442003710815517,0.003408,-0.7,0.0,0.0,0.0,0.0,0.0,0.0,0.0,0.0
1278,1,0.0359448628505645,0.13442003710815517,0.002828,-1.1,0.0,0.0,0.0,0.0,0.0,0.0,0.0,0.0
1279,0,0.025245118972828325,0.13442003710815517,0.002884,0.6,0.0,0.0,0.0,0.0,0.0,0.0,0.0,0.0
1280,1,0.03522373397308012,0.13442003710815517,0.0032299999999999994,0.1,0.0,0.0,0.0,0.0,0.0,0.0,0.0,0.0
1281,1,0.03612245777826642,0.13442003710815517,0.003814,-1.2,0.0,0.0,0.0,0.0,0.0,0.0,0.0,0.0
1282,1,0.04025294191255483,0.13442003710815517,0.0017579999999999998,-1.2,0.0,0.0,0.0,0.0,0.0,0.0,0.0,0.0
1283,1,0.044094016417950035,0.13442003710815517,0.00308,-0.8,0.0,0.0,0.0,0.0,0.0,0.0,0.0,0.0
1284,0,0.040066817754772485,0.13442003710815517,0.0045899999999999995,1.2,0.0,0.0,0.0,0.0,0.0,0.0,0.0,0.0
1285,1,0.040182020780242286,0.13442003710815517,0.003166,-1.1,0.0,0.0,0.0,0.0,0.0,0.0,0.0,0.0
1286,1,0.010390354819476508,0.1014222829730929,0.0336,0.6,0.0,0.0,0.0,0.0,0.0,1.0,0.0,0.0
1287,0,0.009859673134198789,0.1014222829730929,0.3034,0.0,0.0,0.0,0.0,0.0,0.0,1.0,0.0,0.0
1288,0,0.009452723704471292,0.1014222829730929,0.0946,0.1,0.0,0.0,0.0,0.0,0.0,1.0,0.0,0.0
1289,1,0.012970739015724512,0.1014222829730929,0.2812,2.5,0.0,0.0,0.0,0.0,0.0,1.0,0.0,0.0
1290,1,0.01738198671005747,0.1014222829730929,0.1328,-0.5,0.0,0.0,0.0,0.0,0.0,1.0,0.0,0.0
1291,1,0.023203712014402016,0.1014222829730929,0.11359999999999999,-0.8,0.0,0.0,0.0,0.0,0.0,1.0,0.0,0.0
1292,1,0.025103159869435013,0.1014222829730929,0.1782,-0.3,0.0,0.0,0.0,0.0,0.0,1.0,0.0,0.0
1293,0,0.019168451476216944,0.1014222829730929,0.0236,1.6,0.0,0.0,0.0,0.0,0.0,1.0,0.0,0.0
1294,0,0.01382623247666759,0.1014222829730929,0.2186,0.7,0.0,0.0,0.0,0.0,0.0,1.0,0.0,0.0
1295,1,0.014948118329163552,0.1014222829730929,0.19,-1.7,0.0,0.0,0.0,0.0,0.0,1.0,0.0,0.0
1296,0,0.014299429487978634,0.1014222829730929,0.3998,0.2,0.0,0.0,0.0,0.0,0.0,1.0,0.0,0.0
1297,1,0.014935733419731707,0.1014222829730929,0.2332,0.6,0.0,0.0,0.0,0.0,0.0,1.0,0.0,0.0
1298,0,0.0146069491259467,0.1014222829730929,0.2158,2.3,0.0,0.0,0.0,0.0,0.0,1.0,0.0,0.0
1299,0,0.013464032295170247,0.1014222829730929,0.0286,0.5,0.0,0.0,0.0,0.0,0.0,1.0,0.0,0.0
1300,0,0.012986161733130205,0.1014222829730929,0.15380000000000002,0.3,0.0,0.0,0.0,0.0,0.0,1.0,0.0,0.0
1301,1,0.013383179867558583,0.1014222829730929,0.12619999999999998,1.3,0.0,0.0,0.0,0.0,0.0,1.0,0.0,0.0
1302,1,0.015167775213426457,0.1014222829730929,0.1568,-0.9,0.0,0.0,0.0,0.0,0.0,1.0,0.0,0.0
1303,0,0.014725073120622125,0.1014222829730929,0.0676,-0.2,0.0,0.0,0.0,0.0,0.0,1.0,0.0,0.0
1304,0,0.014050329234123042,0.1014222829730929,0.4384,2.2,0.0,0.0,0.0,0.0,0.0,1.0,0.0,0.0
1305,0,0.013880796181428642,0.1014222829730929,0.201,-1.5,0.0,0.0,0.0,0.0,0.0,1.0,0.0,0.0
1306,1,0.01492089489616714,0.1014222829730929,0.1998,-1.7,0.0,0.0,0.0,0.0,0.0,1.0,0.0,0.0
1307,0,0.013852988554591104,0.1014222829730929,0.133,-0.6,0.0,0.0,0.0,0.0,0.0,1.0,0.0,0.0
1308,0,0.012791742022803889,0.1014222829730929,0.1782,-0.1,0.0,0.0,0.0,0.0,0.0,1.0,0.0,0.0
1309,1,0.020369670852337644,0.1014222829730929,0.2336,0.9,0.0,0.0,0.0,0.0,0.0,1.0,0.0,0.0
1310,0,0.016185207207129314,0.1014222829730929,0.1168,0.3,0.0,0.0,0.0,0.0,0.0,1.0,0.0,0.0
1311,0,0.015221871563114608,0.1014222829730929,0.0492,0.6,0.0,0.0,0.0,0.0,0.0,1.0,0.0,0.0
1312,1,0.01638535201709865,0.1014222829730929,0.20559999999999998,-0.9,0.0,0.0,0.0,0.0,0.0,1.0,0.0,0.0
1313,0,0.013363901470801466,0.1014222829730929,0.4142,0.6,0.0,0.0,0.0,0.0,0.0,1.0,0.0,0.0
1314,0,0.011991279621694762,0.1014222829730929,0.0894,-1.6,0.0,0.0,0.0,0.0,0.0,1.0,0.0,0.0
1315,1,0.012947955455920647,0.1014222829730929,0.1226,-0.9,0.0,0.0,0.0,0.0,0.0,1.0,0.0,0.0
1316,0,0.012783680147796368,0.1014222829730929,0.16519999999999999,1.5,0.0,0.0,0.0,0.0,0.0,1.0,0.0,0.0
1317,1,0.014338687314102217,0.1014222829730929,0.2632,-1.4,0.0,0.0,0.0,0.0,0.0,1.0,0.0,0.0
1318,0,0.01402357315619953,0.1014222829730929,0.3148,-0.8,0.0,0.0,0.0,0.0,0.0,1.0,0.0,0.0
1319,0,0.013530046199217344,0.1014222829730929,0.3456,-0.6,0.0,0.0,0.0,0.0,0.0,1.0,0.0,0.0
1320,1,0.014347683899255538,0.1014222829730929,0.1352,-0.5,0.0,0.0,0.0,0.0,0.0,1.0,0.0,0.0
1321,1,0.018155342516938407,0.1014222829730929,0.327,0.5,0.0,0.0,0.0,0.0,0.0,1.0,0.0,0.0
1322,1,0.01895825853218026,0.1014222829730929,0.41659999999999997,2.2,0.0,0.0,0.0,0.0,0.0,1.0,0.0,0.0
1323,0,0.018332820605872106,0.1014222829730929,0.4192,-0.7,0.0,0.0,0.0,0.0,0.0,1.0,0.0,0.0
1324,0,0.015540490884064045,0.1014222829730929,0.46740000000000004,-1.1,0.0,0.0,0.0,0.0,0.0,1.0,0.0,0.0
1325,1,0.017166536021450664,0.1014222829730929,0.43560000000000004,0.6,0.0,0.0,0.0,0.0,0.0,1.0,0.0,0.0
1326,0,0.007162567008494061,0.1014222829730929,0.5197999999999999,0.1,0.0,0.0,0.0,0.0,0.0,1.0,0.0,0.0
1327,1,0.015051170122737958,0.1014222829730929,0.2394,-1.2,0.0,0.0,0.0,0.0,0.0,1.0,0.0,0.0
1328,1,0.018138284056777566,0.1014222829730929,0.1716,-1.2,0.0,0.0,0.0,0.0,0.0,1.0,0.0,0.0
1329,1,0.02113940465740361,0.1014222829730929,0.36060000000000003,-0.8,0.0,0.0,0.0,0.0,0.0,1.0,0.0,0.0
1330,0,0.016580005404961417,0.1014222829730929,0.5506,1.2,0.0,0.0,0.0,0.0,0.0,1.0,0.0,0.0
1331,0,0.013094237593738284,0.1014222829730929,0.1476,-1.1,0.0,0.0,0.0,0.0,0.0,1.0,0.0,0.0
1332,1,0.003291932294737944,0.10090844603637375,0.135,0.3,0.0,0.0,0.0,0.0,1.0,0.0,0.0,0.0
1333,1,0.0034949980739129058,0.10090844603637375,0.111,0.6,0.0,0.0,0.0,0.0,1.0,0.0,0.0,0.0
1334,1,0.003752510719080694,0.10090844603637375,0.3212,-0.9,0.0,0.0,0.0,0.0,1.0,0.0,0.0,0.0
1335,0,0.002532597140043999,0.10090844603637375,0.2266,0.6,0.0,0.0,0.0,0.0,1.0,0.0,0.0,0.0
1336,1,0.005260782378096563,0.10090844603637375,0.17739999999999997,-1.6,0.0,0.0,0.0,0.0,1.0,0.0,0.0,0.0
1337,0,0.004860375919389663,0.10090844603637375,0.1728,-0.9,0.0,0.0,0.0,0.0,1.0,0.0,0.0,0.0
1338,0,0.0031388735083632607,0.10090844603637375,0.115,1.5,0.0,0.0,0.0,0.0,1.0,0.0,0.0,0.0
1339,0,0.002891993191103943,0.10090844603637375,0.3886,-1.4,0.0,0.0,0.0,0.0,1.0,0.0,0.0,0.0
1340,1,0.004288800665233211,0.10090844603637375,0.5436,-0.8,0.0,0.0,0.0,0.0,1.0,0.0,0.0,0.0
1341,0,0.0037998304202117982,0.10090844603637375,0.1602,-0.6,0.0,0.0,0.0,0.0,1.0,0.0,0.0,0.0
1342,1,0.004850678301626991,0.10090844603637375,0.151,-0.5,0.0,0.0,0.0,0.0,1.0,0.0,0.0,0.0
1343,1,0.0055926044798554194,0.10090844603637375,0.3448,0.5,0.0,0.0,0.0,0.0,1.0,0.0,0.0,0.0
1344,1,0.006841610912180126,0.10090844603637375,0.4218,2.2,0.0,0.0,0.0,0.0,1.0,0.0,0.0,0.0
1345,1,0.00985663532622494,0.10090844603637375,0.3332,-0.7,0.0,0.0,0.0,0.0,1.0,0.0,0.0,0.0
1346,0,0.00963779631333961,0.10090844603637375,0.18280000000000002,-1.1,0.0,0.0,0.0,0.0,1.0,0.0,0.0,0.0
1347,1,0.01749461928262632,0.10090844603637375,0.27,0.6,0.0,0.0,0.0,0.0,1.0,0.0,0.0,0.0
1348,0,0.01143384185849353,0.10090844603637375,0.24359999999999998,0.1,0.0,0.0,0.0,0.0,1.0,0.0,0.0,0.0
1349,1,0.015054908963321156,0.10090844603637375,0.1524,-1.2,0.0,0.0,0.0,0.0,1.0,0.0,0.0,0.0
1350,1,0.022929841941682735,0.10090844603637375,0.2242,-1.2,0.0,0.0,0.0,0.0,1.0,0.0,0.0,0.0
1351,0,0.0187467803616931,0.10090844603637375,0.46020000000000005,-0.8,0.0,0.0,0.0,0.0,1.0,0.0,0.0,0.0
1352,1,0.020907830218781762,0.10090844603637375,0.4988,1.2,0.0,0.0,0.0,0.0,1.0,0.0,0.0,0.0
1353,0,0.01969317438431519,0.10090844603637375,0.32380000000000003,-1.1,0.0,0.0,0.0,0.0,1.0,0.0,0.0,0.0
1354,1,0.03600959152816112,0.0015117701049375755,0.299,-0.7,1.0,0.0,0.0,0.0,0.0,0.0,0.0,0.0
1355,0,0.016778514472175605,0.0015117701049375755,0.3496,-1.1,1.0,0.0,0.0,0.0,0.0,0.0,0.0,0.0
1356,1,0.03236258621678756,0.0015117701049375755,0.3968,0.6,1.0,0.0,0.0,0.0,0.0,0.0,0.0,0.0
1357,1,0.039698074602254545,0.0015117701049375755,0.4376,0.1,1.0,0.0,0.0,0.0,0.0,0.0,0.0,0.0
1358,0,0.036523214753278,0.0015117701049375755,0.547,-1.2,1.0,0.0,0.0,0.0,0.0,0.0,0.0,0.0
1359,0,0.029010248278877316,0.0015117701049375755,0.2064,-1.2,1.0,0.0,0.0,0.0,0.0,0.0,0.0,0.0
1360,1,0.03269008528412209,0.0015117701049375755,0.6038,-0.8,1.0,0.0,0.0,0.0,0.0,0.0,0.0,0.0
1361,0,0.024622718854494022,0.0015117701049375755,0.5454,1.2,1.0,0.0,0.0,0.0,0.0,0.0,0.0,0.0
1362,0,0.02216676794640559,0.0015117701049375755,0.1524,-1.1,1.0,0.0,0.0,0.0,0.0,0.0,0.0,0.0
1363,0,0.004285295502186462,0.20276299985365215,0.12240000000000001,0.6,0.0,0.0,0.0,0.0,0.0,0.0,1.0,0.0
1364,1,0.005203881897971013,0.20276299985365215,0.1376,0.0,0.0,0.0,0.0,0.0,0.0,0.0,1.0,0.0
1365,0,0.004548065891924373,0.20276299985365215,0.15839999999999999,0.1,0.0,0.0,0.0,0.0,0.0,0.0,1.0,0.0
1366,1,0.004600059143784476,0.20276299985365215,0.3452,2.5,0.0,0.0,0.0,0.0,0.0,0.0,1.0,0.0
1367,0,0.004383089551190745,0.20276299985365215,0.2488,-0.5,0.0,0.0,0.0,0.0,0.0,0.0,1.0,0.0
1368,1,0.005212878483124334,0.20276299985365215,0.207,-0.8,0.0,0.0,0.0,0.0,0.0,0.0,1.0,0.0
1369,1,0.005235311526623525,0.20276299985365215,0.2116,-0.3,0.0,0.0,0.0,0.0,0.0,0.0,1.0,0.0
1370,1,0.005295132975954698,0.20276299985365215,0.198,1.6,0.0,0.0,0.0,0.0,0.0,0.0,1.0,0.0
1371,1,0.005677779941891407,0.20276299985365215,0.0864,0.7,0.0,0.0,0.0,0.0,0.0,0.0,1.0,0.0
1372,0,0.005214747903415934,0.20276299985365215,0.2018,-1.7,0.0,0.0,0.0,0.0,0.0,0.0,1.0,0.0
1373,1,0.005294665620881799,0.20276299985365215,0.1378,0.2,0.0,0.0,0.0,0.0,0.0,0.0,1.0,0.0
1374,1,0.005504391209845583,0.20276299985365215,0.0834,0.6,0.0,0.0,0.0,0.0,0.0,0.0,1.0,0.0
1375,1,0.005585944670066597,0.20276299985365215,0.2144,2.3,0.0,0.0,0.0,0.0,0.0,0.0,1.0,0.0
1376,0,0.005071970928645046,0.20276299985365215,0.1864,0.5,0.0,0.0,0.0,0.0,0.0,0.0,1.0,0.0
1377,0,0.004617117603945318,0.20276299985365215,0.0834,0.3,0.0,0.0,0.0,0.0,0.0,0.0,1.0,0.0
1378,1,0.004800904986363163,0.20276299985365215,0.107,1.3,0.0,0.0,0.0,0.0,0.0,0.0,1.0,0.0
1379,0,0.004720286236287948,0.20276299985365215,0.1882,-0.9,0.0,0.0,0.0,0.0,0.0,0.0,1.0,0.0
1380,0,0.0039563943696332305,0.20276299985365215,0.1804,-0.2,0.0,0.0,0.0,0.0,0.0,0.0,1.0,0.0
1381,0,0.0035252593148831675,0.20276299985365215,0.19940000000000002,2.2,0.0,0.0,0.0,0.0,0.0,0.0,1.0,0.0
1382,1,0.004426553572970426,0.20276299985365215,0.1524,-1.5,0.0,0.0,0.0,0.0,0.0,0.0,1.0,0.0
1383,0,0.00433787294788769,0.20276299985365215,0.195,-1.7,0.0,0.0,0.0,0.0,0.0,0.0,1.0,0.0
1384,0,0.0038227308187838882,0.20276299985365215,0.1244,-0.6,0.0,0.0,0.0,0.0,0.0,0.0,1.0,0.0
1385,1,0.004315323065620274,0.20276299985365215,0.265,-0.1,0.0,0.0,0.0,0.0,0.0,0.0,1.0,0.0
1386,1,0.004477962630989403,0.20276299985365215,0.491,0.9,0.0,0.0,0.0,0.0,0.0,0.0,1.0,0.0
1387,0,0.003952538690281807,0.20276299985365215,0.057999999999999996,0.3,0.0,0.0,0.0,0.0,0.0,0.0,1.0,0.0
1388,1,0.004180724804625132,0.20276299985365215,0.1444,0.6,0.0,0.0,0.0,0.0,0.0,0.0,1.0,0.0
1389,0,0.003984903029080118,0.20276299985365215,0.0706,-0.9,0.0,0.0,0.0,0.0,0.0,0.0,1.0,0.0
1390,1,0.004008387621493333,0.20276299985365215,0.2086,0.6,0.0,0.0,0.0,0.0,0.0,0.0,1.0,0.0
1391,0,0.003820744559724064,0.20276299985365215,0.099,-1.6,0.0,0.0,0.0,0.0,0.0,0.0,1.0,0.0
1392,1,0.0040335079566616965,0.20276299985365215,0.0766,-0.9,0.0,0.0,0.0,0.0,0.0,0.0,1.0,0.0
1393,0,0.00395662804716968,0.20276299985365215,0.0724,1.5,0.0,0.0,0.0,0.0,0.0,0.0,1.0,0.0
1394,1,0.0051260672783331965,0.20276299985365215,0.1866,-1.4,0.0,0.0,0.0,0.0,0.0,0.0,1.0,0.0
1395,1,0.0053241089904744856,0.20276299985365215,0.5770000000000001,-0.8,0.0,0.0,0.0,0.0,0.0,0.0,1.0,0.0
1396,0,0.003783940347733205,0.20276299985365215,0.1202,-0.6,0.0,0.0,0.0,0.0,0.0,0.0,1.0,0.0
1397,1,0.004469783917213657,0.20276299985365215,0.35200000000000004,-0.5,0.0,0.0,0.0,0.0,0.0,0.0,1.0,0.0
1398,0,0.00353191912467199,0.20276299985365215,0.3858,0.5,0.0,0.0,0.0,0.0,0.0,0.0,1.0,0.0
1399,1,0.004640251680053858,0.20276299985365215,0.3322,2.2,0.0,0.0,0.0,0.0,0.0,0.0,1.0,0.0
1400,1,0.004749495928344186,0.20276299985365215,0.45439999999999997,-0.7,0.0,0.0,0.0,0.0,0.0,0.0,1.0,0.0
1401,0,0.004571784161874037,0.20276299985365215,0.4104,-1.1,0.0,0.0,0.0,0.0,0.0,0.0,1.0,0.0
1402,1,0.005121510566372424,0.20276299985365215,0.11,0.6,0.0,0.0,0.0,0.0,0.0,0.0,1.0,0.0
1403,0,0.004287398600014512,0.20276299985365215,0.40659999999999996,0.1,0.0,0.0,0.0,0.0,0.0,0.0,1.0,0.0
1404,1,0.006886944354251407,0.20276299985365215,0.5376,-1.2,0.0,0.0,0.0,0.0,0.0,0.0,1.0,0.0
1405,0,0.0058049005217201514,0.20276299985365215,0.132,-1.2,0.0,0.0,0.0,0.0,0.0,0.0,1.0,0.0
1406,1,0.00592477709791895,0.20276299985365215,0.13019999999999998,-0.8,0.0,0.0,0.0,0.0,0.0,0.0,1.0,0.0
1407,0,0.005459408284078977,0.20276299985365215,0.41259999999999997,1.2,0.0,0.0,0.0,0.0,0.0,0.0,1.0,0.0
1408,0,0.004332732042085792,0.20276299985365215,0.5256000000000001,-1.1,0.0,0.0,0.0,0.0,0.0,0.0,1.0,0.0
1409,1,0.0037342838712376017,0.005991721483301476,0.4374,1.2,0.0,0.0,0.0,1.0,0.0,0.0,0.0,0.0
1410,0,0.002613332728887439,0.005991721483301476,0.1974,-1.1,0.0,0.0,0.0,1.0,0.0,0.0,0.0,0.0
1411,1,0.002779827973607992,0.00047349558409419965,0.36060000000000003,-0.8,0.0,0.0,0.0,0.0,0.0,1.0,0.0,0.0
1412,0,0.0027314567235628626,0.00047349558409419965,0.5506,1.2,0.0,0.0,0.0,0.0,0.0,1.0,0.0,0.0
1413,0,0.0027113604554281716,0.00047349558409419965,0.1476,-1.1,0.0,0.0,0.0,0.0,0.0,1.0,0.0,0.0
1414,1,0.005321889053878212,0.004275299990960003,0.6265999999999999,-0.5,0.0,0.0,0.0,0.0,0.0,0.0,0.0,1.0
1415,1,0.006585266654694588,0.004275299990960003,0.6437999999999999,0.5,0.0,0.0,0.0,0.0,0.0,0.0,0.0,1.0
1416,1,0.007527337642892353,0.004275299990960003,0.33020000000000005,2.2,0.0,0.0,0.0,0.0,0.0,0.0,0.0,1.0
1417,0,0.00711863563164148,0.004275299990960003,0.5094,-0.7,0.0,0.0,0.0,0.0,0.0,0.0,0.0,1.0
1418,0,0.006759356419349762,0.004275299990960003,0.252,-1.1,0.0,0.0,0.0,0.0,0.0,0.0,0.0,1.0
1419,0,0.00588914127361034,0.004275299990960003,0.15539999999999998,0.6,0.0,0.0,0.0,0.0,0.0,0.0,0.0,1.0
1420,0,0.0011132397836473161,0.004275299990960003,0.42200000000000004,0.1,0.0,0.0,0.0,0.0,0.0,0.0,0.0,1.0
1421,1,0.002224376469466583,0.004275299990960003,0.7173999999999999,-1.2,0.0,0.0,0.0,0.0,0.0,0.0,0.0,1.0
1422,1,0.004364979542115878,0.004275299990960003,0.4266,-1.2,0.0,0.0,0.0,0.0,0.0,0.0,0.0,1.0
1423,1,0.004659880593115649,0.004275299990960003,0.1744,-0.8,0.0,0.0,0.0,0.0,0.0,0.0,0.0,1.0
1424,0,0.004079191915037652,0.004275299990960003,0.332,1.2,0.0,0.0,0.0,0.0,0.0,0.0,0.0,1.0
1425,0,0.0039361812627303145,0.004275299990960003,0.501,-1.1,0.0,0.0,0.0,0.0,0.0,0.0,0.0,1.0
1426,1,0.004564189641939416,0.005616870812560236,0.10619999999999999,0.6,1.0,0.0,0.0,0.0,0.0,0.0,0.0,0.0
1427,1,0.00463557812932486,0.005616870812560236,0.068,0.0,1.0,0.0,0.0,0.0,0.0,0.0,0.0,0.0
1428,0,0.00444010687008452,0.005616870812560236,0.06480000000000001,0.1,1.0,0.0,0.0,0.0,0.0,0.0,0.0,0.0
1429,1,0.004519557232477486,0.005616870812560236,0.065,2.5,1.0,0.0,0.0,0.0,0.0,0.0,0.0,0.0
1430,0,0.0031639938435316247,0.005616870812560236,0.0318,-0.5,1.0,0.0,0.0,0.0,0.0,0.0,0.0,0.0
1431,1,0.0037248199310113807,0.005616870812560236,0.1192,-0.8,1.0,0.0,0.0,0.0,0.0,0.0,0.0,0.0
1432,1,0.00414146697850155,0.005616870812560236,0.0622,-0.3,1.0,0.0,0.0,0.0,0.0,0.0,0.0,0.0
1433,1,0.004232718056485235,0.005616870812560236,0.053,1.6,1.0,0.0,0.0,0.0,0.0,0.0,0.0,0.0
1434,0,0.0038526415434494755,0.005616870812560236,0.0602,0.7,1.0,0.0,0.0,0.0,0.0,0.0,0.0,0.0
1435,1,0.005243840756703946,0.005616870812560236,0.1298,-1.7,1.0,0.0,0.0,0.0,0.0,0.0,0.0,0.0
1436,0,0.004200937911528049,0.005616870812560236,0.3194,0.2,1.0,0.0,0.0,0.0,0.0,0.0,0.0,0.0
1437,1,0.004649014587670729,0.005616870812560236,0.2724,0.6,1.0,0.0,0.0,0.0,0.0,0.0,0.0,0.0
1438,0,0.004179673255711109,0.005616870812560236,0.1628,2.3,1.0,0.0,0.0,0.0,0.0,0.0,0.0,0.0
1439,0,0.003911995637707749,0.005616870812560236,0.021,0.5,1.0,0.0,0.0,0.0,0.0,0.0,0.0,0.0
1440,1,0.004037947829854244,0.005616870812560236,0.1168,0.3,1.0,0.0,0.0,0.0,0.0,0.0,0.0,0.0
1441,1,0.004062834487486159,0.005616870812560236,0.064,1.3,1.0,0.0,0.0,0.0,0.0,0.0,0.0,0.0
1442,1,0.004381220130899146,0.005616870812560236,0.31079999999999997,-0.9,1.0,0.0,0.0,0.0,0.0,0.0,0.0,0.0
1443,0,0.004132470393348229,0.005616870812560236,0.059000000000000004,-0.2,1.0,0.0,0.0,0.0,0.0,0.0,0.0,0.0
1444,1,0.004241597802870332,0.005616870812560236,0.4708,2.2,1.0,0.0,0.0,0.0,0.0,0.0,0.0,0.0
1445,0,0.0033919462803385005,0.005616870812560236,0.365,-1.5,1.0,0.0,0.0,0.0,0.0,0.0,0.0,0.0
1446,1,0.00432653958736987,0.005616870812560236,0.1158,-1.7,1.0,0.0,0.0,0.0,0.0,0.0,0.0,0.0
1447,1,0.004387295746846843,0.005616870812560236,0.21960000000000002,-0.6,1.0,0.0,0.0,0.0,0.0,0.0,0.0,0.0
1448,0,0.004000442585254036,0.005616870812560236,0.155,-0.1,1.0,0.0,0.0,0.0,0.0,0.0,0.0,0.0
1449,0,0.003611135809528505,0.005616870812560236,0.3132,0.9,1.0,0.0,0.0,0.0,0.0,0.0,0.0,0.0
1450,0,0.0035898711537115644,0.005616870812560236,0.2168,0.3,1.0,0.0,0.0,0.0,0.0,0.0,0.0,0.0
1451,0,0.003147986932284807,0.005616870812560236,0.2868,0.6,1.0,0.0,0.0,0.0,0.0,0.0,0.0,0.0
1452,0,0.0030212168687607367,0.005616870812560236,0.637,-0.9,1.0,0.0,0.0,0.0,0.0,0.0,0.0,0.0
1453,1,0.0033989566064319974,0.005616870812560236,0.10679999999999999,0.6,1.0,0.0,0.0,0.0,0.0,0.0,0.0,0.0
1454,1,0.0034840152296997605,0.005616870812560236,0.2352,-1.6,1.0,0.0,0.0,0.0,0.0,0.0,0.0,0.0
1455,1,0.004037714152317795,0.005616870812560236,0.1592,-0.9,1.0,0.0,0.0,0.0,0.0,0.0,0.0,0.0
1456,0,0.0036151083276481535,0.005616870812560236,0.33880000000000005,1.5,1.0,0.0,0.0,0.0,0.0,0.0,0.0,0.0
1457,1,0.0038200435271147147,0.005616870812560236,0.6314,-1.4,1.0,0.0,0.0,0.0,0.0,0.0,0.0,0.0
1458,1,0.003933143454756465,0.005616870812560236,0.47479999999999994,-0.8,1.0,0.0,0.0,0.0,0.0,0.0,0.0,0.0
1459,1,0.004420828473327403,0.005616870812560236,0.1646,-0.6,1.0,0.0,0.0,0.0,0.0,0.0,0.0,0.0
1460,0,0.004414752857379706,0.005616870812560236,0.1074,-0.5,1.0,0.0,0.0,0.0,0.0,0.0,0.0,0.0
1461,1,0.004584986942683457,0.005616870812560236,0.18,0.5,1.0,0.0,0.0,0.0,0.0,0.0,0.0,0.0
1462,1,0.004951276481068673,0.005616870812560236,0.3778,2.2,1.0,0.0,0.0,0.0,0.0,0.0,0.0,0.0
1463,0,0.004387996779456193,0.005616870812560236,0.299,-0.7,1.0,0.0,0.0,0.0,0.0,0.0,0.0,0.0
1464,0,0.004114827739346261,0.005616870812560236,0.3496,-1.1,1.0,0.0,0.0,0.0,0.0,0.0,0.0,0.0
1465,0,0.003710682440056162,0.005616870812560236,0.3968,0.6,1.0,0.0,0.0,0.0,0.0,0.0,0.0,0.0
1466,0,0.0015523198746366753,0.005616870812560236,0.4376,0.1,1.0,0.0,0.0,0.0,0.0,0.0,0.0,0.0
1467,1,0.0030445846224057267,0.005616870812560236,0.547,-1.2,1.0,0.0,0.0,0.0,0.0,0.0,0.0,0.0
1468,0,0.0029809074937231293,0.005616870812560236,0.2064,-1.2,1.0,0.0,0.0,0.0,0.0,0.0,0.0,0.0
1469,1,0.003567905465285274,0.005616870812560236,0.6038,-0.8,1.0,0.0,0.0,0.0,0.0,0.0,0.0,0.0
1470,0,0.00311784253008277,0.005616870812560236,0.5454,1.2,1.0,0.0,0.0,0.0,0.0,0.0,0.0,0.0
1471,1,0.00332417979476803,0.005616870812560236,0.1524,-1.1,1.0,0.0,0.0,0.0,0.0,0.0,0.0,0.0
1472,0,0.04140029861652383,0.0002656051099831891,0.10619999999999999,0.6,1.0,0.0,0.0,0.0,0.0,0.0,0.0,0.0
1473,1,0.048869216875303705,0.0002656051099831891,0.068,0.0,1.0,0.0,0.0,0.0,0.0,0.0,0.0,0.0
1474,0,0.04690842866695261,0.0002656051099831891,0.06480000000000001,0.1,1.0,0.0,0.0,0.0,0.0,0.0,0.0,0.0
1475,1,0.06611882526096231,0.0002656051099831891,0.065,2.5,1.0,0.0,0.0,0.0,0.0,0.0,0.0,0.0
1476,1,0.0921285371330547,0.0002656051099831891,0.0318,-0.5,1.0,0.0,0.0,0.0,0.0,0.0,0.0,0.0
1477,0,0.07827998845165615,0.0002656051099831891,0.1192,-0.8,1.0,0.0,0.0,0.0,0.0,0.0,0.0,0.0
1478,1,0.0787330891948325,0.0002656051099831891,0.0622,-0.3,1.0,0.0,0.0,0.0,0.0,0.0,0.0,0.0
1479,1,0.1021859014630901,0.0002656051099831891,0.053,1.6,1.0,0.0,0.0,0.0,0.0,0.0,0.0,0.0
1480,0,0.08677299851392771,0.0002656051099831891,0.0602,0.7,1.0,0.0,0.0,0.0,0.0,0.0,0.0,0.0
1481,0,0.08100104652484699,0.0002656051099831891,0.1298,-1.7,1.0,0.0,0.0,0.0,0.0,0.0,0.0,0.0
1482,0,0.07213952698759395,0.0002656051099831891,0.3194,0.2,1.0,0.0,0.0,0.0,0.0,0.0,0.0,0.0
1483,1,0.09194533394447799,0.0002656051099831891,0.2724,0.6,1.0,0.0,0.0,0.0,0.0,0.0,0.0,0.0
1484,1,0.12610291415750544,0.0002656051099831891,0.1628,2.3,1.0,0.0,0.0,0.0,0.0,0.0,0.0,0.0
1485,0,0.06338444756819382,0.0002656051099831891,0.021,0.5,1.0,0.0,0.0,0.0,0.0,0.0,0.0,0.0
1486,1,0.07283530185237351,0.0002656051099831891,0.1168,0.3,1.0,0.0,0.0,0.0,0.0,0.0,0.0,0.0
1487,1,0.08099473723136284,0.0002656051099831891,0.064,1.3,1.0,0.0,0.0,0.0,0.0,0.0,0.0,0.0
1488,0,0.07019416149664853,0.0002656051099831891,0.31079999999999997,-0.9,1.0,0.0,0.0,0.0,0.0,0.0,0.0,0.0
1489,1,0.08045330637940842,0.0002656051099831891,0.059000000000000004,-0.2,1.0,0.0,0.0,0.0,0.0,0.0,0.0,0.0
1490,1,0.0937296956128094,0.0002656051099831891,0.4708,2.2,1.0,0.0,0.0,0.0,0.0,0.0,0.0,0.0
1491,0,0.08913267427699878,0.0002656051099831891,0.365,-1.5,1.0,0.0,0.0,0.0,0.0,0.0,0.0,0.0
1492,1,0.09304081423535511,0.0002656051099831891,0.1158,-1.7,1.0,0.0,0.0,0.0,0.0,0.0,0.0,0.0
1493,0,0.08748267719212605,0.0002656051099831891,0.21960000000000002,-0.6,1.0,0.0,0.0,0.0,0.0,0.0,0.0,0.0
1494,1,0.08872759426756288,0.0002656051099831891,0.155,-0.1,1.0,0.0,0.0,0.0,0.0,0.0,0.0,0.0
1495,0,0.07584378329539773,0.0002656051099831891,0.3132,0.9,1.0,0.0,0.0,0.0,0.0,0.0,0.0,0.0
1496,1,0.09146033621757622,0.0002656051099831891,0.2168,0.3,1.0,0.0,0.0,0.0,0.0,0.0,0.0,0.0
1497,0,0.07900824449400226,0.0002656051099831891,0.2868,0.6,1.0,0.0,0.0,0.0,0.0,0.0,0.0,0.0
1498,1,0.08902471525515893,0.0002656051099831891,0.637,-0.9,1.0,0.0,0.0,0.0,0.0,0.0,0.0,0.0
1499,1,0.09855583777310915,0.0002656051099831891,0.10679999999999999,0.6,1.0,0.0,0.0,0.0,0.0,0.0,0.0,0.0
1500,1,0.10012322984884685,0.0002656051099831891,0.2352,-1.6,1.0,0.0,0.0,0.0,0.0,0.0,0.0,0.0
1501,0,0.08448471123824208,0.0002656051099831891,0.1592,-0.9,1.0,0.0,0.0,0.0,0.0,0.0,0.0,0.0
1502,1,0.0942311676060309,0.0002656051099831891,0.33880000000000005,1.5,1.0,0.0,0.0,0.0,0.0,0.0,0.0,0.0
1503,0,0.08611870141186799,0.0002656051099831891,0.6314,-1.4,1.0,0.0,0.0,0.0,0.0,0.0,0.0,0.0
1504,1,0.08833454865125415,0.0002656051099831891,0.47479999999999994,-0.8,1.0,0.0,0.0,0.0,0.0,0.0,0.0,0.0
1505,0,0.04981163837980615,0.0002656051099831891,0.1646,-0.6,1.0,0.0,0.0,0.0,0.0,0.0,0.0,0.0
1506,0,0.047174587380969045,0.0002656051099831891,0.1074,-0.5,1.0,0.0,0.0,0.0,0.0,0.0,0.0,0.0
1507,0,0.030936569050602054,0.0002656051099831891,0.18,0.5,1.0,0.0,0.0,0.0,0.0,0.0,0.0,0.0
1508,1,0.04346273655323063,0.0002656051099831891,0.3778,2.2,1.0,0.0,0.0,0.0,0.0,0.0,0.0,0.0
1509,1,0.043654468971887773,0.0002656051099831891,0.299,-0.7,1.0,0.0,0.0,0.0,0.0,0.0,0.0,0.0
1510,0,0.03510712888239161,0.0002656051099831891,0.3496,-1.1,1.0,0.0,0.0,0.0,0.0,0.0,0.0,0.0
1511,1,0.03963615005509532,0.0002656051099831891,0.3968,0.6,1.0,0.0,0.0,0.0,0.0,0.0,0.0,0.0
1512,0,0.014669574705715274,0.0002656051099831891,0.4376,0.1,1.0,0.0,0.0,0.0,0.0,0.0,0.0,0.0
1513,1,0.021148751758861606,0.0002656051099831891,0.547,-1.2,1.0,0.0,0.0,0.0,0.0,0.0,0.0,0.0
1514,1,0.04589847435441615,0.0002656051099831891,0.2064,-1.2,1.0,0.0,0.0,0.0,0.0,0.0,0.0,0.0
1515,1,0.06364756847423642,0.0002656051099831891,0.6038,-0.8,1.0,0.0,0.0,0.0,0.0,0.0,0.0,0.0
1516,0,0.05711441191017015,0.0002656051099831891,0.5454,1.2,1.0,0.0,0.0,0.0,0.0,0.0,0.0,0.0
1517,1,0.06657928684653683,0.0002656051099831891,0.1524,-1.1,1.0,0.0,0.0,0.0,0.0,0.0,0.0,0.0
1518,1,0.02396643549337448,0.0291600253119903,0.052199999999999996,-0.5,0.0,0.0,0.0,0.0,1.0,0.0,0.0,0.0
1519,1,0.02478909726044635,0.0291600253119903,0.18960000000000002,-0.8,0.0,0.0,0.0,0.0,1.0,0.0,0.0,0.0
1520,1,0.029257595951209532,0.0291600253119903,0.1454,-0.3,0.0,0.0,0.0,0.0,1.0,0.0,0.0,0.0
1521,1,0.030058525707391558,0.0291600253119903,0.1562,1.6,0.0,0.0,0.0,0.0,1.0,0.0,0.0,0.0
1522,1,0.03014825788138832,0.0291600253119903,0.1286,0.7,0.0,0.0,0.0,0.0,1.0,0.0,0.0,0.0
1523,1,0.03156235749321488,0.0291600253119903,0.2228,-1.7,0.0,0.0,0.0,0.0,1.0,0.0,0.0,0.0
1524,1,0.03662229402873276,0.0291600253119903,0.0902,0.2,0.0,0.0,0.0,0.0,1.0,0.0,0.0,0.0
1525,0,0.03394388210594402,0.0291600253119903,0.2052,0.6,0.0,0.0,0.0,0.0,1.0,0.0,0.0,0.0
1526,1,0.11105478184274133,0.0291600253119903,0.22399999999999998,2.3,0.0,0.0,0.0,0.0,1.0,0.0,0.0,0.0
1527,1,0.1437752452066019,0.0291600253119903,0.2568,0.5,0.0,0.0,0.0,0.0,1.0,0.0,0.0,0.0
1528,1,0.17578602989226413,0.0291600253119903,0.0712,0.3,0.0,0.0,0.0,0.0,1.0,0.0,0.0,0.0
1529,0,0.1270230194572769,0.0291600253119903,0.10859999999999999,1.3,0.0,0.0,0.0,0.0,1.0,0.0,0.0,0.0
1530,1,0.14487656743589028,0.0291600253119903,0.14300000000000002,-0.9,0.0,0.0,0.0,0.0,1.0,0.0,0.0,0.0
1531,1,0.15527381574269206,0.0291600253119903,0.1998,-0.2,0.0,0.0,0.0,0.0,1.0,0.0,0.0,0.0
1532,0,0.1307314819607368,0.0291600253119903,0.3478,2.2,0.0,0.0,0.0,0.0,1.0,0.0,0.0,0.0
1533,1,0.14303144960808187,0.0291600253119903,0.24739999999999998,-1.5,0.0,0.0,0.0,0.0,1.0,0.0,0.0,0.0
1534,1,0.16286085799614736,0.0291600253119903,0.15560000000000002,-1.7,0.0,0.0,0.0,0.0,1.0,0.0,0.0,0.0
1535,0,0.16007869324717486,0.0291600253119903,0.13140000000000002,-0.6,0.0,0.0,0.0,0.0,1.0,0.0,0.0,0.0
1536,1,0.1730921952520697,0.0291600253119903,0.081,-0.1,0.0,0.0,0.0,0.0,1.0,0.0,0.0,0.0
1537,0,0.15543365117762378,0.0291600253119903,0.0848,0.9,0.0,0.0,0.0,0.0,1.0,0.0,0.0,0.0
1538,0,0.12880831583575414,0.0291600253119903,0.135,0.3,0.0,0.0,0.0,0.0,1.0,0.0,0.0,0.0
1539,1,0.13309489656439108,0.0291600253119903,0.111,0.6,0.0,0.0,0.0,0.0,1.0,0.0,0.0,0.0
1540,1,0.13714195781816688,0.0291600253119903,0.3212,-0.9,0.0,0.0,0.0,0.0,1.0,0.0,0.0,0.0
1541,1,0.14119941772231467,0.0291600253119903,0.2266,0.6,0.0,0.0,0.0,0.0,1.0,0.0,0.0,0.0
1542,1,0.15226568481597252,0.0291600253119903,0.17739999999999997,-1.6,0.0,0.0,0.0,0.0,1.0,0.0,0.0,0.0
1543,1,0.18316428126690146,0.0291600253119903,0.1728,-0.9,0.0,0.0,0.0,0.0,1.0,0.0,0.0,0.0
1544,0,0.15243837251540898,0.0291600253119903,0.115,1.5,0.0,0.0,0.0,0.0,1.0,0.0,0.0,0.0
1545,0,0.06636687396590388,0.0291600253119903,0.3886,-1.4,0.0,0.0,0.0,0.0,1.0,0.0,0.0,0.0
1546,1,0.07183364309238102,0.0291600253119903,0.5436,-0.8,0.0,0.0,0.0,0.0,1.0,0.0,0.0,0.0
1547,0,0.060955369576797126,0.0291600253119903,0.1602,-0.6,0.0,0.0,0.0,0.0,1.0,0.0,0.0,0.0
1548,1,0.16302945633869595,0.0291600253119903,0.151,-0.5,0.0,0.0,0.0,0.0,1.0,0.0,0.0,0.0
1549,0,0.1544788447636895,0.0291600253119903,0.3448,0.5,0.0,0.0,0.0,0.0,1.0,0.0,0.0,0.0
1550,1,0.15877348736733396,0.0291600253119903,0.4218,2.2,0.0,0.0,0.0,0.0,1.0,0.0,0.0,0.0
1551,1,0.16139908816688503,0.0291600253119903,0.3332,-0.7,0.0,0.0,0.0,0.0,1.0,0.0,0.0,0.0
1552,0,0.14115338324763405,0.0291600253119903,0.18280000000000002,-1.1,0.0,0.0,0.0,0.0,1.0,0.0,0.0,0.0
1553,1,0.14968459958711516,0.0291600253119903,0.27,0.6,0.0,0.0,0.0,0.0,1.0,0.0,0.0,0.0
1554,0,0.13335427862985047,0.0291600253119903,0.24359999999999998,0.1,0.0,0.0,0.0,0.0,1.0,0.0,0.0,0.0
1555,1,0.15598805113285116,0.0291600253119903,0.1524,-1.2,0.0,0.0,0.0,0.0,1.0,0.0,0.0,0.0
1556,0,0.14475388672925407,0.0291600253119903,0.2242,-1.2,0.0,0.0,0.0,0.0,1.0,0.0,0.0,0.0
1557,0,0.13797828972112106,0.0291600253119903,0.46020000000000005,-0.8,0.0,0.0,0.0,0.0,1.0,0.0,0.0,0.0
1558,1,0.14941072951439588,0.0291600253119903,0.4988,1.2,0.0,0.0,0.0,0.0,1.0,0.0,0.0,0.0
1559,1,0.1813933560569159,0.0291600253119903,0.32380000000000003,-1.1,0.0,0.0,0.0,0.0,1.0,0.0,0.0,0.0
1560,0,0.3608290785522228,0.001468189665605522,0.1656,0.2,0.0,0.0,0.0,0.0,0.0,0.0,0.0,1.0
1561,1,0.5044628320105042,0.001468189665605522,0.0,0.6,0.0,0.0,0.0,0.0,0.0,0.0,0.0,1.0
1562,0,0.41605058557838054,0.001468189665605522,0.1998,2.3,0.0,0.0,0.0,0.0,0.0,0.0,0.0,1.0
1563,1,0.4263826378525128,0.001468189665605522,0.0814,0.5,0.0,0.0,0.0,0.0,0.0,0.0,0.0,1.0
1564,1,0.43626556190158833,0.001468189665605522,0.001,0.3,0.0,0.0,0.0,0.0,0.0,0.0,0.0,1.0
1565,0,0.4243577051604062,0.001468189665605522,0.3274,1.3,0.0,0.0,0.0,0.0,0.0,0.0,0.0,1.0
1566,1,0.42891184666827825,0.001468189665605522,0.6344,-0.9,0.0,0.0,0.0,0.0,0.0,0.0,0.0,1.0
1567,0,0.41252112006784125,0.001468189665605522,0.295,-0.2,0.0,0.0,0.0,0.0,0.0,0.0,0.0,1.0
1568,1,0.4130345096154217,0.001468189665605522,0.4722,2.2,0.0,0.0,0.0,0.0,0.0,0.0,0.0,1.0
1569,1,0.4130618498871863,0.001468189665605522,0.0006,-1.5,0.0,0.0,0.0,0.0,0.0,0.0,0.0,1.0
1570,0,0.4011152026749535,0.001468189665605522,0.045599999999999995,-1.7,0.0,0.0,0.0,0.0,0.0,0.0,0.0,1.0
1571,0,0.38054083030068575,0.001468189665605522,0.0748,-0.6,0.0,0.0,0.0,0.0,0.0,0.0,0.0,1.0
1572,1,0.4157758976342837,0.001468189665605522,0.16879999999999998,-0.1,0.0,0.0,0.0,0.0,0.0,0.0,0.0,1.0
1573,1,0.4655821614307515,0.001468189665605522,0.2738,0.9,0.0,0.0,0.0,0.0,0.0,0.0,0.0,1.0
1574,1,0.47383717092214883,0.001468189665605522,0.1116,0.3,0.0,0.0,0.0,0.0,0.0,0.0,0.0,1.0
1575,0,0.4645574854334187,0.001468189665605522,0.3014,0.6,0.0,0.0,0.0,0.0,0.0,0.0,0.0,1.0
1576,1,0.4655610136137028,0.001468189665605522,0.1636,-0.9,0.0,0.0,0.0,0.0,0.0,0.0,0.0,1.0
1577,1,0.4722648716181457,0.001468189665605522,0.2982,0.6,0.0,0.0,0.0,0.0,0.0,0.0,0.0,1.0
1578,1,0.47742785994723796,0.001468189665605522,0.16760000000000003,-1.6,0.0,0.0,0.0,0.0,0.0,0.0,0.0,1.0
1579,1,0.4851726345377969,0.001468189665605522,0.005600000000000001,-0.9,0.0,0.0,0.0,0.0,0.0,0.0,0.0,1.0
1580,0,0.4826574463742184,0.001468189665605522,0.17579999999999998,1.5,0.0,0.0,0.0,0.0,0.0,0.0,0.0,1.0
1581,1,0.49363176135728326,0.001468189665605522,0.0572,-1.4,0.0,0.0,0.0,0.0,0.0,0.0,0.0,1.0
1582,0,0.4825421265099804,0.001468189665605522,0.37799999999999995,-0.8,0.0,0.0,0.0,0.0,0.0,0.0,0.0,1.0
1583,1,0.4854014048459814,0.001468189665605522,0.3486,-0.6,0.0,0.0,0.0,0.0,0.0,0.0,0.0,1.0
1584,1,0.4973695503915676,0.001468189665605522,0.6265999999999999,-0.5,0.0,0.0,0.0,0.0,0.0,0.0,0.0,1.0
1585,0,0.4875698155454682,0.001468189665605522,0.6437999999999999,0.5,0.0,0.0,0.0,0.0,0.0,0.0,0.0,1.0
1586,1,0.506467084240635,0.001468189665605522,0.33020000000000005,2.2,0.0,0.0,0.0,0.0,0.0,0.0,0.0,1.0
1587,1,0.5250172249554056,0.001468189665605522,0.5094,-0.7,0.0,0.0,0.0,0.0,0.0,0.0,0.0,1.0
1588,0,0.4934734448263384,0.001468189665605522,0.252,-1.1,0.0,0.0,0.0,0.0,0.0,0.0,0.0,1.0
1589,0,0.4692943627747946,0.001468189665605522,0.15539999999999998,0.6,0.0,0.0,0.0,0.0,0.0,0.0,0.0,1.0
1590,0,0.2262116559990924,0.001468189665605522,0.42200000000000004,0.1,0.0,0.0,0.0,0.0,0.0,0.0,0.0,1.0
1591,1,0.3304066000818105,0.001468189665605522,0.7173999999999999,-1.2,0.0,0.0,0.0,0.0,0.0,0.0,0.0,1.0
1592,1,0.3545764518706646,0.001468189665605522,0.4266,-1.2,0.0,0.0,0.0,0.0,0.0,0.0,0.0,1.0
1593,0,0.2067423446946962,0.001468189665605522,0.1744,-0.8,0.0,0.0,0.0,0.0,0.0,0.0,0.0,1.0
1594,1,0.2962019338451884,0.001468189665605522,0.332,1.2,0.0,0.0,0.0,0.0,0.0,0.0,0.0,1.0
1595,1,0.34402976677930314,0.001468189665605522,0.501,-1.1,0.0,0.0,0.0,0.0,0.0,0.0,0.0,1.0
1596,1,0.012087204250407445,0.0631786806846487,0.13140000000000002,0.6,0.0,0.0,1.0,0.0,0.0,0.0,0.0,0.0
1597,0,0.011873155627019339,0.0631786806846487,0.254,0.0,0.0,0.0,1.0,0.0,0.0,0.0,0.0,0.0
1598,1,0.013247763735185866,0.0631786806846487,0.3642,0.1,0.0,0.0,1.0,0.0,0.0,0.0,0.0,0.0
1599,1,0.014317422658285277,0.0631786806846487,0.3654,2.5,0.0,0.0,1.0,0.0,0.0,0.0,0.0,0.0
1600,0,0.011613773561559952,0.0631786806846487,0.46740000000000004,-0.5,0.0,0.0,1.0,0.0,0.0,0.0,0.0,0.0
1601,1,0.012187685591080903,0.0631786806846487,0.37920000000000004,-0.8,0.0,0.0,1.0,0.0,0.0,0.0,0.0,0.0
1602,1,0.01600784595696384,0.0631786806846487,0.0274,-0.3,0.0,0.0,1.0,0.0,0.0,0.0,0.0,0.0
1603,1,0.018490903459280464,0.0631786806846487,0.2726,1.6,0.0,0.0,1.0,0.0,0.0,0.0,0.0,0.0
1604,1,0.028997980208213696,0.0631786806846487,0.1042,0.7,0.0,0.0,1.0,0.0,0.0,0.0,0.0,0.0
1605,1,0.02937314949298401,0.0631786806846487,0.0018,-1.7,0.0,0.0,1.0,0.0,0.0,0.0,0.0,0.0
1606,0,0.028955334057811588,0.0631786806846487,0.1666,0.2,0.0,0.0,1.0,0.0,0.0,0.0,0.0,0.0
1607,1,0.04196474670581856,0.0631786806846487,0.0684,0.6,0.0,0.0,1.0,0.0,0.0,0.0,0.0,0.0
1608,0,0.03522128035894739,0.0631786806846487,0.3826,2.3,0.0,0.0,1.0,0.0,0.0,0.0,0.0,0.0
1609,1,0.03785424200089662,0.0631786806846487,0.1592,0.5,0.0,0.0,1.0,0.0,0.0,0.0,0.0,0.0
1610,0,0.023544881217618864,0.0631786806846487,0.14,0.3,0.0,0.0,1.0,0.0,0.0,0.0,0.0,0.0
1611,1,0.02407334296630031,0.0631786806846487,0.32520000000000004,1.3,0.0,0.0,1.0,0.0,0.0,0.0,0.0,0.0
1612,1,0.026534551618958867,0.0631786806846487,0.493,-0.9,0.0,0.0,1.0,0.0,0.0,0.0,0.0,0.0
1613,0,0.026388152642373004,0.0631786806846487,0.2582,-0.2,0.0,0.0,1.0,0.0,0.0,0.0,0.0,0.0
1614,1,0.029242991105181415,0.0631786806846487,0.4412,2.2,0.0,0.0,1.0,0.0,0.0,0.0,0.0,0.0
1615,1,0.031624866234215225,0.0631786806846487,0.1164,-1.5,0.0,0.0,1.0,0.0,0.0,0.0,0.0,0.0
1616,0,0.03127984135164695,0.0631786806846487,0.0132,-1.7,0.0,0.0,1.0,0.0,0.0,0.0,0.0,0.0
1617,1,0.035176297433180785,0.0631786806846487,0.1902,-0.6,0.0,0.0,1.0,0.0,0.0,0.0,0.0,0.0
1618,0,0.029819006232530414,0.0631786806846487,0.13,-0.1,0.0,0.0,1.0,0.0,0.0,0.0,0.0,0.0
1619,0,0.028759862798571248,0.0631786806846487,0.31420000000000003,0.9,0.0,0.0,1.0,0.0,0.0,0.0,0.0,0.0
1620,1,0.031659684187146264,0.0631786806846487,0.1362,0.3,0.0,0.0,1.0,0.0,0.0,0.0,0.0,0.0
1621,0,0.02883347122255297,0.0631786806846487,0.07780000000000001,0.6,0.0,0.0,1.0,0.0,0.0,0.0,0.0,0.0
1622,1,0.030238340571689757,0.0631786806846487,0.21960000000000002,-0.9,0.0,0.0,1.0,0.0,0.0,0.0,0.0,0.0
1623,1,0.03193075012942814,0.0631786806846487,0.1568,0.6,0.0,0.0,1.0,0.0,0.0,0.0,0.0,0.0
1624,0,0.029851370571328726,0.0631786806846487,0.0292,-1.6,0.0,0.0,1.0,0.0,0.0,0.0,0.0,0.0
1625,1,0.032088832982836504,0.0631786806846487,0.04,-0.9,0.0,0.0,1.0,0.0,0.0,0.0,0.0,0.0
1626,0,0.030771826387404874,0.0631786806846487,0.1528,1.5,0.0,0.0,1.0,0.0,0.0,0.0,0.0,0.0
1627,1,0.03116288574465378,0.0631786806846487,0.1186,-1.4,0.0,0.0,1.0,0.0,0.0,0.0,0.0,0.0
1628,0,0.030511159095495014,0.0631786806846487,0.256,-0.8,0.0,0.0,1.0,0.0,0.0,0.0,0.0,0.0
1629,0,0.02581669422698478,0.0631786806846487,0.0546,-0.6,0.0,0.0,1.0,0.0,0.0,0.0,0.0,0.0
1630,1,0.03142331935902719,0.0631786806846487,0.3104,-0.5,0.0,0.0,1.0,0.0,0.0,0.0,0.0,0.0
1631,0,0.030222450499211163,0.0631786806846487,0.7186,0.5,0.0,0.0,1.0,0.0,0.0,0.0,0.0,0.0
1632,1,0.036935305088807394,0.0631786806846487,0.27940000000000004,2.2,0.0,0.0,1.0,0.0,0.0,0.0,0.0,0.0
1633,0,0.031220370418620455,0.0631786806846487,0.18,-0.7,0.0,0.0,1.0,0.0,0.0,0.0,0.0,0.0
1634,0,0.02979762473794525,0.0631786806846487,0.13720000000000002,-1.1,0.0,0.0,1.0,0.0,0.0,0.0,0.0,0.0
1635,1,0.034176157577175216,0.0631786806846487,0.0654,0.6,0.0,0.0,1.0,0.0,0.0,0.0,0.0,0.0
1636,1,0.049812456251183725,0.0631786806846487,0.22899999999999998,0.1,0.0,0.0,1.0,0.0,0.0,0.0,0.0,0.0
1637,1,0.07455084548622044,0.0631786806846487,0.45380000000000004,-1.2,0.0,0.0,1.0,0.0,0.0,0.0,0.0,0.0
1638,1,0.08182511035713756,0.0631786806846487,0.1818,-1.2,0.0,0.0,1.0,0.0,0.0,0.0,0.0,0.0
1639,0,0.053510870620576266,0.0631786806846487,0.15,-0.8,0.0,0.0,1.0,0.0,0.0,0.0,0.0,0.0
1640,0,0.04742777699171251,0.0631786806846487,0.33899999999999997,1.2,0.0,0.0,1.0,0.0,0.0,0.0,0.0,0.0
1641,1,0.049180007998782076,0.0631786806846487,0.42840000000000006,-1.1,0.0,0.0,1.0,0.0,0.0,0.0,0.0,0.0
1642,1,0.011439683796904777,0.10622997103373097,0.10619999999999999,0.6,1.0,0.0,0.0,0.0,0.0,0.0,0.0,0.0
1643,1,0.012737528834347513,0.10622997103373097,0.068,0.0,1.0,0.0,0.0,0.0,0.0,0.0,0.0,0.0
1644,1,0.014238790167269887,0.10622997103373097,0.06480000000000001,0.1,1.0,0.0,0.0,0.0,0.0,0.0,0.0,0.0
1645,1,0.014431807812377502,0.10622997103373097,0.065,2.5,1.0,0.0,0.0,0.0,0.0,0.0,0.0,0.0
1646,0,0.014005463147124662,0.10622997103373097,0.0318,-0.5,1.0,0.0,0.0,0.0,0.0,0.0,0.0,0.0
1647,0,0.013661022458397513,0.10622997103373097,0.1192,-0.8,1.0,0.0,0.0,0.0,0.0,0.0,0.0,0.0
1648,1,0.022172960401121513,0.10622997103373097,0.0622,-0.3,1.0,0.0,0.0,0.0,0.0,0.0,0.0,0.0
1649,0,0.01504602921693606,0.10622997103373097,0.053,1.6,1.0,0.0,0.0,0.0,0.0,0.0,0.0,0.0
1650,1,0.015114379896347655,0.10622997103373097,0.0602,0.7,1.0,0.0,0.0,0.0,0.0,0.0,0.0,0.0
1651,1,0.017441691320620418,0.10622997103373097,0.1298,-1.7,1.0,0.0,0.0,0.0,0.0,0.0,0.0,0.0
1652,1,0.019151042499751424,0.10622997103373097,0.3194,0.2,1.0,0.0,0.0,0.0,0.0,0.0,0.0,0.0
1653,1,0.019853126658015145,0.10622997103373097,0.2724,0.6,1.0,0.0,0.0,0.0,0.0,0.0,0.0,0.0
1654,0,0.01807040073243887,0.10622997103373097,0.1628,2.3,1.0,0.0,0.0,0.0,0.0,0.0,0.0,0.0
1655,1,0.020436619466530543,0.10622997103373097,0.021,0.5,1.0,0.0,0.0,0.0,0.0,0.0,0.0,0.0
1656,1,0.02339228978631708,0.10622997103373097,0.1168,0.3,1.0,0.0,0.0,0.0,0.0,0.0,0.0,0.0
1657,0,0.020712943153382547,0.10622997103373097,0.064,1.3,1.0,0.0,0.0,0.0,0.0,0.0,0.0,0.0
1658,0,0.016049674235988375,0.10622997103373097,0.31079999999999997,-0.9,1.0,0.0,0.0,0.0,0.0,0.0,0.0,0.0
1659,1,0.016171069716174095,0.10622997103373097,0.059000000000000004,-0.2,1.0,0.0,0.0,0.0,0.0,0.0,0.0,0.0
1660,1,0.01988911299862843,0.10622997103373097,0.4708,2.2,1.0,0.0,0.0,0.0,0.0,0.0,0.0,0.0
1661,0,0.018530862318013396,0.10622997103373097,0.365,-1.5,1.0,0.0,0.0,0.0,0.0,0.0,0.0,0.0
1662,1,0.019151509854824326,0.10622997103373097,0.1158,-1.7,1.0,0.0,0.0,0.0,0.0,0.0,0.0,0.0
1663,0,0.01809797468173996,0.10622997103373097,0.21960000000000002,-0.6,1.0,0.0,0.0,0.0,0.0,0.0,0.0,0.0
1664,0,0.016685978167741446,0.10622997103373097,0.155,-0.1,1.0,0.0,0.0,0.0,0.0,0.0,0.0,0.0
1665,0,0.012485624450054522,0.10622997103373097,0.3132,0.9,1.0,0.0,0.0,0.0,0.0,0.0,0.0,0.0
1666,1,0.013320437449021784,0.10622997103373097,0.2168,0.3,1.0,0.0,0.0,0.0,0.0,0.0,0.0,0.0
1667,0,0.011496233760725652,0.10622997103373097,0.2868,0.6,1.0,0.0,0.0,0.0,0.0,0.0,0.0,0.0
1668,1,0.011634921378608668,0.10622997103373097,0.637,-0.9,1.0,0.0,0.0,0.0,0.0,0.0,0.0,0.0
1669,1,0.012467631279747881,0.10622997103373097,0.10679999999999999,0.6,1.0,0.0,0.0,0.0,0.0,0.0,0.0,0.0
1670,0,0.010379255136495139,0.10622997103373097,0.2352,-1.6,1.0,0.0,0.0,0.0,0.0,0.0,0.0,0.0
1671,1,0.010441413361190812,0.10622997103373097,0.1592,-0.9,1.0,0.0,0.0,0.0,0.0,0.0,0.0,0.0
1672,0,0.007444849472525539,0.10622997103373097,0.33880000000000005,1.5,1.0,0.0,0.0,0.0,0.0,0.0,0.0,0.0
1673,1,0.007599544001655372,0.10622997103373097,0.6314,-1.4,1.0,0.0,0.0,0.0,0.0,0.0,0.0,0.0
1674,0,0.00674019486136087,0.10622997103373097,0.47479999999999994,-0.8,1.0,0.0,0.0,0.0,0.0,0.0,0.0,0.0
1675,0,0.006351822795781139,0.10622997103373097,0.1646,-0.6,1.0,0.0,0.0,0.0,0.0,0.0,0.0,0.0
1676,1,0.00686696492488494,0.10622997103373097,0.1074,-0.5,1.0,0.0,0.0,0.0,0.0,0.0,0.0,0.0
1677,1,0.007595688322303948,0.10622997103373097,0.18,0.5,1.0,0.0,0.0,0.0,0.0,0.0,0.0,0.0
1678,1,0.01201196008367058,0.10622997103373097,0.3778,2.2,1.0,0.0,0.0,0.0,0.0,0.0,0.0,0.0
1679,0,0.011424611595803758,0.10622997103373097,0.299,-0.7,1.0,0.0,0.0,0.0,0.0,0.0,0.0,0.0
1680,1,0.01582511012346002,0.10622997103373097,0.3496,-1.1,1.0,0.0,0.0,0.0,0.0,0.0,0.0,0.0
1681,1,0.01695540836726818,0.10622997103373097,0.3968,0.6,1.0,0.0,0.0,0.0,0.0,0.0,0.0,0.0
1682,0,0.008625622064206875,0.10622997103373097,0.4376,0.1,1.0,0.0,0.0,0.0,0.0,0.0,0.0,0.0
1683,0,0.00825839781567586,0.10622997103373097,0.547,-1.2,1.0,0.0,0.0,0.0,0.0,0.0,0.0,0.0
1684,1,0.008265408141769357,0.10622997103373097,0.2064,-1.2,1.0,0.0,0.0,0.0,0.0,0.0,0.0,0.0
1685,1,0.011910894549155998,0.10622997103373097,0.6038,-0.8,1.0,0.0,0.0,0.0,0.0,0.0,0.0,0.0
1686,1,0.013616039532630906,0.10622997103373097,0.5454,1.2,1.0,0.0,0.0,0.0,0.0,0.0,0.0,0.0
1687,1,0.013932906272056969,0.10622997103373097,0.1524,-1.1,1.0,0.0,0.0,0.0,0.0,0.0,0.0,0.0
1688,0,0.0019307606449172857,0.0005144258615749793,0.1974,-1.1,0.0,0.0,0.0,1.0,0.0,0.0,0.0,0.0
1689,0,0.005222108745814105,0.0006257326593284667,0.10619999999999999,0.6,1.0,0.0,0.0,0.0,0.0,0.0,0.0,0.0
1690,0,0.005200960928765389,0.0006257326593284667,0.068,0.0,1.0,0.0,0.0,0.0,0.0,0.0,0.0,0.0
1691,0,0.0051323765718173445,0.0006257326593284667,0.06480000000000001,0.1,1.0,0.0,0.0,0.0,0.0,0.0,0.0,0.0
1692,0,0.004570849451728238,0.0006257326593284667,0.065,2.5,1.0,0.0,0.0,0.0,0.0,0.0,0.0,0.0
1693,1,0.004766554388505028,0.0006257326593284667,0.0318,-0.5,1.0,0.0,0.0,0.0,0.0,0.0,0.0,0.0
1694,0,0.0038088270053651192,0.0006257326593284667,0.1192,-0.8,1.0,0.0,0.0,0.0,0.0,0.0,0.0,0.0
1695,1,0.004430058736017174,0.0006257326593284667,0.0622,-0.3,1.0,0.0,0.0,0.0,0.0,0.0,0.0,0.0
1696,1,0.004881290058901928,0.0006257326593284667,0.053,1.6,1.0,0.0,0.0,0.0,0.0,0.0,0.0,0.0
1697,1,0.006523342107535365,0.0006257326593284667,0.0602,0.7,1.0,0.0,0.0,0.0,0.0,0.0,0.0,0.0
1698,1,0.007256038023074021,0.0006257326593284667,0.1298,-1.7,1.0,0.0,0.0,0.0,0.0,0.0,0.0,0.0
1699,0,0.006528015658264362,0.0006257326593284667,0.3194,0.2,1.0,0.0,0.0,0.0,0.0,0.0,0.0,0.0
1700,1,0.007387832153631764,0.0006257326593284667,0.2724,0.6,1.0,0.0,0.0,0.0,0.0,0.0,0.0,0.0
1701,1,0.008749237480988872,0.0006257326593284667,0.1628,2.3,1.0,0.0,0.0,0.0,0.0,0.0,0.0,0.0
1702,0,0.0071997217367895956,0.0006257326593284667,0.021,0.5,1.0,0.0,0.0,0.0,0.0,0.0,0.0,0.0
1703,0,0.0067824904954583015,0.0006257326593284667,0.1168,0.3,1.0,0.0,0.0,0.0,0.0,0.0,0.0,0.0
1704,0,0.0065149297162231685,0.0006257326593284667,0.064,1.3,1.0,0.0,0.0,0.0,0.0,0.0,0.0,0.0
1705,0,0.0062629084931619524,0.0006257326593284667,0.31079999999999997,-0.9,1.0,0.0,0.0,0.0,0.0,0.0,0.0,0.0
1706,1,0.007905194219331838,0.0006257326593284667,0.059000000000000004,-0.2,1.0,0.0,0.0,0.0,0.0,0.0,0.0,0.0
1707,0,0.007165721655236135,0.0006257326593284667,0.4708,2.2,1.0,0.0,0.0,0.0,0.0,0.0,0.0,0.0
1708,0,0.003038976361530929,0.0006257326593284667,0.365,-1.5,1.0,0.0,0.0,0.0,0.0,0.0,0.0,0.0
1709,0,0.0015028970756775218,0.0006257326593284667,0.1158,-1.7,1.0,0.0,0.0,0.0,0.0,0.0,0.0,0.0
1710,1,0.0063582489280335115,0.0006257326593284667,0.21960000000000002,-0.6,1.0,0.0,0.0,0.0,0.0,0.0,0.0,0.0
1711,1,0.006418537732437585,0.0006257326593284667,0.155,-0.1,1.0,0.0,0.0,0.0,0.0,0.0,0.0,0.0
1712,0,0.0003924614224676044,0.0006257326593284667,0.3132,0.9,1.0,0.0,0.0,0.0,0.0,0.0,0.0,0.0
1713,0,0.0,0.0006257326593284667,0.2168,0.3,1.0,0.0,0.0,0.0,0.0,0.0,0.0,0.0
1714,1,0.0010226897382729805,0.0006257326593284667,0.637,-0.9,1.0,0.0,0.0,0.0,0.0,0.0,0.0,0.0
1715,1,0.0010915077727574757,0.0006257326593284667,0.10679999999999999,0.6,1.0,0.0,0.0,0.0,0.0,0.0,0.0,0.0
1716,0,0.0009378647925416673,0.0006257326593284667,0.2352,-1.6,1.0,0.0,0.0,0.0,0.0,0.0,0.0,0.0
1717,1,0.0031617739069353507,0.0006257326593284667,0.1592,-0.9,1.0,0.0,0.0,0.0,0.0,0.0,0.0,0.0
1718,1,0.007361893947085825,0.0006257326593284667,0.33880000000000005,1.5,1.0,0.0,0.0,0.0,0.0,0.0,0.0,0.0
1719,0,0.0064593144625480926,0.0006257326593284667,0.6314,-1.4,1.0,0.0,0.0,0.0,0.0,0.0,0.0,0.0
1720,0,0.006140344625293981,0.0006257326593284667,0.47479999999999994,-0.8,1.0,0.0,0.0,0.0,0.0,0.0,0.0,0.0
1721,0,0.005453683184435954,0.0006257326593284667,0.1646,-0.6,1.0,0.0,0.0,0.0,0.0,0.0,0.0,0.0
1722,1,0.005998969715741792,0.0006257326593284667,0.1074,-0.5,1.0,0.0,0.0,0.0,0.0,0.0,0.0,0.0
1723,1,0.0065800089101244645,0.0006257326593284667,0.18,0.5,1.0,0.0,0.0,0.0,0.0,0.0,0.0,0.0
1724,1,0.00674089589397022,0.0006257326593284667,0.3778,2.2,1.0,0.0,0.0,0.0,0.0,0.0,0.0,0.0
1725,1,0.0069312262474086625,0.0006257326593284667,0.299,-0.7,1.0,0.0,0.0,0.0,0.0,0.0,0.0,0.0
1726,0,0.005526123220735423,0.0006257326593284667,0.3496,-1.1,1.0,0.0,0.0,0.0,0.0,0.0,0.0,0.0
1727,0,0.0049334001495302555,0.0006257326593284667,0.3968,0.6,1.0,0.0,0.0,0.0,0.0,0.0,0.0,0.0
1728,0,0.0008885588323507388,0.0006257326593284667,0.4376,0.1,1.0,0.0,0.0,0.0,0.0,0.0,0.0,0.0
1729,1,0.001730031641106823,0.0006257326593284667,0.547,-1.2,1.0,0.0,0.0,0.0,0.0,0.0,0.0,0.0
1730,1,0.0038667790344046942,0.0006257326593284667,0.2064,-1.2,1.0,0.0,0.0,0.0,0.0,0.0,0.0,0.0
1731,1,0.003912112476475975,0.0006257326593284667,0.6038,-0.8,1.0,0.0,0.0,0.0,0.0,0.0,0.0,0.0
1732,1,0.003976140121463247,0.0006257326593284667,0.5454,1.2,1.0,0.0,0.0,0.0,0.0,0.0,0.0,0.0
1733,0,0.002613683245192114,0.0006257326593284667,0.1524,-1.1,1.0,0.0,0.0,0.0,0.0,0.0,0.0,0.0
1734,0,0.006425664897299307,0.010610070202787439,0.12240000000000001,0.6,0.0,0.0,0.0,0.0,0.0,0.0,1.0,0.0
1735,1,0.006942793285462932,0.010610070202787439,0.1376,0.0,0.0,0.0,0.0,0.0,0.0,0.0,1.0,0.0
1736,0,0.00681053179983229,0.010610070202787439,0.15839999999999999,0.1,0.0,0.0,0.0,0.0,0.0,0.0,1.0,0.0
1737,0,0.006767535133125509,0.010610070202787439,0.3452,2.5,0.0,0.0,0.0,0.0,0.0,0.0,1.0,0.0
1738,1,0.006807026636785541,0.010610070202787439,0.2488,-0.5,0.0,0.0,0.0,0.0,0.0,0.0,1.0,0.0
1739,0,0.006779219009948003,0.010610070202787439,0.207,-0.8,0.0,0.0,0.0,0.0,0.0,0.0,1.0,0.0
1740,1,0.007023996229379272,0.010610070202787439,0.2116,-0.3,0.0,0.0,0.0,0.0,0.0,0.0,1.0,0.0
1741,1,0.0073990486753813586,0.010610070202787439,0.198,1.6,0.0,0.0,0.0,0.0,0.0,0.0,1.0,0.0
1742,0,0.007046662950414912,0.010610070202787439,0.0864,0.7,0.0,0.0,0.0,0.0,0.0,0.0,1.0,0.0
1743,1,0.007233721818343056,0.010610070202787439,0.2018,-1.7,0.0,0.0,0.0,0.0,0.0,0.0,1.0,0.0
1744,1,0.007471255034144378,0.010610070202787439,0.1378,0.2,0.0,0.0,0.0,0.0,0.0,0.0,1.0,0.0
1745,0,0.0068080781856995655,0.010610070202787439,0.0834,0.6,0.0,0.0,0.0,0.0,0.0,0.0,1.0,0.0
1746,0,0.006186729616279286,0.010610070202787439,0.2144,2.3,0.0,0.0,0.0,0.0,0.0,0.0,1.0,0.0
1747,1,0.006234867188787965,0.010610070202787439,0.1864,0.5,0.0,0.0,0.0,0.0,0.0,0.0,1.0,0.0
1748,1,0.007722692063364468,0.010610070202787439,0.0834,0.3,0.0,0.0,0.0,0.0,0.0,0.0,1.0,0.0
1749,0,0.006742882153030044,0.010610070202787439,0.107,1.3,0.0,0.0,0.0,0.0,0.0,0.0,1.0,0.0
1750,1,0.007268072416201191,0.010610070202787439,0.1882,-0.9,0.0,0.0,0.0,0.0,0.0,0.0,1.0,0.0
1751,0,0.006859954598791443,0.010610070202787439,0.1804,-0.2,0.0,0.0,0.0,0.0,0.0,0.0,1.0,0.0
1752,1,0.006876312026342936,0.010610070202787439,0.19940000000000002,2.2,0.0,0.0,0.0,0.0,0.0,0.0,1.0,0.0
1753,0,0.006565053547791671,0.010610070202787439,0.1524,-1.5,0.0,0.0,0.0,0.0,0.0,0.0,1.0,0.0
1754,0,0.006274942886289122,0.010610070202787439,0.195,-1.7,0.0,0.0,0.0,0.0,0.0,0.0,1.0,0.0
1755,0,0.005791697740910732,0.010610070202787439,0.1244,-0.6,0.0,0.0,0.0,0.0,0.0,0.0,1.0,0.0
1756,0,0.00565943625528009,0.010610070202787439,0.265,-0.1,0.0,0.0,0.0,0.0,0.0,0.0,1.0,0.0
1757,1,0.006121533583609764,0.010610070202787439,0.491,0.9,0.0,0.0,0.0,0.0,0.0,0.0,1.0,0.0
1758,0,0.005666913936446486,0.010610070202787439,0.057999999999999996,0.3,0.0,0.0,0.0,0.0,0.0,0.0,1.0,0.0
1759,0,0.005143476254798714,0.010610070202787439,0.1444,0.6,0.0,0.0,0.0,0.0,0.0,0.0,1.0,0.0
1760,1,0.005259497151646089,0.010610070202787439,0.0706,-0.9,0.0,0.0,0.0,0.0,0.0,0.0,1.0,0.0
1761,1,0.00531429453394359,0.010610070202787439,0.2086,0.6,0.0,0.0,0.0,0.0,0.0,0.0,1.0,0.0
1762,0,0.005266974832812485,0.010610070202787439,0.099,-1.6,0.0,0.0,0.0,0.0,0.0,0.0,1.0,0.0
1763,0,0.0047479770243572614,0.010610070202787439,0.0766,-0.9,0.0,0.0,0.0,0.0,0.0,0.0,1.0,0.0
1764,0,0.004657894334055826,0.010610070202787439,0.0724,1.5,0.0,0.0,0.0,0.0,0.0,0.0,1.0,0.0
1765,0,0.003942140039909787,0.010610070202787439,0.1866,-1.4,0.0,0.0,0.0,0.0,0.0,0.0,1.0,0.0
1766,1,0.004107817413252764,0.010610070202787439,0.5770000000000001,-0.8,0.0,0.0,0.0,0.0,0.0,0.0,1.0,0.0
1767,0,0.0036725930016148285,0.010610070202787439,0.1202,-0.6,0.0,0.0,0.0,0.0,0.0,0.0,1.0,0.0
1768,1,0.004441859451607895,0.010610070202787439,0.35200000000000004,-0.5,0.0,0.0,0.0,0.0,0.0,0.0,1.0,0.0
1769,1,0.004924286725608709,0.010610070202787439,0.3858,0.5,0.0,0.0,0.0,0.0,0.0,0.0,1.0,0.0
1770,1,0.005120926372531299,0.010610070202787439,0.3322,2.2,0.0,0.0,0.0,0.0,0.0,0.0,1.0,0.0
1771,1,0.005410569678960948,0.010610070202787439,0.45439999999999997,-0.7,0.0,0.0,0.0,0.0,0.0,0.0,1.0,0.0
1772,0,0.0047681901312601775,0.010610070202787439,0.4104,-1.1,0.0,0.0,0.0,0.0,0.0,0.0,1.0,0.0
1773,0,0.004638966453603384,0.010610070202787439,0.11,0.6,0.0,0.0,0.0,0.0,0.0,0.0,1.0,0.0
1774,0,0.002772116614905145,0.010610070202787439,0.40659999999999996,0.1,0.0,0.0,0.0,0.0,0.0,0.0,1.0,0.0
1775,1,0.003897390791679631,0.010610070202787439,0.5376,-1.2,0.0,0.0,0.0,0.0,0.0,0.0,1.0,0.0
1776,1,0.00453170846437288,0.010610070202787439,0.132,-1.2,0.0,0.0,0.0,0.0,0.0,0.0,1.0,0.0
1777,0,0.004424917830215276,0.010610070202787439,0.13019999999999998,-0.8,0.0,0.0,0.0,0.0,0.0,0.0,1.0,0.0
1778,0,0.00411926761253881,0.010610070202787439,0.41259999999999997,1.2,0.0,0.0,0.0,0.0,0.0,0.0,1.0,0.0
1779,0,0.0033239461172315803,0.010610070202787439,0.5256000000000001,-1.1,0.0,0.0,0.0,0.0,0.0,0.0,1.0,0.0
1780,1,0.37619816696330083,0.10213547097351339,0.10619999999999999,0.6,1.0,0.0,0.0,0.0,0.0,0.0,0.0,0.0
1781,1,0.3891066309155614,0.10213547097351339,0.068,0.0,1.0,0.0,0.0,0.0,0.0,0.0,0.0,0.0
1782,1,0.39847745064350704,0.10213547097351339,0.06480000000000001,0.1,1.0,0.0,0.0,0.0,0.0,0.0,0.0,0.0
1783,1,0.402941158944773,0.10213547097351339,0.065,2.5,1.0,0.0,0.0,0.0,0.0,0.0,0.0,0.0
1784,1,0.46241770023214696,0.10213547097351339,0.0318,-0.5,1.0,0.0,0.0,0.0,0.0,0.0,0.0,0.0
1785,1,0.4880389231998914,0.10213547097351339,0.1192,-0.8,1.0,0.0,0.0,0.0,0.0,0.0,0.0,0.0
1786,1,0.49371600210917344,0.10213547097351339,0.0622,-0.3,1.0,0.0,0.0,0.0,0.0,0.0,0.0,0.0
1787,1,0.5080378646406513,0.10213547097351339,0.053,1.6,1.0,0.0,0.0,0.0,0.0,0.0,0.0,0.0
1788,0,0.4910162086917995,0.10213547097351339,0.0602,0.7,1.0,0.0,0.0,0.0,0.0,0.0,0.0,0.0
1789,1,0.54915085672611,0.10213547097351339,0.1298,-1.7,1.0,0.0,0.0,0.0,0.0,0.0,0.0,0.0
1790,0,0.19388517296168634,0.10213547097351339,0.3194,0.2,1.0,0.0,0.0,0.0,0.0,0.0,0.0,0.0
1791,1,0.19713586117124088,0.10213547097351339,0.2724,0.6,1.0,0.0,0.0,0.0,0.0,0.0,0.0,0.0
1792,1,0.20710162390698794,0.10213547097351339,0.1628,2.3,1.0,0.0,0.0,0.0,0.0,0.0,0.0,0.0
1793,1,0.21398190845145051,0.10213547097351339,0.021,0.5,1.0,0.0,0.0,0.0,0.0,0.0,0.0,0.0
1794,0,0.21090203852104086,0.10213547097351339,0.1168,0.3,1.0,0.0,0.0,0.0,0.0,0.0,0.0,0.0
1795,1,0.22499396235665198,0.10213547097351339,0.064,1.3,1.0,0.0,0.0,0.0,0.0,0.0,0.0,0.0
1796,0,0.21925086954332282,0.10213547097351339,0.31079999999999997,-0.9,1.0,0.0,0.0,0.0,0.0,0.0,0.0,0.0
1797,1,0.2221579349355278,0.10213547097351339,0.059000000000000004,-0.2,1.0,0.0,0.0,0.0,0.0,0.0,0.0,0.0
1798,0,0.20850111867278637,0.10213547097351339,0.4708,2.2,1.0,0.0,0.0,0.0,0.0,0.0,0.0,0.0
1799,0,0.15294031186370338,0.10213547097351339,0.365,-1.5,1.0,0.0,0.0,0.0,0.0,0.0,0.0,0.0
1800,1,0.15778304512909105,0.10213547097351339,0.1158,-1.7,1.0,0.0,0.0,0.0,0.0,0.0,0.0,0.0
1801,0,0.14371460588589316,0.10213547097351339,0.21960000000000002,-0.6,1.0,0.0,0.0,0.0,0.0,0.0,0.0,0.0
1802,0,0.13534871640345034,0.10213547097351339,0.155,-0.1,1.0,0.0,0.0,0.0,0.0,0.0,0.0,0.0
1803,0,0.13237552026843005,0.10213547097351339,0.3132,0.9,1.0,0.0,0.0,0.0,0.0,0.0,0.0,0.0
1804,0,0.1271522431349337,0.10213547097351339,0.2168,0.3,1.0,0.0,0.0,0.0,0.0,0.0,0.0,0.0
1805,1,0.15107264415362756,0.10213547097351339,0.2868,0.6,1.0,0.0,0.0,0.0,0.0,0.0,0.0,0.0
1806,1,0.1566432829450567,0.10213547097351339,0.637,-0.9,1.0,0.0,0.0,0.0,0.0,0.0,0.0,0.0
1807,0,0.1516755321976683,0.10213547097351339,0.10679999999999999,0.6,1.0,0.0,0.0,0.0,0.0,0.0,0.0,0.0
1808,0,0.14907119605393418,0.10213547097351339,0.2352,-1.6,1.0,0.0,0.0,0.0,0.0,0.0,0.0,0.0
1809,1,0.1693260143971067,0.10213547097351339,0.1592,-0.9,1.0,0.0,0.0,0.0,0.0,0.0,0.0,0.0
1810,1,0.18898799283030582,0.10213547097351339,0.33880000000000005,1.5,1.0,0.0,0.0,0.0,0.0,0.0,0.0,0.0
1811,0,0.15224628958044717,0.10213547097351339,0.6314,-1.4,1.0,0.0,0.0,0.0,0.0,0.0,0.0,0.0
1812,1,0.16856913285654548,0.10213547097351339,0.47479999999999994,-0.8,1.0,0.0,0.0,0.0,0.0,0.0,0.0,0.0
1813,1,0.22934153292230233,0.10213547097351339,0.1646,-0.6,1.0,0.0,0.0,0.0,0.0,0.0,0.0,0.0
1814,1,0.23261208372245512,0.10213547097351339,0.1074,-0.5,1.0,0.0,0.0,0.0,0.0,0.0,0.0,0.0
1815,1,0.25049822971740326,0.10213547097351339,0.18,0.5,1.0,0.0,0.0,0.0,0.0,0.0,0.0,0.0
1816,1,0.28376912051837155,0.10213547097351339,0.3778,2.2,1.0,0.0,0.0,0.0,0.0,0.0,0.0,0.0
1817,0,0.2523240691484545,0.10213547097351339,0.299,-0.7,1.0,0.0,0.0,0.0,0.0,0.0,0.0,0.0
1818,0,0.2198160186652269,0.10213547097351339,0.3496,-1.1,1.0,0.0,0.0,0.0,0.0,0.0,0.0,0.0
1819,1,0.26404907321736465,0.10213547097351339,0.3968,0.6,1.0,0.0,0.0,0.0,0.0,0.0,0.0,0.0
1820,0,0.23517681152376096,0.10213547097351339,0.4376,0.1,1.0,0.0,0.0,0.0,0.0,0.0,0.0,0.0
1821,0,0.17551624917643274,0.10213547097351339,0.547,-1.2,1.0,0.0,0.0,0.0,0.0,0.0,0.0,0.0
1822,1,0.1922345916829725,0.10213547097351339,0.2064,-1.2,1.0,0.0,0.0,0.0,0.0,0.0,0.0,0.0
1823,1,0.21971845829375908,0.10213547097351339,0.6038,-0.8,1.0,0.0,0.0,0.0,0.0,0.0,0.0,0.0
1824,0,0.2180772241165032,0.10213547097351339,0.5454,1.2,1.0,0.0,0.0,0.0,0.0,0.0,0.0,0.0
1825,0,0.21253976753524997,0.10213547097351339,0.1524,-1.1,1.0,0.0,0.0,0.0,0.0,0.0,0.0,0.0
1826,1,0.0010087859248542116,0.002184911215161046,0.1168,0.3,1.0,0.0,0.0,0.0,0.0,0.0,0.0,0.0
1827,1,0.0012290270029582408,0.002184911215161046,0.064,1.3,1.0,0.0,0.0,0.0,0.0,0.0,0.0,0.0
1828,1,0.00130006497403901,0.002184911215161046,0.31079999999999997,-0.9,1.0,0.0,0.0,0.0,0.0,0.0,0.0,0.0
1829,0,0.0010596107890320644,0.002184911215161046,0.059000000000000004,-0.2,1.0,0.0,0.0,0.0,0.0,0.0,0.0,0.0
1830,1,0.0013838383708562984,0.002184911215161046,0.4708,2.2,1.0,0.0,0.0,0.0,0.0,0.0,0.0,0.0
1831,1,0.0017593581719312853,0.002184911215161046,0.365,-1.5,1.0,0.0,0.0,0.0,0.0,0.0,0.0,0.0
1832,1,0.001858904802458942,0.002184911215161046,0.1158,-1.7,1.0,0.0,0.0,0.0,0.0,0.0,0.0,0.0
1833,1,0.002061386387792779,0.002184911215161046,0.21960000000000002,-0.6,1.0,0.0,0.0,0.0,0.0,0.0,0.0,0.0
1834,0,0.0018826230724086066,0.002184911215161046,0.155,-0.1,1.0,0.0,0.0,0.0,0.0,0.0,0.0,0.0
1835,0,0.00180574316291659,0.002184911215161046,0.3132,0.9,1.0,0.0,0.0,0.0,0.0,0.0,0.0,0.0
1836,0,0.0013241337602933495,0.002184911215161046,0.2168,0.3,1.0,0.0,0.0,0.0,0.0,0.0,0.0,0.0
1837,0,0.00130029865157546,0.002184911215161046,0.2868,0.6,1.0,0.0,0.0,0.0,0.0,0.0,0.0,0.0
1838,1,0.001378113271213276,0.002184911215161046,0.637,-0.9,1.0,0.0,0.0,0.0,0.0,0.0,0.0,0.0
1839,1,0.0014646907984679632,0.002184911215161046,0.10679999999999999,0.6,1.0,0.0,0.0,0.0,0.0,0.0,0.0,0.0
1840,1,0.0021640876650625093,0.002184911215161046,0.2352,-1.6,1.0,0.0,0.0,0.0,0.0,0.0,0.0,0.0
1841,1,0.0022650363608088656,0.002184911215161046,0.1592,-0.9,1.0,0.0,0.0,0.0,0.0,0.0,0.0,0.0
1842,0,0.002256507130728444,0.002184911215161046,0.33880000000000005,1.5,1.0,0.0,0.0,0.0,0.0,0.0,0.0,0.0
1843,1,0.0026189409897622367,0.002184911215161046,0.6314,-1.4,1.0,0.0,0.0,0.0,0.0,0.0,0.0,0.0
1844,0,0.0025079441599485347,0.002184911215161046,0.47479999999999994,-0.8,1.0,0.0,0.0,0.0,0.0,0.0,0.0,0.0
1845,1,0.002671167919158789,0.002184911215161046,0.1646,-0.6,1.0,0.0,0.0,0.0,0.0,0.0,0.0,0.0
1846,1,0.003982098898642719,0.002184911215161046,0.1074,-0.5,1.0,0.0,0.0,0.0,0.0,0.0,0.0,0.0
1847,1,0.0055171266355821015,0.002184911215161046,0.18,0.5,1.0,0.0,0.0,0.0,0.0,0.0,0.0,0.0
1848,0,0.004565942223462791,0.002184911215161046,0.3778,2.2,1.0,0.0,0.0,0.0,0.0,0.0,0.0,0.0
1849,0,0.004451089714297665,0.002184911215161046,0.299,-0.7,1.0,0.0,0.0,0.0,0.0,0.0,0.0,0.0
1850,0,0.004133989297335153,0.002184911215161046,0.3496,-1.1,1.0,0.0,0.0,0.0,0.0,0.0,0.0,0.0
1851,1,0.004521660330305535,0.002184911215161046,0.3968,0.6,1.0,0.0,0.0,0.0,0.0,0.0,0.0,0.0
1852,0,0.0029712098759604585,0.002184911215161046,0.4376,0.1,1.0,0.0,0.0,0.0,0.0,0.0,0.0,0.0
1853,1,0.0036818232643045998,0.002184911215161046,0.547,-1.2,1.0,0.0,0.0,0.0,0.0,0.0,0.0,0.0
1854,1,0.004437185900878896,0.002184911215161046,0.2064,-1.2,1.0,0.0,0.0,0.0,0.0,0.0,0.0,0.0
1855,0,0.004242766190552581,0.002184911215161046,0.6038,-0.8,1.0,0.0,0.0,0.0,0.0,0.0,0.0,0.0
1856,0,0.0040012604566316105,0.002184911215161046,0.5454,1.2,1.0,0.0,0.0,0.0,0.0,0.0,0.0,0.0
1857,0,0.003544771389176734,0.002184911215161046,0.1524,-1.1,1.0,0.0,0.0,0.0,0.0,0.0,0.0,0.0
1858,1,0.0010762018941200071,0.00021908004637194315,0.0318,-0.5,1.0,0.0,0.0,0.0,0.0,0.0,0.0,0.0
1859,1,0.0017239560251591257,0.00021908004637194315,0.1192,-0.8,1.0,0.0,0.0,0.0,0.0,0.0,0.0,0.0
1860,1,0.0019586851105230486,0.00021908004637194315,0.0622,-0.3,1.0,0.0,0.0,0.0,0.0,0.0,0.0,0.0
1861,1,0.001987661125042836,0.00021908004637194315,0.053,1.6,1.0,0.0,0.0,0.0,0.0,0.0,0.0,0.0
1862,1,0.0026534084263885966,0.00021908004637194315,0.0602,0.7,1.0,0.0,0.0,0.0,0.0,0.0,0.0,0.0
1863,0,0.001810416713645588,0.00021908004637194315,0.1298,-1.7,1.0,0.0,0.0,0.0,0.0,0.0,0.0,0.0
1864,1,0.0018522449926701198,0.00021908004637194315,0.3194,0.2,1.0,0.0,0.0,0.0,0.0,0.0,0.0,0.0
1865,1,0.002017455010940198,0.00021908004637194315,0.2724,0.6,1.0,0.0,0.0,0.0,0.0,0.0,0.0,0.0
1866,1,0.0021585962429559367,0.00021908004637194315,0.1628,2.3,1.0,0.0,0.0,0.0,0.0,0.0,0.0,0.0
1867,1,0.0035181321500214456,0.00021908004637194315,0.021,0.5,1.0,0.0,0.0,0.0,0.0,0.0,0.0,0.0
1868,0,0.003410173128181593,0.00021908004637194315,0.1168,0.3,1.0,0.0,0.0,0.0,0.0,0.0,0.0,0.0
1869,1,0.00392169325547042,0.00021908004637194315,0.064,1.3,1.0,0.0,0.0,0.0,0.0,0.0,0.0,0.0
1870,0,0.0035624140431787014,0.00021908004637194315,0.31079999999999997,-0.9,1.0,0.0,0.0,0.0,0.0,0.0,0.0,0.0
1871,0,0.002962330129575362,0.00021908004637194315,0.059000000000000004,-0.2,1.0,0.0,0.0,0.0,0.0,0.0,0.0,0.0
1872,1,0.008676797444689403,0.00021908004637194315,0.4708,2.2,1.0,0.0,0.0,0.0,0.0,0.0,0.0,0.0
1873,0,0.004284711308345337,0.00021908004637194315,0.365,-1.5,1.0,0.0,0.0,0.0,0.0,0.0,0.0,0.0
1874,0,0.003096344196729379,0.00021908004637194315,0.1158,-1.7,1.0,0.0,0.0,0.0,0.0,0.0,0.0,0.0
1875,0,0.0027773743594752677,0.00021908004637194315,0.21960000000000002,-0.6,1.0,0.0,0.0,0.0,0.0,0.0,0.0,0.0
1876,0,0.0025564322487618887,0.00021908004637194315,0.155,-0.1,1.0,0.0,0.0,0.0,0.0,0.0,0.0,0.0
1877,0,0.0022697099115378634,0.00021908004637194315,0.3132,0.9,1.0,0.0,0.0,0.0,0.0,0.0,0.0,0.0
1878,1,0.002310136125343696,0.00021908004637194315,0.2168,0.3,1.0,0.0,0.0,0.0,0.0,0.0,0.0,0.0
1879,0,0.002131022293654849,0.00021908004637194315,0.2868,0.6,1.0,0.0,0.0,0.0,0.0,0.0,0.0,0.0
1880,0,0.00188647875176003,0.00021908004637194315,0.637,-0.9,1.0,0.0,0.0,0.0,0.0,0.0,0.0,0.0
1881,1,0.0021798608987728773,0.00021908004637194315,0.10679999999999999,0.6,1.0,0.0,0.0,0.0,0.0,0.0,0.0,0.0
1882,1,0.002698157674618752,0.00021908004637194315,0.2352,-1.6,1.0,0.0,0.0,0.0,0.0,0.0,0.0,0.0
1883,0,0.0024092154007984527,0.00021908004637194315,0.1592,-0.9,1.0,0.0,0.0,0.0,0.0,0.0,0.0,0.0
1884,1,0.002647800165513799,0.00021908004637194315,0.33880000000000005,1.5,1.0,0.0,0.0,0.0,0.0,0.0,0.0,0.0
1885,1,0.0029707425208875585,0.00021908004637194315,0.6314,-1.4,1.0,0.0,0.0,0.0,0.0,0.0,0.0,0.0
1886,1,0.0034566749579351226,0.00021908004637194315,0.47479999999999994,-0.8,1.0,0.0,0.0,0.0,0.0,0.0,0.0,0.0
1887,1,0.0035211699579952944,0.00021908004637194315,0.1646,-0.6,1.0,0.0,0.0,0.0,0.0,0.0,0.0,0.0
1888,1,0.0035348400938776136,0.00021908004637194315,0.1074,-0.5,1.0,0.0,0.0,0.0,0.0,0.0,0.0,0.0
1889,1,0.004456113781331338,0.00021908004637194315,0.18,0.5,1.0,0.0,0.0,0.0,0.0,0.0,0.0,0.0
1890,1,0.006155416826395,0.00021908004637194315,0.3778,2.2,1.0,0.0,0.0,0.0,0.0,0.0,0.0,0.0
1891,1,0.007221336908911211,0.00021908004637194315,0.299,-0.7,1.0,0.0,0.0,0.0,0.0,0.0,0.0,0.0
1892,0,0.004998829859736227,0.00021908004637194315,0.3496,-1.1,1.0,0.0,0.0,0.0,0.0,0.0,0.0,0.0
1893,0,0.004564189641939416,0.00021908004637194315,0.3968,0.6,1.0,0.0,0.0,0.0,0.0,0.0,0.0,0.0
1894,0,0.0009624009338689067,0.00021908004637194315,0.4376,0.1,1.0,0.0,0.0,0.0,0.0,0.0,0.0,0.0
1895,1,0.0026694153376354145,0.00021908004637194315,0.547,-1.2,1.0,0.0,0.0,0.0,0.0,0.0,0.0,0.0
1896,1,0.004006868717506409,0.00021908004637194315,0.2064,-1.2,1.0,0.0,0.0,0.0,0.0,0.0,0.0,0.0
1897,1,0.004198484297395325,0.00021908004637194315,0.6038,-0.8,1.0,0.0,0.0,0.0,0.0,0.0,0.0,0.0
1898,0,0.003936414940266764,0.00021908004637194315,0.5454,1.2,1.0,0.0,0.0,0.0,0.0,0.0,0.0,0.0
1899,0,0.0031950729558794613,0.00021908004637194315,0.1524,-1.1,1.0,0.0,0.0,0.0,0.0,0.0,0.0,0.0
