,Visitors Scaled,Area Scaled,cei_pct_area,RONI
2561,0.03223122217994812,0.0344957910220529,0.1666,0.2
1080,0.1884945063915329,0.09096544967859242,0.2696,1.5
3418,0.0720419829809566,0.02722697219682359,0.11,0.6
1416,0.18685337224433374,0.001629559564742136,0.2242,-1.2
24,0.1559043545239546,0.014398841301189588,0.2168,0.3
2606,0.0046593776330101765,0.0344957910220529,0.32520000000000004,1.3
1707,0.08088508403177393,0.23329471131103105,0.0,0.6
3062,0.2933541587402733,0.07801892218460295,0.41259999999999997,1.2
3935,0.0972530686617028,0.04320025295339059,0.2488,-0.5
3073,0.02330359647123323,0.01817263385297442,0.3826,2.3
3959,0.18996186010173463,0.04320025295339059,0.099,-1.6
792,0.06597802726086159,0.03180379846413318,0.2632,-1.4
1645,0.086749132227635,0.006976116286736587,0.1804,-0.6
298,0.06259456946373376,0.010513831525489882,0.265,-0.1
1428,0.13313346817734897,0.004704532287446837,0.25,0.7
464,0.01436361335639296,0.07321993726071716,0.1202,-0.5
1062,0.17395287577318524,0.09096544967859242,0.195,0.6
1457,0.15241773003911718,0.004704532287446837,0.40700000000000003,-0.7
2121,0.0028831593834233375,0.01817263385297442,0.256,-0.8
3723,0.016822101651599104,0.0640255996483016,0.099,-0.1
1632,0.08635574303035233,0.09096544967859242,0.2696,1.5
3259,0.05240952472144994,0.01817263385297442,0.256,-0.8
81,0.09880607684979072,0.022497225547324244,0.3858,0.5
2375,0.03529204575657972,0.015398883858127169,0.132,-1.2
1249,0.020474809674761545,0.031492119140237196,0.0766,-0.9
1748,0.0548562911342743,0.13551952962217376,0.1656,0.0
2385,0.09168891705906727,0.0693531795848928,0.0274,-0.3
2312,0.13261304484509745,0.021136679812765315,0.069,0.6
3342,0.06044014397296115,0.0344957910220529,0.45380000000000004,-1.2
363,0.06437107016831775,0.09904949864744195,0.5376,-1.2
1670,0.10074223524151456,0.09096544967859242,0.4546,0.6
3958,0.1876405743213948,0.04320025295339059,0.2086,0.6
2949,0.041396957451261686,0.06495476972097802,0.491,0.9
2001,0.0035368308605810608,0.01817263385297442,0.1164,-1.5
2944,0.05765654997603369,0.06495476972097802,0.19940000000000002,2.2
3776,0.03327086841071329,0.04293668159954057,0.0766,-0.9
3962,0.19951950168159582,0.04320025295339059,0.1866,-1.4
326,0.007240239555732184,0.09904949864744195,0.2488,-0.5
2755,0.0019019813370685181,0.14810017894304733,0.256,-0.8
1980,0.0024220516005736097,0.01817263385297442,0.2582,-0.2
3865,0.2026822915121991,0.651275385649692,0.002732,-0.9
1787,0.07562887898978275,0.118549935358491,0.0,0.6
1995,0.0032326268286489586,0.01817263385297442,0.4412,2.2
2266,0.02581179684593803,0.03127268025485283,0.3014,0.6
1192,0.012181224820902347,0.01223046190971448,0.1376,0.0
1679,0.11326177053525505,0.006976116286736587,0.3624,-1.2
2832,0.0021809056467555665,0.01817263385297442,0.22899999999999998,0.1
2620,0.0019209058218776648,0.14810017894304733,0.2582,-0.2
3471,0.0791070298247056,0.13551952962217376,0.0,0.6
2600,0.0013644694774893253,0.0344957910220529,0.14,0.3
2362,0.03886418349180471,0.015398883858127169,0.0766,-0.9
835,0.17934056361635042,5.6575348319585556e-05,0.32299999999999995,0.5
696,0.001523915323381314,0.018983011244112096,0.2158,2.3
3717,0.017412503209394904,0.0640255996483016,0.3508,-0.9
3437,0.0603205948954168,0.13551952962217376,0.5682,2.5
3442,0.0691754884423652,0.118549935358491,0.1202,-0.5
838,0.257691320186183,5.6575348319585556e-05,0.34119999999999995,-0.9
1309,0.6618099236043969,0.1532774086372158,0.4142,0.6
898,0.15535363789325857,0.2972461671213726,0.2696,1.5
855,0.1678671004045603,5.6575348319585556e-05,0.192,-0.6
2877,0.0033135501853328465,0.01817263385297442,0.42840000000000006,-1.1
1764,0.0617486167472652,0.13551952962217376,0.044199999999999996,-0.8
1891,0.04893052652153564,0.118549935358491,0.5094,-0.7
1114,0.2465232614400629,0.09096544967859242,0.1646,-1.1
148,0.01817442556421092,0.23505698514771678,0.0902,0.2
230,0.023734622796886328,0.009030646701590152,0.12240000000000001,0.6
3344,0.07047386345052109,0.14810017894304733,0.1818,-1.2
3095,0.02459173248574238,0.14810017894304733,0.14,0.3
1775,0.07115712208863043,0.118549935358491,0.008199999999999999,0.7
528,0.007408300279037292,0.00783147405774708,0.0894,-1.6
1753,0.05868313266318061,0.118549935358491,0.4886,0.1
1003,0.11215249914769204,0.006976116286736587,0.187,0.2
2989,0.012143517078782631,0.007829458434436621,0.295,-0.2
287,0.06560490420962455,0.010513831525489882,0.0834,0.6
3214,0.02052748753173029,0.01817263385297442,0.1568,0.6
614,0.22723045531463085,0.009566787832424364,0.1402,-0.1
658,0.0832602481028204,1.0,0.045599999999999995,-1.7
1638,0.08106359558997364,0.09096544967859242,0.1832,-1.4
725,0.00591863262406059,0.018983011244112096,0.2394,-1.2
3117,0.02214200029544793,0.0344957910220529,0.493,-0.9
2644,0.001517348244697543,0.14810017894304733,0.1164,-1.5
1659,0.09969383290583769,0.006976116286736587,0.445,2.2
3010,0.01568698563179675,0.007829458434436621,0.252,-1.1
2573,0.0016097110287660642,0.0344957910220529,0.0684,0.6
3455,0.0804565291873459,0.13551952962217376,0.027999999999999997,1.6
334,0.02794171936570776,0.09904949864744195,0.2144,2.3
493,0.01497216264775574,0.07321993726071716,0.3486,-0.6
3406,0.04649752978982241,0.02722697219682359,0.2086,0.6
968,0.17893728849416746,0.09096544967859242,0.247,0.1
761,0.05793618042321362,0.41091115870335804,0.12619999999999998,1.3
370,0.02044169182634554,0.07097355882163141,0.15839999999999999,0.1
2278,0.035819248008762884,0.03127268025485283,0.5094,-0.7
3877,0.2905755783195453,0.651275385649692,0.002828,-1.1
1012,0.18138476104448467,0.09096544967859242,0.36219999999999997,0.5
1972,0.0026050118249784557,0.14810017894304733,0.493,-0.9
3913,0.2423120692737828,0.2234928701139527,0.16760000000000003,-1.6
873,0.1131946168596823,0.2972461671213726,0.17980000000000002,-0.8
621,0.1828393336660653,0.009566787832424364,0.2588,-0.9
174,0.02741861271098329,0.23505698514771678,0.4218,2.2
1906,0.039749750521623765,0.13551952962217376,0.7173999999999999,-1.2
543,0.017661487289383902,0.00783147405774708,0.36060000000000003,-0.8
3941,0.14845834650279757,0.04320025295339059,0.1378,0.2
1740,0.21126744053686786,0.23329471131103105,0.332,1.2
1597,0.08334385478197723,0.006976116286736587,0.24420000000000003,-0.6
8,0.3179230829849957,0.014398841301189588,0.0602,0.7
2540,0.04278960181471687,0.0344957910220529,0.1042,0.7
1199,0.010015359902745095,0.031492119140237196,0.2488,-0.5
39,0.2427196518346723,0.014398841301189588,0.3968,0.6
689,0.0009330194693404986,0.018983011244112096,0.11359999999999999,-0.8
1355,0.01165903614491862,0.025339671035899382,0.2266,0.6
163,0.028145440032403237,0.23505698514771678,0.111,0.6
212,0.04844541006392804,0.050748850269539736,0.0894,-1.6
3582,0.08798847414138623,0.118549935358491,0.15539999999999998,0.6
2074,0.0024478256190636786,0.14810017894304733,0.1568,0.6
19,0.18375300496810096,0.014398841301189588,0.365,-1.5
1950,0.00333092116765766,0.01817263385297442,0.1592,0.5
2091,0.002439987492892726,0.01817263385297442,0.04,-0.9
2328,0.03642073592519688,0.021136679812765315,0.33840000000000003,-1.2
1736,0.16944065719369097,0.23329471131103105,0.42200000000000004,0.1
392,0.03881694289353113,0.07097355882163141,0.057999999999999996,0.3
582,0.05340828559137744,0.05375701109409925,0.27940000000000004,2.2
3758,0.04155922784712519,0.04293668159954057,0.0834,0.6
3822,0.04151156356635588,0.009966872922827929,0.1474,-0.9
831,0.17785569769632528,5.6575348319585556e-05,0.2836,-1.7
149,0.020934858251371955,0.23505698514771678,0.2052,0.6
1200,0.012902049973632826,0.01223046190971448,0.207,-0.8
2195,0.0021606395007099507,0.0344957910220529,0.22899999999999998,0.1
1430,0.13557140787151234,0.004704532287446837,0.265,0.2
1431,0.14537965764759614,0.004704532287446837,0.2122,0.6
1622,0.0827681408840333,0.09096544967859242,0.3518,0.6
3647,0.08931791919922878,0.0588121943567271,0.46740000000000004,-1.1
1863,0.04224149789274449,0.118549935358491,0.17579999999999998,1.5
3021,0.18352555808164475,0.07801892218460295,0.3452,2.5
1999,0.0035368308605810608,0.14810017894304733,0.1164,-1.5
1178,0.007592814005926471,0.02264422228546187,0.6265999999999999,-0.5
703,0.005238551604669207,0.018983011244112096,0.201,-1.5
1808,0.035500991840722494,0.13551952962217376,0.6344,-0.9
1965,0.0031810787916688203,0.01817263385297442,0.32520000000000004,1.3
1144,0.002357298792476642,0.02264422228546187,0.1016,0.6
869,0.12615308721899612,0.2972461671213726,0.29960000000000003,0.0
1705,0.06992272313732933,0.23329471131103105,0.0154,-1.7
3612,0.12487180073816789,0.0588121943567271,0.2812,2.5
1836,0.03926032662530961,0.13551952962217376,0.2738,0.9
2014,0.003659557556843362,0.14810017894304733,0.0132,-1.7
218,0.03712482561934614,0.050748850269539736,0.1352,-0.5
1348,0.014035330035953697,0.025339671035899382,0.15560000000000002,-1.7
3760,0.043162795479703205,0.04293668159954057,0.1864,0.5
311,0.12327776596174372,0.010513831525489882,0.3858,0.5
3657,0.04780649686037148,0.02066876180978856,0.247,0.1
2686,0.001194219727956294,0.14810017894304733,0.1362,0.3
2615,0.001970829742624182,0.0344957910220529,0.493,-0.9
3350,0.07047386345052109,0.14810017894304733,0.1818,-1.2
2649,0.0018150558116951621,0.01817263385297442,0.0132,-1.7
2529,0.04601234271846552,0.01817263385297442,0.2726,1.6
2477,0.058540634117117706,0.0344957910220529,0.254,0.0
3213,0.02052748753173029,0.0344957910220529,0.1568,0.6
497,0.027093577623011268,0.07321993726071716,0.5094,-0.7
322,0.0039900299035105485,0.09904949864744195,0.12240000000000001,0.6
2828,0.0021809056467555665,0.0344957910220529,0.22899999999999998,0.1
2054,0.0021030892950403444,0.0344957910220529,0.07780000000000001,0.6
2766,0.0015268811008514042,0.01817263385297442,0.0546,-0.6
2730,0.001904594045792169,0.01817263385297442,0.04,-0.9
3903,0.25824380216061127,0.2234928701139527,0.4722,2.2
2485,0.06051711295968491,0.14810017894304733,0.3642,0.1
1941,0.0031384987008482405,0.01817263385297442,0.3826,2.3
2236,0.0027868422293946963,0.14810017894304733,0.42840000000000006,-1.1
1076,0.182189192876372,0.09096544967859242,0.1474,-0.9
605,0.16002057119744253,0.009566787832424364,0.32299999999999995,0.5
2990,0.006682814618853814,0.007829458434436621,0.4722,2.2
3148,0.019326700725090223,0.01817263385297442,0.0132,-1.7
95,0.0725189788573961,0.07121954114819438,0.12480000000000001,2.5
3708,0.014244699802592202,0.0640255996483016,0.4286,1.6
270,0.02412306903171885,0.009030646701590152,0.40659999999999996,0.1
958,0.34736054278811895,0.3525571709767436,0.41259999999999997,1.2
842,0.24424985178174025,5.6575348319585556e-05,0.1582,-1.7
2664,0.0014610690865151182,0.01817263385297442,0.13,-0.1
3656,0.04963249780320626,0.02066876180978856,0.29960000000000003,0.0
1315,0.6605700873944007,0.1532774086372158,0.3456,-0.6
353,0.03345488784135746,0.09904949864744195,0.1866,-1.4
1903,0.029310143213157204,0.118549935358491,0.42200000000000004,0.1
1179,0.008199880408554206,0.02264422228546187,0.6437999999999999,0.5
3475,0.06786652137181613,0.13551952962217376,0.1998,2.3
2585,0.0015095807322758783,0.0344957910220529,0.1592,0.5
3024,0.17005443190250105,0.07801892218460295,0.2116,-0.3
2896,0.23646588635649154,0.27081697687045847,0.493,-0.9
2250,0.032914127749311024,0.03127268025485283,0.0154,-1.7
2482,0.058540634117117706,0.14810017894304733,0.254,0.0
3278,0.05017897760894501,0.14810017894304733,0.3104,-0.5
3757,0.041131590981437906,0.04293668159954057,0.1378,0.2
92,0.06727032948657873,0.07121954114819438,0.09300000000000001,0.6
1658,0.09969383290583769,0.09096544967859242,0.445,2.2
3173,0.024470629905713696,0.14810017894304733,0.31420000000000003,0.9
3814,0.045924146145604985,0.009966872922827929,0.24420000000000003,-0.6
1657,0.09969383290583769,0.006976116286736587,0.445,2.2
3133,0.030025601720941805,0.01817263385297442,0.4412,2.2
107,0.07594995970779465,0.07121954114819438,0.193,1.3
1976,0.0026050118249784557,0.0344957910220529,0.493,-0.9
3638,0.07915667129045496,0.0588121943567271,0.1226,-0.9
3042,0.1964403185301494,0.07801892218460295,0.057999999999999996,0.3
1356,0.011560106282166327,0.025339671035899382,0.17739999999999997,-1.6
2704,0.001353453732600419,0.14810017894304733,0.21960000000000002,-0.9
805,0.07192412863339516,0.41091115870335804,0.4192,-0.7
2669,0.0014610690865151182,0.0344957910220529,0.13,-0.1
2534,0.04601234271846552,0.0344957910220529,0.2726,1.6
1409,0.1001417359175706,0.001629559564742136,0.3448,0.5
447,0.02743810210578674,0.013721040286368726,0.1202,-0.6
3754,0.040081282074530274,0.04293668159954057,0.198,1.6
90,0.10355704051562725,0.022497225547324244,0.41259999999999997,1.2
2382,0.07812041451965562,0.0693531795848928,0.3654,2.5
2453,0.07568544060296233,0.021239127461607474,0.192,-0.6
2502,0.04503999139077169,0.01817263385297442,0.46740000000000004,-0.5
336,0.030358333707586206,0.09904949864744195,0.0834,0.3
502,0.022825541388554416,0.07321993726071716,0.4266,-1.2
442,0.02827240355362281,0.013721040286368726,0.099,-1.6
1189,0.011383642522695966,0.02264422228546187,0.501,-1.1
2800,0.0021414325609036525,0.14810017894304733,0.18,-0.7
557,0.03226561107585131,0.05375701109409925,0.0684,0.6
3035,0.20939476390575382,0.07801892218460295,0.1804,-0.2
2783,0.0014600804940250883,0.0344957910220529,0.7186,0.5
3863,0.2025426175161077,0.651275385649692,0.0013980000000000002,0.3
3389,0.04959401330984438,0.02722697219682359,0.1378,0.2
3895,0.220663659085857,0.2234928701139527,0.1656,0.2
28,0.1465840457554499,0.014398841301189588,0.2352,-1.6
66,0.055532700238702715,0.022497225547324244,0.195,-1.7
3840,0.17807594198035412,0.651275385649692,0.0017300000000000002,0.0
3080,0.02330359647123323,0.14810017894304733,0.3826,2.3
3162,0.02339737153028751,0.0344957910220529,0.1902,-0.6
2701,0.001353453732600419,0.14810017894304733,0.21960000000000002,-0.9
1361,0.010286304858762616,0.025339671035899382,0.1602,-0.6
2670,0.0014610690865151182,0.01817263385297442,0.13,-0.1
1174,0.006275443899212149,0.02264422228546187,0.17579999999999998,1.5
1013,0.18138476104448467,0.006976116286736587,0.36219999999999997,0.5
643,0.04072146632557401,1.0,0.044199999999999996,-0.8
1247,0.01934131777119281,0.031492119140237196,0.099,-1.6
1937,0.0031384987008482405,0.0344957910220529,0.3826,2.3
2674,0.0014633993402416176,0.14810017894304733,0.31420000000000003,0.9
2130,0.0026349520546765084,0.01817263385297442,0.0546,-0.6
563,0.03188549726343476,0.05375701109409925,0.2582,-0.2
1254,0.017983485986136544,0.01223046190971448,0.5770000000000001,-0.8
196,0.021714575271008507,0.050748850269539736,0.2158,2.3
820,0.05495147846831434,0.03180379846413318,0.1476,-1.1
3782,0.035130763953206245,0.04293668159954057,0.3858,0.5
841,0.24580942704851194,5.6575348319585556e-05,0.2662,-1.5
1557,0.11134503092458536,0.006976116286736587,0.1018,0.6
977,0.09609811017835056,0.006976116286736587,0.14279999999999998,-0.5
3554,0.07814004514195765,0.118549935358491,0.37799999999999995,-0.8
1977,0.0026050118249784557,0.01817263385297442,0.493,-0.9
2754,0.0019019813370685181,0.01817263385297442,0.256,-0.8
57,0.04984497457481343,0.022497225547324244,0.0834,0.6
1946,0.00333092116765766,0.0344957910220529,0.1592,0.5
3232,0.020369100892077618,0.01817263385297442,0.04,-0.9
183,0.04011595342543061,0.23505698514771678,0.32380000000000003,-1.1
1671,0.10074223524151456,0.006976116286736587,0.4546,0.6
296,0.07762392924841267,0.010513831525489882,0.195,-1.7
3902,0.2591503414739688,0.2234928701139527,0.295,-0.2
428,0.043574826706797874,0.013721040286368726,0.0834,0.3
3009,0.016476588576333603,0.007829458434436621,0.5094,-0.7
1152,0.005194276783865718,0.02264422228546187,0.008199999999999999,0.7
2500,0.060589492052704974,0.14810017894304733,0.3654,2.5
2068,0.002482143901217579,0.14810017894304733,0.21960000000000002,-0.9
667,0.058508716702439595,1.0,0.005600000000000001,-0.9
256,0.011329976073237191,0.009030646701590152,0.0706,-0.9
308,0.0978248988034359,0.010513831525489882,0.5770000000000001,-0.8
2271,0.027155929563632452,0.03127268025485283,0.17579999999999998,1.5
2255,0.027220823599227995,0.03127268025485283,0.001,0.3
2360,0.0382092409671598,0.015398883858127169,0.2086,0.6
883,0.12989526286250627,0.2972461671213726,0.193,1.3
3314,0.06299057136974008,0.14810017894304733,0.13720000000000002,-1.1
485,0.03065392286210519,0.07321993726071716,0.3014,0.6
2324,0.041510504360116565,0.021136679812765315,0.40700000000000003,-0.7
1316,0.713147743452905,0.1532774086372158,0.1352,-0.5
2118,0.0028831593834233375,0.01817263385297442,0.256,-0.8
2237,0.0027868422293946963,0.0344957910220529,0.42840000000000006,-1.1
385,0.04418161065442846,0.07097355882163141,0.1804,-0.2
1907,0.039749750521623765,0.118549935358491,0.7173999999999999,-1.2
699,0.0023210739390919694,0.018983011244112096,0.12619999999999998,1.3
2004,0.0035368308605810608,0.01817263385297442,0.1164,-1.5
3221,0.017888792948341524,0.14810017894304733,0.0292,-1.6
323,0.006349235267217962,0.09904949864744195,0.1376,0.0
2126,0.0026349520546765084,0.0344957910220529,0.0546,-0.6
2519,0.044432571919397514,0.0344957910220529,0.37920000000000004,-0.8
2117,0.0028831593834233375,0.0344957910220529,0.256,-0.8
773,0.07413391530360947,0.41091115870335804,0.133,-0.6
2368,0.03864867032897816,0.015398883858127169,0.3858,0.5
1060,0.17395287577318524,0.09096544967859242,0.195,0.6
1874,0.04007640972582941,0.13551952962217376,0.3486,-0.6
2078,0.0024478256190636786,0.0344957910220529,0.1568,0.6
1255,0.017983485986136544,0.031492119140237196,0.5770000000000001,-0.8
2256,0.024785496613788267,0.03127268025485283,0.3274,1.3
991,0.10244579194308419,0.006976116286736587,0.34979999999999994,1.6
277,0.033477413627380284,0.010513831525489882,0.1376,0.0
2523,0.04823314513356873,0.01817263385297442,0.0274,-0.3
2420,0.1179294099769319,0.0693531795848928,0.45380000000000004,-1.2
853,0.15951787191626227,5.6575348319585556e-05,0.2554,-1.4
2939,0.06612476263188177,0.06495476972097802,0.1864,0.5
484,0.03797014281207111,0.07321993726071716,0.1116,0.3
1172,0.00488894293194501,0.02264422228546187,0.16760000000000003,-1.6
3007,0.014584069481669659,0.007829458434436621,0.6437999999999999,0.5
983,0.09423284799091172,0.006976116286736587,0.17980000000000002,-0.8
3115,0.02214200029544793,0.01817263385297442,0.493,-0.9
3405,0.043779324124735515,0.02722697219682359,0.0706,-0.9
1867,0.040024579233852116,0.118549935358491,0.0572,-1.4
2296,0.1181255043587043,0.021136679812765315,0.2836,-1.7
3556,0.07814004514195765,0.118549935358491,0.37799999999999995,-0.8
3890,0.19997474852325467,0.2234928701139527,0.044199999999999996,-0.8
3860,0.19478986336804424,0.651275385649692,0.0015060000000000002,-0.6
3899,0.27977993648716937,0.2234928701139527,0.001,0.3
845,0.18961338124899904,5.6575348319585556e-05,0.2112,0.9
3282,0.05455469981106585,0.0344957910220529,0.7186,0.5
2819,0.002698010132790568,0.0344957910220529,0.0654,0.6
3191,0.01974226263964928,0.14810017894304733,0.07780000000000001,0.6
2026,0.0028662120835942512,0.14810017894304733,0.13,-0.1
3622,0.13779326949285486,0.0588121943567271,0.0286,0.5
2612,0.001970829742624182,0.0344957910220529,0.493,-0.9
1014,0.18138476104448467,0.09096544967859242,0.36219999999999997,0.5
3127,0.030025601720941805,0.01817263385297442,0.4412,2.2
2628,0.0023128121304252895,0.01817263385297442,0.4412,2.2
1789,0.07562887898978275,0.118549935358491,0.0,0.6
732,0.03987706711158978,0.03180379846413318,0.3034,0.0
2374,0.038730017368157774,0.015398883858127169,0.5376,-1.2
3709,0.015798767196919434,0.0640255996483016,0.19039999999999999,0.7
190,0.040815665067124016,0.050748850269539736,0.1782,-0.3
1813,0.034227755327313085,0.118549935358491,0.295,-0.2
545,0.020324967298772704,0.00783147405774708,0.1476,-1.1
2058,0.0021030892950403444,0.01817263385297442,0.07780000000000001,0.6
596,0.07194326495945218,0.009566787832424364,0.078,-0.5
3433,0.07206133114826148,0.13551952962217376,0.4886,0.1
1806,0.035500991840722494,0.13551952962217376,0.6344,-0.9
3735,0.01688798427968468,0.0640255996483016,0.444,-0.5
1046,0.17901348072964904,0.09096544967859242,0.24420000000000003,-0.6
501,0.022543580687647988,0.07321993726071716,0.7173999999999999,-1.2
3649,0.1176612189571366,0.0588121943567271,0.5197999999999999,0.1
3583,0.08798847414138623,0.13551952962217376,0.15539999999999998,0.6
2954,0.038393684080299695,0.06495476972097802,0.099,-1.6
1683,0.07705344076791605,0.006976116286736587,0.16899999999999998,-1.2
507,0.0014343064755350191,0.00783147405774708,0.0236,1.6
3885,0.17584814880407143,0.2234928701139527,0.1016,0.6
964,0.18667761462235627,0.09096544967859242,0.29960000000000003,0.0
2922,0.17180127483238414,0.27081697687045847,0.1818,-1.2
839,0.24150438920942824,5.6575348319585556e-05,0.11720000000000001,-0.2
3483,0.07302400839230287,0.13551952962217376,0.001,0.3
1036,0.1892466134351979,0.09096544967859242,0.316,-1.5
140,0.012720643251712313,0.23505698514771678,0.0484,0.1
151,0.02315474268773442,0.23505698514771678,0.2568,0.5
2560,0.03223122217994812,0.14810017894304733,0.1666,0.2
1846,0.03903287973885341,0.13551952962217376,0.1636,-0.9
955,0.3200693172808509,0.3525571709767436,0.5376,-1.2
110,0.0721000980966205,0.07121954114819438,0.3398,2.2
1494,0.0009912758125029835,0.1677603868083821,0.2638,-1.6
2652,0.0018150558116951621,0.01817263385297442,0.0132,-1.7
147,0.019893870359370316,0.23505698514771678,0.2228,-1.7
3756,0.04014603488262724,0.04293668159954057,0.2018,-1.7
3251,0.05143173613506094,0.14810017894304733,0.1186,-1.4
948,0.3358934348137647,0.3525571709767436,0.35200000000000004,-0.5
3715,0.01583026092910182,0.0640255996483016,0.1348,0.3
2928,0.05017947190519002,0.06495476972097802,0.15839999999999999,0.1
1726,0.10132903549809667,0.23329471131103105,0.17579999999999998,1.5
2575,0.0014331060417971256,0.14810017894304733,0.3826,2.3
2697,0.0013194885191929583,0.01817263385297442,0.07780000000000001,0.6
3579,0.08682624244185734,0.13551952962217376,0.252,-1.1
1938,0.0031384987008482405,0.01817263385297442,0.3826,2.3
3317,0.07686504328481604,0.14810017894304733,0.0654,0.6
3851,0.2220382263294945,0.651275385649692,0.0017399999999999998,2.3
381,0.04312431098634133,0.07097355882163141,0.1864,0.5
1986,0.0024220516005736097,0.01817263385297442,0.2582,-0.2
3151,0.019326700725090223,0.01817263385297442,0.0132,-1.7
3061,0.2906346820276992,0.07801892218460295,0.13019999999999998,-0.8
1750,0.05868313266318061,0.13551952962217376,0.4886,0.1
3223,0.017888792948341524,0.01817263385297442,0.0292,-1.6
2774,0.001685197126754787,0.0344957910220529,0.3104,-0.5
2125,0.0026349520546765084,0.14810017894304733,0.0546,-0.6
1399,0.09463372224561892,0.001629559564742136,0.111,0.6
371,0.02342498150625906,0.07097355882163141,0.3452,2.5
435,0.032173107064284216,0.013721040286368726,0.1244,-0.6
3956,0.18265411380168325,0.04320025295339059,0.1444,0.6
2413,0.08927406806092103,0.0693531795848928,0.3104,-0.5
1363,0.011971501985517403,0.025339671035899382,0.3448,0.5
3627,0.10402111407594707,0.0588121943567271,0.4384,2.2
3907,0.23739403347713117,0.2234928701139527,0.16879999999999998,-0.1
3645,0.10149603701516247,0.0588121943567271,0.41659999999999997,2.2
1934,0.004100964103641777,0.0344957910220529,0.0684,0.6
1404,0.09263161061206021,0.001629559564742136,0.115,1.5
1307,0.6491152662124225,0.1532774086372158,0.0492,0.6
1456,0.11991789315687805,0.004704532287446837,0.385,2.2
3571,0.08859822386648691,0.13551952962217376,0.33020000000000005,2.2
593,0.04210697870035112,0.009566787832424364,0.11199999999999999,0.0
2276,0.03305373113165312,0.03127268025485283,0.6437999999999999,0.5
68,0.054349425641886044,0.022497225547324244,0.265,-0.1
1302,0.7185522373684007,0.1532774086372158,0.1998,-1.7
3563,0.07337735959373932,0.13551952962217376,0.6265999999999999,-0.5
324,0.006855112167116194,0.09904949864744195,0.15839999999999999,0.1
779,0.08341990578996025,0.41091115870335804,0.1168,0.3
373,0.0226319184880071,0.07097355882163141,0.207,-0.8
2018,0.0030044738046998815,0.0344957910220529,0.1902,-0.6
1115,0.2465232614400629,0.006976116286736587,0.1646,-1.1
1738,0.21595760576456755,0.23329471131103105,0.4266,-1.2
1961,0.002721665738802001,0.0344957910220529,0.14,0.3
3395,0.04742723041294638,0.02722697219682359,0.1882,-0.9
3463,0.07456953152296628,0.13551952962217376,0.0154,-1.7
2290,0.10581491514910658,0.021136679812765315,0.0882,2.5
638,0.04364918298479799,1.0,0.1016,0.6
470,0.010174240838642781,0.07321993726071716,0.1656,0.2
811,0.04959337778610078,0.41091115870335804,0.5197999999999999,0.1
3163,0.02734277354424813,0.01817263385297442,0.13,-0.1
1546,0.05624159166780355,0.09096544967859242,0.3432,0.7
3112,0.02214200029544793,0.01817263385297442,0.493,-0.9
2858,0.0028493353975144525,0.0344957910220529,0.15,-0.8
2516,0.044432571919397514,0.0344957910220529,0.37920000000000004,-0.8
1051,0.18448752918819328,0.006976116286736587,0.128,-0.1
306,0.09077340979955016,0.010513831525489882,0.0724,1.5
828,0.16319875482539056,5.6575348319585556e-05,0.12480000000000001,-0.3
1589,0.09750579527040405,0.006976116286736587,0.316,-1.5
1531,0.07423602278507971,0.006976116286736587,0.14279999999999998,-0.5
1396,0.10169982829560723,0.001629559564742136,0.081,-0.1
1761,0.06618358388503856,0.118549935358491,0.1202,-0.5
3201,0.018714197063767323,0.0344957910220529,0.21960000000000002,-0.9
379,0.04364325142985781,0.07097355882163141,0.0834,0.6
926,0.29682807275023887,0.3525571709767436,0.2144,2.3
3054,0.31900361457659854,0.07801892218460295,0.3322,2.2
691,0.0011520633196314414,0.018983011244112096,0.0236,1.6
1040,0.1829336736351139,0.09096544967859242,0.08439999999999999,-1.7
1033,0.19468634361158824,0.006976116286736587,0.3398,2.2
2085,0.001775159043347521,0.01817263385297442,0.0292,-1.6
1243,0.018264952390797954,0.031492119140237196,0.0706,-0.9
2830,0.0021809056467555665,0.14810017894304733,0.22899999999999998,0.1
3248,0.05143173613506094,0.14810017894304733,0.1186,-1.4
3291,0.06393495965271594,0.0344957910220529,0.27940000000000004,2.2
3415,0.05793335587324211,0.02722697219682359,0.3322,2.2
529,0.008683372749928185,0.00783147405774708,0.1226,-0.9
1005,0.11480044413223751,0.006976116286736587,0.1018,0.6
3635,0.07599098629613091,0.0588121943567271,0.20559999999999998,-0.9
2666,0.0014610690865151182,0.0344957910220529,0.13,-0.1
1486,0.0014896676549767016,0.1677603868083821,0.12960000000000002,-1.7
1360,0.011253007086513424,0.025339671035899382,0.5436,-0.8
3283,0.05455469981106585,0.01817263385297442,0.7186,0.5
3243,0.04821054873379661,0.0344957910220529,0.1528,1.5
3048,0.20872160303379264,0.07801892218460295,0.0724,1.5
887,0.11895620450532668,0.2972461671213726,0.316,-1.5
3876,0.29068319367346,0.651275385649692,0.003408,-0.7
517,0.004993521894640331,0.00783147405774708,0.0676,-0.2
3810,0.0587529696612263,0.009966872922827929,0.11939999999999999,-0.2
3460,0.07281188468944215,0.118549935358491,0.008199999999999999,0.7
1951,0.00333092116765766,0.14810017894304733,0.1592,0.5
3352,0.0622698168307589,0.01817263385297442,0.15,-0.8
2777,0.001685197126754787,0.0344957910220529,0.3104,-0.5
1432,0.13932784749237867,0.004704532287446837,0.09519999999999999,2.3
548,0.0307585724385498,0.05375701109409925,0.3642,0.1
1163,0.006363640472072686,0.02264422228546187,0.0006,-1.5
3078,0.02330359647123323,0.0344957910220529,0.3826,2.3
1528,0.07423602278507971,0.09096544967859242,0.14279999999999998,-0.5
3700,0.05154048130896425,0.02066876180978856,0.3396,-1.1
3068,0.021109839122107274,0.14810017894304733,0.0684,0.6
3486,0.05963910160103966,0.118549935358491,0.3274,1.3
2260,0.024980037493076323,0.03127268025485283,0.0006,-1.5
423,0.0559527814332162,0.013721040286368726,0.2018,-1.7
1146,0.002278282007023526,0.02264422228546187,0.4886,0.1
2863,0.0011640676570103777,0.14810017894304733,0.33899999999999997,1.2
169,0.02555243254480372,0.23505698514771678,0.3886,-1.4
226,0.04950186236702372,0.050748850269539736,0.1716,-1.2
1998,0.0035368308605810608,0.01817263385297442,0.1164,-1.5
1805,0.05880670672443436,0.118549935358491,0.3274,1.3
604,0.10100463593386824,0.009566787832424364,0.09519999999999999,2.3
146,0.016918701260624898,0.23505698514771678,0.1286,0.7
3623,0.1360644330690402,0.0588121943567271,0.15380000000000002,0.3
115,0.061506976497202145,0.07121954114819438,0.1298,0.9
20,0.1743621530640577,0.014398841301189588,0.1158,-1.7
3564,0.07337735959373932,0.118549935358491,0.6265999999999999,-0.5
3765,0.0418709169364818,0.04293668159954057,0.19940000000000002,2.2
3828,0.04322959608652952,0.009966872922827929,0.41600000000000004,0.5
295,0.07637025274355601,0.010513831525489882,0.1524,-1.5
3027,0.17674021229882497,0.07801892218460295,0.2018,-1.7
3809,0.05516141314494715,0.009966872922827929,0.3454,-0.9
1712,0.0773253037026743,0.23329471131103105,0.6344,-0.9
199,0.041275078119990836,0.050748850269539736,0.12619999999999998,1.3
3481,0.07302400839230287,0.13551952962217376,0.001,0.3
1801,0.05126063902053646,0.118549935358491,0.001,0.3
2253,0.03304801141796081,0.03127268025485283,0.1998,2.3
1331,0.010079124118352033,0.025339671035899382,0.32020000000000004,2.5
3168,0.02734277354424813,0.0344957910220529,0.13,-0.1
1443,0.1379403579326215,0.004704532287446837,0.2112,0.9
2987,0.012535847069825983,0.007829458434436621,0.3274,1.3
609,0.24911379744643736,0.009566787832424364,0.11720000000000001,-0.2
2445,0.07384884759773437,0.021239127461607474,0.069,0.6
3142,0.023581037892185235,0.01817263385297442,0.1164,-1.5
1971,0.0026050118249784557,0.01817263385297442,0.493,-0.9
224,0.02844109980067151,0.050748850269539736,0.5197999999999999,0.1
2249,0.03499815133204364,0.03127268025485283,0.008199999999999999,0.7
182,0.03964665444766349,0.23505698514771678,0.4988,1.2
3882,0.31785945999688736,0.651275385649692,0.00308,-0.8
3380,0.033230689187368496,0.02722697219682359,0.1376,0.0
2095,0.002439987492892726,0.14810017894304733,0.04,-0.9
248,0.01366030041348587,0.009030646701590152,0.19940000000000002,2.2
592,0.03977672497385173,0.009566787832424364,0.1162,0.6
1337,0.011924685069739552,0.025339671035899382,0.2228,-1.7
1427,0.1113040749499984,0.004704532287446837,0.1366,1.6
857,0.1199484689103197,5.6575348319585556e-05,0.29100000000000004,0.5
2619,0.0019209058218776648,0.01817263385297442,0.2582,-0.2
3955,0.18905715674585857,0.04320025295339059,0.057999999999999996,0.3
693,0.0013728018999052927,0.018983011244112096,0.19,-1.7
2851,0.0021292869960261407,0.14810017894304733,0.1818,-1.2
1839,0.03707468985735175,0.118549935358491,0.1116,0.3
197,0.0014087442982928138,0.050748850269539736,0.0286,0.5
965,0.18667761462235627,0.006976116286736587,0.29960000000000003,0.0
861,0.14513307443508294,5.6575348319585556e-05,0.41600000000000004,0.6
3881,0.23233632368438817,0.651275385649692,0.0017579999999999998,-1.2
3684,0.041445186642025296,0.02066876180978856,0.1474,-0.9
2796,0.0020228014621000473,0.01817263385297442,0.27940000000000004,2.2
1177,0.00655952301259721,0.02264422228546187,0.3486,-0.6
567,0.03229682235303655,0.05375701109409925,0.1902,-0.6
2398,0.09119038398909497,0.0693531795848928,0.1164,-1.5
2432,0.06639881459286795,0.021239127461607474,0.09519999999999999,2.3
3366,0.06857816673713919,0.0344957910220529,0.33899999999999997,1.2
1467,0.0010279949621326708,0.1677603868083821,0.12119999999999999,0.0
1371,0.01605332976310217,0.025339671035899382,0.46020000000000005,-0.8
1019,0.17940828220191748,0.006976116286736587,0.11699999999999999,0.3
3796,0.03557089945251748,0.009966872922827929,0.12480000000000001,2.5
165,0.02576385011017157,0.23505698514771678,0.2266,0.6
2096,0.002439987492892726,0.0344957910220529,0.04,-0.9
1902,0.029310143213157204,0.13551952962217376,0.42200000000000004,0.1
2158,0.0032139141850876752,0.14810017894304733,0.27940000000000004,2.2
393,0.03885556861439159,0.07097355882163141,0.1444,0.6
3667,0.03360769599481639,0.02066876180978856,0.0674,2.3
3696,0.056214546601826294,0.02066876180978856,0.3624,-1.2
928,0.30818071583699747,0.3525571709767436,0.0834,0.3
1455,0.11582031851320208,0.004704532287446837,0.29100000000000004,0.5
3522,0.0706262479214843,0.118549935358491,0.1116,0.3
1506,0.0004584950741260772,0.1677603868083821,0.2716,0.1
1872,0.04173505608285196,0.13551952962217376,0.37799999999999995,-0.8
2082,0.001775159043347521,0.01817263385297442,0.0292,-1.6
3176,0.024470629905713696,0.14810017894304733,0.31420000000000003,0.9
2179,0.0027387542661296634,0.14810017894304733,0.0654,0.6
1099,0.19711065485213905,0.006976116286736587,0.12960000000000002,-0.5
339,0.030554357475609306,0.09904949864744195,0.1804,-0.2
375,0.030279740604628815,0.07097355882163141,0.198,1.6
2869,0.0011640676570103777,0.14810017894304733,0.33899999999999997,1.2
1884,0.03305471972414315,0.13551952962217376,0.6437999999999999,0.5
833,0.18517926147621716,5.6575348319585556e-05,0.2122,0.6
32,0.17166569643375146,0.014398841301189588,0.47479999999999994,-0.8
649,0.05250894888044725,1.0,0.0,0.6
2546,0.04278960181471687,0.0344957910220529,0.1042,0.7
3130,0.030025601720941805,0.01817263385297442,0.4412,2.2
2390,0.10940979051160227,0.0693531795848928,0.0684,0.6
374,0.0270974613792221,0.07097355882163141,0.2116,-0.3
2094,0.002439987492892726,0.01817263385297442,0.04,-0.9
18,0.1832071606861058,0.014398841301189588,0.4708,2.2
1894,0.049360634868447995,0.13551952962217376,0.252,-1.1
3797,0.037850523120777475,0.009966872922827929,0.14279999999999998,-0.5
2574,0.0014331060417971256,0.01817263385297442,0.3826,2.3
2251,0.03254707748051272,0.03127268025485283,0.1656,0.2
3198,0.01974226263964928,0.0344957910220529,0.07780000000000001,0.6
935,0.2898559536005527,0.3525571709767436,0.1244,-0.6
988,0.10244579194308419,0.09096544967859242,0.34979999999999994,1.6
317,0.14861369675123087,0.010513831525489882,0.5376,-1.2
2178,0.0027387542661296634,0.01817263385297442,0.0654,0.6
3965,0.22523639364849096,0.04320025295339059,0.35200000000000004,-0.5
945,0.30351046368659695,0.3525571709767436,0.1866,-1.4
881,0.15123374930480765,0.2972461671213726,0.36219999999999997,0.5
675,0.09143258914915234,1.0,0.5094,-0.7
2273,0.028785906738444132,0.03127268025485283,0.37799999999999995,-0.8
3834,0.05006521885884227,0.009966872922827929,0.3624,-1.2
2486,0.06051711295968491,0.0344957910220529,0.3642,0.1
2815,0.0021244146473252783,0.14810017894304733,0.13720000000000002,-1.1
3711,0.01578598610829833,0.0640255996483016,0.1452,0.2
3293,0.06393495965271594,0.14810017894304733,0.27940000000000004,2.2
1450,0.15184392271240404,0.004704532287446837,0.1906,1.5
1643,0.08457761820953472,0.006976116286736587,0.49,-0.8
3780,0.03463915103066416,0.04293668159954057,0.1202,-0.6
2143,0.0022727741345790727,0.14810017894304733,0.7186,0.5
1990,0.0032326268286489586,0.14810017894304733,0.4412,2.2
3252,0.05143173613506094,0.0344957910220529,0.1186,-1.4
104,0.0851105401754102,0.07121954114819438,0.0674,2.3
1246,0.01934131777119281,0.01223046190971448,0.099,-1.6
1769,0.0726463660611114,0.118549935358491,0.139,-0.3
1699,0.047411907229350916,0.23329471131103105,0.5682,2.5
3373,0.08283190509964024,0.01817263385297442,0.42840000000000006,-1.1
152,0.02333198319844695,0.23505698514771678,0.0712,0.3
1303,0.6494838699837052,0.1532774086372158,0.133,-0.6
1917,0.045409230685797906,0.118549935358491,0.1744,-0.8
874,0.11150977280167394,0.2972461671213726,0.1324,-0.3
1411,0.1102715607079113,0.001629559564742136,0.3332,-0.7
577,0.029908524124622533,0.05375701109409925,0.1186,-1.4
832,0.1682451664182475,5.6575348319585556e-05,0.265,0.2
3801,0.04081587690837188,0.009966872922827929,0.3432,0.7
3237,0.04821054873379661,0.0344957910220529,0.1528,1.5
701,0.0033346636963699165,0.018983011244112096,0.0676,-0.2
2244,0.030354520565124662,0.03127268025485283,0.5682,2.5
3083,0.022011435473014672,0.14810017894304733,0.1592,0.5
1879,0.03546702662731504,0.118549935358491,0.6265999999999999,-0.5
3297,0.06393495965271594,0.0344957910220529,0.27940000000000004,2.2
1796,0.044946710627962426,0.13551952962217376,0.0814,0.5
599,0.07862170152585014,0.009566787832424364,0.1366,1.6
2657,0.001958754791495958,0.0344957910220529,0.1902,-0.6
980,0.09423284799091172,0.09096544967859242,0.17980000000000002,-0.8
2483,0.058540634117117706,0.0344957910220529,0.254,0.0
863,0.0808584626482924,5.6575348319585556e-05,0.33840000000000003,-1.2
1145,0.002356168972488036,0.02264422228546187,0.1656,0.0
1792,0.04501245202854942,0.13551952962217376,0.1998,2.3
743,0.052188644913677515,0.41091115870335804,0.1782,-0.3
3823,0.040754089877745,0.009966872922827929,0.2696,1.5
2751,0.0013563488963212213,0.01817263385297442,0.1186,-1.4
492,0.017624768139754214,0.07321993726071716,0.37799999999999995,-0.8
1936,0.0031384987008482405,0.14810017894304733,0.3826,2.3
3848,0.18673396439428797,0.651275385649692,0.0017420000000000003,-1.7
939,0.3108079709930016,0.3525571709767436,0.1444,0.6
1248,0.020474809674761545,0.01223046190971448,0.0766,-0.9
1266,0.03127518262833978,0.01223046190971448,0.4104,-1.1
3263,0.051259721041795714,0.14810017894304733,0.0546,-0.6
801,0.0760811600539715,0.41091115870335804,0.327,0.5
1757,0.05407283158592549,0.118549935358491,0.5682,2.5
3746,0.014569452435567072,0.0640255996483016,0.1204,-1.1
2708,0.001353453732600419,0.0344957910220529,0.21960000000000002,-0.9
3852,0.20564086637986187,0.651275385649692,0.002152,0.5
3277,0.05017897760894501,0.01817263385297442,0.3104,-0.5
829,0.16697990925850761,5.6575348319585556e-05,0.1366,1.6
3896,0.24171799580102402,0.2234928701139527,0.0,0.6
3951,0.17175721185282852,0.04320025295339059,0.195,-1.7
471,0.010540020059953898,0.07321993726071716,0.0,0.6
220,0.03634553228220531,0.050748850269539736,0.41659999999999997,2.2
168,0.02629161727234904,0.23505698514771678,0.115,1.5
54,0.03675127888561335,0.022497225547324244,0.0864,0.7
1920,0.04938647950068736,0.13551952962217376,0.332,1.2
3972,0.3558816451421836,0.04320025295339059,0.5376,-1.2
3736,0.016828174434037863,0.0640255996483016,0.2528,0.5
1263,0.027419883758470473,0.031492119140237196,0.3322,2.2
2149,0.0022727741345790727,0.14810017894304733,0.7186,0.5
352,0.030781098224572624,0.09904949864744195,0.0724,1.5
3821,0.040492254095385614,0.009966872922827929,0.109,-1.6
3324,0.07686504328481604,0.0344957910220529,0.0654,0.6
3192,0.01974226263964928,0.0344957910220529,0.07780000000000001,0.6
612,0.23478492605469403,0.009566787832424364,0.1582,-1.7
173,0.02695658694939282,0.23505698514771678,0.3448,0.5
3808,0.05689265043623762,0.009966872922827929,0.193,1.3
3454,0.0804565291873459,0.118549935358491,0.027999999999999997,1.6
953,0.421875560496635,0.3525571709767436,0.11,0.6
3620,0.1369543781513151,0.0588121943567271,0.2332,0.6
661,0.06287271702217864,1.0,0.2738,0.9
48,0.023967365714539116,0.022497225547324244,0.15839999999999999,0.1
937,0.2912746544374951,0.3525571709767436,0.491,0.9
954,0.2045749518343616,0.3525571709767436,0.40659999999999996,0.1
2639,0.001517348244697543,0.0344957910220529,0.1164,-1.5
3449,0.07460533269385522,0.13551952962217376,0.139,-0.3
719,0.005003831502036359,0.018983011244112096,0.327,0.5
1605,0.08019349297124863,0.006976116286736587,0.1298,0.9
1067,0.169930292931253,0.006976116286736587,0.36939999999999995,-0.9
1722,0.08872059749400277,0.23329471131103105,0.1636,-0.9
2879,0.0033135501853328465,0.0344957910220529,0.42840000000000006,-1.1
96,0.07864076723815787,0.07121954114819438,0.14279999999999998,-0.5
2160,0.00271608725260826,0.01817263385297442,0.18,-0.7
2717,0.001379368978589064,0.0344957910220529,0.1568,0.6
3630,0.10581901074656527,0.0588121943567271,0.133,-0.6
3502,0.061661973676889,0.118549935358491,0.0006,-1.5
1970,0.0031810787916688203,0.0344957910220529,0.32520000000000004,1.3
695,0.0012873592632669819,0.018983011244112096,0.2332,0.6
2856,0.0028493353975144525,0.01817263385297442,0.15,-0.8
981,0.09423284799091172,0.006976116286736587,0.17980000000000002,-0.8
426,0.04863465491201951,0.013721040286368726,0.2144,2.3
1139,0.2562023586686992,0.006976116286736587,0.4428,1.2
2951,0.042253714071371296,0.06495476972097802,0.1444,0.6
709,0.004361458224764694,0.018983011244112096,0.0492,0.6
2714,0.001379368978589064,0.0344957910220529,0.1568,0.6
3060,0.3036690621674975,0.07801892218460295,0.132,-1.2
3830,0.04377515791352753,0.009966872922827929,0.1528,-0.7
1770,0.07634560854505454,0.13551952962217376,0.027999999999999997,1.6
3208,0.02052748753173029,0.01817263385297442,0.1568,0.6
1070,0.18278891544907377,0.09096544967859242,0.3518,0.6
3707,0.012155238961164416,0.0640255996483016,0.1784,-0.3
3538,0.06567156358895228,0.118549935358491,0.16760000000000003,-1.6
3643,0.08864292236978613,0.0588121943567271,0.1352,-0.5
2242,0.029307883573179993,0.03127268025485283,0.1656,0.0
1641,0.08457761820953472,0.006976116286736587,0.49,-0.8
3738,0.016753112018544864,0.0640255996483016,0.345,-0.7
3074,0.02330359647123323,0.14810017894304733,0.3826,2.3
555,0.030415742685757235,0.05375701109409925,0.0018,-1.7
1226,0.01975546741076611,0.01223046190971448,0.19940000000000002,2.2
202,0.028474217649087516,0.050748850269539736,0.4384,2.2
3006,0.013885134591218418,0.007829458434436621,0.6265999999999999,-0.5
1569,0.10419941379289892,0.006976116286736587,0.11699999999999999,0.3
3464,0.07456953152296628,0.118549935358491,0.0154,-1.7
1598,0.08334385478197723,0.09096544967859242,0.24420000000000003,-0.6
3976,0.35197599866907203,0.04320025295339059,0.5256000000000001,-1.1
3886,0.17772725128637068,0.2234928701139527,0.1656,0.0
1231,0.01841528906303181,0.031492119140237196,0.195,-1.7
1799,0.05126063902053646,0.118549935358491,0.001,0.3
3331,0.06500179217695692,0.01817263385297442,0.22899999999999998,0.1
2617,0.001970829742624182,0.14810017894304733,0.493,-0.9
663,0.0564989787839578,1.0,0.3014,0.6
957,0.3342646580726909,0.3525571709767436,0.13019999999999998,-0.8
11,0.17482954547059404,0.014398841301189588,0.2724,0.6
331,0.01817675581793742,0.09904949864744195,0.2018,-1.7
3733,0.015170728510753203,0.0640255996483016,0.5226,-0.8
2002,0.0035368308605810608,0.14810017894304733,0.1164,-1.5
2152,0.0032139141850876752,0.14810017894304733,0.27940000000000004,2.2
1911,0.045262424701028446,0.118549935358491,0.4266,-1.2
1766,0.0726463660611114,0.13551952962217376,0.139,-0.3
3900,0.2795178888635621,0.2234928701139527,0.3274,1.3
2969,0.036753820980587715,0.06495476972097802,0.13019999999999998,-0.8
3864,0.20023594878187045,0.651275385649692,0.001476,0.6
562,0.03367972201909,0.05375701109409925,0.493,-0.9
3641,0.08545675938816859,0.0588121943567271,0.3148,-0.8
1733,0.20150473662907473,0.23329471131103105,0.5094,-0.7
1098,0.19711065485213905,0.09096544967859242,0.12960000000000002,-0.5
3124,0.02345534541845284,0.01817263385297442,0.2582,-0.2
1093,0.18986582540270316,0.006976116286736587,0.1804,-0.6
3948,0.17268832475093823,0.04320025295339059,0.1804,-0.2
854,0.1763031838044824,5.6575348319585556e-05,0.48,-0.8
2827,0.0021809056467555665,0.14810017894304733,0.22899999999999998,0.1
3560,0.06420724626996992,0.118549935358491,0.3486,-0.6
629,0.15724827540040115,0.009566787832424364,0.40700000000000003,-0.7
2475,0.058540634117117706,0.01817263385297442,0.254,0.0
3642,0.08025287913439971,0.0588121943567271,0.3456,-0.6
3770,0.034742529559621586,0.04293668159954057,0.491,0.9
1136,0.2562023586686992,0.09096544967859242,0.4428,1.2
3111,0.02214200029544793,0.0344957910220529,0.493,-0.9
450,0.03296059159634243,0.013721040286368726,0.3322,2.2
3023,0.15880001254100187,0.07801892218460295,0.207,-0.8
2536,0.04601234271846552,0.14810017894304733,0.2726,1.6
3400,0.05125668465057633,0.02722697219682359,0.1244,-0.6
2156,0.0032139141850876752,0.0344957910220529,0.27940000000000004,2.2
3003,0.027766667881223155,0.007829458434436621,0.0572,-1.4
23,0.17166640257124433,0.014398841301189588,0.3132,0.9
155,0.021599474859669295,0.23505698514771678,0.1998,-0.2
1959,0.002721665738802001,0.01817263385297442,0.14,0.3
819,0.05239420153785448,0.41091115870335804,0.5506,1.2
2220,0.0027835233831781667,0.01817263385297442,0.15,-0.8
3320,0.07686504328481604,0.14810017894304733,0.0654,0.6
2576,0.0014331060417971256,0.0344957910220529,0.3826,2.3
2621,0.0019209058218776648,0.0344957910220529,0.2582,-0.2
262,0.013598089700363265,0.009030646701590152,0.5770000000000001,-0.8
1583,0.09901869484889646,0.006976116286736587,0.11939999999999999,-0.2
361,0.051830209522292336,0.09904949864744195,0.11,0.6
3422,0.07138386283759374,0.02722697219682359,0.13019999999999998,-0.8
2948,0.04036183050045094,0.06495476972097802,0.265,-0.1
809,0.07896735582861422,0.41091115870335804,0.43560000000000004,0.6
2191,0.0021606395007099507,0.14810017894304733,0.22899999999999998,0.1
337,0.031689261654163796,0.09904949864744195,0.107,1.3
1298,0.654283486522801,0.1532774086372158,0.1568,-0.9
1534,0.07646282736887239,0.09096544967859242,0.17980000000000002,-0.8
2115,0.0028831593834233375,0.01817263385297442,0.256,-0.8
1656,0.09969383290583769,0.09096544967859242,0.445,2.2
261,0.011886836100121258,0.009030646701590152,0.1866,-1.4
3266,0.051259721041795714,0.14810017894304733,0.0546,-0.6
3391,0.05720130313437486,0.02722697219682359,0.2144,2.3
3088,0.022011435473014672,0.01817263385297442,0.1592,0.5
3188,0.02213719856049635,0.14810017894304733,0.1362,0.3
3771,0.031648023224579686,0.04293668159954057,0.057999999999999996,0.3
1217,0.020780355367930117,0.031492119140237196,0.1864,0.5
531,0.008485371796925026,0.00783147405774708,0.2632,-1.4
4,0.26372561813157713,0.014398841301189588,0.0318,-0.5
3131,0.030025601720941805,0.14810017894304733,0.4412,2.2
3944,0.1689490442711489,0.04320025295339059,0.1864,0.5
1668,0.10074223524151456,0.09096544967859242,0.4546,0.6
1674,0.09701036920540043,0.09096544967859242,0.1184,0.1
3714,0.01611003260378032,0.0640255996483016,0.3618,0.5
3752,0.03437152492086317,0.04293668159954057,0.207,-0.8
3681,0.030742331276213588,0.02066876180978856,0.36939999999999995,-0.9
7,0.3028026314637355,0.014398841301189588,0.053,1.6
672,0.07776776945571205,1.0,0.6265999999999999,-0.5
1856,0.040593726053112275,0.13551952962217376,0.16760000000000003,-1.6
581,0.04340711905223921,0.05375701109409925,0.7186,0.5
533,0.008497658589301113,0.00783147405774708,0.3456,-0.6
1025,0.19301837623965967,0.006976116286736587,0.3454,-0.9
3893,0.2271419056730239,0.2234928701139527,0.008199999999999999,0.7
2756,0.0019019813370685181,0.0344957910220529,0.256,-0.8
3619,0.1251120287132452,0.0588121943567271,0.3998,0.2
3434,0.07206133114826148,0.118549935358491,0.4886,0.1
3705,0.010925571131065615,0.0640255996483016,0.11699999999999999,-0.5
3105,0.024354823356881605,0.0344957910220529,0.32520000000000004,1.3
1877,0.04007640972582941,0.118549935358491,0.3486,-0.6
1601,0.08079766421015555,0.006976116286736587,0.128,-0.1
3820,0.04259124779296727,0.009966872922827929,0.3518,0.6
481,0.03674937231438258,0.07321993726071716,0.0748,-0.6
2943,0.05813389892121963,0.06495476972097802,0.1804,-0.2
603,0.09596295546221359,0.009566787832424364,0.2122,0.6
3383,0.049379629967006435,0.02722697219682359,0.2488,-0.5
2963,0.04432827541169934,0.06495476972097802,0.45439999999999997,-0.7
3961,0.1882542784164556,0.04320025295339059,0.0724,1.5
2764,0.0015268811008514042,0.14810017894304733,0.0546,-0.6
3379,0.04316738537340692,0.02722697219682359,0.12240000000000001,0.6
3508,0.05924119312380257,0.118549935358491,0.045599999999999995,-1.7
3001,0.012082859868144358,0.007829458434436621,0.005600000000000001,-0.9
2888,0.20895469902019187,0.27081697687045847,0.1042,0.7
249,0.014132777009970943,0.009030646701590152,0.1524,-1.5
2243,0.029294749415812452,0.03127268025485283,0.4886,0.1
1035,0.19468634361158824,0.006976116286736587,0.3398,2.2
783,0.0673670703231031,0.41091115870335804,0.20559999999999998,-0.9
3268,0.051259721041795714,0.01817263385297442,0.0546,-0.6
1392,0.10563767463839405,0.001629559564742136,0.3478,2.2
299,0.06381788205639666,0.010513831525489882,0.491,0.9
3632,0.08219087348360504,0.0588121943567271,0.2336,0.9
305,0.0858929405175197,0.010513831525489882,0.0766,-0.9
1472,0.0018445723588974877,0.1677603868083821,0.1784,-0.3
704,0.005910653270391062,0.018983011244112096,0.1998,-1.7
2903,0.22775243214936672,0.27081697687045847,0.31420000000000003,0.9
2598,0.0013644694774893253,0.01817263385297442,0.14,0.3
1394,0.09449221229204603,0.001629559564742136,0.15560000000000002,-1.7
2848,0.0021292869960261407,0.14810017894304733,0.1818,-1.2
913,0.22148404962508336,0.2972461671213726,0.3396,-1.1
351,0.030804612603085483,0.09904949864744195,0.0766,-0.9
3166,0.02734277354424813,0.01817263385297442,0.13,-0.1
2449,0.08080458435758577,0.021239127461607474,0.2588,-0.9
191,0.042930899927041875,0.050748850269539736,0.0236,1.6
942,0.3124880133160584,0.3525571709767436,0.099,-1.6
3829,0.043595304694091355,0.009966872922827929,0.445,2.2
1425,0.12712776880041646,0.004704532287446837,0.2024,-0.8
867,0.15598774936186355,5.6575348319585556e-05,0.1974,-1.1
558,0.03260010840622791,0.05375701109409925,0.3826,2.3
2933,0.05353101228763974,0.06495476972097802,0.198,1.6
2431,0.05452596001510569,0.021239127461607474,0.2122,0.6
1878,0.03546702662731504,0.13551952962217376,0.6265999999999999,-0.5
1219,0.022047377871402193,0.031492119140237196,0.0834,0.3
1905,0.029310143213157204,0.118549935358491,0.42200000000000004,0.1
3943,0.16881106500504042,0.04320025295339059,0.2144,2.3
3008,0.015221146727744736,0.007829458434436621,0.33020000000000005,2.2
1841,0.03707468985735175,0.118549935358491,0.1116,0.3
3172,0.024470629905713696,0.01817263385297442,0.31420000000000003,0.9
72,0.05882471323050277,0.022497225547324244,0.0706,-0.9
752,0.09123395267240558,0.03180379846413318,0.2332,0.6
794,0.08063426399430344,0.03180379846413318,0.3148,-0.8
1931,0.004100964103641777,0.0344957910220529,0.0684,0.6
2006,0.0035368308605810608,0.0344957910220529,0.1164,-1.5
3056,0.3241519218096779,0.07801892218460295,0.4104,-1.1
920,0.21436830210934568,0.3525571709767436,0.2116,-0.3
3150,0.019326700725090223,0.0344957910220529,0.0132,-1.7
2771,0.0015268811008514042,0.0344957910220529,0.0546,-0.6
2577,0.0014331060417971256,0.01817263385297442,0.3826,2.3
950,0.4215507372499108,0.3525571709767436,0.3322,2.2
2908,0.21759280835682654,0.27081697687045847,0.0292,-1.6
1417,0.17674388421378792,0.001629559564742136,0.46020000000000005,-0.8
2457,0.08252332301525228,0.021239127461607474,0.40700000000000003,-0.7
3222,0.017888792948341524,0.0344957910220529,0.0292,-1.6
1142,0.2683780050034078,0.09096544967859242,0.3396,-1.1
3704,0.010341666038204298,0.0640255996483016,0.1604,2.5
406,0.08668734519700812,0.07097355882163141,0.4104,-1.1
364,0.05501849091638852,0.09904949864744195,0.132,-1.2
2200,0.00286063359740051,0.14810017894304733,0.45380000000000004,-1.2
650,0.061376270447270315,1.0,0.1998,2.3
242,0.023811591783610097,0.009030646701590152,0.2144,2.3
590,0.035655847792910776,0.05375701109409925,0.33899999999999997,1.2
3085,0.022011435473014672,0.01817263385297442,0.1592,0.5
2087,0.001775159043347521,0.0344957910220529,0.0292,-1.6
961,0.18046240425128665,0.006976116286736587,0.09300000000000001,0.6
3966,0.25765869663401203,0.04320025295339059,0.3858,0.5
158,0.018523398713191523,0.23505698514771678,0.15560000000000002,-1.7
3205,0.018714197063767323,0.01817263385297442,0.21960000000000002,-0.9
934,0.31495342175869473,0.3525571709767436,0.195,-1.7
3458,0.07281188468944215,0.118549935358491,0.008199999999999999,0.7
625,0.14850142088986318,0.009566787832424364,0.192,-0.6
3377,0.08283190509964024,0.14810017894304733,0.42840000000000006,-1.1
2435,0.08312918898414214,0.021239127461607474,0.0922,1.3
2818,0.002698010132790568,0.14810017894304733,0.0654,0.6
1167,0.006144808463029607,0.02264422228546187,0.2738,0.9
3233,0.020369100892077618,0.14810017894304733,0.04,-0.9
3928,0.27518672393724186,0.2234928701139527,0.1744,-0.8
2905,0.22192305530440598,0.27081697687045847,0.07780000000000001,0.6
3687,0.045231990175085376,0.02066876180978856,0.49,-0.8
2532,0.04601234271846552,0.01817263385297442,0.2726,1.6
1232,0.019596939543614866,0.01223046190971448,0.1244,-0.6
445,0.025774018490069023,0.013721040286368726,0.1866,-1.4
123,0.0614862866686608,0.07121954114819438,0.1832,-1.4
2822,0.002698010132790568,0.0344957910220529,0.0654,0.6
3547,0.07082410764698888,0.13551952962217376,0.17579999999999998,1.5
318,0.16627137089815322,0.010513831525489882,0.132,-1.2
1330,0.009929705424858921,0.025339671035899382,0.0484,0.1
3806,0.03792487939877759,0.009966872922827929,0.36219999999999997,0.5
1854,0.040593726053112275,0.13551952962217376,0.16760000000000003,-1.6
1852,0.04096508376061713,0.13551952962217376,0.2982,0.6
3164,0.02734277354424813,0.14810017894304733,0.13,-0.1
3916,0.27902267463980635,0.2234928701139527,0.0572,-1.4
906,0.20939158628703586,0.2972461671213726,0.1646,-1.1
511,0.002187260884191474,0.00783147405774708,0.2332,0.6
211,0.036538519659009026,0.050748850269539736,0.4142,0.6
452,0.032899793158205584,0.013721040286368726,0.4104,-1.1
1525,0.0780588393302766,0.006976116286736587,0.12480000000000001,2.5
3926,0.2321494090900232,0.2234928701139527,0.7173999999999999,-1.2
366,0.057796788882119386,0.09904949864744195,0.41259999999999997,1.2
3154,0.02339737153028751,0.01817263385297442,0.1902,-0.6
1101,0.22242773177056632,0.006976116286736587,0.41600000000000004,0.5
952,0.45055067426244644,0.3525571709767436,0.4104,-1.1
2120,0.0028831593834233375,0.0344957910220529,0.256,-0.8
3185,0.02213719856049635,0.14810017894304733,0.1362,0.3
642,0.04386504921637098,1.0,0.1202,-0.5
3621,0.12867187965609408,0.0588121943567271,0.2158,2.3
315,0.18323590048206595,0.010513831525489882,0.11,0.6
2752,0.0013563488963212213,0.14810017894304733,0.1186,-1.4
3599,0.06924151229794935,0.13551952962217376,0.1744,-0.8
3718,0.015776382638395182,0.0640255996483016,0.07339999999999999,-0.2
2916,0.23939621572443917,0.27081697687045847,0.27940000000000004,2.2
2189,0.0021606395007099507,0.0344957910220529,0.22899999999999998,0.1
1256,0.017147913490813294,0.01223046190971448,0.1202,-0.6
1918,0.04938647950068736,0.13551952962217376,0.332,1.2
3239,0.04821054873379661,0.14810017894304733,0.1528,1.5
3931,0.0793589796821647,0.04320025295339059,0.12240000000000001,0.6
979,0.09609811017835056,0.006976116286736587,0.14279999999999998,-0.5
2726,0.001322242455415185,0.0344957910220529,0.0292,-1.6
1838,0.03707468985735175,0.13551952962217376,0.1116,0.3
810,0.04959337778610078,0.03180379846413318,0.5197999999999999,0.1
1510,0.002034099661986105,0.1677603868083821,0.5182,1.2
1943,0.0031384987008482405,0.0344957910220529,0.3826,2.3
804,0.07192412863339516,0.03180379846413318,0.4192,-0.7
2175,0.0027425674085912078,0.01817263385297442,0.13720000000000002,-1.1
755,0.07242753405206832,0.41091115870335804,0.2158,2.3
1521,0.10558605598766463,0.006976116286736587,0.247,0.1
505,0.01604245524571184,0.07321993726071716,0.501,-1.1
3421,0.06413098342073903,0.02722697219682359,0.132,-1.2
3096,0.02459173248574238,0.0344957910220529,0.14,0.3
2364,0.04041429651617182,0.015398883858127169,0.1866,-1.4
1591,0.09750579527040405,0.006976116286736587,0.316,-1.5
1369,0.01717968967799283,0.025339671035899382,0.1524,-1.2
3070,0.021109839122107274,0.01817263385297442,0.0684,0.6
1554,0.10213848090618342,0.09096544967859242,0.187,0.2
3545,0.07082410764698888,0.13551952962217376,0.17579999999999998,1.5
2281,0.03829200028132518,0.03127268025485283,0.42200000000000004,0.1
2880,0.14351665510013453,0.27081697687045847,0.13140000000000002,0.6
2537,0.04601234271846552,0.0344957910220529,0.2726,1.6
153,0.020863538364591216,0.23505698514771678,0.10859999999999999,1.3
1041,0.1829336736351139,0.006976116286736587,0.08439999999999999,-1.7
685,0.0007167295552717825,0.018983011244112096,0.3034,0.0
3431,0.07647483170625133,0.13551952962217376,0.1656,0.0
2843,0.0012608084935347463,0.0344957910220529,0.45380000000000004,-1.2
3693,0.05291716696508037,0.02066876180978856,0.1646,-1.1
3368,0.06857816673713919,0.14810017894304733,0.33899999999999997,1.2
1803,0.05880670672443436,0.118549935358491,0.3274,1.3
2579,0.0014331060417971256,0.0344957910220529,0.3826,2.3
3440,0.0603205948954168,0.118549935358491,0.5682,2.5
274,0.02371647506331935,0.009030646701590152,0.41259999999999997,1.2
806,0.04216516442976432,0.03180379846413318,0.46740000000000004,-1.1
3812,0.05378769326630111,0.009966872922827929,0.316,-1.5
1942,0.0031384987008482405,0.14810017894304733,0.3826,2.3
624,0.16239199273977675,0.009566787832424364,0.48,-0.8
745,0.055607833267945,0.41091115870335804,0.0236,1.6
2881,0.16283756549778317,0.27081697687045847,0.254,0.0
75,0.07035332578048671,0.022497225547324244,0.0766,-0.9
3255,0.05240952472144994,0.0344957910220529,0.256,-0.8
553,0.03252116223452408,0.05375701109409925,0.2726,1.6
3253,0.05240952472144994,0.01817263385297442,0.256,-0.8
2135,0.0024969021748187416,0.0344957910220529,0.3104,-0.5
862,0.03431976504263517,5.6575348319585556e-05,0.35340000000000005,0.1
500,0.011812974118366156,0.07321993726071716,0.42200000000000004,0.1
1252,0.019775945398059592,0.01223046190971448,0.1866,-1.4
1351,0.012806297729598487,0.025339671035899382,0.0848,0.9
1910,0.045262424701028446,0.13551952962217376,0.4266,-1.2
2330,0.0462131682214402,0.021136679812765315,0.38880000000000003,-0.8
3220,0.017888792948341524,0.01817263385297442,0.0292,-1.6
1553,0.10213848090618342,0.006976116286736587,0.187,0.2
2636,0.0023128121304252895,0.0344957910220529,0.4412,2.2
3566,0.07749604774845235,0.118549935358491,0.6437999999999999,0.5
1194,0.012376683678931145,0.01223046190971448,0.15839999999999999,0.1
1551,0.08148692501695436,0.006976116286736587,0.1446,-1.7
1925,0.0550639661709299,0.118549935358491,0.501,-1.1
1909,0.039749750521623765,0.118549935358491,0.7173999999999999,-1.2
1723,0.09172577743619553,0.23329471131103105,0.2982,0.6
3527,0.07095573167566145,0.13551952962217376,0.3014,0.6
2077,0.0024478256190636786,0.14810017894304733,0.1568,0.6
3831,0.046350653191303666,0.009966872922827929,0.1646,-1.1
3100,0.024354823356881605,0.01817263385297442,0.32520000000000004,1.3
2383,0.08137606143057242,0.0693531795848928,0.46740000000000004,-0.5
632,0.194585224722608,0.009566787832424364,0.35340000000000005,0.1
3403,0.04600231556606665,0.02722697219682359,0.057999999999999996,0.3
5,0.264488740920131,0.014398841301189588,0.1192,-0.8
252,0.012264690272560599,0.009030646701590152,0.265,-0.1
1223,0.02183963222099731,0.031492119140237196,0.1882,-0.9
1281,0.03054030533950102,0.031492119140237196,0.5256000000000001,-1.1
886,0.12928982057611216,0.2972461671213726,0.3398,2.2
3119,0.02345534541845284,0.14810017894304733,0.2582,-0.2
1734,0.2077726248571131,0.23329471131103105,0.252,-1.1
3160,0.02339737153028751,0.01817263385297442,0.1902,-0.6
3768,0.036645570102929424,0.04293668159954057,0.1244,-0.6
1695,0.10574507815106089,0.006976116286736587,0.3396,-1.1
1967,0.0031810787916688203,0.0344957910220529,0.32520000000000004,1.3
2263,0.027408656172333703,0.03127268025485283,0.16879999999999998,-0.1
1352,0.01287648779639062,0.025339671035899382,0.135,0.3
1630,0.08049423692946563,0.09096544967859242,0.1474,-0.9
2239,0.0027868422293946963,0.14810017894304733,0.42840000000000006,-1.1
3107,0.024354823356881605,0.14810017894304733,0.32520000000000004,1.3
2641,0.001517348244697543,0.14810017894304733,0.1164,-1.5
1068,0.18278891544907377,0.09096544967859242,0.3518,0.6
1320,0.8064937533665105,0.1532774086372158,0.46740000000000004,-1.1
1676,0.11326177053525505,0.09096544967859242,0.3624,-1.2
1155,0.004509676484519913,0.02264422228546187,0.0,0.6
203,0.03125258622856767,0.050748850269539736,0.201,-1.5
2842,0.0012608084935347463,0.14810017894304733,0.45380000000000004,-1.2
524,0.008914774006344503,0.00783147405774708,0.1168,0.3
1499,0.001149168155910639,0.1677603868083821,0.1226,-0.6
3039,0.22170492943285577,0.07801892218460295,0.1244,-0.6
1848,0.03903287973885341,0.13551952962217376,0.1636,-0.9
2098,0.0027715190457992304,0.14810017894304733,0.1528,1.5
2282,0.025395175725139652,0.03127268025485283,0.7173999999999999,-1.2
1277,0.03616970404647853,0.031492119140237196,0.13019999999999998,-0.8
1187,0.010116478791725312,0.02264422228546187,0.1744,-0.8
1693,0.10574507815106089,0.006976116286736587,0.3396,-1.1
12,0.16820993015735286,0.014398841301189588,0.1628,2.3
2738,0.001741264443689348,0.0344957910220529,0.1528,1.5
823,0.16115900606346142,5.6575348319585556e-05,0.11199999999999999,0.0
3360,0.0622698168307589,0.0344957910220529,0.15,-0.8
2825,0.002698010132790568,0.0344957910220529,0.0654,0.6
2141,0.0024969021748187416,0.0344957910220529,0.3104,-0.5
1978,0.0026050118249784557,0.14810017894304733,0.493,-0.9
99,0.0829286459361646,0.07121954114819438,0.34979999999999994,1.6
184,0.0175172233995888,0.050748850269539736,0.0336,0.6
1932,0.004100964103641777,0.01817263385297442,0.0684,0.6
3487,0.05963910160103966,0.13551952962217376,0.3274,1.3
2624,0.0019209058218776648,0.0344957910220529,0.2582,-0.2
1532,0.07646282736887239,0.09096544967859242,0.17980000000000002,-0.8
1251,0.02000374535326223,0.031492119140237196,0.0724,1.5
2795,0.0020228014621000473,0.0344957910220529,0.27940000000000004,2.2
3358,0.0622698168307589,0.01817263385297442,0.15,-0.8
3918,0.2606488358476065,0.2234928701139527,0.3486,-0.6
3425,0.060897085544602894,0.13551952962217376,0.1016,0.6
1684,0.0976125632593273,0.09096544967859242,0.2036,-0.8
2964,0.04554036041822546,0.06495476972097802,0.4104,-1.1
2384,0.08231021071990152,0.0693531795848928,0.37920000000000004,-0.8
1268,0.03725200098181357,0.01223046190971448,0.11,0.6
3523,0.0706262479214843,0.13551952962217376,0.1116,0.3
3874,0.2893546665943582,0.651275385649692,0.00395,0.5
106,0.07982594840620531,0.07121954114819438,0.11699999999999999,0.3
1212,0.02083599900236895,0.01223046190971448,0.0834,0.6
1763,0.0617486167472652,0.118549935358491,0.044199999999999996,-0.8
996,0.09403343476292281,0.09096544967859242,0.1446,-1.7
3047,0.19929494995886043,0.07801892218460295,0.0766,-0.9
932,0.2993798418082543,0.3525571709767436,0.19940000000000002,2.2
1685,0.0976125632593273,0.006976116286736587,0.2036,-0.8
1305,0.6614280444482482,0.1532774086372158,0.2336,0.9
3182,0.02213719856049635,0.14810017894304733,0.1362,0.3
2760,0.0019019813370685181,0.01817263385297442,0.256,-0.8
2355,0.028696368504347123,0.015398883858127169,0.265,-0.1
384,0.04787696938216077,0.07097355882163141,0.1882,-0.9
1620,0.0827681408840333,0.09096544967859242,0.3518,0.6
281,0.03536209459587328,0.010513831525489882,0.207,-0.8
2270,0.025819140675863966,0.03127268025485283,0.005600000000000001,-0.9
1758,0.06618358388503856,0.13551952962217376,0.1202,-0.5
646,0.04888356837825921,1.0,0.008199999999999999,0.7
2201,0.00286063359740051,0.0344957910220529,0.45380000000000004,-1.2
1870,0.04173505608285196,0.13551952962217376,0.37799999999999995,-0.8
344,0.025920753861089198,0.09904949864744195,0.265,-0.1
74,0.06558569726981825,0.022497225547324244,0.099,-1.6
2781,0.0014600804940250883,0.01817263385297442,0.7186,0.5
2423,0.11439469752882947,0.0693531795848928,0.33899999999999997,1.2
2092,0.002439987492892726,0.14810017894304733,0.04,-0.9
879,0.14807463138916735,0.2972461671213726,0.1018,0.6
2474,0.05621412291933057,0.0344957910220529,0.13140000000000002,0.6
3327,0.06500179217695692,0.0344957910220529,0.22899999999999998,0.1
2683,0.001194219727956294,0.14810017894304733,0.1362,0.3
109,0.06854448397872888,0.07121954114819438,0.11939999999999999,-0.2
2225,0.002175962684305416,0.0344957910220529,0.33899999999999997,1.2
915,0.1745762539518985,0.3525571709767436,0.1376,0.0
724,0.0034278032316806045,0.018983011244112096,0.5197999999999999,0.1
2769,0.0015268811008514042,0.01817263385297442,0.0546,-0.6
3206,0.018714197063767323,0.14810017894304733,0.21960000000000002,-0.9
1981,0.0024220516005736097,0.14810017894304733,0.2582,-0.2
2555,0.027640551724995036,0.0344957910220529,0.0018,-1.7
1739,0.2309354881260156,0.23329471131103105,0.1744,-0.8
1741,0.20708498816654788,0.23329471131103105,0.501,-1.1
1845,0.0420076251551031,0.118549935358491,0.3014,0.6
2562,0.03223122217994812,0.01817263385297442,0.1666,0.2
1084,0.1827086276161335,0.09096544967859242,0.1832,-1.4
3012,0.011703522806969973,0.007829458434436621,0.42200000000000004,0.1
2153,0.0032139141850876752,0.0344957910220529,0.27940000000000004,2.2
750,0.06764267578657361,0.03180379846413318,0.3998,0.2
1625,0.07760874729231579,0.006976116286736587,0.109,-1.6
1636,0.08106359558997364,0.09096544967859242,0.1832,-1.4
2868,0.0011640676570103777,0.01817263385297442,0.33899999999999997,1.2
1883,0.03305471972414315,0.118549935358491,0.6437999999999999,0.5
3453,0.0804565291873459,0.13551952962217376,0.027999999999999997,1.6
1749,0.0548562911342743,0.118549935358491,0.1656,0.0
477,0.03451296426068676,0.07321993726071716,0.295,-0.2
2980,0.014976752541459451,0.007829458434436621,0.008199999999999999,0.7
2459,0.08443434291222965,0.021239127461607474,0.41600000000000004,0.6
3043,0.19760325636717116,0.07801892218460295,0.1444,0.6
880,0.15533379542970868,0.2972461671213726,0.0674,2.3
3155,0.02339737153028751,0.14810017894304733,0.1902,-0.6
930,0.3204242219847717,0.3525571709767436,0.1882,-0.9
1886,0.04289636980364011,0.13551952962217376,0.33020000000000005,2.2
3365,0.06857816673713919,0.14810017894304733,0.33899999999999997,1.2
1137,0.2562023586686992,0.006976116286736587,0.4428,1.2
2552,0.027640551724995036,0.0344957910220529,0.0018,-1.7
2946,0.042734876159018775,0.06495476972097802,0.195,-1.7
3340,0.06044014397296115,0.01817263385297442,0.45380000000000004,-1.2
3479,0.07531323553046602,0.13551952962217376,0.0814,0.5
3569,0.08859822386648691,0.13551952962217376,0.33020000000000005,2.2
1452,0.13341627624324687,0.004704532287446837,0.48,-0.8
2871,0.0033135501853328465,0.01817263385297442,0.42840000000000006,-1.1
538,0.010304593819828171,0.00783147405774708,0.46740000000000004,-1.1
2957,0.04336065520520779,0.06495476972097802,0.1866,-1.4
2210,0.00269793951904128,0.0344957910220529,0.1818,-1.2
362,0.03487711936576425,0.09904949864744195,0.40659999999999996,0.1
3815,0.05721817982045466,0.009966872922827929,0.128,-0.1
3264,0.051259721041795714,0.0344957910220529,0.0546,-0.6
2259,0.022458632347254693,0.03127268025485283,0.4722,2.2
2543,0.04278960181471687,0.0344957910220529,0.1042,0.7
2190,0.0021606395007099507,0.01817263385297442,0.22899999999999998,0.1
2404,0.08289326844777138,0.0693531795848928,0.07780000000000001,0.6
2887,0.19933202217723656,0.27081697687045847,0.2726,1.6
760,0.05793618042321362,0.03180379846413318,0.12619999999999998,1.3
1809,0.035500991840722494,0.118549935358491,0.6344,-0.9
2635,0.0023128121304252895,0.14810017894304733,0.4412,2.2
3891,0.20313577301012573,0.2234928701139527,0.139,-0.3
65,0.06143254960545274,0.022497225547324244,0.1524,-1.5
476,0.034651225981792384,0.07321993726071716,0.6344,-0.9
243,0.02254852365009814,0.009030646701590152,0.1864,0.5
133,0.08644718783568012,0.07121954114819438,0.3624,-1.2
1565,0.09232966622010531,0.006976116286736587,0.36219999999999997,0.5
2145,0.0022727741345790727,0.01817263385297442,0.7186,0.5
544,0.017091987401377306,0.00783147405774708,0.5506,1.2
962,0.18046240425128665,0.09096544967859242,0.09300000000000001,0.6
463,0.014477513333994278,0.07321993726071716,0.5682,2.5
247,0.014819213266798234,0.009030646701590152,0.1804,-0.2
1118,0.2404831731672272,0.09096544967859242,0.4546,0.6
3175,0.024470629905713696,0.01817263385297442,0.31420000000000003,0.9
2462,0.11252463360643906,0.021239127461607474,0.061399999999999996,-1.2
1717,0.0904503518965582,0.23329471131103105,0.0748,-0.6
2659,0.001958754791495958,0.14810017894304733,0.1902,-0.6
821,0.05495147846831434,0.41091115870335804,0.1476,-1.1
1840,0.03707468985735175,0.13551952962217376,0.1116,0.3
2357,0.03155099993305817,0.015398883858127169,0.057999999999999996,0.3
3452,0.07460533269385522,0.118549935358491,0.139,-0.3
899,0.13088710358500355,0.2972461671213726,0.1832,-1.4
2464,0.1279476650433978,0.021239127461607474,0.4374,1.2
1132,0.2412946663740433,0.09096544967859242,0.2036,-0.8
1028,0.18774515328409014,0.09096544967859242,0.11939999999999999,-0.2
1529,0.07423602278507971,0.006976116286736587,0.14279999999999998,-0.5
1850,0.04096508376061713,0.13551952962217376,0.2982,0.6
2970,0.039491021744233044,0.06495476972097802,0.41259999999999997,1.2
120,0.059720448640219276,0.07121954114819438,0.109,-1.6
461,0.00617969165517781,0.07321993726071716,0.1656,0.0
2101,0.0027715190457992304,0.14810017894304733,0.1528,1.5
3256,0.05240952472144994,0.01817263385297442,0.256,-0.8
2473,0.05621412291933057,0.14810017894304733,0.13140000000000002,0.6
1338,0.01362068610013538,0.025339671035899382,0.0902,0.2
1449,0.137313237225196,0.004704532287446837,0.2588,-0.9
217,0.03437816261329623,0.050748850269539736,0.3456,-0.6
2705,0.001353453732600419,0.0344957910220529,0.21960000000000002,-0.9
2315,0.031506018974761796,0.021136679812765315,0.2932,-1.6
994,0.08704493322340184,0.09096544967859242,0.3432,0.7
1393,0.09776254686281471,0.001629559564742136,0.24739999999999998,-1.5
1827,0.03825761138542199,0.118549935358491,0.0748,-0.6
2221,0.0027835233831781667,0.14810017894304733,0.15,-0.8
3712,0.015666154575756833,0.0640255996483016,0.12480000000000001,0.6
573,0.03311488263853641,0.05375701109409925,0.1568,0.6
1182,0.010810541333475691,0.02264422228546187,0.252,-1.1
1756,0.05407283158592549,0.13551952962217376,0.5682,2.5
1624,0.07760874729231579,0.09096544967859242,0.109,-1.6
3595,0.08143163445126196,0.13551952962217376,0.4266,-1.2
204,0.02776186614627158,0.050748850269539736,0.1998,-1.7
2437,0.08673077265282016,0.021239127461607474,0.11720000000000001,-0.2
2973,0.010959606958222365,0.007829458434436621,0.1656,0.0
3618,0.1323172438493306,0.0588121943567271,0.19,-1.7
813,0.06652733161657186,0.41091115870335804,0.2394,-1.2
2168,0.00271608725260826,0.0344957910220529,0.18,-0.7
3879,0.26877753759687856,0.651275385649692,0.0032299999999999994,0.1
417,0.050294431089030665,0.013721040286368726,0.3452,2.5
2407,0.08213981974286992,0.0693531795848928,0.0292,-1.6
177,0.03275291655968684,0.23505698514771678,0.27,0.6
3051,0.21121568065863985,0.07801892218460295,0.1202,-0.6
3920,0.2930623827282159,0.2234928701139527,0.6437999999999999,0.5
1859,0.043024674986096155,0.118549935358491,0.005600000000000001,-0.9
1395,0.09157092148400725,0.001629559564742136,0.13140000000000002,-0.6
1002,0.11215249914769204,0.09096544967859242,0.187,0.2
3136,0.023581037892185235,0.01817263385297442,0.1164,-1.5
1339,0.014150854129788636,0.025339671035899382,0.2052,0.6
3574,0.09118042745044538,0.118549935358491,0.5094,-0.7
3788,0.055253069791522794,0.04293668159954057,0.5376,-1.2
69,0.053509757549104094,0.022497225547324244,0.491,0.9
2415,0.09581671438743844,0.0693531795848928,0.27940000000000004,2.2
291,0.07022876312674292,0.010513831525489882,0.107,1.3
3099,0.02459173248574238,0.0344957910220529,0.14,0.3
1812,0.034227755327313085,0.13551952962217376,0.295,-0.2
2396,0.09291166474173586,0.0693531795848928,0.2582,-0.2
1133,0.2412946663740433,0.006976116286736587,0.2036,-0.8
3120,0.02345534541845284,0.0344957910220529,0.2582,-0.2
186,0.024589049163269438,0.050748850269539736,0.0946,0.1
3091,0.02459173248574238,0.01817263385297442,0.14,0.3
721,0.003832984925094347,0.018983011244112096,0.4192,-0.7
1985,0.0024220516005736097,0.0344957910220529,0.2582,-0.2
1342,0.014371310255065337,0.025339671035899382,0.0712,0.3
2325,0.03765167480278286,0.021136679812765315,0.34740000000000004,-1.1
717,0.004123913572160332,0.018983011244112096,0.3456,-0.6
637,0.21362954106429607,0.009566787832424364,0.1974,-1.1
647,0.046919235100569515,1.0,0.0154,-1.7
2045,0.0030031321434634125,0.0344957910220529,0.1362,0.3
876,0.12835694233427022,0.2972461671213726,0.3432,0.7
1869,0.040024579233852116,0.118549935358491,0.0572,-1.4
3396,0.05221251236093681,0.02722697219682359,0.1804,-0.2
518,0.00661827365200471,0.00783147405774708,0.4384,2.2
3104,0.024354823356881605,0.14810017894304733,0.32520000000000004,1.3
36,0.23326496510127281,0.014398841301189588,0.3778,2.2
3695,0.038929571823645266,0.02066876180978856,0.1184,0.1
1703,0.05861541407761355,0.23329471131103105,0.027999999999999997,1.6
3398,0.05289068680909742,0.02722697219682359,0.1524,-1.5
3740,0.016451167626589974,0.0640255996483016,0.385,0.6
2685,0.001194219727956294,0.01817263385297442,0.1362,0.3
2999,0.011370155296581985,0.007829458434436621,0.2982,0.6
1440,0.12853312363874345,0.004704532287446837,0.1582,-1.7
3057,0.32976995170302004,0.07801892218460295,0.11,0.6
3648,0.10066039390608993,0.0588121943567271,0.43560000000000004,0.6
2610,0.001970829742624182,0.01817263385297442,0.493,-0.9
1211,0.019216543276201162,0.031492119140237196,0.1378,0.2
3311,0.06299057136974008,0.14810017894304733,0.13720000000000002,-1.1
2234,0.0027868422293946963,0.0344957910220529,0.42840000000000006,-1.1
3445,0.06633935781596757,0.13551952962217376,0.044199999999999996,-0.8
758,0.06259591112497023,0.03180379846413318,0.15380000000000002,0.3
3378,0.08283190509964024,0.0344957910220529,0.42840000000000006,-1.1
513,0.003860383059818037,0.00783147405774708,0.0286,0.5
1314,0.683952700651087,0.1532774086372158,0.3148,-0.8
1241,0.019742827549643585,0.031492119140237196,0.1444,0.6
1680,0.07705344076791605,0.09096544967859242,0.16899999999999998,-1.2
2984,0.013535455304744932,0.007829458434436621,0.1998,2.3
2165,0.00271608725260826,0.0344957910220529,0.18,-0.7
1602,0.08079766421015555,0.09096544967859242,0.128,-0.1
2127,0.0026349520546765084,0.01817263385297442,0.0546,-0.6
1290,0.619337730592729,0.1532774086372158,0.2186,0.7
3258,0.05240952472144994,0.0344957910220529,0.256,-0.8
2335,0.04257783118060257,0.015398883858127169,0.15839999999999999,0.1
3265,0.051259721041795714,0.01817263385297442,0.0546,-0.6
3551,0.07107859959942232,0.13551952962217376,0.0572,-1.4
3541,0.06815427240016417,0.13551952962217376,0.005600000000000001,-0.9
2602,0.0046593776330101765,0.14810017894304733,0.32520000000000004,1.3
35,0.1985082421780444,0.014398841301189588,0.18,0.5
2319,0.035875597780694594,0.021136679812765315,0.48,-0.8
2927,0.05280722135743917,0.06495476972097802,0.1376,0.0
891,0.11750452704746685,0.2972461671213726,0.1298,0.9
2089,0.002439987492892726,0.14810017894304733,0.04,-0.9
1283,0.5870039066350656,0.1532774086372158,0.3034,0.0
818,0.05239420153785448,0.03180379846413318,0.5506,1.2
1343,0.01475629641618275,0.025339671035899382,0.10859999999999999,1.3
2122,0.0028831593834233375,0.14810017894304733,0.256,-0.8
1017,0.17940828220191748,0.006976116286736587,0.11699999999999999,0.3
1061,0.17395287577318524,0.006976116286736587,0.195,0.6
2603,0.0046593776330101765,0.0344957910220529,0.32520000000000004,1.3
3209,0.02052748753173029,0.14810017894304733,0.1568,0.6
1109,0.23422580638783275,0.006976116286736587,0.1528,-0.7
67,0.053244602920528177,0.022497225547324244,0.1244,-0.6
683,0.09321961130238023,1.0,0.501,-1.1
1570,0.10419941379289892,0.09096544967859242,0.11699999999999999,0.3
180,0.03630302280513401,0.23505698514771678,0.2242,-1.2
519,0.005806074307695741,0.00783147405774708,0.201,-1.5
3745,0.014054254520762843,0.0640255996483016,0.5182,1.2
812,0.06652733161657186,0.03180379846413318,0.2394,-1.2
576,0.031657485466984256,0.05375701109409925,0.1528,1.5
1000,0.11215249914769204,0.09096544967859242,0.187,0.2
3336,0.06044014397296115,0.0344957910220529,0.45380000000000004,-1.2
2824,0.002698010132790568,0.14810017894304733,0.0654,0.6
3193,0.01974226263964928,0.01817263385297442,0.07780000000000001,0.6
3370,0.08283190509964024,0.01817263385297442,0.42840000000000006,-1.1
3110,0.02214200029544793,0.14810017894304733,0.493,-0.9
126,0.06129937207429583,0.07121954114819438,0.12960000000000002,-0.5
1608,0.0755779664765462,0.09096544967859242,0.1152,0.3
1426,0.11838981162228875,0.004704532287446837,0.12480000000000001,-0.3
566,0.030143809137249684,0.05375701109409925,0.0132,-1.7
1123,0.23229367297981832,0.006976116286736587,0.1184,0.1
2181,0.0027387542661296634,0.01817263385297442,0.0654,0.6
2813,0.0021244146473252783,0.0344957910220529,0.13720000000000002,-1.1
947,0.3223404672991964,0.3525571709767436,0.1202,-0.6
1091,0.1910282689434799,0.006976116286736587,0.49,-0.8
1475,0.0019159628594275146,0.1677603868083821,0.20679999999999998,-1.7
2945,0.047097817272518515,0.06495476972097802,0.1524,-1.5
2268,0.027896455952414242,0.03127268025485283,0.2982,0.6
2416,0.09997967736295496,0.0693531795848928,0.18,-0.7
3419,0.05382363566468863,0.02722697219682359,0.40659999999999996,0.1
3557,0.06420724626996992,0.13551952962217376,0.3486,-0.6
142,0.011839454274349103,0.23505698514771678,0.052199999999999996,-0.5
2932,0.053755210941628696,0.06495476972097802,0.2116,-0.3
84,0.11746999692406508,0.022497225547324244,0.4104,-1.1
3869,0.2570471109514299,0.651275385649692,0.002108,1.5
2768,0.0015268811008514042,0.0344957910220529,0.0546,-0.6
2402,0.08913933702727979,0.0693531795848928,0.31420000000000003,0.9
3152,0.019326700725090223,0.14810017894304733,0.0132,-1.7
10,0.16520729231013445,0.014398841301189588,0.3194,0.2
3476,0.06786652137181613,0.118549935358491,0.1998,2.3
2193,0.0021606395007099507,0.01817263385297442,0.22899999999999998,0.1
982,0.09423284799091172,0.09096544967859242,0.17980000000000002,-0.8
973,0.10818273539022712,0.006976116286736587,0.12480000000000001,2.5
3843,0.15690565748885643,0.651275385649692,0.0014980000000000002,-0.5
3772,0.03180775152546882,0.04293668159954057,0.1444,0.6
521,0.008455149112229821,0.00783147405774708,0.133,-0.6
2558,0.03223122217994812,0.0344957910220529,0.1666,0.2
2548,0.027640551724995036,0.14810017894304733,0.0018,-1.7
2418,0.10603508881938613,0.0693531795848928,0.0654,0.6
1398,0.10018219759591254,0.001629559564742136,0.135,0.3
3586,0.05621461721557559,0.118549935358491,0.42200000000000004,0.1
1987,0.0024220516005736097,0.14810017894304733,0.2582,-0.2
897,0.14344109838839653,0.2972461671213726,0.1474,-0.9
3555,0.07814004514195765,0.13551952962217376,0.37799999999999995,-0.8
1079,0.182189192876372,0.006976116286736587,0.1474,-0.9
772,0.07413391530360947,0.03180379846413318,0.133,-0.6
3968,0.3181016651569447,0.04320025295339059,0.45439999999999997,-0.7
496,0.025760390036456467,0.07321993726071716,0.33020000000000005,2.2
2511,0.044432571919397514,0.01817263385297442,0.37920000000000004,-0.8
2630,0.0023128121304252895,0.0344957910220529,0.4412,2.2
3971,0.2535919095850256,0.04320025295339059,0.40659999999999996,0.1
2409,0.08415421816880471,0.0693531795848928,0.1528,1.5
1011,0.1231952891025755,0.006976116286736587,0.0674,2.3
1866,0.040024579233852116,0.13551952962217376,0.0572,-1.4
1560,0.11181983777479694,0.09096544967859242,0.0674,2.3
698,0.0011817917080816306,0.018983011244112096,0.15380000000000002,0.3
2812,0.0021244146473252783,0.14810017894304733,0.13720000000000002,-1.1
1162,0.00567473273402032,0.02264422228546187,0.4722,2.2
260,0.012452311004418444,0.009030646701590152,0.0724,1.5
2611,0.001970829742624182,0.14810017894304733,0.493,-0.9
1038,0.1892466134351979,0.09096544967859242,0.316,-1.5
3500,0.06081983410288197,0.118549935358491,0.4722,2.2
3530,0.06740131799150771,0.118549935358491,0.1636,-0.9
1420,0.08635171804664292,0.004704532287446837,0.1162,0.6
846,0.19626032408321464,5.6575348319585556e-05,0.20440000000000003,0.3
3868,0.23268550867461665,0.651275385649692,0.001376,-0.9
1994,0.0032326268286489586,0.0344957910220529,0.4412,2.2
1914,0.045409230685797906,0.13551952962217376,0.1744,-0.8
2864,0.0011640676570103777,0.0344957910220529,0.33899999999999997,1.2
1821,0.039510793594033644,0.118549935358491,0.0006,-1.5
744,0.055607833267945,0.03180379846413318,0.0236,1.6
916,0.1619262950632233,0.3525571709767436,0.15839999999999999,0.1
1559,0.11134503092458536,0.006976116286736587,0.1018,0.6
1119,0.2404831731672272,0.006976116286736587,0.4546,0.6
847,0.20795579692276578,5.6575348319585556e-05,0.069,0.6
2997,0.012074527445728392,0.007829458434436621,0.3014,0.6
2406,0.07398096592265196,0.0693531795848928,0.1568,0.6
591,0.0446449780772554,0.05375701109409925,0.42840000000000006,-1.1
3590,0.07481865683045384,0.118549935358491,0.7173999999999999,-1.2
2662,0.001958754791495958,0.14810017894304733,0.1902,-0.6
1378,0.07568755901544097,0.001629559564742136,0.052199999999999996,-0.5
2264,0.028555070392022115,0.03127268025485283,0.2738,0.9
279,0.0333743881671693,0.010513831525489882,0.3452,2.5
3565,0.07749604774845235,0.13551952962217376,0.6437999999999999,0.5
3286,0.05455469981106585,0.01817263385297442,0.7186,0.5
2847,0.0021292869960261407,0.01817263385297442,0.1818,-1.2
3929,0.29105624611094777,0.2234928701139527,0.332,1.2
3326,0.06500179217695692,0.14810017894304733,0.22899999999999998,0.1
1324,0.9135747730403484,0.1532774086372158,0.1716,-1.2
666,0.06157081132655837,1.0,0.16760000000000003,-1.6
1009,0.1231952891025755,0.006976116286736587,0.0674,2.3
1209,0.018805924324092255,0.031492119140237196,0.2018,-1.7
751,0.06764267578657361,0.41091115870335804,0.3998,0.2
903,0.1670760851850377,0.2972461671213726,0.41600000000000004,0.5
3506,0.05924119312380257,0.118549935358491,0.045599999999999995,-1.7
3597,0.06924151229794935,0.13551952962217376,0.1744,-0.8
1485,0.0016589288120197028,0.1677603868083821,0.35259999999999997,-1.5
3386,0.04871875588742135,0.02722697219682359,0.198,1.6
2108,0.0030947887900390552,0.0344957910220529,0.1186,-1.4
3426,0.060897085544602894,0.118549935358491,0.1016,0.6
2136,0.0024969021748187416,0.01817263385297442,0.3104,-0.5
1110,0.23422580638783275,0.09096544967859242,0.1528,-0.7
2050,0.0030031321434634125,0.14810017894304733,0.1362,0.3
1026,0.19301837623965967,0.09096544967859242,0.3454,-0.9
233,0.020592240339827258,0.009030646701590152,0.3452,2.5
3775,0.030964905813968924,0.04293668159954057,0.099,-1.6
827,0.15113573742079608,5.6575348319585556e-05,0.2024,-0.8
3854,0.2206880914431106,0.651275385649692,0.001562,1.3
1030,0.18774515328409014,0.09096544967859242,0.11939999999999999,-0.2
1278,0.030904884127074244,0.01223046190971448,0.41259999999999997,1.2
1131,0.1981579273678273,0.006976116286736587,0.16899999999999998,-1.2
3408,0.04697466689376049,0.02722697219682359,0.0766,-0.9
697,0.0016961422578944054,0.018983011244112096,0.0286,0.5
3728,0.015580923780366384,0.0640255996483016,0.1396,0.6
3276,0.05017897760894501,0.0344957910220529,0.3104,-0.5
255,0.012767954463735178,0.009030646701590152,0.1444,0.6
1644,0.086749132227635,0.09096544967859242,0.1804,-0.6
1328,0.008037610012690703,0.025339671035899382,0.1152,0.6
2937,0.06175320664096891,0.06495476972097802,0.0834,0.6
1048,0.18448752918819328,0.09096544967859242,0.128,-0.1
824,0.2095338023781016,5.6575348319585556e-05,0.12300000000000001,0.1
31,0.1676825866776711,0.014398841301189588,0.6314,-1.4
1445,0.15021917095503967,0.004704532287446837,0.069,0.6
1652,0.1010014583151503,0.09096544967859242,0.41600000000000004,0.5
2005,0.0035368308605810608,0.14810017894304733,0.1164,-1.5
3229,0.020369100892077618,0.01817263385297442,0.04,-0.9
679,0.08096226485974556,1.0,0.7173999999999999,-1.2
1253,0.019775945398059592,0.031492119140237196,0.1866,-1.4
1461,0.22435471037488275,0.004704532287446837,0.33840000000000003,-1.2
2522,0.04823314513356873,0.0344957910220529,0.0274,-0.3
1954,0.002721665738802001,0.14810017894304733,0.14,0.3
1814,0.03814639473029361,0.13551952962217376,0.4722,2.2
3306,0.053642158329018835,0.0344957910220529,0.18,-0.7
1927,0.004100964103641777,0.14810017894304733,0.0684,0.6
2806,0.0021414325609036525,0.14810017894304733,0.18,-0.7
2421,0.11456339377587818,0.0693531795848928,0.1818,-1.2
2003,0.0035368308605810608,0.0344957910220529,0.1164,-1.5
1088,0.1910282689434799,0.09096544967859242,0.49,-0.8
3041,0.21659044618568535,0.07801892218460295,0.491,0.9
1728,0.0985850558145197,0.23329471131103105,0.37799999999999995,-0.8
2170,0.0027425674085912078,0.14810017894304733,0.13720000000000002,-1.1
723,0.0055926089435985385,0.018983011244112096,0.43560000000000004,0.6
1983,0.0024220516005736097,0.01817263385297442,0.2582,-0.2
2627,0.0019209058218776648,0.0344957910220529,0.2582,-0.2
369,0.028089372715468675,0.07097355882163141,0.1376,0.0
2924,0.26249015997403674,0.27081697687045847,0.33899999999999997,1.2
3588,0.05621461721557559,0.118549935358491,0.42200000000000004,0.1
2019,0.0030044738046998815,0.01817263385297442,0.1902,-0.6
2902,0.26065723888377174,0.27081697687045847,0.13,-0.1
681,0.07764913835690844,1.0,0.1744,-0.8
2219,0.0027835233831781667,0.0344957910220529,0.15,-0.8
2363,0.03952336284140689,0.015398883858127169,0.0724,1.5
307,0.09151541907706699,0.010513831525489882,0.1866,-1.4
1111,0.23422580638783275,0.006976116286736587,0.1528,-0.7
990,0.10244579194308419,0.09096544967859242,0.34979999999999994,1.6
808,0.07896735582861422,0.03180379846413318,0.43560000000000004,0.6
1244,0.020133462810704026,0.01223046190971448,0.2086,0.6
2499,0.060589492052704974,0.01817263385297442,0.3654,2.5
2109,0.0030947887900390552,0.01817263385297442,0.1186,-1.4
3747,0.036117238030757656,0.04293668159954057,0.12240000000000001,0.6
2829,0.0021809056467555665,0.01817263385297442,0.22899999999999998,0.1
312,0.16700928457821138,0.010513831525489882,0.3322,2.2
2699,0.0013194885191929583,0.0344957910220529,0.07780000000000001,0.6
1301,0.726163410949142,0.1532774086372158,0.201,-1.5
367,0.056212569416846235,0.09904949864744195,0.5256000000000001,-1.1
429,0.041563888354578186,0.013721040286368726,0.107,1.3
3273,0.05017897760894501,0.0344957910220529,0.3104,-0.5
3137,0.023581037892185235,0.14810017894304733,0.1164,-1.5
1600,0.08079766421015555,0.09096544967859242,0.128,-0.1
2224,0.002175962684305416,0.14810017894304733,0.33899999999999997,1.2
3668,0.03355282911161972,0.02066876180978856,0.36219999999999997,0.5
2706,0.001353453732600419,0.01817263385297442,0.21960000000000002,-0.9
550,0.02964569974977312,0.05375701109409925,0.46740000000000004,-0.5
3343,0.07047386345052109,0.01817263385297442,0.1818,-1.2
2211,0.00269793951904128,0.01817263385297442,0.1818,-1.2
2387,0.08866389465332462,0.0693531795848928,0.1042,0.7
414,0.047520440562006355,0.013721040286368726,0.12240000000000001,0.6
3292,0.06393495965271594,0.01817263385297442,0.27940000000000004,2.2
2291,0.10602301386825791,0.021136679812765315,0.078,-0.5
3103,0.024354823356881605,0.01817263385297442,0.32520000000000004,1.3
3625,0.11093554179246506,0.0588121943567271,0.1568,-0.9
618,0.1743323540618582,0.009566787832424364,0.19079999999999997,-0.9
1300,0.7053886340674056,0.1532774086372158,0.4384,2.2
325,0.007062928431270367,0.09904949864744195,0.3452,2.5
3260,0.05240952472144994,0.14810017894304733,0.256,-0.8
3388,0.04986679422334338,0.02722697219682359,0.2018,-1.7
2663,0.001958754791495958,0.0344957910220529,0.1902,-0.6
3634,0.07731584146026974,0.0588121943567271,0.0492,0.6
456,0.027605174236601818,0.013721040286368726,0.132,-1.2
800,0.0760811600539715,0.03180379846413318,0.327,0.5
2966,0.027149786167444408,0.06495476972097802,0.40659999999999996,0.1
754,0.07242753405206832,0.03180379846413318,0.2158,2.3
2212,0.00269793951904128,0.14810017894304733,0.1818,-1.2
3235,0.04821054873379661,0.01817263385297442,0.1528,1.5
1468,0.0009347848130726951,0.1677603868083821,0.155,0.1
1822,0.03735375539453738,0.13551952962217376,0.045599999999999995,-1.7
1664,0.10624269324229244,0.09096544967859242,0.1646,-1.1
159,0.023226768712008038,0.23505698514771678,0.13140000000000002,-0.6
3826,0.03644672178493481,0.009966872922827929,0.1804,-0.6
3128,0.030025601720941805,0.14810017894304733,0.4412,2.2
415,0.05449729083289482,0.013721040286368726,0.1376,0.0
3011,0.012514451103791761,0.007829458434436621,0.15539999999999998,0.6
3581,0.08798847414138623,0.13551952962217376,0.15539999999999998,0.6
559,0.02695658694939282,0.05375701109409925,0.1592,0.5
170,0.02062309854826605,0.23505698514771678,0.5436,-0.8
124,0.06238060980339155,0.07121954114819438,0.49,-0.8
3945,0.1603547154590727,0.04320025295339059,0.0834,0.3
3032,0.20961338407354901,0.07801892218460295,0.0834,0.3
2925,0.25309288221880827,0.27081697687045847,0.42840000000000006,-1.1
3795,0.03300430150715162,0.009966872922827929,0.247,0.1
2187,0.0021606395007099507,0.01817263385297442,0.22899999999999998,0.1
303,0.07150086982016372,0.010513831525489882,0.2086,0.6
1304,0.6578673461404078,0.1532774086372158,0.1782,-0.1
3270,0.051259721041795714,0.0344957910220529,0.0546,-0.6
904,0.2080761933653016,0.2972461671213726,0.445,2.2
512,0.002825821019001595,0.00783147405774708,0.2158,2.3
3351,0.07047386345052109,0.0344957910220529,0.1818,-1.2
2154,0.0032139141850876752,0.01817263385297442,0.27940000000000004,2.2
1507,0.0018249417365954626,0.1677603868083821,0.4174,-1.2
3518,0.06915183283635376,0.118549935358491,0.2738,0.9
2623,0.0019209058218776648,0.14810017894304733,0.2582,-0.2
102,0.09366737308661455,0.07121954114819438,0.187,0.2
491,0.017141911322123823,0.07321993726071716,0.0572,-1.4
1496,0.0011152029425031784,0.1677603868083821,0.4482,1.5
267,0.02168851879752129,0.009030646701590152,0.45439999999999997,-0.7
440,0.028765711206147803,0.013721040286368726,0.0706,-0.9
2740,0.001741264443689348,0.14810017894304733,0.1528,1.5
1116,0.2404831731672272,0.09096544967859242,0.4546,0.6
3304,0.053642158329018835,0.01817263385297442,0.18,-0.7
3102,0.024354823356881605,0.0344957910220529,0.32520000000000004,1.3
3867,0.21654271129116676,0.651275385649692,0.001546,-1.6
396,0.0427079723205401,0.07097355882163141,0.099,-1.6
205,0.034554343917769445,0.050748850269539736,0.133,-0.6
221,0.031561591995451346,0.050748850269539736,0.4192,-0.7
244,0.015125041414963958,0.009030646701590152,0.0834,0.3
2277,0.03785377135324471,0.03127268025485283,0.33020000000000005,2.2
3515,0.06498526855962357,0.13551952962217376,0.16879999999999998,-0.1
3855,0.21270068780616355,0.651275385649692,0.0030519999999999996,-0.9
1989,0.0032326268286489586,0.01817263385297442,0.4412,2.2
3357,0.0622698168307589,0.0344957910220529,0.15,-0.8
3000,0.011791648766081223,0.007829458434436621,0.16760000000000003,-1.6
2252,0.032706805781401865,0.03127268025485283,0.0,0.6
3519,0.06915183283635376,0.13551952962217376,0.2738,0.9
2820,0.002698010132790568,0.01817263385297442,0.0654,0.6
1678,0.11326177053525505,0.09096544967859242,0.3624,-1.2
3954,0.1736245218389967,0.04320025295339059,0.491,0.9
21,0.17770310138411421,0.014398841301189588,0.21960000000000002,-0.6
2983,0.01360091425033478,0.007829458434436621,0.0,0.6
3210,0.02052748753173029,0.0344957910220529,0.1568,0.6
2309,0.13355227832437527,0.021136679812765315,0.1402,-0.1
1650,0.08931523587675584,0.09096544967859242,0.12960000000000002,-0.5
2292,0.10648122648738684,0.021136679812765315,0.2024,-0.8
660,0.0633826189057863,1.0,0.16879999999999998,-0.1
2518,0.044432571919397514,0.14810017894304733,0.37920000000000004,-0.8
2447,0.08318384402609093,0.021239127461607474,0.2758,0.6
872,0.13746399757992558,0.2972461671213726,0.14279999999999998,-0.5
741,0.049263399735678615,0.41091115870335804,0.11359999999999999,-0.8
3652,0.1112878337876622,0.0588121943567271,0.36060000000000003,-0.8
2622,0.0019209058218776648,0.01817263385297442,0.2582,-0.2
398,0.04679297771684282,0.07097355882163141,0.0724,1.5
132,0.06474800636201636,0.07121954114819438,0.1184,0.1
3321,0.07686504328481604,0.0344957910220529,0.0654,0.6
3688,0.03849084859931979,0.02066876180978856,0.1804,-0.6
225,0.04982894525372509,0.050748850269539736,0.2394,-1.2
3170,0.02734277354424813,0.14810017894304733,0.13,-0.1
1830,0.03851415113658479,0.13551952962217376,0.16879999999999998,-0.1
131,0.06856580933101382,0.07121954114819438,0.4546,0.6
3692,0.04999474633705298,0.02066876180978856,0.1528,-0.7
1008,0.1231952891025755,0.09096544967859242,0.0674,2.3
1438,0.14890949774699772,0.004704532287446837,0.43439999999999995,2.2
1837,0.03926032662530961,0.118549935358491,0.2738,0.9
6,0.2774452340944648,0.014398841301189588,0.0622,-0.3
2566,0.0016097110287660642,0.14810017894304733,0.0684,0.6
161,0.022058605457538964,0.23505698514771678,0.0848,0.9
2650,0.0018150558116951621,0.14810017894304733,0.0132,-1.7
2883,0.17023011891072926,0.27081697687045847,0.3654,2.5
1564,0.09232966622010531,0.09096544967859242,0.36219999999999997,0.5
3857,0.22037350719003318,0.651275385649692,0.003862,2.2
3413,0.04756344433532266,0.02722697219682359,0.35200000000000004,-0.5
3505,0.05924119312380257,0.13551952962217376,0.045599999999999995,-1.7
2587,0.0015095807322758783,0.14810017894304733,0.1592,0.5
1515,0.09206309931654365,0.006976116286736587,0.09300000000000001,0.6
3727,0.016373563116122616,0.0640255996483016,0.4224,-0.9
1779,0.07325110221001263,0.118549935358491,0.0154,-1.7
418,0.05034682649100226,0.013721040286368726,0.2488,-0.5
284,0.055880049271449704,0.010513831525489882,0.0864,0.7
3578,0.08682624244185734,0.118549935358491,0.252,-1.1
1724,0.09832583274088398,0.23329471131103105,0.16760000000000003,-1.6
3309,0.06299057136974008,0.0344957910220529,0.13720000000000002,-1.1
3909,0.23167742678978315,0.2234928701139527,0.1116,0.3
3313,0.06299057136974008,0.01817263385297442,0.13720000000000002,-1.1
3762,0.04270691311430078,0.04293668159954057,0.107,1.3
787,0.05805283433703717,0.41091115870335804,0.0894,-1.6
2316,0.035579161261184156,0.021136679812765315,0.2588,-0.9
2488,0.06051711295968491,0.14810017894304733,0.3642,0.1
598,0.07358997759284508,0.009566787832424364,0.12480000000000001,-0.3
1752,0.05868313266318061,0.13551952962217376,0.4886,0.1
3067,0.021109839122107274,0.01817263385297442,0.0684,0.6
3722,0.017185550619183722,0.0640255996483016,0.1882,-0.6
2134,0.0024969021748187416,0.14810017894304733,0.3104,-0.5
3414,0.05320364694594122,0.02722697219682359,0.3858,0.5
2526,0.04823314513356873,0.01817263385297442,0.0274,-0.3
896,0.12767156528368226,0.2972461671213726,0.109,-1.6
2173,0.0027425674085912078,0.14810017894304733,0.13720000000000002,-1.1
3603,0.09247385949615113,0.13551952962217376,0.332,1.2
1754,0.05407283158592549,0.13551952962217376,0.5682,2.5
112,0.07808637869249888,0.07121954114819438,0.08439999999999999,-1.7
3721,0.016055518789330092,0.0640255996483016,0.12960000000000002,-1.7
2539,0.04278960181471687,0.14810017894304733,0.1042,0.7
1669,0.10074223524151456,0.006976116286736587,0.4546,0.6
2732,0.001904594045792169,0.0344957910220529,0.04,-0.9
2625,0.0019209058218776648,0.01817263385297442,0.2582,-0.2
2779,0.001685197126754787,0.14810017894304733,0.3104,-0.5
2174,0.0027425674085912078,0.0344957910220529,0.13720000000000002,-1.1
1379,0.07857643811255662,0.001629559564742136,0.18960000000000002,-0.8
2035,0.0025102481734341473,0.14810017894304733,0.31420000000000003,0.9
3407,0.049368684835866816,0.02722697219682359,0.099,-1.6
3517,0.06915183283635376,0.13551952962217376,0.2738,0.9
1541,0.08660910516279717,0.006976116286736587,0.34979999999999994,1.6
2433,0.07100904505637379,0.021239127461607474,0.32299999999999995,0.5
34,0.18099214859844417,0.014398841301189588,0.1074,-0.5
273,0.025213980844467004,0.009030646701590152,0.13019999999999998,-0.8
3524,0.0706262479214843,0.118549935358491,0.1116,0.3
301,0.071862270989019,0.010513831525489882,0.1444,0.6
2661,0.001958754791495958,0.01817263385297442,0.1902,-0.6
3215,0.02052748753173029,0.14810017894304733,0.1568,0.6
3384,0.04496055092282284,0.02722697219682359,0.207,-0.8
328,0.012215260648059096,0.09904949864744195,0.2116,-0.3
3633,0.08904393785199188,0.0588121943567271,0.1168,0.3
3174,0.024470629905713696,0.0344957910220529,0.31420000000000003,0.9
71,0.05519664940584179,0.022497225547324244,0.1444,0.6
473,0.013054151989598877,0.07321993726071716,0.0814,0.5
2834,0.0021809056467555665,0.0344957910220529,0.22899999999999998,0.1
619,0.17559210334915365,0.009566787832424364,0.2758,0.6
178,0.027815250140733203,0.23505698514771678,0.24359999999999998,0.1
1690,0.10308223366541568,0.09096544967859242,0.4428,1.2
3544,0.06815427240016417,0.118549935358491,0.005600000000000001,-0.9
3305,0.053642158329018835,0.14810017894304733,0.18,-0.7
3053,0.2934648104854074,0.07801892218460295,0.3858,0.5
280,0.034961149727416804,0.010513831525489882,0.2488,-0.5
941,0.31166564559185195,0.3525571709767436,0.2086,0.6
1031,0.18774515328409014,0.006976116286736587,0.11939999999999999,-0.2
753,0.09123395267240558,0.41091115870335804,0.2332,0.6
2172,0.0027425674085912078,0.01817263385297442,0.13720000000000002,-1.1
1760,0.06618358388503856,0.13551952962217376,0.1202,-0.5
2299,0.1689686748934509,0.021136679812765315,0.09519999999999999,2.3
38,0.24980143413700254,0.014398841301189588,0.3496,-1.1
1777,0.07115712208863043,0.118549935358491,0.008199999999999999,0.7
3040,0.21102742440303843,0.07801892218460295,0.265,-0.1
319,0.17379943209598273,0.010513831525489882,0.13019999999999998,-0.8
3228,0.020369100892077618,0.0344957910220529,0.04,-0.9
594,0.050687608445065466,0.009566787832424364,0.12300000000000001,0.1
2166,0.00271608725260826,0.01817263385297442,0.18,-0.7
3624,0.12412442481570518,0.0588121943567271,0.12619999999999998,1.3
3679,0.03351250866077635,0.02066876180978856,0.1152,0.3
678,0.0579048985322791,1.0,0.42200000000000004,0.1
3570,0.08859822386648691,0.118549935358491,0.33020000000000005,2.2
3225,0.017888792948341524,0.0344957910220529,0.0292,-1.6
864,0.11430770138970683,5.6575348319585556e-05,0.061399999999999996,-1.2
458,0.0325157955895782,0.013721040286368726,0.41259999999999997,1.2
746,0.07246298215421082,0.03180379846413318,0.2186,0.7
1791,0.04501245202854942,0.118549935358491,0.1998,2.3
2872,0.0033135501853328465,0.14810017894304733,0.42840000000000006,-1.1
1556,0.11134503092458536,0.09096544967859242,0.1018,0.6
383,0.04581871981791821,0.07097355882163141,0.107,1.3
1963,0.0031810787916688203,0.14810017894304733,0.32520000000000004,1.3
1001,0.11215249914769204,0.006976116286736587,0.187,0.2
3028,0.1869374026059863,0.07801892218460295,0.1378,0.2
3218,0.017888792948341524,0.14810017894304733,0.0292,-1.6
1566,0.09232966622010531,0.09096544967859242,0.36219999999999997,0.5
3927,0.2589794562006922,0.2234928701139527,0.4266,-1.2
1434,0.12004040801189249,0.004704532287446837,0.1642,0.3
2938,0.06567297586393804,0.06495476972097802,0.2144,2.3
1737,0.21638877331771922,0.23329471131103105,0.7173999999999999,-1.2
3361,0.06857816673713919,0.01817263385297442,0.33899999999999997,1.2
2027,0.0028662120835942512,0.0344957910220529,0.13,-0.1
1923,0.0550639661709299,0.118549935358491,0.501,-1.1
3850,0.20623006750391976,0.651275385649692,0.001476,0.6
2947,0.041231650664178804,0.06495476972097802,0.1244,-0.6
3156,0.02339737153028751,0.0344957910220529,0.1902,-0.6
715,0.005308106147717749,0.018983011244112096,0.2632,-1.4
1916,0.045409230685797906,0.13551952962217376,0.1744,-0.8
3334,0.06044014397296115,0.01817263385297442,0.45380000000000004,-1.2
3200,0.018714197063767323,0.14810017894304733,0.21960000000000002,-0.9
2542,0.04278960181471687,0.14810017894304733,0.1042,0.7
2426,0.027827395705610714,0.021239127461607474,0.12480000000000001,-0.3
3098,0.02459173248574238,0.14810017894304733,0.14,0.3
1817,0.03814639473029361,0.118549935358491,0.4722,2.2
631,0.1580333590649836,0.009566787832424364,0.41600000000000004,0.6
1474,0.00187783143481207,0.1677603868083821,0.19039999999999999,0.7
3835,0.04289206236493355,0.009966872922827929,0.16899999999999998,-1.2
1590,0.09750579527040405,0.09096544967859242,0.316,-1.5
3949,0.16735797527219481,0.04320025295339059,0.19940000000000002,2.2
1157,0.006490462765793683,0.02264422228546187,0.0814,0.5
2274,0.0301809519693751,0.03127268025485283,0.3486,-0.6
617,0.1789230245168113,0.009566787832424364,0.069,0.6
431,0.038187703773627006,0.013721040286368726,0.1804,-0.2
2643,0.001517348244697543,0.01817263385297442,0.1164,-1.5
3671,0.030793314403199424,0.02066876180978856,0.3454,-0.9
2061,0.002482143901217579,0.01817263385297442,0.21960000000000002,-0.9
3914,0.26391691077839796,0.2234928701139527,0.005600000000000001,-0.9
1333,0.010433746367275667,0.025339671035899382,0.18960000000000002,-0.8
2055,0.0021030892950403444,0.01817263385297442,0.07780000000000001,0.6
670,0.06952403790885008,1.0,0.37799999999999995,-0.8
1542,0.08660910516279717,0.09096544967859242,0.34979999999999994,1.6
1308,0.6559462990910315,0.1532774086372158,0.20559999999999998,-0.9
1511,0.0020542245805331453,0.1677603868083821,0.1204,-1.1
1890,0.04893052652153564,0.13551952962217376,0.5094,-0.7
2821,0.002698010132790568,0.14810017894304733,0.0654,0.6
1181,0.011865087065340597,0.02264422228546187,0.5094,-0.7
460,0.007384362218028707,0.07321993726071716,0.1016,0.6
735,0.038849425218203545,0.41091115870335804,0.0946,0.1
2440,0.07997226009472976,0.021239127461607474,0.1582,-1.7
1786,0.07562887898978275,0.13551952962217376,0.0,0.6
2157,0.0032139141850876752,0.01817263385297442,0.27940000000000004,2.2
662,0.05400680773034135,1.0,0.1116,0.3
171,0.022381239678035198,0.23505698514771678,0.1602,-0.6
1611,0.0755779664765462,0.006976116286736587,0.1152,0.3
2451,0.07563353949723575,0.021239127461607474,0.2554,-1.4
769,0.07583789568767482,0.41091115870335804,0.201,-1.5
1819,0.039510793594033644,0.118549935358491,0.0006,-1.5
378,0.03971860985818782,0.07097355882163141,0.1378,0.2
657,0.08668423819203946,1.0,0.0006,-1.5
665,0.0497206943760668,1.0,0.2982,0.6
2758,0.0019019813370685181,0.14810017894304733,0.256,-0.8
2017,0.0030044738046998815,0.14810017894304733,0.1902,-0.6
3804,0.04216043330856203,0.009966872922827929,0.1018,0.6
2671,0.0014610690865151182,0.14810017894304733,0.13,-0.1
3427,0.060897085544602894,0.13551952962217376,0.1016,0.6
2613,0.001970829742624182,0.01817263385297442,0.493,-0.9
3474,0.06786652137181613,0.118549935358491,0.1998,2.3
2684,0.001194219727956294,0.0344957910220529,0.1362,0.3
668,0.06953865495495266,1.0,0.17579999999999998,1.5
3892,0.22259395653638994,0.2234928701139527,0.027999999999999997,1.6
2595,0.0013644694774893253,0.01817263385297442,0.14,0.3
816,0.05721048292178228,0.03180379846413318,0.36060000000000003,-0.8
3295,0.06393495965271594,0.01817263385297442,0.27940000000000004,2.2
2100,0.0027715190457992304,0.01817263385297442,0.1528,1.5
1238,0.018868276264713435,0.01223046190971448,0.057999999999999996,0.3
1579,0.1038748730011719,0.006976116286736587,0.3454,-0.9
448,0.028055478115810502,0.013721040286368726,0.35200000000000004,-0.5
2123,0.0028831593834233375,0.0344957910220529,0.256,-0.8
3109,0.02214200029544793,0.01817263385297442,0.493,-0.9
2618,0.001970829742624182,0.0344957910220529,0.493,-0.9
179,0.041042123361090185,0.23505698514771678,0.1524,-1.2
870,0.11765055628099413,0.2972461671213726,0.247,0.1
3333,0.06500179217695692,0.0344957910220529,0.22899999999999998,0.1
1056,0.16667478724783477,0.09096544967859242,0.1152,0.3
2128,0.0026349520546765084,0.14810017894304733,0.0546,-0.6
976,0.09609811017835056,0.09096544967859242,0.14279999999999998,-0.5
3138,0.023581037892185235,0.0344957910220529,0.1164,-1.5
2651,0.0018150558116951621,0.0344957910220529,0.0132,-1.7
1861,0.043024674986096155,0.118549935358491,0.005600000000000001,-0.9
3402,0.04545385857534784,0.02722697219682359,0.491,0.9
2665,0.0014610690865151182,0.14810017894304733,0.13,-0.1
2093,0.002439987492892726,0.0344957910220529,0.04,-0.9
2667,0.0014610690865151182,0.01817263385297442,0.13,-0.1
2238,0.0027868422293946963,0.01817263385297442,0.42840000000000006,-1.1
3038,0.224932472071556,0.07801892218460295,0.195,-1.7
2745,0.0013563488963212213,0.01817263385297442,0.1186,-1.4
611,0.23474015693764552,0.009566787832424364,0.2662,-1.5
321,0.13892316009520994,0.010513831525489882,0.5256000000000001,-1.1
3394,0.0517466734568848,0.02722697219682359,0.107,1.3
2724,0.001322242455415185,0.01817263385297442,0.0292,-1.6
2711,0.001379368978589064,0.0344957910220529,0.1568,0.6
2438,0.08457048622085665,0.021239127461607474,0.43439999999999995,2.2
2159,0.0032139141850876752,0.0344957910220529,0.27940000000000004,2.2
2955,0.04460056202895333,0.06495476972097802,0.0766,-0.9
3280,0.05455469981106585,0.01817263385297442,0.7186,0.5
3550,0.07107859959942232,0.118549935358491,0.0572,-1.4
3289,0.06393495965271594,0.01817263385297442,0.27940000000000004,2.2
285,0.05705908704330911,0.010513831525489882,0.2018,-1.7
3186,0.02213719856049635,0.0344957910220529,0.1362,0.3
3079,0.02330359647123323,0.01817263385297442,0.3826,2.3
3777,0.03325349742838848,0.04293668159954057,0.0724,1.5
2713,0.001379368978589064,0.14810017894304733,0.1568,0.6
3122,0.02345534541845284,0.14810017894304733,0.2582,-0.2
789,0.0636146556859462,0.41091115870335804,0.1226,-0.9
1063,0.17395287577318524,0.006976116286736587,0.195,0.6
2673,0.0014633993402416176,0.01817263385297442,0.31420000000000003,0.9
2228,0.002175962684305416,0.0344957910220529,0.33899999999999997,1.2
3905,0.24015051179433208,0.2234928701139527,0.045599999999999995,-1.7
1686,0.0976125632593273,0.09096544967859242,0.2036,-0.8
338,0.03160155937754827,0.09904949864744195,0.1882,-0.9
2660,0.001958754791495958,0.0344957910220529,0.1902,-0.6
3675,0.030491934921238837,0.02066876180978856,0.08439999999999999,-1.7
2709,0.001379368978589064,0.01817263385297442,0.1568,0.6
3355,0.0622698168307589,0.01817263385297442,0.15,-0.8
749,0.06449662141455158,0.41091115870335804,0.19,-1.7
3873,0.2481002783029087,0.651275385649692,0.0025739999999999995,-0.5
3189,0.02213719856049635,0.0344957910220529,0.1362,0.3
1260,0.021149735890454914,0.01223046190971448,0.3858,0.5
2461,0.11882316820166836,0.021239127461607474,0.33840000000000003,-1.2
3697,0.04721793126005716,0.02066876180978856,0.16899999999999998,-1.2
118,0.059323881824218654,0.07121954114819438,0.36939999999999995,-0.9
1004,0.11480044413223751,0.09096544967859242,0.1018,0.6
2235,0.0027868422293946963,0.01817263385297442,0.42840000000000006,-1.1
3699,0.05175641815428652,0.02066876180978856,0.4428,1.2
1956,0.002721665738802001,0.01817263385297442,0.14,0.3
636,0.205659296568426,0.009566787832424364,0.4374,1.2
844,0.2353876850186152,5.6575348319585556e-05,0.1402,-0.1
1675,0.09701036920540043,0.006976116286736587,0.1184,0.1
3946,0.17160285019688526,0.04320025295339059,0.107,1.3
2351,0.042689965814471695,0.015398883858127169,0.19940000000000002,2.2
2223,0.002175962684305416,0.01817263385297442,0.33899999999999997,1.2
2371,0.03978519862376627,0.015398883858127169,0.4104,-1.1
1788,0.07562887898978275,0.13551952962217376,0.0,0.6
354,0.03198463896743491,0.09904949864744195,0.5770000000000001,-0.8
3245,0.05143173613506094,0.14810017894304733,0.1186,-1.4
2554,0.027640551724995036,0.14810017894304733,0.0018,-1.7
3438,0.0603205948954168,0.118549935358491,0.5682,2.5
2892,0.21397343002332797,0.27081697687045847,0.3826,2.3
1322,0.8541241395361581,0.1532774086372158,0.5197999999999999,0.1
490,0.019596374633620562,0.07321993726071716,0.17579999999999998,1.5
2124,0.0026349520546765084,0.01817263385297442,0.0546,-0.6
791,0.06464957079550908,0.41091115870335804,0.16519999999999999,1.5
3005,0.016783264089490782,0.007829458434436621,0.3486,-0.6
2935,0.05819568595184651,0.06495476972097802,0.2018,-1.7
3751,0.038338322900858014,0.04293668159954057,0.2488,-0.5
2295,0.12255792940150328,0.021136679812765315,0.25,0.7
2342,0.042371427191434156,0.015398883858127169,0.2018,-1.7
1218,0.022047377871402193,0.01223046190971448,0.0834,0.3
1604,0.08019349297124863,0.09096544967859242,0.1298,0.9
2285,0.025255078046552536,0.03127268025485283,0.332,1.2
3,0.291256224248931,0.014398841301189588,0.065,2.5
1171,0.005745417097057469,0.02264422228546187,0.2982,0.6
2535,0.04601234271846552,0.01817263385297442,0.2726,1.6
2162,0.00271608725260826,0.0344957910220529,0.18,-0.7
238,0.019000253362132444,0.009030646701590152,0.0864,0.7
1688,0.10308223366541568,0.09096544967859242,0.4428,1.2
2838,0.0012608084935347463,0.01817263385297442,0.45380000000000004,-1.2
3159,0.02339737153028751,0.0344957910220529,0.1902,-0.6
3444,0.0691754884423652,0.118549935358491,0.1202,-0.5
3786,0.042988591360210056,0.04293668159954057,0.11,0.6
486,0.02649823310276532,0.07321993726071716,0.1636,-0.9
2302,0.13668767002025484,0.021136679812765315,0.0922,1.3
3528,0.07095573167566145,0.118549935358491,0.3014,0.6
424,0.05274960053802028,0.013721040286368726,0.1378,0.2
641,0.04488082799987685,1.0,0.5682,2.5
843,0.24944476408934954,5.6575348319585556e-05,0.059000000000000004,-0.6
1173,0.006000332731986645,0.02264422228546187,0.005600000000000001,-0.9
1810,0.034227755327313085,0.13551952962217376,0.295,-0.2
1201,0.012902049973632826,0.031492119140237196,0.207,-0.8
1313,0.6361472629969549,0.1532774086372158,0.2632,-1.4
3673,0.03165515521325776,0.02066876180978856,0.3398,2.2
411,0.08959903253514376,0.07097355882163141,0.13019999999999998,-0.8
3674,0.03045648681909633,0.02066876180978856,0.316,-1.5
2151,0.0032139141850876752,0.01817263385297442,0.27940000000000004,2.2
2248,0.03336012418981315,0.03127268025485283,0.027999999999999997,1.6
214,0.03301983653199495,0.050748850269539736,0.16519999999999999,1.5
1794,0.044946710627962426,0.13551952962217376,0.0814,0.5
474,0.012373364832714616,0.07321993726071716,0.001,0.3
1183,0.009307033383638568,0.02264422228546187,0.15539999999999998,0.6
1568,0.10419941379289892,0.09096544967859242,0.11699999999999999,0.3
2081,0.001775159043347521,0.0344957910220529,0.0292,-1.6
137,0.08045455200236584,0.07121954114819438,0.3396,-1.1
711,0.0043000242628842555,0.018983011244112096,0.4142,0.6
1185,0.010230166928078767,0.02264422228546187,0.7173999999999999,-1.2
3880,0.3431999100663289,0.651275385649692,0.003814,-1.2
3901,0.2857178466647855,0.2234928701139527,0.6344,-0.9
421,0.05517052231860528,0.013721040286368726,0.198,1.6
3371,0.08283190509964024,0.14810017894304733,0.42840000000000006,-1.1
2549,0.027640551724995036,0.0344957910220529,0.0018,-1.7
817,0.05721048292178228,0.41091115870335804,0.36060000000000003,-0.8
223,0.050031394872933385,0.050748850269539736,0.43560000000000004,0.6
489,0.024626191995394852,0.07321993726071716,0.005600000000000001,-0.9
2071,0.0024478256190636786,0.14810017894304733,0.1568,0.6
2853,0.0028493353975144525,0.01817263385297442,0.15,-0.8
3301,0.053642158329018835,0.01817263385297442,0.18,-0.7
2840,0.0012608084935347463,0.0344957910220529,0.45380000000000004,-1.2
2802,0.0021414325609036525,0.01817263385297442,0.18,-0.7
2958,0.04694804551027896,0.06495476972097802,0.5770000000000001,-0.8
951,0.4416351941186091,0.3525571709767436,0.45439999999999997,-0.7
1619,0.07308198228046821,0.006976116286736587,0.36939999999999995,-0.9
1975,0.0026050118249784557,0.14810017894304733,0.493,-0.9
2716,0.001379368978589064,0.14810017894304733,0.1568,0.6
768,0.07583789568767482,0.03180379846413318,0.201,-1.5
718,0.0045803608475570605,0.018983011244112096,0.1352,-0.5
700,0.00248044917123467,0.018983011244112096,0.1568,-0.9
266,0.01680734337799794,0.009030646701590152,0.3322,2.2
2434,0.07626242554839344,0.021239127461607474,0.1642,0.3
615,0.20333871692557903,0.009566787832424364,0.2112,0.9
3930,0.3021147829319224,0.2234928701139527,0.501,-1.1
78,0.07559745587134965,0.022497225547324244,0.5770000000000001,-0.8
1203,0.015637344166047385,0.031492119140237196,0.2116,-0.3
654,0.08397492985936283,1.0,0.6344,-0.9
3702,0.01818233430413116,0.0640255996483016,0.12119999999999999,0.0
300,0.06971363582568799,0.010513831525489882,0.057999999999999996,0.3
1697,0.0432838274459826,0.23329471131103105,0.1656,0.0
2782,0.0014600804940250883,0.14810017894304733,0.7186,0.5
1640,0.08457761820953472,0.09096544967859242,0.49,-0.8
3044,0.1937412491911195,0.07801892218460295,0.0706,-0.9
2169,0.0027425674085912078,0.01817263385297442,0.13720000000000002,-1.1
3397,0.05057074268999406,0.02722697219682359,0.19940000000000002,2.2
2531,0.04601234271846552,0.0344957910220529,0.2726,1.6
1021,0.1928472085113859,0.006976116286736587,0.193,1.3
2559,0.03223122217994812,0.01817263385297442,0.1666,0.2
3842,0.1657475581059359,0.651275385649692,0.002552,2.5
1921,0.04938647950068736,0.118549935358491,0.332,1.2
1646,0.086749132227635,0.09096544967859242,0.1804,-0.6
1533,0.07646282736887239,0.006976116286736587,0.17980000000000002,-0.8
3090,0.022011435473014672,0.0344957910220529,0.1592,0.5
3019,0.20557371270428912,0.07801892218460295,0.1376,0.0
2503,0.04503999139077169,0.14810017894304733,0.46740000000000004,-0.5
2099,0.0027715190457992304,0.0344957910220529,0.1528,1.5
1484,0.0016899282479570735,0.1677603868083821,0.5064,2.2
2298,0.15239824064431373,0.021136679812765315,0.2122,0.6
1747,0.0548562911342743,0.118549935358491,0.1656,0.0
3514,0.06498526855962357,0.118549935358491,0.16879999999999998,-0.1
3584,0.08798847414138623,0.118549935358491,0.15539999999999998,0.6
3392,0.05848703828140822,0.02722697219682359,0.1864,0.5
836,0.18032604910141178,5.6575348319585556e-05,0.1642,0.3
3973,0.33134915759209377,0.04320025295339059,0.132,-1.2
2811,0.0021244146473252783,0.01817263385297442,0.13720000000000002,-1.1
3456,0.0804565291873459,0.118549935358491,0.027999999999999997,1.6
3911,0.2289752504457846,0.2234928701139527,0.1636,-0.9
3710,0.014802477808217012,0.0640255996483016,0.20679999999999998,-1.7
2425,0.018572898951442315,0.021239127461607474,0.2024,-0.8
2988,0.01161349027662795,0.007829458434436621,0.6344,-0.9
3094,0.02459173248574238,0.01817263385297442,0.14,0.3
995,0.08704493322340184,0.006976116286736587,0.3432,0.7
2373,0.020299828804026226,0.015398883858127169,0.40659999999999996,0.1
797,0.07394078669930716,0.41091115870335804,0.3456,-0.6
139,0.011815939895836246,0.23505698514771678,0.1084,0.0
271,0.02181329329251294,0.009030646701590152,0.5376,-1.2
1820,0.039510793594033644,0.13551952962217376,0.0006,-1.5
580,0.03781422765364351,0.05375701109409925,0.3104,-0.5
2205,0.00269793951904128,0.01817263385297442,0.1818,-1.2
1549,0.08148692501695436,0.006976116286736587,0.1446,-1.7
866,0.18098671133974903,5.6575348319585556e-05,0.4374,1.2
2495,0.060589492052704974,0.0344957910220529,0.3654,2.5
2889,0.19331297680168863,0.27081697687045847,0.0018,-1.7
2032,0.0028662120835942512,0.14810017894304733,0.13,-0.1
634,0.20571988316531498,0.009566787832424364,0.061399999999999996,-1.2
2725,0.001322242455415185,0.14810017894304733,0.0292,-1.6
467,0.01232965492190543,0.07321993726071716,0.027999999999999997,1.6
3269,0.051259721041795714,0.14810017894304733,0.0546,-0.6
894,0.13871357848732357,0.2972461671213726,0.36939999999999995,-0.9
2240,0.0027868422293946963,0.0344957910220529,0.42840000000000006,-1.1
793,0.06597802726086159,0.41091115870335804,0.2632,-1.4
2493,0.060589492052704974,0.01817263385297442,0.3654,2.5
1710,0.08366818373245637,0.23329471131103105,0.001,0.3
387,0.04802815341938607,0.07097355882163141,0.1524,-1.5
2691,0.0013194885191929583,0.01817263385297442,0.07780000000000001,0.6
1488,0.0013743554023896258,0.1677603868083821,0.099,-0.1
1329,0.010072415812169687,0.025339671035899382,0.1084,0.0
2208,0.00269793951904128,0.01817263385297442,0.1818,-1.2
2607,0.0046593776330101765,0.01817263385297442,0.32520000000000004,1.3
2051,0.0030031321434634125,0.0344957910220529,0.1362,0.3
3341,0.06044014397296115,0.14810017894304733,0.45380000000000004,-1.2
3121,0.02345534541845284,0.01817263385297442,0.2582,-0.2
905,0.2334145956360138,0.2972461671213726,0.1528,-0.7
1471,0.0011845456443038572,0.1677603868083821,0.18960000000000002,-0.8
1516,0.10699225819098307,0.09096544967859242,0.29960000000000003,0.0
944,0.3098803887823563,0.3525571709767436,0.0724,1.5
572,0.027466771287997613,0.05375701109409925,0.21960000000000002,-0.9
3177,0.024470629905713696,0.0344957910220529,0.31420000000000003,0.9
1795,0.044946710627962426,0.118549935358491,0.0814,0.5
2029,0.0028662120835942512,0.14810017894304733,0.13,-0.1
1904,0.029310143213157204,0.13551952962217376,0.42200000000000004,0.1
1862,0.04224149789274449,0.13551952962217376,0.17579999999999998,1.5
2320,0.03492139418656774,0.021136679812765315,0.192,-0.6
2846,0.0021292869960261407,0.0344957910220529,0.1818,-1.2
1128,0.1981579273678273,0.09096544967859242,0.16899999999999998,-1.2
3799,0.03413002589829869,0.009966872922827929,0.1324,-0.3
536,0.010157293538813695,0.00783147405774708,0.41659999999999997,2.2
1517,0.10699225819098307,0.006976116286736587,0.29960000000000003,0.0
1746,0.0548562911342743,0.13551952962217376,0.1656,0.0
3234,0.020369100892077618,0.0344957910220529,0.04,-0.9
3520,0.06915183283635376,0.118549935358491,0.2738,0.9
22,0.1806703617429394,0.014398841301189588,0.155,-0.1
3071,0.021109839122107274,0.14810017894304733,0.0684,0.6
516,0.0044214092979100875,0.00783147405774708,0.1568,-0.9
1509,0.0020453272481228747,0.1677603868083821,0.36219999999999997,-0.8
2844,0.0021292869960261407,0.01817263385297442,0.1818,-1.2
532,0.0077452690906389616,0.00783147405774708,0.3148,-0.8
561,0.03502731481049953,0.05375701109409925,0.32520000000000004,1.3
2070,0.0024478256190636786,0.01817263385297442,0.1568,0.6
164,0.021093527346021778,0.23505698514771678,0.3212,-0.9
1401,0.0918086073641102,0.001629559564742136,0.2266,0.6
1585,0.09851260610775037,0.006976116286736587,0.3398,2.2
2712,0.001379368978589064,0.01817263385297442,0.1568,0.6
3369,0.06857816673713919,0.0344957910220529,0.33899999999999997,1.2
3385,0.04333219786424478,0.02722697219682359,0.2116,-0.3
1405,0.09860179127310094,0.001629559564742136,0.3886,-1.4
2959,0.04552101225092059,0.06495476972097802,0.1202,-0.6
2199,0.00286063359740051,0.01817263385297442,0.45380000000000004,-1.2
514,0.004784505196748265,0.00783147405774708,0.15380000000000002,0.3
1876,0.04007640972582941,0.13551952962217376,0.3486,-0.6
2509,0.04503999139077169,0.14810017894304733,0.46740000000000004,-0.5
3859,0.20041827348253172,0.651275385649692,0.0011560000000000001,-1.7
172,0.02217991987881551,0.23505698514771678,0.151,-0.5
2648,0.0018150558116951621,0.0344957910220529,0.0132,-1.7
2941,0.06602844547785312,0.06495476972097802,0.107,1.3
1892,0.04893052652153564,0.13551952962217376,0.5094,-0.7
229,0.03435832014974634,0.050748850269539736,0.1476,-1.1
2626,0.0019209058218776648,0.14810017894304733,0.2582,-0.2
542,0.014442065231851773,0.00783147405774708,0.1716,-1.2
1202,0.015637344166047385,0.01223046190971448,0.2116,-0.3
80,0.09072221483131647,0.022497225547324244,0.35200000000000004,-0.5
1706,0.07219521481691125,0.23329471131103105,0.1656,0.2
438,0.02962945858743691,0.013721040286368726,0.057999999999999996,0.3
157,0.02313652434041815,0.23505698514771678,0.24739999999999998,-1.5
479,0.042866570801440636,0.07321993726071716,0.0006,-1.5
3262,0.051259721041795714,0.01817263385297442,0.0546,-0.6
2748,0.0013563488963212213,0.01817263385297442,0.1186,-1.4
763,0.06285802936232678,0.41091115870335804,0.1568,-0.9
1466,0.0010575821230842844,0.1677603868083821,0.1334,0.6
802,0.0657348335083142,0.03180379846413318,0.41659999999999997,2.2
2993,0.012586406514316091,0.007829458434436621,0.0748,-0.6
960,0.18046240425128665,0.09096544967859242,0.09300000000000001,0.6
3862,0.2132093892560333,0.651275385649692,0.00224,0.9
722,0.004011567097043346,0.018983011244112096,0.46740000000000004,-1.1
2245,0.032713584701333495,0.03127268025485283,0.1202,-0.5
3698,0.05273872602062995,0.02066876180978856,0.2036,-0.8
3267,0.051259721041795714,0.0344957910220529,0.0546,-0.6
1743,0.05783725056046133,0.118549935358491,0.1016,0.6
2907,0.21104232390413816,0.27081697687045847,0.1568,0.6
3390,0.04794913663393296,0.02722697219682359,0.0834,0.6
3212,0.02052748753173029,0.14810017894304733,0.1568,0.6
1901,0.0446356570623494,0.118549935358491,0.15539999999999998,0.6
2389,0.09371157729366875,0.0693531795848928,0.1666,0.2
3694,0.048840564604942904,0.02066876180978856,0.4546,0.6
1973,0.0026050118249784557,0.0344957910220529,0.493,-0.9
2530,0.04601234271846552,0.14810017894304733,0.2726,1.6
3002,0.017411585230654163,0.007829458434436621,0.17579999999999998,1.5
257,0.015505084613631221,0.009030646701590152,0.2086,0.6
397,0.0435833709704617,0.07097355882163141,0.0766,-0.9
3716,0.014895123047282684,0.0640255996483016,0.051399999999999994,1.3
498,0.02586228567667885,0.07321993726071716,0.252,-1.1
1991,0.0032326268286489586,0.0344957910220529,0.4412,2.2
2747,0.0013563488963212213,0.0344957910220529,0.1186,-1.4
3423,0.06682666329980311,0.02722697219682359,0.41259999999999997,1.2
1647,0.086749132227635,0.006976116286736587,0.1804,-0.6
2348,0.046872983094785964,0.015398883858127169,0.107,1.3
30,0.17683151587665416,0.014398841301189588,0.33880000000000005,1.5
276,0.04035865288173299,0.010513831525489882,0.12240000000000001,0.6
358,0.054811663244724376,0.09904949864744195,0.3322,2.2
1074,0.17554486275088005,0.09096544967859242,0.109,-1.6
706,0.005619583395826502,0.018983011244112096,0.1782,-0.1
52,0.02961851345629729,0.022497225547324244,0.2116,-0.3
1742,0.05783725056046133,0.13551952962217376,0.1016,0.6
3669,0.035684587588870935,0.02066876180978856,0.11699999999999999,0.3
3969,0.3050537271772832,0.04320025295339059,0.4104,-1.1
441,0.02892056715833608,0.013721040286368726,0.2086,0.6
2721,0.001322242455415185,0.01817263385297442,0.0292,-1.6
1844,0.0420076251551031,0.13551952962217376,0.3014,0.6
1491,0.001228538010110194,0.1677603868083821,0.1494,0.6
1435,0.11979537830186361,0.004704532287446837,0.0922,1.3
1702,0.05530638317223512,0.23329471131103105,0.139,-0.3
2192,0.0021606395007099507,0.0344957910220529,0.22899999999999998,0.1
3897,0.26971048645246976,0.2234928701139527,0.1998,2.3
3706,0.012991800048977696,0.0640255996483016,0.18960000000000002,-0.8
2025,0.0028662120835942512,0.01817263385297442,0.13,-0.1
1831,0.03851415113658479,0.118549935358491,0.16879999999999998,-0.1
1176,0.006697714119953553,0.02264422228546187,0.37799999999999995,-0.8
3790,0.051484202150781824,0.04293668159954057,0.13019999999999998,-0.8
3861,0.20998248214107668,0.651275385649692,0.00149,-0.1
2011,0.003659557556843362,0.14810017894304733,0.0132,-1.7
3014,0.019420405170395214,0.007829458434436621,0.4266,-1.2
2215,0.0027835233831781667,0.14810017894304733,0.15,-0.8
41,0.28733426599973394,0.014398841301189588,0.547,-1.2
1039,0.1892466134351979,0.006976116286736587,0.316,-1.5
3504,0.061661973676889,0.118549935358491,0.0006,-1.5
2668,0.0014610690865151182,0.14810017894304733,0.13,-0.1
1881,0.03546702662731504,0.118549935358491,0.6265999999999999,-0.5
1164,0.0057228913110346415,0.02264422228546187,0.045599999999999995,-1.7
2428,0.02822586909284211,0.021239127461607474,0.25,0.7
999,0.09403343476292281,0.006976116286736587,0.1446,-1.7
1519,0.10699225819098307,0.006976116286736587,0.29960000000000003,0.0
1197,0.010604561026803003,0.031492119140237196,0.3452,2.5
1208,0.018805924324092255,0.01223046190971448,0.2018,-1.7
3376,0.08283190509964024,0.01817263385297442,0.42840000000000006,-1.1
1574,0.1072195638499407,0.09096544967859242,0.193,1.3
439,0.02921898086282658,0.013721040286368726,0.1444,0.6
1784,0.07505302386434025,0.13551952962217376,0.1656,0.2
3690,0.040958304840685494,0.02066876180978856,0.41600000000000004,0.5
425,0.047978511953636706,0.013721040286368726,0.0834,0.6
1346,0.01609456819268628,0.025339671035899382,0.3478,2.2
2272,0.02480442109859741,0.03127268025485283,0.0572,-1.4
294,0.08235900482065944,0.010513831525489882,0.19940000000000002,2.2
1649,0.08931523587675584,0.006976116286736587,0.12960000000000002,-0.5
2586,0.0015095807322758783,0.01817263385297442,0.1592,0.5
76,0.07163094034635197,0.022497225547324244,0.0724,1.5
116,0.06609658774591591,0.07121954114819438,0.1152,0.3
3658,0.029313038376878008,0.02066876180978856,0.12480000000000001,2.5
2695,0.0013194885191929583,0.14810017894304733,0.07780000000000001,0.6
2720,0.001322242455415185,0.0344957910220529,0.0292,-1.6
2468,0.05621412291933057,0.0344957910220529,0.13140000000000002,0.6
3312,0.06299057136974008,0.0344957910220529,0.13720000000000002,-1.1
1945,0.00333092116765766,0.14810017894304733,0.1592,0.5
122,0.0690445705511855,0.07121954114819438,0.2696,1.5
2544,0.04278960181471687,0.01817263385297442,0.1042,0.7
525,0.005952809678715914,0.00783147405774708,0.0492,0.6
136,0.07726874208949473,0.07121954114819438,0.4428,1.2
3766,0.03911634519051166,0.04293668159954057,0.1524,-1.5
1165,0.005769990681809644,0.02264422228546187,0.0748,-0.6
3774,0.03086117421626506,0.04293668159954057,0.2086,0.6
546,0.03213935369212462,0.05375701109409925,0.13140000000000002,0.6
1130,0.1981579273678273,0.09096544967859242,0.16899999999999998,-1.2
1609,0.0755779664765462,0.006976116286736587,0.1152,0.3
2836,0.0012608084935347463,0.14810017894304733,0.45380000000000004,-1.2
3332,0.06500179217695692,0.14810017894304733,0.22899999999999998,0.1
2424,0.1154776299879081,0.0693531795848928,0.42840000000000006,-1.1
2736,0.001741264443689348,0.01817263385297442,0.1528,1.5
1108,0.23422580638783275,0.09096544967859242,0.1528,-0.7
2388,0.09563234188804783,0.0693531795848928,0.0018,-1.7
2286,0.03564419652427828,0.03127268025485283,0.501,-1.1
2422,0.11822817675016883,0.0693531795848928,0.15,-0.8
2047,0.0030031321434634125,0.14810017894304733,0.1362,0.3
2139,0.0024969021748187416,0.01817263385297442,0.3104,-0.5
1962,0.0031810787916688203,0.01817263385297442,0.32520000000000004,1.3
3730,0.015706545640349488,0.0640255996483016,0.1884,-0.9
1250,0.02000374535326223,0.01223046190971448,0.0724,1.5
972,0.10818273539022712,0.09096544967859242,0.12480000000000001,2.5
859,0.09873129688929487,5.6575348319585556e-05,0.40700000000000003,-0.7
1421,0.07226865311617063,0.004704532287446837,0.11199999999999999,0.0
2837,0.0012608084935347463,0.0344957910220529,0.45380000000000004,-1.2
2467,0.05621412291933057,0.14810017894304733,0.13140000000000002,0.6
1969,0.0031810787916688203,0.14810017894304733,0.32520000000000004,1.3
858,0.08981045010051161,5.6575348319585556e-05,0.385,2.2
1544,0.05624159166780355,0.09096544967859242,0.3432,0.7
2337,0.036497775525669934,0.015398883858127169,0.2488,-0.5
3888,0.17353074677994243,0.2234928701139527,0.5682,2.5
1626,0.07760874729231579,0.09096544967859242,0.109,-1.6
2490,0.06051711295968491,0.01817263385297442,0.3642,0.1
3883,0.33501655327510804,0.651275385649692,0.0045899999999999995,1.2
940,0.30218723263869174,0.3525571709767436,0.0706,-0.9
1816,0.03814639473029361,0.13551952962217376,0.4722,2.2
82,0.11197349329324732,0.022497225547324244,0.3322,2.2
2569,0.0016097110287660642,0.14810017894304733,0.0684,0.6
3849,0.1993830053042224,0.651275385649692,0.00193,0.2
3585,0.05621461721557559,0.13551952962217376,0.42200000000000004,0.1
2010,0.003659557556843362,0.01817263385297442,0.0132,-1.7
1311,0.6702259526995212,0.1532774086372158,0.1226,-0.9
1359,0.010771844998865944,0.025339671035899382,0.3886,-1.4
2919,0.2291985311210328,0.27081697687045847,0.0654,0.6
1007,0.11480044413223751,0.006976116286736587,0.1018,0.6
416,0.055217339234383135,0.013721040286368726,0.15839999999999999,0.1
1321,0.8860431783305045,0.1532774086372158,0.43560000000000004,0.6
2914,0.2290619641299101,0.27081697687045847,0.3104,-0.5
2217,0.0027835233831781667,0.01817263385297442,0.15,-0.8
1016,0.17940828220191748,0.09096544967859242,0.11699999999999999,0.3
1273,0.04255276329960538,0.031492119140237196,0.5376,-1.2
2799,0.0021414325609036525,0.01817263385297442,0.18,-0.7
3227,0.020369100892077618,0.14810017894304733,0.04,-0.9
3199,0.018714197063767323,0.01817263385297442,0.21960000000000002,-0.9
3467,0.0751004056901124,0.13551952962217376,0.1656,0.2
1915,0.045409230685797906,0.118549935358491,0.1744,-0.8
2492,0.06051711295968491,0.0344957910220529,0.3642,0.1
919,0.19147122899276264,0.3525571709767436,0.207,-0.8
3884,0.33633244049308736,0.651275385649692,0.003166,-1.1
1535,0.07646282736887239,0.006976116286736587,0.17980000000000002,-0.8
3615,0.13021069448057515,0.0588121943567271,0.1782,-0.3
2841,0.0012608084935347463,0.01817263385297442,0.45380000000000004,-1.2
3034,0.2064573025491281,0.07801892218460295,0.1882,-0.9
240,0.019441589295181572,0.009030646701590152,0.1378,0.2
3169,0.02734277354424813,0.01817263385297442,0.13,-0.1
3613,0.13199877584004235,0.0588121943567271,0.1328,-0.5
2340,0.051446776863659255,0.015398883858127169,0.198,1.6
3910,0.23331799602698802,0.2234928701139527,0.3014,0.6
3346,0.07047386345052109,0.01817263385297442,0.1818,-1.2
2638,0.001517348244697543,0.14810017894304733,0.1164,-1.5
3236,0.04821054873379661,0.14810017894304733,0.1528,1.5
1259,0.019190981098958955,0.031492119140237196,0.35200000000000004,-0.5
1689,0.10308223366541568,0.006976116286736587,0.4428,1.2
3345,0.07047386345052109,0.0344957910220529,0.1818,-1.2
2284,0.02958560744912915,0.03127268025485283,0.1744,-0.8
399,0.04722887639119678,0.07097355882163141,0.1866,-1.4
2332,0.046656905021965116,0.021136679812765315,0.1974,-1.1
3367,0.06857816673713919,0.01817263385297442,0.33899999999999997,1.2
1465,0.1856786419111809,0.004704532287446837,0.1974,-1.1
1833,0.03851415113658479,0.118549935358491,0.16879999999999998,-0.1
554,0.03131225484671591,0.05375701109409925,0.1042,0.7
1700,0.04687326554978312,0.23329471131103105,0.1202,-0.5
2203,0.00286063359740051,0.14810017894304733,0.45380000000000004,-1.2
1083,0.1884945063915329,0.006976116286736587,0.2696,1.5
2525,0.04823314513356873,0.0344957910220529,0.0274,-0.3
198,0.001775723953341824,0.050748850269539736,0.15380000000000002,0.3
2735,0.001904594045792169,0.0344957910220529,0.04,-0.9
2455,0.08323616881431324,0.021239127461607474,0.29100000000000004,0.5
3575,0.09118042745044538,0.13551952962217376,0.5094,-0.7
215,0.033617581919716685,0.050748850269539736,0.2632,-1.4
748,0.06449662141455158,0.03180379846413318,0.19,-1.7
3764,0.044451849472953095,0.04293668159954057,0.1804,-0.2
2188,0.0021606395007099507,0.14810017894304733,0.22899999999999998,0.1
2043,0.0030031321434634125,0.01817263385297442,0.1362,0.3
1606,0.08019349297124863,0.09096544967859242,0.1298,0.9
759,0.06259591112497023,0.41091115870335804,0.15380000000000002,0.3
987,0.09224429419721629,0.006976116286736587,0.1324,-0.3
2458,0.08704041394344743,0.021239127461607474,0.34740000000000004,-1.1
3573,0.09118042745044538,0.13551952962217376,0.5094,-0.7
2350,0.04432566270297569,0.015398883858127169,0.1804,-0.2
2301,0.14192904617489557,0.021136679812765315,0.1642,0.3
3653,0.12147054827621952,0.0588121943567271,0.5506,1.2
2297,0.13589884382696016,0.021136679812765315,0.265,0.2
3824,0.03801801893408828,0.009966872922827929,0.1832,-1.4
3512,0.061457052576455624,0.118549935358491,0.0748,-0.6
3964,0.19824012177199837,0.04320025295339059,0.1202,-0.6
3767,0.036382251431834996,0.04293668159954057,0.195,-1.7
2441,0.08696288004672935,0.021239127461607474,0.059000000000000004,-0.6
3644,0.0933424086123918,0.0588121943567271,0.327,0.5
88,0.10314211412481178,0.022497225547324244,0.132,-1.2
3785,0.04258065573057409,0.04293668159954057,0.4104,-1.1
910,0.2053771240262717,0.2972461671213726,0.16899999999999998,-1.2
782,0.0673670703231031,0.03180379846413318,0.20559999999999998,-0.9
1373,0.014576301969247994,0.025339671035899382,0.32380000000000003,-1.1
1537,0.0769048694394144,0.006976116286736587,0.1324,-0.3
2015,0.003659557556843362,0.0344957910220529,0.0132,-1.7
1140,0.2683780050034078,0.09096544967859242,0.3396,-1.1
250,0.013522956671120983,0.009030646701590152,0.195,-1.7
2147,0.0022727741345790727,0.0344957910220529,0.7186,0.5
585,0.049748233738289065,0.05375701109409925,0.0654,0.6
3328,0.06500179217695692,0.01817263385297442,0.22899999999999998,0.1
3540,0.06567156358895228,0.118549935358491,0.16760000000000003,-1.6
1477,0.001553784939330079,0.1677603868083821,0.12480000000000001,0.6
1759,0.06618358388503856,0.118549935358491,0.1202,-0.5
3791,0.04958751684490989,0.04293668159954057,0.41259999999999997,1.2
1410,0.10904881302524272,0.001629559564742136,0.4218,2.2
1811,0.034227755327313085,0.118549935358491,0.295,-0.2
1078,0.182189192876372,0.09096544967859242,0.1474,-0.9
1086,0.1827086276161335,0.09096544967859242,0.1832,-1.4
1034,0.19468634361158824,0.09096544967859242,0.3398,2.2
2241,0.027851828062864313,0.03127268025485283,0.1016,0.6
2563,0.03223122217994812,0.14810017894304733,0.1666,0.2
293,0.08295872739336123,0.010513831525489882,0.1804,-0.2
504,0.018541828901755656,0.07321993726071716,0.332,1.2
3250,0.05143173613506094,0.01817263385297442,0.1186,-1.4
3064,0.021109839122107274,0.01817263385297442,0.0684,0.6
2164,0.00271608725260826,0.14810017894304733,0.18,-0.7
434,0.033139244382040724,0.013721040286368726,0.195,-1.7
443,0.03055026187815061,0.013721040286368726,0.0766,-0.9
1069,0.18278891544907377,0.006976116286736587,0.3518,0.6
3589,0.07481865683045384,0.13551952962217376,0.7173999999999999,-1.2
2793,0.0020228014621000473,0.01817263385297442,0.27940000000000004,2.2
526,0.00946542002329124,0.00783147405774708,0.20559999999999998,-0.9
206,0.036252887043139635,0.050748850269539736,0.1782,-0.1
1439,0.1234361526013964,0.004704532287446837,0.2662,-1.5
53,0.03311191686106632,0.022497225547324244,0.198,1.6
2180,0.0027387542661296634,0.0344957910220529,0.0654,0.6
2405,0.07863554182071056,0.0693531795848928,0.21960000000000002,-0.9
1860,0.043024674986096155,0.13551952962217376,0.005600000000000001,-0.9
682,0.1017179760291742,1.0,0.332,1.2
1332,0.010723545194353047,0.025339671035899382,0.052199999999999996,-0.5
2921,0.19199348828249568,0.27081697687045847,0.45380000000000004,-1.2
3347,0.07047386345052109,0.14810017894304733,0.1818,-1.2
2731,0.001904594045792169,0.14810017894304733,0.04,-0.9
3529,0.06740131799150771,0.13551952962217376,0.1636,-0.9
141,0.011646043215049653,0.23505698514771678,0.32020000000000004,2.5
508,0.001854105215051349,0.00783147405774708,0.2186,0.7
2953,0.03979720296114521,0.06495476972097802,0.2086,0.6
1015,0.18138476104448467,0.006976116286736587,0.36219999999999997,0.5
2678,0.0014633993402416176,0.0344957910220529,0.31420000000000003,0.9
1262,0.027419883758470473,0.01223046190971448,0.3322,2.2
3149,0.019326700725090223,0.14810017894304733,0.0132,-1.7
3553,0.07814004514195765,0.13551952962217376,0.37799999999999995,-0.8
2956,0.046938724495372966,0.06495476972097802,0.0724,1.5
2105,0.0027715190457992304,0.0344957910220529,0.1528,1.5
2333,0.038078958599723704,0.015398883858127169,0.12240000000000001,0.6
3420,0.07624773788854157,0.02722697219682359,0.5376,-1.2
1221,0.02285505793575674,0.031492119140237196,0.107,1.3
884,0.12151249284329652,0.2972461671213726,0.3454,-0.9
138,0.012287357286082002,0.23505698514771678,0.1152,0.6
2694,0.0013194885191929583,0.01817263385297442,0.07780000000000001,0.6
2860,0.0028493353975144525,0.14810017894304733,0.15,-0.8
933,0.32306665909687277,0.3525571709767436,0.1524,-1.5
2140,0.0024969021748187416,0.14810017894304733,0.3104,-0.5
3548,0.07082410764698888,0.118549935358491,0.17579999999999998,1.5
712,0.004515537425710805,0.018983011244112096,0.0894,-1.6
135,0.07389022725481706,0.07121954114819438,0.2036,-0.8
3224,0.017888792948341524,0.14810017894304733,0.0292,-1.6
757,0.06875703136408534,0.41091115870335804,0.0286,0.5
2496,0.060589492052704974,0.01817263385297442,0.3654,2.5
2675,0.0014633993402416176,0.0344957910220529,0.31420000000000003,0.9
1282,0.5960473388926126,0.1532774086372158,0.0336,0.6
1555,0.10213848090618342,0.006976116286736587,0.187,0.2
687,0.0007770336971636151,0.018983011244112096,0.2812,2.5
156,0.02389865853648203,0.23505698514771678,0.3478,2.2
2513,0.044432571919397514,0.0344957910220529,0.37920000000000004,-0.8
3660,0.026632116771415103,0.02066876180978856,0.17980000000000002,-0.8
1955,0.002721665738802001,0.0344957910220529,0.14,0.3
3275,0.05017897760894501,0.14810017894304733,0.3104,-0.5
2505,0.04503999139077169,0.01817263385297442,0.46740000000000004,-0.5
1666,0.10624269324229244,0.09096544967859242,0.1646,-1.1
978,0.09609811017835056,0.09096544967859242,0.14279999999999998,-0.5
1326,0.8609111094352114,0.1532774086372158,0.5506,1.2
1138,0.2562023586686992,0.09096544967859242,0.4428,1.2
3731,0.01792819542044415,0.0640255996483016,0.4482,1.5
1508,0.001797402374373197,0.1677603868083821,0.0872,-1.2
3238,0.04821054873379661,0.01817263385297442,0.1528,1.5
1453,0.1187507891086483,0.004704532287446837,0.192,-0.6
386,0.04632445549031786,0.07097355882163141,0.19940000000000002,2.2
3689,0.03951404182650089,0.02066876180978856,0.12960000000000002,-0.5
2113,0.0030947887900390552,0.14810017894304733,0.1186,-1.4
2097,0.0027715190457992304,0.01817263385297442,0.1528,1.5
2310,0.1319867715026634,0.021136679812765315,0.2112,0.9
292,0.08965121609586749,0.010513831525489882,0.1882,-0.9
246,0.01413157657623305,0.009030646701590152,0.1882,-0.9
1993,0.0032326268286489586,0.14810017894304733,0.4412,2.2
3134,0.030025601720941805,0.14810017894304733,0.4412,2.2
3783,0.039246627557947764,0.04293668159954057,0.3322,2.2
2632,0.0023128121304252895,0.14810017894304733,0.4412,2.2
2060,0.0021030892950403444,0.0344957910220529,0.07780000000000001,0.6
3847,0.15408718029978077,0.651275385649692,0.00165,0.7
3742,0.017162106854420153,0.0640255996483016,0.4174,-1.2
2759,0.0019019813370685181,0.0344957910220529,0.256,-0.8
597,0.07095679088190077,0.009566787832424364,0.2024,-0.8
2723,0.001322242455415185,0.0344957910220529,0.0292,-1.6
3203,0.018714197063767323,0.14810017894304733,0.21960000000000002,-0.9
716,0.004275662519379943,0.018983011244112096,0.3148,-0.8
2057,0.0021030892950403444,0.0344957910220529,0.07780000000000001,0.6
408,0.06927477137386392,0.07097355882163141,0.40659999999999996,0.1
1100,0.22242773177056632,0.09096544967859242,0.41600000000000004,0.5
2062,0.002482143901217579,0.14810017894304733,0.21960000000000002,-0.9
2676,0.0014633993402416176,0.01817263385297442,0.31420000000000003,0.9
2090,0.002439987492892726,0.0344957910220529,0.04,-0.9
2599,0.0013644694774893253,0.14810017894304733,0.14,0.3
3534,0.06916878013618286,0.118549935358491,0.2982,0.6
3509,0.061457052576455624,0.13551952962217376,0.0748,-0.6
1729,0.09768282393986873,0.23329471131103105,0.3486,-0.6
1045,0.17901348072964904,0.006976116286736587,0.24420000000000003,-0.6
3381,0.04002436739260425,0.02722697219682359,0.15839999999999999,0.1
1718,0.08320954743083171,0.23329471131103105,0.16879999999999998,-0.1
2056,0.0021030892950403444,0.14810017894304733,0.07780000000000001,0.6
3837,0.034558298287729564,0.009966872922827929,0.4428,1.2
2789,0.0014600804940250883,0.0344957910220529,0.7186,0.5
868,0.10412548119739452,0.2972461671213726,0.09300000000000001,0.6
192,0.0374984429668282,0.050748850269539736,0.2186,0.7
2401,0.0925315509293193,0.0693531795848928,0.13,-0.1
3663,0.02920069190176102,0.02066876180978856,0.3432,0.7
3906,0.23787872625224304,0.2234928701139527,0.0748,-0.6
444,0.030259686299831064,0.013721040286368726,0.0724,1.5
2023,0.0030044738046998815,0.14810017894304733,0.1902,-0.6
1730,0.1122690824477663,0.23329471131103105,0.6265999999999999,-0.5
3478,0.07531323553046602,0.118549935358491,0.0814,0.5
487,0.025477864425555736,0.07321993726071716,0.2982,0.6
3307,0.06299057136974008,0.01817263385297442,0.13720000000000002,-1.1
569,0.03383690822500478,0.05375701109409925,0.31420000000000003,0.9
2547,0.027640551724995036,0.01817263385297442,0.0018,-1.7
1245,0.020133462810704026,0.031492119140237196,0.2086,0.6
49,0.020327933076242796,0.022497225547324244,0.3452,2.5
622,0.17601677443737082,0.009566787832424364,0.1906,1.5
1888,0.04289636980364011,0.13551952962217376,0.33020000000000005,2.2
2307,0.12352237198927687,0.021136679812765315,0.1582,-1.7
119,0.06260996326107852,0.07121954114819438,0.3518,0.6
1193,0.012181224820902347,0.031492119140237196,0.1376,0.0
2336,0.04265882515103575,0.015398883858127169,0.3452,2.5
2596,0.0013644694774893253,0.14810017894304733,0.14,0.3
2633,0.0023128121304252895,0.0344957910220529,0.4412,2.2
3967,0.3032950211375197,0.04320025295339059,0.3322,2.2
1847,0.03903287973885341,0.118549935358491,0.1636,-0.9
2960,0.05908951479033225,0.06495476972097802,0.35200000000000004,-0.5
430,0.03934718153693367,0.013721040286368726,0.1882,-0.9
1335,0.011040036018661237,0.025339671035899382,0.1562,1.6
2593,0.0013644694774893253,0.14810017894304733,0.14,0.3
259,0.012106797929152943,0.009030646701590152,0.0766,-0.9
2855,0.0028493353975144525,0.0344957910220529,0.15,-0.8
2578,0.0014331060417971256,0.14810017894304733,0.3826,2.3
2734,0.001904594045792169,0.14810017894304733,0.04,-0.9
3498,0.06081983410288197,0.118549935358491,0.4722,2.2
2218,0.0027835233831781667,0.14810017894304733,0.15,-0.8
702,0.0042464284271747695,0.018983011244112096,0.4384,2.2
2300,0.16920706691104673,0.021136679812765315,0.32299999999999995,0.5
911,0.2071536247308557,0.2972461671213726,0.2036,-0.8
3480,0.07531323553046602,0.118549935358491,0.0814,0.5
3356,0.0622698168307589,0.14810017894304733,0.15,-0.8
602,0.08478042089748945,0.009566787832424364,0.265,0.2
652,0.06860033945441557,1.0,0.001,0.3
1855,0.040593726053112275,0.118549935358491,0.16760000000000003,-1.6
3485,0.05963910160103966,0.13551952962217376,0.3274,1.3
971,0.17893728849416746,0.006976116286736587,0.247,0.1
1663,0.10121012194429592,0.006976116286736587,0.1528,-0.7
2308,0.13300664588362798,0.021136679812765315,0.059000000000000004,-0.6
1275,0.034842801083610354,0.031492119140237196,0.132,-1.2
2370,0.04334187194789722,0.015398883858127169,0.45439999999999997,-0.7
1782,0.07505302386434025,0.13551952962217376,0.1656,0.2
2915,0.23046640098949633,0.27081697687045847,0.7186,0.5
1571,0.10419941379289892,0.006976116286736587,0.11699999999999999,0.3
635,0.20195948917448855,0.009566787832424364,0.38880000000000003,-0.8
2521,0.04823314513356873,0.14810017894304733,0.0274,-0.3
2677,0.0014633993402416176,0.14810017894304733,0.31420000000000003,0.9
2399,0.09496370029604108,0.0693531795848928,0.0132,-1.7
2757,0.0019019813370685181,0.01817263385297442,0.256,-0.8
931,0.3383576428226632,0.3525571709767436,0.1804,-0.2
1871,0.04173505608285196,0.118549935358491,0.37799999999999995,-0.8
1087,0.1827086276161335,0.006976116286736587,0.1832,-1.4
3631,0.09809972751566425,0.0588121943567271,0.1782,-0.1
2131,0.0026349520546765084,0.14810017894304733,0.0546,-0.6
664,0.05256769951985475,1.0,0.1636,-0.9
1317,0.75646207603858,0.1532774086372158,0.327,0.5
457,0.027830361483080806,0.013721040286368726,0.13019999999999998,-0.8
3511,0.061457052576455624,0.13551952962217376,0.0748,-0.6
357,0.044811979594321184,0.09904949864744195,0.3858,0.5
254,0.012398432713711806,0.009030646701590152,0.057999999999999996,0.3
2209,0.00269793951904128,0.14810017894304733,0.1818,-1.2
3501,0.061661973676889,0.13551952962217376,0.0006,-1.5
1944,0.00333092116765766,0.01817263385297442,0.1592,0.5
1655,0.1010014583151503,0.006976116286736587,0.41600000000000004,0.5
2021,0.0030044738046998815,0.0344957910220529,0.1902,-0.6
2067,0.002482143901217579,0.01817263385297442,0.21960000000000002,-0.9
2345,0.0524010510715354,0.015398883858127169,0.2144,2.3
2533,0.04601234271846552,0.14810017894304733,0.2726,1.6
1875,0.04007640972582941,0.118549935358491,0.3486,-0.6
2311,0.13333761252654017,0.021136679812765315,0.20440000000000003,0.3
185,0.02157264163493991,0.050748850269539736,0.3034,0.0
2034,0.0025102481734341473,0.01817263385297442,0.31420000000000003,0.9
167,0.025696696434598817,0.23505698514771678,0.1728,-0.9
2343,0.043171480970865615,0.015398883858127169,0.1378,0.2
1447,0.1392746047254156,0.004704532287446837,0.2758,0.6
3179,0.024470629905713696,0.14810017894304733,0.31420000000000003,0.9
584,0.05088843394804014,0.05375701109409925,0.13720000000000002,-1.1
2597,0.0013644694774893253,0.0344957910220529,0.14,0.3
1345,0.01638097755979784,0.025339671035899382,0.1998,-0.2
3017,0.02423520366558797,0.007829458434436621,0.501,-1.1
2016,0.0030044738046998815,0.01817263385297442,0.1902,-0.6
100,0.07838408625949649,0.07121954114819438,0.3432,0.7
3411,0.04478931258079978,0.02722697219682359,0.5770000000000001,-0.8
2640,0.001517348244697543,0.01817263385297442,0.1164,-1.5
2132,0.0026349520546765084,0.0344957910220529,0.0546,-0.6
1184,0.00849116212436663,0.02264422228546187,0.42200000000000004,0.1
2567,0.0016097110287660642,0.0344957910220529,0.0684,0.6
1744,0.05783725056046133,0.13551952962217376,0.1016,0.6
2504,0.04503999139077169,0.0344957910220529,0.46740000000000004,-0.5
1066,0.169930292931253,0.09096544967859242,0.36939999999999995,-0.9
1716,0.08713277672751595,0.23329471131103105,0.045599999999999995,-1.7
2816,0.0021244146473252783,0.0344957910220529,0.13720000000000002,-1.1
3316,0.07686504328481604,0.01817263385297442,0.0654,0.6
578,0.03158206998274483,0.05375701109409925,0.256,-0.8
547,0.035547243846506045,0.05375701109409925,0.254,0.0
3558,0.06420724626996992,0.118549935358491,0.3486,-0.6
2882,0.17503305429604166,0.27081697687045847,0.3642,0.1
878,0.1402909484189158,0.2972461671213726,0.187,0.2
2341,0.05452673676634786,0.015398883858127169,0.0864,0.7
1639,0.08106359558997364,0.006976116286736587,0.1832,-1.4
1964,0.0031810787916688203,0.0344957910220529,0.32520000000000004,1.3
2334,0.0415638177408289,0.015398883858127169,0.1376,0.0
726,0.005542331954105582,0.018983011244112096,0.1716,-1.2
3171,0.02734277354424813,0.0344957910220529,0.13,-0.1
1614,0.07609662446506554,0.09096544967859242,0.195,0.6
2692,0.0013194885191929583,0.14810017894304733,0.07780000000000001,0.6
1623,0.0827681408840333,0.006976116286736587,0.3518,0.6
2852,0.0021292869960261407,0.0344957910220529,0.1818,-1.2
568,0.03224365019982279,0.05375701109409925,0.13,-0.1
1857,0.040593726053112275,0.118549935358491,0.16760000000000003,-1.6
2463,0.1205534169004688,0.021239127461607474,0.38880000000000003,-0.8
1261,0.021149735890454914,0.031492119140237196,0.3858,0.5
535,0.006179621041428522,0.00783147405774708,0.327,0.5
3180,0.024470629905713696,0.0344957910220529,0.31420000000000003,0.9
770,0.0702882199036433,0.03180379846413318,0.1998,-1.7
2791,0.0020228014621000473,0.14810017894304733,0.27940000000000004,2.2
943,0.3070333836385683,0.3525571709767436,0.0766,-0.9
3036,0.2143425280908556,0.07801892218460295,0.19940000000000002,2.2
3811,0.0600198509371998,0.009966872922827929,0.3398,2.2
3466,0.0751004056901124,0.118549935358491,0.1656,0.2
3240,0.04821054873379661,0.0344957910220529,0.1528,1.5
673,0.0815477940688405,1.0,0.6437999999999999,0.5
2746,0.0013563488963212213,0.14810017894304733,0.1186,-1.4
1974,0.0026050118249784557,0.01817263385297442,0.493,-0.9
3375,0.08283190509964024,0.0344957910220529,0.42840000000000006,-1.1
1912,0.045262424701028446,0.13551952962217376,0.4266,-1.2
1190,0.010057304469822084,0.01223046190971448,0.12240000000000001,0.6
1774,0.07115712208863043,0.13551952962217376,0.008199999999999999,0.7
1524,0.0780588393302766,0.09096544967859242,0.12480000000000001,2.5
3318,0.07686504328481604,0.0344957910220529,0.0654,0.6
1818,0.039510793594033644,0.13551952962217376,0.0006,-1.5
3285,0.05455469981106585,0.0344957910220529,0.7186,0.5
1543,0.08660910516279717,0.006976116286736587,0.34979999999999994,1.6
993,0.08704493322340184,0.006976116286736587,0.3432,0.7
1997,0.0032326268286489586,0.0344957910220529,0.4412,2.2
713,0.003672691714210904,0.018983011244112096,0.1226,-0.9
1793,0.04501245202854942,0.118549935358491,0.1998,2.3
2961,0.056012591278863016,0.06495476972097802,0.3858,0.5
2231,0.002175962684305416,0.0344957910220529,0.33899999999999997,1.2
2565,0.0016097110287660642,0.01817263385297442,0.0684,0.6
3866,0.22252814452205366,0.651275385649692,0.002516,0.6
834,0.17056849999731669,5.6575348319585556e-05,0.09519999999999999,2.3
2926,0.048237735027272445,0.06495476972097802,0.12240000000000001,0.6
3031,0.19633037292250818,0.07801892218460295,0.1864,0.5
3436,0.07206133114826148,0.118549935358491,0.4886,0.1
2616,0.001970829742624182,0.01817263385297442,0.493,-0.9
2998,0.01121515811689513,0.007829458434436621,0.1636,-0.9
472,0.0119465047182695,0.07321993726071716,0.1998,2.3
3819,0.04173618590284057,0.009966872922827929,0.36939999999999995,-0.9
1662,0.10121012194429592,0.09096544967859242,0.1528,-0.7
639,0.044515048778565734,1.0,0.1656,0.0
1596,0.08334385478197723,0.09096544967859242,0.24420000000000003,-0.6
1802,0.05880670672443436,0.13551952962217376,0.3274,1.3
1403,0.0907179780063592,0.001629559564742136,0.1728,-0.9
1293,0.6111237980480665,0.1532774086372158,0.2332,0.6
2232,0.0027868422293946963,0.01817263385297442,0.42840000000000006,-1.1
309,0.09263641234701178,0.010513831525489882,0.1202,-0.6
2246,0.03188189596222108,0.03127268025485283,0.044199999999999996,-0.8
3015,0.024094823532003706,0.007829458434436621,0.1744,-0.8
1694,0.10574507815106089,0.09096544967859242,0.3396,-1.1
2658,0.001958754791495958,0.01817263385297442,0.1902,-0.6
3468,0.0751004056901124,0.118549935358491,0.1656,0.2
2313,0.04222236156668748,0.021136679812765315,0.19079999999999997,-0.9
3335,0.06044014397296115,0.14810017894304733,0.45380000000000004,-1.2
1868,0.040024579233852116,0.13551952962217376,0.0572,-1.4
389,0.037267112324161175,0.07097355882163141,0.1244,-0.6
2146,0.0022727741345790727,0.14810017894304733,0.7186,0.5
2862,0.0011640676570103777,0.01817263385297442,0.33899999999999997,1.2
2207,0.00269793951904128,0.0344957910220529,0.1818,-1.2
1071,0.18278891544907377,0.006976116286736587,0.3518,0.6
1633,0.08635574303035233,0.006976116286736587,0.2696,1.5
3844,0.1571974335009139,0.651275385649692,0.001794,-0.8
790,0.06464957079550908,0.03180379846413318,0.16519999999999999,1.5
166,0.025598331481840826,0.23505698514771678,0.17739999999999997,-1.6
3417,0.06760595663694392,0.02722697219682359,0.4104,-1.1
3640,0.08543437482964433,0.0588121943567271,0.2632,-1.4
3472,0.0791070298247056,0.118549935358491,0.0,0.6
2729,0.001904594045792169,0.0344957910220529,0.04,-0.9
3543,0.06815427240016417,0.13551952962217376,0.005600000000000001,-0.9
610,0.2448254244521856,0.009566787832424364,0.43439999999999995,2.2
623,0.15260937575468445,0.009566787832424364,0.2554,-1.4
3432,0.07647483170625133,0.118549935358491,0.1656,0.0
2358,0.03518916152386731,0.015398883858127169,0.1444,0.6
1375,0.08317671203741286,0.001629559564742136,0.1084,0.0
2742,0.001741264443689348,0.01817263385297442,0.1528,1.5
3093,0.02459173248574238,0.0344957910220529,0.14,0.3
3769,0.03523371879966795,0.04293668159954057,0.265,-0.1
2000,0.0035368308605810608,0.0344957910220529,0.1164,-1.5
1334,0.011532143237448335,0.025339671035899382,0.1454,-0.3
1480,0.0017542573735583144,0.1677603868083821,0.1348,0.3
2584,0.0015095807322758783,0.14810017894304733,0.1592,0.5
2839,0.0012608084935347463,0.14810017894304733,0.45380000000000004,-1.2
2642,0.001517348244697543,0.0344957910220529,0.1164,-1.5
1089,0.1910282689434799,0.006976116286736587,0.49,-0.8
3719,0.016379424057313508,0.0640255996483016,0.5064,2.2
1612,0.07609662446506554,0.09096544967859242,0.195,0.6
2508,0.04503999139077169,0.01817263385297442,0.46740000000000004,-0.5
3664,0.03242378587425612,0.02066876180978856,0.1446,-1.7
1919,0.04938647950068736,0.118549935358491,0.332,1.2
272,0.020990431272061502,0.009030646701590152,0.132,-1.2
1414,0.09520251599613262,0.001629559564742136,0.24359999999999998,0.1
200,0.023910027350117373,0.050748850269539736,0.1568,-0.9
2359,0.039349370563161595,0.015398883858127169,0.0706,-0.9
1052,0.16634431490116758,0.09096544967859242,0.1298,0.9
714,0.0038053749491227936,0.018983011244112096,0.16519999999999999,1.5
1188,0.010738091626706346,0.02264422228546187,0.332,1.2
2629,0.0023128121304252895,0.14810017894304733,0.4412,2.2
1023,0.1928472085113859,0.006976116286736587,0.193,1.3
1898,0.0446356570623494,0.13551952962217376,0.15539999999999998,0.6
1121,0.23229367297981832,0.006976116286736587,0.1184,0.1
1479,0.0015523020505950338,0.1677603868083821,0.3618,0.5
2985,0.013752521970055815,0.007829458434436621,0.0814,0.5
3065,0.021109839122107274,0.14810017894304733,0.0684,0.6
3974,0.32646416903010883,0.04320025295339059,0.13019999999999998,-0.8
1154,0.0045917296611924065,0.02264422228546187,0.1656,0.2
2884,0.19482411103644884,0.27081697687045847,0.46740000000000004,-0.5
402,0.055538702407392185,0.07097355882163141,0.35200000000000004,-0.5
3443,0.0691754884423652,0.13551952962217376,0.1202,-0.5
1391,0.10659823346995681,0.001629559564742136,0.1998,-0.2
1120,0.23229367297981832,0.09096544967859242,0.1184,0.1
2400,0.09187576103968295,0.0693531795848928,0.1902,-0.6
1513,0.09206309931654365,0.006976116286736587,0.09300000000000001,0.6
3833,0.03166355824942302,0.009966872922827929,0.1184,0.1
2403,0.08598989319529193,0.0693531795848928,0.1362,0.3
1826,0.03825761138542199,0.13551952962217376,0.0748,-0.6
1327,0.8140309943517474,0.1532774086372158,0.1476,-1.1
2991,0.011640959025100928,0.007829458434436621,0.0006,-1.5
3761,0.041172123273529135,0.04293668159954057,0.0834,0.3
1687,0.0976125632593273,0.006976116286736587,0.2036,-0.8
3477,0.07531323553046602,0.13551952962217376,0.0814,0.5
2275,0.030574129325409906,0.03127268025485283,0.6265999999999999,-0.5
3784,0.04324866179883725,0.04293668159954057,0.45439999999999997,-0.7
3587,0.05621461721557559,0.13551952962217376,0.42200000000000004,0.1
2962,0.04542398895939907,0.06495476972097802,0.3322,2.2
1134,0.2412946663740433,0.09096544967859242,0.2036,-0.8
1751,0.05868313266318061,0.118549935358491,0.4886,0.1
2069,0.002482143901217579,0.0344957910220529,0.21960000000000002,-0.9
3242,0.04821054873379661,0.14810017894304733,0.1528,1.5
1368,0.010680753262284603,0.025339671035899382,0.24359999999999998,0.1
1584,0.09851260610775037,0.09096544967859242,0.3398,2.2
1096,0.19711065485213905,0.09096544967859242,0.12960000000000002,-0.5
3878,0.28388760889699344,0.651275385649692,0.002884,0.6
1415,0.15272934851472453,0.001629559564742136,0.1524,-1.2
1473,0.0022426926773824445,0.1677603868083821,0.4286,1.6
1239,0.018868276264713435,0.031492119140237196,0.057999999999999996,0.3
3052,0.2425406459802276,0.07801892218460295,0.35200000000000004,-0.5
388,0.043261937183703365,0.07097355882163141,0.195,-1.7
3729,0.015646947635950533,0.0640255996483016,0.2638,-1.6
1721,0.09710174339697891,0.23329471131103105,0.3014,0.6
105,0.08328595150756118,0.07121954114819438,0.36219999999999997,0.5
522,0.007175769202632368,0.00783147405774708,0.1782,-0.1
1864,0.04224149789274449,0.13551952962217376,0.17579999999999998,1.5
1672,0.09701036920540043,0.09096544967859242,0.1184,0.1
91,0.10674962934842999,0.022497225547324244,0.5256000000000001,-1.1
1634,0.08635574303035233,0.09096544967859242,0.2696,1.5
740,0.049263399735678615,0.03180379846413318,0.11359999999999999,-0.8
771,0.0702882199036433,0.41091115870335804,0.1998,-1.7
626,0.15463344826427167,0.009566787832424364,0.303,-0.5
2395,0.09454905636022276,0.0693531795848928,0.493,-0.9
1367,0.01333420611927453,0.025339671035899382,0.27,0.6
1267,0.03127518262833978,0.031492119140237196,0.4104,-1.1
2901,0.2412214399160318,0.27081697687045847,0.1902,-0.6
2204,0.00286063359740051,0.0344957910220529,0.45380000000000004,-1.2
1341,0.014197176749321472,0.025339671035899382,0.2568,0.5
3329,0.06500179217695692,0.14810017894304733,0.22899999999999998,0.1
3591,0.07481865683045384,0.13551952962217376,0.7173999999999999,-1.2
967,0.18667761462235627,0.006976116286736587,0.29960000000000003,0.0
466,0.012210035230611795,0.07321993726071716,0.139,-0.3
1562,0.11181983777479694,0.09096544967859242,0.0674,2.3
826,0.12074901698599616,5.6575348319585556e-05,0.078,-0.5
0,0.1962826380279896,0.014398841301189588,0.10619999999999999,0.6
3271,0.05017897760894501,0.01817263385297442,0.3104,-0.5
3072,0.021109839122107274,0.0344957910220529,0.0684,0.6
2545,0.04278960181471687,0.14810017894304733,0.1042,0.7
86,0.08742568255956198,0.022497225547324244,0.40659999999999996,0.1
3299,0.053642158329018835,0.14810017894304733,0.18,-0.7
2444,0.08133164538227036,0.021239127461607474,0.20440000000000003,0.3
2305,0.14927690108454245,0.021136679812765315,0.43439999999999995,2.2
3732,0.012511626553820246,0.0640255996483016,0.08439999999999999,-1.4
849,0.1684411195725213,5.6575348319585556e-05,0.2758,0.6
1306,0.647319487954283,0.1532774086372158,0.1168,0.3
2279,0.03526697787558253,0.03127268025485283,0.252,-1.1
3308,0.06299057136974008,0.14810017894304733,0.13720000000000002,-1.1
1481,0.0016573046957860822,0.1677603868083821,0.051399999999999994,1.3
462,0.012165831023557594,0.07321993726071716,0.4886,0.1
1908,0.039749750521623765,0.13551952962217376,0.7173999999999999,-1.2
422,0.055511939796412085,0.013721040286368726,0.0864,0.7
128,0.07034986570677161,0.07121954114819438,0.445,2.2
2106,0.0030947887900390552,0.01817263385297442,0.1186,-1.4
407,0.08660910516279717,0.07097355882163141,0.11,0.6
3076,0.02330359647123323,0.01817263385297442,0.3826,2.3
1446,0.13685876713477935,0.004704532287446837,0.19079999999999997,-0.9
3310,0.06299057136974008,0.01817263385297442,0.13720000000000002,-1.1
3787,0.029331751020439292,0.04293668159954057,0.40659999999999996,0.1
2344,0.0478814180483659,0.015398883858127169,0.0834,0.6
3934,0.08989342125592485,0.04320025295339059,0.3452,2.5
1424,0.11018767157375733,0.004704532287446837,0.078,-0.5
3662,0.029999968929950313,0.02066876180978856,0.34979999999999994,1.6
1490,0.0012199231326970753,0.1677603868083821,0.10039999999999999,0.3
3836,0.04183575128933645,0.009966872922827929,0.2036,-0.8
3330,0.06500179217695692,0.0344957910220529,0.22899999999999998,0.1
478,0.04055135780353956,0.07321993726071716,0.4722,2.2
3049,0.22433571527632432,0.07801892218460295,0.1866,-1.4
2041,0.0025102481734341473,0.14810017894304733,0.31420000000000003,0.9
503,0.023213987623386934,0.07321993726071716,0.1744,-0.8
2155,0.0032139141850876752,0.14810017894304733,0.27940000000000004,2.2
765,0.06987456456031502,0.41091115870335804,0.0676,-0.2
2982,0.01513026683241126,0.007829458434436621,0.1656,0.2
377,0.0363857115055501,0.07097355882163141,0.2018,-1.7
70,0.05176912862915834,0.022497225547324244,0.057999999999999996,0.3
1105,0.23091232681624918,0.006976116286736587,0.445,2.2
1957,0.002721665738802001,0.14810017894304733,0.14,0.3
3661,0.027578411625621718,0.02066876180978856,0.1324,-0.3
1895,0.049360634868447995,0.118549935358491,0.252,-1.1
390,0.03711783485816664,0.07097355882163141,0.265,-0.1
2472,0.05621412291933057,0.01817263385297442,0.13140000000000002,0.6
3261,0.05240952472144994,0.0344957910220529,0.256,-0.8
2381,0.07112922965766172,0.0693531795848928,0.3642,0.1
1677,0.11326177053525505,0.006976116286736587,0.3624,-1.2
1459,0.150709865898841,0.004704532287446837,0.41600000000000004,0.6
2776,0.001685197126754787,0.14810017894304733,0.3104,-0.5
1922,0.0550639661709299,0.13551952962217376,0.501,-1.1
2689,0.001194219727956294,0.14810017894304733,0.1362,0.3
2910,0.20086525851552386,0.27081697687045847,0.1528,1.5
2202,0.00286063359740051,0.01817263385297442,0.45380000000000004,-1.2
2460,0.07445330129163846,0.021239127461607474,0.35340000000000005,0.1
3190,0.01974226263964928,0.01817263385297442,0.07780000000000001,0.6
154,0.019733294693489722,0.23505698514771678,0.14300000000000002,-0.9
3646,0.10301656287857797,0.0588121943567271,0.4192,-0.7
600,0.08683492793301975,0.009566787832424364,0.25,0.7
3272,0.05017897760894501,0.14810017894304733,0.3104,-0.5
1483,0.001509792573523742,0.1677603868083821,0.07339999999999999,-0.2
3691,0.053234293313132154,0.02066876180978856,0.445,2.2
2184,0.0027387542661296634,0.01817263385297442,0.0654,0.6
1512,0.09206309931654365,0.09096544967859242,0.09300000000000001,0.6
50,0.02437445397918363,0.022497225547324244,0.2488,-0.5
2912,0.19947734527327096,0.27081697687045847,0.256,-0.8
2036,0.0025102481734341473,0.0344957910220529,0.31420000000000003,0.9
2801,0.0021414325609036525,0.0344957910220529,0.18,-0.7
2707,0.001353453732600419,0.14810017894304733,0.21960000000000002,-0.9
1618,0.07308198228046821,0.09096544967859242,0.36939999999999995,-0.9
3678,0.03462156820709148,0.02066876180978856,0.1298,0.9
2289,0.10780431630779347,0.021136679812765315,0.12300000000000001,0.1
2805,0.0021414325609036525,0.01817263385297442,0.18,-0.7
1113,0.2465232614400629,0.006976116286736587,0.1646,-1.1
98,0.0724235796821082,0.07121954114819438,0.1324,-0.3
727,0.0059516798587273085,0.018983011244112096,0.36060000000000003,-0.8
451,0.03672098558716886,0.013721040286368726,0.45439999999999997,-0.7
1168,0.005640555679364996,0.02264422228546187,0.1116,0.3
583,0.05025926544188531,0.05375701109409925,0.18,-0.7
1107,0.23091232681624918,0.006976116286736587,0.445,2.2
2007,0.003659557556843362,0.01817263385297442,0.0132,-1.7
405,0.08121746294967189,0.07097355882163141,0.45439999999999997,-0.7
956,0.33415139361883317,0.3525571709767436,0.132,-1.2
2682,0.001194219727956294,0.01817263385297442,0.1362,0.3
694,0.0013700479636830664,0.018983011244112096,0.3998,0.2
61,0.06068362018050569,0.022497225547324244,0.107,1.3
1170,0.005544874049079945,0.02264422228546187,0.1636,-0.9
400,0.04754741501423432,0.07097355882163141,0.5770000000000001,-0.8
162,0.025260162236501262,0.23505698514771678,0.135,0.3
1785,0.07505302386434025,0.118549935358491,0.1656,0.2
59,0.05463230432153321,0.022497225547324244,0.1864,0.5
3059,0.3131612448017688,0.07801892218460295,0.5376,-1.2
2354,0.03625373440813109,0.015398883858127169,0.1244,-0.6
1027,0.19301837623965967,0.006976116286736587,0.3454,-0.9
316,0.10342478096321109,0.010513831525489882,0.40659999999999996,0.1
2807,0.0021414325609036525,0.0344957910220529,0.18,-0.7
3600,0.06924151229794935,0.118549935358491,0.1744,-0.8
676,0.11853647637955964,1.0,0.252,-1.1
1354,0.012297878734725893,0.025339671035899382,0.3212,-0.9
3118,0.02345534541845284,0.01817263385297442,0.2582,-0.2
651,0.07050599270644706,1.0,0.0814,0.5
2167,0.00271608725260826,0.14810017894304733,0.18,-0.7
1698,0.047537246634336866,0.23329471131103105,0.4886,0.1
2258,0.027667596790972287,0.03127268025485283,0.295,-0.2
509,0.0017967668506296062,0.00783147405774708,0.19,-1.7
523,0.007563721141219872,0.00783147405774708,0.2336,0.9
3650,0.11243912035605147,0.0588121943567271,0.2394,-1.2
2314,0.03441043309672078,0.021136679812765315,0.2758,0.6
570,0.02945059396049076,0.05375701109409925,0.1362,0.3
540,0.008424643972537466,0.00783147405774708,0.5197999999999999,0.1
129,0.07444984121792335,0.07121954114819438,0.1528,-0.7
2327,0.02050566788320034,0.021136679812765315,0.35340000000000005,0.1
2570,0.0016097110287660642,0.0344957910220529,0.0684,0.6
2129,0.0026349520546765084,0.0344957910220529,0.0546,-0.6
2974,0.012076787085705603,0.007829458434436621,0.4886,0.1
1460,0.16192481217448826,0.004704532287446837,0.35340000000000005,0.1
888,0.12206949409767916,0.2972461671213726,0.08439999999999999,-1.7
14,0.19141615026831812,0.014398841301189588,0.1168,0.3
2517,0.044432571919397514,0.01817263385297442,0.37920000000000004,-0.8
2226,0.002175962684305416,0.01817263385297442,0.33899999999999997,1.2
2995,0.011495282860320073,0.007829458434436621,0.2738,0.9
3362,0.06857816673713919,0.14810017894304733,0.33899999999999997,1.2
620,0.19971213598965312,0.009566787832424364,0.2932,-1.6
3022,0.15757090962089737,0.07801892218460295,0.2488,-0.5
1849,0.03903287973885341,0.118549935358491,0.1636,-0.9
1701,0.04527555885839599,0.23329471131103105,0.044199999999999996,-0.8
1550,0.08148692501695436,0.09096544967859242,0.1446,-1.7
1603,0.08079766421015555,0.006976116286736587,0.128,-0.1
111,0.06711504985189472,0.07121954114819438,0.316,-1.5
677,0.12293465375395402,1.0,0.15539999999999998,0.6
1135,0.2412946663740433,0.006976116286736587,0.2036,-0.8
468,0.01190491321993895,0.07321993726071716,0.008199999999999999,0.7
3639,0.08850628476491412,0.0588121943567271,0.16519999999999999,1.5
3086,0.022011435473014672,0.14810017894304733,0.1592,0.5
2262,0.02659984628799055,0.03127268025485283,0.0748,-0.6
1988,0.0024220516005736097,0.0344957910220529,0.2582,-0.2
3507,0.05924119312380257,0.13551952962217376,0.045599999999999995,-1.7
327,0.008238647356913242,0.09904949864744195,0.207,-0.8
160,0.02314344448784836,0.23505698514771678,0.081,-0.1
2524,0.04823314513356873,0.14810017894304733,0.0274,-0.3
3963,0.20997753917862652,0.04320025295339059,0.5770000000000001,-0.8
1482,0.0016555393520538855,0.1677603868083821,0.3508,-0.9
26,0.14712996065119435,0.014398841301189588,0.637,-0.9
3779,0.0315915322251494,0.04293668159954057,0.5770000000000001,-0.8
1577,0.1038748730011719,0.006976116286736587,0.3454,-0.9
1720,0.0878194248255911,0.23329471131103105,0.1116,0.3
2528,0.04823314513356873,0.0344957910220529,0.0274,-0.3
1635,0.08635574303035233,0.006976116286736587,0.2696,1.5
2230,0.002175962684305416,0.14810017894304733,0.33899999999999997,1.2
3087,0.022011435473014672,0.0344957910220529,0.1592,0.5
2073,0.0024478256190636786,0.01817263385297442,0.1568,0.6
2323,0.04141595254982012,0.021136679812765315,0.385,2.2
2589,0.0015095807322758783,0.01817263385297442,0.1592,0.5
1992,0.0032326268286489586,0.01817263385297442,0.4412,2.2
901,0.1546705204826478,0.2972461671213726,0.1804,-0.6
3539,0.06567156358895228,0.13551952962217376,0.16760000000000003,-1.6
1073,0.17554486275088005,0.006976116286736587,0.109,-1.6
885,0.12066872915305586,0.2972461671213726,0.11939999999999999,-0.2
1463,0.1953100042452986,0.004704532287446837,0.38880000000000003,-0.8
2086,0.001775159043347521,0.14810017894304733,0.0292,-1.6
848,0.1816236473583255,5.6575348319585556e-05,0.19079999999999997,-0.9
3734,0.016480542946293725,0.0640255996483016,0.1226,-0.6
15,0.20092280872119347,0.014398841301189588,0.064,1.3
586,0.047346518897510355,0.05375701109409925,0.22899999999999998,0.1
3516,0.06498526855962357,0.118549935358491,0.16879999999999998,-0.1
2103,0.0027715190457992304,0.01817263385297442,0.1528,1.5
2430,0.026694468712036283,0.021239127461607474,0.265,0.2
465,0.011589975898115093,0.07321993726071716,0.044199999999999996,-0.8
2391,0.10747815139983284,0.0693531795848928,0.3826,2.3
1233,0.019596939543614866,0.031492119140237196,0.1244,-0.6
1336,0.012633505885091094,0.025339671035899382,0.1286,0.7
3818,0.04324936793633012,0.009966872922827929,0.195,0.6
2114,0.0030947887900390552,0.0344957910220529,0.1186,-1.4
1229,0.020248139539547513,0.031492119140237196,0.1524,-1.5
2386,0.09123487065114633,0.0693531795848928,0.2726,1.6
2028,0.0028662120835942512,0.01817263385297442,0.13,-0.1
3298,0.053642158329018835,0.01817263385297442,0.18,-0.7
1889,0.04289636980364011,0.118549935358491,0.33020000000000005,2.2
1505,0.0018649091186923915,0.1677603868083821,0.385,0.6
2690,0.001194219727956294,0.0344957910220529,0.1362,0.3
289,0.07823657413723414,0.010513831525489882,0.1864,0.5
2481,0.058540634117117706,0.01817263385297442,0.254,0.0
2196,0.00286063359740051,0.01817263385297442,0.45380000000000004,-1.2
852,0.17202286077764944,5.6575348319585556e-05,0.1906,1.5
1502,0.0017629428647207212,0.1677603868083821,0.6198,2.2
1325,0.9389967113764681,0.1532774086372158,0.36060000000000003,-0.8
1966,0.0031810787916688203,0.14810017894304733,0.32520000000000004,1.3
686,0.0007555671173801056,0.018983011244112096,0.0946,0.1
227,0.04033753937069592,0.050748850269539736,0.36060000000000003,-0.8
2772,0.001685197126754787,0.01817263385297442,0.3104,-0.5
2197,0.00286063359740051,0.14810017894304733,0.45380000000000004,-1.2
3284,0.05455469981106585,0.14810017894304733,0.7186,0.5
975,0.10818273539022712,0.006976116286736587,0.12480000000000001,2.5
1125,0.27435065714567364,0.006976116286736587,0.3624,-1.2
3970,0.31693343128872636,0.04320025295339059,0.11,0.6
1823,0.03735375539453738,0.118549935358491,0.045599999999999995,-1.7
1310,0.6386314546969017,0.1532774086372158,0.0894,-1.6
2653,0.0018150558116951621,0.14810017894304733,0.0132,-1.7
587,0.04574012671496082,0.05375701109409925,0.45380000000000004,-1.2
3404,0.05135088339212634,0.02722697219682359,0.1444,0.6
2785,0.0014600804940250883,0.14810017894304733,0.7186,0.5
488,0.023456263397193585,0.07321993726071716,0.16760000000000003,-1.6
2608,0.0046593776330101765,0.14810017894304733,0.32520000000000004,1.3
659,0.07164725212243746,1.0,0.0748,-0.6
1433,0.12449867768693083,0.004704532287446837,0.32299999999999995,0.5
1047,0.17901348072964904,0.006976116286736587,0.24420000000000003,-0.6
1386,0.10620399690768269,0.001629559564742136,0.22399999999999998,2.3
113,0.06746924841832264,0.07121954114819438,0.24420000000000003,-0.6
1968,0.0031810787916688203,0.01817263385297442,0.32520000000000004,1.3
3580,0.08682624244185734,0.118549935358491,0.252,-1.1
2394,0.10155860079703151,0.0693531795848928,0.32520000000000004,1.3
2356,0.030970484300162665,0.015398883858127169,0.491,0.9
3922,0.30624406314902863,0.2234928701139527,0.5094,-0.7
265,0.014769995483544596,0.009030646701590152,0.3858,0.5
1498,0.0011766369043836168,0.1677603868083821,0.5226,-0.8
3942,0.1579627453156957,0.04320025295339059,0.0834,0.6
320,0.1763984417522717,0.010513831525489882,0.41259999999999997,1.2
1389,0.11418786985716534,0.001629559564742136,0.10859999999999999,1.3
1691,0.10308223366541568,0.006976116286736587,0.4428,1.2
3739,0.016923008699331457,0.0640255996483016,0.2648,-1.1
560,0.032073824132785485,0.05375701109409925,0.14,0.3
1897,0.049360634868447995,0.118549935358491,0.252,-1.1
2008,0.003659557556843362,0.14810017894304733,0.0132,-1.7
3207,0.018714197063767323,0.0344957910220529,0.21960000000000002,-0.9
3257,0.05240952472144994,0.14810017894304733,0.256,-0.8
3494,0.07124440068275022,0.118549935358491,0.295,-0.2
851,0.16665614521802277,5.6575348319585556e-05,0.2588,-0.9
63,0.0606236691073603,0.022497225547324244,0.1804,-0.2
889,0.11867445564566811,0.2972461671213726,0.24420000000000003,-0.6
144,0.014166671609629117,0.23505698514771678,0.1454,-0.3
2267,0.027450459511912117,0.03127268025485283,0.1636,-0.9
3915,0.2754930463816526,0.2234928701139527,0.17579999999999998,1.5
2885,0.1788042521905091,0.27081697687045847,0.37920000000000004,-0.8
2976,0.011740100729101085,0.007829458434436621,0.1202,-0.5
3841,0.1672766988467645,0.651275385649692,0.001928,0.1
2698,0.0013194885191929583,0.14810017894304733,0.07780000000000001,0.6
3532,0.06740131799150771,0.118549935358491,0.1636,-0.9
58,0.05647906570665862,0.022497225547324244,0.2144,2.3
3726,0.016564361466698416,0.0640255996483016,0.1494,0.6
2,0.25224036242365594,0.014398841301189588,0.06480000000000001,0.1
208,0.03377483873938075,0.050748850269539736,0.1168,0.3
3924,0.31231479778905524,0.2234928701139527,0.15539999999999998,0.6
2647,0.0018150558116951621,0.14810017894304733,0.0132,-1.7
938,0.3054916030366172,0.3525571709767436,0.057999999999999996,0.3
3549,0.07107859959942232,0.13551952962217376,0.0572,-1.4
251,0.012782359668589902,0.009030646701590152,0.1244,-0.6
391,0.03780949653244123,0.07097355882163141,0.491,0.9
3577,0.08682624244185734,0.13551952962217376,0.252,-1.1
1299,0.7036713076847249,0.1532774086372158,0.0676,-0.2
1372,0.01596816958146101,0.025339671035899382,0.4988,1.2
1735,0.21103250859298714,0.23329471131103105,0.15539999999999998,0.6
3178,0.024470629905713696,0.01817263385297442,0.31420000000000003,0.9
541,0.015194737185511075,0.00783147405774708,0.2394,-1.2
3720,0.016163345984492657,0.0640255996483016,0.35259999999999997,-1.5
959,0.31286502012350625,0.3525571709767436,0.5256000000000001,-1.1
1222,0.02183963222099731,0.01223046190971448,0.1882,-0.9
2065,0.002482143901217579,0.14810017894304733,0.21960000000000002,-0.9
2590,0.0015095807322758783,0.14810017894304733,0.1592,0.5
3741,0.018577841913892463,0.0640255996483016,0.2716,0.1
1851,0.04096508376061713,0.118549935358491,0.2982,0.6
3058,0.2333924935324867,0.07801892218460295,0.40659999999999996,0.1
575,0.03153016887701825,0.05375701109409925,0.04,-0.9
2329,0.04682729599899672,0.021136679812765315,0.061399999999999996,-1.2
3424,0.059862735345034314,0.02722697219682359,0.5256000000000001,-1.1
1280,0.03054030533950102,0.01223046190971448,0.5256000000000001,-1.1
1660,0.10121012194429592,0.09096544967859242,0.1528,-0.7
3161,0.02339737153028751,0.14810017894304733,0.1902,-0.6
2975,0.012048894654736898,0.007829458434436621,0.5682,2.5
3604,0.09247385949615113,0.118549935358491,0.332,1.2
1383,0.08987513229485929,0.001629559564742136,0.2228,-1.7
187,0.02606226381466207,0.050748850269539736,0.2812,2.5
207,0.03460292617727949,0.050748850269539736,0.2336,0.9
2213,0.00269793951904128,0.0344957910220529,0.1818,-1.2
1958,0.002721665738802001,0.0344957910220529,0.14,0.3
1312,0.6682558997081393,0.1532774086372158,0.16519999999999999,1.5
927,0.3231004124690323,0.3525571709767436,0.1864,0.5
2940,0.06517133578899707,0.06495476972097802,0.0834,0.3
2294,0.11554810250969738,0.021136679812765315,0.1366,1.6
269,0.030562901739273136,0.009030646701590152,0.11,0.6
2044,0.0030031321434634125,0.14810017894304733,0.1362,0.3
1514,0.09206309931654365,0.09096544967859242,0.09300000000000001,0.6
288,0.07189708356741792,0.010513831525489882,0.2144,2.3
1621,0.0827681408840333,0.006976116286736587,0.3518,0.6
830,0.1749425980832039,5.6575348319585556e-05,0.25,0.7
3230,0.020369100892077618,0.14810017894304733,0.04,-0.9
3323,0.07686504328481604,0.14810017894304733,0.0654,0.6
1536,0.0769048694394144,0.09096544967859242,0.1324,-0.3
3108,0.024354823356881605,0.0344957910220529,0.32520000000000004,1.3
2442,0.08585749241537718,0.021239127461607474,0.1402,-0.1
2749,0.0013563488963212213,0.14810017894304733,0.1186,-1.4
3025,0.17878440972695922,0.07801892218460295,0.198,1.6
297,0.07545919415024403,0.010513831525489882,0.1244,-0.6
1043,0.1829336736351139,0.006976116286736587,0.08439999999999999,-1.7
3026,0.17965627768941644,0.07801892218460295,0.0864,0.7
310,0.10138305501630189,0.010513831525489882,0.35200000000000004,-0.5
2601,0.0046593776330101765,0.01817263385297442,0.32520000000000004,1.3
1291,0.5884634222190964,0.1532774086372158,0.19,-1.7
3184,0.02213719856049635,0.01817263385297442,0.1362,0.3
2339,0.046526552040779726,0.015398883858127169,0.2116,-0.3
2680,0.0014633993402416176,0.14810017894304733,0.31420000000000003,0.9
3363,0.06857816673713919,0.0344957910220529,0.33899999999999997,1.2
3853,0.21509971932446934,0.651275385649692,0.00099,0.3
3875,0.30061522935204543,0.651275385649692,0.004006,2.2
2835,0.0012608084935347463,0.01817263385297442,0.45380000000000004,-1.2
918,0.15348491563210462,0.3525571709767436,0.2488,-0.5
644,0.04142682706721045,1.0,0.139,-0.3
2762,0.0019019813370685181,0.0344957910220529,0.256,-0.8
2280,0.03651006231804602,0.03127268025485283,0.15539999999999998,0.6
189,0.032547359935509876,0.050748850269539736,0.11359999999999999,-0.8
710,0.004527894831836181,0.018983011244112096,0.20559999999999998,-0.9
1900,0.0446356570623494,0.13551952962217376,0.15539999999999998,0.6
1271,0.03259050493632476,0.031492119140237196,0.40659999999999996,0.1
2053,0.0021030892950403444,0.14810017894304733,0.07780000000000001,0.6
1587,0.09851260610775037,0.006976116286736587,0.3398,2.2
1714,0.09958741798566088,0.23329471131103105,0.4722,2.2
3665,0.03253302534440444,0.02066876180978856,0.187,0.2
925,0.2744072187588532,0.3525571709767436,0.0834,0.6
1169,0.005489583483387551,0.02264422228546187,0.3014,0.6
1495,0.0010347032683150174,0.1677603868083821,0.1884,-0.9
1228,0.020248139539547513,0.01223046190971448,0.1524,-1.5
515,0.004798133650360822,0.00783147405774708,0.12619999999999998,1.3
1384,0.07931159785639254,0.001629559564742136,0.0902,0.2
3469,0.0791070298247056,0.13551952962217376,0.0,0.6
2874,0.0033135501853328465,0.01817263385297442,0.42840000000000006,-1.1
1340,0.012365879775290103,0.025339671035899382,0.22399999999999998,2.3
432,0.036865743773208975,0.013721040286368726,0.19940000000000002,2.2
453,0.031118843787416462,0.013721040286368726,0.11,0.6
3605,0.09732954335218155,0.13551952962217376,0.501,-1.1
2895,0.25834852235080513,0.27081697687045847,0.32520000000000004,1.3
2410,0.07331324230938595,0.0693531795848928,0.1186,-1.4
1230,0.01841528906303181,0.01223046190971448,0.195,-1.7
3952,0.15660569028188162,0.04320025295339059,0.1244,-0.6
127,0.06986199531294178,0.07121954114819438,0.41600000000000004,0.5
2609,0.0046593776330101765,0.0344957910220529,0.32520000000000004,1.3
1575,0.1072195638499407,0.006976116286736587,0.193,1.3
209,0.039806947658546935,0.050748850269539736,0.0492,0.6
314,0.18920798771433744,0.010513831525489882,0.4104,-1.1
3495,0.07124440068275022,0.13551952962217376,0.295,-0.2
2379,0.0895563112168246,0.0693531795848928,0.13140000000000002,0.6
656,0.08316506076878036,1.0,0.4722,2.2
552,0.02844244146190798,0.05375701109409925,0.0274,-0.3
1929,0.004100964103641777,0.01817263385297442,0.0684,0.6
2452,0.0796660788778176,0.021239127461607474,0.48,-0.8
2854,0.0028493353975144525,0.14810017894304733,0.15,-0.8
3546,0.07082410764698888,0.118549935358491,0.17579999999999998,1.5
2020,0.0030044738046998815,0.14810017894304733,0.1902,-0.6
368,0.02420554589088707,0.07097355882163141,0.12240000000000001,0.6
3628,0.09457200582874133,0.0588121943567271,0.201,-1.5
1225,0.021880023285589967,0.031492119140237196,0.1804,-0.2
3114,0.02214200029544793,0.0344957910220529,0.493,-0.9
902,0.16513222989464146,0.2972461671213726,0.12960000000000002,-0.5
1412,0.106406940823136,0.001629559564742136,0.18280000000000002,-1.1
117,0.06419820771006107,0.07121954114819438,0.195,0.6
2541,0.04278960181471687,0.01817263385297442,0.1042,0.7
1294,0.6307001183768893,0.1532774086372158,0.2158,2.3
2372,0.039275579195155785,0.015398883858127169,0.11,0.6
2604,0.0046593776330101765,0.01817263385297442,0.32520000000000004,1.3
2048,0.0030031321434634125,0.0344957910220529,0.1362,0.3
3887,0.1705736548010147,0.2234928701139527,0.4886,0.1
3081,0.02330359647123323,0.0344957910220529,0.3826,2.3
1926,0.004100964103641777,0.01817263385297442,0.0684,0.6
55,0.039247757377936364,0.022497225547324244,0.2018,-1.7
655,0.0839041042688271,1.0,0.295,-0.2
1127,0.27435065714567364,0.006976116286736587,0.3624,-1.2
3894,0.23360151023037876,0.2234928701139527,0.0154,-1.7
455,0.024661428256289496,0.013721040286368726,0.5376,-1.2
595,0.06634599550840063,0.009566787832424364,0.0882,2.5
2971,0.022310484701248762,0.06495476972097802,0.5256000000000001,-1.1
3908,0.23858013262391936,0.2234928701139527,0.2738,0.9
2765,0.0015268811008514042,0.0344957910220529,0.0546,-0.6
875,0.11727086615107331,0.2972461671213726,0.34979999999999994,1.6
2367,0.035417243934067096,0.015398883858127169,0.35200000000000004,-0.5
3457,0.07281188468944215,0.13551952962217376,0.008199999999999999,0.7
1580,0.09901869484889646,0.09096544967859242,0.11939999999999999,-0.2
3568,0.07749604774845235,0.118549935358491,0.6437999999999999,0.5
1458,0.12400332223567649,0.004704532287446837,0.34740000000000004,-1.1
2066,0.002482143901217579,0.0344957910220529,0.21960000000000002,-0.9
2861,0.0028493353975144525,0.0344957910220529,0.15,-0.8
3448,0.06633935781596757,0.118549935358491,0.044199999999999996,-0.8
3938,0.125524342395337,0.04320025295339059,0.198,1.6
1210,0.019216543276201162,0.01223046190971448,0.1378,0.2
3158,0.02339737153028751,0.14810017894304733,0.1902,-0.6
350,0.030838083520247927,0.09904949864744195,0.099,-1.6
1527,0.0780588393302766,0.006976116286736587,0.12480000000000001,2.5
1952,0.00333092116765766,0.0344957910220529,0.1592,0.5
46,0.020514635829359897,0.022497225547324244,0.12240000000000001,0.6
2216,0.0027835233831781667,0.0344957910220529,0.15,-0.8
674,0.09153540276811546,1.0,0.33020000000000005,2.2
1834,0.03926032662530961,0.13551952962217376,0.2738,0.9
2992,0.011447194897055039,0.007829458434436621,0.045599999999999995,-1.7
340,0.030824596294133946,0.09904949864744195,0.19940000000000002,2.2
2031,0.0028662120835942512,0.01817263385297442,0.13,-0.1
2269,0.026646875045016265,0.03127268025485283,0.16760000000000003,-1.6
645,0.04698250501993144,1.0,0.027999999999999997,1.6
436,0.03363043362208708,0.013721040286368726,0.265,-0.1
3531,0.06740131799150771,0.13551952962217376,0.1636,-0.9
3933,0.08800520959996747,0.04320025295339059,0.15839999999999999,0.1
3562,0.07337735959373932,0.118549935358491,0.6265999999999999,-0.5
627,0.1613250189880372,0.009566787832424364,0.29100000000000004,0.5
3046,0.19470964614885322,0.07801892218460295,0.099,-1.6
3793,0.0334046108518645,0.009966872922827929,0.09300000000000001,0.6
1530,0.07423602278507971,0.09096544967859242,0.14279999999999998,-0.5
2306,0.12081892459779114,0.021136679812765315,0.2662,-1.5
2185,0.0027387542661296634,0.14810017894304733,0.0654,0.6
2378,0.03270334570768676,0.015398883858127169,0.5256000000000001,-1.1
376,0.03315710966061055,0.07097355882163141,0.0864,0.7
1006,0.11480044413223751,0.09096544967859242,0.1018,0.6
1478,0.0016049092938144897,0.1677603868083821,0.045,2.3
2206,0.00269793951904128,0.14810017894304733,0.1818,-1.2
1732,0.17690763749838648,0.23329471131103105,0.33020000000000005,2.2
3020,0.1810618443689913,0.07801892218460295,0.15839999999999999,0.1
1204,0.0159542586728513,0.01223046190971448,0.198,1.6
1545,0.05624159166780355,0.006976116286736587,0.3432,0.7
2080,0.001775159043347521,0.14810017894304733,0.0292,-1.6
150,0.020798220646499943,0.23505698514771678,0.22399999999999998,2.3
1287,0.658070007600864,0.1532774086372158,0.11359999999999999,-0.8
777,0.07348405696891329,0.41091115870335804,0.2336,0.9
103,0.10721963446368998,0.07121954114819438,0.1018,0.6
347,0.02777810730860779,0.09904949864744195,0.1444,0.6
551,0.0275820129268354,0.05375701109409925,0.37920000000000004,-0.8
2588,0.0015095807322758783,0.0344957910220529,0.1592,0.5
1374,0.08195347005849925,0.001629559564742136,0.1152,0.6
2775,0.001685197126754787,0.01817263385297442,0.3104,-0.5
2564,0.03223122217994812,0.0344957910220529,0.1666,0.2
2977,0.013528040861069708,0.007829458434436621,0.044199999999999996,-0.8
3753,0.047090826511339015,0.04293668159954057,0.2116,-0.3
1037,0.1892466134351979,0.006976116286736587,0.316,-1.5
1237,0.017750531227235893,0.031492119140237196,0.491,0.9
3537,0.06567156358895228,0.13551952962217376,0.16760000000000003,-1.6
2254,0.030665009220743382,0.03127268025485283,0.0814,0.5
3737,0.01708231331772487,0.0640255996483016,0.6198,2.2
985,0.09224429419721629,0.006976116286736587,0.1324,-0.3
1147,0.0021420680846472432,0.02264422228546187,0.5682,2.5
3614,0.1365023795421235,0.0588121943567271,0.11359999999999999,-0.8
877,0.12862456844407122,0.2972461671213726,0.1446,-1.7
1279,0.030904884127074244,0.031492119140237196,0.41259999999999997,1.2
412,0.10044735222448846,0.07097355882163141,0.41259999999999997,1.2
2376,0.03567364245773132,0.015398883858127169,0.13019999999999998,-0.8
2696,0.0013194885191929583,0.0344957910220529,0.07780000000000001,0.6
1607,0.08019349297124863,0.006976116286736587,0.1298,0.9
346,0.026247554292793414,0.09904949864744195,0.057999999999999996,0.3
3499,0.06081983410288197,0.13551952962217376,0.4722,2.2
3429,0.07647483170625133,0.13551952962217376,0.1656,0.0
680,0.0797131782485926,1.0,0.4266,-1.2
3145,0.019326700725090223,0.01817263385297442,0.0132,-1.7
1765,0.0617486167472652,0.118549935358491,0.044199999999999996,-0.8
2784,0.0014600804940250883,0.01817263385297442,0.7186,0.5
3755,0.0392743081476686,0.04293668159954057,0.0864,0.7
2655,0.001958754791495958,0.01817263385297442,0.1902,-0.6
1953,0.002721665738802001,0.01817263385297442,0.14,0.3
917,0.15874549872655164,0.3525571709767436,0.3452,2.5
3493,0.07124440068275022,0.13551952962217376,0.295,-0.2
3542,0.06815427240016417,0.118549935358491,0.005600000000000001,-0.9
1651,0.08931523587675584,0.006976116286736587,0.12960000000000002,-0.5
2033,0.0028662120835942512,0.0344957910220529,0.13,-0.1
459,0.029006574704968695,0.013721040286368726,0.5256000000000001,-1.1
1773,0.07634560854505454,0.118549935358491,0.027999999999999997,1.6
2013,0.003659557556843362,0.01817263385297442,0.0132,-1.7
1397,0.11025002351437851,0.001629559564742136,0.0848,0.9
1072,0.17554486275088005,0.09096544967859242,0.109,-1.6
1387,0.10431762120920679,0.001629559564742136,0.2568,0.5
506,0.0011656917732439985,0.00783147405774708,0.1782,-0.3
1613,0.07609662446506554,0.006976116286736587,0.195,0.6
2110,0.0030947887900390552,0.14810017894304733,0.1186,-1.4
1106,0.23091232681624918,0.09096544967859242,0.445,2.2
923,0.2800688879492553,0.3525571709767436,0.2018,-1.7
355,0.03264064069831914,0.09904949864744195,0.1202,-0.6
3167,0.02734277354424813,0.14810017894304733,0.13,-0.1
446,0.026907934076133486,0.013721040286368726,0.5770000000000001,-0.8
3139,0.023581037892185235,0.01817263385297442,0.1164,-1.5
3680,0.03482655992127414,0.02066876180978856,0.195,0.6
534,0.00848226479195636,0.00783147405774708,0.1352,-0.5
2814,0.0021244146473252783,0.01817263385297442,0.13720000000000002,-1.1
2470,0.05621412291933057,0.14810017894304733,0.13140000000000002,0.6
380,0.04772338447745967,0.07097355882163141,0.2144,2.3
1780,0.07325110221001263,0.13551952962217376,0.0154,-1.7
1984,0.0024220516005736097,0.14810017894304733,0.2582,-0.2
201,0.027685462069542116,0.050748850269539736,0.0676,-0.2
1381,0.0777628264932619,0.001629559564742136,0.1562,1.6
671,0.06722231213706298,1.0,0.3486,-0.6
2176,0.0027425674085912078,0.14810017894304733,0.13720000000000002,-1.1
3216,0.02052748753173029,0.0344957910220529,0.1568,0.6
1020,0.1928472085113859,0.09096544967859242,0.193,1.3
401,0.04686422698987427,0.07097355882163141,0.1202,-0.6
3281,0.05455469981106585,0.14810017894304733,0.7186,0.5
286,0.06091558634691631,0.010513831525489882,0.1378,0.2
1522,0.10558605598766463,0.09096544967859242,0.247,0.1
268,0.021816965207475905,0.009030646701590152,0.4104,-1.1
2138,0.0024969021748187416,0.0344957910220529,0.3104,-0.5
3113,0.02214200029544793,0.14810017894304733,0.493,-0.9
2512,0.044432571919397514,0.14810017894304733,0.37920000000000004,-0.8
3817,0.04193588158582663,0.009966872922827929,0.1152,0.3
3409,0.05067341508145861,0.02722697219682359,0.0724,1.5
3488,0.05963910160103966,0.118549935358491,0.3274,1.3
2833,0.0021809056467555665,0.14810017894304733,0.22899999999999998,0.1
1258,0.019190981098958955,0.01223046190971448,0.35200000000000004,-0.5
1390,0.10861136084840442,0.001629559564742136,0.14300000000000002,-0.9
921,0.248068219660732,0.3525571709767436,0.198,1.6
3125,0.02345534541845284,0.14810017894304733,0.2582,-0.2
690,0.0010859688502980042,0.018983011244112096,0.1782,-0.3
785,0.07589311563961793,0.41091115870335804,0.4142,0.6
3315,0.06299057136974008,0.0344957910220529,0.13720000000000002,-1.1
1103,0.22242773177056632,0.006976116286736587,0.41600000000000004,0.5
3123,0.02345534541845284,0.0344957910220529,0.2582,-0.2
3598,0.06924151229794935,0.118549935358491,0.1744,-0.8
1648,0.08931523587675584,0.09096544967859242,0.12960000000000002,-0.5
1362,0.011783175116166679,0.025339671035899382,0.151,-0.5
3412,0.047894552205733444,0.02722697219682359,0.1202,-0.6
2845,0.0021292869960261407,0.14810017894304733,0.1818,-1.2
1539,0.0769048694394144,0.006976116286736587,0.1324,-0.3
2583,0.0015095807322758783,0.01817263385297442,0.1592,0.5
914,0.16276278553728732,0.3525571709767436,0.12240000000000001,0.6
2688,0.001194219727956294,0.01817263385297442,0.1362,0.3
3749,0.03838429245164441,0.04293668159954057,0.15839999999999999,0.1
2761,0.0019019813370685181,0.14810017894304733,0.256,-0.8
1960,0.002721665738802001,0.14810017894304733,0.14,0.3
2605,0.0046593776330101765,0.14810017894304733,0.32520000000000004,1.3
2866,0.0011640676570103777,0.14810017894304733,0.33899999999999997,1.2
2913,0.21786742522780703,0.27081697687045847,0.0546,-0.6
747,0.07246298215421082,0.41091115870335804,0.2186,0.7
2361,0.03893966958979343,0.015398883858127169,0.099,-1.6
2797,0.0020228014621000473,0.14810017894304733,0.27940000000000004,2.2
3626,0.11211980498177176,0.0588121943567271,0.0676,-0.2
232,0.0160595437730395,0.009030646701590152,0.15839999999999999,0.1
2412,0.08110356297207057,0.0693531795848928,0.0546,-0.6
1615,0.07609662446506554,0.006976116286736587,0.195,0.6
2233,0.0027868422293946963,0.14810017894304733,0.42840000000000006,-1.1
1526,0.0780588393302766,0.09096544967859242,0.12480000000000001,2.5
62,0.060446499210397055,0.022497225547324244,0.1882,-0.9
480,0.034076147607592054,0.07321993726071716,0.045599999999999995,-1.7
2780,0.001685197126754787,0.0344957910220529,0.3104,-0.5
780,0.08712585658008573,0.03180379846413318,0.0492,0.6
2672,0.0014610690865151182,0.0344957910220529,0.13,-0.1
1547,0.05624159166780355,0.006976116286736587,0.3432,0.7
2710,0.001379368978589064,0.14810017894304733,0.1568,0.6
2794,0.0020228014621000473,0.14810017894304733,0.27940000000000004,2.2
2645,0.001517348244697543,0.0344957910220529,0.1164,-1.5
1270,0.03259050493632476,0.01223046190971448,0.40659999999999996,0.1
2182,0.0027387542661296634,0.14810017894304733,0.0654,0.6
3069,0.021109839122107274,0.0344957910220529,0.0684,0.6
2703,0.001353453732600419,0.01817263385297442,0.21960000000000002,-0.9
2904,0.21704703468858066,0.27081697687045847,0.1362,0.3
3533,0.06916878013618286,0.13551952962217376,0.2982,0.6
2831,0.0021809056467555665,0.0344957910220529,0.22899999999999998,0.1
360,0.05221526629715904,0.09904949864744195,0.4104,-1.1
2338,0.04634175585889339,0.015398883858127169,0.207,-0.8
3254,0.05240952472144994,0.14810017894304733,0.256,-0.8
1388,0.11431285619340485,0.001629559564742136,0.0712,0.3
1842,0.0420076251551031,0.13551952962217376,0.3014,0.6
1880,0.03546702662731504,0.13551952962217376,0.6265999999999999,-0.5
3904,0.24669668880831389,0.2234928701139527,0.0006,-1.5
2119,0.0028831593834233375,0.14810017894304733,0.256,-0.8
2052,0.0021030892950403444,0.01817263385297442,0.07780000000000001,0.6
2693,0.0013194885191929583,0.0344957910220529,0.07780000000000001,0.6
44,0.2797477366174941,0.014398841301189588,0.5454,1.2
2520,0.04823314513356873,0.01817263385297442,0.0274,-0.3
2810,0.0021244146473252783,0.0344957910220529,0.13720000000000002,-1.1
1492,0.001205376700343776,0.1677603868083821,0.4224,-0.9
2849,0.0021292869960261407,0.0344957910220529,0.1818,-1.2
796,0.07394078669930716,0.03180379846413318,0.3456,-0.6
2763,0.0015268811008514042,0.01817263385297442,0.0546,-0.6
1159,0.006201934986203485,0.02264422228546187,0.3274,1.3
1454,0.10968942095878219,0.004704532287446837,0.303,-0.5
1681,0.07705344076791605,0.006976116286736587,0.16899999999999998,-1.2
1419,0.17615383572473856,0.001629559564742136,0.32380000000000003,-1.1
3950,0.1729799595354971,0.04320025295339059,0.1524,-1.5
1095,0.18986582540270316,0.006976116286736587,0.1804,-0.6
630,0.14801016103606754,0.009566787832424364,0.34740000000000004,-1.1
3536,0.06916878013618286,0.118549935358491,0.2982,0.6
3921,0.35510722415374363,0.2234928701139527,0.33020000000000005,2.2
2063,0.002482143901217579,0.0344957910220529,0.21960000000000002,-0.9
3465,0.0751004056901124,0.13551952962217376,0.1656,0.2
1240,0.019742827549643585,0.01223046190971448,0.1444,0.6
3146,0.019326700725090223,0.14810017894304733,0.0132,-1.7
1692,0.10574507815106089,0.09096544967859242,0.3396,-1.1
395,0.03918406377607872,0.07097355882163141,0.2086,0.6
2808,0.0021244146473252783,0.01817263385297442,0.13720000000000002,-1.1
2654,0.0018150558116951621,0.0344957910220529,0.0132,-1.7
2967,0.041685697072099744,0.06495476972097802,0.5376,-1.2
2454,0.07942627458523602,0.021239127461607474,0.303,-0.5
3939,0.1375790273775155,0.04320025295339059,0.0864,0.7
93,0.08303837970255794,0.07121954114819438,0.29960000000000003,0.0
3602,0.09247385949615113,0.118549935358491,0.332,1.2
283,0.05072482189094017,0.010513831525489882,0.198,1.6
1828,0.03825761138542199,0.13551952962217376,0.0748,-0.6
2873,0.0033135501853328465,0.0344957910220529,0.42840000000000006,-1.1
2591,0.0015095807322758783,0.0344957910220529,0.1592,0.5
3393,0.05427972987133892,0.02722697219682359,0.0834,0.3
2700,0.001353453732600419,0.01817263385297442,0.21960000000000002,-0.9
89,0.10465275406332697,0.022497225547324244,0.13019999999999998,-0.8
2718,0.001322242455415185,0.01817263385297442,0.0292,-1.6
3870,0.23968608516526582,0.651275385649692,0.002294,-1.4
1366,0.012170067848514866,0.025339671035899382,0.18280000000000002,-1.1
3932,0.0910075649921887,0.04320025295339059,0.1376,0.0
653,0.0783403763486873,1.0,0.3274,1.3
1406,0.09197476151618453,0.001629559564742136,0.5436,-0.8
409,0.09923724440294239,0.07097355882163141,0.5376,-1.2
2803,0.0021414325609036525,0.14810017894304733,0.18,-0.7
13,0.18755251897603284,0.014398841301189588,0.021,0.5
3525,0.07095573167566145,0.13551952962217376,0.3014,0.6
77,0.07349182448133496,0.022497225547324244,0.1866,-1.4
3126,0.02345534541845284,0.0344957910220529,0.2582,-0.2
3763,0.043547428572074186,0.04293668159954057,0.1882,-0.9
1713,0.08659173418047236,0.23329471131103105,0.295,-0.2
974,0.10818273539022712,0.09096544967859242,0.12480000000000001,2.5
3940,0.14114671644653537,0.04320025295339059,0.2018,-1.7
1224,0.021880023285589967,0.01223046190971448,0.1804,-0.2
3617,0.1367897775017251,0.0588121943567271,0.2186,0.7
574,0.029353146986473514,0.05375701109409925,0.0292,-1.6
3194,0.01974226263964928,0.14810017894304733,0.07780000000000001,0.6
3435,0.07206133114826148,0.13551952962217376,0.4886,0.1
3416,0.06812532076295615,0.02722697219682359,0.45439999999999997,-0.7
2102,0.0027715190457992304,0.0344957910220529,0.1528,1.5
2443,0.07846345611369604,0.021239127461607474,0.2112,0.9
239,0.020378139451986462,0.009030646701590152,0.2018,-1.7
356,0.038303086639963374,0.09904949864744195,0.35200000000000004,-0.5
1552,0.10213848090618342,0.09096544967859242,0.187,0.2
2419,0.08196519194088103,0.0693531795848928,0.22899999999999998,0.1
3492,0.059178558728184234,0.118549935358491,0.6344,-0.9
2550,0.027640551724995036,0.01817263385297442,0.0018,-1.7
40,0.18847049771677504,0.014398841301189588,0.4376,0.1
2538,0.04278960181471687,0.01817263385297442,0.1042,0.7
2304,0.1410621211748885,0.021136679812765315,0.11720000000000001,-0.2
1097,0.19711065485213905,0.006976116286736587,0.12960000000000002,-0.5
1032,0.19468634361158824,0.09096544967859242,0.3398,2.2
2042,0.0025102481734341473,0.0344957910220529,0.31420000000000003,0.9
3953,0.18306932264749587,0.04320025295339059,0.265,-0.1
1949,0.00333092116765766,0.0344957910220529,0.1592,0.5
1520,0.10558605598766463,0.09096544967859242,0.247,0.1
733,0.03987706711158978,0.41091115870335804,0.3034,0.0
2009,0.003659557556843362,0.0344957910220529,0.0132,-1.7
1180,0.010228119129349419,0.02264422228546187,0.33020000000000005,2.2
3195,0.01974226263964928,0.0344957910220529,0.07780000000000001,0.6
3441,0.0691754884423652,0.13551952962217376,0.1202,-0.5
1344,0.015781113759597468,0.025339671035899382,0.14300000000000002,-0.9
527,0.008157582772730777,0.00783147405774708,0.4142,0.6
3197,0.01974226263964928,0.14810017894304733,0.07780000000000001,0.6
1289,0.7209551526429173,0.1532774086372158,0.0236,1.6
