,Att Chg,Visitors Scaled,Area Scaled,cei_pct_area,RONI,Region_Northeast,Region_Northern Rockies and Plains,Region_Northwest,Region_Ohio Valley,Region_South,Region_Southeast,Region_Southwest,Region_Upper Midwest,Region_West
0,0,0.01970794811919184,5.007585132273716e-07,0.6314,-1.4,1.0,0.0,0.0,0.0,0.0,0.0,0.0,0.0,0.0
1,0,0.014088592022877445,5.007585132273716e-07,0.47479999999999994,-0.8,1.0,0.0,0.0,0.0,0.0,0.0,0.0,0.0,0.0
2,1,0.01692177404747186,5.007585132273716e-07,0.1646,-0.6,1.0,0.0,0.0,0.0,0.0,0.0,0.0,0.0,0.0
3,0,0.00995715560866587,5.007585132273716e-07,0.1074,-0.5,1.0,0.0,0.0,0.0,0.0,0.0,0.0,0.0,0.0
4,1,0.010227042967446903,5.007585132273716e-07,0.18,0.5,1.0,0.0,0.0,0.0,0.0,0.0,0.0,0.0,0.0
5,0,0.008444370715969237,5.007585132273716e-07,0.3778,2.2,1.0,0.0,0.0,0.0,0.0,0.0,0.0,0.0,0.0
6,0,0.007837441780015122,5.007585132273716e-07,0.299,-0.7,1.0,0.0,0.0,0.0,0.0,0.0,0.0,0.0,0.0
7,1,0.008173757365638022,5.007585132273716e-07,0.3496,-1.1,1.0,0.0,0.0,0.0,0.0,0.0,0.0,0.0,0.0
8,1,0.008607900312648261,5.007585132273716e-07,0.3968,0.6,1.0,0.0,0.0,0.0,0.0,0.0,0.0,0.0,0.0
9,0,0.0014352852947144548,5.007585132273716e-07,0.4376,0.1,1.0,0.0,0.0,0.0,0.0,0.0,0.0,0.0,0.0
10,1,0.0016637911351349783,5.007585132273716e-07,0.547,-1.2,1.0,0.0,0.0,0.0,0.0,0.0,0.0,0.0,0.0
11,1,0.005398291669283261,5.007585132273716e-07,0.2064,-1.2,1.0,0.0,0.0,0.0,0.0,0.0,0.0,0.0,0.0
12,1,0.007408199275968627,5.007585132273716e-07,0.6038,-0.8,1.0,0.0,0.0,0.0,0.0,0.0,0.0,0.0,0.0
13,0,0.0065351944368719495,5.007585132273716e-07,0.5454,1.2,1.0,0.0,0.0,0.0,0.0,0.0,0.0,0.0,0.0
14,0,0.00589232891918371,5.007585132273716e-07,0.1524,-1.1,1.0,0.0,0.0,0.0,0.0,0.0,0.0,0.0,0.0
15,1,0.0015118774032589035,0.004375012670978808,0.09300000000000001,0.6,0.0,1.0,0.0,0.0,0.0,0.0,0.0,0.0,0.0
16,1,0.0017167885182984355,0.004375012670978808,0.29960000000000003,0.0,0.0,1.0,0.0,0.0,0.0,0.0,0.0,0.0,0.0
17,0,0.0016367479498906113,0.004375012670978808,0.247,0.1,0.0,1.0,0.0,0.0,0.0,0.0,0.0,0.0,0.0
18,1,0.001832584170552839,0.004375012670978808,0.12480000000000001,2.5,0.0,1.0,0.0,0.0,0.0,0.0,0.0,0.0,0.0
19,1,0.001872513705812978,0.004375012670978808,0.14279999999999998,-0.5,0.0,1.0,0.0,0.0,0.0,0.0,0.0,0.0,0.0
20,1,0.0018814071023027362,0.004375012670978808,0.17980000000000002,-0.8,0.0,1.0,0.0,0.0,0.0,0.0,0.0,0.0,0.0
21,0,0.0018489189804319869,0.004375012670978808,0.1324,-0.3,0.0,1.0,0.0,0.0,0.0,0.0,0.0,0.0,0.0
22,1,0.0020761543356396877,0.004375012670978808,0.34979999999999994,1.6,0.0,1.0,0.0,0.0,0.0,0.0,0.0,0.0,0.0
23,0,0.002024790433464145,0.004375012670978808,0.3432,0.7,0.0,1.0,0.0,0.0,0.0,0.0,0.0,0.0,0.0
24,1,0.0020797842933906094,0.004375012670978808,0.1446,-1.7,0.0,1.0,0.0,0.0,0.0,0.0,0.0,0.0,0.0
25,1,0.00262845240744243,0.004375012670978808,0.187,0.2,0.0,1.0,0.0,0.0,0.0,0.0,0.0,0.0,0.0
26,0,0.0025211871559026925,0.004375012670978808,0.1018,0.6,0.0,1.0,0.0,0.0,0.0,0.0,0.0,0.0,0.0
27,1,0.0034094378175532417,0.004375012670978808,0.0674,2.3,0.0,1.0,0.0,0.0,0.0,0.0,0.0,0.0,0.0
28,1,0.0035332193768596726,0.004375012670978808,0.36219999999999997,0.5,0.0,1.0,0.0,0.0,0.0,0.0,0.0,0.0,0.0
29,0,0.0034430149267492675,0.004375012670978808,0.11699999999999999,0.3,0.0,1.0,0.0,0.0,0.0,0.0,0.0,0.0,0.0
30,0,0.0033974589569752,0.004375012670978808,0.193,1.3,0.0,1.0,0.0,0.0,0.0,0.0,0.0,0.0,0.0
31,0,0.003006875502976021,0.004375012670978808,0.3454,-0.9,0.0,1.0,0.0,0.0,0.0,0.0,0.0,0.0,0.0
32,1,0.0037381304918992046,0.004375012670978808,0.11939999999999999,-0.2,0.0,1.0,0.0,0.0,0.0,0.0,0.0,0.0,0.0
33,0,0.003193273833485852,0.004375012670978808,0.3398,2.2,0.0,1.0,0.0,0.0,0.0,0.0,0.0,0.0,0.0
34,1,0.0032881972286724556,0.004375012670978808,0.316,-1.5,0.0,1.0,0.0,0.0,0.0,0.0,0.0,0.0,0.0
35,0,0.0032548016173639754,0.004375012670978808,0.08439999999999999,-1.7,0.0,1.0,0.0,0.0,0.0,0.0,0.0,0.0,0.0
36,0,0.003157881745414365,0.004375012670978808,0.24420000000000003,-0.6,0.0,1.0,0.0,0.0,0.0,0.0,0.0,0.0,0.0
37,0,0.003108877315776922,0.004375012670978808,0.128,-0.1,0.0,1.0,0.0,0.0,0.0,0.0,0.0,0.0,0.0
38,0,0.002946255208535628,0.004375012670978808,0.1298,0.9,0.0,1.0,0.0,0.0,0.0,0.0,0.0,0.0,0.0
39,0,0.002765120316764633,0.004375012670978808,0.1152,0.3,0.0,1.0,0.0,0.0,0.0,0.0,0.0,0.0,0.0
40,0,0.002578903484142348,0.004375012670978808,0.195,0.6,0.0,1.0,0.0,0.0,0.0,0.0,0.0,0.0,0.0
41,0,0.0024540329375106404,0.004375012670978808,0.36939999999999995,-0.9,0.0,1.0,0.0,0.0,0.0,0.0,0.0,0.0,0.0
42,0,0.0023589280444364907,0.004375012670978808,0.3518,0.6,0.0,1.0,0.0,0.0,0.0,0.0,0.0,0.0,0.0
43,0,0.002255111252760129,0.004375012670978808,0.109,-1.6,0.0,1.0,0.0,0.0,0.0,0.0,0.0,0.0,0.0
44,1,0.0023039341845100263,0.004375012670978808,0.1474,-0.9,0.0,1.0,0.0,0.0,0.0,0.0,0.0,0.0,0.0
45,0,0.0022703570753140005,0.004375012670978808,0.2696,1.5,0.0,1.0,0.0,0.0,0.0,0.0,0.0,0.0,0.0
46,0,0.002108460959622891,0.004375012670978808,0.1832,-1.4,0.0,1.0,0.0,0.0,0.0,0.0,0.0,0.0,0.0
47,1,0.002146031022344931,0.004375012670978808,0.49,-0.8,0.0,1.0,0.0,0.0,0.0,0.0,0.0,0.0,0.0
48,0,0.0019064538107840963,0.004375012670978808,0.1804,-0.6,0.0,1.0,0.0,0.0,0.0,0.0,0.0,0.0,0.0
49,1,0.0022578337210733203,0.004375012670978808,0.12960000000000002,-0.5,0.0,1.0,0.0,0.0,0.0,0.0,0.0,0.0,0.0
50,1,0.002407387980411296,0.004375012670978808,0.41600000000000004,0.5,0.0,1.0,0.0,0.0,0.0,0.0,0.0,0.0,0.0
51,1,0.002823199640779381,0.004375012670978808,0.445,2.2,0.0,1.0,0.0,0.0,0.0,0.0,0.0,0.0,0.0
52,1,0.00581482932120153,0.004375012670978808,0.1528,-0.7,0.0,1.0,0.0,0.0,0.0,0.0,0.0,0.0,0.0
53,0,0.0029471626979733585,0.004375012670978808,0.1646,-1.1,0.0,1.0,0.0,0.0,0.0,0.0,0.0,0.0,0.0
54,1,0.0030232103128551686,0.004375012670978808,0.4546,0.6,0.0,1.0,0.0,0.0,0.0,0.0,0.0,0.0,0.0
55,0,0.0015830245751769696,0.004375012670978808,0.1184,0.1,0.0,1.0,0.0,0.0,0.0,0.0,0.0,0.0,0.0
56,1,0.0033148774181417304,0.004375012670978808,0.3624,-1.2,0.0,1.0,0.0,0.0,0.0,0.0,0.0,0.0,0.0
57,0,0.0029687609465913426,0.004375012670978808,0.16899999999999998,-1.2,0.0,1.0,0.0,0.0,0.0,0.0,0.0,0.0,0.0
58,0,0.0028244701259922036,0.004375012670978808,0.2036,-0.8,0.0,1.0,0.0,0.0,0.0,0.0,0.0,0.0,0.0
59,1,0.0035201515289563544,0.004375012670978808,0.4428,1.2,0.0,1.0,0.0,0.0,0.0,0.0,0.0,0.0,0.0
60,0,0.0030540649537380035,0.004375012670978808,0.3396,-1.1,0.0,1.0,0.0,0.0,0.0,0.0,0.0,0.0,0.0
61,1,0.00040129182936439803,0.0019614997110837993,0.1152,0.6,0.0,0.0,0.0,0.0,1.0,0.0,0.0,0.0,0.0
62,1,0.00043269096390987104,0.0019614997110837993,0.1084,0.0,0.0,0.0,0.0,0.0,1.0,0.0,0.0,0.0,0.0
63,1,0.00043523193433551624,0.0019614997110837993,0.0484,0.1,0.0,0.0,0.0,0.0,1.0,0.0,0.0,0.0,0.0
64,0,0.0003482944462009407,0.0019614997110837993,0.32020000000000004,2.5,0.0,0.0,0.0,0.0,1.0,0.0,0.0,0.0,0.0
65,1,0.0004085517448662415,0.0019614997110837993,0.052199999999999996,-0.5,0.0,0.0,0.0,0.0,1.0,0.0,0.0,0.0,0.0
66,0,0.0003992953526013911,0.0019614997110837993,0.18960000000000002,-0.8,0.0,0.0,0.0,0.0,1.0,0.0,0.0,0.0,0.0
67,1,0.00039965834837648326,0.0019614997110837993,0.1454,-0.3,0.0,0.0,0.0,0.0,1.0,0.0,0.0,0.0,0.0
68,1,0.0004526557315399406,0.0019614997110837993,0.1562,1.6,0.0,0.0,0.0,0.0,1.0,0.0,0.0,0.0,0.0
69,0,0.0003884054793486259,0.0019614997110837993,0.1286,0.7,0.0,0.0,0.0,0.0,1.0,0.0,0.0,0.0,0.0
70,1,0.0006973148839520657,0.0019614997110837993,0.2228,-1.7,0.0,0.0,0.0,0.0,1.0,0.0,0.0,0.0,0.0
71,0,0.0006203597796325249,0.0019614997110837993,0.0902,0.2,0.0,0.0,0.0,0.0,1.0,0.0,0.0,0.0,0.0
72,1,0.0006918699473256831,0.0019614997110837993,0.2052,0.6,0.0,0.0,0.0,0.0,1.0,0.0,0.0,0.0,0.0
73,0,0.0006205412775200709,0.0019614997110837993,0.22399999999999998,2.3,0.0,0.0,0.0,0.0,1.0,0.0,0.0,0.0,0.0
74,0,0.000572625835207904,0.0019614997110837993,0.2568,0.5,0.0,0.0,0.0,0.0,1.0,0.0,0.0,0.0,0.0
75,1,0.0006156408345563266,0.0019614997110837993,0.0712,0.3,0.0,0.0,0.0,0.0,1.0,0.0,0.0,0.0,0.0
76,0,0.0005025676506151145,0.0019614997110837993,0.10859999999999999,1.3,0.0,0.0,0.0,0.0,1.0,0.0,0.0,0.0,0.0
77,1,0.0005945870796009805,0.0019614997110837993,0.14300000000000002,-0.9,0.0,0.0,0.0,0.0,1.0,0.0,0.0,0.0,0.0
78,1,0.0006103773958174901,0.0019614997110837993,0.1998,-0.2,0.0,0.0,0.0,0.0,1.0,0.0,0.0,0.0,0.0
79,0,0.000597672543689264,0.0019614997110837993,0.3478,2.2,0.0,0.0,0.0,0.0,1.0,0.0,0.0,0.0,0.0
80,0,0.0005530240633529267,0.0019614997110837993,0.24739999999999998,-1.5,0.0,0.0,0.0,0.0,1.0,0.0,0.0,0.0,0.0
81,1,0.0005682698859067979,0.0019614997110837993,0.15560000000000002,-1.7,0.0,0.0,0.0,0.0,1.0,0.0,0.0,0.0,0.0
82,0,0.0004457588118131893,0.0019614997110837993,0.13140000000000002,-0.6,0.0,0.0,0.0,0.0,1.0,0.0,0.0,0.0,0.0
83,0,0.00038568301103543456,0.0019614997110837993,0.081,-0.1,0.0,0.0,0.0,0.0,1.0,0.0,0.0,0.0,0.0
84,0,0.0003286926743459633,0.0019614997110837993,0.0848,0.9,0.0,0.0,0.0,0.0,1.0,0.0,0.0,0.0,0.0
85,1,0.0003651737497427267,0.0019614997110837993,0.135,0.3,0.0,0.0,0.0,0.0,1.0,0.0,0.0,0.0,0.0
86,1,0.0005297923337470275,0.0019614997110837993,0.111,0.6,0.0,0.0,0.0,0.0,1.0,0.0,0.0,0.0,0.0
87,0,0.00034157902436173545,0.0019614997110837993,0.3212,-0.9,0.0,0.0,0.0,0.0,1.0,0.0,0.0,0.0,0.0
88,1,0.0007310734910356379,0.0019614997110837993,0.2266,0.6,0.0,0.0,0.0,0.0,1.0,0.0,0.0,0.0,0.0
89,0,0.0004169006476933615,0.0019614997110837993,0.17739999999999997,-1.6,0.0,0.0,0.0,0.0,1.0,0.0,0.0,0.0,0.0
90,1,0.0005296108358594815,0.0019614997110837993,0.1728,-0.9,0.0,0.0,0.0,0.0,1.0,0.0,0.0,0.0,0.0
91,1,0.0007895158108254778,0.0019614997110837993,0.115,1.5,0.0,0.0,0.0,0.0,1.0,0.0,0.0,0.0,0.0
92,0,0.0005833342105731231,0.0019614997110837993,0.3886,-1.4,0.0,0.0,0.0,0.0,1.0,0.0,0.0,0.0,0.0
93,1,0.0006140073535684118,0.0019614997110837993,0.5436,-0.8,0.0,0.0,0.0,0.0,1.0,0.0,0.0,0.0,0.0
94,0,0.00028222921513416504,0.0019614997110837993,0.1602,-0.6,0.0,0.0,0.0,0.0,1.0,0.0,0.0,0.0,0.0
95,1,0.00081909996649549,0.0019614997110837993,0.151,-0.5,0.0,0.0,0.0,0.0,1.0,0.0,0.0,0.0,0.0
96,1,0.0017227779485874564,0.0019614997110837993,0.3448,0.5,0.0,0.0,0.0,0.0,1.0,0.0,0.0,0.0,0.0
97,0,0.001479752277163246,0.0019614997110837993,0.4218,2.2,0.0,0.0,0.0,0.0,1.0,0.0,0.0,0.0,0.0
98,0,0.0012002455303422724,0.0019614997110837993,0.3332,-0.7,0.0,0.0,0.0,0.0,1.0,0.0,0.0,0.0,0.0
99,1,0.001345806836154234,0.0019614997110837993,0.18280000000000002,-1.1,0.0,0.0,0.0,0.0,1.0,0.0,0.0,0.0,0.0
100,1,0.0016057118111202303,0.0019614997110837993,0.27,0.6,0.0,0.0,0.0,0.0,1.0,0.0,0.0,0.0,0.0
101,0,0.0007748144819342448,0.0019614997110837993,0.24359999999999998,0.1,0.0,0.0,0.0,0.0,1.0,0.0,0.0,0.0,0.0
102,1,0.0017289488767640233,0.0019614997110837993,0.1524,-1.2,0.0,0.0,0.0,0.0,1.0,0.0,0.0,0.0,0.0
103,0,0.0013648641143465731,0.0019614997110837993,0.2242,-1.2,0.0,0.0,0.0,0.0,1.0,0.0,0.0,0.0,0.0
104,0,0.0010900763126017977,0.0019614997110837993,0.46020000000000005,-0.8,0.0,0.0,0.0,0.0,1.0,0.0,0.0,0.0,0.0
105,1,0.0015532589216194113,0.0019614997110837993,0.4988,1.2,0.0,0.0,0.0,0.0,1.0,0.0,0.0,0.0,0.0
106,0,0.0014617839862961835,0.0019614997110837993,0.32380000000000003,-1.1,0.0,0.0,0.0,0.0,1.0,0.0,0.0,0.0,0.0
107,0,0.01031706591966976,0.000455547173175986,0.12240000000000001,0.6,0.0,0.0,0.0,0.0,0.0,0.0,1.0,0.0,0.0
108,1,0.01177957589751613,0.000455547173175986,0.1376,0.0,0.0,0.0,0.0,0.0,0.0,0.0,1.0,0.0,0.0
109,0,0.011049228398030676,0.000455547173175986,0.15839999999999999,0.1,0.0,0.0,0.0,0.0,0.0,0.0,1.0,0.0,0.0
110,1,0.011197149176380736,0.000455547173175986,0.3452,2.5,0.0,0.0,0.0,0.0,0.0,0.0,1.0,0.0,0.0
111,0,0.010598387645366195,0.000455547173175986,0.2488,-0.5,0.0,0.0,0.0,0.0,0.0,0.0,1.0,0.0,0.0
112,0,0.010560817582644155,0.000455547173175986,0.207,-0.8,0.0,0.0,0.0,0.0,0.0,0.0,1.0,0.0,0.0
113,1,0.011347066431493804,0.000455547173175986,0.2116,-0.3,0.0,0.0,0.0,0.0,0.0,0.0,1.0,0.0,0.0
114,1,0.011880670220879299,0.000455547173175986,0.198,1.6,0.0,0.0,0.0,0.0,0.0,0.0,1.0,0.0,0.0
115,1,0.014432349021889734,0.000455547173175986,0.0864,0.7,0.0,0.0,0.0,0.0,0.0,0.0,1.0,0.0,0.0
116,1,0.015767447482678748,0.000455547173175986,0.2018,-1.7,0.0,0.0,0.0,0.0,0.0,0.0,1.0,0.0,0.0
117,0,0.014526546425526154,0.000455547173175986,0.1378,0.2,0.0,0.0,0.0,0.0,0.0,0.0,1.0,0.0,0.0
118,1,0.016193241526861867,0.000455547173175986,0.0834,0.6,0.0,0.0,0.0,0.0,0.0,0.0,1.0,0.0,0.0
119,1,0.01704156265325228,0.000455547173175986,0.2144,2.3,0.0,0.0,0.0,0.0,0.0,0.0,1.0,0.0,0.0
120,0,0.015021491164864332,0.000455547173175986,0.1864,0.5,0.0,0.0,0.0,0.0,0.0,0.0,1.0,0.0,0.0
121,0,0.014646698027081663,0.000455547173175986,0.0834,0.3,0.0,0.0,0.0,0.0,0.0,0.0,1.0,0.0,0.0
122,0,0.01315841534920375,0.000455547173175986,0.107,1.3,0.0,0.0,0.0,0.0,0.0,0.0,1.0,0.0,0.0
123,0,0.011970693173102159,0.000455547173175986,0.1882,-0.9,0.0,0.0,0.0,0.0,0.0,0.0,1.0,0.0,0.0
124,0,0.011249057572218916,0.000455547173175986,0.1804,-0.2,0.0,0.0,0.0,0.0,0.0,0.0,1.0,0.0,0.0
125,1,0.011481374868277909,0.000455547173175986,0.19940000000000002,2.2,0.0,0.0,0.0,0.0,0.0,0.0,1.0,0.0,0.0
126,0,0.010584593805912692,0.000455547173175986,0.1524,-1.5,0.0,0.0,0.0,0.0,0.0,0.0,1.0,0.0,0.0
127,0,0.009462573865102785,0.000455547173175986,0.195,-1.7,0.0,0.0,0.0,0.0,0.0,0.0,1.0,0.0,0.0
128,0,0.008430758374403281,0.000455547173175986,0.1244,-0.6,0.0,0.0,0.0,0.0,0.0,0.0,1.0,0.0,0.0
129,1,0.008603181367572063,0.000455547173175986,0.265,-0.1,0.0,0.0,0.0,0.0,0.0,0.0,1.0,0.0,0.0
130,0,0.007712389735495868,0.000455547173175986,0.491,0.9,0.0,0.0,0.0,0.0,0.0,0.0,1.0,0.0,0.0
131,1,0.008244178546005903,0.000455547173175986,0.057999999999999996,0.3,0.0,0.0,0.0,0.0,0.0,0.0,1.0,0.0,0.0
132,0,0.007994981946405126,0.000455547173175986,0.1444,0.6,0.0,0.0,0.0,0.0,0.0,0.0,1.0,0.0,0.0
133,0,0.007401302356241876,0.000455547173175986,0.0706,-0.9,0.0,0.0,0.0,0.0,0.0,0.0,1.0,0.0,0.0
134,0,0.007176063477797182,0.000455547173175986,0.2086,0.6,0.0,0.0,0.0,0.0,0.0,0.0,1.0,0.0,0.0
135,0,0.007025601729021476,0.000455547173175986,0.099,-1.6,0.0,0.0,0.0,0.0,0.0,0.0,1.0,0.0,0.0
136,0,0.0069393902324370845,0.000455547173175986,0.0766,-0.9,0.0,0.0,0.0,0.0,0.0,0.0,1.0,0.0,0.0
137,0,0.0067947364160628534,0.000455547173175986,0.0724,1.5,0.0,0.0,0.0,0.0,0.0,0.0,1.0,0.0,0.0
138,1,0.007460652165469446,0.000455547173175986,0.1866,-1.4,0.0,0.0,0.0,0.0,0.0,0.0,1.0,0.0,0.0
139,1,0.00812094148036211,0.000455547173175986,0.5770000000000001,-0.8,0.0,0.0,0.0,0.0,0.0,0.0,1.0,0.0,0.0
140,0,0.00749804073030394,0.000455547173175986,0.1202,-0.6,0.0,0.0,0.0,0.0,0.0,0.0,1.0,0.0,0.0
141,1,0.00811676702894855,0.000455547173175986,0.35200000000000004,-0.5,0.0,0.0,0.0,0.0,0.0,0.0,1.0,0.0,0.0
142,1,0.009649335191387708,0.000455547173175986,0.3858,0.5,0.0,0.0,0.0,0.0,0.0,0.0,1.0,0.0,0.0
143,1,0.010470976128308843,0.000455547173175986,0.3322,2.2,0.0,0.0,0.0,0.0,0.0,0.0,1.0,0.0,0.0
144,0,0.009575102555381357,0.000455547173175986,0.45439999999999997,-0.7,0.0,0.0,0.0,0.0,0.0,0.0,1.0,0.0,0.0
145,1,0.009970223456569189,0.000455547173175986,0.4104,-1.1,0.0,0.0,0.0,0.0,0.0,0.0,1.0,0.0,0.0
146,1,0.011575390774026782,0.000455547173175986,0.11,0.6,0.0,0.0,0.0,0.0,0.0,0.0,1.0,0.0,0.0
147,0,0.005485410655305383,0.000455547173175986,0.40659999999999996,0.1,0.0,0.0,0.0,0.0,0.0,0.0,1.0,0.0,0.0
148,1,0.010241381300563042,0.000455547173175986,0.5376,-1.2,0.0,0.0,0.0,0.0,0.0,0.0,1.0,0.0,0.0
149,0,0.009146767540772593,0.000455547173175986,0.132,-1.2,0.0,0.0,0.0,0.0,0.0,0.0,1.0,0.0,0.0
150,0,0.008630950544366614,0.000455547173175986,0.13019999999999998,-0.8,0.0,0.0,0.0,0.0,0.0,0.0,1.0,0.0,0.0
151,0,0.00726336396170685,0.000455547173175986,0.41259999999999997,1.2,0.0,0.0,0.0,0.0,0.0,0.0,1.0,0.0,0.0
152,0,0.007012352383230612,0.000455547173175986,0.5256000000000001,-1.1,0.0,0.0,0.0,0.0,0.0,0.0,1.0,0.0,0.0
153,1,0.032018042342005185,0.048182511998996654,0.12240000000000001,0.6,0.0,0.0,0.0,0.0,0.0,0.0,1.0,0.0,0.0
154,1,0.035859263634030566,0.048182511998996654,0.1376,0.0,0.0,0.0,0.0,0.0,0.0,0.0,1.0,0.0,0.0
155,1,0.03826882958909241,0.048182511998996654,0.15839999999999999,0.1,0.0,0.0,0.0,0.0,0.0,0.0,1.0,0.0,0.0
156,0,0.0362587404845195,0.048182511998996654,0.3452,2.5,0.0,0.0,0.0,0.0,0.0,0.0,1.0,0.0,0.0
157,1,0.039112794766181715,0.048182511998996654,0.2488,-0.5,0.0,0.0,0.0,0.0,0.0,0.0,1.0,0.0,0.0
158,1,0.043275267319163674,0.048182511998996654,0.207,-0.8,0.0,0.0,0.0,0.0,0.0,0.0,1.0,0.0,0.0
159,0,0.043192322784555114,0.048182511998996654,0.2116,-0.3,0.0,0.0,0.0,0.0,0.0,0.0,1.0,0.0,0.0
160,1,0.047466598036265455,0.048182511998996654,0.198,1.6,0.0,0.0,0.0,0.0,0.0,0.0,1.0,0.0,0.0
161,0,0.045294794313888984,0.048182511998996654,0.0864,0.7,0.0,0.0,0.0,0.0,0.0,0.0,1.0,0.0,0.0
162,1,0.05849186871314005,0.048182511998996654,0.2018,-1.7,0.0,0.0,0.0,0.0,0.0,0.0,1.0,0.0,0.0
163,1,0.059516424288337706,0.048182511998996654,0.1378,0.2,0.0,0.0,0.0,0.0,0.0,0.0,1.0,0.0,0.0
164,1,0.06274835717187088,0.048182511998996654,0.0834,0.6,0.0,0.0,0.0,0.0,0.0,0.0,1.0,0.0,0.0
165,1,0.06537626508565067,0.048182511998996654,0.2144,2.3,0.0,0.0,0.0,0.0,0.0,0.0,1.0,0.0,0.0
166,1,0.0665440224941222,0.048182511998996654,0.1864,0.5,0.0,0.0,0.0,0.0,0.0,0.0,1.0,0.0,0.0
167,1,0.0780691383532987,0.048182511998996654,0.0834,0.3,0.0,0.0,0.0,0.0,0.0,0.0,1.0,0.0,0.0
168,0,0.07181453965057301,0.048182511998996654,0.107,1.3,0.0,0.0,0.0,0.0,0.0,0.0,1.0,0.0,0.0
169,0,0.06596486273496263,0.048182511998996654,0.1882,-0.9,0.0,0.0,0.0,0.0,0.0,0.0,1.0,0.0,0.0
170,1,0.07428762986627599,0.048182511998996654,0.1804,-0.2,0.0,0.0,0.0,0.0,0.0,0.0,1.0,0.0,0.0
171,0,0.06437221877174572,0.048182511998996654,0.19940000000000002,2.2,0.0,0.0,0.0,0.0,0.0,0.0,1.0,0.0,0.0
172,0,0.060395963051386045,0.048182511998996654,0.1524,-1.5,0.0,0.0,0.0,0.0,0.0,0.0,1.0,0.0,0.0
173,0,0.045061569528392256,0.048182511998996654,0.195,-1.7,0.0,0.0,0.0,0.0,0.0,0.0,1.0,0.0,0.0
174,1,0.056963112006339356,0.048182511998996654,0.1244,-0.6,0.0,0.0,0.0,0.0,0.0,0.0,1.0,0.0,0.0
175,0,0.05289501835488137,0.048182511998996654,0.265,-0.1,0.0,0.0,0.0,0.0,0.0,0.0,1.0,0.0,0.0
176,0,0.05210731752293135,0.048182511998996654,0.491,0.9,0.0,0.0,0.0,0.0,0.0,0.0,1.0,0.0,0.0
177,0,0.04778567132257148,0.048182511998996654,0.057999999999999996,0.3,0.0,0.0,0.0,0.0,0.0,0.0,1.0,0.0,0.0
178,0,0.04540369304641663,0.048182511998996654,0.1444,0.6,0.0,0.0,0.0,0.0,0.0,0.0,1.0,0.0,0.0
179,0,0.04424283255767186,0.048182511998996654,0.0706,-0.9,0.0,0.0,0.0,0.0,0.0,0.0,1.0,0.0,0.0
180,0,0.04067984752725463,0.048182511998996654,0.2086,0.6,0.0,0.0,0.0,0.0,0.0,0.0,1.0,0.0,0.0
181,0,0.03768912533627021,0.048182511998996654,0.099,-1.6,0.0,0.0,0.0,0.0,0.0,0.0,1.0,0.0,0.0
182,1,0.038576287010595484,0.048182511998996654,0.0766,-0.9,0.0,0.0,0.0,0.0,0.0,0.0,1.0,0.0,0.0
183,1,0.04263312779302562,0.048182511998996654,0.0724,1.5,0.0,0.0,0.0,0.0,0.0,0.0,1.0,0.0,0.0
184,0,0.03519498136561189,0.048182511998996654,0.1866,-1.4,0.0,0.0,0.0,0.0,0.0,0.0,1.0,0.0,0.0
185,0,0.027277136021413847,0.048182511998996654,0.5770000000000001,-0.8,0.0,0.0,0.0,0.0,0.0,0.0,1.0,0.0,0.0
186,0,0.022992515390113374,0.048182511998996654,0.1202,-0.6,0.0,0.0,0.0,0.0,0.0,0.0,1.0,0.0,0.0
187,1,0.023613964157071177,0.048182511998996654,0.35200000000000004,-0.5,0.0,0.0,0.0,0.0,0.0,0.0,1.0,0.0,0.0
188,1,0.03159388177880998,0.048182511998996654,0.3858,0.5,0.0,0.0,0.0,0.0,0.0,0.0,1.0,0.0,0.0
189,1,0.036023337724372224,0.048182511998996654,0.3322,2.2,0.0,0.0,0.0,0.0,0.0,0.0,1.0,0.0,0.0
190,1,0.03795864969927615,0.048182511998996654,0.45439999999999997,-0.7,0.0,0.0,0.0,0.0,0.0,0.0,1.0,0.0,0.0
191,0,0.03601662230253302,0.048182511998996654,0.4104,-1.1,0.0,0.0,0.0,0.0,0.0,0.0,1.0,0.0,0.0
192,1,0.03643406744388902,0.048182511998996654,0.11,0.6,0.0,0.0,0.0,0.0,0.0,0.0,1.0,0.0,0.0
193,0,0.017232861426725855,0.048182511998996654,0.40659999999999996,0.1,0.0,0.0,0.0,0.0,0.0,0.0,1.0,0.0,0.0
194,1,0.04913438212492645,0.048182511998996654,0.5376,-1.2,0.0,0.0,0.0,0.0,0.0,0.0,1.0,0.0,0.0
195,0,0.038285345896859106,0.048182511998996654,0.132,-1.2,0.0,0.0,0.0,0.0,0.0,0.0,1.0,0.0,0.0
196,0,0.036209010063331874,0.048182511998996654,0.13019999999999998,-0.8,0.0,0.0,0.0,0.0,0.0,0.0,1.0,0.0,0.0
197,1,0.03876704129040642,0.048182511998996654,0.41259999999999997,1.2,0.0,0.0,0.0,0.0,0.0,0.0,1.0,0.0,0.0
198,1,0.04494649986768804,0.048182511998996654,0.5256000000000001,-1.1,0.0,0.0,0.0,0.0,0.0,0.0,1.0,0.0,0.0
199,1,0.001977056489039524,4.86451127135161e-07,0.4192,-0.7,0.0,0.0,0.0,0.0,0.0,1.0,0.0,0.0,0.0
200,0,0.0016481823168060148,4.86451127135161e-07,0.46740000000000004,-1.1,0.0,0.0,0.0,0.0,0.0,1.0,0.0,0.0,0.0
201,1,0.001799188559244359,4.86451127135161e-07,0.43560000000000004,0.6,0.0,0.0,0.0,0.0,0.0,1.0,0.0,0.0,0.0
202,0,0.00046009714492933017,4.86451127135161e-07,0.5197999999999999,0.1,0.0,0.0,0.0,0.0,0.0,1.0,0.0,0.0,0.0
203,0,0.0,4.86451127135161e-07,0.2394,-1.2,0.0,0.0,0.0,0.0,0.0,1.0,0.0,0.0,0.0
204,1,0.00036916670326874064,4.86451127135161e-07,0.36060000000000003,-0.8,0.0,0.0,0.0,0.0,0.0,1.0,0.0,0.0,0.0
205,1,0.0013982597256550532,4.86451127135161e-07,0.5506,1.2,0.0,0.0,0.0,0.0,0.0,1.0,0.0,0.0,0.0
206,0,0.0011822772394752097,4.86451127135161e-07,0.1476,-1.1,0.0,0.0,0.0,0.0,0.0,1.0,0.0,0.0,0.0
207,0,0.0039158169238068235,0.000341960834989926,0.0336,0.6,0.0,0.0,0.0,0.0,0.0,1.0,0.0,0.0,0.0
208,0,0.00360708901709093,0.000341960834989926,0.3034,0.0,0.0,0.0,0.0,0.0,0.0,1.0,0.0,0.0,0.0
209,1,0.003713628277080483,0.000341960834989926,0.0946,0.1,0.0,0.0,0.0,0.0,0.0,1.0,0.0,0.0,0.0
210,1,0.00417572189877282,0.000341960834989926,0.2812,2.5,0.0,0.0,0.0,0.0,0.0,1.0,0.0,0.0,0.0
211,1,0.0045323652478008805,0.000341960834989926,0.1328,-0.5,0.0,0.0,0.0,0.0,0.0,1.0,0.0,0.0,0.0
212,0,0.00356534450295533,0.000341960834989926,0.11359999999999999,-0.8,0.0,0.0,0.0,0.0,0.0,1.0,0.0,0.0,0.0
213,1,0.0037858644363238255,0.000341960834989926,0.1782,-0.3,0.0,0.0,0.0,0.0,0.0,1.0,0.0,0.0,0.0
214,0,0.003736678508798836,0.000341960834989926,0.0236,1.6,0.0,0.0,0.0,0.0,0.0,1.0,0.0,0.0,0.0
215,0,0.003642662603049963,0.000341960834989926,0.2186,0.7,0.0,0.0,0.0,0.0,0.0,1.0,0.0,0.0,0.0
216,0,0.003189099382072292,0.000341960834989926,0.19,-1.7,0.0,0.0,0.0,0.0,0.0,1.0,0.0,0.0,0.0
217,1,0.004548337061904936,0.000341960834989926,0.3998,0.2,0.0,0.0,0.0,0.0,0.0,1.0,0.0,0.0,0.0
218,0,0.003790946377175116,0.000341960834989926,0.2332,0.6,0.0,0.0,0.0,0.0,0.0,1.0,0.0,0.0,0.0
219,1,0.004715859612109975,0.000341960834989926,0.2158,2.3,0.0,0.0,0.0,0.0,0.0,1.0,0.0,0.0,0.0
220,0,0.0046997063001183725,0.000341960834989926,0.0286,0.5,0.0,0.0,0.0,0.0,0.0,1.0,0.0,0.0,0.0
221,1,0.004757059632582937,0.000341960834989926,0.15380000000000002,0.3,0.0,0.0,0.0,0.0,0.0,1.0,0.0,0.0,0.0
222,0,0.004665221701484617,0.000341960834989926,0.12619999999999998,1.3,0.0,0.0,0.0,0.0,0.0,1.0,0.0,0.0,0.0
223,0,0.0036542784678529126,0.000341960834989926,0.1568,-0.9,0.0,0.0,0.0,0.0,0.0,1.0,0.0,0.0,0.0
224,0,0.003479677500033577,0.000341960834989926,0.0676,-0.2,0.0,0.0,0.0,0.0,0.0,1.0,0.0,0.0,0.0
225,1,0.003489478385961066,0.000341960834989926,0.4384,2.2,0.0,0.0,0.0,0.0,0.0,1.0,0.0,0.0,0.0
226,1,0.004106026709955123,0.000341960834989926,0.201,-1.5,0.0,0.0,0.0,0.0,0.0,1.0,0.0,0.0,0.0
227,0,0.0038904072195503716,0.000341960834989926,0.1998,-1.7,0.0,0.0,0.0,0.0,0.0,1.0,0.0,0.0,0.0
228,1,0.004118550064195803,0.000341960834989926,0.133,-0.6,0.0,0.0,0.0,0.0,0.0,1.0,0.0,0.0,0.0
229,0,0.0034825814662343144,0.000341960834989926,0.1782,-0.1,0.0,0.0,0.0,0.0,0.0,1.0,0.0,0.0,0.0
230,0,0.003249901174400231,0.000341960834989926,0.2336,0.9,0.0,0.0,0.0,0.0,0.0,1.0,0.0,0.0,0.0
231,1,0.003360070392140706,0.000341960834989926,0.1168,0.3,0.0,0.0,0.0,0.0,0.0,1.0,0.0,0.0,0.0
232,0,0.0029687609465913426,0.000341960834989926,0.0492,0.6,0.0,0.0,0.0,0.0,0.0,1.0,0.0,0.0,0.0
233,1,0.003328489759707687,0.000341960834989926,0.20559999999999998,-0.9,0.0,0.0,0.0,0.0,0.0,1.0,0.0,0.0,0.0
234,1,0.0035228739972695457,0.000341960834989926,0.4142,0.6,0.0,0.0,0.0,0.0,0.0,1.0,0.0,0.0,0.0
235,1,0.0036281427720462763,0.000341960834989926,0.0894,-1.6,0.0,0.0,0.0,0.0,0.0,1.0,0.0,0.0,0.0
236,1,0.0038506591821777787,0.000341960834989926,0.1226,-0.9,0.0,0.0,0.0,0.0,0.0,1.0,0.0,0.0,0.0
237,1,0.003932151733685971,0.000341960834989926,0.16519999999999999,1.5,0.0,0.0,0.0,0.0,0.0,1.0,0.0,0.0,0.0
238,1,0.004361394237732467,0.000341960834989926,0.2632,-1.4,0.0,0.0,0.0,0.0,0.0,1.0,0.0,0.0,0.0
239,1,0.004421470038510222,0.000341960834989926,0.3148,-0.8,0.0,0.0,0.0,0.0,0.0,1.0,0.0,0.0,0.0
240,0,0.004011647808431158,0.000341960834989926,0.3456,-0.6,0.0,0.0,0.0,0.0,0.0,1.0,0.0,0.0,0.0
241,1,0.004741995307916611,0.000341960834989926,0.1352,-0.5,0.0,0.0,0.0,0.0,0.0,1.0,0.0,0.0,0.0
242,1,0.004937650030691292,0.000341960834989926,0.327,0.5,0.0,0.0,0.0,0.0,0.0,1.0,0.0,0.0,0.0
243,0,0.004254310484080276,0.000341960834989926,0.41659999999999997,2.2,0.0,0.0,0.0,0.0,0.0,1.0,0.0,0.0,0.0
244,1,0.004624384676786747,0.000341960834989926,0.4192,-0.7,0.0,0.0,0.0,0.0,0.0,1.0,0.0,0.0,0.0
245,0,0.004125809979697646,0.000341960834989926,0.46740000000000004,-1.1,0.0,0.0,0.0,0.0,0.0,1.0,0.0,0.0,0.0
246,1,0.00447210794913558,0.000341960834989926,0.43560000000000004,0.6,0.0,0.0,0.0,0.0,0.0,1.0,0.0,0.0,0.0
247,0,0.004080435507811124,0.000341960834989926,0.5197999999999999,0.1,0.0,0.0,0.0,0.0,0.0,1.0,0.0,0.0,0.0
248,0,0.003441744441536445,0.000341960834989926,0.2394,-1.2,0.0,0.0,0.0,0.0,0.0,1.0,0.0,0.0,0.0
249,1,0.0037018309143899875,0.000341960834989926,0.1716,-1.2,0.0,0.0,0.0,0.0,0.0,1.0,0.0,0.0,0.0
250,1,0.0052113488451107914,0.000341960834989926,0.36060000000000003,-0.8,0.0,0.0,0.0,0.0,0.0,1.0,0.0,0.0,0.0
251,0,0.004393882359603217,0.000341960834989926,0.5506,1.2,0.0,0.0,0.0,0.0,0.0,1.0,0.0,0.0,0.0
252,0,0.0039381411639749925,0.000341960834989926,0.1476,-1.1,0.0,0.0,0.0,0.0,0.0,1.0,0.0,0.0,0.0
253,1,0.22743463988822635,0.0002288323331588166,0.1016,0.6,0.0,0.0,0.0,0.0,0.0,0.0,0.0,0.0,1.0
254,1,0.2418119950501896,0.0002288323331588166,0.1656,0.0,0.0,0.0,0.0,0.0,0.0,0.0,0.0,0.0,1.0
255,1,0.2661053058003458,0.0002288323331588166,0.4886,0.1,0.0,0.0,0.0,0.0,0.0,0.0,0.0,0.0,1.0
256,0,0.2632817431637913,0.0002288323331588166,0.5682,2.5,0.0,0.0,0.0,0.0,0.0,0.0,0.0,0.0,1.0
257,1,0.26517295115202155,0.0002288323331588166,0.1202,-0.5,0.0,0.0,0.0,0.0,0.0,0.0,0.0,0.0,1.0
258,1,0.29985066353812706,0.0002288323331588166,0.044199999999999996,-0.8,0.0,0.0,0.0,0.0,0.0,0.0,0.0,0.0,1.0
259,1,0.30635010289115244,0.0002288323331588166,0.139,-0.3,0.0,0.0,0.0,0.0,0.0,0.0,0.0,0.0,1.0
260,1,0.3156907101758243,0.0002288323331588166,0.027999999999999997,1.6,0.0,0.0,0.0,0.0,0.0,0.0,0.0,0.0,1.0
261,0,0.29197456270806466,0.0002288323331588166,0.008199999999999999,0.7,0.0,0.0,0.0,0.0,0.0,0.0,0.0,0.0,1.0
262,0,0.2636258631585787,0.0002288323331588166,0.0154,-1.7,0.0,0.0,0.0,0.0,0.0,0.0,0.0,0.0,1.0
263,0,0.2517098008496279,0.0002288323331588166,0.1656,0.2,0.0,0.0,0.0,0.0,0.0,0.0,0.0,0.0,1.0
264,0,0.22411014308204466,0.0002288323331588166,0.0,0.6,0.0,0.0,0.0,0.0,0.0,0.0,0.0,0.0,1.0
265,1,0.23609571908192561,0.0002288323331588166,0.1998,2.3,0.0,0.0,0.0,0.0,0.0,0.0,0.0,0.0,1.0
266,0,0.2091254959883522,0.0002288323331588166,0.0814,0.5,0.0,0.0,0.0,0.0,0.0,0.0,0.0,0.0,1.0
267,0,0.2031819846648805,0.0002288323331588166,0.001,0.3,0.0,0.0,0.0,0.0,0.0,0.0,0.0,0.0,1.0
268,0,0.19147047047519414,0.0002288323331588166,0.3274,1.3,0.0,0.0,0.0,0.0,0.0,0.0,0.0,0.0,1.0
269,0,0.1901502548411839,0.0002288323331588166,0.6344,-0.9,0.0,0.0,0.0,0.0,0.0,0.0,0.0,0.0,1.0
270,1,0.20245327064638294,0.0002288323331588166,0.295,-0.2,0.0,0.0,0.0,0.0,0.0,0.0,0.0,0.0,1.0
271,0,0.1988559825152195,0.0002288323331588166,0.4722,2.2,0.0,0.0,0.0,0.0,0.0,0.0,0.0,0.0,1.0
272,1,0.21189624273963076,0.0002288323331588166,0.0006,-1.5,0.0,0.0,0.0,0.0,0.0,0.0,0.0,0.0,1.0
273,0,0.2062353236270683,0.0002288323331588166,0.045599999999999995,-1.7,0.0,0.0,0.0,0.0,0.0,0.0,0.0,0.0,1.0
274,0,0.187805483631976,0.0002288323331588166,0.0748,-0.6,0.0,0.0,0.0,0.0,0.0,0.0,0.0,0.0,1.0
275,1,0.19027712186457862,0.0002288323331588166,0.16879999999999998,-0.1,0.0,0.0,0.0,0.0,0.0,0.0,0.0,0.0,1.0
276,0,0.18227469850478412,0.0002288323331588166,0.2738,0.9,0.0,0.0,0.0,0.0,0.0,0.0,0.0,0.0,1.0
277,0,0.16394068939431614,0.0002288323331588166,0.1116,0.3,0.0,0.0,0.0,0.0,0.0,0.0,0.0,0.0,1.0
278,0,0.15002887631390857,0.0002288323331588166,0.3014,0.6,0.0,0.0,0.0,0.0,0.0,0.0,0.0,0.0,1.0
279,0,0.1460742188421669,0.0002288323331588166,0.1636,-0.9,0.0,0.0,0.0,0.0,0.0,0.0,0.0,0.0,1.0
280,0,0.1342238587685078,0.0002288323331588166,0.2982,0.6,0.0,0.0,0.0,0.0,0.0,0.0,0.0,0.0,1.0
281,0,0.12801608652076898,0.0002288323331588166,0.16760000000000003,-1.6,0.0,0.0,0.0,0.0,0.0,0.0,0.0,0.0,1.0
282,1,0.13933356879659278,0.0002288323331588166,0.005600000000000001,-0.9,0.0,0.0,0.0,0.0,0.0,0.0,0.0,0.0,1.0
283,0,0.1385082979019207,0.0002288323331588166,0.17579999999999998,1.5,0.0,0.0,0.0,0.0,0.0,0.0,0.0,0.0,1.0
284,1,0.14762148833349728,0.0002288323331588166,0.0572,-1.4,0.0,0.0,0.0,0.0,0.0,0.0,0.0,0.0,1.0
285,1,0.1593462518689745,0.0002288323331588166,0.37799999999999995,-0.8,0.0,0.0,0.0,0.0,0.0,0.0,0.0,0.0,1.0
286,0,0.15538542346905623,0.0002288323331588166,0.3486,-0.6,0.0,0.0,0.0,0.0,0.0,0.0,0.0,0.0,1.0
287,1,0.16215638366185056,0.0002288323331588166,0.6265999999999999,-0.5,0.0,0.0,0.0,0.0,0.0,0.0,0.0,0.0,1.0
288,1,0.17819916343993672,0.0002288323331588166,0.6437999999999999,0.5,0.0,0.0,0.0,0.0,0.0,0.0,0.0,0.0,1.0
289,0,0.17408279135039148,0.0002288323331588166,0.33020000000000005,2.2,0.0,0.0,0.0,0.0,0.0,0.0,0.0,0.0,1.0
290,1,0.1811172864759027,0.0002288323331588166,0.5094,-0.7,0.0,0.0,0.0,0.0,0.0,0.0,0.0,0.0,1.0
291,0,0.15284009709410992,0.0002288323331588166,0.252,-1.1,0.0,0.0,0.0,0.0,0.0,0.0,0.0,0.0,1.0
292,0,0.13820791889803194,0.0002288323331588166,0.15539999999999998,0.6,0.0,0.0,0.0,0.0,0.0,0.0,0.0,0.0,1.0
293,0,0.09508275033186889,0.0002288323331588166,0.42200000000000004,0.1,0.0,0.0,0.0,0.0,0.0,0.0,0.0,0.0,1.0
294,1,0.12407431539904307,0.0002288323331588166,0.7173999999999999,-1.2,0.0,0.0,0.0,0.0,0.0,0.0,0.0,0.0,1.0
295,1,0.1394041714748482,0.0002288323331588166,0.4266,-1.2,0.0,0.0,0.0,0.0,0.0,0.0,0.0,0.0,1.0
296,1,0.14703996910179962,0.0002288323331588166,0.1744,-0.8,0.0,0.0,0.0,0.0,0.0,0.0,0.0,0.0,1.0
297,1,0.15353124104988541,0.0002288323331588166,0.332,1.2,0.0,0.0,0.0,0.0,0.0,0.0,0.0,0.0,1.0
298,0,0.13963285881315626,0.0002288323331588166,0.501,-1.1,0.0,0.0,0.0,0.0,0.0,0.0,0.0,0.0,1.0
299,0,0.0029433512423348903,0.0006652505311295171,0.061399999999999996,-1.2,0.0,0.0,0.0,1.0,0.0,0.0,0.0,0.0,0.0
300,1,0.002976020862093186,0.0006652505311295171,0.38880000000000003,-0.8,0.0,0.0,0.0,1.0,0.0,0.0,0.0,0.0,0.0
301,1,0.006300880664049951,0.0006652505311295171,0.4374,1.2,0.0,0.0,0.0,1.0,0.0,0.0,0.0,0.0,0.0
302,0,0.003768440639119401,0.0006652505311295171,0.1974,-1.1,0.0,0.0,0.0,1.0,0.0,0.0,0.0,0.0,0.0
303,0,0.051548122531401855,0.11995312499709382,0.12240000000000001,0.6,0.0,0.0,0.0,0.0,0.0,0.0,1.0,0.0,0.0
304,1,0.06054696929382439,0.11995312499709382,0.1376,0.0,0.0,0.0,0.0,0.0,0.0,0.0,1.0,0.0,0.0
305,1,0.06779417994353963,0.11995312499709382,0.15839999999999999,0.1,0.0,0.0,0.0,0.0,0.0,0.0,1.0,0.0,0.0
306,1,0.07005673260968916,0.11995312499709382,0.3452,2.5,0.0,0.0,0.0,0.0,0.0,0.0,1.0,0.0,0.0
307,1,0.07842033676570039,0.11995312499709382,0.2488,-0.5,0.0,0.0,0.0,0.0,0.0,0.0,1.0,0.0,0.0
308,1,0.08208895356666944,0.11995312499709382,0.207,-0.8,0.0,0.0,0.0,0.0,0.0,0.0,1.0,0.0,0.0
309,1,0.10327030153696042,0.11995312499709382,0.2116,-0.3,0.0,0.0,0.0,0.0,0.0,0.0,1.0,0.0,0.0
310,1,0.11122753192275595,0.11995312499709382,0.198,1.6,0.0,0.0,0.0,0.0,0.0,0.0,1.0,0.0,0.0
311,1,0.1207474591203233,0.11995312499709382,0.0864,0.7,0.0,0.0,0.0,0.0,0.0,0.0,1.0,0.0,0.0
312,0,0.10909965068916563,0.11995312499709382,0.2018,-1.7,0.0,0.0,0.0,0.0,0.0,0.0,1.0,0.0,0.0
313,1,0.11655594690533397,0.11995312499709382,0.1378,0.2,0.0,0.0,0.0,0.0,0.0,0.0,1.0,0.0,0.0
314,1,0.13218581898925277,0.11995312499709382,0.0834,0.6,0.0,0.0,0.0,0.0,0.0,0.0,1.0,0.0,0.0
315,1,0.13499921774410467,0.11995312499709382,0.2144,2.3,0.0,0.0,0.0,0.0,0.0,0.0,1.0,0.0,0.0
316,1,0.1391489854449584,0.11995312499709382,0.1864,0.5,0.0,0.0,0.0,0.0,0.0,0.0,1.0,0.0,0.0
317,1,0.1392756709704656,0.11995312499709382,0.0834,0.3,0.0,0.0,0.0,0.0,0.0,0.0,1.0,0.0,0.0
318,1,0.13941996179106472,0.11995312499709382,0.107,1.3,0.0,0.0,0.0,0.0,0.0,0.0,1.0,0.0,0.0
319,1,0.1485863311036923,0.11995312499709382,0.1882,-0.9,0.0,0.0,0.0,0.0,0.0,0.0,1.0,0.0,0.0
320,1,0.15285189445680042,0.11995312499709382,0.1804,-0.2,0.0,0.0,0.0,0.0,0.0,0.0,1.0,0.0,0.0
321,1,0.15335809206516646,0.11995312499709382,0.19940000000000002,2.2,0.0,0.0,0.0,0.0,0.0,0.0,1.0,0.0,0.0
322,1,0.1546449120878682,0.11995312499709382,0.1524,-1.5,0.0,0.0,0.0,0.0,0.0,0.0,1.0,0.0,0.0
323,0,0.1539733699039477,0.11995312499709382,0.195,-1.7,0.0,0.0,0.0,0.0,0.0,0.0,1.0,0.0,0.0
324,0,0.15122440289917466,0.11995312499709382,0.1244,-0.6,0.0,0.0,0.0,0.0,0.0,0.0,1.0,0.0,0.0
325,0,0.14022889787585763,0.11995312499709382,0.265,-0.1,0.0,0.0,0.0,0.0,0.0,0.0,1.0,0.0,0.0
326,1,0.15726755656290917,0.11995312499709382,0.491,0.9,0.0,0.0,0.0,0.0,0.0,0.0,1.0,0.0,0.0
327,1,0.1698832932283501,0.11995312499709382,0.057999999999999996,0.3,0.0,0.0,0.0,0.0,0.0,0.0,1.0,0.0,0.0
328,0,0.15068916562880125,0.11995312499709382,0.1444,0.6,0.0,0.0,0.0,0.0,0.0,0.0,1.0,0.0,0.0
329,0,0.1500325062716595,0.11995312499709382,0.0706,-0.9,0.0,0.0,0.0,0.0,0.0,0.0,1.0,0.0,0.0
330,0,0.1497938365495364,0.11995312499709382,0.2086,0.6,0.0,0.0,0.0,0.0,0.0,0.0,1.0,0.0,0.0
331,1,0.15170682428427215,0.11995312499709382,0.099,-1.6,0.0,0.0,0.0,0.0,0.0,0.0,1.0,0.0,0.0
332,0,0.14999439171527482,0.11995312499709382,0.0766,-0.9,0.0,0.0,0.0,0.0,0.0,0.0,1.0,0.0,0.0
333,1,0.1501435829788377,0.11995312499709382,0.0724,1.5,0.0,0.0,0.0,0.0,0.0,0.0,1.0,0.0,0.0
334,1,0.1503065680818541,0.11995312499709382,0.1866,-1.4,0.0,0.0,0.0,0.0,0.0,0.0,1.0,0.0,0.0
335,1,0.1503751742833465,0.11995312499709382,0.5770000000000001,-0.8,0.0,0.0,0.0,0.0,0.0,0.0,1.0,0.0,0.0
336,0,0.15036700687840696,0.11995312499709382,0.1202,-0.6,0.0,0.0,0.0,0.0,0.0,0.0,1.0,0.0,0.0
337,0,0.1502368728930364,0.11995312499709382,0.35200000000000004,-0.5,0.0,0.0,0.0,0.0,0.0,0.0,1.0,0.0,0.0
338,0,0.14768229012582523,0.11995312499709382,0.3858,0.5,0.0,0.0,0.0,0.0,0.0,0.0,1.0,0.0,0.0
339,1,0.149083453817681,0.11995312499709382,0.3322,2.2,0.0,0.0,0.0,0.0,0.0,0.0,1.0,0.0,0.0
340,1,0.14985554583130206,0.11995312499709382,0.45439999999999997,-0.7,0.0,0.0,0.0,0.0,0.0,0.0,1.0,0.0,0.0
341,0,0.07973311098632123,0.11995312499709382,0.4104,-1.1,0.0,0.0,0.0,0.0,0.0,0.0,1.0,0.0,0.0
342,1,0.08362642217207233,0.11995312499709382,0.11,0.6,0.0,0.0,0.0,0.0,0.0,0.0,1.0,0.0,0.0
343,0,0.013930325864937258,0.11995312499709382,0.40659999999999996,0.1,0.0,0.0,0.0,0.0,0.0,0.0,1.0,0.0,0.0
344,1,0.033430277405001284,0.11995312499709382,0.5376,-1.2,0.0,0.0,0.0,0.0,0.0,0.0,1.0,0.0,0.0
345,1,0.06442666813800954,0.11995312499709382,0.132,-1.2,0.0,0.0,0.0,0.0,0.0,0.0,1.0,0.0,0.0
346,0,0.06050213931560051,0.11995312499709382,0.13019999999999998,-0.8,0.0,0.0,0.0,0.0,0.0,0.0,1.0,0.0,0.0
347,1,0.07031827106564306,0.11995312499709382,0.41259999999999997,1.2,0.0,0.0,0.0,0.0,0.0,0.0,1.0,0.0,0.0
348,0,0.06181563952777153,0.11995312499709382,0.5256000000000001,-1.1,0.0,0.0,0.0,0.0,0.0,0.0,1.0,0.0,0.0
349,1,0.00829209398831807,0.0011343467989348268,0.12240000000000001,0.6,0.0,0.0,0.0,0.0,0.0,0.0,1.0,0.0,0.0
350,1,0.008385202404629212,0.0011343467989348268,0.1376,0.0,0.0,0.0,0.0,0.0,0.0,0.0,1.0,0.0,0.0
351,0,0.008135461311365798,0.0011343467989348268,0.15839999999999999,0.1,0.0,0.0,0.0,0.0,0.0,0.0,1.0,0.0,0.0
352,0,0.007234687295474568,0.0011343467989348268,0.3452,2.5,0.0,0.0,0.0,0.0,0.0,0.0,1.0,0.0,0.0
353,1,0.007250114615915985,0.0011343467989348268,0.2488,-0.5,0.0,0.0,0.0,0.0,0.0,0.0,1.0,0.0,0.0
354,1,0.007951422453394065,0.0011343467989348268,0.207,-0.8,0.0,0.0,0.0,0.0,0.0,0.0,1.0,0.0,0.0
355,1,0.008524592782264606,0.0011343467989348268,0.2116,-0.3,0.0,0.0,0.0,0.0,0.0,0.0,1.0,0.0,0.0
356,0,0.007051011433277928,0.0011343467989348268,0.198,1.6,0.0,0.0,0.0,0.0,0.0,0.0,1.0,0.0,0.0
357,1,0.008688122378943631,0.0011343467989348268,0.0864,0.7,0.0,0.0,0.0,0.0,0.0,0.0,1.0,0.0,0.0
358,0,0.00790713696883282,0.0011343467989348268,0.2018,-1.7,0.0,0.0,0.0,0.0,0.0,0.0,1.0,0.0,0.0
359,1,0.0097749317295696,0.0011343467989348268,0.1378,0.2,0.0,0.0,0.0,0.0,0.0,0.0,1.0,0.0,0.0
360,1,0.01136902767588688,0.0011343467989348268,0.0834,0.6,0.0,0.0,0.0,0.0,0.0,0.0,1.0,0.0,0.0
361,0,0.011249965061656647,0.0011343467989348268,0.2144,2.3,0.0,0.0,0.0,0.0,0.0,0.0,1.0,0.0,0.0
362,0,0.00982774761484551,0.0011343467989348268,0.1864,0.5,0.0,0.0,0.0,0.0,0.0,0.0,1.0,0.0,0.0
363,1,0.010186205942749032,0.0011343467989348268,0.0834,0.3,0.0,0.0,0.0,0.0,0.0,0.0,1.0,0.0,0.0
364,1,0.011906987414573482,0.0011343467989348268,0.107,1.3,0.0,0.0,0.0,0.0,0.0,0.0,1.0,0.0,0.0
365,0,0.011739283366480897,0.0011343467989348268,0.1882,-0.9,0.0,0.0,0.0,0.0,0.0,0.0,1.0,0.0,0.0
366,1,0.01181714596023817,0.0011343467989348268,0.1804,-0.2,0.0,0.0,0.0,0.0,0.0,0.0,1.0,0.0,0.0
367,1,0.012726813372619156,0.0011343467989348268,0.19940000000000002,2.2,0.0,0.0,0.0,0.0,0.0,0.0,1.0,0.0,0.0
368,0,0.011847819103233457,0.0011343467989348268,0.1524,-1.5,0.0,0.0,0.0,0.0,0.0,0.0,1.0,0.0,0.0
369,0,0.011300965968057098,0.0011343467989348268,0.195,-1.7,0.0,0.0,0.0,0.0,0.0,0.0,1.0,0.0,0.0
370,0,0.01098824510781519,0.0011343467989348268,0.1244,-0.6,0.0,0.0,0.0,0.0,0.0,0.0,1.0,0.0,0.0
371,0,0.010649388551766645,0.0011343467989348268,0.265,-0.1,0.0,0.0,0.0,0.0,0.0,0.0,1.0,0.0,0.0
372,1,0.011139069852365988,0.0011343467989348268,0.491,0.9,0.0,0.0,0.0,0.0,0.0,0.0,1.0,0.0,0.0
373,0,0.010470976128308843,0.0011343467989348268,0.057999999999999996,0.3,0.0,0.0,0.0,0.0,0.0,0.0,1.0,0.0,0.0
374,0,0.009713948439354114,0.0011343467989348268,0.1444,0.6,0.0,0.0,0.0,0.0,0.0,0.0,1.0,0.0,0.0
375,0,0.009042769251208685,0.0011343467989348268,0.0706,-0.9,0.0,0.0,0.0,0.0,0.0,0.0,1.0,0.0,0.0
376,0,0.008926429105291643,0.0011343467989348268,0.2086,0.6,0.0,0.0,0.0,0.0,0.0,0.0,1.0,0.0,0.0
377,0,0.008199711563557113,0.0011343467989348268,0.099,-1.6,0.0,0.0,0.0,0.0,0.0,0.0,1.0,0.0,0.0
378,1,0.009244594902159934,0.0011343467989348268,0.0766,-0.9,0.0,0.0,0.0,0.0,0.0,0.0,1.0,0.0,0.0
379,0,0.0088171673769889,0.0011343467989348268,0.0724,1.5,0.0,0.0,0.0,0.0,0.0,0.0,1.0,0.0,0.0
380,0,0.008413879070861495,0.0011343467989348268,0.1866,-1.4,0.0,0.0,0.0,0.0,0.0,0.0,1.0,0.0,0.0
381,1,0.00884076210236989,0.0011343467989348268,0.5770000000000001,-0.8,0.0,0.0,0.0,0.0,0.0,0.0,1.0,0.0,0.0
382,0,0.008796476617808646,0.0011343467989348268,0.1202,-0.6,0.0,0.0,0.0,0.0,0.0,0.0,1.0,0.0,0.0
383,1,0.009236790492995452,0.0011343467989348268,0.35200000000000004,-0.5,0.0,0.0,0.0,0.0,0.0,0.0,1.0,0.0,0.0
384,1,0.010074221746133098,0.0011343467989348268,0.3858,0.5,0.0,0.0,0.0,0.0,0.0,0.0,1.0,0.0,0.0
385,1,0.010913830973921294,0.0011343467989348268,0.3322,2.2,0.0,0.0,0.0,0.0,0.0,0.0,1.0,0.0,0.0
386,0,0.010819996566059968,0.0011343467989348268,0.45439999999999997,-0.7,0.0,0.0,0.0,0.0,0.0,0.0,1.0,0.0,0.0
387,1,0.012234954097369261,0.0011343467989348268,0.4104,-1.1,0.0,0.0,0.0,0.0,0.0,0.0,1.0,0.0,0.0
388,1,0.014813313087848971,0.0011343467989348268,0.11,0.6,0.0,0.0,0.0,0.0,0.0,0.0,1.0,0.0,0.0
389,0,0.01149516870773141,0.0011343467989348268,0.40659999999999996,0.1,0.0,0.0,0.0,0.0,0.0,0.0,1.0,0.0,0.0
390,1,0.01935184926382642,0.0011343467989348268,0.5376,-1.2,0.0,0.0,0.0,0.0,0.0,0.0,1.0,0.0,0.0
391,0,0.016070004461218076,0.0011343467989348268,0.132,-1.2,0.0,0.0,0.0,0.0,0.0,0.0,1.0,0.0,0.0
392,0,0.016065104018254332,0.0011343467989348268,0.13019999999999998,-0.8,0.0,0.0,0.0,0.0,0.0,0.0,1.0,0.0,0.0
393,1,0.017437954039652932,0.0011343467989348268,0.41259999999999997,1.2,0.0,0.0,0.0,0.0,0.0,0.0,1.0,0.0,0.0
394,0,0.016242064458611767,0.0011343467989348268,0.5256000000000001,-1.1,0.0,0.0,0.0,0.0,0.0,0.0,1.0,0.0,0.0
395,0,0.019819932315807778,0.0006760239928569517,0.12240000000000001,0.6,0.0,0.0,0.0,0.0,0.0,0.0,1.0,0.0,0.0
396,0,0.018652174907336252,0.0006760239928569517,0.1376,0.0,0.0,0.0,0.0,0.0,0.0,0.0,1.0,0.0,0.0
397,1,0.019091762790972876,0.0006760239928569517,0.15839999999999999,0.1,0.0,0.0,0.0,0.0,0.0,0.0,1.0,0.0,0.0
398,1,0.02163981163423239,0.0006760239928569517,0.3452,2.5,0.0,0.0,0.0,0.0,0.0,0.0,1.0,0.0,0.0
399,1,0.02426263760716089,0.0006760239928569517,0.2488,-0.5,0.0,0.0,0.0,0.0,0.0,0.0,1.0,0.0,0.0
400,1,0.025818437499205947,0.0006760239928569517,0.207,-0.8,0.0,0.0,0.0,0.0,0.0,0.0,1.0,0.0,0.0
401,1,0.029209544030117034,0.0006760239928569517,0.2116,-0.3,0.0,0.0,0.0,0.0,0.0,0.0,1.0,0.0,0.0
402,1,0.03265419243785422,0.0006760239928569517,0.198,1.6,0.0,0.0,0.0,0.0,0.0,0.0,1.0,0.0,0.0
403,0,0.030270580680711458,0.0006760239928569517,0.0864,0.7,0.0,0.0,0.0,0.0,0.0,0.0,1.0,0.0,0.0
404,0,0.02976765003432125,0.0006760239928569517,0.2018,-1.7,0.0,0.0,0.0,0.0,0.0,0.0,1.0,0.0,0.0
405,1,0.03176666776775385,0.0006760239928569517,0.1378,0.2,0.0,0.0,0.0,0.0,0.0,0.0,1.0,0.0,0.0
406,1,0.032108791285778225,0.0006760239928569517,0.0834,0.6,0.0,0.0,0.0,0.0,0.0,0.0,1.0,0.0,0.0
407,0,0.031280253429130336,0.0006760239928569517,0.2144,2.3,0.0,0.0,0.0,0.0,0.0,0.0,1.0,0.0,0.0
408,0,0.029381967023285816,0.0006760239928569517,0.1864,0.5,0.0,0.0,0.0,0.0,0.0,0.0,1.0,0.0,0.0
409,1,0.030958457674511126,0.0006760239928569517,0.0834,0.3,0.0,0.0,0.0,0.0,0.0,0.0,1.0,0.0,0.0
410,0,0.029902321466880447,0.0006760239928569517,0.107,1.3,0.0,0.0,0.0,0.0,0.0,0.0,1.0,0.0,0.0
411,0,0.02830296208182433,0.0006760239928569517,0.1882,-0.9,0.0,0.0,0.0,0.0,0.0,0.0,1.0,0.0,0.0
412,1,0.028576297900468735,0.0006760239928569517,0.1804,-0.2,0.0,0.0,0.0,0.0,0.0,0.0,1.0,0.0,0.0
413,0,0.02735445412150848,0.0006760239928569517,0.19940000000000002,2.2,0.0,0.0,0.0,0.0,0.0,0.0,1.0,0.0,0.0
414,1,0.02743975812865514,0.0006760239928569517,0.1524,-1.5,0.0,0.0,0.0,0.0,0.0,0.0,1.0,0.0,0.0
415,0,0.02252933278109576,0.0006760239928569517,0.195,-1.7,0.0,0.0,0.0,0.0,0.0,0.0,1.0,0.0,0.0
416,1,0.0240720648252375,0.0006760239928569517,0.1244,-0.6,0.0,0.0,0.0,0.0,0.0,0.0,1.0,0.0,0.0
417,0,0.015495382149247165,0.0006760239928569517,0.265,-0.1,0.0,0.0,0.0,0.0,0.0,0.0,1.0,0.0,0.0
418,1,0.015915005265253718,0.0006760239928569517,0.491,0.9,0.0,0.0,0.0,0.0,0.0,0.0,1.0,0.0,0.0
419,1,0.017048641070866576,0.0006760239928569517,0.057999999999999996,0.3,0.0,0.0,0.0,0.0,0.0,0.0,1.0,0.0,0.0
420,1,0.017644135639905287,0.0006760239928569517,0.1444,0.6,0.0,0.0,0.0,0.0,0.0,0.0,1.0,0.0,0.0
421,0,0.01602535598088174,0.0006760239928569517,0.0706,-0.9,0.0,0.0,0.0,0.0,0.0,0.0,1.0,0.0,0.0
422,0,0.01394883864946696,0.0006760239928569517,0.2086,0.6,0.0,0.0,0.0,0.0,0.0,0.0,1.0,0.0,0.0
423,0,0.013387828679062004,0.0006760239928569517,0.099,-1.6,0.0,0.0,0.0,0.0,0.0,0.0,1.0,0.0,0.0
424,1,0.013857363714143731,0.0006760239928569517,0.0766,-0.9,0.0,0.0,0.0,0.0,0.0,0.0,1.0,0.0,0.0
425,1,0.014038317108027179,0.0006760239928569517,0.0724,1.5,0.0,0.0,0.0,0.0,0.0,0.0,1.0,0.0,0.0
426,0,0.013123749252682448,0.0006760239928569517,0.1866,-1.4,0.0,0.0,0.0,0.0,0.0,0.0,1.0,0.0,0.0
427,0,0.012456381520175487,0.0006760239928569517,0.5770000000000001,-0.8,0.0,0.0,0.0,0.0,0.0,0.0,1.0,0.0,0.0
428,0,0.011816601466575531,0.0006760239928569517,0.1202,-0.6,0.0,0.0,0.0,0.0,0.0,0.0,1.0,0.0,0.0
429,0,0.01156105244091064,0.0006760239928569517,0.35200000000000004,-0.5,0.0,0.0,0.0,0.0,0.0,0.0,1.0,0.0,0.0
430,1,0.013177835623171182,0.0006760239928569517,0.3858,0.5,0.0,0.0,0.0,0.0,0.0,0.0,1.0,0.0,0.0
431,1,0.013748827977391171,0.0006760239928569517,0.3322,2.2,0.0,0.0,0.0,0.0,0.0,0.0,1.0,0.0,0.0
432,0,0.013718154834395882,0.0006760239928569517,0.45439999999999997,-0.7,0.0,0.0,0.0,0.0,0.0,0.0,1.0,0.0,0.0
433,0,0.011433459425965742,0.0006760239928569517,0.4104,-1.1,0.0,0.0,0.0,0.0,0.0,0.0,1.0,0.0,0.0
434,1,0.012410644052513874,0.0006760239928569517,0.11,0.6,0.0,0.0,0.0,0.0,0.0,0.0,1.0,0.0,0.0
435,0,0.008034729983777718,0.0006760239928569517,0.40659999999999996,0.1,0.0,0.0,0.0,0.0,0.0,0.0,1.0,0.0,0.0
436,1,0.008940767438407785,0.0006760239928569517,0.5376,-1.2,0.0,0.0,0.0,0.0,0.0,0.0,1.0,0.0,0.0
437,1,0.014257929551957945,0.0006760239928569517,0.132,-1.2,0.0,0.0,0.0,0.0,0.0,0.0,1.0,0.0,0.0
438,1,0.020217412689533705,0.0006760239928569517,0.13019999999999998,-0.8,0.0,0.0,0.0,0.0,0.0,0.0,1.0,0.0,0.0
439,0,0.018953642898550303,0.0006760239928569517,0.41259999999999997,1.2,0.0,0.0,0.0,0.0,0.0,0.0,1.0,0.0,0.0
440,0,0.01592607663639403,0.0006760239928569517,0.5256000000000001,-1.1,0.0,0.0,0.0,0.0,0.0,0.0,1.0,0.0,0.0
441,0,0.1106247774382154,2.7727714246704177e-05,0.0336,0.6,0.0,0.0,0.0,0.0,0.0,1.0,0.0,0.0,0.0
442,1,0.11870179642979135,2.7727714246704177e-05,0.3034,0.0,0.0,0.0,0.0,0.0,0.0,1.0,0.0,0.0,0.0
443,1,0.11973197843950294,2.7727714246704177e-05,0.0946,0.1,0.0,0.0,0.0,0.0,0.0,1.0,0.0,0.0,0.0
444,1,0.12207983511279913,2.7727714246704177e-05,0.2812,2.5,0.0,0.0,0.0,0.0,0.0,1.0,0.0,0.0,0.0
445,1,0.1256847461552395,2.7727714246704177e-05,0.1328,-0.5,0.0,0.0,0.0,0.0,0.0,1.0,0.0,0.0,0.0
446,1,0.12691203487082614,2.7727714246704177e-05,0.11359999999999999,-0.8,0.0,0.0,0.0,0.0,0.0,1.0,0.0,0.0,0.0
447,1,0.13301653482055123,2.7727714246704177e-05,0.1782,-0.3,0.0,0.0,0.0,0.0,0.0,1.0,0.0,0.0,0.0
448,1,0.13704106897899815,2.7727714246704177e-05,0.0236,1.6,0.0,0.0,0.0,0.0,0.0,1.0,0.0,0.0,0.0
449,1,0.13741767709565628,2.7727714246704177e-05,0.2186,0.7,0.0,0.0,0.0,0.0,0.0,1.0,0.0,0.0,0.0
450,1,0.13914009204846864,2.7727714246704177e-05,0.19,-1.7,0.0,0.0,0.0,0.0,0.0,1.0,0.0,0.0,0.0
451,1,0.14320782270415156,2.7727714246704177e-05,0.3998,0.2,0.0,0.0,0.0,0.0,0.0,1.0,0.0,0.0,0.0
452,1,0.14417865490463558,2.7727714246704177e-05,0.2332,0.6,0.0,0.0,0.0,0.0,0.0,1.0,0.0,0.0,0.0
453,1,0.1467918614895241,2.7727714246704177e-05,0.2158,2.3,0.0,0.0,0.0,0.0,0.0,1.0,0.0,0.0,0.0
454,0,0.12991818438225197,2.7727714246704177e-05,0.0286,0.5,0.0,0.0,0.0,0.0,0.0,1.0,0.0,0.0,0.0
455,0,0.12251651903023501,2.7727714246704177e-05,0.15380000000000002,0.3,0.0,0.0,0.0,0.0,0.0,1.0,0.0,0.0,0.0
456,0,0.11674887915979545,2.7727714246704177e-05,0.12619999999999998,1.3,0.0,0.0,0.0,0.0,0.0,1.0,0.0,0.0,0.0
457,1,0.12127688845829523,2.7727714246704177e-05,0.1568,-0.9,0.0,0.0,0.0,0.0,0.0,1.0,0.0,0.0,0.0
458,0,0.10576462700550629,2.7727714246704177e-05,0.0676,-0.2,0.0,0.0,0.0,0.0,0.0,1.0,0.0,0.0,0.0
459,0,0.102134487756697,2.7727714246704177e-05,0.4384,2.2,0.0,0.0,0.0,0.0,0.0,1.0,0.0,0.0,0.0
460,1,0.12571814176654797,2.7727714246704177e-05,0.201,-1.5,0.0,0.0,0.0,0.0,0.0,1.0,0.0,0.0,0.0
461,0,0.11775837041032679,2.7727714246704177e-05,0.1998,-1.7,0.0,0.0,0.0,0.0,0.0,1.0,0.0,0.0,0.0
462,0,0.11134260158346017,2.7727714246704177e-05,0.133,-0.6,0.0,0.0,0.0,0.0,0.0,1.0,0.0,0.0,0.0
463,1,0.12129467525127476,2.7727714246704177e-05,0.1782,-0.1,0.0,0.0,0.0,0.0,0.0,1.0,0.0,0.0,0.0
464,0,0.12075217806539949,2.7727714246704177e-05,0.2336,0.9,0.0,0.0,0.0,0.0,0.0,1.0,0.0,0.0,0.0
465,0,0.11681095143733622,2.7727714246704177e-05,0.1168,0.3,0.0,0.0,0.0,0.0,0.0,1.0,0.0,0.0,0.0
466,0,0.10894446999531372,2.7727714246704177e-05,0.0492,0.6,0.0,0.0,0.0,0.0,0.0,1.0,0.0,0.0,0.0
467,1,0.11450756174648884,2.7727714246704177e-05,0.20559999999999998,-0.9,0.0,0.0,0.0,0.0,0.0,1.0,0.0,0.0,0.0
468,1,0.1147153768277291,2.7727714246704177e-05,0.4142,0.6,0.0,0.0,0.0,0.0,0.0,1.0,0.0,0.0,0.0
469,0,0.11230526637900462,2.7727714246704177e-05,0.0894,-1.6,0.0,0.0,0.0,0.0,0.0,1.0,0.0,0.0,0.0
470,1,0.12120120383918852,2.7727714246704177e-05,0.1226,-0.9,0.0,0.0,0.0,0.0,0.0,1.0,0.0,0.0,0.0
471,1,0.1286001467228923,2.7727714246704177e-05,0.16519999999999999,1.5,0.0,0.0,0.0,0.0,0.0,1.0,0.0,0.0,0.0
472,1,0.13449755758292728,2.7727714246704177e-05,0.2632,-1.4,0.0,0.0,0.0,0.0,0.0,1.0,0.0,0.0,0.0
473,0,0.13199306823267884,2.7727714246704177e-05,0.3148,-0.8,0.0,0.0,0.0,0.0,0.0,1.0,0.0,0.0,0.0
474,1,0.14122858824046147,2.7727714246704177e-05,0.3456,-0.6,0.0,0.0,0.0,0.0,0.0,1.0,0.0,0.0,0.0
475,0,0.13806689503940864,2.7727714246704177e-05,0.1352,-0.5,0.0,0.0,0.0,0.0,0.0,1.0,0.0,0.0,0.0
476,1,0.14867472057492723,2.7727714246704177e-05,0.327,0.5,0.0,0.0,0.0,0.0,0.0,1.0,0.0,0.0,0.0
477,1,0.15511971056168877,2.7727714246704177e-05,0.41659999999999997,2.2,0.0,0.0,0.0,0.0,0.0,1.0,0.0,0.0,0.0
478,1,0.15916910993072952,2.7727714246704177e-05,0.4192,-0.7,0.0,0.0,0.0,0.0,0.0,1.0,0.0,0.0,0.0
479,0,0.13577094676195064,2.7727714246704177e-05,0.46740000000000004,-1.1,0.0,0.0,0.0,0.0,0.0,1.0,0.0,0.0,0.0
480,0,0.12221976998409716,2.7727714246704177e-05,0.43560000000000004,0.6,0.0,0.0,0.0,0.0,0.0,1.0,0.0,0.0,0.0
481,0,0.04556704114520811,2.7727714246704177e-05,0.5197999999999999,0.1,0.0,0.0,0.0,0.0,0.0,1.0,0.0,0.0,0.0
482,1,0.09049902118189246,2.7727714246704177e-05,0.2394,-1.2,0.0,0.0,0.0,0.0,0.0,1.0,0.0,0.0,0.0
483,1,0.11340732155218446,2.7727714246704177e-05,0.1716,-1.2,0.0,0.0,0.0,0.0,0.0,1.0,0.0,0.0,0.0
484,1,0.117375228369717,2.7727714246704177e-05,0.36060000000000003,-0.8,0.0,0.0,0.0,0.0,0.0,1.0,0.0,0.0,0.0
485,0,0.1052370126464098,2.7727714246704177e-05,0.5506,1.2,0.0,0.0,0.0,0.0,0.0,1.0,0.0,0.0,0.0
486,1,0.10854844160468816,2.7727714246704177e-05,0.1476,-1.1,0.0,0.0,0.0,0.0,0.0,1.0,0.0,0.0,0.0
487,0,0.02985349853513055,1.4307386092210617e-06,0.10619999999999999,0.6,1.0,0.0,0.0,0.0,0.0,0.0,0.0,0.0,0.0
488,0,0.020568066608272748,1.4307386092210617e-06,0.068,0.0,1.0,0.0,0.0,0.0,0.0,0.0,0.0,0.0,0.0
489,0,0.017404558428344454,1.4307386092210617e-06,0.06480000000000001,0.1,1.0,0.0,0.0,0.0,0.0,0.0,0.0,0.0,0.0
490,1,0.022535685207159872,1.4307386092210617e-06,0.065,2.5,1.0,0.0,0.0,0.0,0.0,0.0,0.0,0.0,0.0
491,0,0.015513168942226681,1.4307386092210617e-06,0.0318,-0.5,1.0,0.0,0.0,0.0,0.0,0.0,0.0,0.0,0.0
492,1,0.02323390758054967,1.4307386092210617e-06,0.1192,-0.8,1.0,0.0,0.0,0.0,0.0,0.0,0.0,0.0,0.0
493,1,0.4017555564670783,1.4307386092210617e-06,0.0622,-0.3,1.0,0.0,0.0,0.0,0.0,0.0,0.0,0.0,0.0
494,1,0.5519074883487431,1.4307386092210617e-06,0.053,1.6,1.0,0.0,0.0,0.0,0.0,0.0,0.0,0.0,0.0
495,0,0.5160373348414597,1.4307386092210617e-06,0.0602,0.7,1.0,0.0,0.0,0.0,0.0,0.0,0.0,0.0,0.0
496,1,0.5963977025271403,1.4307386092210617e-06,0.1298,-1.7,1.0,0.0,0.0,0.0,0.0,0.0,0.0,0.0,0.0
497,1,0.6137523490364095,1.4307386092210617e-06,0.3194,0.2,1.0,0.0,0.0,0.0,0.0,0.0,0.0,0.0,0.0
498,0,0.6069548901520335,1.4307386092210617e-06,0.2724,0.6,1.0,0.0,0.0,0.0,0.0,0.0,0.0,0.0,0.0
499,0,0.5967890119726896,1.4307386092210617e-06,0.1628,2.3,1.0,0.0,0.0,0.0,0.0,0.0,0.0,0.0,0.0
500,1,0.6024345037648107,1.4307386092210617e-06,0.021,0.5,1.0,0.0,0.0,0.0,0.0,0.0,0.0,0.0,0.0
501,1,0.6318534963571559,1.4307386092210617e-06,0.1168,0.3,1.0,0.0,0.0,0.0,0.0,0.0,0.0,0.0,0.0
502,1,0.6665727717595095,1.4307386092210617e-06,0.064,1.3,1.0,0.0,0.0,0.0,0.0,0.0,0.0,0.0,0.0
503,1,0.6813329059663075,1.4307386092210617e-06,0.31079999999999997,-0.9,1.0,0.0,0.0,0.0,0.0,0.0,0.0,0.0,0.0
504,1,0.745777179399409,1.4307386092210617e-06,0.059000000000000004,-0.2,1.0,0.0,0.0,0.0,0.0,0.0,0.0,0.0,0.0
505,1,0.7968243677611836,1.4307386092210617e-06,0.4708,2.2,1.0,0.0,0.0,0.0,0.0,0.0,0.0,0.0,0.0
506,1,0.8108403606290426,1.4307386092210617e-06,0.365,-1.5,1.0,0.0,0.0,0.0,0.0,0.0,0.0,0.0,0.0
507,1,0.8327618569847466,1.4307386092210617e-06,0.1158,-1.7,1.0,0.0,0.0,0.0,0.0,0.0,0.0,0.0,0.0
508,0,0.6536891442120505,1.4307386092210617e-06,0.21960000000000002,-0.6,1.0,0.0,0.0,0.0,0.0,0.0,0.0,0.0,0.0
509,0,0.5402820041577536,1.4307386092210617e-06,0.155,-0.1,1.0,0.0,0.0,0.0,0.0,0.0,0.0,0.0,0.0
510,0,0.533830661744928,1.4307386092210617e-06,0.3132,0.9,1.0,0.0,0.0,0.0,0.0,0.0,0.0,0.0,0.0
511,1,0.5352791963854333,1.4307386092210617e-06,0.2168,0.3,1.0,0.0,0.0,0.0,0.0,0.0,0.0,0.0,0.0
512,1,0.6329388537246815,1.4307386092210617e-06,0.2868,0.6,1.0,0.0,0.0,0.0,0.0,0.0,0.0,0.0,0.0
513,0,0.6198873406312424,1.4307386092210617e-06,0.637,-0.9,1.0,0.0,0.0,0.0,0.0,0.0,0.0,0.0,0.0
514,1,0.6369610284105903,1.4307386092210617e-06,0.10679999999999999,0.6,1.0,0.0,0.0,0.0,0.0,0.0,0.0,0.0,0.0
515,1,0.6764480718208921,1.4307386092210617e-06,0.2352,-1.6,1.0,0.0,0.0,0.0,0.0,0.0,0.0,0.0,0.0
516,1,0.7405389688669414,1.4307386092210617e-06,0.1592,-0.9,1.0,0.0,0.0,0.0,0.0,0.0,0.0,0.0,0.0
517,1,0.7489288902166468,1.4307386092210617e-06,0.33880000000000005,1.5,1.0,0.0,0.0,0.0,0.0,0.0,0.0,0.0,0.0
518,0,0.723335510097998,1.4307386092210617e-06,0.6314,-1.4,1.0,0.0,0.0,0.0,0.0,0.0,0.0,0.0,0.0
519,0,0.5924887825230603,1.4307386092210617e-06,0.47479999999999994,-0.8,1.0,0.0,0.0,0.0,0.0,0.0,0.0,0.0,0.0
520,0,0.3957913543844263,1.4307386092210617e-06,0.1646,-0.6,1.0,0.0,0.0,0.0,0.0,0.0,0.0,0.0,0.0
521,1,0.8579604791979826,1.4307386092210617e-06,0.1074,-0.5,1.0,0.0,0.0,0.0,0.0,0.0,0.0,0.0,0.0
522,0,0.8343510524881,1.4307386092210617e-06,0.18,0.5,1.0,0.0,0.0,0.0,0.0,0.0,0.0,0.0,0.0
523,1,0.8735366279071878,1.4307386092210617e-06,0.3778,2.2,1.0,0.0,0.0,0.0,0.0,0.0,0.0,0.0,0.0
524,0,0.8597760025671061,1.4307386092210617e-06,0.299,-0.7,1.0,0.0,0.0,0.0,0.0,0.0,0.0,0.0,0.0
525,0,0.8228322890549877,1.4307386092210617e-06,0.3496,-1.1,1.0,0.0,0.0,0.0,0.0,0.0,0.0,0.0,0.0
526,0,0.7915184585166614,1.4307386092210617e-06,0.3968,0.6,1.0,0.0,0.0,0.0,0.0,0.0,0.0,0.0,0.0
527,0,0.11503209064149703,1.4307386092210617e-06,0.4376,0.1,1.0,0.0,0.0,0.0,0.0,0.0,0.0,0.0,0.0
528,1,0.302313771370015,1.4307386092210617e-06,0.547,-1.2,1.0,0.0,0.0,0.0,0.0,0.0,0.0,0.0,0.0
529,1,0.6300991377761355,1.4307386092210617e-06,0.2064,-1.2,1.0,0.0,0.0,0.0,0.0,0.0,0.0,0.0,0.0
530,1,0.7132411420863473,1.4307386092210617e-06,0.6038,-0.8,1.0,0.0,0.0,0.0,0.0,0.0,0.0,0.0,0.0
531,0,0.6938226830977914,1.4307386092210617e-06,0.5454,1.2,1.0,0.0,0.0,0.0,0.0,0.0,0.0,0.0,0.0
532,0,0.6636198011291347,1.4307386092210617e-06,0.1524,-1.1,1.0,0.0,0.0,0.0,0.0,0.0,0.0,0.0,0.0
533,1,0.07340192017505108,0.008805623844311947,0.12240000000000001,0.6,0.0,0.0,0.0,0.0,0.0,0.0,1.0,0.0,0.0
534,0,0.07308556935705825,0.008805623844311947,0.1376,0.0,0.0,0.0,0.0,0.0,0.0,0.0,1.0,0.0,0.0
535,0,0.06800635097408102,0.008805623844311947,0.15839999999999999,0.1,0.0,0.0,0.0,0.0,0.0,0.0,1.0,0.0,0.0
536,0,0.05976144643652492,0.008805623844311947,0.3452,2.5,0.0,0.0,0.0,0.0,0.0,0.0,1.0,0.0,0.0
537,1,0.0640854521094229,0.008805623844311947,0.2488,-0.5,0.0,0.0,0.0,0.0,0.0,0.0,1.0,0.0,0.0
538,1,0.0699458374003985,0.008805623844311947,0.207,-0.8,0.0,0.0,0.0,0.0,0.0,0.0,1.0,0.0,0.0
539,1,0.07726945866077065,0.008805623844311947,0.2116,-0.3,0.0,0.0,0.0,0.0,0.0,0.0,1.0,0.0,0.0
540,1,0.0781455489639556,0.008805623844311947,0.198,1.6,0.0,0.0,0.0,0.0,0.0,0.0,1.0,0.0,0.0
541,1,0.08666397081804365,0.008805623844311947,0.0864,0.7,0.0,0.0,0.0,0.0,0.0,0.0,1.0,0.0,0.0
542,1,0.0871690794390844,0.008805623844311947,0.2018,-1.7,0.0,0.0,0.0,0.0,0.0,0.0,1.0,0.0,0.0
543,0,0.07574451340960843,0.008805623844311947,0.1378,0.2,0.0,0.0,0.0,0.0,0.0,0.0,1.0,0.0,0.0
544,1,0.08276321821890315,0.008805623844311947,0.0834,0.6,0.0,0.0,0.0,0.0,0.0,0.0,1.0,0.0,0.0
545,0,0.07126115259144498,0.008805623844311947,0.2144,2.3,0.0,0.0,0.0,0.0,0.0,0.0,1.0,0.0,0.0
546,1,0.10124387762250835,0.008805623844311947,0.1864,0.5,0.0,0.0,0.0,0.0,0.0,0.0,1.0,0.0,0.0
547,1,0.12904154958540437,0.008805623844311947,0.0834,0.3,0.0,0.0,0.0,0.0,0.0,0.0,1.0,0.0,0.0
548,0,0.09783825126059358,0.008805623844311947,0.107,1.3,0.0,0.0,0.0,0.0,0.0,0.0,1.0,0.0,0.0
549,1,0.09869129133206019,0.008805623844311947,0.1882,-0.9,0.0,0.0,0.0,0.0,0.0,0.0,1.0,0.0,0.0
550,1,0.1104231332851517,0.008805623844311947,0.1804,-0.2,0.0,0.0,0.0,0.0,0.0,0.0,1.0,0.0,0.0
551,0,0.10508255794410809,0.008805623844311947,0.19940000000000002,2.2,0.0,0.0,0.0,0.0,0.0,0.0,1.0,0.0,0.0
552,1,0.10843772789328505,0.008805623844311947,0.1524,-1.5,0.0,0.0,0.0,0.0,0.0,0.0,1.0,0.0,0.0
553,0,0.09994308226246555,0.008805623844311947,0.195,-1.7,0.0,0.0,0.0,0.0,0.0,0.0,1.0,0.0,0.0
554,1,0.12535187902947997,0.008805623844311947,0.1244,-0.6,0.0,0.0,0.0,0.0,0.0,0.0,1.0,0.0,0.0
555,0,0.10652800712052513,0.008805623844311947,0.265,-0.1,0.0,0.0,0.0,0.0,0.0,0.0,1.0,0.0,0.0
556,0,0.10335487955255689,0.008805623844311947,0.491,0.9,0.0,0.0,0.0,0.0,0.0,0.0,1.0,0.0,0.0
557,0,0.09371298577455857,0.008805623844311947,0.057999999999999996,0.3,0.0,0.0,0.0,0.0,0.0,0.0,1.0,0.0,0.0
558,0,0.09168510987700614,0.008805623844311947,0.1444,0.6,0.0,0.0,0.0,0.0,0.0,0.0,1.0,0.0,0.0
559,0,0.0886392123282077,0.008805623844311947,0.0706,-0.9,0.0,0.0,0.0,0.0,0.0,0.0,1.0,0.0,0.0
560,1,0.09344799885874128,0.008805623844311947,0.2086,0.6,0.0,0.0,0.0,0.0,0.0,0.0,1.0,0.0,0.0
561,1,0.09764876746599546,0.008805623844311947,0.099,-1.6,0.0,0.0,0.0,0.0,0.0,0.0,1.0,0.0,0.0
562,0,0.0893610294269785,0.008805623844311947,0.0766,-0.9,0.0,0.0,0.0,0.0,0.0,0.0,1.0,0.0,0.0
563,1,0.0954372157062464,0.008805623844311947,0.0724,1.5,0.0,0.0,0.0,0.0,0.0,0.0,1.0,0.0,0.0
564,0,0.08950513874969009,0.008805623844311947,0.1866,-1.4,0.0,0.0,0.0,0.0,0.0,0.0,1.0,0.0,0.0
565,1,0.11467199883260559,0.008805623844311947,0.5770000000000001,-0.8,0.0,0.0,0.0,0.0,0.0,0.0,1.0,0.0,0.0
566,0,0.08465968964587221,0.008805623844311947,0.1202,-0.6,0.0,0.0,0.0,0.0,0.0,0.0,1.0,0.0,0.0
567,1,0.13846600889412247,0.008805623844311947,0.35200000000000004,-0.5,0.0,0.0,0.0,0.0,0.0,0.0,1.0,0.0,0.0
568,1,0.14403690505446207,0.008805623844311947,0.3858,0.5,0.0,0.0,0.0,0.0,0.0,0.0,1.0,0.0,0.0
569,1,0.16328929347591323,0.008805623844311947,0.3322,2.2,0.0,0.0,0.0,0.0,0.0,0.0,1.0,0.0,0.0
570,1,0.16501769785901463,0.008805623844311947,0.45439999999999997,-0.7,0.0,0.0,0.0,0.0,0.0,0.0,1.0,0.0,0.0
571,0,0.11697811099176617,0.008805623844311947,0.4104,-1.1,0.0,0.0,0.0,0.0,0.0,0.0,1.0,0.0,0.0
572,0,0.10524354657036147,0.008805623844311947,0.11,0.6,0.0,0.0,0.0,0.0,0.0,0.0,1.0,0.0,0.0
573,1,0.15352307364494586,0.008805623844311947,0.40659999999999996,0.1,0.0,0.0,0.0,0.0,0.0,0.0,1.0,0.0,0.0
574,0,0.14027717631394487,0.008805623844311947,0.5376,-1.2,0.0,0.0,0.0,0.0,0.0,0.0,1.0,0.0,0.0
575,0,0.12498743127128743,0.008805623844311947,0.132,-1.2,0.0,0.0,0.0,0.0,0.0,0.0,1.0,0.0,0.0
576,0,0.11149270033646079,0.008805623844311947,0.13019999999999998,-0.8,0.0,0.0,0.0,0.0,0.0,0.0,1.0,0.0,0.0
577,1,0.13119284404648815,0.008805623844311947,0.41259999999999997,1.2,0.0,0.0,0.0,0.0,0.0,0.0,1.0,0.0,0.0
578,0,0.13031802422851602,0.008805623844311947,0.5256000000000001,-1.1,0.0,0.0,0.0,0.0,0.0,0.0,1.0,0.0,0.0
579,1,0.001606982296333053,0.00016676689229080697,0.6265999999999999,-0.5,0.0,0.0,0.0,0.0,0.0,0.0,0.0,0.0,1.0
580,1,0.0019325895065907329,0.00016676689229080697,0.6437999999999999,0.5,0.0,0.0,0.0,0.0,0.0,0.0,0.0,0.0,1.0
581,1,0.0031246676319934314,0.00016676689229080697,0.33020000000000005,2.2,0.0,0.0,0.0,0.0,0.0,0.0,0.0,0.0,1.0
582,0,0.0028081353161130557,0.00016676689229080697,0.5094,-0.7,0.0,0.0,0.0,0.0,0.0,0.0,0.0,0.0,1.0
583,0,0.002317546526075983,0.00016676689229080697,0.252,-1.1,0.0,0.0,0.0,0.0,0.0,0.0,0.0,0.0,1.0
584,1,0.002992900165634972,0.00016676689229080697,0.15539999999999998,0.6,0.0,0.0,0.0,0.0,0.0,0.0,0.0,0.0,1.0
585,0,0.0010287300266112202,0.00016676689229080697,0.42200000000000004,0.1,0.0,0.0,0.0,0.0,0.0,0.0,0.0,0.0,1.0
586,1,0.0016632466414723398,0.00016676689229080697,0.7173999999999999,-1.2,0.0,0.0,0.0,0.0,0.0,0.0,0.0,0.0,1.0
587,1,0.002102653027221416,0.00016676689229080697,0.4266,-1.2,0.0,0.0,0.0,0.0,0.0,0.0,0.0,0.0,1.0
588,1,0.002179245135765865,0.00016676689229080697,0.1744,-0.8,0.0,0.0,0.0,0.0,0.0,0.0,0.0,0.0,1.0
589,1,0.0048352852221153,0.00016676689229080697,0.332,1.2,0.0,0.0,0.0,0.0,0.0,0.0,0.0,0.0,1.0
590,1,0.005716638964039097,0.00016676689229080697,0.501,-1.1,0.0,0.0,0.0,0.0,0.0,0.0,0.0,0.0,1.0
591,1,0.0018532749297330928,8.535786542612854e-05,0.385,2.2,0.0,0.0,0.0,1.0,0.0,0.0,0.0,0.0,0.0
592,1,0.0022514812950092072,8.535786542612854e-05,0.40700000000000003,-0.7,0.0,0.0,0.0,1.0,0.0,0.0,0.0,0.0,0.0
593,1,0.005707745567549339,8.535786542612854e-05,0.34740000000000004,-1.1,0.0,0.0,0.0,1.0,0.0,0.0,0.0,0.0,0.0
594,0,0.002560209201725101,8.535786542612854e-05,0.41600000000000004,0.6,0.0,0.0,0.0,1.0,0.0,0.0,0.0,0.0,0.0
595,0,0.00044666630125091974,8.535786542612854e-05,0.35340000000000005,0.1,0.0,0.0,0.0,1.0,0.0,0.0,0.0,0.0,0.0
596,1,0.0014719478679987644,8.535786542612854e-05,0.33840000000000003,-1.2,0.0,0.0,0.0,1.0,0.0,0.0,0.0,0.0,0.0
597,0,0.0006385095683871336,8.535786542612854e-05,0.061399999999999996,-1.2,0.0,0.0,0.0,1.0,0.0,0.0,0.0,0.0,0.0
598,0,0.0005993060246771788,8.535786542612854e-05,0.38880000000000003,-0.8,0.0,0.0,0.0,1.0,0.0,0.0,0.0,0.0,0.0
599,1,0.0008559440376673456,8.535786542612854e-05,0.4374,1.2,0.0,0.0,0.0,1.0,0.0,0.0,0.0,0.0,0.0
600,0,0.0008007686798533352,8.535786542612854e-05,0.1974,-1.1,0.0,0.0,0.0,1.0,0.0,0.0,0.0,0.0,0.0
601,0,0.008935503999668947,0.01720424547645878,0.12240000000000001,0.6,0.0,0.0,0.0,0.0,0.0,0.0,1.0,0.0,0.0
602,1,0.009413206439690248,0.01720424547645878,0.1376,0.0,0.0,0.0,0.0,0.0,0.0,0.0,1.0,0.0,0.0
603,1,0.009992910692512449,0.01720424547645878,0.15839999999999999,0.1,0.0,0.0,0.0,0.0,0.0,0.0,1.0,0.0,0.0
604,0,0.009390156207971895,0.01720424547645878,0.3452,2.5,0.0,0.0,0.0,0.0,0.0,0.0,1.0,0.0,0.0
605,1,0.010856840637231822,0.01720424547645878,0.2488,-0.5,0.0,0.0,0.0,0.0,0.0,0.0,1.0,0.0,0.0
606,1,0.011194789703842637,0.01720424547645878,0.207,-0.8,0.0,0.0,0.0,0.0,0.0,0.0,1.0,0.0,0.0
607,0,0.011157038143233051,0.01720424547645878,0.2116,-0.3,0.0,0.0,0.0,0.0,0.0,0.0,1.0,0.0,0.0
608,1,0.011233811749665045,0.01720424547645878,0.198,1.6,0.0,0.0,0.0,0.0,0.0,0.0,1.0,0.0,0.0
609,1,0.011575209276139234,0.01720424547645878,0.0864,0.7,0.0,0.0,0.0,0.0,0.0,0.0,1.0,0.0,0.0
610,1,0.012766924405766841,0.01720424547645878,0.2018,-1.7,0.0,0.0,0.0,0.0,0.0,0.0,1.0,0.0,0.0
611,1,0.014191501325116077,0.01720424547645878,0.1378,0.2,0.0,0.0,0.0,0.0,0.0,0.0,1.0,0.0,0.0
612,1,0.01518901371506937,0.01720424547645878,0.0834,0.6,0.0,0.0,0.0,0.0,0.0,0.0,1.0,0.0,0.0
613,1,0.01902388258103064,0.01720424547645878,0.2144,2.3,0.0,0.0,0.0,0.0,0.0,0.0,1.0,0.0,0.0
614,1,0.023202689943891745,0.01720424547645878,0.1864,0.5,0.0,0.0,0.0,0.0,0.0,0.0,1.0,0.0,0.0
615,0,0.016070548954880713,0.01720424547645878,0.0834,0.3,0.0,0.0,0.0,0.0,0.0,0.0,1.0,0.0,0.0
616,1,0.017091837568102546,0.01720424547645878,0.107,1.3,0.0,0.0,0.0,0.0,0.0,0.0,1.0,0.0,0.0
617,0,0.016850626875553797,0.01720424547645878,0.1882,-0.9,0.0,0.0,0.0,0.0,0.0,0.0,1.0,0.0,0.0
618,0,0.01464869450384467,0.01720424547645878,0.1804,-0.2,0.0,0.0,0.0,0.0,0.0,0.0,1.0,0.0,0.0
619,0,0.01338474321497372,0.01720424547645878,0.19940000000000002,2.2,0.0,0.0,0.0,0.0,0.0,0.0,1.0,0.0,0.0
620,1,0.018610974886863293,0.01720424547645878,0.1524,-1.5,0.0,0.0,0.0,0.0,0.0,0.0,1.0,0.0,0.0
621,0,0.015529322254218283,0.01720424547645878,0.195,-1.7,0.0,0.0,0.0,0.0,0.0,0.0,1.0,0.0,0.0
622,0,0.013761895825294489,0.01720424547645878,0.1244,-0.6,0.0,0.0,0.0,0.0,0.0,0.0,1.0,0.0,0.0
623,0,0.012167618381089663,0.01720424547645878,0.265,-0.1,0.0,0.0,0.0,0.0,0.0,0.0,1.0,0.0,0.0
624,0,0.008163048990272802,0.01720424547645878,0.491,0.9,0.0,0.0,0.0,0.0,0.0,0.0,1.0,0.0,0.0
625,0,0.00682177960130722,0.01720424547645878,0.057999999999999996,0.3,0.0,0.0,0.0,0.0,0.0,0.0,1.0,0.0,0.0
626,1,0.010930528779575534,0.01720424547645878,0.1444,0.6,0.0,0.0,0.0,0.0,0.0,0.0,1.0,0.0,0.0
627,1,0.011176458417200483,0.01720424547645878,0.0706,-0.9,0.0,0.0,0.0,0.0,0.0,0.0,1.0,0.0,0.0
628,0,0.010605647560868039,0.01720424547645878,0.2086,0.6,0.0,0.0,0.0,0.0,0.0,0.0,1.0,0.0,0.0
629,0,0.010264976025944034,0.01720424547645878,0.099,-1.6,0.0,0.0,0.0,0.0,0.0,0.0,1.0,0.0,0.0
630,1,0.011044327955066931,0.01720424547645878,0.0766,-0.9,0.0,0.0,0.0,0.0,0.0,0.0,1.0,0.0,0.0
631,0,0.010061516894004871,0.01720424547645878,0.0724,1.5,0.0,0.0,0.0,0.0,0.0,0.0,1.0,0.0,0.0
632,0,0.006722137261044418,0.01720424547645878,0.1866,-1.4,0.0,0.0,0.0,0.0,0.0,0.0,1.0,0.0,0.0
633,1,0.007470271553509389,0.01720424547645878,0.5770000000000001,-0.8,0.0,0.0,0.0,0.0,0.0,0.0,1.0,0.0,0.0
634,0,0.007377163137198246,0.01720424547645878,0.1202,-0.6,0.0,0.0,0.0,0.0,0.0,0.0,1.0,0.0,0.0
635,1,0.00819009217551717,0.01720424547645878,0.35200000000000004,-0.5,0.0,0.0,0.0,0.0,0.0,0.0,1.0,0.0,0.0
636,1,0.010338119674625107,0.01720424547645878,0.3858,0.5,0.0,0.0,0.0,0.0,0.0,0.0,1.0,0.0,0.0
637,0,0.009306667179700695,0.01720424547645878,0.3322,2.2,0.0,0.0,0.0,0.0,0.0,0.0,1.0,0.0,0.0
638,1,0.011458324636559556,0.01720424547645878,0.45439999999999997,-0.7,0.0,0.0,0.0,0.0,0.0,0.0,1.0,0.0,0.0
639,0,0.010994597533879304,0.01720424547645878,0.4104,-1.1,0.0,0.0,0.0,0.0,0.0,0.0,1.0,0.0,0.0
640,1,0.011008754369107898,0.01720424547645878,0.11,0.6,0.0,0.0,0.0,0.0,0.0,0.0,1.0,0.0,0.0
641,0,0.008130016374739415,0.01720424547645878,0.40659999999999996,0.1,0.0,0.0,0.0,0.0,0.0,0.0,1.0,0.0,0.0
642,1,0.009694346667499137,0.01720424547645878,0.5376,-1.2,0.0,0.0,0.0,0.0,0.0,0.0,1.0,0.0,0.0
643,1,0.011139795843916172,0.01720424547645878,0.132,-1.2,0.0,0.0,0.0,0.0,0.0,0.0,1.0,0.0,0.0
644,1,0.011358500798409207,0.01720424547645878,0.13019999999999998,-0.8,0.0,0.0,0.0,0.0,0.0,0.0,1.0,0.0,0.0
645,1,0.01295713419191514,0.01720424547645878,0.41259999999999997,1.2,0.0,0.0,0.0,0.0,0.0,0.0,1.0,0.0,0.0
646,0,0.01277854027056979,0.01720424547645878,0.5256000000000001,-1.1,0.0,0.0,0.0,0.0,0.0,0.0,1.0,0.0,0.0
647,0,0.04995348209142194,0.02938220606702132,0.12240000000000001,0.6,0.0,0.0,0.0,0.0,0.0,0.0,1.0,0.0,0.0
648,1,0.05902492800886291,0.02938220606702132,0.1376,0.0,0.0,0.0,0.0,0.0,0.0,0.0,1.0,0.0,0.0
649,0,0.05801797772875721,0.02938220606702132,0.15839999999999999,0.1,0.0,0.0,0.0,0.0,0.0,0.0,1.0,0.0,0.0
650,0,0.05072720758603091,0.02938220606702132,0.3452,2.5,0.0,0.0,0.0,0.0,0.0,0.0,1.0,0.0,0.0
651,1,0.052553802326294724,0.02938220606702132,0.2488,-0.5,0.0,0.0,0.0,0.0,0.0,0.0,1.0,0.0,0.0
652,1,0.05794283760331313,0.02938220606702132,0.207,-0.8,0.0,0.0,0.0,0.0,0.0,0.0,1.0,0.0,0.0
653,1,0.0656252801873639,0.02938220606702132,0.2116,-0.3,0.0,0.0,0.0,0.0,0.0,0.0,1.0,0.0,0.0
654,1,0.06683659708884648,0.02938220606702132,0.198,1.6,0.0,0.0,0.0,0.0,0.0,0.0,1.0,0.0,0.0
655,1,0.06801361088958285,0.02938220606702132,0.0864,0.7,0.0,0.0,0.0,0.0,0.0,0.0,1.0,0.0,0.0
656,1,0.0705279011257588,0.02938220606702132,0.2018,-1.7,0.0,0.0,0.0,0.0,0.0,0.0,1.0,0.0,0.0
657,0,0.0670024861580636,0.02938220606702132,0.1378,0.2,0.0,0.0,0.0,0.0,0.0,0.0,1.0,0.0,0.0
658,1,0.0677010715272285,0.02938220606702132,0.0834,0.6,0.0,0.0,0.0,0.0,0.0,0.0,1.0,0.0,0.0
659,1,0.07128529181048862,0.02938220606702132,0.2144,2.3,0.0,0.0,0.0,0.0,0.0,0.0,1.0,0.0,0.0
660,1,0.08179692346560778,0.02938220606702132,0.1864,0.5,0.0,0.0,0.0,0.0,0.0,0.0,1.0,0.0,0.0
661,0,0.04964112422695512,0.02938220606702132,0.0834,0.3,0.0,0.0,0.0,0.0,0.0,0.0,1.0,0.0,0.0
662,0,0.045198237437714464,0.02938220606702132,0.107,1.3,0.0,0.0,0.0,0.0,0.0,0.0,1.0,0.0,0.0
663,1,0.057846462225026166,0.02938220606702132,0.1882,-0.9,0.0,0.0,0.0,0.0,0.0,0.0,1.0,0.0,0.0
664,0,0.05573582329075272,0.02938220606702132,0.1804,-0.2,0.0,0.0,0.0,0.0,0.0,0.0,1.0,0.0,0.0
665,0,0.052941118818318075,0.02938220606702132,0.19940000000000002,2.2,0.0,0.0,0.0,0.0,0.0,0.0,1.0,0.0,0.0
666,1,0.053925381862480505,0.02938220606702132,0.1524,-1.5,0.0,0.0,0.0,0.0,0.0,0.0,1.0,0.0,0.0
667,0,0.048877562614048735,0.02938220606702132,0.195,-1.7,0.0,0.0,0.0,0.0,0.0,0.0,1.0,0.0,0.0
668,0,0.04312462407250042,0.02938220606702132,0.1244,-0.6,0.0,0.0,0.0,0.0,0.0,0.0,1.0,0.0,0.0
669,1,0.053366368368838554,0.02938220606702132,0.265,-0.1,0.0,0.0,0.0,0.0,0.0,0.0,1.0,0.0,0.0
670,1,0.06109981185928977,0.02938220606702132,0.491,0.9,0.0,0.0,0.0,0.0,0.0,0.0,1.0,0.0,0.0
671,1,0.06399234369311176,0.02938220606702132,0.057999999999999996,0.3,0.0,0.0,0.0,0.0,0.0,0.0,1.0,0.0,0.0
672,0,0.06300445069119841,0.02938220606702132,0.1444,0.6,0.0,0.0,0.0,0.0,0.0,0.0,1.0,0.0,0.0
673,0,0.06037599828375598,0.02938220606702132,0.0706,-0.9,0.0,0.0,0.0,0.0,0.0,0.0,1.0,0.0,0.0
674,1,0.07173885503146629,0.02938220606702132,0.2086,0.6,0.0,0.0,0.0,0.0,0.0,0.0,1.0,0.0,0.0
675,0,0.07096059208966866,0.02938220606702132,0.099,-1.6,0.0,0.0,0.0,0.0,0.0,0.0,1.0,0.0,0.0
676,1,0.072647433456522,0.02938220606702132,0.0766,-0.9,0.0,0.0,0.0,0.0,0.0,0.0,1.0,0.0,0.0
677,1,0.07869040562236897,0.02938220606702132,0.0724,1.5,0.0,0.0,0.0,0.0,0.0,0.0,1.0,0.0,0.0
678,1,0.07903507011081898,0.02938220606702132,0.1866,-1.4,0.0,0.0,0.0,0.0,0.0,0.0,1.0,0.0,0.0
679,1,0.08249260486857193,0.02938220606702132,0.5770000000000001,-0.8,0.0,0.0,0.0,0.0,0.0,0.0,1.0,0.0,0.0
680,0,0.0742963417648782,0.02938220606702132,0.1202,-0.6,0.0,0.0,0.0,0.0,0.0,0.0,1.0,0.0,0.0
681,1,0.07565957239823685,0.02938220606702132,0.35200000000000004,-0.5,0.0,0.0,0.0,0.0,0.0,0.0,1.0,0.0,0.0
682,1,0.10672184686442435,0.02938220606702132,0.3858,0.5,0.0,0.0,0.0,0.0,0.0,0.0,1.0,0.0,0.0
683,0,0.07097928637208592,0.02938220606702132,0.3322,2.2,0.0,0.0,0.0,0.0,0.0,0.0,1.0,0.0,0.0
684,0,0.06806806025584668,0.02938220606702132,0.45439999999999997,-0.7,0.0,0.0,0.0,0.0,0.0,0.0,1.0,0.0,0.0
685,1,0.0681464673432666,0.02938220606702132,0.4104,-1.1,0.0,0.0,0.0,0.0,0.0,0.0,1.0,0.0,0.0
686,1,0.07206046928819795,0.02938220606702132,0.11,0.6,0.0,0.0,0.0,0.0,0.0,0.0,1.0,0.0,0.0
687,1,0.07906501726226409,0.02938220606702132,0.40659999999999996,0.1,0.0,0.0,0.0,0.0,0.0,0.0,1.0,0.0,0.0
688,1,0.0907200856089236,0.02938220606702132,0.5376,-1.2,0.0,0.0,0.0,0.0,0.0,0.0,1.0,0.0,0.0
689,0,0.08719920808841707,0.02938220606702132,0.132,-1.2,0.0,0.0,0.0,0.0,0.0,0.0,1.0,0.0,0.0
690,1,0.08824046146926896,0.02938220606702132,0.13019999999999998,-0.8,0.0,0.0,0.0,0.0,0.0,0.0,1.0,0.0,0.0
691,1,0.08857786604221714,0.02938220606702132,0.41259999999999997,1.2,0.0,0.0,0.0,0.0,0.0,0.0,1.0,0.0,0.0
692,0,0.08774261276373005,0.02938220606702132,0.5256000000000001,-1.1,0.0,0.0,0.0,0.0,0.0,0.0,1.0,0.0,0.0
693,0,0.029485057823411993,0.07645529473365578,0.13140000000000002,0.6,0.0,0.0,1.0,0.0,0.0,0.0,0.0,0.0,0.0
694,0,0.029485057823411993,1.0,0.13140000000000002,0.6,0.0,0.0,1.0,0.0,0.0,0.0,0.0,0.0,0.0
695,1,0.04292878785183819,0.07645529473365578,0.254,0.0,0.0,0.0,1.0,0.0,0.0,0.0,0.0,0.0,0.0
696,1,0.04292878785183819,1.0,0.254,0.0,0.0,0.0,1.0,0.0,0.0,0.0,0.0,0.0,0.0
697,1,0.05343061862102987,0.07645529473365578,0.3642,0.1,0.0,0.0,1.0,0.0,0.0,0.0,0.0,0.0,0.0
698,1,0.05343061862102987,1.0,0.3642,0.1,0.0,0.0,1.0,0.0,0.0,0.0,0.0,0.0,0.0
699,0,0.04967470133615115,0.07645529473365578,0.3654,2.5,0.0,0.0,1.0,0.0,0.0,0.0,0.0,0.0,0.0
700,0,0.04967470133615115,1.0,0.3654,2.5,0.0,0.0,1.0,0.0,0.0,0.0,0.0,0.0,0.0
701,0,0.04007491506806352,0.07645529473365578,0.46740000000000004,-0.5,0.0,0.0,1.0,0.0,0.0,0.0,0.0,0.0,0.0
702,0,0.04007491506806352,1.0,0.46740000000000004,-0.5,0.0,0.0,1.0,0.0,0.0,0.0,0.0,0.0,0.0
703,0,0.03130893009536262,0.07645529473365578,0.37920000000000004,-0.8,0.0,0.0,1.0,0.0,0.0,0.0,0.0,0.0,0.0
704,0,0.03130893009536262,1.0,0.37920000000000004,-0.8,0.0,0.0,1.0,0.0,0.0,0.0,0.0,0.0,0.0
705,1,0.03236688128186876,0.07645529473365578,0.0274,-0.3,0.0,0.0,1.0,0.0,0.0,0.0,0.0,0.0,0.0
706,1,0.03236688128186876,1.0,0.0274,-0.3,0.0,0.0,1.0,0.0,0.0,0.0,0.0,0.0,0.0
707,1,0.036807771594346415,0.07645529473365578,0.2726,1.6,0.0,0.0,1.0,0.0,0.0,0.0,0.0,0.0,0.0
708,1,0.036807771594346415,1.0,0.2726,1.6,0.0,0.0,1.0,0.0,0.0,0.0,0.0,0.0,0.0
709,1,0.03938903455102686,0.07645529473365578,0.1042,0.7,0.0,0.0,1.0,0.0,0.0,0.0,0.0,0.0,0.0
710,1,0.03938903455102686,1.0,0.1042,0.7,0.0,0.0,1.0,0.0,0.0,0.0,0.0,0.0,0.0
711,0,0.03436063557656253,0.07645529473365578,0.0018,-1.7,0.0,0.0,1.0,0.0,0.0,0.0,0.0,0.0,0.0
712,0,0.03436063557656253,1.0,0.0018,-1.7,0.0,0.0,1.0,0.0,0.0,0.0,0.0,0.0,0.0
713,1,0.03770909010390028,0.07645529473365578,0.1666,0.2,0.0,0.0,1.0,0.0,0.0,0.0,0.0,0.0,0.0
714,1,0.03770909010390028,1.0,0.1666,0.2,0.0,0.0,1.0,0.0,0.0,0.0,0.0,0.0,0.0
715,1,0.039544578240653855,0.07645529473365578,0.0684,0.6,0.0,0.0,1.0,0.0,0.0,0.0,0.0,0.0,0.0
716,1,0.039544578240653855,1.0,0.0684,0.6,0.0,0.0,1.0,0.0,0.0,0.0,0.0,0.0,0.0
717,1,0.04443177185860734,0.07645529473365578,0.3826,2.3,0.0,0.0,1.0,0.0,0.0,0.0,0.0,0.0,0.0
718,1,0.04443177185860734,1.0,0.3826,2.3,0.0,0.0,1.0,0.0,0.0,0.0,0.0,0.0,0.0
719,0,0.04328869816284208,0.07645529473365578,0.1592,0.5,0.0,0.0,1.0,0.0,0.0,0.0,0.0,0.0,0.0
720,0,0.04328869816284208,1.0,0.1592,0.5,0.0,0.0,1.0,0.0,0.0,0.0,0.0,0.0,0.0
721,0,0.041366635533729025,0.07645529473365578,0.14,0.3,0.0,0.0,1.0,0.0,0.0,0.0,0.0,0.0,0.0
722,0,0.041366635533729025,1.0,0.14,0.3,0.0,0.0,1.0,0.0,0.0,0.0,0.0,0.0,0.0
723,1,0.042834953443976864,0.07645529473365578,0.32520000000000004,1.3,0.0,0.0,1.0,0.0,0.0,0.0,0.0,0.0,0.0
724,1,0.042834953443976864,1.0,0.32520000000000004,1.3,0.0,0.0,1.0,0.0,0.0,0.0,0.0,0.0,0.0
725,0,0.03949139935960285,0.07645529473365578,0.493,-0.9,0.0,0.0,1.0,0.0,0.0,0.0,0.0,0.0,0.0
726,0,0.03949139935960285,1.0,0.493,-0.9,0.0,0.0,1.0,0.0,0.0,0.0,0.0,0.0,0.0
727,1,0.03957307340899859,0.07645529473365578,0.2582,-0.2,0.0,0.0,1.0,0.0,0.0,0.0,0.0,0.0,0.0
728,1,0.03957307340899859,1.0,0.2582,-0.2,0.0,0.0,1.0,0.0,0.0,0.0,0.0,0.0,0.0
729,0,0.03508426765420877,0.07645529473365578,0.4412,2.2,0.0,0.0,1.0,0.0,0.0,0.0,0.0,0.0,0.0
730,0,0.03508426765420877,1.0,0.4412,2.2,0.0,0.0,1.0,0.0,0.0,0.0,0.0,0.0,0.0
731,1,0.0391249551246473,0.07645529473365578,0.1164,-1.5,0.0,0.0,1.0,0.0,0.0,0.0,0.0,0.0,0.0
732,1,0.0391249551246473,1.0,0.1164,-1.5,0.0,0.0,1.0,0.0,0.0,0.0,0.0,0.0,0.0
733,0,0.03841257591602892,0.07645529473365578,0.0132,-1.7,0.0,0.0,1.0,0.0,0.0,0.0,0.0,0.0,0.0
734,0,0.03841257591602892,1.0,0.0132,-1.7,0.0,0.0,1.0,0.0,0.0,0.0,0.0,0.0,0.0
735,0,0.03372212600817539,0.07645529473365578,0.1902,-0.6,0.0,0.0,1.0,0.0,0.0,0.0,0.0,0.0,0.0
736,0,0.03372212600817539,1.0,0.1902,-0.6,0.0,0.0,1.0,0.0,0.0,0.0,0.0,0.0,0.0
737,0,0.033318111710497804,0.07645529473365578,0.13,-0.1,0.0,0.0,1.0,0.0,0.0,0.0,0.0,0.0,0.0
738,0,0.033318111710497804,1.0,0.13,-0.1,0.0,0.0,1.0,0.0,0.0,0.0,0.0,0.0,0.0
739,0,0.032456178242541434,0.07645529473365578,0.31420000000000003,0.9,0.0,0.0,1.0,0.0,0.0,0.0,0.0,0.0,0.0
740,0,0.032456178242541434,1.0,0.31420000000000003,0.9,0.0,0.0,1.0,0.0,0.0,0.0,0.0,0.0,0.0
741,1,0.03323425968645151,0.07645529473365578,0.1362,0.3,0.0,0.0,1.0,0.0,0.0,0.0,0.0,0.0,0.0
742,1,0.03323425968645151,1.0,0.1362,0.3,0.0,0.0,1.0,0.0,0.0,0.0,0.0,0.0,0.0
743,1,0.036904328470520935,0.07645529473365578,0.07780000000000001,0.6,0.0,0.0,1.0,0.0,0.0,0.0,0.0,0.0,0.0
744,1,0.036904328470520935,1.0,0.07780000000000001,0.6,0.0,0.0,1.0,0.0,0.0,0.0,0.0,0.0,0.0
745,0,0.032124763099882284,0.07645529473365578,0.21960000000000002,-0.9,0.0,0.0,1.0,0.0,0.0,0.0,0.0,0.0,0.0
746,0,0.032124763099882284,1.0,0.21960000000000002,-0.9,0.0,0.0,1.0,0.0,0.0,0.0,0.0,0.0,0.0
747,1,0.04023299972811616,0.07645529473365578,0.1568,0.6,0.0,0.0,1.0,0.0,0.0,0.0,0.0,0.0,0.0
748,1,0.04023299972811616,1.0,0.1568,0.6,0.0,0.0,1.0,0.0,0.0,0.0,0.0,0.0,0.0
749,1,0.04123250859483246,0.07645529473365578,0.0292,-1.6,0.0,0.0,1.0,0.0,0.0,0.0,0.0,0.0,0.0
750,1,0.04123250859483246,1.0,0.0292,-1.6,0.0,0.0,1.0,0.0,0.0,0.0,0.0,0.0,0.0
751,0,0.03521893908676797,0.07645529473365578,0.04,-0.9,0.0,0.0,1.0,0.0,0.0,0.0,0.0,0.0,0.0
752,0,0.03521893908676797,1.0,0.04,-0.9,0.0,0.0,1.0,0.0,0.0,0.0,0.0,0.0,0.0
753,1,0.03914873134791584,0.07645529473365578,0.1528,1.5,0.0,0.0,1.0,0.0,0.0,0.0,0.0,0.0,0.0
754,1,0.03914873134791584,1.0,0.1528,1.5,0.0,0.0,1.0,0.0,0.0,0.0,0.0,0.0,0.0
755,0,0.03603549808283781,0.07645529473365578,0.1186,-1.4,0.0,0.0,1.0,0.0,0.0,0.0,0.0,0.0,0.0
756,0,0.03603549808283781,1.0,0.1186,-1.4,0.0,0.0,1.0,0.0,0.0,0.0,0.0,0.0,0.0
757,0,0.03585109622909099,0.07645529473365578,0.256,-0.8,0.0,0.0,1.0,0.0,0.0,0.0,0.0,0.0,0.0
758,0,0.03585109622909099,1.0,0.256,-0.8,0.0,0.0,1.0,0.0,0.0,0.0,0.0,0.0,0.0
759,1,0.03639486390017906,0.07645529473365578,0.0546,-0.6,0.0,0.0,1.0,0.0,0.0,0.0,0.0,0.0,0.0
760,1,0.03639486390017906,1.0,0.0546,-0.6,0.0,0.0,1.0,0.0,0.0,0.0,0.0,0.0,0.0
761,1,0.03902077533719585,0.07645529473365578,0.3104,-0.5,0.0,0.0,1.0,0.0,0.0,0.0,0.0,0.0,0.0
762,1,0.03902077533719585,1.0,0.3104,-0.5,0.0,0.0,1.0,0.0,0.0,0.0,0.0,0.0,0.0
763,1,0.044798397591450434,0.07645529473365578,0.7186,0.5,0.0,0.0,1.0,0.0,0.0,0.0,0.0,0.0,0.0
764,1,0.044798397591450434,1.0,0.7186,0.5,0.0,0.0,1.0,0.0,0.0,0.0,0.0,0.0,0.0
765,1,0.04636109440322224,0.07645529473365578,0.27940000000000004,2.2,0.0,0.0,1.0,0.0,0.0,0.0,0.0,0.0,0.0
766,1,0.04636109440322224,1.0,0.27940000000000004,2.2,0.0,0.0,1.0,0.0,0.0,0.0,0.0,0.0,0.0
767,1,0.051768097971107714,0.07645529473365578,0.18,-0.7,0.0,0.0,1.0,0.0,0.0,0.0,0.0,0.0,0.0
768,1,0.051768097971107714,1.0,0.18,-0.7,0.0,0.0,1.0,0.0,0.0,0.0,0.0,0.0,0.0
769,0,0.04782578235571916,0.07645529473365578,0.13720000000000002,-1.1,0.0,0.0,1.0,0.0,0.0,0.0,0.0,0.0,0.0
770,0,0.04782578235571916,1.0,0.13720000000000002,-1.1,0.0,0.0,1.0,0.0,0.0,0.0,0.0,0.0,0.0
771,1,0.04940808093934595,0.07645529473365578,0.0654,0.6,0.0,0.0,1.0,0.0,0.0,0.0,0.0,0.0,0.0
772,1,0.04940808093934595,1.0,0.0654,0.6,0.0,0.0,1.0,0.0,0.0,0.0,0.0,0.0,0.0
773,0,0.0455327380444619,0.07645529473365578,0.22899999999999998,0.1,0.0,0.0,1.0,0.0,0.0,0.0,0.0,0.0,0.0
774,0,0.0455327380444619,1.0,0.22899999999999998,0.1,0.0,0.0,1.0,0.0,0.0,0.0,0.0,0.0,0.0
775,1,0.04915489138621915,0.07645529473365578,0.45380000000000004,-1.2,0.0,0.0,1.0,0.0,0.0,0.0,0.0,0.0,0.0
776,1,0.04915489138621915,1.0,0.45380000000000004,-1.2,0.0,0.0,1.0,0.0,0.0,0.0,0.0,0.0,0.0
777,0,0.04315547871338325,0.07645529473365578,0.1818,-1.2,0.0,0.0,1.0,0.0,0.0,0.0,0.0,0.0,0.0
778,0,0.04315547871338325,1.0,0.1818,-1.2,0.0,0.0,1.0,0.0,0.0,0.0,0.0,0.0,0.0
779,1,0.04675349283609688,0.07645529473365578,0.15,-0.8,0.0,0.0,1.0,0.0,0.0,0.0,0.0,0.0,0.0
780,1,0.04675349283609688,1.0,0.15,-0.8,0.0,0.0,1.0,0.0,0.0,0.0,0.0,0.0,0.0
781,1,0.05701175344020171,0.07645529473365578,0.33899999999999997,1.2,0.0,0.0,1.0,0.0,0.0,0.0,0.0,0.0,0.0
782,1,0.05701175344020171,1.0,0.33899999999999997,1.2,0.0,0.0,1.0,0.0,0.0,0.0,0.0,0.0,0.0
783,0,0.047265316878976844,0.07645529473365578,0.42840000000000006,-1.1,0.0,0.0,1.0,0.0,0.0,0.0,0.0,0.0,0.0
784,0,0.047265316878976844,1.0,0.42840000000000006,-1.1,0.0,0.0,1.0,0.0,0.0,0.0,0.0,0.0,0.0
785,0,0.014361927841521852,0.0011448627277126015,0.1016,0.6,0.0,0.0,0.0,0.0,0.0,0.0,0.0,0.0,1.0
786,1,0.01562406415151734,0.0011448627277126015,0.1656,0.0,0.0,0.0,0.0,0.0,0.0,0.0,0.0,0.0,1.0
787,0,0.014519649505799401,0.0011448627277126015,0.4886,0.1,0.0,0.0,0.0,0.0,0.0,0.0,0.0,0.0,1.0
788,0,0.013360422498042545,0.0011448627277126015,0.5682,2.5,0.0,0.0,0.0,0.0,0.0,0.0,0.0,0.0,1.0
789,1,0.017752126882995208,0.0011448627277126015,0.1202,-0.5,0.0,0.0,0.0,0.0,0.0,0.0,0.0,0.0,1.0
790,1,0.019724827422733626,0.0011448627277126015,0.044199999999999996,-0.8,0.0,0.0,0.0,0.0,0.0,0.0,0.0,0.0,1.0
791,0,0.016247327897350602,0.0011448627277126015,0.139,-0.3,0.0,0.0,0.0,0.0,0.0,0.0,0.0,0.0,1.0
792,1,0.021582458301767825,0.0011448627277126015,0.027999999999999997,1.6,0.0,0.0,0.0,0.0,0.0,0.0,0.0,0.0,1.0
793,0,0.02120240172524632,0.0011448627277126015,0.008199999999999999,0.7,0.0,0.0,0.0,0.0,0.0,0.0,0.0,0.0,1.0
794,1,0.02280030912720207,0.0011448627277126015,0.0154,-1.7,0.0,0.0,0.0,0.0,0.0,0.0,0.0,0.0,1.0
795,1,0.02879681783383723,0.0011448627277126015,0.1656,0.2,0.0,0.0,0.0,0.0,0.0,0.0,0.0,0.0,1.0
796,0,0.026396871266815326,0.0011448627277126015,0.0,0.6,0.0,0.0,0.0,0.0,0.0,0.0,0.0,0.0,1.0
797,0,0.016362397558054822,0.0011448627277126015,0.1998,2.3,0.0,0.0,0.0,0.0,0.0,0.0,0.0,0.0,1.0
798,1,0.02443923505174323,0.0011448627277126015,0.0814,0.5,0.0,0.0,0.0,0.0,0.0,0.0,0.0,0.0,1.0
799,0,0.019212277388303476,0.0011448627277126015,0.001,0.3,0.0,0.0,0.0,0.0,0.0,0.0,0.0,0.0,1.0
800,0,0.01909902270647472,0.0011448627277126015,0.3274,1.3,0.0,0.0,0.0,0.0,0.0,0.0,0.0,0.0,1.0
801,1,0.02239030539923546,0.0011448627277126015,0.6344,-0.9,0.0,0.0,0.0,0.0,0.0,0.0,0.0,0.0,1.0
802,1,0.02590682697044089,0.0011448627277126015,0.295,-0.2,0.0,0.0,0.0,0.0,0.0,0.0,0.0,0.0,1.0
803,0,0.021980846164931487,0.0011448627277126015,0.4722,2.2,0.0,0.0,0.0,0.0,0.0,0.0,0.0,0.0,1.0
804,1,0.02770420055080979,0.0011448627277126015,0.0006,-1.5,0.0,0.0,0.0,0.0,0.0,0.0,0.0,0.0,1.0
805,0,0.02685860189273257,0.0011448627277126015,0.045599999999999995,-1.7,0.0,0.0,0.0,0.0,0.0,0.0,0.0,0.0,1.0
806,1,0.028218928559890492,0.0011448627277126015,0.0748,-0.6,0.0,0.0,0.0,0.0,0.0,0.0,0.0,0.0,1.0
807,0,0.02674589170456645,0.0011448627277126015,0.16879999999999998,-0.1,0.0,0.0,0.0,0.0,0.0,0.0,0.0,0.0,1.0
808,0,0.021516574568588596,0.0011448627277126015,0.2738,0.9,0.0,0.0,0.0,0.0,0.0,0.0,0.0,0.0,1.0
809,0,0.020833779515640218,0.0011448627277126015,0.1116,0.3,0.0,0.0,0.0,0.0,0.0,0.0,0.0,0.0,1.0
810,0,0.012233320616381346,0.0011448627277126015,0.3014,0.6,0.0,0.0,0.0,0.0,0.0,0.0,0.0,0.0,1.0
811,1,0.019112272052265584,0.0011448627277126015,0.1636,-0.9,0.0,0.0,0.0,0.0,0.0,0.0,0.0,0.0,1.0
812,1,0.021917321904290354,0.0011448627277126015,0.2982,0.6,0.0,0.0,0.0,0.0,0.0,0.0,0.0,0.0,1.0
813,1,0.024321624420613367,0.0011448627277126015,0.16760000000000003,-1.6,0.0,0.0,0.0,0.0,0.0,0.0,0.0,0.0,1.0
814,0,0.020003245182229325,0.0011448627277126015,0.005600000000000001,-0.9,0.0,0.0,0.0,0.0,0.0,0.0,0.0,0.0,1.0
815,0,0.014583173766440532,0.0011448627277126015,0.17579999999999998,1.5,0.0,0.0,0.0,0.0,0.0,0.0,0.0,0.0,1.0
816,1,0.017642865154692464,0.0011448627277126015,0.0572,-1.4,0.0,0.0,0.0,0.0,0.0,0.0,0.0,0.0,1.0
817,0,0.015943681931486,0.0011448627277126015,0.37799999999999995,-0.8,0.0,0.0,0.0,0.0,0.0,0.0,0.0,0.0,1.0
818,1,0.016660417089405497,0.0011448627277126015,0.3486,-0.6,0.0,0.0,0.0,0.0,0.0,0.0,0.0,0.0,1.0
819,1,0.02076589930569798,0.0011448627277126015,0.6265999999999999,-0.5,0.0,0.0,0.0,0.0,0.0,0.0,0.0,0.0,1.0
820,1,0.025466513095254086,0.0011448627277126015,0.6437999999999999,0.5,0.0,0.0,0.0,0.0,0.0,0.0,0.0,0.0,1.0
821,0,0.024575539965290345,0.0011448627277126015,0.33020000000000005,2.2,0.0,0.0,0.0,0.0,0.0,0.0,0.0,0.0,1.0
822,0,0.019886905036312283,0.0011448627277126015,0.5094,-0.7,0.0,0.0,0.0,0.0,0.0,0.0,0.0,0.0,1.0
823,1,0.025359610839489437,0.0011448627277126015,0.252,-1.1,0.0,0.0,0.0,0.0,0.0,0.0,0.0,0.0,1.0
824,1,0.026837003644114586,0.0011448627277126015,0.15539999999999998,0.6,0.0,0.0,0.0,0.0,0.0,0.0,0.0,0.0,1.0
825,0,0.01970885560862957,0.0011448627277126015,0.42200000000000004,0.1,0.0,0.0,0.0,0.0,0.0,0.0,0.0,0.0,1.0
826,1,0.02638743337666293,0.0011448627277126015,0.7173999999999999,-1.2,0.0,0.0,0.0,0.0,0.0,0.0,0.0,0.0,1.0
827,0,0.026217914349694883,0.0011448627277126015,0.4266,-1.2,0.0,0.0,0.0,0.0,0.0,0.0,0.0,0.0,1.0
828,0,0.015632776050119552,0.0011448627277126015,0.1744,-0.8,0.0,0.0,0.0,0.0,0.0,0.0,0.0,0.0,1.0
829,1,0.017099823475154572,0.0011448627277126015,0.332,1.2,0.0,0.0,0.0,0.0,0.0,0.0,0.0,0.0,1.0
830,1,0.018086627489742647,0.0011448627277126015,0.501,-1.1,0.0,0.0,0.0,0.0,0.0,0.0,0.0,0.0,1.0
831,0,0.03878464658549839,0.0019275053617287068,0.09300000000000001,0.6,0.0,1.0,0.0,0.0,0.0,0.0,0.0,0.0,0.0
832,1,0.05178316229577404,0.0019275053617287068,0.29960000000000003,0.0,0.0,1.0,0.0,0.0,0.0,0.0,0.0,0.0,0.0
833,0,0.04797043617209339,0.0019275053617287068,0.247,0.1,0.0,1.0,0.0,0.0,0.0,0.0,0.0,0.0,0.0
834,1,0.048510029391767906,0.0019275053617287068,0.12480000000000001,2.5,0.0,1.0,0.0,0.0,0.0,0.0,0.0,0.0,0.0
835,0,0.03990321806644492,0.0019275053617287068,0.14279999999999998,-0.5,0.0,1.0,0.0,0.0,0.0,0.0,0.0,0.0,0.0
836,0,0.03934638254745353,0.0019275053617287068,0.17980000000000002,-0.8,0.0,1.0,0.0,0.0,0.0,0.0,0.0,0.0,0.0
837,1,0.052730944264539704,0.0019275053617287068,0.1324,-0.3,0.0,1.0,0.0,0.0,0.0,0.0,0.0,0.0,0.0
838,1,0.05953348508976704,0.0019275053617287068,0.34979999999999994,1.6,0.0,1.0,0.0,0.0,0.0,0.0,0.0,0.0,0.0
839,1,0.062280455617777064,0.0019275053617287068,0.3432,0.7,0.0,1.0,0.0,0.0,0.0,0.0,0.0,0.0,0.0
840,1,0.06338196629729427,0.0019275053617287068,0.1446,-1.7,0.0,1.0,0.0,0.0,0.0,0.0,0.0,0.0,0.0
841,1,0.07785315586711886,0.0019275053617287068,0.187,0.2,0.0,1.0,0.0,0.0,0.0,0.0,0.0,0.0,0.0
842,1,0.08289226321694841,0.0019275053617287068,0.1018,0.6,0.0,1.0,0.0,0.0,0.0,0.0,0.0,0.0,0.0
843,1,0.08299154256143612,0.0019275053617287068,0.0674,2.3,0.0,1.0,0.0,0.0,0.0,0.0,0.0,0.0,0.0
844,0,0.07740104462924156,0.0019275053617287068,0.36219999999999997,0.5,0.0,1.0,0.0,0.0,0.0,0.0,0.0,0.0,0.0
845,1,0.0825408833066592,0.0019275053617287068,0.11699999999999999,0.3,0.0,1.0,0.0,0.0,0.0,0.0,0.0,0.0,0.0
846,0,0.0763249436539808,0.0019275053617287068,0.193,1.3,0.0,1.0,0.0,0.0,0.0,0.0,0.0,0.0,0.0
847,1,0.0792403442216336,0.0019275053617287068,0.3454,-0.9,0.0,1.0,0.0,0.0,0.0,0.0,0.0,0.0,0.0
848,0,0.0706275434660216,0.0019275053617287068,0.11939999999999999,-0.2,0.0,1.0,0.0,0.0,0.0,0.0,0.0,0.0,0.0
849,1,0.0724292729956916,0.0019275053617287068,0.3398,2.2,0.0,1.0,0.0,0.0,0.0,0.0,0.0,0.0,0.0
850,0,0.07185356169639541,0.0019275053617287068,0.316,-1.5,0.0,1.0,0.0,0.0,0.0,0.0,0.0,0.0,0.0
851,0,0.06959863194152283,0.0019275053617287068,0.08439999999999999,-1.7,0.0,1.0,0.0,0.0,0.0,0.0,0.0,0.0,0.0
852,0,0.06816988057076004,0.0019275053617287068,0.24420000000000003,-0.6,0.0,1.0,0.0,0.0,0.0,0.0,0.0,0.0,0.0
853,1,0.07349466559558714,0.0019275053617287068,0.128,-0.1,0.0,1.0,0.0,0.0,0.0,0.0,0.0,0.0,0.0
854,0,0.07192144190633765,0.0019275053617287068,0.1298,0.9,0.0,1.0,0.0,0.0,0.0,0.0,0.0,0.0,0.0
855,0,0.07015946041404024,0.0019275053617287068,0.1152,0.3,0.0,1.0,0.0,0.0,0.0,0.0,0.0,0.0,0.0
856,0,0.06707708178984505,0.0019275053617287068,0.195,0.6,0.0,1.0,0.0,0.0,0.0,0.0,0.0,0.0,0.0
857,0,0.06094045671402431,0.0019275053617287068,0.36939999999999995,-0.9,0.0,1.0,0.0,0.0,0.0,0.0,0.0,0.0,0.0
858,0,0.058491687215252504,0.0019275053617287068,0.3518,0.6,0.0,1.0,0.0,0.0,0.0,0.0,0.0,0.0,0.0
859,1,0.06103828407541165,0.0019275053617287068,0.109,-1.6,0.0,1.0,0.0,0.0,0.0,0.0,0.0,0.0,0.0
860,1,0.07096984848193352,0.0019275053617287068,0.1474,-0.9,0.0,1.0,0.0,0.0,0.0,0.0,0.0,0.0,0.0
861,1,0.07916937854760309,0.0019275053617287068,0.2696,1.5,0.0,1.0,0.0,0.0,0.0,0.0,0.0,0.0,0.0
862,0,0.07172850965187616,0.0019275053617287068,0.1832,-1.4,0.0,1.0,0.0,0.0,0.0,0.0,0.0,0.0,0.0
863,1,0.07568353011939294,0.0019275053617287068,0.49,-0.8,0.0,1.0,0.0,0.0,0.0,0.0,0.0,0.0,0.0
864,1,0.07574378741805825,0.0019275053617287068,0.1804,-0.6,0.0,1.0,0.0,0.0,0.0,0.0,0.0,0.0,0.0
865,1,0.08001788117188104,0.0019275053617287068,0.12960000000000002,-0.5,0.0,1.0,0.0,0.0,0.0,0.0,0.0,0.0,0.0
866,1,0.08690717798735541,0.0019275053617287068,0.41600000000000004,0.5,0.0,1.0,0.0,0.0,0.0,0.0,0.0,0.0,0.0
867,1,0.09006106677924376,0.0019275053617287068,0.445,2.2,0.0,1.0,0.0,0.0,0.0,0.0,0.0,0.0,0.0
868,1,0.09057307232001127,0.0019275053617287068,0.1528,-0.7,0.0,1.0,0.0,0.0,0.0,0.0,0.0,0.0,0.0
869,0,0.0849802149152786,0.0019275053617287068,0.1646,-1.1,0.0,1.0,0.0,0.0,0.0,0.0,0.0,0.0,0.0
870,0,0.08181652523746276,0.0019275053617287068,0.4546,0.6,0.0,1.0,0.0,0.0,0.0,0.0,0.0,0.0,0.0
871,0,0.07695455982587819,0.0019275053617287068,0.1184,0.1,0.0,1.0,0.0,0.0,0.0,0.0,0.0,0.0,0.0
872,1,0.09995306464628058,0.0019275053617287068,0.3624,-1.2,0.0,1.0,0.0,0.0,0.0,0.0,0.0,0.0,0.0
873,0,0.08724839401594205,0.0019275053617287068,0.16899999999999998,-1.2,0.0,1.0,0.0,0.0,0.0,0.0,0.0,0.0,0.0
874,1,0.09278262760299733,0.0019275053617287068,0.2036,-0.8,0.0,1.0,0.0,0.0,0.0,0.0,0.0,0.0,0.0
875,1,0.09817039239480292,0.0019275053617287068,0.4428,1.2,0.0,1.0,0.0,0.0,0.0,0.0,0.0,0.0,0.0
876,0,0.0935264059461612,0.0019275053617287068,0.3396,-1.1,0.0,1.0,0.0,0.0,0.0,0.0,0.0,0.0,0.0
877,1,0.06039904851547433,0.3008584617651346,0.12240000000000001,0.6,0.0,0.0,0.0,0.0,0.0,0.0,1.0,0.0,0.0
878,1,0.06275906554723609,0.3008584617651346,0.1376,0.0,0.0,0.0,0.0,0.0,0.0,0.0,1.0,0.0,0.0
879,1,0.07204340848676863,0.3008584617651346,0.15839999999999999,0.1,0.0,0.0,0.0,0.0,0.0,0.0,1.0,0.0,0.0
880,1,0.07756765969000887,0.3008584617651346,0.3452,2.5,0.0,0.0,0.0,0.0,0.0,0.0,1.0,0.0,0.0
881,1,0.08950386826447727,0.3008584617651346,0.2488,-0.5,0.0,0.0,0.0,0.0,0.0,0.0,1.0,0.0,0.0
882,0,0.07590005709923542,0.3008584617651346,0.207,-0.8,0.0,0.0,0.0,0.0,0.0,0.0,1.0,0.0,0.0
883,1,0.07820580626262091,0.3008584617651346,0.2116,-0.3,0.0,0.0,0.0,0.0,0.0,0.0,1.0,0.0,0.0
884,0,0.07479328298097938,0.3008584617651346,0.198,1.6,0.0,0.0,0.0,0.0,0.0,0.0,1.0,0.0,0.0
885,1,0.086112035742016,0.3008584617651346,0.0864,0.7,0.0,0.0,0.0,0.0,0.0,0.0,1.0,0.0,0.0
886,0,0.07918807283002033,0.3008584617651346,0.2018,-1.7,0.0,0.0,0.0,0.0,0.0,0.0,1.0,0.0,0.0
887,1,0.08174084061835604,0.3008584617651346,0.1378,0.2,0.0,0.0,0.0,0.0,0.0,0.0,1.0,0.0,0.0
888,0,0.08127130558327432,0.3008584617651346,0.0834,0.6,0.0,0.0,0.0,0.0,0.0,0.0,1.0,0.0,0.0
889,1,0.08719376315179067,0.3008584617651346,0.2144,2.3,0.0,0.0,0.0,0.0,0.0,0.0,1.0,0.0,0.0
890,1,0.096969602370798,0.3008584617651346,0.1864,0.5,0.0,0.0,0.0,0.0,0.0,0.0,1.0,0.0,0.0
891,0,0.08722352880534824,0.3008584617651346,0.0834,0.3,0.0,0.0,0.0,0.0,0.0,0.0,1.0,0.0,0.0
892,1,0.09011533464762003,0.3008584617651346,0.107,1.3,0.0,0.0,0.0,0.0,0.0,0.0,1.0,0.0,0.0
893,0,0.08423915904042793,0.3008584617651346,0.1882,-0.9,0.0,0.0,0.0,0.0,0.0,0.0,1.0,0.0,0.0
894,0,0.0810613125273835,0.3008584617651346,0.1804,-0.2,0.0,0.0,0.0,0.0,0.0,0.0,1.0,0.0,0.0
895,0,0.07628265464618257,0.3008584617651346,0.19940000000000002,2.2,0.0,0.0,0.0,0.0,0.0,0.0,1.0,0.0,0.0
896,0,0.0745488053264548,0.3008584617651346,0.1524,-1.5,0.0,0.0,0.0,0.0,0.0,0.0,1.0,0.0,0.0
897,0,0.07206718471003716,0.3008584617651346,0.195,-1.7,0.0,0.0,0.0,0.0,0.0,0.0,1.0,0.0,0.0
898,0,0.059236010052079006,0.3008584617651346,0.1244,-0.6,0.0,0.0,0.0,0.0,0.0,0.0,1.0,0.0,0.0
899,0,0.054293641076311516,0.3008584617651346,0.265,-0.1,0.0,0.0,0.0,0.0,0.0,0.0,1.0,0.0,0.0
900,0,0.05260698120734573,0.3008584617651346,0.491,0.9,0.0,0.0,0.0,0.0,0.0,0.0,1.0,0.0,0.0
901,1,0.05903745136310359,0.3008584617651346,0.057999999999999996,0.3,0.0,0.0,0.0,0.0,0.0,0.0,1.0,0.0,0.0
902,1,0.06544523428291818,0.3008584617651346,0.1444,0.6,0.0,0.0,0.0,0.0,0.0,0.0,1.0,0.0,0.0
903,0,0.05054226123862145,0.3008584617651346,0.0706,-0.9,0.0,0.0,0.0,0.0,0.0,0.0,1.0,0.0,0.0
904,0,0.0419104032048171,0.3008584617651346,0.2086,0.6,0.0,0.0,0.0,0.0,0.0,0.0,1.0,0.0,0.0
905,0,0.03661247986734682,0.3008584617651346,0.099,-1.6,0.0,0.0,0.0,0.0,0.0,0.0,1.0,0.0,0.0
906,1,0.037000522350920356,0.3008584617651346,0.0766,-0.9,0.0,0.0,0.0,0.0,0.0,0.0,1.0,0.0,0.0
907,0,0.03590246013126653,0.3008584617651346,0.0724,1.5,0.0,0.0,0.0,0.0,0.0,0.0,1.0,0.0,0.0
908,1,0.03876050736645476,0.3008584617651346,0.1866,-1.4,0.0,0.0,0.0,0.0,0.0,0.0,1.0,0.0,0.0
909,1,0.054968087226432774,0.3008584617651346,0.5770000000000001,-0.8,0.0,0.0,0.0,0.0,0.0,0.0,1.0,0.0,0.0
910,0,0.049795941925031936,0.3008584617651346,0.1202,-0.6,0.0,0.0,0.0,0.0,0.0,0.0,1.0,0.0,0.0
911,0,0.045487908066238016,0.3008584617651346,0.35200000000000004,-0.5,0.0,0.0,0.0,0.0,0.0,0.0,1.0,0.0,0.0
912,1,0.0529609020880606,0.3008584617651346,0.3858,0.5,0.0,0.0,0.0,0.0,0.0,0.0,1.0,0.0,0.0
913,1,0.05523198515492478,0.3008584617651346,0.3322,2.2,0.0,0.0,0.0,0.0,0.0,0.0,1.0,0.0,0.0
914,1,0.05732774126241945,0.3008584617651346,0.45439999999999997,-0.7,0.0,0.0,0.0,0.0,0.0,0.0,1.0,0.0,0.0
915,0,0.05526029882538197,0.3008584617651346,0.4104,-1.1,0.0,0.0,0.0,0.0,0.0,0.0,1.0,0.0,0.0
916,0,0.054261515950215854,0.3008584617651346,0.11,0.6,0.0,0.0,0.0,0.0,0.0,0.0,1.0,0.0,0.0
917,0,0.04794175950586111,0.3008584617651346,0.40659999999999996,0.1,0.0,0.0,0.0,0.0,0.0,0.0,1.0,0.0,0.0
918,1,0.06525938044607099,0.3008584617651346,0.5376,-1.2,0.0,0.0,0.0,0.0,0.0,0.0,1.0,0.0,0.0
919,0,0.06370920698853987,0.3008584617651346,0.132,-1.2,0.0,0.0,0.0,0.0,0.0,0.0,1.0,0.0,0.0
920,0,0.05926432372253619,0.3008584617651346,0.13019999999999998,-0.8,0.0,0.0,0.0,0.0,0.0,0.0,1.0,0.0,0.0
921,0,0.058462829051132675,0.3008584617651346,0.41259999999999997,1.2,0.0,0.0,0.0,0.0,0.0,0.0,1.0,0.0,0.0
922,0,0.05730342054548827,0.3008584617651346,0.5256000000000001,-1.1,0.0,0.0,0.0,0.0,0.0,0.0,1.0,0.0,0.0
923,1,0.013713072893544592,0.003614603714949998,0.1334,0.6,0.0,0.0,0.0,0.0,0.0,0.0,0.0,1.0,0.0
924,1,0.014498232755068964,0.003614603714949998,0.12119999999999999,0.0,0.0,0.0,0.0,0.0,0.0,0.0,0.0,1.0,0.0
925,1,0.01711615828503372,0.003614603714949998,0.155,0.1,0.0,0.0,0.0,0.0,0.0,0.0,0.0,1.0,0.0
926,1,0.0180702926798635,0.003614603714949998,0.1604,2.5,0.0,0.0,0.0,0.0,0.0,0.0,0.0,1.0,0.0
927,0,0.016841733479064036,0.003614603714949998,0.11699999999999999,-0.5,0.0,0.0,0.0,0.0,0.0,0.0,0.0,1.0,0.0
928,1,0.016892734385464486,0.003614603714949998,0.18960000000000002,-0.8,0.0,0.0,0.0,0.0,0.0,0.0,0.0,1.0,0.0
929,0,0.015928980602594768,0.003614603714949998,0.1784,-0.3,0.0,0.0,0.0,0.0,0.0,0.0,0.0,1.0,0.0
930,0,0.015905385877213775,0.003614603714949998,0.4286,1.6,0.0,0.0,0.0,0.0,0.0,0.0,0.0,1.0,0.0
931,1,0.01843383294861831,0.003614603714949998,0.19039999999999999,0.7,0.0,0.0,0.0,0.0,0.0,0.0,0.0,1.0,0.0
932,1,0.019903965837741615,0.003614603714949998,0.20679999999999998,-1.7,0.0,0.0,0.0,0.0,0.0,0.0,0.0,1.0,0.0
933,0,0.019696513752276438,0.003614603714949998,0.1452,0.2,0.0,0.0,0.0,0.0,0.0,0.0,0.0,1.0,0.0
934,1,0.02281373997088048,0.003614603714949998,0.12480000000000001,0.6,0.0,0.0,0.0,0.0,0.0,0.0,0.0,1.0,0.0
935,1,0.023402700615967532,0.003614603714949998,0.045,2.3,0.0,0.0,0.0,0.0,0.0,0.0,0.0,1.0,0.0
936,0,0.016232082074796733,0.003614603714949998,0.3618,0.5,0.0,0.0,0.0,0.0,0.0,0.0,0.0,1.0,0.0
937,1,0.01812038609682622,0.003614603714949998,0.1348,0.3,0.0,0.0,0.0,0.0,0.0,0.0,0.0,1.0,0.0
938,0,0.013628676375835662,0.003614603714949998,0.051399999999999994,1.3,0.0,0.0,0.0,0.0,0.0,0.0,0.0,1.0,0.0
939,1,0.01704156265325228,0.003614603714949998,0.3508,-0.9,0.0,0.0,0.0,0.0,0.0,0.0,0.0,1.0,0.0
940,0,0.013897837743066509,0.003614603714949998,0.07339999999999999,-0.2,0.0,0.0,0.0,0.0,0.0,0.0,0.0,1.0,0.0
941,0,0.012806309447364342,0.003614603714949998,0.5064,2.2,0.0,0.0,0.0,0.0,0.0,0.0,0.0,1.0,0.0
942,1,0.014594971129131029,0.003614603714949998,0.35259999999999997,-1.5,0.0,0.0,0.0,0.0,0.0,0.0,0.0,1.0,0.0
943,0,0.014077520651737134,0.003614603714949998,0.12960000000000002,-1.7,0.0,0.0,0.0,0.0,0.0,0.0,0.0,1.0,0.0
944,1,0.014491880329004852,0.003614603714949998,0.1882,-0.6,0.0,0.0,0.0,0.0,0.0,0.0,0.0,1.0,0.0
945,0,0.013623412937096825,0.003614603714949998,0.099,-0.1,0.0,0.0,0.0,0.0,0.0,0.0,0.0,1.0,0.0
946,1,0.014457758726146186,0.003614603714949998,0.051399999999999994,0.9,0.0,0.0,0.0,0.0,0.0,0.0,0.0,1.0,0.0
947,1,0.016983664827125076,0.003614603714949998,0.10039999999999999,0.3,0.0,0.0,0.0,0.0,0.0,0.0,0.0,1.0,0.0
948,0,0.016070911950655808,0.003614603714949998,0.1494,0.6,0.0,0.0,0.0,0.0,0.0,0.0,0.0,1.0,0.0
949,1,0.016370927958769488,0.003614603714949998,0.4224,-0.9,0.0,0.0,0.0,0.0,0.0,0.0,0.0,1.0,0.0
950,0,0.016020455537917994,0.003614603714949998,0.1396,0.6,0.0,0.0,0.0,0.0,0.0,0.0,0.0,1.0,0.0
951,0,0.012468178882865982,0.003614603714949998,0.2638,-1.6,0.0,0.0,0.0,0.0,0.0,0.0,0.0,1.0,0.0
952,1,0.014188960354690432,0.003614603714949998,0.1884,-0.9,0.0,0.0,0.0,0.0,0.0,0.0,0.0,1.0,0.0
953,1,0.014480445962089448,0.003614603714949998,0.4482,1.5,0.0,0.0,0.0,0.0,0.0,0.0,0.0,1.0,0.0
954,1,0.014988277051443398,0.003614603714949998,0.08439999999999999,-1.4,0.0,0.0,0.0,0.0,0.0,0.0,0.0,1.0,0.0
955,0,0.014254844087869662,0.003614603714949998,0.5226,-0.8,0.0,0.0,0.0,0.0,0.0,0.0,0.0,1.0,0.0
956,0,0.012899780859450576,0.003614603714949998,0.1226,-0.6,0.0,0.0,0.0,0.0,0.0,0.0,0.0,1.0,0.0
957,1,0.01412271362573611,0.003614603714949998,0.444,-0.5,0.0,0.0,0.0,0.0,0.0,0.0,0.0,1.0,0.0
958,1,0.01486485848791206,0.003614603714949998,0.2528,0.5,0.0,0.0,0.0,0.0,0.0,0.0,0.0,1.0,0.0
959,0,0.014010729429120175,0.003614603714949998,0.6198,2.2,0.0,0.0,0.0,0.0,0.0,0.0,0.0,1.0,0.0
960,0,0.012161447452913095,0.003614603714949998,0.345,-0.7,0.0,0.0,0.0,0.0,0.0,0.0,0.0,1.0,0.0
961,0,0.010086926598261324,0.003614603714949998,0.2648,-1.1,0.0,0.0,0.0,0.0,0.0,0.0,0.0,1.0,0.0
962,1,0.011902812963159922,0.003614603714949998,0.385,0.6,0.0,0.0,0.0,0.0,0.0,0.0,0.0,1.0,0.0
963,0,0.003307799000527433,0.003614603714949998,0.2716,0.1,0.0,0.0,0.0,0.0,0.0,0.0,0.0,1.0,0.0
964,1,0.01211208002750056,0.003614603714949998,0.4174,-1.2,0.0,0.0,0.0,0.0,0.0,0.0,0.0,1.0,0.0
965,0,0.010240473811125313,0.003614603714949998,0.0872,-1.2,0.0,0.0,0.0,0.0,0.0,0.0,0.0,1.0,0.0
966,1,0.011215661960910436,0.003614603714949998,0.36219999999999997,-0.8,0.0,0.0,0.0,0.0,0.0,0.0,0.0,1.0,0.0
967,1,0.011248331580668732,0.003614603714949998,0.5182,1.2,0.0,0.0,0.0,0.0,0.0,0.0,0.0,1.0,0.0
968,0,0.010329407776022894,0.003614603714949998,0.1204,-1.1,0.0,0.0,0.0,0.0,0.0,0.0,0.0,1.0,0.0
969,1,0.009538439982097049,0.16345795157233095,0.2018,-1.7,0.0,0.0,0.0,0.0,0.0,0.0,1.0,0.0,0.0
970,1,0.014337062630928038,0.16345795157233095,0.1378,0.2,0.0,0.0,0.0,0.0,0.0,0.0,1.0,0.0,0.0
971,0,0.012544952489297977,0.16345795157233095,0.0834,0.6,0.0,0.0,0.0,0.0,0.0,0.0,1.0,0.0,0.0
972,1,0.01377859363094873,0.16345795157233095,0.2144,2.3,0.0,0.0,0.0,0.0,0.0,0.0,1.0,0.0,0.0
973,1,0.01639216321161238,0.16345795157233095,0.1864,0.5,0.0,0.0,0.0,0.0,0.0,0.0,1.0,0.0,0.0
974,1,0.018420583602827445,0.16345795157233095,0.0834,0.3,0.0,0.0,0.0,0.0,0.0,0.0,1.0,0.0,0.0
975,0,0.018216216981450553,0.16345795157233095,0.107,1.3,0.0,0.0,0.0,0.0,0.0,0.0,1.0,0.0,0.0
976,1,0.018359963308387052,0.16345795157233095,0.1882,-0.9,0.0,0.0,0.0,0.0,0.0,0.0,1.0,0.0,0.0
977,1,0.0191855971988342,0.16345795157233095,0.1804,-0.2,0.0,0.0,0.0,0.0,0.0,0.0,1.0,0.0,0.0
978,0,0.017242480814765797,0.16345795157233095,0.19940000000000002,2.2,0.0,0.0,0.0,0.0,0.0,0.0,1.0,0.0,0.0
979,1,0.019784721725623837,0.16345795157233095,0.1524,-1.5,0.0,0.0,0.0,0.0,0.0,0.0,1.0,0.0,0.0
980,0,0.013894933776865771,0.16345795157233095,0.195,-1.7,0.0,0.0,0.0,0.0,0.0,0.0,1.0,0.0,0.0
981,1,0.021484630940380486,0.16345795157233095,0.1244,-0.6,0.0,0.0,0.0,0.0,0.0,0.0,1.0,0.0,0.0
982,0,0.021034334681378643,0.16345795157233095,0.265,-0.1,0.0,0.0,0.0,0.0,0.0,0.0,1.0,0.0,0.0
983,1,0.027429231251177466,0.16345795157233095,0.491,0.9,0.0,0.0,0.0,0.0,0.0,0.0,1.0,0.0,0.0
984,0,0.024896065234696733,0.16345795157233095,0.057999999999999996,0.3,0.0,0.0,0.0,0.0,0.0,0.0,1.0,0.0,0.0
985,0,0.021088965545530015,0.16345795157233095,0.1444,0.6,0.0,0.0,0.0,0.0,0.0,0.0,1.0,0.0,0.0
986,0,0.019564020294367795,0.16345795157233095,0.0706,-0.9,0.0,0.0,0.0,0.0,0.0,0.0,1.0,0.0,0.0
987,1,0.020080744780211504,0.16345795157233095,0.2086,0.6,0.0,0.0,0.0,0.0,0.0,0.0,1.0,0.0,0.0
988,1,0.020884235928378028,0.16345795157233095,0.099,-1.6,0.0,0.0,0.0,0.0,0.0,0.0,1.0,0.0,0.0
989,1,0.022376874555557046,0.16345795157233095,0.0766,-0.9,0.0,0.0,0.0,0.0,0.0,0.0,1.0,0.0,0.0
990,1,0.02444086853273115,0.16345795157233095,0.0724,1.5,0.0,0.0,0.0,0.0,0.0,0.0,1.0,0.0,0.0
991,0,0.019121891440305527,0.16345795157233095,0.1866,-1.4,0.0,0.0,0.0,0.0,0.0,0.0,1.0,0.0,0.0
992,1,0.020813814748010147,0.16345795157233095,0.5770000000000001,-0.8,0.0,0.0,0.0,0.0,0.0,0.0,1.0,0.0,0.0
993,1,0.02502928468415556,0.16345795157233095,0.1202,-0.6,0.0,0.0,0.0,0.0,0.0,0.0,1.0,0.0,0.0
994,1,0.029777087924473648,0.16345795157233095,0.35200000000000004,-0.5,0.0,0.0,0.0,0.0,0.0,0.0,1.0,0.0,0.0
995,1,0.03165922101832657,0.16345795157233095,0.3858,0.5,0.0,0.0,0.0,0.0,0.0,0.0,1.0,0.0,0.0
996,0,0.028575027415255912,0.16345795157233095,0.3322,2.2,0.0,0.0,0.0,0.0,0.0,0.0,1.0,0.0,0.0
997,1,0.029316627783769224,0.16345795157233095,0.45439999999999997,-0.7,0.0,0.0,0.0,0.0,0.0,0.0,1.0,0.0,0.0
998,0,0.028017465904714337,0.16345795157233095,0.4104,-1.1,0.0,0.0,0.0,0.0,0.0,0.0,1.0,0.0,0.0
999,1,0.028844370280374308,0.16345795157233095,0.11,0.6,0.0,0.0,0.0,0.0,0.0,0.0,1.0,0.0,0.0
1000,0,0.025289189659121556,0.16345795157233095,0.40659999999999996,0.1,0.0,0.0,0.0,0.0,0.0,0.0,1.0,0.0,0.0
1001,1,0.03298342960586282,0.16345795157233095,0.5376,-1.2,0.0,0.0,0.0,0.0,0.0,0.0,1.0,0.0,0.0
1002,0,0.029539688687563365,0.16345795157233095,0.132,-1.2,0.0,0.0,0.0,0.0,0.0,0.0,1.0,0.0,0.0
1003,1,0.030329567494163934,0.16345795157233095,0.13019999999999998,-0.8,0.0,0.0,0.0,0.0,0.0,0.0,1.0,0.0,0.0
1004,0,0.02970739273565595,0.16345795157233095,0.41259999999999997,1.2,0.0,0.0,0.0,0.0,0.0,0.0,1.0,0.0,0.0
1005,0,0.02758731591123011,0.16345795157233095,0.5256000000000001,-1.1,0.0,0.0,0.0,0.0,0.0,0.0,1.0,0.0,0.0
1006,0,0.005358362134023122,0.0018295140743831563,0.12240000000000001,0.6,0.0,0.0,0.0,0.0,0.0,0.0,1.0,0.0,0.0
1007,0,0.004997725831469048,0.0018295140743831563,0.1376,0.0,0.0,0.0,0.0,0.0,0.0,0.0,1.0,0.0,0.0
1008,1,0.005432776267917018,0.0018295140743831563,0.15839999999999999,0.1,0.0,0.0,0.0,0.0,0.0,0.0,1.0,0.0,0.0
1009,0,0.005313895151574331,0.0018295140743831563,0.3452,2.5,0.0,0.0,0.0,0.0,0.0,0.0,1.0,0.0,0.0
1010,1,0.006012117524964127,0.0018295140743831563,0.2488,-0.5,0.0,0.0,0.0,0.0,0.0,0.0,1.0,0.0,0.0
1011,1,0.008584668583042363,0.0018295140743831563,0.207,-0.8,0.0,0.0,0.0,0.0,0.0,0.0,1.0,0.0,0.0
1012,1,0.009971675439669557,0.0018295140743831563,0.2116,-0.3,0.0,0.0,0.0,0.0,0.0,0.0,1.0,0.0,0.0
1013,1,0.010241199802675497,0.0018295140743831563,0.198,1.6,0.0,0.0,0.0,0.0,0.0,0.0,1.0,0.0,0.0
1014,1,0.011103677764294502,0.0018295140743831563,0.0864,0.7,0.0,0.0,0.0,0.0,0.0,0.0,1.0,0.0,0.0
1015,1,0.012206821924799617,0.0018295140743831563,0.2018,-1.7,0.0,0.0,0.0,0.0,0.0,0.0,1.0,0.0,0.0
1016,1,0.0125856080161083,0.0018295140743831563,0.1378,0.2,0.0,0.0,0.0,0.0,0.0,0.0,1.0,0.0,0.0
1017,1,0.012603031813312725,0.0018295140743831563,0.0834,0.6,0.0,0.0,0.0,0.0,0.0,0.0,1.0,0.0,0.0
1018,1,0.014787540387817426,0.0018295140743831563,0.2144,2.3,0.0,0.0,0.0,0.0,0.0,0.0,1.0,0.0,0.0
1019,0,0.014605135010833608,0.0018295140743831563,0.1864,0.5,0.0,0.0,0.0,0.0,0.0,0.0,1.0,0.0,0.0
1020,1,0.01588977705888481,0.0018295140743831563,0.0834,0.3,0.0,0.0,0.0,0.0,0.0,0.0,1.0,0.0,0.0
1021,0,0.015166689474901202,0.0018295140743831563,0.107,1.3,0.0,0.0,0.0,0.0,0.0,0.0,1.0,0.0,0.0
1022,0,0.015001707895121808,0.0018295140743831563,0.1882,-0.9,0.0,0.0,0.0,0.0,0.0,0.0,1.0,0.0,0.0
1023,0,0.014546329695268676,0.0018295140743831563,0.1804,-0.2,0.0,0.0,0.0,0.0,0.0,0.0,1.0,0.0,0.0
1024,0,0.014511300602972283,0.0018295140743831563,0.19940000000000002,2.2,0.0,0.0,0.0,0.0,0.0,0.0,1.0,0.0,0.0
1025,1,0.014615843386198828,0.0018295140743831563,0.1524,-1.5,0.0,0.0,0.0,0.0,0.0,0.0,1.0,0.0,0.0
1026,0,0.012288677472082902,0.0018295140743831563,0.195,-1.7,0.0,0.0,0.0,0.0,0.0,0.0,1.0,0.0,0.0
1027,1,0.012502663481499738,0.0018295140743831563,0.1244,-0.6,0.0,0.0,0.0,0.0,0.0,0.0,1.0,0.0,0.0
1028,0,0.010915827450684302,0.0018295140743831563,0.265,-0.1,0.0,0.0,0.0,0.0,0.0,0.0,1.0,0.0,0.0
1029,0,0.010506731212155422,0.0018295140743831563,0.491,0.9,0.0,0.0,0.0,0.0,0.0,0.0,1.0,0.0,0.0
1030,1,0.011956536337873563,0.0018295140743831563,0.057999999999999996,0.3,0.0,0.0,0.0,0.0,0.0,0.0,1.0,0.0,0.0
1031,0,0.009406128022075952,0.0018295140743831563,0.1444,0.6,0.0,0.0,0.0,0.0,0.0,0.0,1.0,0.0,0.0
1032,1,0.009491795024997704,0.0018295140743831563,0.0706,-0.9,0.0,0.0,0.0,0.0,0.0,0.0,1.0,0.0,0.0
1033,0,0.009345689225523104,0.0018295140743831563,0.2086,0.6,0.0,0.0,0.0,0.0,0.0,0.0,1.0,0.0,0.0
1034,0,0.008199711563557113,0.0018295140743831563,0.099,-1.6,0.0,0.0,0.0,0.0,0.0,0.0,1.0,0.0,0.0
1035,1,0.00875636558466096,0.0018295140743831563,0.0766,-0.9,0.0,0.0,0.0,0.0,0.0,0.0,1.0,0.0,0.0
1036,1,0.0095406179567476,0.0018295140743831563,0.0724,1.5,0.0,0.0,0.0,0.0,0.0,0.0,1.0,0.0,0.0
1037,0,0.00877215590087747,0.0018295140743831563,0.1866,-1.4,0.0,0.0,0.0,0.0,0.0,0.0,1.0,0.0,0.0
1038,0,0.00813255734516506,0.0018295140743831563,0.5770000000000001,-0.8,0.0,0.0,0.0,0.0,0.0,0.0,1.0,0.0,0.0
1039,0,0.007269171894108324,0.0018295140743831563,0.1202,-0.6,0.0,0.0,0.0,0.0,0.0,0.0,1.0,0.0,0.0
1040,1,0.008395366286331793,0.0018295140743831563,0.35200000000000004,-0.5,0.0,0.0,0.0,0.0,0.0,0.0,1.0,0.0,0.0
1041,1,0.00896418066590123,0.0018295140743831563,0.3858,0.5,0.0,0.0,0.0,0.0,0.0,0.0,1.0,0.0,0.0
1042,1,0.010784967473763573,0.0018295140743831563,0.3322,2.2,0.0,0.0,0.0,0.0,0.0,0.0,1.0,0.0,0.0
1043,0,0.010710734837757223,0.0018295140743831563,0.45439999999999997,-0.7,0.0,0.0,0.0,0.0,0.0,0.0,1.0,0.0,0.0
1044,1,0.011879581233554024,0.0018295140743831563,0.4104,-1.1,0.0,0.0,0.0,0.0,0.0,0.0,1.0,0.0,0.0
1045,1,0.012499215021636364,0.0018295140743831563,0.11,0.6,0.0,0.0,0.0,0.0,0.0,0.0,1.0,0.0,0.0
1046,0,0.006593455258774243,0.0018295140743831563,0.40659999999999996,0.1,0.0,0.0,0.0,0.0,0.0,0.0,1.0,0.0,0.0
1047,1,0.01211208002750056,0.0018295140743831563,0.5376,-1.2,0.0,0.0,0.0,0.0,0.0,0.0,1.0,0.0,0.0
1048,0,0.0109808036944258,0.0018295140743831563,0.132,-1.2,0.0,0.0,0.0,0.0,0.0,0.0,1.0,0.0,0.0
1049,0,0.009952618161477219,0.0018295140743831563,0.13019999999999998,-0.8,0.0,0.0,0.0,0.0,0.0,0.0,1.0,0.0,0.0
1050,1,0.010495478343127564,0.0018295140743831563,0.41259999999999997,1.2,0.0,0.0,0.0,0.0,0.0,0.0,1.0,0.0,0.0
1051,0,0.0088565524185864,0.0018295140743831563,0.5256000000000001,-1.1,0.0,0.0,0.0,0.0,0.0,0.0,1.0,0.0,0.0
1052,1,0.0006829765508359248,8.155210072560053e-06,0.003166,-1.1,0.0,0.0,0.0,0.0,0.0,0.0,0.0,0.0,0.0
1053,1,0.01209719720072178,0.008982305755164656,0.12240000000000001,0.6,0.0,0.0,0.0,0.0,0.0,0.0,1.0,0.0,0.0
1054,0,0.00921047329930127,0.008982305755164656,0.1376,0.0,0.0,0.0,0.0,0.0,0.0,0.0,1.0,0.0,0.0
1055,0,0.008998120770872349,0.008982305755164656,0.15839999999999999,0.1,0.0,0.0,0.0,0.0,0.0,0.0,1.0,0.0,0.0
1056,1,0.00931247511210217,0.008982305755164656,0.3452,2.5,0.0,0.0,0.0,0.0,0.0,0.0,1.0,0.0,0.0
1057,1,0.009954251642465134,0.008982305755164656,0.2488,-0.5,0.0,0.0,0.0,0.0,0.0,0.0,1.0,0.0,0.0
1058,1,0.017058986450456705,0.008982305755164656,0.207,-0.8,0.0,0.0,0.0,0.0,0.0,0.0,1.0,0.0,0.0
1059,1,0.023128275809997847,0.008982305755164656,0.2116,-0.3,0.0,0.0,0.0,0.0,0.0,0.0,1.0,0.0,0.0
1060,1,0.026062552157955433,0.008982305755164656,0.198,1.6,0.0,0.0,0.0,0.0,0.0,0.0,1.0,0.0,0.0
1061,1,0.028134350544294015,0.008982305755164656,0.0864,0.7,0.0,0.0,0.0,0.0,0.0,0.0,1.0,0.0,0.0
1062,1,0.029355468331704087,0.008982305755164656,0.2018,-1.7,0.0,0.0,0.0,0.0,0.0,0.0,1.0,0.0,0.0
1063,0,0.01721398564642106,0.008982305755164656,0.1378,0.2,0.0,0.0,0.0,0.0,0.0,0.0,1.0,0.0,0.0
1064,0,0.013262958132430296,0.008982305755164656,0.0834,0.6,0.0,0.0,0.0,0.0,0.0,0.0,1.0,0.0,0.0
1065,1,0.015966187669541713,0.008982305755164656,0.2144,2.3,0.0,0.0,0.0,0.0,0.0,0.0,1.0,0.0,0.0
1066,0,0.014793529818106447,0.008982305755164656,0.1864,0.5,0.0,0.0,0.0,0.0,0.0,0.0,1.0,0.0,0.0
1067,1,0.018210227551161532,0.008982305755164656,0.0834,0.3,0.0,0.0,0.0,0.0,0.0,0.0,1.0,0.0,0.0
1068,0,0.016595077849888906,0.008982305755164656,0.107,1.3,0.0,0.0,0.0,0.0,0.0,0.0,1.0,0.0,0.0
1069,0,0.016566764179431717,0.008982305755164656,0.1882,-0.9,0.0,0.0,0.0,0.0,0.0,0.0,1.0,0.0,0.0
1070,0,0.01569738929808596,0.008982305755164656,0.1804,-0.2,0.0,0.0,0.0,0.0,0.0,0.0,1.0,0.0,0.0
1071,0,0.014479719970539262,0.008982305755164656,0.19940000000000002,2.2,0.0,0.0,0.0,0.0,0.0,0.0,1.0,0.0,0.0
1072,1,0.01479389281388154,0.008982305755164656,0.1524,-1.5,0.0,0.0,0.0,0.0,0.0,0.0,1.0,0.0,0.0
1073,1,0.014899887580208455,0.008982305755164656,0.195,-1.7,0.0,0.0,0.0,0.0,0.0,0.0,1.0,0.0,0.0
1074,0,0.014459755202909194,0.008982305755164656,0.1244,-0.6,0.0,0.0,0.0,0.0,0.0,0.0,1.0,0.0,0.0
1075,0,0.011345251452618343,0.008982305755164656,0.265,-0.1,0.0,0.0,0.0,0.0,0.0,0.0,1.0,0.0,0.0
1076,1,0.012257822831200067,0.008982305755164656,0.491,0.9,0.0,0.0,0.0,0.0,0.0,0.0,1.0,0.0,0.0
1077,0,0.011118197595298189,0.008982305755164656,0.057999999999999996,0.3,0.0,0.0,0.0,0.0,0.0,0.0,1.0,0.0,0.0
1078,0,0.010800576292092537,0.008982305755164656,0.1444,0.6,0.0,0.0,0.0,0.0,0.0,0.0,1.0,0.0,0.0
1079,0,0.010180942504010197,0.008982305755164656,0.0706,-0.9,0.0,0.0,0.0,0.0,0.0,0.0,1.0,0.0,0.0
1080,0,0.010162429719480495,0.008982305755164656,0.2086,0.6,0.0,0.0,0.0,0.0,0.0,0.0,1.0,0.0,0.0
1081,1,0.010343201615476397,0.008982305755164656,0.099,-1.6,0.0,0.0,0.0,0.0,0.0,0.0,1.0,0.0,0.0
1082,1,0.011661420772723627,0.008982305755164656,0.0766,-0.9,0.0,0.0,0.0,0.0,0.0,0.0,1.0,0.0,0.0
1083,1,0.011873954799040094,0.008982305755164656,0.0724,1.5,0.0,0.0,0.0,0.0,0.0,0.0,1.0,0.0,0.0
1084,0,0.011123824029812117,0.008982305755164656,0.1866,-1.4,0.0,0.0,0.0,0.0,0.0,0.0,1.0,0.0,0.0
1085,1,0.011368483182224241,0.008982305755164656,0.5770000000000001,-0.8,0.0,0.0,0.0,0.0,0.0,0.0,1.0,0.0,0.0
1086,0,0.010532685410074513,0.008982305755164656,0.1202,-0.6,0.0,0.0,0.0,0.0,0.0,0.0,1.0,0.0,0.0
1087,1,0.01148827178800466,0.008982305755164656,0.35200000000000004,-0.5,0.0,0.0,0.0,0.0,0.0,0.0,1.0,0.0,0.0
1088,1,0.012546948966060983,0.008982305755164656,0.3858,0.5,0.0,0.0,0.0,0.0,0.0,0.0,1.0,0.0,0.0
1089,1,0.013351710599440333,0.008982305755164656,0.3322,2.2,0.0,0.0,0.0,0.0,0.0,0.0,1.0,0.0,0.0
1090,0,0.013024832903969831,0.008982305755164656,0.45439999999999997,-0.7,0.0,0.0,0.0,0.0,0.0,0.0,1.0,0.0,0.0
1091,1,0.014441423916267038,0.008982305755164656,0.4104,-1.1,0.0,0.0,0.0,0.0,0.0,0.0,1.0,0.0,0.0
1092,0,0.014037046622814357,0.008982305755164656,0.11,0.6,0.0,0.0,0.0,0.0,0.0,0.0,1.0,0.0,0.0
1093,0,0.011086072469202532,0.008982305755164656,0.40659999999999996,0.1,0.0,0.0,0.0,0.0,0.0,0.0,1.0,0.0,0.0
1094,1,0.013635573295562413,0.008982305755164656,0.5376,-1.2,0.0,0.0,0.0,0.0,0.0,0.0,1.0,0.0,0.0
1095,0,0.012191939098020839,0.008982305755164656,0.132,-1.2,0.0,0.0,0.0,0.0,0.0,0.0,1.0,0.0,0.0
1096,0,0.01156849385430003,0.008982305755164656,0.13019999999999998,-0.8,0.0,0.0,0.0,0.0,0.0,0.0,1.0,0.0,0.0
1097,1,0.012976917461657664,0.008982305755164656,0.41259999999999997,1.2,0.0,0.0,0.0,0.0,0.0,0.0,1.0,0.0,0.0
1098,0,0.011557785478934811,0.008982305755164656,0.5256000000000001,-1.1,0.0,0.0,0.0,0.0,0.0,0.0,1.0,0.0,0.0
1099,0,0.054216685971991974,0.000436861726939559,0.0336,0.6,0.0,0.0,0.0,0.0,0.0,1.0,0.0,0.0,0.0
1100,0,0.04491510073314257,0.000436861726939559,0.3034,0.0,0.0,0.0,0.0,0.0,0.0,1.0,0.0,0.0,0.0
1101,0,0.04241787129839596,0.000436861726939559,0.0946,0.1,0.0,0.0,0.0,0.0,0.0,1.0,0.0,0.0,0.0
1102,1,0.04623459037560262,0.000436861726939559,0.2812,2.5,0.0,0.0,0.0,0.0,0.0,1.0,0.0,0.0,0.0
1103,0,0.045766325825733714,0.000436861726939559,0.1328,-0.5,0.0,0.0,0.0,0.0,0.0,1.0,0.0,0.0,0.0
1104,0,0.04192782700202152,0.000436861726939559,0.11359999999999999,-0.8,0.0,0.0,0.0,0.0,0.0,1.0,0.0,0.0,0.0
1105,1,0.047670964657642347,0.000436861726939559,0.1782,-0.3,0.0,0.0,0.0,0.0,0.0,1.0,0.0,0.0,0.0
1106,1,0.05011810067542624,0.000436861726939559,0.0236,1.6,0.0,0.0,0.0,0.0,0.0,1.0,0.0,0.0,0.0
1107,0,0.04666474036908685,0.000436861726939559,0.2186,0.7,0.0,0.0,0.0,0.0,0.0,1.0,0.0,0.0,0.0
1108,1,0.05391666996387829,0.000436861726939559,0.19,-1.7,0.0,0.0,0.0,0.0,0.0,1.0,0.0,0.0,0.0
1109,1,0.05520966091475661,0.000436861726939559,0.3998,0.2,0.0,0.0,0.0,0.0,0.0,1.0,0.0,0.0,0.0
1110,1,0.0585219973624727,0.000436861726939559,0.2332,0.6,0.0,0.0,0.0,0.0,0.0,1.0,0.0,0.0,0.0
1111,1,0.058567190336471675,0.000436861726939559,0.2158,2.3,0.0,0.0,0.0,0.0,0.0,1.0,0.0,0.0,0.0
1112,1,0.06066875437636781,0.000436861726939559,0.0286,0.5,0.0,0.0,0.0,0.0,0.0,1.0,0.0,0.0,0.0
1113,0,0.05917157830200014,0.000436861726939559,0.15380000000000002,0.3,0.0,0.0,0.0,0.0,0.0,1.0,0.0,0.0,0.0
1114,0,0.05444682529340041,0.000436861726939559,0.12619999999999998,1.3,0.0,0.0,0.0,0.0,0.0,1.0,0.0,0.0,0.0
1115,1,0.056049996134095,0.000436861726939559,0.1568,-0.9,0.0,0.0,0.0,0.0,0.0,1.0,0.0,0.0,0.0
1116,1,0.06080342580892701,0.000436861726939559,0.0676,-0.2,0.0,0.0,0.0,0.0,0.0,1.0,0.0,0.0,0.0
1117,0,0.0506834665951323,0.000436861726939559,0.4384,2.2,0.0,0.0,0.0,0.0,0.0,1.0,0.0,0.0,0.0
1118,1,0.05108022097730804,0.000436861726939559,0.201,-1.5,0.0,0.0,0.0,0.0,0.0,1.0,0.0,0.0,0.0
1119,0,0.044314887219027654,0.000436861726939559,0.1998,-1.7,0.0,0.0,0.0,0.0,0.0,1.0,0.0,0.0,0.0
1120,1,0.05276234339908518,0.000436861726939559,0.133,-0.6,0.0,0.0,0.0,0.0,0.0,1.0,0.0,0.0,0.0
1121,0,0.0438999830480973,0.000436861726939559,0.1782,-0.1,0.0,0.0,0.0,0.0,0.0,1.0,0.0,0.0,0.0
1122,1,0.044155895069537286,0.000436861726939559,0.2336,0.9,0.0,0.0,0.0,0.0,0.0,1.0,0.0,0.0,0.0
1123,1,0.04588139548643793,0.000436861726939559,0.1168,0.3,0.0,0.0,0.0,0.0,0.0,1.0,0.0,0.0,0.0
1124,1,0.06605579317662322,0.000436861726939559,0.0492,0.6,0.0,0.0,0.0,0.0,0.0,1.0,0.0,0.0,0.0
1125,0,0.057464227673854104,0.000436861726939559,0.20559999999999998,-0.9,0.0,0.0,0.0,0.0,0.0,1.0,0.0,0.0,0.0
1126,0,0.048021800074268935,0.000436861726939559,0.4142,0.6,0.0,0.0,0.0,0.0,0.0,1.0,0.0,0.0,0.0
1127,0,0.04502835541497133,0.000436861726939559,0.0894,-1.6,0.0,0.0,0.0,0.0,0.0,1.0,0.0,0.0,0.0
1128,1,0.0537446099664846,0.000436861726939559,0.1226,-0.9,0.0,0.0,0.0,0.0,0.0,1.0,0.0,0.0,0.0
1129,0,0.05344822391612184,0.000436861726939559,0.16519999999999999,1.5,0.0,0.0,0.0,0.0,0.0,1.0,0.0,0.0,0.0
1130,0,0.05318632246439284,0.000436861726939559,0.2632,-1.4,0.0,0.0,0.0,0.0,0.0,1.0,0.0,0.0,0.0
1131,0,0.047595098540648084,0.000436861726939559,0.3148,-0.8,0.0,0.0,0.0,0.0,0.0,1.0,0.0,0.0,0.0
1132,0,0.03949031037227758,0.000436861726939559,0.3456,-0.6,0.0,0.0,0.0,0.0,0.0,1.0,0.0,0.0,0.0
1133,1,0.04140021264292505,0.000436861726939559,0.1352,-0.5,0.0,0.0,0.0,0.0,0.0,1.0,0.0,0.0,0.0
1134,0,0.036697239380830846,0.000436861726939559,0.327,0.5,0.0,0.0,0.0,0.0,0.0,1.0,0.0,0.0,0.0
1135,0,0.03501203149496543,0.000436861726939559,0.41659999999999997,2.2,0.0,0.0,0.0,0.0,0.0,1.0,0.0,0.0,0.0
1136,0,0.03413775617065593,0.000436861726939559,0.4192,-0.7,0.0,0.0,0.0,0.0,0.0,1.0,0.0,0.0,0.0
1137,0,0.03332137867247363,0.000436861726939559,0.46740000000000004,-1.1,0.0,0.0,0.0,0.0,0.0,1.0,0.0,0.0,0.0
1138,1,0.03853744646266062,0.000436861726939559,0.43560000000000004,0.6,0.0,0.0,0.0,0.0,0.0,1.0,0.0,0.0,0.0
1139,0,0.038276452500369346,0.000436861726939559,0.5197999999999999,0.1,0.0,0.0,0.0,0.0,0.0,1.0,0.0,0.0,0.0
1140,0,0.01540191073716093,0.000436861726939559,0.2394,-1.2,0.0,0.0,0.0,0.0,0.0,1.0,0.0,0.0,0.0
1141,1,0.04450582299672614,0.000436861726939559,0.1716,-1.2,0.0,0.0,0.0,0.0,0.0,1.0,0.0,0.0,0.0
1142,1,0.05191148130226912,0.000436861726939559,0.36060000000000003,-0.8,0.0,0.0,0.0,0.0,0.0,1.0,0.0,0.0,0.0
1143,0,0.04410888711666285,0.000436861726939559,0.5506,1.2,0.0,0.0,0.0,0.0,0.0,1.0,0.0,0.0,0.0
1144,0,0.01960957626414186,0.000436861726939559,0.1476,-1.1,0.0,0.0,0.0,0.0,0.0,1.0,0.0,0.0,0.0
1145,1,0.04614456742337976,0.00042937896401333287,0.0336,0.6,0.0,0.0,0.0,0.0,0.0,1.0,0.0,0.0,0.0
1146,1,0.04904199970016549,0.00042937896401333287,0.3034,0.0,0.0,0.0,0.0,0.0,0.0,1.0,0.0,0.0,0.0
1147,0,0.04495593775784044,0.00042937896401333287,0.0946,0.1,0.0,0.0,0.0,0.0,0.0,1.0,0.0,0.0,0.0
1148,1,0.045517855217683124,0.00042937896401333287,0.2812,2.5,0.0,0.0,0.0,0.0,0.0,1.0,0.0,0.0,0.0
1149,1,0.05465173640843994,0.00042937896401333287,0.1328,-0.5,0.0,0.0,0.0,0.0,0.0,1.0,0.0,0.0,0.0
1150,1,0.060469651193729754,0.00042937896401333287,0.11359999999999999,-0.8,0.0,0.0,0.0,0.0,0.0,1.0,0.0,0.0,0.0
1151,1,0.06693533193967155,0.00042937896401333287,0.1782,-0.3,0.0,0.0,0.0,0.0,0.0,1.0,0.0,0.0,0.0
1152,0,0.06538969592932908,0.00042937896401333287,0.0236,1.6,0.0,0.0,0.0,0.0,0.0,1.0,0.0,0.0,0.0
1153,0,0.0600082835635876,0.00042937896401333287,0.2186,0.7,0.0,0.0,0.0,0.0,0.0,1.0,0.0,0.0,0.0
1154,1,0.06951423542381391,0.00042937896401333287,0.19,-1.7,0.0,0.0,0.0,0.0,0.0,1.0,0.0,0.0,0.0
1155,0,0.06753155250026045,0.00042937896401333287,0.3998,0.2,0.0,0.0,0.0,0.0,0.0,1.0,0.0,0.0,0.0
1156,0,0.06241058960314761,0.00042937896401333287,0.2332,0.6,0.0,0.0,0.0,0.0,0.0,1.0,0.0,0.0,0.0
1157,1,0.06293965594534445,0.00042937896401333287,0.2158,2.3,0.0,0.0,0.0,0.0,0.0,1.0,0.0,0.0,0.0
1158,1,0.07039867462982598,0.00042937896401333287,0.0286,0.5,0.0,0.0,0.0,0.0,0.0,1.0,0.0,0.0,0.0
1159,1,0.08842486332301579,0.00042937896401333287,0.15380000000000002,0.3,0.0,0.0,0.0,0.0,0.0,1.0,0.0,0.0,0.0
1160,0,0.08194448124818275,0.00042937896401333287,0.12619999999999998,1.3,0.0,0.0,0.0,0.0,0.0,1.0,0.0,0.0,0.0
1161,1,0.08265450098426304,0.00042937896401333287,0.1568,-0.9,0.0,0.0,0.0,0.0,0.0,1.0,0.0,0.0,0.0
1162,1,0.09758088725605323,0.00042937896401333287,0.0676,-0.2,0.0,0.0,0.0,0.0,0.0,1.0,0.0,0.0,0.0
1163,0,0.09187640865047972,0.00042937896401333287,0.4384,2.2,0.0,0.0,0.0,0.0,0.0,1.0,0.0,0.0,0.0
1164,1,0.10515715357588953,0.00042937896401333287,0.201,-1.5,0.0,0.0,0.0,0.0,0.0,1.0,0.0,0.0,0.0
1165,1,0.11549581774417728,0.00042937896401333287,0.1998,-1.7,0.0,0.0,0.0,0.0,0.0,1.0,0.0,0.0,0.0
1166,1,0.12386867829245335,0.00042937896401333287,0.133,-0.6,0.0,0.0,0.0,0.0,0.0,1.0,0.0,0.0,0.0
1167,1,0.12976554465882573,0.00042937896401333287,0.1782,-0.1,0.0,0.0,0.0,0.0,0.0,1.0,0.0,0.0,0.0
1168,1,0.17203731015774706,0.00042937896401333287,0.2336,0.9,0.0,0.0,0.0,0.0,0.0,1.0,0.0,0.0,0.0
1169,0,0.16669673481670347,0.00042937896401333287,0.1168,0.3,0.0,0.0,0.0,0.0,0.0,1.0,0.0,0.0,0.0
1170,1,0.18194146838324948,0.00042937896401333287,0.0492,0.6,0.0,0.0,0.0,0.0,0.0,1.0,0.0,0.0,0.0
1171,0,0.1673982241520691,0.00042937896401333287,0.20559999999999998,-0.9,0.0,0.0,0.0,0.0,0.0,1.0,0.0,0.0,0.0
1172,0,0.15076521324368305,0.00042937896401333287,0.4142,0.6,0.0,0.0,0.0,0.0,0.0,1.0,0.0,0.0,0.0
1173,0,0.14758155879823714,0.00042937896401333287,0.0894,-1.6,0.0,0.0,0.0,0.0,0.0,1.0,0.0,0.0,0.0
1174,0,0.14397374378959604,0.00042937896401333287,0.1226,-0.9,0.0,0.0,0.0,0.0,0.0,1.0,0.0,0.0,0.0
1175,0,0.12227512683979871,0.00042937896401333287,0.16519999999999999,1.5,0.0,0.0,0.0,0.0,0.0,1.0,0.0,0.0,0.0
1176,0,0.10357993693311404,0.00042937896401333287,0.2632,-1.4,0.0,0.0,0.0,0.0,0.0,1.0,0.0,0.0,0.0
1177,0,0.09030862989785662,0.00042937896401333287,0.3148,-0.8,0.0,0.0,0.0,0.0,0.0,1.0,0.0,0.0,0.0
1178,1,0.0950493547205604,0.00042937896401333287,0.3456,-0.6,0.0,0.0,0.0,0.0,0.0,1.0,0.0,0.0,0.0
1179,1,0.1031868125086892,0.00042937896401333287,0.1352,-0.5,0.0,0.0,0.0,0.0,0.0,1.0,0.0,0.0,0.0
1180,1,0.11292344818398659,0.00042937896401333287,0.327,0.5,0.0,0.0,0.0,0.0,0.0,1.0,0.0,0.0,0.0
1181,0,0.10124133665208271,0.00042937896401333287,0.41659999999999997,2.2,0.0,0.0,0.0,0.0,0.0,1.0,0.0,0.0,0.0
1182,1,0.10508382842932092,0.00042937896401333287,0.4192,-0.7,0.0,0.0,0.0,0.0,0.0,1.0,0.0,0.0,0.0
1183,1,0.11036940991043805,0.00042937896401333287,0.46740000000000004,-1.1,0.0,0.0,0.0,0.0,0.0,1.0,0.0,0.0,0.0
1184,0,0.10777126765021582,0.00042937896401333287,0.43560000000000004,0.6,0.0,0.0,0.0,0.0,0.0,1.0,0.0,0.0,0.0
1185,0,0.09866043669117736,0.00042937896401333287,0.5197999999999999,0.1,0.0,0.0,0.0,0.0,0.0,1.0,0.0,0.0,0.0
1186,1,0.10202250356008107,0.00042937896401333287,0.2394,-1.2,0.0,0.0,0.0,0.0,0.0,1.0,0.0,0.0,0.0
1187,1,0.12684796611652238,0.00042937896401333287,0.1716,-1.2,0.0,0.0,0.0,0.0,0.0,1.0,0.0,0.0,0.0
1188,1,0.12914355139820527,0.00042937896401333287,0.36060000000000003,-0.8,0.0,0.0,0.0,0.0,0.0,1.0,0.0,0.0,0.0
1189,0,0.1234258234468409,0.00042937896401333287,0.5506,1.2,0.0,0.0,0.0,0.0,0.0,1.0,0.0,0.0,0.0
1190,0,0.11854570824650172,0.00042937896401333287,0.1476,-1.1,0.0,0.0,0.0,0.0,0.0,1.0,0.0,0.0,0.0
1191,1,0.051451565655227335,0.008045186273510953,0.0336,0.6,0.0,0.0,0.0,0.0,0.0,1.0,0.0,0.0,0.0
1192,0,0.04348181191519112,0.008045186273510953,0.3034,0.0,0.0,0.0,0.0,0.0,0.0,1.0,0.0,0.0,0.0
1193,1,0.050540446259745984,0.008045186273510953,0.0946,0.1,0.0,0.0,0.0,0.0,0.0,1.0,0.0,0.0,0.0
1194,1,0.05287360160415093,0.008045186273510953,0.2812,2.5,0.0,0.0,0.0,0.0,0.0,1.0,0.0,0.0,0.0
1195,1,0.06626197477687557,0.008045186273510953,0.1328,-0.5,0.0,0.0,0.0,0.0,0.0,1.0,0.0,0.0,0.0
1196,1,0.06926249785378748,0.008045186273510953,0.11359999999999999,-0.8,0.0,0.0,0.0,0.0,0.0,1.0,0.0,0.0,0.0
1197,1,0.08727489270752378,0.008045186273510953,0.1782,-0.3,0.0,0.0,0.0,0.0,0.0,1.0,0.0,0.0,0.0
1198,0,0.06923563616643066,0.008045186273510953,0.0236,1.6,0.0,0.0,0.0,0.0,0.0,1.0,0.0,0.0,0.0
1199,0,0.05158678158144917,0.008045186273510953,0.2186,0.7,0.0,0.0,0.0,0.0,0.0,1.0,0.0,0.0,0.0
1200,1,0.08380301961665468,0.008045186273510953,0.19,-1.7,0.0,0.0,0.0,0.0,0.0,1.0,0.0,0.0,0.0
1201,0,0.06209169781472913,0.008045186273510953,0.3998,0.2,0.0,0.0,0.0,0.0,0.0,1.0,0.0,0.0,0.0
1202,1,0.06784155089218917,0.008045186273510953,0.2332,0.6,0.0,0.0,0.0,0.0,0.0,1.0,0.0,0.0,0.0
1203,0,0.06606141961113715,0.008045186273510953,0.2158,2.3,0.0,0.0,0.0,0.0,0.0,1.0,0.0,0.0,0.0
1204,0,0.06261005578156076,0.008045186273510953,0.0286,0.5,0.0,0.0,0.0,0.0,0.0,1.0,0.0,0.0,0.0
1205,0,0.0614299565167361,0.008045186273510953,0.15380000000000002,0.3,0.0,0.0,0.0,0.0,0.0,1.0,0.0,0.0,0.0
1206,0,0.0569683754450782,0.008045186273510953,0.12619999999999998,1.3,0.0,0.0,0.0,0.0,0.0,1.0,0.0,0.0,0.0
1207,1,0.06238191293691533,0.008045186273510953,0.1568,-0.9,0.0,0.0,0.0,0.0,0.0,1.0,0.0,0.0,0.0
1208,1,0.06443900999436268,0.008045186273510953,0.0676,-0.2,0.0,0.0,0.0,0.0,0.0,1.0,0.0,0.0,0.0
1209,1,0.06553961318444215,0.008045186273510953,0.4384,2.2,0.0,0.0,0.0,0.0,0.0,1.0,0.0,0.0,0.0
1210,0,0.06510510724165681,0.008045186273510953,0.201,-1.5,0.0,0.0,0.0,0.0,0.0,1.0,0.0,0.0,0.0
1211,0,0.06441360029010622,0.008045186273510953,0.1998,-1.7,0.0,0.0,0.0,0.0,0.0,1.0,0.0,0.0,0.0
1212,1,0.06496771334078442,0.008045186273510953,0.133,-0.6,0.0,0.0,0.0,0.0,0.0,1.0,0.0,0.0,0.0
1213,0,0.06426295704344297,0.008045186273510953,0.1782,-0.1,0.0,0.0,0.0,0.0,0.0,1.0,0.0,0.0,0.0
1214,0,0.060086509153119964,0.008045186273510953,0.2336,0.9,0.0,0.0,0.0,0.0,0.0,1.0,0.0,0.0,0.0
1215,0,0.058004183889303715,0.008045186273510953,0.1168,0.3,0.0,0.0,0.0,0.0,0.0,1.0,0.0,0.0,0.0
1216,0,0.054083103526758054,0.008045186273510953,0.0492,0.6,0.0,0.0,0.0,0.0,0.0,1.0,0.0,0.0,0.0
1217,1,0.06050740275433934,0.008045186273510953,0.20559999999999998,-0.9,0.0,0.0,0.0,0.0,0.0,1.0,0.0,0.0,0.0
1218,0,0.057598173114863115,0.008045186273510953,0.4142,0.6,0.0,0.0,0.0,0.0,0.0,1.0,0.0,0.0,0.0
1219,1,0.06400268907270189,0.008045186273510953,0.0894,-1.6,0.0,0.0,0.0,0.0,0.0,1.0,0.0,0.0,0.0
1220,1,0.07907155118621574,0.008045186273510953,0.1226,-0.9,0.0,0.0,0.0,0.0,0.0,1.0,0.0,0.0,0.0
1221,0,0.07555611860233559,0.008045186273510953,0.16519999999999999,1.5,0.0,0.0,0.0,0.0,0.0,1.0,0.0,0.0,0.0
1222,0,0.07407001389910822,0.008045186273510953,0.2632,-1.4,0.0,0.0,0.0,0.0,0.0,1.0,0.0,0.0,0.0
1223,0,0.07001299161879054,0.008045186273510953,0.3148,-0.8,0.0,0.0,0.0,0.0,0.0,1.0,0.0,0.0,0.0
1224,0,0.06795426108035528,0.008045186273510953,0.3456,-0.6,0.0,0.0,0.0,0.0,0.0,1.0,0.0,0.0,0.0
1225,1,0.07024149745921107,0.008045186273510953,0.1352,-0.5,0.0,0.0,0.0,0.0,0.0,1.0,0.0,0.0,0.0
1226,0,0.06950370854633622,0.008045186273510953,0.327,0.5,0.0,0.0,0.0,0.0,0.0,1.0,0.0,0.0,0.0
1227,0,0.06260243287028382,0.008045186273510953,0.41659999999999997,2.2,0.0,0.0,0.0,0.0,0.0,1.0,0.0,0.0,0.0
1228,1,0.065446504768131,0.008045186273510953,0.4192,-0.7,0.0,0.0,0.0,0.0,0.0,1.0,0.0,0.0,0.0
1229,1,0.07621640791722825,0.008045186273510953,0.46740000000000004,-1.1,0.0,0.0,0.0,0.0,0.0,1.0,0.0,0.0,0.0
1230,0,0.06793284432962485,0.008045186273510953,0.43560000000000004,0.6,0.0,0.0,0.0,0.0,0.0,1.0,0.0,0.0,0.0
1231,0,0.0649707988048727,0.008045186273510953,0.5197999999999999,0.1,0.0,0.0,0.0,0.0,0.0,1.0,0.0,0.0,0.0
1232,1,0.07613473386783251,0.008045186273510953,0.2394,-1.2,0.0,0.0,0.0,0.0,0.0,1.0,0.0,0.0,0.0
1233,1,0.08549948037154796,0.008045186273510953,0.1716,-1.2,0.0,0.0,0.0,0.0,0.0,1.0,0.0,0.0,0.0
1234,0,0.08131958402136158,0.008045186273510953,0.36060000000000003,-0.8,0.0,0.0,0.0,0.0,0.0,1.0,0.0,0.0,0.0
1235,0,0.06479347536874018,0.008045186273510953,0.5506,1.2,0.0,0.0,0.0,0.0,0.0,1.0,0.0,0.0,0.0
1236,0,0.05824739105861547,0.008045186273510953,0.1476,-1.1,0.0,0.0,0.0,0.0,0.0,1.0,0.0,0.0,0.0
1237,0,0.011792825243306992,2.220506321511088e-05,0.10619999999999999,0.6,1.0,0.0,0.0,0.0,0.0,0.0,0.0,0.0,0.0
1238,0,0.011016195782497287,2.220506321511088e-05,0.068,0.0,1.0,0.0,0.0,0.0,0.0,0.0,0.0,0.0,0.0
1239,1,0.012086851821131653,2.220506321511088e-05,0.06480000000000001,0.1,1.0,0.0,0.0,0.0,0.0,0.0,0.0,0.0,0.0
1240,0,0.011462317590085569,2.220506321511088e-05,0.065,2.5,1.0,0.0,0.0,0.0,0.0,0.0,0.0,0.0,0.0
1241,0,0.010227768958997087,2.220506321511088e-05,0.0318,-0.5,1.0,0.0,0.0,0.0,0.0,0.0,0.0,0.0,0.0
1242,1,0.012178508254342428,2.220506321511088e-05,0.1192,-0.8,1.0,0.0,0.0,0.0,0.0,0.0,0.0,0.0,0.0
1243,0,0.010500923279753946,2.220506321511088e-05,0.0622,-0.3,1.0,0.0,0.0,0.0,0.0,0.0,0.0,0.0,0.0
1244,0,0.008228751225564485,2.220506321511088e-05,0.053,1.6,1.0,0.0,0.0,0.0,0.0,0.0,0.0,0.0,0.0
1245,1,0.009557497260289387,2.220506321511088e-05,0.0602,0.7,1.0,0.0,0.0,0.0,0.0,0.0,0.0,0.0,0.0
1246,0,0.00930557819237542,2.220506321511088e-05,0.1298,-1.7,1.0,0.0,0.0,0.0,0.0,0.0,0.0,0.0,0.0
1247,1,0.009620658525155425,2.220506321511088e-05,0.3194,0.2,1.0,0.0,0.0,0.0,0.0,0.0,0.0,0.0,0.0
1248,1,0.010376597226784877,2.220506321511088e-05,0.2724,0.6,1.0,0.0,0.0,0.0,0.0,0.0,0.0,0.0,0.0
1249,1,0.010821085553385245,2.220506321511088e-05,0.1628,2.3,1.0,0.0,0.0,0.0,0.0,0.0,0.0,0.0,0.0
1250,0,0.009943361769212369,2.220506321511088e-05,0.021,0.5,1.0,0.0,0.0,0.0,0.0,0.0,0.0,0.0,0.0
1251,0,0.009109923469600737,2.220506321511088e-05,0.1168,0.3,1.0,0.0,0.0,0.0,0.0,0.0,0.0,0.0,0.0
1252,1,0.01018910990894977,2.220506321511088e-05,0.064,1.3,1.0,0.0,0.0,0.0,0.0,0.0,0.0,0.0,0.0
1253,0,0.00878976119596944,2.220506321511088e-05,0.31079999999999997,-0.9,1.0,0.0,0.0,0.0,0.0,0.0,0.0,0.0,0.0
1254,1,0.014983013612704562,2.220506321511088e-05,0.059000000000000004,-0.2,1.0,0.0,0.0,0.0,0.0,0.0,0.0,0.0,0.0
1255,0,0.008350173312332818,2.220506321511088e-05,0.4708,2.2,1.0,0.0,0.0,0.0,0.0,0.0,0.0,0.0,0.0
1256,1,0.009297773783210938,2.220506321511088e-05,0.365,-1.5,1.0,0.0,0.0,0.0,0.0,0.0,0.0,0.0,0.0
1257,0,0.00701797881774454,2.220506321511088e-05,0.1158,-1.7,1.0,0.0,0.0,0.0,0.0,0.0,0.0,0.0,0.0
1258,1,0.0096311854026331,2.220506321511088e-05,0.21960000000000002,-0.6,1.0,0.0,0.0,0.0,0.0,0.0,0.0,0.0,0.0
1259,1,0.01413197001800096,2.220506321511088e-05,0.155,-0.1,1.0,0.0,0.0,0.0,0.0,0.0,0.0,0.0,0.0
1260,0,0.010281129337935636,2.220506321511088e-05,0.3132,0.9,1.0,0.0,0.0,0.0,0.0,0.0,0.0,0.0,0.0
1261,1,0.012419355951116085,2.220506321511088e-05,0.2168,0.3,1.0,0.0,0.0,0.0,0.0,0.0,0.0,0.0,0.0
1262,0,0.006939934726099723,2.220506321511088e-05,0.2868,0.6,1.0,0.0,0.0,0.0,0.0,0.0,0.0,0.0,0.0
1263,1,0.010996775508529856,2.220506321511088e-05,0.637,-0.9,1.0,0.0,0.0,0.0,0.0,0.0,0.0,0.0,0.0
1264,0,0.010825078506911258,2.220506321511088e-05,0.10679999999999999,0.6,1.0,0.0,0.0,0.0,0.0,0.0,0.0,0.0,0.0
1265,1,0.012934083960196787,2.220506321511088e-05,0.2352,-1.6,1.0,0.0,0.0,0.0,0.0,0.0,0.0,0.0,0.0
1266,1,0.016910158182668913,2.220506321511088e-05,0.1592,-0.9,1.0,0.0,0.0,0.0,0.0,0.0,0.0,0.0,0.0
1267,1,0.018830042837131418,2.220506321511088e-05,0.33880000000000005,1.5,1.0,0.0,0.0,0.0,0.0,0.0,0.0,0.0,0.0
1268,0,0.018671413683416137,2.220506321511088e-05,0.6314,-1.4,1.0,0.0,0.0,0.0,0.0,0.0,0.0,0.0,0.0
1269,1,0.03540243345107706,2.220506321511088e-05,0.47479999999999994,-0.8,1.0,0.0,0.0,0.0,0.0,0.0,0.0,0.0,0.0
1270,0,0.023429380805436807,2.220506321511088e-05,0.1646,-0.6,1.0,0.0,0.0,0.0,0.0,0.0,0.0,0.0,0.0
1271,0,0.011038520022665456,2.220506321511088e-05,0.1074,-0.5,1.0,0.0,0.0,0.0,0.0,0.0,0.0,0.0,0.0
1272,1,0.015731873896719716,2.220506321511088e-05,0.18,0.5,1.0,0.0,0.0,0.0,0.0,0.0,0.0,0.0,0.0
1273,1,0.01706189041665744,2.220506321511088e-05,0.3778,2.2,1.0,0.0,0.0,0.0,0.0,0.0,0.0,0.0,0.0
1274,1,0.019408658102628342,2.220506321511088e-05,0.299,-0.7,1.0,0.0,0.0,0.0,0.0,0.0,0.0,0.0,0.0
1275,0,0.016426829308133682,2.220506321511088e-05,0.3496,-1.1,1.0,0.0,0.0,0.0,0.0,0.0,0.0,0.0,0.0
1276,1,0.017680072221639413,2.220506321511088e-05,0.3968,0.6,1.0,0.0,0.0,0.0,0.0,0.0,0.0,0.0,0.0
1277,0,0.00438027001803726,2.220506321511088e-05,0.4376,0.1,1.0,0.0,0.0,0.0,0.0,0.0,0.0,0.0,0.0
1278,1,0.008291549494655432,2.220506321511088e-05,0.547,-1.2,1.0,0.0,0.0,0.0,0.0,0.0,0.0,0.0,0.0
1279,1,0.013016302503255165,2.220506321511088e-05,0.2064,-1.2,1.0,0.0,0.0,0.0,0.0,0.0,0.0,0.0,0.0
1280,1,0.01513710531923119,2.220506321511088e-05,0.6038,-0.8,1.0,0.0,0.0,0.0,0.0,0.0,0.0,0.0,0.0
1281,0,0.014466107628973306,2.220506321511088e-05,0.5454,1.2,1.0,0.0,0.0,0.0,0.0,0.0,0.0,0.0,0.0
1282,0,0.014067356770034553,2.220506321511088e-05,0.1524,-1.1,1.0,0.0,0.0,0.0,0.0,0.0,0.0,0.0,0.0
1283,1,0.001957817712959639,0.0010309902418046972,0.12240000000000001,0.6,0.0,0.0,0.0,0.0,0.0,0.0,1.0,0.0,0.0
1284,1,0.002127155242040138,0.0010309902418046972,0.1376,0.0,0.0,0.0,0.0,0.0,0.0,0.0,1.0,0.0,0.0
1285,1,0.0022099182787611534,0.0010309902418046972,0.15839999999999999,0.1,0.0,0.0,0.0,0.0,0.0,0.0,1.0,0.0,0.0
1286,1,0.002252933278109576,0.0010309902418046972,0.3452,2.5,0.0,0.0,0.0,0.0,0.0,0.0,1.0,0.0,0.0
1287,1,0.0023785298162914683,0.0010309902418046972,0.2488,-0.5,0.0,0.0,0.0,0.0,0.0,0.0,1.0,0.0,0.0
1288,1,0.0024251747733908123,0.0010309902418046972,0.207,-0.8,0.0,0.0,0.0,0.0,0.0,0.0,1.0,0.0,0.0
1289,1,0.0024395131065069534,0.0010309902418046972,0.2116,-0.3,0.0,0.0,0.0,0.0,0.0,0.0,1.0,0.0,0.0
1290,1,0.0026199220067277635,0.0010309902418046972,0.198,1.6,0.0,0.0,0.0,0.0,0.0,0.0,1.0,0.0,0.0
1291,1,0.0032925531779735614,0.0010309902418046972,0.0864,0.7,0.0,0.0,0.0,0.0,0.0,0.0,1.0,0.0,0.0
1292,1,0.003631954227684744,0.0010309902418046972,0.2018,-1.7,0.0,0.0,0.0,0.0,0.0,0.0,1.0,0.0,0.0
1293,0,0.003091090522797405,0.0010309902418046972,0.1378,0.2,0.0,0.0,0.0,0.0,0.0,0.0,1.0,0.0,0.0
1294,1,0.004043591436639269,0.0010309902418046972,0.0834,0.6,0.0,0.0,0.0,0.0,0.0,0.0,1.0,0.0,0.0
1295,0,0.0036245128142953545,0.0010309902418046972,0.2144,2.3,0.0,0.0,0.0,0.0,0.0,0.0,1.0,0.0,0.0
1296,1,0.0038504776842902327,0.0010309902418046972,0.1864,0.5,0.0,0.0,0.0,0.0,0.0,0.0,1.0,0.0,0.0
1297,0,0.003684588615073109,0.0010309902418046972,0.0834,0.3,0.0,0.0,0.0,0.0,0.0,0.0,1.0,0.0,0.0
1298,0,0.003531767393759304,0.0010309902418046972,0.107,1.3,0.0,0.0,0.0,0.0,0.0,0.0,1.0,0.0,0.0
1299,0,0.0035163400733178867,0.0010309902418046972,0.1882,-0.9,0.0,0.0,0.0,0.0,0.0,0.0,1.0,0.0,0.0
1300,0,0.003245726722986671,0.0010309902418046972,0.1804,-0.2,0.0,0.0,0.0,0.0,0.0,0.0,1.0,0.0,0.0
1301,0,0.0028075908224504177,0.0010309902418046972,0.19940000000000002,2.2,0.0,0.0,0.0,0.0,0.0,0.0,1.0,0.0,0.0
1302,1,0.0029079591542634036,0.0010309902418046972,0.1524,-1.5,0.0,0.0,0.0,0.0,0.0,0.0,1.0,0.0,0.0
1303,0,0.002587796880632106,0.0010309902418046972,0.195,-1.7,0.0,0.0,0.0,0.0,0.0,0.0,1.0,0.0,0.0
1304,1,0.0027406181019459116,0.0010309902418046972,0.1244,-0.6,0.0,0.0,0.0,0.0,0.0,0.0,1.0,0.0,0.0
1305,0,0.0023954091198332543,0.0010309902418046972,0.265,-0.1,0.0,0.0,0.0,0.0,0.0,0.0,1.0,0.0,0.0
1306,0,0.0023493086563965483,0.0010309902418046972,0.491,0.9,0.0,0.0,0.0,0.0,0.0,0.0,1.0,0.0,0.0
1307,1,0.002401217052234729,0.0010309902418046972,0.057999999999999996,0.3,0.0,0.0,0.0,0.0,0.0,0.0,1.0,0.0,0.0
1308,0,0.0021135429004741813,0.0010309902418046972,0.1444,0.6,0.0,0.0,0.0,0.0,0.0,0.0,1.0,0.0,0.0
1309,0,0.0018779586424393607,0.0010309902418046972,0.0706,-0.9,0.0,0.0,0.0,0.0,0.0,0.0,1.0,0.0,0.0
1310,1,0.001911898747410479,0.0010309902418046972,0.2086,0.6,0.0,0.0,0.0,0.0,0.0,0.0,1.0,0.0,0.0
1311,0,0.0016645171266851625,0.0010309902418046972,0.099,-1.6,0.0,0.0,0.0,0.0,0.0,0.0,1.0,0.0,0.0
1312,1,0.0020091816151351816,0.0010309902418046972,0.0766,-0.9,0.0,0.0,0.0,0.0,0.0,0.0,1.0,0.0,0.0
1313,0,0.001930774527715272,0.0010309902418046972,0.0724,1.5,0.0,0.0,0.0,0.0,0.0,0.0,1.0,0.0,0.0
1314,0,0.0017378422732537817,0.0010309902418046972,0.1866,-1.4,0.0,0.0,0.0,0.0,0.0,0.0,1.0,0.0,0.0
1315,0,0.0016725030337371904,0.0010309902418046972,0.5770000000000001,-0.8,0.0,0.0,0.0,0.0,0.0,0.0,1.0,0.0,0.0
1316,0,0.0016271285618506687,0.0010309902418046972,0.1202,-0.6,0.0,0.0,0.0,0.0,0.0,0.0,1.0,0.0,0.0
1317,1,0.0019844979024289137,0.0010309902418046972,0.35200000000000004,-0.5,0.0,0.0,0.0,0.0,0.0,0.0,1.0,0.0,0.0
1318,1,0.0021282442293654143,0.0010309902418046972,0.3858,0.5,0.0,0.0,0.0,0.0,0.0,0.0,1.0,0.0,0.0
1319,1,0.002169444249838376,0.0010309902418046972,0.3322,2.2,0.0,0.0,0.0,0.0,0.0,0.0,1.0,0.0,0.0
1320,0,0.00211916933498811,0.0010309902418046972,0.45439999999999997,-0.7,0.0,0.0,0.0,0.0,0.0,0.0,1.0,0.0,0.0
1321,0,0.001971067058750503,0.0010309902418046972,0.4104,-1.1,0.0,0.0,0.0,0.0,0.0,0.0,1.0,0.0,0.0
1322,1,0.0020079111299223587,0.0010309902418046972,0.11,0.6,0.0,0.0,0.0,0.0,0.0,0.0,1.0,0.0,0.0
1323,0,0.0009681097321708273,0.0010309902418046972,0.40659999999999996,0.1,0.0,0.0,0.0,0.0,0.0,0.0,1.0,0.0,0.0
1324,1,0.0022901403450565237,0.0010309902418046972,0.5376,-1.2,0.0,0.0,0.0,0.0,0.0,0.0,1.0,0.0,0.0
1325,0,0.0013715795361857782,0.0010309902418046972,0.132,-1.2,0.0,0.0,0.0,0.0,0.0,0.0,1.0,0.0,0.0
1326,1,0.0017369347838160512,0.0010309902418046972,0.13019999999999998,-0.8,0.0,0.0,0.0,0.0,0.0,0.0,1.0,0.0,0.0
1327,0,0.0016728660295122824,0.0010309902418046972,0.41259999999999997,1.2,0.0,0.0,0.0,0.0,0.0,0.0,1.0,0.0,0.0
1328,0,0.0014180429953975766,0.0010309902418046972,0.5256000000000001,-1.1,0.0,0.0,0.0,0.0,0.0,0.0,1.0,0.0,0.0
1329,0,0.001964351636911298,0.011729195118394264,0.09300000000000001,0.6,0.0,1.0,0.0,0.0,0.0,0.0,0.0,0.0,0.0
1330,1,0.002256200240085406,0.011729195118394264,0.29960000000000003,0.0,0.0,1.0,0.0,0.0,0.0,0.0,0.0,0.0,0.0
1331,1,0.0031567927580890887,0.011729195118394264,0.247,0.1,0.0,1.0,0.0,0.0,0.0,0.0,0.0,0.0,0.0
1332,0,0.0029769283515309166,0.011729195118394264,0.12480000000000001,2.5,0.0,1.0,0.0,0.0,0.0,0.0,0.0,0.0,0.0
1333,0,0.002680905296943249,0.011729195118394264,0.14279999999999998,-0.5,0.0,1.0,0.0,0.0,0.0,0.0,0.0,0.0,0.0
1334,1,0.0028286445774057638,0.011729195118394264,0.17980000000000002,-0.8,0.0,1.0,0.0,0.0,0.0,0.0,0.0,0.0,0.0
1335,0,0.002773469219591753,0.011729195118394264,0.1324,-0.3,0.0,1.0,0.0,0.0,0.0,0.0,0.0,0.0,0.0
1336,1,0.0035637110219674155,0.011729195118394264,0.34979999999999994,1.6,0.0,1.0,0.0,0.0,0.0,0.0,0.0,0.0,0.0
1337,1,0.0037127207876427528,0.011729195118394264,0.3432,0.7,0.0,1.0,0.0,0.0,0.0,0.0,0.0,0.0,0.0
1338,0,0.003544290747999984,0.011729195118394264,0.1446,-1.7,0.0,1.0,0.0,0.0,0.0,0.0,0.0,0.0,0.0
1339,1,0.004804430581232465,0.011729195118394264,0.187,0.2,0.0,1.0,0.0,0.0,0.0,0.0,0.0,0.0,0.0
1340,0,0.004115101604332427,0.011729195118394264,0.1018,0.6,0.0,1.0,0.0,0.0,0.0,0.0,0.0,0.0,0.0
1341,1,0.004324005672897973,0.011729195118394264,0.0674,2.3,0.0,1.0,0.0,0.0,0.0,0.0,0.0,0.0,0.0
1342,1,0.004809512522083756,0.011729195118394264,0.36219999999999997,0.5,0.0,1.0,0.0,0.0,0.0,0.0,0.0,0.0,0.0
1343,0,0.004547429572467206,0.011729195118394264,0.11699999999999999,0.3,0.0,1.0,0.0,0.0,0.0,0.0,0.0,0.0,0.0
1344,1,0.004758693113570851,0.011729195118394264,0.193,1.3,0.0,1.0,0.0,0.0,0.0,0.0,0.0,0.0,0.0
1345,0,0.004064463693707069,0.011729195118394264,0.3454,-0.9,0.0,1.0,0.0,0.0,0.0,0.0,0.0,0.0,0.0
1346,1,0.004193690189639883,0.011729195118394264,0.11939999999999999,-0.2,0.0,1.0,0.0,0.0,0.0,0.0,0.0,0.0,0.0
1347,0,0.00407880202682321,0.011729195118394264,0.3398,2.2,0.0,1.0,0.0,0.0,0.0,0.0,0.0,0.0,0.0
1348,0,0.004000757935178393,0.011729195118394264,0.316,-1.5,0.0,1.0,0.0,0.0,0.0,0.0,0.0,0.0,0.0
1349,0,0.003977526205572493,0.011729195118394264,0.08439999999999999,-1.7,0.0,1.0,0.0,0.0,0.0,0.0,0.0,0.0,0.0
1350,0,0.0036121709579422204,0.011729195118394264,0.24420000000000003,-0.6,0.0,1.0,0.0,0.0,0.0,0.0,0.0,0.0,0.0
1351,0,0.003506539187390398,0.011729195118394264,0.128,-0.1,0.0,1.0,0.0,0.0,0.0,0.0,0.0,0.0,0.0
1352,1,0.003524144482482368,0.011729195118394264,0.1298,0.9,0.0,1.0,0.0,0.0,0.0,0.0,0.0,0.0,0.0
1353,0,0.003319233367442836,0.011729195118394264,0.1152,0.3,0.0,1.0,0.0,0.0,0.0,0.0,0.0,0.0,0.0
1354,0,0.003226850942681878,0.011729195118394264,0.195,0.6,0.0,1.0,0.0,0.0,0.0,0.0,0.0,0.0,0.0
1355,0,0.0030184913677789704,0.011729195118394264,0.36939999999999995,-0.9,0.0,1.0,0.0,0.0,0.0,0.0,0.0,0.0,0.0
1356,1,0.0036032775614524624,0.011729195118394264,0.3518,0.6,0.0,1.0,0.0,0.0,0.0,0.0,0.0,0.0,0.0
1357,0,0.0032174130525294818,0.011729195118394264,0.109,-1.6,0.0,1.0,0.0,0.0,0.0,0.0,0.0,0.0,0.0
1358,1,0.0033927400118990013,0.011729195118394264,0.1474,-0.9,0.0,1.0,0.0,0.0,0.0,0.0,0.0,0.0,0.0
1359,1,0.003575508384657911,0.011729195118394264,0.2696,1.5,0.0,1.0,0.0,0.0,0.0,0.0,0.0,0.0,0.0
1360,0,0.0030041530346628298,0.011729195118394264,0.1832,-1.4,0.0,1.0,0.0,0.0,0.0,0.0,0.0,0.0,0.0
1361,1,0.003100709910837348,0.011729195118394264,0.49,-0.8,0.0,1.0,0.0,0.0,0.0,0.0,0.0,0.0,0.0
1362,1,0.003205615689838986,0.011729195118394264,0.1804,-0.6,0.0,1.0,0.0,0.0,0.0,0.0,0.0,0.0,0.0
1363,0,0.003017039384678602,0.011729195118394264,0.12960000000000002,-0.5,0.0,1.0,0.0,0.0,0.0,0.0,0.0,0.0,0.0
1364,1,0.0035016387444266536,0.011729195118394264,0.41600000000000004,0.5,0.0,1.0,0.0,0.0,0.0,0.0,0.0,0.0,0.0
1365,1,0.003763721694043203,0.011729195118394264,0.445,2.2,0.0,1.0,0.0,0.0,0.0,0.0,0.0,0.0,0.0
1366,1,0.003988960572487897,0.011729195118394264,0.1528,-0.7,0.0,1.0,0.0,0.0,0.0,0.0,0.0,0.0,0.0
1367,0,0.003874798401221408,0.011729195118394264,0.1646,-1.1,0.0,1.0,0.0,0.0,0.0,0.0,0.0,0.0,0.0
1368,0,0.003730507580622269,0.011729195118394264,0.4546,0.6,0.0,1.0,0.0,0.0,0.0,0.0,0.0,0.0,0.0
1369,0,0.0023914161663072405,0.011729195118394264,0.1184,0.1,0.0,1.0,0.0,0.0,0.0,0.0,0.0,0.0,0.0
1370,1,0.003839224815262375,0.011729195118394264,0.3624,-1.2,0.0,1.0,0.0,0.0,0.0,0.0,0.0,0.0,0.0
1371,0,0.003245000731436487,0.011729195118394264,0.16899999999999998,-1.2,0.0,1.0,0.0,0.0,0.0,0.0,0.0,0.0,0.0
1372,1,0.003516884566980525,0.011729195118394264,0.2036,-0.8,0.0,1.0,0.0,0.0,0.0,0.0,0.0,0.0,0.0
1373,1,0.0039005711012529524,0.011729195118394264,0.4428,1.2,0.0,1.0,0.0,0.0,0.0,0.0,0.0,0.0,0.0
1374,0,0.0037435754285255873,0.011729195118394264,0.3396,-1.1,0.0,1.0,0.0,0.0,0.0,0.0,0.0,0.0,0.0
1375,0,0.020717439369723176,0.0009359748907663265,0.0336,0.6,0.0,0.0,0.0,0.0,0.0,1.0,0.0,0.0,0.0
1376,1,0.024192034928905464,0.0009359748907663265,0.3034,0.0,0.0,0.0,0.0,0.0,0.0,1.0,0.0,0.0,0.0
1377,0,0.023776404766424925,0.0009359748907663265,0.0946,0.1,0.0,0.0,0.0,0.0,0.0,1.0,0.0,0.0,0.0
1378,1,0.02481221321065044,0.0009359748907663265,0.2812,2.5,0.0,0.0,0.0,0.0,0.0,1.0,0.0,0.0,0.0
1379,1,0.027539218971030396,0.0009359748907663265,0.1328,-0.5,0.0,0.0,0.0,0.0,0.0,1.0,0.0,0.0,0.0
1380,0,0.027318154543999263,0.0009359748907663265,0.11359999999999999,-0.8,0.0,0.0,0.0,0.0,0.0,1.0,0.0,0.0,0.0
1381,1,0.029649131913753655,0.0009359748907663265,0.1782,-0.3,0.0,0.0,0.0,0.0,0.0,1.0,0.0,0.0,0.0
1382,1,0.03183835943333455,0.0009359748907663265,0.0236,1.6,0.0,0.0,0.0,0.0,0.0,1.0,0.0,0.0,0.0
1383,0,0.02760546569998472,0.0009359748907663265,0.2186,0.7,0.0,0.0,0.0,0.0,0.0,1.0,0.0,0.0,0.0
1384,0,0.027293833827068088,0.0009359748907663265,0.19,-1.7,0.0,0.0,0.0,0.0,0.0,1.0,0.0,0.0,0.0
1385,1,0.0279657390067637,0.0009359748907663265,0.3998,0.2,0.0,0.0,0.0,0.0,0.0,1.0,0.0,0.0,0.0
1386,0,0.027642309771156573,0.0009359748907663265,0.2332,0.6,0.0,0.0,0.0,0.0,0.0,1.0,0.0,0.0,0.0
1387,1,0.028669406316779878,0.0009359748907663265,0.2158,2.3,0.0,0.0,0.0,0.0,0.0,1.0,0.0,0.0,0.0
1388,0,0.02822818495215534,0.0009359748907663265,0.0286,0.5,0.0,0.0,0.0,0.0,0.0,1.0,0.0,0.0,0.0
1389,0,0.023199422981915914,0.0009359748907663265,0.15380000000000002,0.3,0.0,0.0,0.0,0.0,0.0,1.0,0.0,0.0,0.0
1390,1,0.02818317347604391,0.0009359748907663265,0.12619999999999998,1.3,0.0,0.0,0.0,0.0,0.0,1.0,0.0,0.0,0.0
1391,0,0.01438570406479039,0.0009359748907663265,0.1568,-0.9,0.0,0.0,0.0,0.0,0.0,1.0,0.0,0.0,0.0
1392,1,0.01774831542735674,0.0009359748907663265,0.0676,-0.2,0.0,0.0,0.0,0.0,0.0,1.0,0.0,0.0,0.0
1393,1,0.018560336976237934,0.0009359748907663265,0.4384,2.2,0.0,0.0,0.0,0.0,0.0,1.0,0.0,0.0,0.0
1394,1,0.023131724269861223,0.0009359748907663265,0.201,-1.5,0.0,0.0,0.0,0.0,0.0,1.0,0.0,0.0,0.0
1395,1,0.025673420687056622,0.0009359748907663265,0.1998,-1.7,0.0,0.0,0.0,0.0,0.0,1.0,0.0,0.0,0.0
1396,1,0.025755820728002546,0.0009359748907663265,0.133,-0.6,0.0,0.0,0.0,0.0,0.0,1.0,0.0,0.0,0.0
1397,0,0.025061954303913857,0.0009359748907663265,0.1782,-0.1,0.0,0.0,0.0,0.0,0.0,1.0,0.0,0.0,0.0
1398,0,0.014436523473303294,0.0009359748907663265,0.2336,0.9,0.0,0.0,0.0,0.0,0.0,1.0,0.0,0.0,0.0
1399,0,0.013526130069372123,0.0009359748907663265,0.1168,0.3,0.0,0.0,0.0,0.0,0.0,1.0,0.0,0.0,0.0
1400,0,0.010724528677210726,0.0009359748907663265,0.0492,0.6,0.0,0.0,0.0,0.0,0.0,1.0,0.0,0.0,0.0
1401,1,0.024660117980886822,0.0009359748907663265,0.20559999999999998,-0.9,0.0,0.0,0.0,0.0,0.0,1.0,0.0,0.0,0.0
1402,0,0.01848447085924367,0.0009359748907663265,0.4142,0.6,0.0,0.0,0.0,0.0,0.0,1.0,0.0,0.0,0.0
1403,0,0.01814525130742003,0.0009359748907663265,0.0894,-1.6,0.0,0.0,0.0,0.0,0.0,1.0,0.0,0.0,0.0
1404,1,0.02052432561737414,0.0009359748907663265,0.1226,-0.9,0.0,0.0,0.0,0.0,0.0,1.0,0.0,0.0,0.0
1405,1,0.023260406272131398,0.0009359748907663265,0.16519999999999999,1.5,0.0,0.0,0.0,0.0,0.0,1.0,0.0,0.0,0.0
1406,1,0.02371215451423361,0.0009359748907663265,0.2632,-1.4,0.0,0.0,0.0,0.0,0.0,1.0,0.0,0.0,0.0
1407,1,0.024470271190513614,0.0009359748907663265,0.3148,-0.8,0.0,0.0,0.0,0.0,0.0,1.0,0.0,0.0,0.0
1408,0,0.023900186325731355,0.0009359748907663265,0.3456,-0.6,0.0,0.0,0.0,0.0,0.0,1.0,0.0,0.0,0.0
1409,1,0.023954817189882727,0.0009359748907663265,0.1352,-0.5,0.0,0.0,0.0,0.0,0.0,1.0,0.0,0.0,0.0
1410,0,0.023767511369935164,0.0009359748907663265,0.327,0.5,0.0,0.0,0.0,0.0,0.0,1.0,0.0,0.0,0.0
1411,0,0.023549350909104767,0.0009359748907663265,0.41659999999999997,2.2,0.0,0.0,0.0,0.0,0.0,1.0,0.0,0.0,0.0
1412,0,0.02222568681523116,0.0009359748907663265,0.4192,-0.7,0.0,0.0,0.0,0.0,0.0,1.0,0.0,0.0,0.0
1413,0,0.020156792395093312,0.0009359748907663265,0.46740000000000004,-1.1,0.0,0.0,0.0,0.0,0.0,1.0,0.0,0.0,0.0
1414,1,0.025349083962011767,0.0009359748907663265,0.43560000000000004,0.6,0.0,0.0,0.0,0.0,0.0,1.0,0.0,0.0,0.0
1415,0,0.007617466340309265,0.0009359748907663265,0.5197999999999999,0.1,0.0,0.0,0.0,0.0,0.0,1.0,0.0,0.0,0.0
1416,1,0.0186547158777619,0.0009359748907663265,0.2394,-1.2,0.0,0.0,0.0,0.0,0.0,1.0,0.0,0.0,0.0
1417,0,0.01746626771011012,0.0009359748907663265,0.1716,-1.2,0.0,0.0,0.0,0.0,0.0,1.0,0.0,0.0,0.0
1418,1,0.017939795698717863,0.0009359748907663265,0.36060000000000003,-0.8,0.0,0.0,0.0,0.0,0.0,1.0,0.0,0.0,0.0
1419,0,0.010705289901130842,0.0009359748907663265,0.5506,1.2,0.0,0.0,0.0,0.0,0.0,1.0,0.0,0.0,0.0
1420,1,0.013080915751221571,0.0009359748907663265,0.1476,-1.1,0.0,0.0,0.0,0.0,0.0,1.0,0.0,0.0,0.0
1421,1,0.01078605646108885,0.0003433772662130548,0.1162,0.6,0.0,0.0,0.0,1.0,0.0,0.0,0.0,0.0,0.0
1422,0,0.01000960849816669,0.0003433772662130548,0.11199999999999999,0.0,0.0,0.0,0.0,1.0,0.0,0.0,0.0,0.0,0.0
1423,1,0.012442224684946893,0.0003433772662130548,0.12300000000000001,0.1,0.0,0.0,0.0,1.0,0.0,0.0,0.0,0.0,0.0
1424,1,0.014374995689425171,0.0003433772662130548,0.0882,2.5,0.0,0.0,0.0,1.0,0.0,0.0,0.0,0.0,0.0
1425,1,0.014887908719630413,0.0003433772662130548,0.078,-0.5,0.0,0.0,0.0,1.0,0.0,0.0,0.0,0.0,0.0
1426,1,0.02488644584665679,0.0003433772662130548,0.2024,-0.8,0.0,0.0,0.0,1.0,0.0,0.0,0.0,0.0,0.0
1427,1,0.026985287418239738,0.0003433772662130548,0.12480000000000001,-0.3,0.0,0.0,0.0,1.0,0.0,0.0,0.0,0.0,0.0
1428,0,0.021878481356355492,0.0003433772662130548,0.1366,1.6,0.0,0.0,0.0,1.0,0.0,0.0,0.0,0.0,0.0
1429,0,0.0060852611736452,0.0003433772662130548,0.25,0.7,0.0,0.0,0.0,1.0,0.0,0.0,0.0,0.0,0.0
1430,1,0.01094051116339057,0.0003433772662130548,0.2836,-1.7,0.0,0.0,0.0,1.0,0.0,0.0,0.0,0.0,0.0
1431,0,0.008924977122191275,0.0003433772662130548,0.265,0.2,0.0,0.0,0.0,1.0,0.0,0.0,0.0,0.0,0.0
1432,0,0.006228281509031516,0.0003433772662130548,0.2122,0.6,0.0,0.0,0.0,1.0,0.0,0.0,0.0,0.0,0.0
1433,1,0.010141375964525148,0.0003433772662130548,0.09519999999999999,2.3,0.0,0.0,0.0,1.0,0.0,0.0,0.0,0.0,0.0
1434,0,0.006284545854170803,0.0003433772662130548,0.32299999999999995,0.5,0.0,0.0,0.0,1.0,0.0,0.0,0.0,0.0,0.0
1435,1,0.006791469454087024,0.0003433772662130548,0.1642,0.3,0.0,0.0,0.0,1.0,0.0,0.0,0.0,0.0,0.0
1436,0,0.006674221818732251,0.0003433772662130548,0.0922,1.3,0.0,0.0,0.0,1.0,0.0,0.0,0.0,0.0,0.0
1437,0,0.0063600489753899755,0.0003433772662130548,0.34119999999999995,-0.9,0.0,0.0,0.0,1.0,0.0,0.0,0.0,0.0,0.0
1438,1,0.007338322589263383,0.0003433772662130548,0.11720000000000001,-0.2,0.0,0.0,0.0,1.0,0.0,0.0,0.0,0.0,0.0
1439,1,0.008072481544387305,0.0003433772662130548,0.43439999999999995,2.2,0.0,0.0,0.0,1.0,0.0,0.0,0.0,0.0,0.0
1440,0,0.006833939959772808,0.0003433772662130548,0.2662,-1.5,0.0,0.0,0.0,1.0,0.0,0.0,0.0,0.0,0.0
1441,1,0.009531724560257844,0.0003433772662130548,0.1582,-1.7,0.0,0.0,0.0,1.0,0.0,0.0,0.0,0.0,0.0
1442,0,0.007525628409210945,0.0003433772662130548,0.059000000000000004,-0.6,0.0,0.0,0.0,1.0,0.0,0.0,0.0,0.0,0.0
1443,1,0.007698595896042366,0.0003433772662130548,0.1402,-0.1,0.0,0.0,0.0,1.0,0.0,0.0,0.0,0.0,0.0
1444,0,0.007445769338690667,0.0003433772662130548,0.2112,0.9,0.0,0.0,0.0,1.0,0.0,0.0,0.0,0.0,0.0
1445,0,0.0070464739860892755,0.0003433772662130548,0.20440000000000003,0.3,0.0,0.0,0.0,1.0,0.0,0.0,0.0,0.0,0.0
1446,1,0.008271584727025362,0.0003433772662130548,0.069,0.6,0.0,0.0,0.0,1.0,0.0,0.0,0.0,0.0,0.0
1447,0,0.00674573198642541,0.0003433772662130548,0.19079999999999997,-0.9,0.0,0.0,0.0,1.0,0.0,0.0,0.0,0.0,0.0
1448,0,0.006621042937681248,0.0003433772662130548,0.2758,0.6,0.0,0.0,0.0,1.0,0.0,0.0,0.0,0.0,0.0
1449,1,0.007333785142074731,0.0003433772662130548,0.2932,-1.6,0.0,0.0,0.0,1.0,0.0,0.0,0.0,0.0,0.0
1450,0,0.007060086327655232,0.0003433772662130548,0.2588,-0.9,0.0,0.0,0.0,1.0,0.0,0.0,0.0,0.0,0.0
1451,0,0.006364767920466174,0.0003433772662130548,0.1906,1.5,0.0,0.0,0.0,1.0,0.0,0.0,0.0,0.0,0.0
1452,0,0.005587775463881376,0.0003433772662130548,0.2554,-1.4,0.0,0.0,0.0,1.0,0.0,0.0,0.0,0.0,0.0
1453,0,0.005522073228589692,0.0003433772662130548,0.48,-0.8,0.0,0.0,0.0,1.0,0.0,0.0,0.0,0.0,0.0
1454,1,0.0060005016601611776,0.0003433772662130548,0.192,-0.6,0.0,0.0,0.0,1.0,0.0,0.0,0.0,0.0,0.0
1455,1,0.007538514759226718,0.0003433772662130548,0.303,-0.5,0.0,0.0,0.0,1.0,0.0,0.0,0.0,0.0,0.0
1456,0,0.006850637765427048,0.0003433772662130548,0.29100000000000004,0.5,0.0,0.0,0.0,1.0,0.0,0.0,0.0,0.0,0.0
1457,1,0.00842095748847579,0.0003433772662130548,0.385,2.2,0.0,0.0,0.0,1.0,0.0,0.0,0.0,0.0,0.0
1458,1,0.008433480842716471,0.0003433772662130548,0.40700000000000003,-0.7,0.0,0.0,0.0,1.0,0.0,0.0,0.0,0.0,0.0
1459,0,0.008060502683809263,0.0003433772662130548,0.34740000000000004,-1.1,0.0,0.0,0.0,1.0,0.0,0.0,0.0,0.0,0.0
1460,1,0.008993764821571241,0.0003433772662130548,0.41600000000000004,0.6,0.0,0.0,0.0,1.0,0.0,0.0,0.0,0.0,0.0
1461,0,0.004822217374211982,0.0003433772662130548,0.35340000000000005,0.1,0.0,0.0,0.0,1.0,0.0,0.0,0.0,0.0,0.0
1462,0,0.004689542418415792,0.0003433772662130548,0.33840000000000003,-1.2,0.0,0.0,0.0,1.0,0.0,0.0,0.0,0.0,0.0
1463,1,0.005395024707307431,0.0003433772662130548,0.061399999999999996,-1.2,0.0,0.0,0.0,1.0,0.0,0.0,0.0,0.0,0.0
1464,1,0.00676660424349321,0.0003433772662130548,0.38880000000000003,-0.8,0.0,0.0,0.0,1.0,0.0,0.0,0.0,0.0,0.0
1465,1,0.00709311894318862,0.0003433772662130548,0.4374,1.2,0.0,0.0,0.0,1.0,0.0,0.0,0.0,0.0,0.0
1466,0,0.00563768738295655,0.0003433772662130548,0.1974,-1.1,0.0,0.0,0.0,1.0,0.0,0.0,0.0,0.0,0.0
1467,1,0.005941151850933607,0.0007627696747340247,0.12240000000000001,0.6,0.0,0.0,0.0,0.0,0.0,0.0,1.0,0.0,0.0
1468,1,0.006609608570765845,0.0007627696747340247,0.1376,0.0,0.0,0.0,0.0,0.0,0.0,0.0,1.0,0.0,0.0
1469,1,0.0068791329337717835,0.0007627696747340247,0.15839999999999999,0.1,0.0,0.0,0.0,0.0,0.0,0.0,1.0,0.0,0.0
1470,0,0.006845555824575758,0.0007627696747340247,0.3452,2.5,0.0,0.0,0.0,0.0,0.0,0.0,1.0,0.0,0.0
1471,0,0.006354785536651139,0.0007627696747340247,0.2488,-0.5,0.0,0.0,0.0,0.0,0.0,0.0,1.0,0.0,0.0
1472,1,0.006486553003009598,0.0007627696747340247,0.207,-0.8,0.0,0.0,0.0,0.0,0.0,0.0,1.0,0.0,0.0
1473,1,0.008070303569736752,0.0007627696747340247,0.2116,-0.3,0.0,0.0,0.0,0.0,0.0,0.0,1.0,0.0,0.0
1474,0,0.008059232198596441,0.0007627696747340247,0.198,1.6,0.0,0.0,0.0,0.0,0.0,0.0,1.0,0.0,0.0
1475,1,0.008136550298691073,0.0007627696747340247,0.0864,0.7,0.0,0.0,0.0,0.0,0.0,0.0,1.0,0.0,0.0
1476,1,0.009471467261592542,0.0007627696747340247,0.2018,-1.7,0.0,0.0,0.0,0.0,0.0,0.0,1.0,0.0,0.0
1477,1,0.00949524348486108,0.0007627696747340247,0.1378,0.2,0.0,0.0,0.0,0.0,0.0,0.0,1.0,0.0,0.0
1478,1,0.009620658525155425,0.0007627696747340247,0.0834,0.6,0.0,0.0,0.0,0.0,0.0,0.0,1.0,0.0,0.0
1479,1,0.010397469483852678,0.0007627696747340247,0.2144,2.3,0.0,0.0,0.0,0.0,0.0,0.0,1.0,0.0,0.0
1480,1,0.011090428418503637,0.0007627696747340247,0.1864,0.5,0.0,0.0,0.0,0.0,0.0,0.0,1.0,0.0,0.0
1481,0,0.010834153401288562,0.0007627696747340247,0.0834,0.3,0.0,0.0,0.0,0.0,0.0,0.0,1.0,0.0,0.0
1482,1,0.011305866411020842,0.0007627696747340247,0.107,1.3,0.0,0.0,0.0,0.0,0.0,0.0,1.0,0.0,0.0
1483,0,0.010333219231661363,0.0007627696747340247,0.1882,-0.9,0.0,0.0,0.0,0.0,0.0,0.0,1.0,0.0,0.0
1484,1,0.0111871667925657,0.0007627696747340247,0.1804,-0.2,0.0,0.0,0.0,0.0,0.0,0.0,1.0,0.0,0.0
1485,0,0.009364202010052804,0.0007627696747340247,0.19940000000000002,2.2,0.0,0.0,0.0,0.0,0.0,0.0,1.0,0.0,0.0
1486,0,0.00935421962623777,0.0007627696747340247,0.1524,-1.5,0.0,0.0,0.0,0.0,0.0,0.0,1.0,0.0,0.0
1487,0,0.008384113417303937,0.0007627696747340247,0.195,-1.7,0.0,0.0,0.0,0.0,0.0,0.0,1.0,0.0,0.0
1488,1,0.008974526045491357,0.0007627696747340247,0.1244,-0.6,0.0,0.0,0.0,0.0,0.0,0.0,1.0,0.0,0.0
1489,0,0.008273581203788368,0.0007627696747340247,0.265,-0.1,0.0,0.0,0.0,0.0,0.0,0.0,1.0,0.0,0.0
1490,1,0.008688122378943631,0.0007627696747340247,0.491,0.9,0.0,0.0,0.0,0.0,0.0,0.0,1.0,0.0,0.0
1491,0,0.008230747702327493,0.0007627696747340247,0.057999999999999996,0.3,0.0,0.0,0.0,0.0,0.0,0.0,1.0,0.0,0.0
1492,0,0.007270442379321147,0.0007627696747340247,0.1444,0.6,0.0,0.0,0.0,0.0,0.0,0.0,1.0,0.0,0.0
1493,1,0.007352479424491978,0.0007627696747340247,0.0706,-0.9,0.0,0.0,0.0,0.0,0.0,0.0,1.0,0.0,0.0
1494,1,0.007566646931796361,0.0007627696747340247,0.2086,0.6,0.0,0.0,0.0,0.0,0.0,0.0,1.0,0.0,0.0
1495,0,0.007076058141759288,0.0007627696747340247,0.099,-1.6,0.0,0.0,0.0,0.0,0.0,0.0,1.0,0.0,0.0
1496,1,0.007807313130682472,0.0007627696747340247,0.0766,-0.9,0.0,0.0,0.0,0.0,0.0,0.0,1.0,0.0,0.0
1497,0,0.005926269024154828,0.0007627696747340247,0.0724,1.5,0.0,0.0,0.0,0.0,0.0,0.0,1.0,0.0,0.0
1498,0,0.004594982019004281,0.0007627696747340247,0.1866,-1.4,0.0,0.0,0.0,0.0,0.0,0.0,1.0,0.0,0.0
1499,1,0.005197555005657289,0.0007627696747340247,0.5770000000000001,-0.8,0.0,0.0,0.0,0.0,0.0,0.0,1.0,0.0,0.0
1500,0,0.005050178720969867,0.0007627696747340247,0.1202,-0.6,0.0,0.0,0.0,0.0,0.0,0.0,1.0,0.0,0.0
1501,1,0.0056509367287474145,0.0007627696747340247,0.35200000000000004,-0.5,0.0,0.0,0.0,0.0,0.0,0.0,1.0,0.0,0.0
1502,1,0.006627939857408,0.0007627696747340247,0.3858,0.5,0.0,0.0,0.0,0.0,0.0,0.0,1.0,0.0,0.0
1503,1,0.00753561079302598,0.0007627696747340247,0.3322,2.2,0.0,0.0,0.0,0.0,0.0,0.0,1.0,0.0,0.0
1504,1,0.014315101386534962,0.0007627696747340247,0.45439999999999997,-0.7,0.0,0.0,0.0,0.0,0.0,0.0,1.0,0.0,0.0
1505,1,0.01435793488799584,0.0007627696747340247,0.4104,-1.1,0.0,0.0,0.0,0.0,0.0,0.0,1.0,0.0,0.0
1506,0,0.01209030028099503,0.0007627696747340247,0.11,0.6,0.0,0.0,0.0,0.0,0.0,0.0,1.0,0.0,0.0
1507,0,0.0057435006513959184,0.0007627696747340247,0.40659999999999996,0.1,0.0,0.0,0.0,0.0,0.0,0.0,1.0,0.0,0.0
1508,1,0.008245086035443633,0.0007627696747340247,0.5376,-1.2,0.0,0.0,0.0,0.0,0.0,0.0,1.0,0.0,0.0
1509,0,0.007914759880109755,0.0007627696747340247,0.132,-1.2,0.0,0.0,0.0,0.0,0.0,0.0,1.0,0.0,0.0
1510,0,0.006166027733603209,0.0007627696747340247,0.13019999999999998,-0.8,0.0,0.0,0.0,0.0,0.0,0.0,1.0,0.0,0.0
1511,1,0.008599006916158503,0.0007627696747340247,0.41259999999999997,1.2,0.0,0.0,0.0,0.0,0.0,0.0,1.0,0.0,0.0
1512,0,0.006250424251312139,0.0007627696747340247,0.5256000000000001,-1.1,0.0,0.0,0.0,0.0,0.0,0.0,1.0,0.0,0.0
1513,1,0.0020531041039213343,3.277822153725453e-05,0.2168,0.3,1.0,0.0,0.0,0.0,0.0,0.0,0.0,0.0,0.0
1514,1,0.002097934082145218,3.277822153725453e-05,0.2868,0.6,1.0,0.0,0.0,0.0,0.0,0.0,0.0,0.0,0.0
1515,1,0.007828911379300457,3.277822153725453e-05,0.637,-0.9,1.0,0.0,0.0,0.0,0.0,0.0,0.0,0.0,0.0
1516,1,0.012525895211105639,3.277822153725453e-05,0.10679999999999999,0.6,1.0,0.0,0.0,0.0,0.0,0.0,0.0,0.0,0.0
1517,1,0.037208881925823264,3.277822153725453e-05,0.2352,-1.6,1.0,0.0,0.0,0.0,0.0,0.0,0.0,0.0,0.0
1518,1,0.05913927167801694,3.277822153725453e-05,0.1592,-0.9,1.0,0.0,0.0,0.0,0.0,0.0,0.0,0.0,0.0
1519,1,0.07427020606907156,3.277822153725453e-05,0.33880000000000005,1.5,1.0,0.0,0.0,0.0,0.0,0.0,0.0,0.0,0.0
1520,0,0.07299373142595994,3.277822153725453e-05,0.6314,-1.4,1.0,0.0,0.0,0.0,0.0,0.0,0.0,0.0,0.0
1521,0,0.0632064578400372,3.277822153725453e-05,0.47479999999999994,-0.8,1.0,0.0,0.0,0.0,0.0,0.0,0.0,0.0,0.0
1522,1,0.06453211841067381,3.277822153725453e-05,0.1646,-0.6,1.0,0.0,0.0,0.0,0.0,0.0,0.0,0.0,0.0
1523,1,0.12672672552764158,3.277822153725453e-05,0.1074,-0.5,1.0,0.0,0.0,0.0,0.0,0.0,0.0,0.0,0.0
1524,0,0.0796073329502518,3.277822153725453e-05,0.18,0.5,1.0,0.0,0.0,0.0,0.0,0.0,0.0,0.0,0.0
1525,1,0.09489780398445942,3.277822153725453e-05,0.3778,2.2,1.0,0.0,0.0,0.0,0.0,0.0,0.0,0.0,0.0
1526,1,0.11355469783687187,3.277822153725453e-05,0.299,-0.7,1.0,0.0,0.0,0.0,0.0,0.0,0.0,0.0,0.0
1527,0,0.10704709107890693,3.277822153725453e-05,0.3496,-1.1,1.0,0.0,0.0,0.0,0.0,0.0,0.0,0.0,0.0
1528,1,0.1072639810545245,3.277822153725453e-05,0.3968,0.6,1.0,0.0,0.0,0.0,0.0,0.0,0.0,0.0,0.0
1529,0,0.018678855096805527,3.277822153725453e-05,0.4376,0.1,1.0,0.0,0.0,0.0,0.0,0.0,0.0,0.0,0.0
1530,1,0.034712741478401934,3.277822153725453e-05,0.547,-1.2,1.0,0.0,0.0,0.0,0.0,0.0,0.0,0.0,0.0
1531,0,0.008048523823231221,3.277822153725453e-05,0.2064,-1.2,1.0,0.0,0.0,0.0,0.0,0.0,0.0,0.0,0.0
1532,0,0.007018523311407178,3.277822153725453e-05,0.6038,-0.8,1.0,0.0,0.0,0.0,0.0,0.0,0.0,0.0,0.0
1533,1,0.011449975733732435,3.277822153725453e-05,0.5454,1.2,1.0,0.0,0.0,0.0,0.0,0.0,0.0,0.0,0.0
1534,0,0.009474189729905734,3.277822153725453e-05,0.1524,-1.1,1.0,0.0,0.0,0.0,0.0,0.0,0.0,0.0,0.0
1535,1,0.007845972180729788,0.0010157814903886773,0.1334,0.6,0.0,0.0,0.0,0.0,0.0,0.0,0.0,1.0,0.0
1536,0,0.00751473853595818,0.0010157814903886773,0.12119999999999999,0.0,0.0,0.0,0.0,0.0,0.0,0.0,0.0,1.0,0.0
1537,0,0.00654626580801226,0.0010157814903886773,0.155,0.1,0.0,0.0,0.0,0.0,0.0,0.0,0.0,1.0,0.0
1538,1,0.0065812949003086554,0.0010157814903886773,0.1604,2.5,0.0,0.0,0.0,0.0,0.0,0.0,0.0,1.0,0.0
1539,1,0.008288827026342241,0.0010157814903886773,0.11699999999999999,-0.5,0.0,0.0,0.0,0.0,0.0,0.0,0.0,1.0,0.0
1540,1,0.008437473796242486,0.0010157814903886773,0.18960000000000002,-0.8,0.0,0.0,0.0,0.0,0.0,0.0,0.0,1.0,0.0
1541,1,0.008490834175181036,0.0010157814903886773,0.1784,-0.3,0.0,0.0,0.0,0.0,0.0,0.0,0.0,1.0,0.0
1542,1,0.00857595668444015,0.0010157814903886773,0.4286,1.6,0.0,0.0,0.0,0.0,0.0,0.0,0.0,1.0,0.0
1543,1,0.013498360892577572,0.0010157814903886773,0.19039999999999999,0.7,0.0,0.0,0.0,0.0,0.0,0.0,0.0,1.0,0.0
1544,1,0.01373448964427503,0.0010157814903886773,0.20679999999999998,-1.7,0.0,0.0,0.0,0.0,0.0,0.0,0.0,1.0,0.0
1545,0,0.013113222375204774,0.0010157814903886773,0.1452,0.2,0.0,0.0,0.0,0.0,0.0,0.0,0.0,1.0,0.0
1546,0,0.012268712704452832,0.0010157814903886773,0.12480000000000001,0.6,0.0,0.0,0.0,0.0,0.0,0.0,0.0,1.0,0.0
1547,0,0.009853883310652147,0.0010157814903886773,0.045,2.3,0.0,0.0,0.0,0.0,0.0,0.0,0.0,1.0,0.0
1548,1,0.011138888354478443,0.0010157814903886773,0.3618,0.5,0.0,0.0,0.0,0.0,0.0,0.0,0.0,1.0,0.0
1549,1,0.012707756094426818,0.0010157814903886773,0.1348,0.3,0.0,0.0,0.0,0.0,0.0,0.0,0.0,1.0,0.0
1550,1,0.013759354854868844,0.0010157814903886773,0.051399999999999994,1.3,0.0,0.0,0.0,0.0,0.0,0.0,0.0,1.0,0.0
1551,0,0.013021747439881548,0.0010157814903886773,0.3508,-0.9,0.0,0.0,0.0,0.0,0.0,0.0,0.0,1.0,0.0
1552,0,0.01265984065211465,0.0010157814903886773,0.07339999999999999,-0.2,0.0,0.0,0.0,0.0,0.0,0.0,0.0,1.0,0.0
1553,1,0.013653541586429476,0.0010157814903886773,0.5064,2.2,0.0,0.0,0.0,0.0,0.0,0.0,0.0,1.0,0.0
1554,0,0.013565878106744715,0.0010157814903886773,0.35259999999999997,-1.5,0.0,0.0,0.0,0.0,0.0,0.0,0.0,1.0,0.0
1555,1,0.016863694723457112,0.0010157814903886773,0.12960000000000002,-1.7,0.0,0.0,0.0,0.0,0.0,0.0,0.0,1.0,0.0
1556,0,0.01477900998710276,0.0010157814903886773,0.1882,-0.6,0.0,0.0,0.0,0.0,0.0,0.0,0.0,1.0,0.0
1557,0,0.012611562214027391,0.0010157814903886773,0.099,-0.1,0.0,0.0,0.0,0.0,0.0,0.0,0.0,1.0,0.0
1558,0,0.011486819804904291,0.0010157814903886773,0.051399999999999994,0.9,0.0,0.0,0.0,0.0,0.0,0.0,0.0,1.0,0.0
1559,0,0.011400789806207446,0.0010157814903886773,0.10039999999999999,0.3,0.0,0.0,0.0,0.0,0.0,0.0,0.0,1.0,0.0
1560,1,0.01140569024917119,0.0010157814903886773,0.1494,0.6,0.0,0.0,0.0,0.0,0.0,0.0,0.0,1.0,0.0
1561,0,0.00969979160412552,0.0010157814903886773,0.4224,-0.9,0.0,0.0,0.0,0.0,0.0,0.0,0.0,1.0,0.0
1562,1,0.012497218544873356,0.0010157814903886773,0.1396,0.6,0.0,0.0,0.0,0.0,0.0,0.0,0.0,1.0,0.0
1563,1,0.014033961158726073,0.0010157814903886773,0.2638,-1.6,0.0,0.0,0.0,0.0,0.0,0.0,0.0,1.0,0.0
1564,0,0.013798376900691254,0.0010157814903886773,0.1884,-0.9,0.0,0.0,0.0,0.0,0.0,0.0,0.0,1.0,0.0
1565,1,0.020690033188703716,0.0010157814903886773,0.4482,1.5,0.0,0.0,0.0,0.0,0.0,0.0,0.0,1.0,0.0
1566,0,0.017685154162490703,0.0010157814903886773,0.08439999999999999,-1.4,0.0,0.0,0.0,0.0,0.0,0.0,0.0,1.0,0.0
1567,0,0.016907617212243268,0.0010157814903886773,0.5226,-0.8,0.0,0.0,0.0,0.0,0.0,0.0,0.0,1.0,0.0
1568,0,0.0160803498408082,0.0010157814903886773,0.1226,-0.6,0.0,0.0,0.0,0.0,0.0,0.0,0.0,1.0,0.0
1569,1,0.01613098775143356,0.0010157814903886773,0.444,-0.5,0.0,0.0,0.0,0.0,0.0,0.0,0.0,1.0,0.0
1570,1,0.016652612680241013,0.0010157814903886773,0.2528,0.5,0.0,0.0,0.0,0.0,0.0,0.0,0.0,1.0,0.0
1571,1,0.01739875049594298,0.0010157814903886773,0.6198,2.2,0.0,0.0,0.0,0.0,0.0,0.0,0.0,1.0,0.0
1572,1,0.017433053596689188,0.0010157814903886773,0.345,-0.7,0.0,0.0,0.0,0.0,0.0,0.0,0.0,1.0,0.0
1573,0,0.01708566663992598,0.0010157814903886773,0.2648,-1.1,0.0,0.0,0.0,0.0,0.0,0.0,0.0,1.0,0.0
1574,1,0.017239576848565058,0.0010157814903886773,0.385,0.6,0.0,0.0,0.0,0.0,0.0,0.0,0.0,1.0,0.0
1575,0,0.012056178678136365,0.0010157814903886773,0.2716,0.1,0.0,0.0,0.0,0.0,0.0,0.0,0.0,1.0,0.0
1576,1,0.015192825170707839,0.0010157814903886773,0.4174,-1.2,0.0,0.0,0.0,0.0,0.0,0.0,0.0,1.0,0.0
1577,1,0.016898905313641053,0.0010157814903886773,0.0872,-1.2,0.0,0.0,0.0,0.0,0.0,0.0,0.0,1.0,0.0
1578,0,0.016024629989331553,0.0010157814903886773,0.36219999999999997,-0.8,0.0,0.0,0.0,0.0,0.0,0.0,0.0,1.0,0.0
1579,1,0.01614078863736105,0.0010157814903886773,0.5182,1.2,0.0,0.0,0.0,0.0,0.0,0.0,0.0,1.0,0.0
1580,0,0.01556053989087621,0.0010157814903886773,0.1204,-1.1,0.0,0.0,0.0,0.0,0.0,0.0,0.0,1.0,0.0
1581,0,0.002140404587831002,0.006225358299512223,0.493,-0.9,0.0,0.0,1.0,0.0,0.0,0.0,0.0,0.0,0.0
1582,1,0.002152746444184136,0.006225358299512223,0.2582,-0.2,0.0,0.0,1.0,0.0,0.0,0.0,0.0,0.0,0.0
1583,1,0.0024079324740739344,0.006225358299512223,0.4412,2.2,0.0,0.0,1.0,0.0,0.0,0.0,0.0,0.0,0.0
1584,0,0.0023721773902273553,0.006225358299512223,0.1164,-1.5,0.0,0.0,1.0,0.0,0.0,0.0,0.0,0.0,0.0
1585,1,0.002470004751614696,0.006225358299512223,0.0132,-1.7,0.0,0.0,1.0,0.0,0.0,0.0,0.0,0.0,0.0
1586,0,0.0022344204935798753,0.006225358299512223,0.1902,-0.6,0.0,0.0,1.0,0.0,0.0,0.0,0.0,0.0,0.0
1587,1,0.0024257192670534508,0.006225358299512223,0.13,-0.1,0.0,0.0,1.0,0.0,0.0,0.0,0.0,0.0,0.0
1588,1,0.002889627867621249,0.006225358299512223,0.31420000000000003,0.9,0.0,0.0,1.0,0.0,0.0,0.0,0.0,0.0,0.0
1589,1,0.00395683544639224,0.006225358299512223,0.1362,0.3,0.0,0.0,1.0,0.0,0.0,0.0,0.0,0.0,0.0
1590,1,0.0042731862643850685,0.006225358299512223,0.07780000000000001,0.6,0.0,0.0,1.0,0.0,0.0,0.0,0.0,0.0,0.0
1591,1,0.004696257840254997,0.006225358299512223,0.21960000000000002,-0.9,0.0,0.0,1.0,0.0,0.0,0.0,0.0,0.0,0.0
1592,0,0.004497336155504486,0.006225358299512223,0.1568,0.6,0.0,0.0,1.0,0.0,0.0,0.0,0.0,0.0,0.0
1593,0,0.0042040355692300095,0.006225358299512223,0.0292,-1.6,0.0,0.0,1.0,0.0,0.0,0.0,0.0,0.0,0.0
1594,1,0.004948176908168966,0.006225358299512223,0.04,-0.9,0.0,0.0,1.0,0.0,0.0,0.0,0.0,0.0,0.0
1595,1,0.0054077295594356575,0.006225358299512223,0.1528,1.5,0.0,0.0,1.0,0.0,0.0,0.0,0.0,0.0,0.0
1596,0,0.0038296054272224326,0.006225358299512223,0.1186,-1.4,0.0,0.0,1.0,0.0,0.0,0.0,0.0,0.0,0.0
1597,1,0.004344333436303135,0.006225358299512223,0.256,-0.8,0.0,0.0,1.0,0.0,0.0,0.0,0.0,0.0,0.0
1598,0,0.0038129076215681927,0.006225358299512223,0.0546,-0.6,0.0,0.0,1.0,0.0,0.0,0.0,0.0,0.0,0.0
1599,1,0.004080435507811124,0.006225358299512223,0.3104,-0.5,0.0,0.0,1.0,0.0,0.0,0.0,0.0,0.0,0.0
1600,1,0.004482090332950615,0.006225358299512223,0.7186,0.5,0.0,0.0,1.0,0.0,0.0,0.0,0.0,0.0,0.0
1601,1,0.0047156781142224284,0.006225358299512223,0.27940000000000004,2.2,0.0,0.0,1.0,0.0,0.0,0.0,0.0,0.0,0.0
1602,1,0.005648577256209315,0.006225358299512223,0.18,-0.7,0.0,0.0,1.0,0.0,0.0,0.0,0.0,0.0,0.0
1603,0,0.004805519568557742,0.006225358299512223,0.13720000000000002,-1.1,0.0,0.0,1.0,0.0,0.0,0.0,0.0,0.0,0.0
1604,0,0.004313841791195392,0.006225358299512223,0.0654,0.6,0.0,0.0,1.0,0.0,0.0,0.0,0.0,0.0,0.0
1605,0,0.002561479686937924,0.006225358299512223,0.22899999999999998,0.1,0.0,0.0,1.0,0.0,0.0,0.0,0.0,0.0,0.0
1606,0,0.0014948166018295714,0.006225358299512223,0.45380000000000004,-1.2,0.0,0.0,1.0,0.0,0.0,0.0,0.0,0.0,0.0
1607,1,0.004559589930932794,0.006225358299512223,0.1818,-1.2,0.0,0.0,1.0,0.0,0.0,0.0,0.0,0.0,0.0
1608,1,0.0060700153510913285,0.006225358299512223,0.15,-0.8,0.0,0.0,1.0,0.0,0.0,0.0,0.0,0.0,0.0
1609,1,0.00709729339460218,0.006225358299512223,0.33899999999999997,1.2,0.0,0.0,1.0,0.0,0.0,0.0,0.0,0.0,0.0
1610,0,0.006654983042652367,0.006225358299512223,0.42840000000000006,-1.1,0.0,0.0,1.0,0.0,0.0,0.0,0.0,0.0,0.0
1611,0,0.0024667377896388665,0.001123029656535888,0.12240000000000001,0.6,0.0,0.0,0.0,0.0,0.0,0.0,1.0,0.0,0.0
1612,1,0.0024734532114780716,0.001123029656535888,0.1376,0.0,0.0,0.0,0.0,0.0,0.0,0.0,1.0,0.0,0.0
1613,0,0.0024560294142736473,0.001123029656535888,0.15839999999999999,0.1,0.0,0.0,0.0,0.0,0.0,0.0,1.0,0.0,0.0
1614,1,0.0025113862699752037,0.001123029656535888,0.3452,2.5,0.0,0.0,0.0,0.0,0.0,0.0,1.0,0.0,0.0
1615,1,0.002599412745435056,0.001123029656535888,0.2488,-0.5,0.0,0.0,0.0,0.0,0.0,0.0,1.0,0.0,0.0
1616,1,0.002650050656060414,0.001123029656535888,0.207,-0.8,0.0,0.0,0.0,0.0,0.0,0.0,1.0,0.0,0.0
1617,1,0.0028282815816306713,0.001123029656535888,0.2116,-0.3,0.0,0.0,0.0,0.0,0.0,0.0,1.0,0.0,0.0
1618,1,0.0033720492527187476,0.001123029656535888,0.198,1.6,0.0,0.0,0.0,0.0,0.0,0.0,1.0,0.0,0.0
1619,1,0.004017274242945086,0.001123029656535888,0.0864,0.7,0.0,0.0,0.0,0.0,0.0,0.0,1.0,0.0,0.0
1620,1,0.004863780390460036,0.001123029656535888,0.2018,-1.7,0.0,0.0,0.0,0.0,0.0,0.0,1.0,0.0,0.0
1621,1,0.004947632414506327,0.001123029656535888,0.1378,0.2,0.0,0.0,0.0,0.0,0.0,0.0,1.0,0.0,0.0
1622,0,0.004874670263712801,0.001123029656535888,0.0834,0.6,0.0,0.0,0.0,0.0,0.0,0.0,1.0,0.0,0.0
1623,1,0.004927486148988712,0.001123029656535888,0.2144,2.3,0.0,0.0,0.0,0.0,0.0,0.0,1.0,0.0,0.0
1624,0,0.004652335351468844,0.001123029656535888,0.1864,0.5,0.0,0.0,0.0,0.0,0.0,0.0,1.0,0.0,0.0
1625,0,0.004495158180853933,0.001123029656535888,0.0834,0.3,0.0,0.0,0.0,0.0,0.0,0.0,1.0,0.0,0.0
1626,1,0.004904072921495267,0.001123029656535888,0.107,1.3,0.0,0.0,0.0,0.0,0.0,0.0,1.0,0.0,0.0
1627,1,0.004995910852593587,0.001123029656535888,0.1882,-0.9,0.0,0.0,0.0,0.0,0.0,0.0,1.0,0.0,0.0
1628,0,0.004440345818815015,0.001123029656535888,0.1804,-0.2,0.0,0.0,0.0,0.0,0.0,0.0,1.0,0.0,0.0
1629,0,0.004301318436954712,0.001123029656535888,0.19940000000000002,2.2,0.0,0.0,0.0,0.0,0.0,0.0,1.0,0.0,0.0
1630,1,0.008638028961980912,0.001123029656535888,0.1524,-1.5,0.0,0.0,0.0,0.0,0.0,0.0,1.0,0.0,0.0
1631,0,0.00785885853074556,0.001123029656535888,0.195,-1.7,0.0,0.0,0.0,0.0,0.0,0.0,1.0,0.0,0.0
1632,0,0.0067872950026734635,0.001123029656535888,0.1244,-0.6,0.0,0.0,0.0,0.0,0.0,0.0,1.0,0.0,0.0
1633,0,0.005611551687149914,0.001123029656535888,0.265,-0.1,0.0,0.0,0.0,0.0,0.0,0.0,1.0,0.0,0.0
1634,0,0.005397202681957985,0.001123029656535888,0.491,0.9,0.0,0.0,0.0,0.0,0.0,0.0,1.0,0.0,0.0
1635,0,0.004873944272162616,0.001123029656535888,0.057999999999999996,0.3,0.0,0.0,0.0,0.0,0.0,0.0,1.0,0.0,0.0
1636,0,0.004839096677753767,0.001123029656535888,0.1444,0.6,0.0,0.0,0.0,0.0,0.0,0.0,1.0,0.0,0.0
1637,0,0.004782106341064296,0.001123029656535888,0.0706,-0.9,0.0,0.0,0.0,0.0,0.0,0.0,1.0,0.0,0.0
1638,0,0.004766679020622879,0.001123029656535888,0.2086,0.6,0.0,0.0,0.0,0.0,0.0,0.0,1.0,0.0,0.0
1639,0,0.004612042820433613,0.001123029656535888,0.099,-1.6,0.0,0.0,0.0,0.0,0.0,0.0,1.0,0.0,0.0
1640,1,0.0050556236575962496,0.001123029656535888,0.0766,-0.9,0.0,0.0,0.0,0.0,0.0,0.0,1.0,0.0,0.0
1641,0,0.004970501148337135,0.001123029656535888,0.0724,1.5,0.0,0.0,0.0,0.0,0.0,0.0,1.0,0.0,0.0
1642,0,0.004693172376166714,0.001123029656535888,0.1866,-1.4,0.0,0.0,0.0,0.0,0.0,0.0,1.0,0.0,0.0
1643,1,0.00484780857635598,0.001123029656535888,0.5770000000000001,-0.8,0.0,0.0,0.0,0.0,0.0,0.0,1.0,0.0,0.0
1644,0,0.004530005775262782,0.001123029656535888,0.1202,-0.6,0.0,0.0,0.0,0.0,0.0,0.0,1.0,0.0,0.0
1645,1,0.0048655953693354966,0.001123029656535888,0.35200000000000004,-0.5,0.0,0.0,0.0,0.0,0.0,0.0,1.0,0.0,0.0
1646,1,0.006373661316955932,0.001123029656535888,0.3858,0.5,0.0,0.0,0.0,0.0,0.0,0.0,1.0,0.0,0.0
1647,1,0.007779362456000374,0.001123029656535888,0.3322,2.2,0.0,0.0,0.0,0.0,0.0,0.0,1.0,0.0,0.0
1648,0,0.007254470565217092,0.001123029656535888,0.45439999999999997,-0.7,0.0,0.0,0.0,0.0,0.0,0.0,1.0,0.0,0.0
1649,1,0.007364095289294928,0.001123029656535888,0.4104,-1.1,0.0,0.0,0.0,0.0,0.0,0.0,1.0,0.0,0.0
1650,0,0.006424843721243929,0.001123029656535888,0.11,0.6,0.0,0.0,0.0,0.0,0.0,0.0,1.0,0.0,0.0
1651,0,0.0036038220551151004,0.001123029656535888,0.40659999999999996,0.1,0.0,0.0,0.0,0.0,0.0,0.0,1.0,0.0,0.0
1652,1,0.00484780857635598,0.001123029656535888,0.5376,-1.2,0.0,0.0,0.0,0.0,0.0,0.0,1.0,0.0,0.0
1653,1,0.005162888909135986,0.001123029656535888,0.132,-1.2,0.0,0.0,0.0,0.0,0.0,0.0,1.0,0.0,0.0
1654,1,0.006394352076136186,0.001123029656535888,0.13019999999999998,-0.8,0.0,0.0,0.0,0.0,0.0,0.0,1.0,0.0,0.0
1655,0,0.0057119200189628995,0.001123029656535888,0.41259999999999997,1.2,0.0,0.0,0.0,0.0,0.0,0.0,1.0,0.0,0.0
1656,0,0.004830747774926648,0.001123029656535888,0.5256000000000001,-1.1,0.0,0.0,0.0,0.0,0.0,0.0,1.0,0.0,0.0
1657,1,0.016370746460881942,0.0018220599262291145,0.09300000000000001,0.6,0.0,1.0,0.0,0.0,0.0,0.0,0.0,0.0,0.0
1658,1,0.019138589245959767,0.0018220599262291145,0.29960000000000003,0.0,0.0,1.0,0.0,0.0,0.0,0.0,0.0,0.0,0.0
1659,0,0.015866000835616276,0.0018220599262291145,0.247,0.1,0.0,1.0,0.0,0.0,0.0,0.0,0.0,0.0,0.0
1660,1,0.016228089121270717,0.0018220599262291145,0.12480000000000001,2.5,0.0,1.0,0.0,0.0,0.0,0.0,0.0,0.0,0.0
1661,1,0.01843619242115641,0.0018220599262291145,0.14279999999999998,-0.5,0.0,1.0,0.0,0.0,0.0,0.0,0.0,0.0,0.0
1662,1,0.023349703232804074,0.0018220599262291145,0.17980000000000002,-0.8,0.0,1.0,0.0,0.0,0.0,0.0,0.0,0.0,0.0
1663,1,0.024459925810923485,0.0018220599262291145,0.1324,-0.3,0.0,1.0,0.0,0.0,0.0,0.0,0.0,0.0,0.0
1664,1,0.025727144061770266,0.0018220599262291145,0.34979999999999994,1.6,0.0,1.0,0.0,0.0,0.0,0.0,0.0,0.0,0.0
1665,0,0.022983984989398708,0.0018220599262291145,0.3432,0.7,0.0,1.0,0.0,0.0,0.0,0.0,0.0,0.0,0.0
1666,1,0.023767148374160073,0.0018220599262291145,0.1446,-1.7,0.0,1.0,0.0,0.0,0.0,0.0,0.0,0.0,0.0
1667,1,0.024922563926278462,0.0018220599262291145,0.187,0.2,0.0,1.0,0.0,0.0,0.0,0.0,0.0,0.0,0.0
1668,1,0.027647391712007863,0.0018220599262291145,0.1018,0.6,0.0,1.0,0.0,0.0,0.0,0.0,0.0,0.0,0.0
1669,1,0.028092606030158417,0.0018220599262291145,0.0674,2.3,0.0,1.0,0.0,0.0,0.0,0.0,0.0,0.0,0.0
1670,0,0.02400799607093373,0.0018220599262291145,0.36219999999999997,0.5,0.0,1.0,0.0,0.0,0.0,0.0,0.0,0.0,0.0
1671,1,0.026929204570987998,0.0018220599262291145,0.11699999999999999,0.3,0.0,1.0,0.0,0.0,0.0,0.0,0.0,0.0,0.0
1672,1,0.02807554522872908,0.0018220599262291145,0.193,1.3,0.0,1.0,0.0,0.0,0.0,0.0,0.0,0.0,0.0
1673,0,0.026250765467340724,0.0018220599262291145,0.3454,-0.9,0.0,1.0,0.0,0.0,0.0,0.0,0.0,0.0,0.0
1674,0,0.02416009130069735,0.0018220599262291145,0.11939999999999999,-0.2,0.0,1.0,0.0,0.0,0.0,0.0,0.0,0.0,0.0
1675,0,0.02378675014601505,0.0018220599262291145,0.3398,2.2,0.0,1.0,0.0,0.0,0.0,0.0,0.0,0.0,0.0
1676,1,0.024472086169389073,0.0018220599262291145,0.316,-1.5,0.0,1.0,0.0,0.0,0.0,0.0,0.0,0.0,0.0
1677,0,0.02340596757794336,0.0018220599262291145,0.08439999999999999,-1.7,0.0,1.0,0.0,0.0,0.0,0.0,0.0,0.0,0.0
1678,0,0.022747130246151066,0.0018220599262291145,0.24420000000000003,-0.6,0.0,1.0,0.0,0.0,0.0,0.0,0.0,0.0,0.0
1679,1,0.023815245314359787,0.0018220599262291145,0.128,-0.1,0.0,1.0,0.0,0.0,0.0,0.0,0.0,0.0,0.0
1680,0,0.02293461756398617,0.0018220599262291145,0.1298,0.9,0.0,1.0,0.0,0.0,0.0,0.0,0.0,0.0,0.0
1681,0,0.01977383185237107,0.0018220599262291145,0.1152,0.3,0.0,1.0,0.0,0.0,0.0,0.0,0.0,0.0,0.0
1682,0,0.018570500857940514,0.0018220599262291145,0.195,0.6,0.0,1.0,0.0,0.0,0.0,0.0,0.0,0.0,0.0
1683,0,0.017676986757551128,0.0018220599262291145,0.36939999999999995,-0.9,0.0,1.0,0.0,0.0,0.0,0.0,0.0,0.0,0.0
1684,1,0.019115539014241414,0.0018220599262291145,0.3518,0.6,0.0,1.0,0.0,0.0,0.0,0.0,0.0,0.0,0.0
1685,0,0.018237089238518352,0.0018220599262291145,0.109,-1.6,0.0,1.0,0.0,0.0,0.0,0.0,0.0,0.0,0.0
1686,1,0.023521218736535125,0.0018220599262291145,0.1474,-0.9,0.0,1.0,0.0,0.0,0.0,0.0,0.0,0.0,0.0
1687,0,0.018778134441293236,0.0018220599262291145,0.2696,1.5,0.0,1.0,0.0,0.0,0.0,0.0,0.0,0.0,0.0
1688,0,0.014001836032630416,0.0018220599262291145,0.1832,-1.4,0.0,1.0,0.0,0.0,0.0,0.0,0.0,0.0,0.0
1689,1,0.019837719108787292,0.0018220599262291145,0.49,-0.8,0.0,1.0,0.0,0.0,0.0,0.0,0.0,0.0,0.0
1690,0,0.01783380093239095,0.0018220599262291145,0.1804,-0.6,0.0,1.0,0.0,0.0,0.0,0.0,0.0,0.0,0.0
1691,1,0.01893894156965907,0.0018220599262291145,0.12960000000000002,-0.5,0.0,1.0,0.0,0.0,0.0,0.0,0.0,0.0,0.0
1692,1,0.02113434001741654,0.0018220599262291145,0.41600000000000004,0.5,0.0,1.0,0.0,0.0,0.0,0.0,0.0,0.0,0.0
1693,1,0.024915122512889073,0.0018220599262291145,0.445,2.2,0.0,1.0,0.0,0.0,0.0,0.0,0.0,0.0,0.0
1694,1,0.026233160172248755,0.0018220599262291145,0.1528,-0.7,0.0,1.0,0.0,0.0,0.0,0.0,0.0,0.0,0.0
1695,0,0.025837313279510738,0.0018220599262291145,0.1646,-1.1,0.0,1.0,0.0,0.0,0.0,0.0,0.0,0.0,0.0
1696,0,0.02241299263517872,0.0018220599262291145,0.4546,0.6,0.0,1.0,0.0,0.0,0.0,0.0,0.0,0.0,0.0
1697,0,0.0065117812093785045,0.0018220599262291145,0.1184,0.1,0.0,1.0,0.0,0.0,0.0,0.0,0.0,0.0,0.0
1698,1,0.019639704913474512,0.0018220599262291145,0.3624,-1.2,0.0,1.0,0.0,0.0,0.0,0.0,0.0,0.0,0.0
1699,1,0.021660502393412644,0.0018220599262291145,0.16899999999999998,-1.2,0.0,1.0,0.0,0.0,0.0,0.0,0.0,0.0,0.0
1700,1,0.022058527260801212,0.0018220599262291145,0.2036,-0.8,0.0,1.0,0.0,0.0,0.0,0.0,0.0,0.0,0.0
1701,1,0.026377450992847894,0.0018220599262291145,0.4428,1.2,0.0,1.0,0.0,0.0,0.0,0.0,0.0,0.0,0.0
1702,0,0.02006513596188254,0.0018220599262291145,0.3396,-1.1,0.0,1.0,0.0,0.0,0.0,0.0,0.0,0.0,0.0
1703,1,0.01836159678937497,0.020119318163202324,0.13140000000000002,0.6,0.0,0.0,1.0,0.0,0.0,0.0,0.0,0.0,0.0
1704,1,0.020220679651509536,0.020119318163202324,0.254,0.0,0.0,0.0,1.0,0.0,0.0,0.0,0.0,0.0,0.0
1705,0,0.019261100320053376,0.020119318163202324,0.3642,0.1,0.0,0.0,1.0,0.0,0.0,0.0,0.0,0.0,0.0
1706,1,0.01990922927648045,0.020119318163202324,0.3654,2.5,0.0,0.0,1.0,0.0,0.0,0.0,0.0,0.0,0.0
1707,0,0.018473399488103358,0.020119318163202324,0.46740000000000004,-0.5,0.0,0.0,1.0,0.0,0.0,0.0,0.0,0.0,0.0
1708,0,0.01843401444650586,0.020119318163202324,0.37920000000000004,-0.8,0.0,0.0,1.0,0.0,0.0,0.0,0.0,0.0,0.0
1709,1,0.01875381372436206,0.020119318163202324,0.0274,-0.3,0.0,0.0,1.0,0.0,0.0,0.0,0.0,0.0,0.0
1710,1,0.02129805111198311,0.020119318163202324,0.2726,1.6,0.0,0.0,1.0,0.0,0.0,0.0,0.0,0.0,0.0
1711,1,0.02303716387044971,0.020119318163202324,0.1042,0.7,0.0,0.0,1.0,0.0,0.0,0.0,0.0,0.0,0.0
1712,1,0.02444958043133336,0.020119318163202324,0.0018,-1.7,0.0,0.0,1.0,0.0,0.0,0.0,0.0,0.0,0.0
1713,0,0.01786574456059906,0.020119318163202324,0.1666,0.2,0.0,0.0,1.0,0.0,0.0,0.0,0.0,0.0,0.0
1714,1,0.018865071929427813,0.020119318163202324,0.0684,0.6,0.0,0.0,1.0,0.0,0.0,0.0,0.0,0.0,0.0
1715,1,0.020262968659307774,0.020119318163202324,0.3826,2.3,0.0,0.0,1.0,0.0,0.0,0.0,0.0,0.0,0.0
1716,1,0.023930496472951552,0.020119318163202324,0.1592,0.5,0.0,0.0,1.0,0.0,0.0,0.0,0.0,0.0,0.0
1717,0,0.020859007722009125,0.020119318163202324,0.14,0.3,0.0,0.0,1.0,0.0,0.0,0.0,0.0,0.0,0.0
1718,1,0.02323753753830059,0.020119318163202324,0.32520000000000004,1.3,0.0,0.0,1.0,0.0,0.0,0.0,0.0,0.0,0.0
1719,0,0.021880659331006046,0.020119318163202324,0.493,-0.9,0.0,0.0,1.0,0.0,0.0,0.0,0.0,0.0,0.0
1720,0,0.020519606672297942,0.020119318163202324,0.2582,-0.2,0.0,0.0,1.0,0.0,0.0,0.0,0.0,0.0,0.0
1721,0,0.018146703290520403,0.020119318163202324,0.4412,2.2,0.0,0.0,1.0,0.0,0.0,0.0,0.0,0.0,0.0
1722,0,0.018018021288250224,0.020119318163202324,0.1164,-1.5,0.0,0.0,1.0,0.0,0.0,0.0,0.0,0.0,0.0
1723,1,0.01824453065190774,0.020119318163202324,0.0132,-1.7,0.0,0.0,1.0,0.0,0.0,0.0,0.0,0.0,0.0
1724,0,0.017875545446526548,0.020119318163202324,0.1902,-0.6,0.0,0.0,1.0,0.0,0.0,0.0,0.0,0.0,0.0
1725,1,0.02076190635217197,0.020119318163202324,0.13,-0.1,0.0,0.0,1.0,0.0,0.0,0.0,0.0,0.0,0.0
1726,0,0.019634622972623222,0.020119318163202324,0.31420000000000003,0.9,0.0,0.0,1.0,0.0,0.0,0.0,0.0,0.0,0.0
1727,1,0.021346511047957914,0.020119318163202324,0.1362,0.3,0.0,0.0,1.0,0.0,0.0,0.0,0.0,0.0,0.0
1728,1,0.022675801576345453,0.020119318163202324,0.07780000000000001,0.6,0.0,0.0,1.0,0.0,0.0,0.0,0.0,0.0,0.0
1729,0,0.021717311232214567,0.020119318163202324,0.21960000000000002,-0.9,0.0,0.0,1.0,0.0,0.0,0.0,0.0,0.0,0.0
1730,1,0.022633512568547214,0.020119318163202324,0.1568,0.6,0.0,0.0,1.0,0.0,0.0,0.0,0.0,0.0,0.0
1731,0,0.020432669184163366,0.020119318163202324,0.0292,-1.6,0.0,0.0,1.0,0.0,0.0,0.0,0.0,0.0,0.0
1732,1,0.02376261092697142,0.020119318163202324,0.04,-0.9,0.0,0.0,1.0,0.0,0.0,0.0,0.0,0.0,0.0
1733,1,0.024529620999741184,0.020119318163202324,0.1528,1.5,0.0,0.0,1.0,0.0,0.0,0.0,0.0,0.0,0.0
1734,1,0.026862050352595947,0.020119318163202324,0.1186,-1.4,0.0,0.0,1.0,0.0,0.0,0.0,0.0,0.0,0.0
1735,1,0.02688927503572786,0.020119318163202324,0.256,-0.8,0.0,0.0,1.0,0.0,0.0,0.0,0.0,0.0,0.0
1736,1,0.028365397355140185,0.020119318163202324,0.0546,-0.6,0.0,0.0,1.0,0.0,0.0,0.0,0.0,0.0,0.0
1737,1,0.03329034253370325,0.020119318163202324,0.3104,-0.5,0.0,0.0,1.0,0.0,0.0,0.0,0.0,0.0,0.0
1738,1,0.035623860873883285,0.020119318163202324,0.7186,0.5,0.0,0.0,1.0,0.0,0.0,0.0,0.0,0.0,0.0
1739,1,0.03813452115230831,0.020119318163202324,0.27940000000000004,2.2,0.0,0.0,1.0,0.0,0.0,0.0,0.0,0.0,0.0
1740,1,0.03894164225822576,0.020119318163202324,0.18,-0.7,0.0,0.0,1.0,0.0,0.0,0.0,0.0,0.0,0.0
1741,0,0.03713827924756784,0.020119318163202324,0.13720000000000002,-1.1,0.0,0.0,1.0,0.0,0.0,0.0,0.0,0.0,0.0
1742,0,0.0357716001543458,0.020119318163202324,0.0654,0.6,0.0,0.0,1.0,0.0,0.0,0.0,0.0,0.0,0.0
1743,0,0.016075449397844457,0.020119318163202324,0.22899999999999998,0.1,0.0,0.0,1.0,0.0,0.0,0.0,0.0,0.0,0.0
1744,1,0.026911780773783575,0.020119318163202324,0.45380000000000004,-1.2,0.0,0.0,1.0,0.0,0.0,0.0,0.0,0.0,0.0
1745,1,0.029983632520501093,0.020119318163202324,0.1818,-1.2,0.0,0.0,1.0,0.0,0.0,0.0,0.0,0.0,0.0
1746,1,0.030676046961489414,0.020119318163202324,0.15,-0.8,0.0,0.0,1.0,0.0,0.0,0.0,0.0,0.0,0.0
1747,0,0.022238754663134477,0.020119318163202324,0.33899999999999997,1.2,0.0,0.0,1.0,0.0,0.0,0.0,0.0,0.0,0.0
1748,1,0.02379782151715536,0.020119318163202324,0.42840000000000006,-1.1,0.0,0.0,1.0,0.0,0.0,0.0,0.0,0.0,0.0
1749,0,0.007166444089757239,0.12528158187725755,0.547,-1.2,1.0,0.0,0.0,0.0,0.0,0.0,0.0,0.0,0.0
1750,1,0.007846335176504881,0.12528158187725755,0.2064,-1.2,1.0,0.0,0.0,0.0,0.0,0.0,0.0,0.0,0.0
1751,0,0.00697950126558477,0.12528158187725755,0.6038,-0.8,1.0,0.0,0.0,0.0,0.0,0.0,0.0,0.0,0.0
1752,0,0.0063838251986585125,0.12528158187725755,0.5454,1.2,1.0,0.0,0.0,0.0,0.0,0.0,0.0,0.0,0.0
1753,0,0.006140981025121848,0.12528158187725755,0.1524,-1.1,1.0,0.0,0.0,0.0,0.0,0.0,0.0,0.0,0.0
1754,0,0.01597054361884282,0.06680464805196569,0.1016,0.6,0.0,0.0,0.0,0.0,0.0,0.0,0.0,0.0,1.0
1755,0,0.015797213136236308,0.06680464805196569,0.1656,0.0,0.0,0.0,0.0,0.0,0.0,0.0,0.0,0.0,1.0
1756,0,0.01410329335176868,0.06680464805196569,0.4886,0.1,0.0,0.0,0.0,0.0,0.0,0.0,0.0,0.0,1.0
1757,0,0.012475620296255372,0.06680464805196569,0.5682,2.5,0.0,0.0,0.0,0.0,0.0,0.0,0.0,0.0,1.0
1758,0,0.011908257899786305,0.06680464805196569,0.1202,-0.5,0.0,0.0,0.0,0.0,0.0,0.0,0.0,0.0,1.0
1759,1,0.012387956816570612,0.06680464805196569,0.044199999999999996,-0.8,0.0,0.0,0.0,0.0,0.0,0.0,0.0,0.0,1.0
1760,1,0.013986408712189,0.06680464805196569,0.139,-0.3,0.0,0.0,0.0,0.0,0.0,0.0,0.0,0.0,1.0
1761,0,0.013621053464558726,0.06680464805196569,0.027999999999999997,1.6,0.0,0.0,0.0,0.0,0.0,0.0,0.0,0.0,1.0
1762,1,0.014076068668636766,0.06680464805196569,0.008199999999999999,0.7,0.0,0.0,0.0,0.0,0.0,0.0,0.0,0.0,1.0
1763,0,0.013951924113555243,0.06680464805196569,0.0154,-1.7,0.0,0.0,0.0,0.0,0.0,0.0,0.0,0.0,1.0
1764,0,0.013171301699219522,0.06680464805196569,0.1656,0.2,0.0,0.0,0.0,0.0,0.0,0.0,0.0,0.0,1.0
1765,1,0.013821064136634514,0.06680464805196569,0.0,0.6,0.0,0.0,0.0,0.0,0.0,0.0,0.0,0.0,1.0
1766,1,0.029789611278714326,0.06680464805196569,0.1998,2.3,0.0,0.0,0.0,0.0,0.0,0.0,0.0,0.0,1.0
1767,1,0.03246325666015573,0.06680464805196569,0.0814,0.5,0.0,0.0,0.0,0.0,0.0,0.0,0.0,0.0,1.0
1768,0,0.020391106167915313,0.06680464805196569,0.001,0.3,0.0,0.0,0.0,0.0,0.0,0.0,0.0,0.0,1.0
1769,1,0.022053263822062377,0.06680464805196569,0.3274,1.3,0.0,0.0,0.0,0.0,0.0,0.0,0.0,0.0,1.0
1770,0,0.019655858225466113,0.06680464805196569,0.6344,-0.9,0.0,0.0,0.0,0.0,0.0,0.0,0.0,0.0,1.0
1771,1,0.02027930346918692,0.06680464805196569,0.295,-0.2,0.0,0.0,0.0,0.0,0.0,0.0,0.0,0.0,1.0
1772,1,0.021004206032045992,0.06680464805196569,0.4722,2.2,0.0,0.0,0.0,0.0,0.0,0.0,0.0,0.0,1.0
1773,1,0.02453488443848002,0.06680464805196569,0.0006,-1.5,0.0,0.0,0.0,0.0,0.0,0.0,0.0,0.0,1.0
1774,0,0.02075192396835693,0.06680464805196569,0.045599999999999995,-1.7,0.0,0.0,0.0,0.0,0.0,0.0,0.0,0.0,1.0
1775,0,0.020669342429523462,0.06680464805196569,0.0748,-0.6,0.0,0.0,0.0,0.0,0.0,0.0,0.0,0.0,1.0
1776,1,0.021134521515304084,0.06680464805196569,0.16879999999999998,-0.1,0.0,0.0,0.0,0.0,0.0,0.0,0.0,0.0,1.0
1777,1,0.02169172003007057,0.06680464805196569,0.2738,0.9,0.0,0.0,0.0,0.0,0.0,0.0,0.0,0.0,1.0
1778,0,0.019409384094178528,0.06680464805196569,0.1116,0.3,0.0,0.0,0.0,0.0,0.0,0.0,0.0,0.0,1.0
1779,1,0.019506485464015684,0.06680464805196569,0.3014,0.6,0.0,0.0,0.0,0.0,0.0,0.0,0.0,0.0,1.0
1780,0,0.018964714269690614,0.06680464805196569,0.1636,-0.9,0.0,0.0,0.0,0.0,0.0,0.0,0.0,0.0,1.0
1781,0,0.01862694670096735,0.06680464805196569,0.2982,0.6,0.0,0.0,0.0,0.0,0.0,0.0,0.0,0.0,1.0
1782,1,0.021793540344983924,0.06680464805196569,0.16760000000000003,-1.6,0.0,0.0,0.0,0.0,0.0,0.0,0.0,0.0,1.0
1783,1,0.023529204643587154,0.06680464805196569,0.005600000000000001,-0.9,0.0,0.0,0.0,0.0,0.0,0.0,0.0,0.0,1.0
1784,1,0.023733571264964046,0.06680464805196569,0.17579999999999998,1.5,0.0,0.0,0.0,0.0,0.0,0.0,0.0,0.0,1.0
1785,0,0.02252624731700748,0.06680464805196569,0.0572,-1.4,0.0,0.0,0.0,0.0,0.0,0.0,0.0,0.0,1.0
1786,1,0.03292898023959899,0.06680464805196569,0.37799999999999995,-0.8,0.0,0.0,0.0,0.0,0.0,0.0,0.0,0.0,1.0
1787,0,0.019128969857919825,0.06680464805196569,0.3486,-0.6,0.0,0.0,0.0,0.0,0.0,0.0,0.0,0.0,1.0
1788,1,0.025137275927245482,0.06680464805196569,0.6265999999999999,-0.5,0.0,0.0,0.0,0.0,0.0,0.0,0.0,0.0,1.0
1789,0,0.019726460903721543,0.06680464805196569,0.6437999999999999,0.5,0.0,0.0,0.0,0.0,0.0,0.0,0.0,0.0,1.0
1790,1,0.023177098741747743,0.06680464805196569,0.33020000000000005,2.2,0.0,0.0,0.0,0.0,0.0,0.0,0.0,0.0,1.0
1791,1,0.024554123214559905,0.06680464805196569,0.5094,-0.7,0.0,0.0,0.0,0.0,0.0,0.0,0.0,0.0,1.0
1792,0,0.023190166589651062,0.06680464805196569,0.252,-1.1,0.0,0.0,0.0,0.0,0.0,0.0,0.0,0.0,1.0
1793,0,0.019897613411677503,0.06680464805196569,0.15539999999999998,0.6,0.0,0.0,0.0,0.0,0.0,0.0,0.0,0.0,1.0
1794,1,0.02019309197260253,0.06680464805196569,0.42200000000000004,0.1,0.0,0.0,0.0,0.0,0.0,0.0,0.0,0.0,1.0
1795,0,0.018865979418865544,0.06680464805196569,0.7173999999999999,-1.2,0.0,0.0,0.0,0.0,0.0,0.0,0.0,0.0,1.0
1796,1,0.02377059683402345,0.06680464805196569,0.4266,-1.2,0.0,0.0,0.0,0.0,0.0,0.0,0.0,0.0,1.0
1797,1,0.02471347835982537,0.06680464805196569,0.1744,-0.8,0.0,0.0,0.0,0.0,0.0,0.0,0.0,0.0,1.0
1798,0,0.023152415029041477,0.06680464805196569,0.332,1.2,0.0,0.0,0.0,0.0,0.0,0.0,0.0,0.0,1.0
1799,1,0.026073805026983293,0.06680464805196569,0.501,-1.1,0.0,0.0,0.0,0.0,0.0,0.0,0.0,0.0,1.0
1800,0,0.033270559263960726,0.0010950014871812476,0.09300000000000001,0.6,0.0,1.0,0.0,0.0,0.0,0.0,0.0,0.0,0.0
1801,1,0.0459175135660596,0.0010950014871812476,0.29960000000000003,0.0,0.0,1.0,0.0,0.0,0.0,0.0,0.0,0.0,0.0
1802,0,0.037313243211162264,0.0010950014871812476,0.247,0.1,0.0,1.0,0.0,0.0,0.0,0.0,0.0,0.0,0.0
1803,1,0.04018326930692854,0.0010950014871812476,0.12480000000000001,2.5,0.0,1.0,0.0,0.0,0.0,0.0,0.0,0.0,0.0
1804,1,0.04495611925572798,0.0010950014871812476,0.14279999999999998,-0.5,0.0,1.0,0.0,0.0,0.0,0.0,0.0,0.0,0.0
1805,1,0.04749545620038528,0.0010950014871812476,0.17980000000000002,-0.8,0.0,1.0,0.0,0.0,0.0,0.0,0.0,0.0,0.0
1806,1,0.04999359312456962,0.0010950014871812476,0.1324,-0.3,0.0,1.0,0.0,0.0,0.0,0.0,0.0,0.0,0.0
1807,0,0.04810528910254014,0.0010950014871812476,0.34979999999999994,1.6,0.0,1.0,0.0,0.0,0.0,0.0,0.0,0.0,0.0
1808,0,0.041110542014401494,0.0010950014871812476,0.3432,0.7,0.0,1.0,0.0,0.0,0.0,0.0,0.0,0.0,0.0
1809,0,0.040881854676093426,0.0010950014871812476,0.1446,-1.7,0.0,1.0,0.0,0.0,0.0,0.0,0.0,0.0,0.0
1810,1,0.04190622875340354,0.0010950014871812476,0.187,0.2,0.0,1.0,0.0,0.0,0.0,0.0,0.0,0.0,0.0
1811,1,0.05305219552549628,0.0010950014871812476,0.1018,0.6,0.0,1.0,0.0,0.0,0.0,0.0,0.0,0.0,0.0
1812,1,0.05954818641865827,0.0010950014871812476,0.0674,2.3,0.0,1.0,0.0,0.0,0.0,0.0,0.0,0.0,0.0
1813,1,0.060861686630829304,0.0010950014871812476,0.36219999999999997,0.5,0.0,1.0,0.0,0.0,0.0,0.0,0.0,0.0,0.0
1814,1,0.07253436027258078,0.0010950014871812476,0.11699999999999999,0.3,0.0,1.0,0.0,0.0,0.0,0.0,0.0,0.0,0.0
1815,1,0.07432701490787348,0.0010950014871812476,0.193,1.3,0.0,1.0,0.0,0.0,0.0,0.0,0.0,0.0,0.0
1816,0,0.06603637290265578,0.0010950014871812476,0.3454,-0.9,0.0,1.0,0.0,0.0,0.0,0.0,0.0,0.0,0.0
1817,0,0.06501472129365886,0.0010950014871812476,0.11939999999999999,-0.2,0.0,1.0,0.0,0.0,0.0,0.0,0.0,0.0,0.0
1818,1,0.06656235378076435,0.0010950014871812476,0.3398,2.2,0.0,1.0,0.0,0.0,0.0,0.0,0.0,0.0,0.0
1819,1,0.07152795448613773,0.0010950014871812476,0.316,-1.5,0.0,1.0,0.0,0.0,0.0,0.0,0.0,0.0,0.0
1820,0,0.059954015695211325,0.0010950014871812476,0.08439999999999999,-1.7,0.0,1.0,0.0,0.0,0.0,0.0,0.0,0.0,0.0
1821,1,0.06072320374263164,0.0010950014871812476,0.24420000000000003,-0.6,0.0,1.0,0.0,0.0,0.0,0.0,0.0,0.0,0.0
1822,1,0.07731719260519526,0.0010950014871812476,0.128,-0.1,0.0,1.0,0.0,0.0,0.0,0.0,0.0,0.0,0.0
1823,0,0.07669483634879974,0.0010950014871812476,0.1298,0.9,0.0,1.0,0.0,0.0,0.0,0.0,0.0,0.0,0.0
1824,0,0.06298993086019472,0.0010950014871812476,0.1152,0.3,0.0,1.0,0.0,0.0,0.0,0.0,0.0,0.0,0.0
1825,0,0.05965254770399727,0.0010950014871812476,0.195,0.6,0.0,1.0,0.0,0.0,0.0,0.0,0.0,0.0,0.0
1826,0,0.054180386394482756,0.0010950014871812476,0.36939999999999995,-0.9,0.0,1.0,0.0,0.0,0.0,0.0,0.0,0.0,0.0
1827,0,0.052769421816699476,0.0010950014871812476,0.3518,0.6,0.0,1.0,0.0,0.0,0.0,0.0,0.0,0.0,0.0
1828,0,0.05122469329579473,0.0010950014871812476,0.109,-1.6,0.0,1.0,0.0,0.0,0.0,0.0,0.0,0.0,0.0
1829,1,0.054959556825718105,0.0010950014871812476,0.1474,-0.9,0.0,1.0,0.0,0.0,0.0,0.0,0.0,0.0,0.0
1830,1,0.05825338048890449,0.0010950014871812476,0.2696,1.5,0.0,1.0,0.0,0.0,0.0,0.0,0.0,0.0,0.0
1831,0,0.05665783255948684,0.0010950014871812476,0.1832,-1.4,0.0,1.0,0.0,0.0,0.0,0.0,0.0,0.0,0.0
1832,1,0.06285761890017362,0.0010950014871812476,0.49,-0.8,0.0,1.0,0.0,0.0,0.0,0.0,0.0,0.0,0.0
1833,0,0.05043517748496925,0.0010950014871812476,0.1804,-0.6,0.0,1.0,0.0,0.0,0.0,0.0,0.0,0.0,0.0
1834,1,0.0510800394794205,0.0010950014871812476,0.12960000000000002,-0.5,0.0,1.0,0.0,0.0,0.0,0.0,0.0,0.0,0.0
1835,1,0.057676761700170574,0.0010950014871812476,0.41600000000000004,0.5,0.0,1.0,0.0,0.0,0.0,0.0,0.0,0.0,0.0
1836,1,0.06031682997241595,0.0010950014871812476,0.445,2.2,0.0,1.0,0.0,0.0,0.0,0.0,0.0,0.0,0.0
1837,0,0.05374660644324761,0.0010950014871812476,0.1528,-0.7,0.0,1.0,0.0,0.0,0.0,0.0,0.0,0.0,0.0
1838,0,0.04947469066407536,0.0010950014871812476,0.1646,-1.1,0.0,1.0,0.0,0.0,0.0,0.0,0.0,0.0,0.0
1839,0,0.043796166256420944,0.0010950014871812476,0.4546,0.6,0.0,1.0,0.0,0.0,0.0,0.0,0.0,0.0,0.0
1840,0,0.01768896561812917,0.0010950014871812476,0.1184,0.1,0.0,1.0,0.0,0.0,0.0,0.0,0.0,0.0,0.0
1841,1,0.03834977764693797,0.0010950014871812476,0.3624,-1.2,0.0,1.0,0.0,0.0,0.0,0.0,0.0,0.0,0.0
1842,0,0.030570233693050047,0.0010950014871812476,0.16899999999999998,-1.2,0.0,1.0,0.0,0.0,0.0,0.0,0.0,0.0,0.0
1843,1,0.04125356234978781,0.0010950014871812476,0.2036,-0.8,0.0,1.0,0.0,0.0,0.0,0.0,0.0,0.0,0.0
1844,0,0.02029600127484116,0.0010950014871812476,0.4428,1.2,0.0,1.0,0.0,0.0,0.0,0.0,0.0,0.0,0.0
1845,0,0.007696417921391813,0.0010950014871812476,0.3396,-1.1,0.0,1.0,0.0,0.0,0.0,0.0,0.0,0.0,0.0
1846,1,0.002038402775030101,1.0587465708235857e-06,0.2242,-1.2,0.0,0.0,0.0,0.0,1.0,0.0,0.0,0.0,0.0
1847,1,0.010806747220269104,1.0587465708235857e-06,0.46020000000000005,-0.8,0.0,0.0,0.0,0.0,1.0,0.0,0.0,0.0,0.0
1848,1,0.012986899845472698,1.0587465708235857e-06,0.4988,1.2,0.0,0.0,0.0,0.0,1.0,0.0,0.0,0.0,0.0
1849,0,0.011102225781194132,1.0587465708235857e-06,0.32380000000000003,-1.1,0.0,0.0,0.0,0.0,1.0,0.0,0.0,0.0,0.0
1850,0,0.001557070377257879,0.002080623007687545,0.4374,1.2,0.0,0.0,0.0,1.0,0.0,0.0,0.0,0.0,0.0
1851,1,0.0019106282621976563,0.002080623007687545,0.1974,-1.1,0.0,0.0,0.0,1.0,0.0,0.0,0.0,0.0,0.0
1852,1,0.07511925318701215,0.0014529436724361727,0.12240000000000001,0.6,0.0,0.0,0.0,0.0,0.0,0.0,1.0,0.0,0.0
1853,1,0.0857225412753421,0.0014529436724361727,0.1376,0.0,0.0,0.0,0.0,0.0,0.0,0.0,1.0,0.0,0.0
1854,0,0.08257881636515632,0.0014529436724361727,0.15839999999999999,0.1,0.0,0.0,0.0,0.0,0.0,0.0,1.0,0.0,0.0
1855,1,0.08706852960938388,0.0014529436724361727,0.3452,2.5,0.0,0.0,0.0,0.0,0.0,0.0,1.0,0.0,0.0
1856,1,0.09590584325189039,0.0014529436724361727,0.2488,-0.5,0.0,0.0,0.0,0.0,0.0,0.0,1.0,0.0,0.0
1857,1,0.0990296033944461,0.0014529436724361727,0.207,-0.8,0.0,0.0,0.0,0.0,0.0,0.0,1.0,0.0,0.0
1858,1,0.1165265442475515,0.0014529436724361727,0.2116,-0.3,0.0,0.0,0.0,0.0,0.0,0.0,1.0,0.0,0.0
1859,1,0.13395397140972676,0.0014529436724361727,0.198,1.6,0.0,0.0,0.0,0.0,0.0,0.0,1.0,0.0,0.0
1860,1,0.1457099525818619,0.0014529436724361727,0.0864,0.7,0.0,0.0,0.0,0.0,0.0,0.0,1.0,0.0,0.0
1861,1,0.1516962974067945,0.0014529436724361727,0.2018,-1.7,0.0,0.0,0.0,0.0,0.0,0.0,1.0,0.0,0.0
1862,1,0.15475925575702223,0.0014529436724361727,0.1378,0.2,0.0,0.0,0.0,0.0,0.0,0.0,1.0,0.0,0.0
1863,1,0.15900902879391388,0.0014529436724361727,0.0834,0.6,0.0,0.0,0.0,0.0,0.0,0.0,1.0,0.0,0.0
1864,1,0.1637129095454458,0.0014529436724361727,0.2144,2.3,0.0,0.0,0.0,0.0,0.0,0.0,1.0,0.0,0.0
1865,1,0.17174455406513522,0.0014529436724361727,0.1864,0.5,0.0,0.0,0.0,0.0,0.0,0.0,1.0,0.0,0.0
1866,0,0.16764723925378233,0.0014529436724361727,0.0834,0.3,0.0,0.0,0.0,0.0,0.0,0.0,1.0,0.0,0.0
1867,1,0.168181569034718,0.0014529436724361727,0.107,1.3,0.0,0.0,0.0,0.0,0.0,0.0,1.0,0.0,0.0
1868,1,0.18682230957513885,0.0014529436724361727,0.1882,-0.9,0.0,0.0,0.0,0.0,0.0,0.0,1.0,0.0,0.0
1869,0,0.1718897523751721,0.0014529436724361727,0.1804,-0.2,0.0,0.0,0.0,0.0,0.0,0.0,1.0,0.0,0.0
1870,0,0.15496670784248742,0.0014529436724361727,0.19940000000000002,2.2,0.0,0.0,0.0,0.0,0.0,0.0,1.0,0.0,0.0
1871,0,0.1494615139174395,0.0014529436724361727,0.1524,-1.5,0.0,0.0,0.0,0.0,0.0,0.0,1.0,0.0,0.0
1872,0,0.14322560949713106,0.0014529436724361727,0.195,-1.7,0.0,0.0,0.0,0.0,0.0,0.0,1.0,0.0,0.0
1873,0,0.1289714914008116,0.0014529436724361727,0.1244,-0.6,0.0,0.0,0.0,0.0,0.0,0.0,1.0,0.0,0.0
1874,0,0.11682020782960108,0.0014529436724361727,0.265,-0.1,0.0,0.0,0.0,0.0,0.0,0.0,1.0,0.0,0.0
1875,0,0.11561851031615843,0.0014529436724361727,0.491,0.9,0.0,0.0,0.0,0.0,0.0,0.0,1.0,0.0,0.0
1876,1,0.11696667662485076,0.0014529436724361727,0.057999999999999996,0.3,0.0,0.0,0.0,0.0,0.0,0.0,1.0,0.0,0.0
1877,0,0.11294976537768077,0.0014529436724361727,0.1444,0.6,0.0,0.0,0.0,0.0,0.0,0.0,1.0,0.0,0.0
1878,0,0.10849254025532397,0.0014529436724361727,0.0706,-0.9,0.0,0.0,0.0,0.0,0.0,0.0,1.0,0.0,0.0
1879,0,0.10846513407430451,0.0014529436724361727,0.2086,0.6,0.0,0.0,0.0,0.0,0.0,0.0,1.0,0.0,0.0
1880,1,0.10958025709538767,0.0014529436724361727,0.099,-1.6,0.0,0.0,0.0,0.0,0.0,0.0,1.0,0.0,0.0
1881,0,0.10916462693290713,0.0014529436724361727,0.0766,-0.9,0.0,0.0,0.0,0.0,0.0,0.0,1.0,0.0,0.0
1882,0,0.10500632883133873,0.0014529436724361727,0.0724,1.5,0.0,0.0,0.0,0.0,0.0,0.0,1.0,0.0,0.0
1883,0,0.10413096451970395,0.0014529436724361727,0.1866,-1.4,0.0,0.0,0.0,0.0,0.0,0.0,1.0,0.0,0.0
1884,0,0.08263689568917107,0.0014529436724361727,0.5770000000000001,-0.8,0.0,0.0,0.0,0.0,0.0,0.0,1.0,0.0,0.0
1885,0,0.07061919456319447,0.0014529436724361727,0.1202,-0.6,0.0,0.0,0.0,0.0,0.0,0.0,1.0,0.0,0.0
1886,1,0.07387272569534563,0.0014529436724361727,0.35200000000000004,-0.5,0.0,0.0,0.0,0.0,0.0,0.0,1.0,0.0,0.0
1887,1,0.07561837237776389,0.0014529436724361727,0.3858,0.5,0.0,0.0,0.0,0.0,0.0,0.0,1.0,0.0,0.0
1888,0,0.07117766356317379,0.0014529436724361727,0.3322,2.2,0.0,0.0,0.0,0.0,0.0,0.0,1.0,0.0,0.0
1889,1,0.07226773987577559,0.0014529436724361727,0.45439999999999997,-0.7,0.0,0.0,0.0,0.0,0.0,0.0,1.0,0.0,0.0
1890,0,0.07081158232399333,0.0014529436724361727,0.4104,-1.1,0.0,0.0,0.0,0.0,0.0,0.0,1.0,0.0,0.0
1891,0,0.06828930618076537,0.0014529436724361727,0.11,0.6,0.0,0.0,0.0,0.0,0.0,0.0,1.0,0.0,0.0
1892,0,0.04392757072700431,0.0014529436724361727,0.40659999999999996,0.1,0.0,0.0,0.0,0.0,0.0,0.0,1.0,0.0,0.0
1893,1,0.07589279718373358,0.0014529436724361727,0.5376,-1.2,0.0,0.0,0.0,0.0,0.0,0.0,1.0,0.0,0.0
1894,0,0.06606777203720125,0.0014529436724361727,0.132,-1.2,0.0,0.0,0.0,0.0,0.0,0.0,1.0,0.0,0.0
1895,1,0.0666531027245374,0.0014529436724361727,0.13019999999999998,-0.8,0.0,0.0,0.0,0.0,0.0,0.0,1.0,0.0,0.0
1896,1,0.06896320783722398,0.0014529436724361727,0.41259999999999997,1.2,0.0,0.0,0.0,0.0,0.0,0.0,1.0,0.0,0.0
1897,0,0.058081683487285894,0.0014529436724361727,0.5256000000000001,-1.1,0.0,0.0,0.0,0.0,0.0,0.0,1.0,0.0,0.0
1898,1,0.23805498877798562,0.0007919853571343187,0.1016,0.6,0.0,0.0,0.0,0.0,0.0,0.0,0.0,0.0,1.0
1899,0,0.22953602243023494,0.0007919853571343187,0.1656,0.0,0.0,0.0,0.0,0.0,0.0,0.0,0.0,0.0,1.0
1900,0,0.21261207040811253,0.0007919853571343187,0.4886,0.1,0.0,0.0,0.0,0.0,0.0,0.0,0.0,0.0,1.0
1901,0,0.21186919955438638,0.0007919853571343187,0.5682,2.5,0.0,0.0,0.0,0.0,0.0,0.0,0.0,0.0,1.0
1902,1,0.22148368715136524,0.0007919853571343187,0.1202,-0.5,0.0,0.0,0.0,0.0,0.0,0.0,0.0,0.0,1.0
1903,1,0.2499627021841093,0.0007919853571343187,0.044199999999999996,-0.8,0.0,0.0,0.0,0.0,0.0,0.0,0.0,0.0,1.0
1904,1,0.2540309773334548,0.0007919853571343187,0.139,-0.3,0.0,0.0,0.0,0.0,0.0,0.0,0.0,0.0,1.0
1905,1,0.2955144975067635,0.0007919853571343187,0.027999999999999997,1.6,0.0,0.0,0.0,0.0,0.0,0.0,0.0,0.0,1.0
1906,0,0.29016847722909356,0.0007919853571343187,0.008199999999999999,0.7,0.0,0.0,0.0,0.0,0.0,0.0,0.0,0.0,1.0
1907,0,0.2865622957014403,0.0007919853571343187,0.0154,-1.7,0.0,0.0,0.0,0.0,0.0,0.0,0.0,0.0,1.0
1908,0,0.268559520235744,0.0007919853571343187,0.1656,0.2,0.0,0.0,0.0,0.0,0.0,0.0,0.0,0.0,1.0
1909,1,0.2756724224486751,0.0007919853571343187,0.0,0.6,0.0,0.0,0.0,0.0,0.0,0.0,0.0,0.0,1.0
1910,1,0.2946491155789438,0.0007919853571343187,0.1998,2.3,0.0,0.0,0.0,0.0,0.0,0.0,0.0,0.0,1.0
1911,0,0.2754836646456272,0.0007919853571343187,0.0814,0.5,0.0,0.0,0.0,0.0,0.0,0.0,0.0,0.0,1.0
1912,0,0.2552934766392254,0.0007919853571343187,0.001,0.3,0.0,0.0,0.0,0.0,0.0,0.0,0.0,0.0,1.0
1913,0,0.23519875652167285,0.0007919853571343187,0.3274,1.3,0.0,0.0,0.0,0.0,0.0,0.0,0.0,0.0,1.0
1914,1,0.25603090255632516,0.0007919853571343187,0.6344,-0.9,0.0,0.0,0.0,0.0,0.0,0.0,0.0,0.0,1.0
1915,1,0.28068902406044893,0.0007919853571343187,0.295,-0.2,0.0,0.0,0.0,0.0,0.0,0.0,0.0,0.0,1.0
1916,0,0.1561567894911271,0.0007919853571343187,0.4722,2.2,0.0,0.0,0.0,0.0,0.0,0.0,0.0,0.0,1.0
1917,1,0.16029240035675224,0.0007919853571343187,0.0006,-1.5,0.0,0.0,0.0,0.0,0.0,0.0,0.0,0.0,1.0
1918,1,0.16048569560698883,0.0007919853571343187,0.045599999999999995,-1.7,0.0,0.0,0.0,0.0,0.0,0.0,0.0,0.0,1.0
1919,0,0.1404111217549539,0.0007919853571343187,0.0748,-0.6,0.0,0.0,0.0,0.0,0.0,0.0,0.0,0.0,1.0
1920,0,0.1285170206903962,0.0007919853571343187,0.16879999999999998,-0.1,0.0,0.0,0.0,0.0,0.0,0.0,0.0,0.0,1.0
1921,1,0.1305605054062776,0.0007919853571343187,0.2738,0.9,0.0,0.0,0.0,0.0,0.0,0.0,0.0,0.0,1.0
1922,1,0.14127214773347252,0.0007919853571343187,0.1116,0.3,0.0,0.0,0.0,0.0,0.0,0.0,0.0,0.0,1.0
1923,0,0.14083165236039819,0.0007919853571343187,0.3014,0.6,0.0,0.0,0.0,0.0,0.0,0.0,0.0,0.0,1.0
1924,0,0.13462932504928576,0.0007919853571343187,0.1636,-0.9,0.0,0.0,0.0,0.0,0.0,0.0,0.0,0.0,1.0
1925,1,0.14720077623016545,0.0007919853571343187,0.2982,0.6,0.0,0.0,0.0,0.0,0.0,0.0,0.0,0.0,1.0
1926,1,0.15214822714678425,0.0007919853571343187,0.16760000000000003,-1.6,0.0,0.0,0.0,0.0,0.0,0.0,0.0,0.0,1.0
1927,0,0.14154657253944222,0.0007919853571343187,0.005600000000000001,-0.9,0.0,0.0,0.0,0.0,0.0,0.0,0.0,0.0,1.0
1928,1,0.15143385146140284,0.0007919853571343187,0.17579999999999998,1.5,0.0,0.0,0.0,0.0,0.0,0.0,0.0,0.0,1.0
1929,1,0.16282738135210845,0.0007919853571343187,0.0572,-1.4,0.0,0.0,0.0,0.0,0.0,0.0,0.0,0.0,1.0
1930,1,0.17647602249557418,0.0007919853571343187,0.37799999999999995,-0.8,0.0,0.0,0.0,0.0,0.0,0.0,0.0,0.0,1.0
1931,0,0.17317167195491012,0.0007919853571343187,0.3486,-0.6,0.0,0.0,0.0,0.0,0.0,0.0,0.0,0.0,1.0
1932,1,0.19046388319086355,0.0007919853571343187,0.6265999999999999,-0.5,0.0,0.0,0.0,0.0,0.0,0.0,0.0,0.0,1.0
1933,1,0.19963370096335448,0.0007919853571343187,0.6437999999999999,0.5,0.0,0.0,0.0,0.0,0.0,0.0,0.0,0.0,1.0
1934,1,0.2038440889586486,0.0007919853571343187,0.33020000000000005,2.2,0.0,0.0,0.0,0.0,0.0,0.0,0.0,0.0,1.0
1935,0,0.1927687248648113,0.0007919853571343187,0.5094,-0.7,0.0,0.0,0.0,0.0,0.0,0.0,0.0,0.0,1.0
1936,0,0.17386263441279806,0.0007919853571343187,0.252,-1.1,0.0,0.0,0.0,0.0,0.0,0.0,0.0,0.0,1.0
1937,0,0.1473895340332134,0.0007919853571343187,0.15539999999999998,0.6,0.0,0.0,0.0,0.0,0.0,0.0,0.0,0.0,1.0
1938,0,0.05884742307484283,0.0007919853571343187,0.42200000000000004,0.1,0.0,0.0,0.0,0.0,0.0,0.0,0.0,0.0,1.0
1939,1,0.11937515359258734,0.0007919853571343187,0.7173999999999999,-1.2,0.0,0.0,0.0,0.0,0.0,0.0,0.0,0.0,1.0
1940,1,0.1449487504414936,0.0007919853571343187,0.4266,-1.2,0.0,0.0,0.0,0.0,0.0,0.0,0.0,0.0,1.0
1941,1,0.14695829505240388,0.0007919853571343187,0.1744,-0.8,0.0,0.0,0.0,0.0,0.0,0.0,0.0,0.0,1.0
1942,0,0.14383598689294855,0.0007919853571343187,0.332,1.2,0.0,0.0,0.0,0.0,0.0,0.0,0.0,0.0,1.0
1943,0,0.13731640127440556,0.0007919853571343187,0.501,-1.1,0.0,0.0,0.0,0.0,0.0,0.0,0.0,0.0,1.0
1944,0,0.011542176660605847,0.010925821081930546,0.12240000000000001,0.6,0.0,0.0,0.0,0.0,0.0,0.0,1.0,0.0,0.0
1945,0,0.010913649476033748,0.010925821081930546,0.1376,0.0,0.0,0.0,0.0,0.0,0.0,0.0,1.0,0.0,0.0
1946,0,0.01002031687353191,0.010925821081930546,0.15839999999999999,0.1,0.0,0.0,0.0,0.0,0.0,0.0,1.0,0.0,0.0
1947,1,0.010230672925197824,0.010925821081930546,0.3452,2.5,0.0,0.0,0.0,0.0,0.0,0.0,1.0,0.0,0.0
1948,1,0.010730699605387292,0.010925821081930546,0.2488,-0.5,0.0,0.0,0.0,0.0,0.0,0.0,1.0,0.0,0.0
1949,1,0.011103859262182048,0.010925821081930546,0.207,-0.8,0.0,0.0,0.0,0.0,0.0,0.0,1.0,0.0,0.0
1950,1,0.01326186914510502,0.010925821081930546,0.2116,-0.3,0.0,0.0,0.0,0.0,0.0,0.0,1.0,0.0,0.0
1951,1,0.01601591809072934,0.010925821081930546,0.198,1.6,0.0,0.0,0.0,0.0,0.0,0.0,1.0,0.0,0.0
1952,1,0.017888250298654772,0.010925821081930546,0.0864,0.7,0.0,0.0,0.0,0.0,0.0,0.0,1.0,0.0,0.0
1953,1,0.018843473680809828,0.010925821081930546,0.2018,-1.7,0.0,0.0,0.0,0.0,0.0,0.0,1.0,0.0,0.0
1954,0,0.018505161618423922,0.010925821081930546,0.1378,0.2,0.0,0.0,0.0,0.0,0.0,0.0,1.0,0.0,0.0
1955,1,0.022613910796692237,0.010925821081930546,0.0834,0.6,0.0,0.0,0.0,0.0,0.0,0.0,1.0,0.0,0.0
1956,1,0.025257246030913446,0.010925821081930546,0.2144,2.3,0.0,0.0,0.0,0.0,0.0,0.0,1.0,0.0,0.0
1957,1,0.027497655954782343,0.010925821081930546,0.1864,0.5,0.0,0.0,0.0,0.0,0.0,0.0,1.0,0.0,0.0
1958,0,0.024904051141748762,0.010925821081930546,0.0834,0.3,0.0,0.0,0.0,0.0,0.0,0.0,1.0,0.0,0.0
1959,1,0.02661412423820799,0.010925821081930546,0.107,1.3,0.0,0.0,0.0,0.0,0.0,0.0,1.0,0.0,0.0
1960,0,0.02475050392888477,0.010925821081930546,0.1882,-0.9,0.0,0.0,0.0,0.0,0.0,0.0,1.0,0.0,0.0
1961,1,0.025695200433562153,0.010925821081930546,0.1804,-0.2,0.0,0.0,0.0,0.0,0.0,0.0,1.0,0.0,0.0
1962,0,0.022934073070323534,0.010925821081930546,0.19940000000000002,2.2,0.0,0.0,0.0,0.0,0.0,0.0,1.0,0.0,0.0
1963,1,0.023444626627990676,0.010925821081930546,0.1524,-1.5,0.0,0.0,0.0,0.0,0.0,0.0,1.0,0.0,0.0
1964,0,0.020431761694725634,0.010925821081930546,0.195,-1.7,0.0,0.0,0.0,0.0,0.0,0.0,1.0,0.0,0.0
1965,0,0.017636331230740807,0.010925821081930546,0.1244,-0.6,0.0,0.0,0.0,0.0,0.0,0.0,1.0,0.0,0.0
1966,1,0.017837793885916962,0.010925821081930546,0.265,-0.1,0.0,0.0,0.0,0.0,0.0,0.0,1.0,0.0,0.0
1967,1,0.017945422133231793,0.010925821081930546,0.491,0.9,0.0,0.0,0.0,0.0,0.0,0.0,1.0,0.0,0.0
1968,0,0.017443035980504222,0.010925821081930546,0.057999999999999996,0.3,0.0,0.0,0.0,0.0,0.0,0.0,1.0,0.0,0.0
1969,1,0.022006074371300394,0.010925821081930546,0.1444,0.6,0.0,0.0,0.0,0.0,0.0,0.0,1.0,0.0,0.0
1970,0,0.016568579158307176,0.010925821081930546,0.0706,-0.9,0.0,0.0,0.0,0.0,0.0,0.0,1.0,0.0,0.0
1971,0,0.016029167436520206,0.010925821081930546,0.2086,0.6,0.0,0.0,0.0,0.0,0.0,0.0,1.0,0.0,0.0
1972,1,0.016668402996457523,0.010925821081930546,0.099,-1.6,0.0,0.0,0.0,0.0,0.0,0.0,1.0,0.0,0.0
1973,1,0.01670198010565355,0.010925821081930546,0.0766,-0.9,0.0,0.0,0.0,0.0,0.0,0.0,1.0,0.0,0.0
1974,1,0.017364991888859406,0.010925821081930546,0.0724,1.5,0.0,0.0,0.0,0.0,0.0,0.0,1.0,0.0,0.0
1975,0,0.016549703378002382,0.010925821081930546,0.1866,-1.4,0.0,0.0,0.0,0.0,0.0,0.0,1.0,0.0,0.0
1976,0,0.016155308468364736,0.010925821081930546,0.5770000000000001,-0.8,0.0,0.0,0.0,0.0,0.0,0.0,1.0,0.0,0.0
1977,0,0.01494272108166933,0.010925821081930546,0.1202,-0.6,0.0,0.0,0.0,0.0,0.0,0.0,1.0,0.0,0.0
1978,1,0.01581191446512754,0.010925821081930546,0.35200000000000004,-0.5,0.0,0.0,0.0,0.0,0.0,0.0,1.0,0.0,0.0
1979,1,0.017205455245706394,0.010925821081930546,0.3858,0.5,0.0,0.0,0.0,0.0,0.0,0.0,1.0,0.0,0.0
1980,1,0.018484289361356123,0.010925821081930546,0.3322,2.2,0.0,0.0,0.0,0.0,0.0,0.0,1.0,0.0,0.0
1981,1,0.01950067753161421,0.010925821081930546,0.45439999999999997,-0.7,0.0,0.0,0.0,0.0,0.0,0.0,1.0,0.0,0.0
1982,0,0.018715699167977384,0.010925821081930546,0.4104,-1.1,0.0,0.0,0.0,0.0,0.0,0.0,1.0,0.0,0.0
1983,0,0.01598814891393479,0.010925821081930546,0.11,0.6,0.0,0.0,0.0,0.0,0.0,0.0,1.0,0.0,0.0
1984,0,0.009536262007446495,0.010925821081930546,0.40659999999999996,0.1,0.0,0.0,0.0,0.0,0.0,0.0,1.0,0.0,0.0
1985,1,0.013337190768436646,0.010925821081930546,0.5376,-1.2,0.0,0.0,0.0,0.0,0.0,0.0,1.0,0.0,0.0
1986,0,0.012931542989771143,0.010925821081930546,0.132,-1.2,0.0,0.0,0.0,0.0,0.0,0.0,1.0,0.0,0.0
1987,1,0.015202263060860234,0.010925821081930546,0.13019999999999998,-0.8,0.0,0.0,0.0,0.0,0.0,0.0,1.0,0.0,0.0
1988,0,0.013735760129487852,0.010925821081930546,0.41259999999999997,1.2,0.0,0.0,0.0,0.0,0.0,0.0,1.0,0.0,0.0
1989,0,0.012777451283244515,0.010925821081930546,0.5256000000000001,-1.1,0.0,0.0,0.0,0.0,0.0,0.0,1.0,0.0,0.0
1990,0,0.00723922474266322,0.0005150658993195822,0.12240000000000001,0.6,0.0,0.0,0.0,0.0,0.0,0.0,1.0,0.0,0.0
1991,0,0.007182597401748841,0.0005150658993195822,0.1376,0.0,0.0,0.0,0.0,0.0,0.0,0.0,1.0,0.0,0.0
1992,0,0.007065168268506523,0.0005150658993195822,0.15839999999999999,0.1,0.0,0.0,0.0,0.0,0.0,0.0,1.0,0.0,0.0
1993,1,0.008492649154056496,0.0005150658993195822,0.3452,2.5,0.0,0.0,0.0,0.0,0.0,0.0,1.0,0.0,0.0
1994,0,0.007063171791743516,0.0005150658993195822,0.2488,-0.5,0.0,0.0,0.0,0.0,0.0,0.0,1.0,0.0,0.0
1995,1,0.008476314344177348,0.0005150658993195822,0.207,-0.8,0.0,0.0,0.0,0.0,0.0,0.0,1.0,0.0,0.0
1996,0,0.008449452656820526,0.0005150658993195822,0.2116,-0.3,0.0,0.0,0.0,0.0,0.0,0.0,1.0,0.0,0.0
1997,1,0.01133290959626521,0.0005150658993195822,0.198,1.6,0.0,0.0,0.0,0.0,0.0,0.0,1.0,0.0,0.0
1998,1,0.014313104909771956,0.0005150658993195822,0.0864,0.7,0.0,0.0,0.0,0.0,0.0,0.0,1.0,0.0,0.0
1999,1,0.015175945867166052,0.0005150658993195822,0.2018,-1.7,0.0,0.0,0.0,0.0,0.0,0.0,1.0,0.0,0.0
2000,0,0.013940489746639839,0.0005150658993195822,0.1378,0.2,0.0,0.0,0.0,0.0,0.0,0.0,1.0,0.0,0.0
2001,1,0.014789899860355525,0.0005150658993195822,0.0834,0.6,0.0,0.0,0.0,0.0,0.0,0.0,1.0,0.0,0.0
2002,1,0.01927416816795669,0.0005150658993195822,0.2144,2.3,0.0,0.0,0.0,0.0,0.0,0.0,1.0,0.0,0.0
2003,0,0.0177131048371728,0.0005150658993195822,0.1864,0.5,0.0,0.0,0.0,0.0,0.0,0.0,1.0,0.0,0.0
2004,1,0.019099748698024905,0.0005150658993195822,0.0834,0.3,0.0,0.0,0.0,0.0,0.0,0.0,1.0,0.0,0.0
2005,1,0.019687801853674226,0.0005150658993195822,0.107,1.3,0.0,0.0,0.0,0.0,0.0,0.0,1.0,0.0,0.0
2006,0,0.01820841257228607,0.0005150658993195822,0.1882,-0.9,0.0,0.0,0.0,0.0,0.0,0.0,1.0,0.0,0.0
2007,1,0.018234366770205162,0.0005150658993195822,0.1804,-0.2,0.0,0.0,0.0,0.0,0.0,0.0,1.0,0.0,0.0
2008,0,0.01645568747225351,0.0005150658993195822,0.19940000000000002,2.2,0.0,0.0,0.0,0.0,0.0,0.0,1.0,0.0,0.0
2009,0,0.014266278454785064,0.0005150658993195822,0.1524,-1.5,0.0,0.0,0.0,0.0,0.0,0.0,1.0,0.0,0.0
2010,0,0.012002999797085362,0.0005150658993195822,0.195,-1.7,0.0,0.0,0.0,0.0,0.0,0.0,1.0,0.0,0.0
2011,0,0.010509453680468612,0.0005150658993195822,0.1244,-0.6,0.0,0.0,0.0,0.0,0.0,0.0,1.0,0.0,0.0
2012,1,0.010941055657053207,0.0005150658993195822,0.265,-0.1,0.0,0.0,0.0,0.0,0.0,0.0,1.0,0.0,0.0
2013,1,0.013906368143781175,0.0005150658993195822,0.491,0.9,0.0,0.0,0.0,0.0,0.0,0.0,1.0,0.0,0.0
2014,0,0.011842011170831983,0.0005150658993195822,0.057999999999999996,0.3,0.0,0.0,0.0,0.0,0.0,0.0,1.0,0.0,0.0
2015,0,0.009925756474120398,0.0005150658993195822,0.1444,0.6,0.0,0.0,0.0,0.0,0.0,0.0,1.0,0.0,0.0
2016,1,0.012994341258862088,0.0005150658993195822,0.0706,-0.9,0.0,0.0,0.0,0.0,0.0,0.0,1.0,0.0,0.0
2017,0,0.012604120800638002,0.0005150658993195822,0.2086,0.6,0.0,0.0,0.0,0.0,0.0,0.0,1.0,0.0,0.0
2018,1,0.013456797876329517,0.0005150658993195822,0.099,-1.6,0.0,0.0,0.0,0.0,0.0,0.0,1.0,0.0,0.0
2019,1,0.014138866937727711,0.0005150658993195822,0.0766,-0.9,0.0,0.0,0.0,0.0,0.0,0.0,1.0,0.0,0.0
2020,1,0.01646113240887989,0.0005150658993195822,0.0724,1.5,0.0,0.0,0.0,0.0,0.0,0.0,1.0,0.0,0.0
2021,0,0.015860737396877437,0.0005150658993195822,0.1866,-1.4,0.0,0.0,0.0,0.0,0.0,0.0,1.0,0.0,0.0
2022,0,0.01056662551504563,0.0005150658993195822,0.5770000000000001,-0.8,0.0,0.0,0.0,0.0,0.0,0.0,1.0,0.0,0.0
2023,0,0.009831377572596433,0.0005150658993195822,0.1202,-0.6,0.0,0.0,0.0,0.0,0.0,0.0,1.0,0.0,0.0
2024,1,0.011938568047006501,0.0005150658993195822,0.35200000000000004,-0.5,0.0,0.0,0.0,0.0,0.0,0.0,1.0,0.0,0.0
2025,1,0.012953504234164219,0.0005150658993195822,0.3858,0.5,0.0,0.0,0.0,0.0,0.0,0.0,1.0,0.0,0.0
2026,0,0.011925318701215637,0.0005150658993195822,0.3322,2.2,0.0,0.0,0.0,0.0,0.0,0.0,1.0,0.0,0.0
2027,1,0.012484332194857584,0.0005150658993195822,0.45439999999999997,-0.7,0.0,0.0,0.0,0.0,0.0,0.0,1.0,0.0,0.0
2028,0,0.011106763228382785,0.0005150658993195822,0.4104,-1.1,0.0,0.0,0.0,0.0,0.0,0.0,1.0,0.0,0.0
2029,0,0.009071808913216059,0.0005150658993195822,0.11,0.6,0.0,0.0,0.0,0.0,0.0,0.0,1.0,0.0,0.0
2030,0,0.0007232690818711561,0.0005150658993195822,0.40659999999999996,0.1,0.0,0.0,0.0,0.0,0.0,0.0,1.0,0.0,0.0
2031,1,0.0026923396638586523,0.0005150658993195822,0.5376,-1.2,0.0,0.0,0.0,0.0,0.0,0.0,1.0,0.0,0.0
2032,1,0.007462830140119999,0.0005150658993195822,0.132,-1.2,0.0,0.0,0.0,0.0,0.0,0.0,1.0,0.0,0.0
2033,1,0.008018576671786118,0.0005150658993195822,0.13019999999999998,-0.8,0.0,0.0,0.0,0.0,0.0,0.0,1.0,0.0,0.0
2034,1,0.010607099543968409,0.0005150658993195822,0.41259999999999997,1.2,0.0,0.0,0.0,0.0,0.0,0.0,1.0,0.0,0.0
2035,0,0.008003875342894883,0.0005150658993195822,0.5256000000000001,-1.1,0.0,0.0,0.0,0.0,0.0,0.0,1.0,0.0,0.0
2036,0,0.023429562303324353,0.006515626548550992,0.13140000000000002,0.6,0.0,0.0,1.0,0.0,0.0,0.0,0.0,0.0,0.0
2037,1,0.024592056273057036,0.006515626548550992,0.254,0.0,0.0,0.0,1.0,0.0,0.0,0.0,0.0,0.0,0.0
2038,0,0.02088042447273956,0.006515626548550992,0.3642,0.1,0.0,0.0,1.0,0.0,0.0,0.0,0.0,0.0,0.0
2039,0,0.020719798842261276,0.006515626548550992,0.3654,2.5,0.0,0.0,1.0,0.0,0.0,0.0,0.0,0.0,0.0
2040,1,0.021522563998877618,0.006515626548550992,0.46740000000000004,-0.5,0.0,0.0,1.0,0.0,0.0,0.0,0.0,0.0,0.0
2041,0,0.01705953094411934,0.006515626548550992,0.37920000000000004,-0.8,0.0,0.0,1.0,0.0,0.0,0.0,0.0,0.0,0.0
2042,1,0.018482474382480664,0.006515626548550992,0.0274,-0.3,0.0,0.0,1.0,0.0,0.0,0.0,0.0,0.0,0.0
2043,1,0.018684118535544365,0.006515626548550992,0.2726,1.6,0.0,0.0,1.0,0.0,0.0,0.0,0.0,0.0,0.0
2044,1,0.021247594699245295,0.006515626548550992,0.1042,0.7,0.0,0.0,1.0,0.0,0.0,0.0,0.0,0.0,0.0
2045,0,0.018753269230699424,0.006515626548550992,0.0018,-1.7,0.0,0.0,1.0,0.0,0.0,0.0,0.0,0.0,0.0
2046,0,0.01799696753329488,0.006515626548550992,0.1666,0.2,0.0,0.0,1.0,0.0,0.0,0.0,0.0,0.0,0.0
2047,0,0.01797936223820291,0.006515626548550992,0.0684,0.6,0.0,0.0,1.0,0.0,0.0,0.0,0.0,0.0,0.0
2048,0,0.01562642362405544,0.006515626548550992,0.3826,2.3,0.0,0.0,1.0,0.0,0.0,0.0,0.0,0.0,0.0
2049,1,0.0176457691208932,0.006515626548550992,0.1592,0.5,0.0,0.0,1.0,0.0,0.0,0.0,0.0,0.0,0.0
2050,1,0.017657203487808606,0.006515626548550992,0.14,0.3,0.0,0.0,1.0,0.0,0.0,0.0,0.0,0.0,0.0
2051,1,0.018704446298949528,0.006515626548550992,0.32520000000000004,1.3,0.0,0.0,1.0,0.0,0.0,0.0,0.0,0.0,0.0
2052,0,0.017856306670446662,0.006515626548550992,0.493,-0.9,0.0,0.0,1.0,0.0,0.0,0.0,0.0,0.0,0.0
2053,0,0.01533657149764434,0.006515626548550992,0.2582,-0.2,0.0,0.0,1.0,0.0,0.0,0.0,0.0,0.0,0.0
2054,1,0.015695211323435408,0.006515626548550992,0.4412,2.2,0.0,0.0,1.0,0.0,0.0,0.0,0.0,0.0,0.0
2055,1,0.016539720994187348,0.006515626548550992,0.1164,-1.5,0.0,0.0,1.0,0.0,0.0,0.0,0.0,0.0,0.0
2056,0,0.01619505650573733,0.006515626548550992,0.0132,-1.7,0.0,0.0,1.0,0.0,0.0,0.0,0.0,0.0,0.0
2057,0,0.01582207834683012,0.006515626548550992,0.1902,-0.6,0.0,0.0,1.0,0.0,0.0,0.0,0.0,0.0,0.0
2058,0,0.015340201455395261,0.006515626548550992,0.13,-0.1,0.0,0.0,1.0,0.0,0.0,0.0,0.0,0.0,0.0
2059,1,0.017196017355554,0.006515626548550992,0.31420000000000003,0.9,0.0,0.0,1.0,0.0,0.0,0.0,0.0,0.0,0.0
2060,0,0.015191554685495016,0.006515626548550992,0.1362,0.3,0.0,0.0,1.0,0.0,0.0,0.0,0.0,0.0,0.0
2061,1,0.015211519453125086,0.006515626548550992,0.07780000000000001,0.6,0.0,0.0,1.0,0.0,0.0,0.0,0.0,0.0,0.0
2062,0,0.014320183327386252,0.006515626548550992,0.21960000000000002,-0.9,0.0,0.0,1.0,0.0,0.0,0.0,0.0,0.0,0.0
2063,0,0.01396916641287212,0.006515626548550992,0.1568,0.6,0.0,0.0,1.0,0.0,0.0,0.0,0.0,0.0,0.0
2064,0,0.013389825155825012,0.006515626548550992,0.0292,-1.6,0.0,0.0,1.0,0.0,0.0,0.0,0.0,0.0,0.0
2065,1,0.0160618370562785,0.006515626548550992,0.04,-0.9,0.0,0.0,1.0,0.0,0.0,0.0,0.0,0.0,0.0
2066,0,0.01566962012129141,0.006515626548550992,0.1528,1.5,0.0,0.0,1.0,0.0,0.0,0.0,0.0,0.0,0.0
2067,0,0.013829050043686541,0.006515626548550992,0.1186,-1.4,0.0,0.0,1.0,0.0,0.0,0.0,0.0,0.0,0.0
2068,1,0.014186600882152333,0.006515626548550992,0.256,-0.8,0.0,0.0,1.0,0.0,0.0,0.0,0.0,0.0,0.0
2069,0,0.013197981888688797,0.006515626548550992,0.0546,-0.6,0.0,0.0,1.0,0.0,0.0,0.0,0.0,0.0,0.0
2070,0,0.012596860885136158,0.006515626548550992,0.3104,-0.5,0.0,0.0,1.0,0.0,0.0,0.0,0.0,0.0,0.0
2071,1,0.01319652990558843,0.006515626548550992,0.7186,0.5,0.0,0.0,1.0,0.0,0.0,0.0,0.0,0.0,0.0
2072,1,0.014631089208752699,0.006515626548550992,0.27940000000000004,2.2,0.0,0.0,1.0,0.0,0.0,0.0,0.0,0.0,0.0
2073,0,0.013106325455478024,0.006515626548550992,0.18,-0.7,0.0,0.0,1.0,0.0,0.0,0.0,0.0,0.0,0.0
2074,0,0.012236043084694536,0.006515626548550992,0.13720000000000002,-1.1,0.0,0.0,1.0,0.0,0.0,0.0,0.0,0.0,0.0
2075,0,0.011798451677820922,0.006515626548550992,0.0654,0.6,0.0,0.0,1.0,0.0,0.0,0.0,0.0,0.0,0.0
2076,0,0.004136155359287773,0.006515626548550992,0.22899999999999998,0.1,0.0,0.0,1.0,0.0,0.0,0.0,0.0,0.0,0.0
2077,1,0.0062075907498512625,0.006515626548550992,0.45380000000000004,-1.2,0.0,0.0,1.0,0.0,0.0,0.0,0.0,0.0,0.0
2078,1,0.013235370453523292,0.006515626548550992,0.1818,-1.2,0.0,0.0,1.0,0.0,0.0,0.0,0.0,0.0,0.0
2079,0,0.005815373814864169,0.006515626548550992,0.15,-0.8,0.0,0.0,1.0,0.0,0.0,0.0,0.0,0.0,0.0
2080,1,0.0170637053955329,0.006515626548550992,0.33899999999999997,1.2,0.0,0.0,1.0,0.0,0.0,0.0,0.0,0.0,0.0
2081,0,0.011680115055140872,0.006515626548550992,0.42840000000000006,-1.1,0.0,0.0,1.0,0.0,0.0,0.0,0.0,0.0,0.0
2082,1,0.026918133199847687,0.4731293196412984,0.12240000000000001,0.6,0.0,0.0,0.0,0.0,0.0,0.0,1.0,0.0,0.0
2083,1,0.03226124951131694,0.4731293196412984,0.1376,0.0,0.0,0.0,0.0,0.0,0.0,0.0,1.0,0.0,0.0
2084,0,0.02757570004642716,0.4731293196412984,0.15839999999999999,0.1,0.0,0.0,0.0,0.0,0.0,0.0,1.0,0.0,0.0
2085,1,0.03722340175682695,0.4731293196412984,0.3452,2.5,0.0,0.0,0.0,0.0,0.0,0.0,1.0,0.0,0.0
2086,0,0.033034612010150816,0.4731293196412984,0.2488,-0.5,0.0,0.0,0.0,0.0,0.0,0.0,1.0,0.0,0.0
2087,0,0.03186758059322947,0.4731293196412984,0.207,-0.8,0.0,0.0,0.0,0.0,0.0,0.0,1.0,0.0,0.0
2088,1,0.03991356344603505,0.4731293196412984,0.2116,-0.3,0.0,0.0,0.0,0.0,0.0,0.0,1.0,0.0,0.0
2089,1,0.04484613153587506,0.4731293196412984,0.198,1.6,0.0,0.0,0.0,0.0,0.0,0.0,1.0,0.0,0.0
2090,0,0.043605411976610005,0.4731293196412984,0.0864,0.7,0.0,0.0,0.0,0.0,0.0,0.0,1.0,0.0,0.0
2091,0,0.03935128299041728,0.4731293196412984,0.2018,-1.7,0.0,0.0,0.0,0.0,0.0,0.0,1.0,0.0,0.0
2092,1,0.03964295009570384,0.4731293196412984,0.1378,0.2,0.0,0.0,0.0,0.0,0.0,0.0,1.0,0.0,0.0
2093,1,0.04153433958182161,0.4731293196412984,0.0834,0.6,0.0,0.0,0.0,0.0,0.0,0.0,1.0,0.0,0.0
2094,1,0.047312324831851285,0.4731293196412984,0.2144,2.3,0.0,0.0,0.0,0.0,0.0,0.0,1.0,0.0,0.0
2095,0,0.04569681213480356,0.4731293196412984,0.1864,0.5,0.0,0.0,0.0,0.0,0.0,0.0,1.0,0.0,0.0
2096,1,0.04986781508850018,0.4731293196412984,0.0834,0.3,0.0,0.0,0.0,0.0,0.0,0.0,1.0,0.0,0.0
2097,1,0.07485934821204616,0.4731293196412984,0.107,1.3,0.0,0.0,0.0,0.0,0.0,0.0,1.0,0.0,0.0
2098,0,0.07254851710780938,0.4731293196412984,0.1882,-0.9,0.0,0.0,0.0,0.0,0.0,0.0,1.0,0.0,0.0
2099,0,0.030522318250737878,0.4731293196412984,0.1804,-0.2,0.0,0.0,0.0,0.0,0.0,0.0,1.0,0.0,0.0
2100,1,0.03305548426721861,0.4731293196412984,0.19940000000000002,2.2,0.0,0.0,0.0,0.0,0.0,0.0,1.0,0.0,0.0
2101,0,0.02833309073115698,0.4731293196412984,0.1524,-1.5,0.0,0.0,0.0,0.0,0.0,0.0,1.0,0.0,0.0
2102,1,0.04688199334047951,0.4731293196412984,0.195,-1.7,0.0,0.0,0.0,0.0,0.0,0.0,1.0,0.0,0.0
2103,1,0.05971788694351386,0.4731293196412984,0.1244,-0.6,0.0,0.0,0.0,0.0,0.0,0.0,1.0,0.0,0.0
2104,0,0.053439149021744535,0.4731293196412984,0.265,-0.1,0.0,0.0,0.0,0.0,0.0,0.0,1.0,0.0,0.0
2105,0,0.050377642654617145,0.4731293196412984,0.491,0.9,0.0,0.0,0.0,0.0,0.0,0.0,1.0,0.0,0.0
2106,0,0.0416690110143808,0.4731293196412984,0.057999999999999996,0.3,0.0,0.0,0.0,0.0,0.0,0.0,1.0,0.0,0.0
2107,1,0.05083175036925745,0.4731293196412984,0.1444,0.6,0.0,0.0,0.0,0.0,0.0,0.0,1.0,0.0,0.0
2108,1,0.05682753308434243,0.4731293196412984,0.0706,-0.9,0.0,0.0,0.0,0.0,0.0,0.0,1.0,0.0,0.0
2109,1,0.06199858939841799,0.4731293196412984,0.2086,0.6,0.0,0.0,0.0,0.0,0.0,0.0,1.0,0.0,0.0
2110,0,0.06176191615305789,0.4731293196412984,0.099,-1.6,0.0,0.0,0.0,0.0,0.0,0.0,1.0,0.0,0.0
2111,0,0.05990591875501161,0.4731293196412984,0.0766,-0.9,0.0,0.0,0.0,0.0,0.0,0.0,1.0,0.0,0.0
2112,0,0.0380423202254349,0.4731293196412984,0.0724,1.5,0.0,0.0,0.0,0.0,0.0,0.0,1.0,0.0,0.0
2113,1,0.03836956091668049,0.4731293196412984,0.1866,-1.4,0.0,0.0,0.0,0.0,0.0,0.0,1.0,0.0,0.0
2114,0,0.029356012825366727,0.4731293196412984,0.5770000000000001,-0.8,0.0,0.0,0.0,0.0,0.0,0.0,1.0,0.0,0.0
2115,1,0.03754465301778353,0.4731293196412984,0.1202,-0.6,0.0,0.0,0.0,0.0,0.0,0.0,1.0,0.0,0.0
2116,1,0.04075498765269871,0.4731293196412984,0.35200000000000004,-0.5,0.0,0.0,0.0,0.0,0.0,0.0,1.0,0.0,0.0
2117,0,0.0404237540079271,0.4731293196412984,0.3858,0.5,0.0,0.0,0.0,0.0,0.0,0.0,1.0,0.0,0.0
2118,1,0.0425042642928679,0.4731293196412984,0.3322,2.2,0.0,0.0,0.0,0.0,0.0,0.0,1.0,0.0,0.0
2119,1,0.04728637063393219,0.4731293196412984,0.45439999999999997,-0.7,0.0,0.0,0.0,0.0,0.0,0.0,1.0,0.0,0.0
2120,0,0.047257512469812364,0.4731293196412984,0.4104,-1.1,0.0,0.0,0.0,0.0,0.0,0.0,1.0,0.0,0.0
2121,1,0.04776770303170441,0.4731293196412984,0.11,0.6,0.0,0.0,0.0,0.0,0.0,0.0,1.0,0.0,0.0
2122,0,0.034759023439726186,0.4731293196412984,0.40659999999999996,0.1,0.0,0.0,0.0,0.0,0.0,0.0,1.0,0.0,0.0
2123,0,0.03463850884239558,0.4731293196412984,0.5376,-1.2,0.0,0.0,0.0,0.0,0.0,0.0,1.0,0.0,0.0
2124,0,0.02419675387398166,0.4731293196412984,0.132,-1.2,0.0,0.0,0.0,0.0,0.0,0.0,1.0,0.0,0.0
2125,1,0.03386768731398735,0.4731293196412984,0.13019999999999998,-0.8,0.0,0.0,0.0,0.0,0.0,0.0,1.0,0.0,0.0
2126,0,0.033143692240566014,0.4731293196412984,0.41259999999999997,1.2,0.0,0.0,0.0,0.0,0.0,0.0,1.0,0.0,0.0
2127,0,0.031693705616960326,0.4731293196412984,0.5256000000000001,-1.1,0.0,0.0,0.0,0.0,0.0,0.0,1.0,0.0,0.0
2128,0,0.012136763740206828,0.010307656158430495,0.1864,0.5,0.0,0.0,0.0,0.0,0.0,0.0,1.0,0.0,0.0
2129,1,0.015585042105694932,0.010307656158430495,0.0834,0.3,0.0,0.0,0.0,0.0,0.0,0.0,1.0,0.0,0.0
2130,1,0.016007387690014675,0.010307656158430495,0.107,1.3,0.0,0.0,0.0,0.0,0.0,0.0,1.0,0.0,0.0
2131,1,0.01643154825320988,0.010307656158430495,0.1882,-0.9,0.0,0.0,0.0,0.0,0.0,0.0,1.0,0.0,0.0
2132,1,0.016735738712737123,0.010307656158430495,0.1804,-0.2,0.0,0.0,0.0,0.0,0.0,0.0,1.0,0.0,0.0
2133,0,0.014072801706660936,0.010307656158430495,0.19940000000000002,2.2,0.0,0.0,0.0,0.0,0.0,0.0,1.0,0.0,0.0
2134,0,0.013177472627396089,0.010307656158430495,0.1524,-1.5,0.0,0.0,0.0,0.0,0.0,0.0,1.0,0.0,0.0
2135,0,0.011102225781194132,0.010307656158430495,0.195,-1.7,0.0,0.0,0.0,0.0,0.0,0.0,1.0,0.0,0.0
2136,0,0.011000223968393232,0.010307656158430495,0.1244,-0.6,0.0,0.0,0.0,0.0,0.0,0.0,1.0,0.0,0.0
2137,0,0.010748667896254355,0.010307656158430495,0.265,-0.1,0.0,0.0,0.0,0.0,0.0,0.0,1.0,0.0,0.0
2138,0,0.010545208764315191,0.010307656158430495,0.491,0.9,0.0,0.0,0.0,0.0,0.0,0.0,1.0,0.0,0.0
2139,1,0.017695681039968377,0.010307656158430495,0.057999999999999996,0.3,0.0,0.0,0.0,0.0,0.0,0.0,1.0,0.0,0.0
2140,1,0.01862585771364207,0.010307656158430495,0.1444,0.6,0.0,0.0,0.0,0.0,0.0,0.0,1.0,0.0,0.0
2141,1,0.02211098015030203,0.010307656158430495,0.0706,-0.9,0.0,0.0,0.0,0.0,0.0,0.0,1.0,0.0,0.0
2142,0,0.02048530357155173,0.010307656158430495,0.2086,0.6,0.0,0.0,0.0,0.0,0.0,0.0,1.0,0.0,0.0
2143,1,0.02116628364562465,0.010307656158430495,0.099,-1.6,0.0,0.0,0.0,0.0,0.0,0.0,1.0,0.0,0.0
2144,1,0.021541621277069958,0.010307656158430495,0.0766,-0.9,0.0,0.0,0.0,0.0,0.0,0.0,1.0,0.0,0.0
2145,0,0.019173981334031254,0.010307656158430495,0.0724,1.5,0.0,0.0,0.0,0.0,0.0,0.0,1.0,0.0,0.0
2146,1,0.020768440276123627,0.010307656158430495,0.1866,-1.4,0.0,0.0,0.0,0.0,0.0,0.0,1.0,0.0,0.0
2147,1,0.0216788336800548,0.010307656158430495,0.5770000000000001,-0.8,0.0,0.0,0.0,0.0,0.0,0.0,1.0,0.0,0.0
2148,0,0.020885869409365945,0.010307656158430495,0.1202,-0.6,0.0,0.0,0.0,0.0,0.0,0.0,1.0,0.0,0.0
2149,1,0.021028163753202076,0.010307656158430495,0.35200000000000004,-0.5,0.0,0.0,0.0,0.0,0.0,0.0,1.0,0.0,0.0
2150,1,0.021384988600117682,0.010307656158430495,0.3858,0.5,0.0,0.0,0.0,0.0,0.0,0.0,1.0,0.0,0.0
2151,1,0.022537863181810426,0.010307656158430495,0.3322,2.2,0.0,0.0,0.0,0.0,0.0,0.0,1.0,0.0,0.0
2152,1,0.025736944947697755,0.010307656158430495,0.45439999999999997,-0.7,0.0,0.0,0.0,0.0,0.0,0.0,1.0,0.0,0.0
2153,1,0.04875269206741703,0.010307656158430495,0.4104,-1.1,0.0,0.0,0.0,0.0,0.0,0.0,1.0,0.0,0.0
2154,1,0.05335257452938505,0.010307656158430495,0.11,0.6,0.0,0.0,0.0,0.0,0.0,0.0,1.0,0.0,0.0
2155,1,0.0647025449270796,0.010307656158430495,0.40659999999999996,0.1,0.0,0.0,0.0,0.0,0.0,0.0,1.0,0.0,0.0
2156,1,0.06610352712104783,0.010307656158430495,0.5376,-1.2,0.0,0.0,0.0,0.0,0.0,0.0,1.0,0.0,0.0
2157,0,0.0615992940458166,0.010307656158430495,0.132,-1.2,0.0,0.0,0.0,0.0,0.0,0.0,1.0,0.0,0.0
2158,0,0.057086167574095605,0.010307656158430495,0.13019999999999998,-0.8,0.0,0.0,0.0,0.0,0.0,0.0,1.0,0.0,0.0
2159,1,0.06434717206326436,0.010307656158430495,0.41259999999999997,1.2,0.0,0.0,0.0,0.0,0.0,0.0,1.0,0.0,0.0
2160,0,0.05638631171971789,0.010307656158430495,0.5256000000000001,-1.1,0.0,0.0,0.0,0.0,0.0,0.0,1.0,0.0,0.0
2161,1,0.004659050773308049,5.7229544368842474e-05,0.12240000000000001,0.6,0.0,0.0,0.0,0.0,0.0,0.0,1.0,0.0,0.0
2162,1,0.005446388609482974,5.7229544368842474e-05,0.1376,0.0,0.0,0.0,0.0,0.0,0.0,0.0,1.0,0.0,0.0
2163,1,0.005473068798952249,5.7229544368842474e-05,0.15839999999999999,0.1,0.0,0.0,0.0,0.0,0.0,0.0,1.0,0.0,0.0
2164,0,0.005124955850638854,5.7229544368842474e-05,0.3452,2.5,0.0,0.0,0.0,0.0,0.0,0.0,1.0,0.0,0.0
2165,1,0.005197192009882197,5.7229544368842474e-05,0.2488,-0.5,0.0,0.0,0.0,0.0,0.0,0.0,1.0,0.0,0.0
2166,1,0.005460000951048931,5.7229544368842474e-05,0.207,-0.8,0.0,0.0,0.0,0.0,0.0,0.0,1.0,0.0,0.0
2167,1,0.006094336068022504,5.7229544368842474e-05,0.2116,-0.3,0.0,0.0,0.0,0.0,0.0,0.0,1.0,0.0,0.0
2168,1,0.006470036695242904,5.7229544368842474e-05,0.198,1.6,0.0,0.0,0.0,0.0,0.0,0.0,1.0,0.0,0.0
2169,1,0.007341045057576575,5.7229544368842474e-05,0.0864,0.7,0.0,0.0,0.0,0.0,0.0,0.0,1.0,0.0,0.0
2170,1,0.007675001170661375,5.7229544368842474e-05,0.2018,-1.7,0.0,0.0,0.0,0.0,0.0,0.0,1.0,0.0,0.0
2171,1,0.008429124893415366,5.7229544368842474e-05,0.1378,0.2,0.0,0.0,0.0,0.0,0.0,0.0,1.0,0.0,0.0
2172,1,0.010031569742559766,5.7229544368842474e-05,0.0834,0.6,0.0,0.0,0.0,0.0,0.0,0.0,1.0,0.0,0.0
2173,1,0.010199999782202535,5.7229544368842474e-05,0.2144,2.3,0.0,0.0,0.0,0.0,0.0,0.0,1.0,0.0,0.0
2174,0,0.00951702323136661,5.7229544368842474e-05,0.1864,0.5,0.0,0.0,0.0,0.0,0.0,0.0,1.0,0.0,0.0
2175,0,0.008682314446542157,5.7229544368842474e-05,0.0834,0.3,0.0,0.0,0.0,0.0,0.0,0.0,1.0,0.0,0.0
2176,0,0.00842567643355199,5.7229544368842474e-05,0.107,1.3,0.0,0.0,0.0,0.0,0.0,0.0,1.0,0.0,0.0
2177,0,0.008134190826152974,5.7229544368842474e-05,0.1882,-0.9,0.0,0.0,0.0,0.0,0.0,0.0,1.0,0.0,0.0
2178,1,0.01209211525987049,5.7229544368842474e-05,0.1804,-0.2,0.0,0.0,0.0,0.0,0.0,0.0,1.0,0.0,0.0
2179,0,0.011431825944977827,5.7229544368842474e-05,0.19940000000000002,2.2,0.0,0.0,0.0,0.0,0.0,0.0,1.0,0.0,0.0
2180,1,0.011749265750295933,5.7229544368842474e-05,0.1524,-1.5,0.0,0.0,0.0,0.0,0.0,0.0,1.0,0.0,0.0
2181,0,0.009436619667183694,5.7229544368842474e-05,0.195,-1.7,0.0,0.0,0.0,0.0,0.0,0.0,1.0,0.0,0.0
2182,0,0.00921700722325293,5.7229544368842474e-05,0.1244,-0.6,0.0,0.0,0.0,0.0,0.0,0.0,1.0,0.0,0.0
2183,1,0.009934105376947517,5.7229544368842474e-05,0.265,-0.1,0.0,0.0,0.0,0.0,0.0,0.0,1.0,0.0,0.0
2184,1,0.01022577248223408,5.7229544368842474e-05,0.491,0.9,0.0,0.0,0.0,0.0,0.0,0.0,1.0,0.0,0.0
2185,1,0.010448651888140674,5.7229544368842474e-05,0.057999999999999996,0.3,0.0,0.0,0.0,0.0,0.0,0.0,1.0,0.0,0.0
2186,0,0.009928660440321134,5.7229544368842474e-05,0.1444,0.6,0.0,0.0,0.0,0.0,0.0,0.0,1.0,0.0,0.0
2187,0,0.00924241692750938,5.7229544368842474e-05,0.0706,-0.9,0.0,0.0,0.0,0.0,0.0,0.0,1.0,0.0,0.0
2188,0,0.008453082614571448,5.7229544368842474e-05,0.2086,0.6,0.0,0.0,0.0,0.0,0.0,0.0,1.0,0.0,0.0
2189,1,0.008606266831660346,5.7229544368842474e-05,0.099,-1.6,0.0,0.0,0.0,0.0,0.0,0.0,1.0,0.0,0.0
2190,1,0.00897198507506571,5.7229544368842474e-05,0.0766,-0.9,0.0,0.0,0.0,0.0,0.0,0.0,1.0,0.0,0.0
2191,1,0.010881161354163,5.7229544368842474e-05,0.0724,1.5,0.0,0.0,0.0,0.0,0.0,0.0,1.0,0.0,0.0
2192,0,0.010410718829643542,5.7229544368842474e-05,0.1866,-1.4,0.0,0.0,0.0,0.0,0.0,0.0,1.0,0.0,0.0
2193,0,0.009926482465670582,5.7229544368842474e-05,0.5770000000000001,-0.8,0.0,0.0,0.0,0.0,0.0,0.0,1.0,0.0,0.0
2194,0,0.009277809015580868,5.7229544368842474e-05,0.1202,-0.6,0.0,0.0,0.0,0.0,0.0,0.0,1.0,0.0,0.0
2195,1,0.010251726680153169,5.7229544368842474e-05,0.35200000000000004,-0.5,0.0,0.0,0.0,0.0,0.0,0.0,1.0,0.0,0.0
2196,0,0.009913233119879718,5.7229544368842474e-05,0.3858,0.5,0.0,0.0,0.0,0.0,0.0,0.0,1.0,0.0,0.0
2197,0,0.008477766327277717,5.7229544368842474e-05,0.3322,2.2,0.0,0.0,0.0,0.0,0.0,0.0,1.0,0.0,0.0
2198,0,0.005275236101527014,5.7229544368842474e-05,0.45439999999999997,-0.7,0.0,0.0,0.0,0.0,0.0,0.0,1.0,0.0,0.0
2199,0,0.0045699353105229205,5.7229544368842474e-05,0.4104,-1.1,0.0,0.0,0.0,0.0,0.0,0.0,1.0,0.0,0.0
2200,1,0.004987924945541559,5.7229544368842474e-05,0.11,0.6,0.0,0.0,0.0,0.0,0.0,0.0,1.0,0.0,0.0
2201,0,0.0019280520594020807,5.7229544368842474e-05,0.40659999999999996,0.1,0.0,0.0,0.0,0.0,0.0,0.0,1.0,0.0,0.0
2202,1,0.004360668246182283,5.7229544368842474e-05,0.5376,-1.2,0.0,0.0,0.0,0.0,0.0,0.0,1.0,0.0,0.0
2203,0,0.0041746329114475435,5.7229544368842474e-05,0.132,-1.2,0.0,0.0,0.0,0.0,0.0,0.0,1.0,0.0,0.0
2204,1,0.004358853267306822,5.7229544368842474e-05,0.13019999999999998,-0.8,0.0,0.0,0.0,0.0,0.0,0.0,1.0,0.0,0.0
2205,1,0.004452143181505511,5.7229544368842474e-05,0.41259999999999997,1.2,0.0,0.0,0.0,0.0,0.0,0.0,1.0,0.0,0.0
2206,0,0.0034424704330866295,5.7229544368842474e-05,0.5256000000000001,-1.1,0.0,0.0,0.0,0.0,0.0,0.0,1.0,0.0,0.0
2207,0,0.024748688950009312,0.00042504382602739303,0.1334,0.6,0.0,0.0,0.0,0.0,0.0,0.0,0.0,1.0,0.0
2208,1,0.02707440288102487,0.00042504382602739303,0.12119999999999999,0.0,0.0,0.0,0.0,0.0,0.0,0.0,0.0,1.0,0.0
2209,0,0.02446264827923668,0.00042504382602739303,0.155,0.1,0.0,0.0,0.0,0.0,0.0,0.0,0.0,1.0,0.0
2210,0,0.024290043788180348,0.00042504382602739303,0.1604,2.5,0.0,0.0,0.0,0.0,0.0,0.0,0.0,1.0,0.0
2211,0,0.023424843358248154,0.00042504382602739303,0.11699999999999999,-0.5,0.0,0.0,0.0,0.0,0.0,0.0,0.0,1.0,0.0
2212,1,0.02381324883759678,0.00042504382602739303,0.18960000000000002,-0.8,0.0,0.0,0.0,0.0,0.0,0.0,0.0,1.0,0.0
2213,1,0.02522693588369325,0.00042504382602739303,0.1784,-0.3,0.0,0.0,0.0,0.0,0.0,0.0,0.0,1.0,0.0
2214,0,0.021244872230932105,0.00042504382602739303,0.4286,1.6,0.0,0.0,0.0,0.0,0.0,0.0,0.0,1.0,0.0
2215,0,0.019091762790972876,0.00042504382602739303,0.19039999999999999,0.7,0.0,0.0,0.0,0.0,0.0,0.0,0.0,1.0,0.0
2216,1,0.019819206324257592,0.00042504382602739303,0.20679999999999998,-1.7,0.0,0.0,0.0,0.0,0.0,0.0,0.0,1.0,0.0
2217,0,0.01935184926382642,0.00042504382602739303,0.1452,0.2,0.0,0.0,0.0,0.0,0.0,0.0,0.0,1.0,0.0
2218,1,0.021855794120412234,0.00042504382602739303,0.12480000000000001,0.6,0.0,0.0,0.0,0.0,0.0,0.0,0.0,1.0,0.0
2219,1,0.022519350397280726,0.00042504382602739303,0.045,2.3,0.0,0.0,0.0,0.0,0.0,0.0,0.0,1.0,0.0
2220,0,0.01947327135059475,0.00042504382602739303,0.3618,0.5,0.0,0.0,0.0,0.0,0.0,0.0,0.0,1.0,0.0
2221,1,0.02112163516528831,0.00042504382602739303,0.1348,0.3,0.0,0.0,0.0,0.0,0.0,0.0,0.0,1.0,0.0
2222,0,0.018877050790005855,0.00042504382602739303,0.051399999999999994,1.3,0.0,0.0,0.0,0.0,0.0,0.0,0.0,1.0,0.0
2223,0,0.017452292372769074,0.00042504382602739303,0.3508,-0.9,0.0,0.0,0.0,0.0,0.0,0.0,0.0,1.0,0.0
2224,0,0.015954934800513857,0.00042504382602739303,0.07339999999999999,-0.2,0.0,0.0,0.0,0.0,0.0,0.0,0.0,1.0,0.0
2225,1,0.01665878360841758,0.00042504382602739303,0.5064,2.2,0.0,0.0,0.0,0.0,0.0,0.0,0.0,1.0,0.0
2226,1,0.016807611876205372,0.00042504382602739303,0.35259999999999997,-1.5,0.0,0.0,0.0,0.0,0.0,0.0,0.0,1.0,0.0
2227,0,0.01676877132827051,0.00042504382602739303,0.12960000000000002,-1.7,0.0,0.0,0.0,0.0,0.0,0.0,0.0,1.0,0.0
2228,0,0.016064741022479238,0.00042504382602739303,0.1882,-0.6,0.0,0.0,0.0,0.0,0.0,0.0,0.0,1.0,0.0
2229,0,0.015300090422247576,0.00042504382602739303,0.099,-0.1,0.0,0.0,0.0,0.0,0.0,0.0,0.0,1.0,0.0
2230,0,0.014935461166167487,0.00042504382602739303,0.051399999999999994,0.9,0.0,0.0,0.0,0.0,0.0,0.0,0.0,1.0,0.0
2231,0,0.01484162675830616,0.00042504382602739303,0.10039999999999999,0.3,0.0,0.0,0.0,0.0,0.0,0.0,0.0,1.0,0.0
2232,0,0.012672182508467784,0.00042504382602739303,0.1494,0.6,0.0,0.0,0.0,0.0,0.0,0.0,0.0,1.0,0.0
2233,0,0.01213621924654419,0.00042504382602739303,0.4224,-0.9,0.0,0.0,0.0,0.0,0.0,0.0,0.0,1.0,0.0
2234,1,0.013144440011862702,0.00042504382602739303,0.1396,0.6,0.0,0.0,0.0,0.0,0.0,0.0,0.0,1.0,0.0
2235,1,0.014544696214280763,0.00042504382602739303,0.2638,-1.6,0.0,0.0,0.0,0.0,0.0,0.0,0.0,1.0,0.0
2236,0,0.012621181602067334,0.00042504382602739303,0.1884,-0.9,0.0,0.0,0.0,0.0,0.0,0.0,0.0,1.0,0.0
2237,1,0.014176437000449751,0.00042504382602739303,0.4482,1.5,0.0,0.0,0.0,0.0,0.0,0.0,0.0,1.0,0.0
2238,0,0.011236171222203144,0.00042504382602739303,0.08439999999999999,-1.4,0.0,0.0,0.0,0.0,0.0,0.0,0.0,1.0,0.0
2239,1,0.013799284390128983,0.00042504382602739303,0.5226,-0.8,0.0,0.0,0.0,0.0,0.0,0.0,0.0,1.0,0.0
2240,0,0.011753803197484584,0.00042504382602739303,0.1226,-0.6,0.0,0.0,0.0,0.0,0.0,0.0,0.0,1.0,0.0
2241,0,0.011280275208876844,0.00042504382602739303,0.444,-0.5,0.0,0.0,0.0,0.0,0.0,0.0,0.0,1.0,0.0
2242,1,0.012840612548110553,0.00042504382602739303,0.2528,0.5,0.0,0.0,0.0,0.0,0.0,0.0,0.0,1.0,0.0
2243,0,0.012249110932597855,0.00042504382602739303,0.6198,2.2,0.0,0.0,0.0,0.0,0.0,0.0,0.0,1.0,0.0
2244,1,0.01388204742685,0.00042504382602739303,0.345,-0.7,0.0,0.0,0.0,0.0,0.0,0.0,0.0,1.0,0.0
2245,0,0.013297805726839146,0.00042504382602739303,0.2648,-1.1,0.0,0.0,0.0,0.0,0.0,0.0,0.0,1.0,0.0
2246,1,0.0140675382679221,0.00042504382602739303,0.385,0.6,0.0,0.0,0.0,0.0,0.0,0.0,0.0,1.0,0.0
2247,0,0.006938482742999354,0.00042504382602739303,0.2716,0.1,0.0,0.0,0.0,0.0,0.0,0.0,0.0,1.0,0.0
2248,1,0.014945262052094975,0.00042504382602739303,0.4174,-1.2,0.0,0.0,0.0,0.0,0.0,0.0,0.0,1.0,0.0
2249,0,0.014163369152546434,0.00042504382602739303,0.0872,-1.2,0.0,0.0,0.0,0.0,0.0,0.0,0.0,1.0,0.0
2250,1,0.015098627767071418,0.00042504382602739303,0.36219999999999997,-0.8,0.0,0.0,0.0,0.0,0.0,0.0,0.0,1.0,0.0
2251,0,0.01507031409661423,0.00042504382602739303,0.5182,1.2,0.0,0.0,0.0,0.0,0.0,0.0,0.0,1.0,0.0
2252,0,0.014054470420018781,0.00042504382602739303,0.1204,-1.1,0.0,0.0,0.0,0.0,0.0,0.0,0.0,1.0,0.0
2253,1,0.02065736356894542,0.0002289181774753699,0.12240000000000001,0.6,0.0,0.0,0.0,0.0,0.0,0.0,1.0,0.0,0.0
2254,1,0.02079149050784198,0.0002289181774753699,0.1376,0.0,0.0,0.0,0.0,0.0,0.0,0.0,1.0,0.0,0.0
2255,1,0.031240505391757746,0.0002289181774753699,0.15839999999999999,0.1,0.0,0.0,0.0,0.0,0.0,0.0,1.0,0.0,0.0
2256,0,0.029321165230957878,0.0002289181774753699,0.3452,2.5,0.0,0.0,0.0,0.0,0.0,0.0,1.0,0.0,0.0
2257,1,0.03230136054446462,0.0002289181774753699,0.2488,-0.5,0.0,0.0,0.0,0.0,0.0,0.0,1.0,0.0,0.0
2258,0,0.03213202301538413,0.0002289181774753699,0.207,-0.8,0.0,0.0,0.0,0.0,0.0,0.0,1.0,0.0,0.0
2259,1,0.05147225641440759,0.0002289181774753699,0.2116,-0.3,0.0,0.0,0.0,0.0,0.0,0.0,1.0,0.0,0.0
2260,0,0.03824305688906087,0.0002289181774753699,0.198,1.6,0.0,0.0,0.0,0.0,0.0,0.0,1.0,0.0,0.0
2261,1,0.04325221708744532,0.0002289181774753699,0.0864,0.7,0.0,0.0,0.0,0.0,0.0,0.0,1.0,0.0,0.0
2262,1,0.0463581904370215,0.0002289181774753699,0.1378,0.2,0.0,0.0,0.0,0.0,0.0,0.0,1.0,0.0,0.0
2263,1,0.04688925325598135,0.0002289181774753699,0.0834,0.6,0.0,0.0,0.0,0.0,0.0,0.0,1.0,0.0,0.0
2264,0,0.04649213587803051,0.0002289181774753699,0.2144,2.3,0.0,0.0,0.0,0.0,0.0,0.0,1.0,0.0,0.0
2265,0,0.03834215473566103,0.0002289181774753699,0.1864,0.5,0.0,0.0,0.0,0.0,0.0,0.0,1.0,0.0,0.0
2266,1,0.054204525613526386,0.0002289181774753699,0.0834,0.3,0.0,0.0,0.0,0.0,0.0,0.0,1.0,0.0,0.0
2267,1,0.0628256752719655,0.0002289181774753699,0.107,1.3,0.0,0.0,0.0,0.0,0.0,0.0,1.0,0.0,0.0
2268,0,0.05908881526527913,0.0002289181774753699,0.1882,-0.9,0.0,0.0,0.0,0.0,0.0,0.0,1.0,0.0,0.0
2269,0,0.032631686699798504,0.0002289181774753699,0.1804,-0.2,0.0,0.0,0.0,0.0,0.0,0.0,1.0,0.0,0.0
2270,1,0.03555834013647915,0.0002289181774753699,0.19940000000000002,2.2,0.0,0.0,0.0,0.0,0.0,0.0,1.0,0.0,0.0
2271,1,0.04257032952393467,0.0002289181774753699,0.1524,-1.5,0.0,0.0,0.0,0.0,0.0,0.0,1.0,0.0,0.0
2272,0,0.03586652354953241,0.0002289181774753699,0.195,-1.7,0.0,0.0,0.0,0.0,0.0,0.0,1.0,0.0,0.0
2273,0,0.03443922416186998,0.0002289181774753699,0.1244,-0.6,0.0,0.0,0.0,0.0,0.0,0.0,1.0,0.0,0.0
2274,0,0.030443729665430425,0.0002289181774753699,0.265,-0.1,0.0,0.0,0.0,0.0,0.0,0.0,1.0,0.0,0.0
2275,0,0.017943788652243876,0.0002289181774753699,0.491,0.9,0.0,0.0,0.0,0.0,0.0,0.0,1.0,0.0,0.0
2276,0,0.013371856864957949,0.0002289181774753699,0.057999999999999996,0.3,0.0,0.0,0.0,0.0,0.0,0.0,1.0,0.0,0.0
2277,1,0.01473871745606753,0.0002289181774753699,0.1444,0.6,0.0,0.0,0.0,0.0,0.0,0.0,1.0,0.0,0.0
2278,1,0.015906837860314143,0.0002289181774753699,0.0706,-0.9,0.0,0.0,0.0,0.0,0.0,0.0,1.0,0.0,0.0
2279,0,0.01481149810897351,0.0002289181774753699,0.2086,0.6,0.0,0.0,0.0,0.0,0.0,0.0,1.0,0.0,0.0
2280,1,0.017345208619116884,0.0002289181774753699,0.099,-1.6,0.0,0.0,0.0,0.0,0.0,0.0,1.0,0.0,0.0
2281,1,0.020592750320979014,0.0002289181774753699,0.0766,-0.9,0.0,0.0,0.0,0.0,0.0,0.0,1.0,0.0,0.0
2282,0,0.018966710746453622,0.0002289181774753699,0.0724,1.5,0.0,0.0,0.0,0.0,0.0,0.0,1.0,0.0,0.0
2283,0,0.016754251497266823,0.0002289181774753699,0.1866,-1.4,0.0,0.0,0.0,0.0,0.0,0.0,1.0,0.0,0.0
2284,0,0.013651182113891377,0.0002289181774753699,0.5770000000000001,-0.8,0.0,0.0,0.0,0.0,0.0,0.0,1.0,0.0,0.0
2285,0,0.009941183794561815,0.0002289181774753699,0.1202,-0.6,0.0,0.0,0.0,0.0,0.0,0.0,1.0,0.0,0.0
2286,1,0.011418032105524323,0.0002289181774753699,0.35200000000000004,-0.5,0.0,0.0,0.0,0.0,0.0,0.0,1.0,0.0,0.0
2287,1,0.01402434177068613,0.0002289181774753699,0.3858,0.5,0.0,0.0,0.0,0.0,0.0,0.0,1.0,0.0,0.0
2288,1,0.015675791049467976,0.0002289181774753699,0.3322,2.2,0.0,0.0,0.0,0.0,0.0,0.0,1.0,0.0,0.0
2289,1,0.019677637971971643,0.0002289181774753699,0.45439999999999997,-0.7,0.0,0.0,0.0,0.0,0.0,0.0,1.0,0.0,0.0
2290,1,0.020128841720411215,0.0002289181774753699,0.4104,-1.1,0.0,0.0,0.0,0.0,0.0,0.0,1.0,0.0,0.0
2291,1,0.020891858839654966,0.0002289181774753699,0.11,0.6,0.0,0.0,0.0,0.0,0.0,0.0,1.0,0.0,0.0
2292,0,0.0006484919522021683,0.0002289181774753699,0.40659999999999996,0.1,0.0,0.0,0.0,0.0,0.0,0.0,1.0,0.0,0.0
2293,0,0.0005971280500266258,0.0002289181774753699,0.5376,-1.2,0.0,0.0,0.0,0.0,0.0,0.0,1.0,0.0,0.0
2294,0,1.4701328891233035e-05,0.0002289181774753699,0.132,-1.2,0.0,0.0,0.0,0.0,0.0,0.0,1.0,0.0,0.0
2295,1,2.994715144510433e-05,0.0002289181774753699,0.13019999999999998,-0.8,0.0,0.0,0.0,0.0,0.0,0.0,1.0,0.0,0.0
2296,1,0.0031740350574059667,0.0002289181774753699,0.41259999999999997,1.2,0.0,0.0,0.0,0.0,0.0,0.0,1.0,0.0,0.0
2297,0,0.0020698019095755746,0.0002289181774753699,0.5256000000000001,-1.1,0.0,0.0,0.0,0.0,0.0,0.0,1.0,0.0,0.0
2298,1,0.00416138356565668,0.0004441728012326786,0.0336,0.6,0.0,0.0,0.0,0.0,0.0,1.0,0.0,0.0,0.0
2299,0,0.003864090025856189,0.0004441728012326786,0.3034,0.0,0.0,0.0,0.0,0.0,0.0,1.0,0.0,0.0,0.0
2300,1,0.0039530239907537715,0.0004441728012326786,0.0946,0.1,0.0,0.0,0.0,0.0,0.0,1.0,0.0,0.0,0.0
2301,1,0.004017637238720178,0.0004441728012326786,0.2812,2.5,0.0,0.0,0.0,0.0,0.0,1.0,0.0,0.0,0.0
2302,1,0.004115464600107519,0.0004441728012326786,0.1328,-0.5,0.0,0.0,0.0,0.0,0.0,1.0,0.0,0.0,0.0
2303,0,0.003913275953381179,0.0004441728012326786,0.11359999999999999,-0.8,0.0,0.0,0.0,0.0,0.0,1.0,0.0,0.0,0.0
2304,1,0.004244872593927879,0.0004441728012326786,0.1782,-0.3,0.0,0.0,0.0,0.0,0.0,1.0,0.0,0.0,0.0
2305,1,0.004530005775262782,0.0004441728012326786,0.0236,1.6,0.0,0.0,0.0,0.0,0.0,1.0,0.0,0.0,0.0
2306,1,0.004566668348547092,0.0004441728012326786,0.2186,0.7,0.0,0.0,0.0,0.0,0.0,1.0,0.0,0.0,0.0
2307,0,0.004300229449629436,0.0004441728012326786,0.19,-1.7,0.0,0.0,0.0,0.0,0.0,1.0,0.0,0.0,0.0
2308,0,0.004274819745372984,0.0004441728012326786,0.3998,0.2,0.0,0.0,0.0,0.0,0.0,1.0,0.0,0.0,0.0
2309,0,0.003772070596870323,0.0004441728012326786,0.2332,0.6,0.0,0.0,0.0,0.0,0.0,1.0,0.0,0.0,0.0
2310,1,0.004956525810996086,0.0004441728012326786,0.2158,2.3,0.0,0.0,0.0,0.0,0.0,1.0,0.0,0.0,0.0
2311,1,0.005448566584133527,0.0004441728012326786,0.0286,0.5,0.0,0.0,0.0,0.0,0.0,1.0,0.0,0.0,0.0
2312,1,0.005975454951679817,0.0004441728012326786,0.15380000000000002,0.3,0.0,0.0,0.0,0.0,0.0,1.0,0.0,0.0,0.0
2313,1,0.006486553003009598,0.0004441728012326786,0.12619999999999998,1.3,0.0,0.0,0.0,0.0,0.0,1.0,0.0,0.0,0.0
2314,0,0.00487884471512636,0.0004441728012326786,0.1568,-0.9,0.0,0.0,0.0,0.0,0.0,1.0,0.0,0.0,0.0
2315,1,0.004969412161011858,0.0004441728012326786,0.0676,-0.2,0.0,0.0,0.0,0.0,0.0,1.0,0.0,0.0,0.0
2316,0,0.0047830138305020265,0.0004441728012326786,0.4384,2.2,0.0,0.0,0.0,0.0,0.0,1.0,0.0,0.0,0.0
2317,1,0.004952895853245164,0.0004441728012326786,0.201,-1.5,0.0,0.0,0.0,0.0,0.0,1.0,0.0,0.0,0.0
2318,0,0.004258847931268928,0.0004441728012326786,0.1998,-1.7,0.0,0.0,0.0,0.0,0.0,1.0,0.0,0.0,0.0
2319,0,0.00371145030242993,0.0004441728012326786,0.133,-0.6,0.0,0.0,0.0,0.0,0.0,1.0,0.0,0.0,0.0
2320,1,0.005065969037186376,0.0004441728012326786,0.1782,-0.1,0.0,0.0,0.0,0.0,0.0,1.0,0.0,0.0,0.0
2321,0,0.00415484964170502,0.0004441728012326786,0.2336,0.9,0.0,0.0,0.0,0.0,0.0,1.0,0.0,0.0,0.0
2322,0,0.004056477786655041,0.0004441728012326786,0.1168,0.3,0.0,0.0,0.0,0.0,0.0,1.0,0.0,0.0,0.0
2323,1,0.004264474365782857,0.0004441728012326786,0.0492,0.6,0.0,0.0,0.0,0.0,0.0,1.0,0.0,0.0,0.0
2324,1,0.004510404003407804,0.0004441728012326786,0.20559999999999998,-0.9,0.0,0.0,0.0,0.0,0.0,1.0,0.0,0.0,0.0
2325,1,0.008923162143315814,0.0004441728012326786,0.4142,0.6,0.0,0.0,0.0,0.0,0.0,1.0,0.0,0.0,0.0
2326,0,0.006601985659488909,0.0004441728012326786,0.0894,-1.6,0.0,0.0,0.0,0.0,0.0,1.0,0.0,0.0,0.0
2327,0,0.004371739617322594,0.0004441728012326786,0.1226,-0.9,0.0,0.0,0.0,0.0,0.0,1.0,0.0,0.0,0.0
2328,0,0.0042423316235022344,0.0004441728012326786,0.16519999999999999,1.5,0.0,0.0,0.0,0.0,0.0,1.0,0.0,0.0,0.0
2329,0,0.003760091736292281,0.0004441728012326786,0.2632,-1.4,0.0,0.0,0.0,0.0,0.0,1.0,0.0,0.0,0.0
2330,1,0.003803106735640704,0.0004441728012326786,0.3148,-0.8,0.0,0.0,0.0,0.0,0.0,1.0,0.0,0.0,0.0
2331,0,0.0037127207876427528,0.0004441728012326786,0.3456,-0.6,0.0,0.0,0.0,0.0,0.0,1.0,0.0,0.0,0.0
2332,0,0.0033631558562289892,0.0004441728012326786,0.1352,-0.5,0.0,0.0,0.0,0.0,0.0,1.0,0.0,0.0,0.0
2333,1,0.0035265039550204675,0.0004441728012326786,0.327,0.5,0.0,0.0,0.0,0.0,0.0,1.0,0.0,0.0,0.0
2334,1,0.004473741430123495,0.0004441728012326786,0.41659999999999997,2.2,0.0,0.0,0.0,0.0,0.0,1.0,0.0,0.0,0.0
2335,0,0.004424374004710959,0.0004441728012326786,0.4192,-0.7,0.0,0.0,0.0,0.0,0.0,1.0,0.0,0.0,0.0
2336,0,0.0039239843287463974,0.0004441728012326786,0.46740000000000004,-1.1,0.0,0.0,0.0,0.0,0.0,1.0,0.0,0.0,0.0
2337,0,0.0030204878445419772,0.0004441728012326786,0.43560000000000004,0.6,0.0,0.0,0.0,0.0,0.0,1.0,0.0,0.0,0.0
2338,0,0.001535835124414987,0.0004441728012326786,0.5197999999999999,0.1,0.0,0.0,0.0,0.0,0.0,1.0,0.0,0.0,0.0
2339,1,0.004064282195819523,0.0004441728012326786,0.2394,-1.2,0.0,0.0,0.0,0.0,0.0,1.0,0.0,0.0,0.0
2340,0,0.0030832861136329236,0.0004441728012326786,0.1716,-1.2,0.0,0.0,0.0,0.0,0.0,1.0,0.0,0.0,0.0
2341,0,0.0015750386681249416,0.0004441728012326786,0.36060000000000003,-0.8,0.0,0.0,0.0,0.0,0.0,1.0,0.0,0.0,0.0
2342,1,0.0016808519365643104,0.0004441728012326786,0.5506,1.2,0.0,0.0,0.0,0.0,0.0,1.0,0.0,0.0,0.0
2343,0,0.0014194949784979453,0.0004441728012326786,0.1476,-1.1,0.0,0.0,0.0,0.0,0.0,1.0,0.0,0.0,0.0
2344,0,0.003947216058352297,0.0015329219606916302,0.12240000000000001,0.6,0.0,0.0,0.0,0.0,0.0,0.0,1.0,0.0,0.0
2345,0,0.0036951154925507824,0.0015329219606916302,0.1376,0.0,0.0,0.0,0.0,0.0,0.0,0.0,1.0,0.0,0.0
2346,1,0.005897047864259908,0.0015329219606916302,0.15839999999999999,0.1,0.0,0.0,0.0,0.0,0.0,0.0,1.0,0.0,0.0
2347,1,0.0065281160192576515,0.0015329219606916302,0.3452,2.5,0.0,0.0,0.0,0.0,0.0,0.0,1.0,0.0,0.0
2348,0,0.005153632516871136,0.0015329219606916302,0.2488,-0.5,0.0,0.0,0.0,0.0,0.0,0.0,1.0,0.0,0.0
2349,1,0.005380141880528652,0.0015329219606916302,0.207,-0.8,0.0,0.0,0.0,0.0,0.0,0.0,1.0,0.0,0.0
2350,1,0.005557283818773634,0.0015329219606916302,0.2116,-0.3,0.0,0.0,0.0,0.0,0.0,0.0,1.0,0.0,0.0
2351,1,0.0063693053676548254,0.0015329219606916302,0.198,1.6,0.0,0.0,0.0,0.0,0.0,0.0,1.0,0.0,0.0
2352,0,0.006191618935747207,0.0015329219606916302,0.0864,0.7,0.0,0.0,0.0,0.0,0.0,0.0,1.0,0.0,0.0
2353,1,0.007028142699447121,0.0015329219606916302,0.2018,-1.7,0.0,0.0,0.0,0.0,0.0,0.0,1.0,0.0,0.0
2354,0,0.006590732790461052,0.0015329219606916302,0.1378,0.2,0.0,0.0,0.0,0.0,0.0,0.0,1.0,0.0,0.0
2355,1,0.007472449528159942,0.0015329219606916302,0.0834,0.6,0.0,0.0,0.0,0.0,0.0,0.0,1.0,0.0,0.0
2356,1,0.008477221833615078,0.0015329219606916302,0.2144,2.3,0.0,0.0,0.0,0.0,0.0,0.0,1.0,0.0,0.0
2357,1,0.009126258279479885,0.0015329219606916302,0.1864,0.5,0.0,0.0,0.0,0.0,0.0,0.0,1.0,0.0,0.0
2358,1,0.00932735793888095,0.0015329219606916302,0.0834,0.3,0.0,0.0,0.0,0.0,0.0,0.0,1.0,0.0,0.0
2359,1,0.009791811033111386,0.0015329219606916302,0.107,1.3,0.0,0.0,0.0,0.0,0.0,0.0,1.0,0.0,0.0
2360,0,0.008151614623357398,0.0015329219606916302,0.1882,-0.9,0.0,0.0,0.0,0.0,0.0,0.0,1.0,0.0,0.0
2361,0,0.007570276889547283,0.0015329219606916302,0.1804,-0.2,0.0,0.0,0.0,0.0,0.0,0.0,1.0,0.0,0.0
2362,0,0.007162632634118772,0.0015329219606916302,0.19940000000000002,2.2,0.0,0.0,0.0,0.0,0.0,0.0,1.0,0.0,0.0
2363,1,0.007253018582116723,0.0015329219606916302,0.1524,-1.5,0.0,0.0,0.0,0.0,0.0,0.0,1.0,0.0,0.0
2364,0,0.006323749397880758,0.0015329219606916302,0.195,-1.7,0.0,0.0,0.0,0.0,0.0,0.0,1.0,0.0,0.0
2365,0,0.00627401897669313,0.0015329219606916302,0.1244,-0.6,0.0,0.0,0.0,0.0,0.0,0.0,1.0,0.0,0.0
2366,1,0.006474029648768918,0.0015329219606916302,0.265,-0.1,0.0,0.0,0.0,0.0,0.0,0.0,1.0,0.0,0.0
2367,0,0.0061395290420214795,0.0015329219606916302,0.491,0.9,0.0,0.0,0.0,0.0,0.0,0.0,1.0,0.0,0.0
2368,1,0.006210131720276907,0.0015329219606916302,0.057999999999999996,0.3,0.0,0.0,0.0,0.0,0.0,0.0,1.0,0.0,0.0
2369,1,0.006317941465479283,0.0015329219606916302,0.1444,0.6,0.0,0.0,0.0,0.0,0.0,0.0,1.0,0.0,0.0
2370,0,0.005988704297470682,0.0015329219606916302,0.0706,-0.9,0.0,0.0,0.0,0.0,0.0,0.0,1.0,0.0,0.0
2371,1,0.006000320162273631,0.0015329219606916302,0.2086,0.6,0.0,0.0,0.0,0.0,0.0,0.0,1.0,0.0,0.0
2372,0,0.005671445990040122,0.0015329219606916302,0.099,-1.6,0.0,0.0,0.0,0.0,0.0,0.0,1.0,0.0,0.0
2373,1,0.006869332047844295,0.0015329219606916302,0.0766,-0.9,0.0,0.0,0.0,0.0,0.0,0.0,1.0,0.0,0.0
2374,0,0.005978721913655647,0.0015329219606916302,0.0724,1.5,0.0,0.0,0.0,0.0,0.0,0.0,1.0,0.0,0.0
2375,0,0.005406096078447743,0.0015329219606916302,0.1866,-1.4,0.0,0.0,0.0,0.0,0.0,0.0,1.0,0.0,0.0
2376,0,0.005304820257197027,0.0015329219606916302,0.5770000000000001,-0.8,0.0,0.0,0.0,0.0,0.0,0.0,1.0,0.0,0.0
2377,0,0.004507681535094613,0.0015329219606916302,0.1202,-0.6,0.0,0.0,0.0,0.0,0.0,0.0,1.0,0.0,0.0
2378,1,0.005542400991994855,0.0015329219606916302,0.35200000000000004,-0.5,0.0,0.0,0.0,0.0,0.0,0.0,1.0,0.0,0.0
2379,0,0.005385405319267489,0.0015329219606916302,0.3858,0.5,0.0,0.0,0.0,0.0,0.0,0.0,1.0,0.0,0.0
2380,1,0.005883072526918859,0.0015329219606916302,0.3322,2.2,0.0,0.0,0.0,0.0,0.0,0.0,1.0,0.0,0.0
2381,1,0.00637928775146986,0.0015329219606916302,0.45439999999999997,-0.7,0.0,0.0,0.0,0.0,0.0,0.0,1.0,0.0,0.0
2382,0,0.006285090347833442,0.0015329219606916302,0.4104,-1.1,0.0,0.0,0.0,0.0,0.0,0.0,1.0,0.0,0.0
2383,0,0.005748401094359663,0.0015329219606916302,0.11,0.6,0.0,0.0,0.0,0.0,0.0,0.0,1.0,0.0,0.0
2384,0,0.0048971760017685155,0.0015329219606916302,0.40659999999999996,0.1,0.0,0.0,0.0,0.0,0.0,0.0,1.0,0.0,0.0
2385,1,0.006911439557754987,0.0015329219606916302,0.5376,-1.2,0.0,0.0,0.0,0.0,0.0,0.0,1.0,0.0,0.0
2386,0,0.00674990643783897,0.0015329219606916302,0.132,-1.2,0.0,0.0,0.0,0.0,0.0,0.0,1.0,0.0,0.0
2387,1,0.007179330439773012,0.0015329219606916302,0.13019999999999998,-0.8,0.0,0.0,0.0,0.0,0.0,0.0,1.0,0.0,0.0
2388,0,0.006916158502831186,0.0015329219606916302,0.41259999999999997,1.2,0.0,0.0,0.0,0.0,0.0,0.0,1.0,0.0,0.0
2389,0,0.005834068097281416,0.0015329219606916302,0.5256000000000001,-1.1,0.0,0.0,0.0,0.0,0.0,0.0,1.0,0.0,0.0
2390,0,0.01987764864404743,0.004298983221284801,0.09300000000000001,0.6,0.0,1.0,0.0,0.0,0.0,0.0,0.0,0.0,0.0
2391,1,0.02725789724533396,0.004298983221284801,0.29960000000000003,0.0,0.0,1.0,0.0,0.0,0.0,0.0,0.0,0.0,0.0
2392,1,0.03088640301315533,0.004298983221284801,0.247,0.1,0.0,1.0,0.0,0.0,0.0,0.0,0.0,0.0,0.0
2393,0,0.027584774940804465,0.004298983221284801,0.12480000000000001,2.5,0.0,1.0,0.0,0.0,0.0,0.0,0.0,0.0,0.0
2394,1,0.027850487848171936,0.004298983221284801,0.14279999999999998,-0.5,0.0,1.0,0.0,0.0,0.0,0.0,0.0,0.0,0.0
2395,1,0.03060344780647098,0.004298983221284801,0.17980000000000002,-0.8,0.0,1.0,0.0,0.0,0.0,0.0,0.0,0.0,0.0
2396,1,0.030983141387217396,0.004298983221284801,0.1324,-0.3,0.0,1.0,0.0,0.0,0.0,0.0,0.0,0.0,0.0
2397,0,0.029383782002161275,0.004298983221284801,0.34979999999999994,1.6,0.0,1.0,0.0,0.0,0.0,0.0,0.0,0.0,0.0
2398,0,0.02675424060739357,0.004298983221284801,0.3432,0.7,0.0,1.0,0.0,0.0,0.0,0.0,0.0,0.0,0.0
2399,1,0.02977472845193555,0.004298983221284801,0.1446,-1.7,0.0,1.0,0.0,0.0,0.0,0.0,0.0,0.0,0.0
2400,1,0.031179159105767167,0.004298983221284801,0.187,0.2,0.0,1.0,0.0,0.0,0.0,0.0,0.0,0.0,0.0
2401,1,0.03390616486614712,0.004298983221284801,0.1018,0.6,0.0,1.0,0.0,0.0,0.0,0.0,0.0,0.0,0.0
2402,0,0.02771654240716292,0.004298983221284801,0.0674,2.3,0.0,1.0,0.0,0.0,0.0,0.0,0.0,0.0,0.0
2403,1,0.02832383433889213,0.004298983221284801,0.36219999999999997,0.5,0.0,1.0,0.0,0.0,0.0,0.0,0.0,0.0,0.0
2404,0,0.025740030411786036,0.004298983221284801,0.11699999999999999,0.3,0.0,1.0,0.0,0.0,0.0,0.0,0.0,0.0,0.0
2405,0,0.023120108405058272,0.004298983221284801,0.193,1.3,0.0,1.0,0.0,0.0,0.0,0.0,0.0,0.0,0.0
2406,1,0.023987849805416114,0.004298983221284801,0.3454,-0.9,0.0,1.0,0.0,0.0,0.0,0.0,0.0,0.0,0.0
2407,1,0.025702460349063996,0.004298983221284801,0.11939999999999999,-0.2,0.0,1.0,0.0,0.0,0.0,0.0,0.0,0.0,0.0
2408,0,0.025701189863851174,0.004298983221284801,0.3398,2.2,0.0,1.0,0.0,0.0,0.0,0.0,0.0,0.0,0.0
2409,0,0.025673420687056622,0.004298983221284801,0.316,-1.5,0.0,1.0,0.0,0.0,0.0,0.0,0.0,0.0,0.0
2410,0,0.021671573764552955,0.004298983221284801,0.08439999999999999,-1.7,0.0,1.0,0.0,0.0,0.0,0.0,0.0,0.0,0.0
2411,0,0.020533763507526535,0.004298983221284801,0.24420000000000003,-0.6,0.0,1.0,0.0,0.0,0.0,0.0,0.0,0.0,0.0
2412,0,0.020199444398666645,0.004298983221284801,0.128,-0.1,0.0,1.0,0.0,0.0,0.0,0.0,0.0,0.0,0.0
2413,0,0.019168173401629778,0.004298983221284801,0.1298,0.9,0.0,1.0,0.0,0.0,0.0,0.0,0.0,0.0,0.0
2414,1,0.019550044957026745,0.004298983221284801,0.1152,0.3,0.0,1.0,0.0,0.0,0.0,0.0,0.0,0.0,0.0
2415,0,0.01807120016930123,0.004298983221284801,0.195,0.6,0.0,1.0,0.0,0.0,0.0,0.0,0.0,0.0,0.0
2416,0,0.017850680235932732,0.004298983221284801,0.36939999999999995,-0.9,0.0,1.0,0.0,0.0,0.0,0.0,0.0,0.0,0.0
2417,1,0.020307798637531658,0.004298983221284801,0.3518,0.6,0.0,1.0,0.0,0.0,0.0,0.0,0.0,0.0,0.0
2418,0,0.02030035722414227,0.004298983221284801,0.109,-1.6,0.0,1.0,0.0,0.0,0.0,0.0,0.0,0.0,0.0
2419,1,0.022032210067107028,0.004298983221284801,0.1474,-0.9,0.0,1.0,0.0,0.0,0.0,0.0,0.0,0.0,0.0
2420,1,0.02428350986422869,0.004298983221284801,0.2696,1.5,0.0,1.0,0.0,0.0,0.0,0.0,0.0,0.0,0.0
2421,0,0.023378924392698994,0.004298983221284801,0.1832,-1.4,0.0,1.0,0.0,0.0,0.0,0.0,0.0,0.0,0.0
2422,0,0.02223621369270883,0.004298983221284801,0.49,-0.8,0.0,1.0,0.0,0.0,0.0,0.0,0.0,0.0,0.0
2423,0,0.019624822086695734,0.004298983221284801,0.1804,-0.6,0.0,1.0,0.0,0.0,0.0,0.0,0.0,0.0,0.0
2424,1,0.021627106782104163,0.004298983221284801,0.12960000000000002,-0.5,0.0,1.0,0.0,0.0,0.0,0.0,0.0,0.0,0.0
2425,1,0.023798366010818,0.004298983221284801,0.41600000000000004,0.5,0.0,1.0,0.0,0.0,0.0,0.0,0.0,0.0,0.0
2426,0,0.02361015270143271,0.004298983221284801,0.445,2.2,0.0,1.0,0.0,0.0,0.0,0.0,0.0,0.0,0.0
2427,1,0.02768931772403101,0.004298983221284801,0.1528,-0.7,0.0,1.0,0.0,0.0,0.0,0.0,0.0,0.0,0.0
2428,0,0.025777781972395622,0.004298983221284801,0.1646,-1.1,0.0,1.0,0.0,0.0,0.0,0.0,0.0,0.0,0.0
2429,1,0.03012991981786324,0.004298983221284801,0.4546,0.6,0.0,1.0,0.0,0.0,0.0,0.0,0.0,0.0,0.0
2430,1,0.033014465744633195,0.004298983221284801,0.1184,0.1,0.0,1.0,0.0,0.0,0.0,0.0,0.0,0.0,0.0
2431,1,0.03521549062690459,0.004298983221284801,0.3624,-1.2,0.0,1.0,0.0,0.0,0.0,0.0,0.0,0.0,0.0
2432,0,0.031698787557811615,0.004298983221284801,0.16899999999999998,-1.2,0.0,1.0,0.0,0.0,0.0,0.0,0.0,0.0,0.0
2433,0,0.031629092368993916,0.004298983221284801,0.2036,-0.8,0.0,1.0,0.0,0.0,0.0,0.0,0.0,0.0,0.0
2434,1,0.03338018398803856,0.004298983221284801,0.4428,1.2,0.0,1.0,0.0,0.0,0.0,0.0,0.0,0.0,0.0
2435,0,0.03310376270530587,0.004298983221284801,0.3396,-1.1,0.0,1.0,0.0,0.0,0.0,0.0,0.0,0.0,0.0
2436,1,0.0031233971467806085,4.62128570778403e-06,0.1162,0.6,0.0,0.0,0.0,1.0,0.0,0.0,0.0,0.0,0.0
2437,1,0.00347768102327057,4.62128570778403e-06,0.11199999999999999,0.0,0.0,0.0,0.0,1.0,0.0,0.0,0.0,0.0,0.0
2438,0,0.003291282692760739,4.62128570778403e-06,0.12300000000000001,0.1,0.0,0.0,0.0,1.0,0.0,0.0,0.0,0.0,0.0
2439,0,0.0028360859907951533,4.62128570778403e-06,0.0882,2.5,0.0,0.0,0.0,1.0,0.0,0.0,0.0,0.0,0.0
2440,1,0.0031675011334543076,4.62128570778403e-06,0.078,-0.5,0.0,0.0,0.0,1.0,0.0,0.0,0.0,0.0,0.0
2441,0,0.0029262904409055584,4.62128570778403e-06,0.2024,-0.8,0.0,0.0,0.0,1.0,0.0,0.0,0.0,0.0,0.0
2442,1,0.0033166923970171912,4.62128570778403e-06,0.12480000000000001,-0.3,0.0,0.0,0.0,1.0,0.0,0.0,0.0,0.0,0.0
2443,0,0.0024874285488191202,4.62128570778403e-06,0.1366,1.6,0.0,0.0,0.0,1.0,0.0,0.0,0.0,0.0,0.0
2444,0,0.0,4.62128570778403e-06,0.25,0.7,0.0,0.0,0.0,1.0,0.0,0.0,0.0,0.0,0.0
2445,1,0.0008586665059805369,4.62128570778403e-06,0.2836,-1.7,0.0,0.0,0.0,1.0,0.0,0.0,0.0,0.0,0.0
2446,1,0.003000886072687,4.62128570778403e-06,0.265,0.2,0.0,0.0,0.0,1.0,0.0,0.0,0.0,0.0,0.0
2447,1,0.0030820156284201007,4.62128570778403e-06,0.2122,0.6,0.0,0.0,0.0,1.0,0.0,0.0,0.0,0.0,0.0
2448,0,0.0028368119823453373,4.62128570778403e-06,0.09519999999999999,2.3,0.0,0.0,0.0,1.0,0.0,0.0,0.0,0.0,0.0
2449,0,0.0022730795436271918,4.62128570778403e-06,0.32299999999999995,0.5,0.0,0.0,0.0,1.0,0.0,0.0,0.0,0.0,0.0
2450,1,0.002815576729502445,4.62128570778403e-06,0.1642,0.3,0.0,0.0,0.0,1.0,0.0,0.0,0.0,0.0,0.0
2451,1,0.005730251305605054,4.62128570778403e-06,0.0922,1.3,0.0,0.0,0.0,1.0,0.0,0.0,0.0,0.0,0.0
2452,0,0.0034468263823877352,4.62128570778403e-06,0.34119999999999995,-0.9,0.0,0.0,0.0,1.0,0.0,0.0,0.0,0.0,0.0
2453,0,0.00290396620073739,4.62128570778403e-06,0.11720000000000001,-0.2,0.0,0.0,0.0,1.0,0.0,0.0,0.0,0.0,0.0
2454,0,0.0027672982914151863,4.62128570778403e-06,0.43439999999999995,2.2,0.0,0.0,0.0,1.0,0.0,0.0,0.0,0.0,0.0
2455,1,0.0029493406726239114,4.62128570778403e-06,0.2662,-1.5,0.0,0.0,0.0,1.0,0.0,0.0,0.0,0.0,0.0
2456,1,0.004353589828567986,4.62128570778403e-06,0.1582,-1.7,0.0,0.0,0.0,1.0,0.0,0.0,0.0,0.0,0.0
2457,1,0.004908428870796373,4.62128570778403e-06,0.059000000000000004,-0.6,0.0,0.0,0.0,1.0,0.0,0.0,0.0,0.0,0.0
2458,1,0.006657342515190466,4.62128570778403e-06,0.1402,-0.1,0.0,0.0,0.0,1.0,0.0,0.0,0.0,0.0,0.0
2459,0,0.005411178019299034,4.62128570778403e-06,0.2112,0.9,0.0,0.0,0.0,1.0,0.0,0.0,0.0,0.0,0.0
2460,1,0.006060758958826479,4.62128570778403e-06,0.20440000000000003,0.3,0.0,0.0,0.0,1.0,0.0,0.0,0.0,0.0,0.0
2461,0,0.0026115731039006436,4.62128570778403e-06,0.069,0.6,0.0,0.0,0.0,1.0,0.0,0.0,0.0,0.0,0.0
2462,1,0.0031063363453512766,4.62128570778403e-06,0.19079999999999997,-0.9,0.0,0.0,0.0,1.0,0.0,0.0,0.0,0.0,0.0
2463,0,0.0024589333804743846,4.62128570778403e-06,0.2758,0.6,0.0,0.0,0.0,1.0,0.0,0.0,0.0,0.0,0.0
2464,1,0.0031504403320249757,4.62128570778403e-06,0.2932,-1.6,0.0,0.0,0.0,1.0,0.0,0.0,0.0,0.0,0.0
2465,1,0.003226850942681878,4.62128570778403e-06,0.2588,-0.9,0.0,0.0,0.0,1.0,0.0,0.0,0.0,0.0,0.0
2466,0,0.003062958350227762,4.62128570778403e-06,0.1906,1.5,0.0,0.0,0.0,1.0,0.0,0.0,0.0,0.0,0.0
2467,0,0.0029331873606323095,4.62128570778403e-06,0.2554,-1.4,0.0,0.0,0.0,1.0,0.0,0.0,0.0,0.0,0.0
2468,1,0.0030814711347574627,4.62128570778403e-06,0.48,-0.8,0.0,0.0,0.0,1.0,0.0,0.0,0.0,0.0,0.0
2469,1,0.0032273954363445166,4.62128570778403e-06,0.192,-0.6,0.0,0.0,0.0,1.0,0.0,0.0,0.0,0.0,0.0
2470,1,0.0037379489940116586,4.62128570778403e-06,0.303,-0.5,0.0,0.0,0.0,1.0,0.0,0.0,0.0,0.0,0.0
2471,1,0.0039611913956933455,4.62128570778403e-06,0.29100000000000004,0.5,0.0,0.0,0.0,1.0,0.0,0.0,0.0,0.0,0.0
2472,1,0.004071723609208913,4.62128570778403e-06,0.385,2.2,0.0,0.0,0.0,1.0,0.0,0.0,0.0,0.0,0.0
2473,1,0.004557230458394694,4.62128570778403e-06,0.40700000000000003,-0.7,0.0,0.0,0.0,1.0,0.0,0.0,0.0,0.0,0.0
2474,0,0.00364883353122653,4.62128570778403e-06,0.34740000000000004,-1.1,0.0,0.0,0.0,1.0,0.0,0.0,0.0,0.0,0.0
2475,1,0.003807644182829356,4.62128570778403e-06,0.41600000000000004,0.6,0.0,0.0,0.0,1.0,0.0,0.0,0.0,0.0,0.0
2476,0,0.00018730581994756164,4.62128570778403e-06,0.35340000000000005,0.1,0.0,0.0,0.0,1.0,0.0,0.0,0.0,0.0,0.0
2477,1,0.0024605668614622995,4.62128570778403e-06,0.33840000000000003,-1.2,0.0,0.0,0.0,1.0,0.0,0.0,0.0,0.0,0.0
2478,1,0.002629178398992614,4.62128570778403e-06,0.061399999999999996,-1.2,0.0,0.0,0.0,1.0,0.0,0.0,0.0,0.0,0.0
2479,1,0.0028515133112365703,4.62128570778403e-06,0.38880000000000003,-0.8,0.0,0.0,0.0,1.0,0.0,0.0,0.0,0.0,0.0
2480,1,0.0028903538591714332,4.62128570778403e-06,0.4374,1.2,0.0,0.0,0.0,1.0,0.0,0.0,0.0,0.0,0.0
2481,0,0.002528991565067174,4.62128570778403e-06,0.1974,-1.1,0.0,0.0,0.0,1.0,0.0,0.0,0.0,0.0,0.0
2482,1,0.32144473770469784,8.35265200063256e-05,0.10619999999999999,0.6,1.0,0.0,0.0,0.0,0.0,0.0,0.0,0.0,0.0
2483,1,0.34220355859278156,8.35265200063256e-05,0.068,0.0,1.0,0.0,0.0,0.0,0.0,0.0,0.0,0.0,0.0
2484,0,0.3238461362548201,8.35265200063256e-05,0.06480000000000001,0.1,1.0,0.0,0.0,0.0,0.0,0.0,0.0,0.0,0.0
2485,0,0.2901840860474225,8.35265200063256e-05,0.065,2.5,1.0,0.0,0.0,0.0,0.0,0.0,0.0,0.0,0.0
2486,0,0.11564682398661562,8.35265200063256e-05,0.0318,-0.5,1.0,0.0,0.0,0.0,0.0,0.0,0.0,0.0,0.0
2487,0,0.03451581627041443,8.35265200063256e-05,0.1192,-0.8,1.0,0.0,0.0,0.0,0.0,0.0,0.0,0.0,0.0
2488,1,0.3491460342893069,8.35265200063256e-05,0.0622,-0.3,1.0,0.0,0.0,0.0,0.0,0.0,0.0,0.0,0.0
2489,1,0.5613159758433571,8.35265200063256e-05,0.053,1.6,1.0,0.0,0.0,0.0,0.0,0.0,0.0,0.0,0.0
2490,0,0.5142604705223836,8.35265200063256e-05,0.0602,0.7,1.0,0.0,0.0,0.0,0.0,0.0,0.0,0.0,0.0
2491,0,0.4820215452512348,8.35265200063256e-05,0.1298,-1.7,1.0,0.0,0.0,0.0,0.0,0.0,0.0,0.0,0.0
2492,1,0.5575950876507748,8.35265200063256e-05,0.3194,0.2,1.0,0.0,0.0,0.0,0.0,0.0,0.0,0.0,0.0
2493,1,0.7882484110767435,8.35265200063256e-05,0.2724,0.6,1.0,0.0,0.0,0.0,0.0,0.0,0.0,0.0,0.0
2494,0,0.7546507926194247,8.35265200063256e-05,0.1628,2.3,1.0,0.0,0.0,0.0,0.0,0.0,0.0,0.0,0.0
2495,0,0.7463198580831718,8.35265200063256e-05,0.021,0.5,1.0,0.0,0.0,0.0,0.0,0.0,0.0,0.0,0.0
2496,1,0.7718783906074117,8.35265200063256e-05,0.1168,0.3,1.0,0.0,0.0,0.0,0.0,0.0,0.0,0.0,0.0
2497,0,0.7704086207140635,8.35265200063256e-05,0.064,1.3,1.0,0.0,0.0,0.0,0.0,0.0,0.0,0.0,0.0
2498,1,0.8156653004715678,8.35265200063256e-05,0.31079999999999997,-0.9,1.0,0.0,0.0,0.0,0.0,0.0,0.0,0.0,0.0
2499,1,0.8600074123737274,8.35265200063256e-05,0.059000000000000004,-0.2,1.0,0.0,0.0,0.0,0.0,0.0,0.0,0.0,0.0
2500,1,0.9439039034024683,8.35265200063256e-05,0.4708,2.2,1.0,0.0,0.0,0.0,0.0,0.0,0.0,0.0,0.0
2501,1,0.9746463785907996,8.35265200063256e-05,0.365,-1.5,1.0,0.0,0.0,0.0,0.0,0.0,0.0,0.0,0.0
2502,1,1.0,8.35265200063256e-05,0.1158,-1.7,1.0,0.0,0.0,0.0,0.0,0.0,0.0,0.0,0.0
2503,0,0.7837075154282279,8.35265200063256e-05,0.21960000000000002,-0.6,1.0,0.0,0.0,0.0,0.0,0.0,0.0,0.0,0.0
2504,0,0.6186464395740898,8.35265200063256e-05,0.155,-0.1,1.0,0.0,0.0,0.0,0.0,0.0,0.0,0.0,0.0
2505,0,0.5864645046396305,8.35265200063256e-05,0.3132,0.9,1.0,0.0,0.0,0.0,0.0,0.0,0.0,0.0,0.0
2506,1,0.6566689765297822,8.35265200063256e-05,0.2168,0.3,1.0,0.0,0.0,0.0,0.0,0.0,0.0,0.0,0.0
2507,1,0.7687515450007677,8.35265200063256e-05,0.2868,0.6,1.0,0.0,0.0,0.0,0.0,0.0,0.0,0.0,0.0
2508,0,0.5923337833270959,8.35265200063256e-05,0.637,-0.9,1.0,0.0,0.0,0.0,0.0,0.0,0.0,0.0,0.0
2509,1,0.6135165832804872,8.35265200063256e-05,0.10679999999999999,0.6,1.0,0.0,0.0,0.0,0.0,0.0,0.0,0.0,0.0
2510,1,0.6452692757109,8.35265200063256e-05,0.2352,-1.6,1.0,0.0,0.0,0.0,0.0,0.0,0.0,0.0,0.0
2511,1,0.6950430748936514,8.35265200063256e-05,0.1592,-0.9,1.0,0.0,0.0,0.0,0.0,0.0,0.0,0.0,0.0
2512,1,0.6957336743557642,8.35265200063256e-05,0.33880000000000005,1.5,1.0,0.0,0.0,0.0,0.0,0.0,0.0,0.0,0.0
2513,0,0.6806138113358499,8.35265200063256e-05,0.6314,-1.4,1.0,0.0,0.0,0.0,0.0,0.0,0.0,0.0,0.0
2514,0,0.54983750494128,8.35265200063256e-05,0.47479999999999994,-0.8,1.0,0.0,0.0,0.0,0.0,0.0,0.0,0.0,0.0
2515,0,0.3418592571001066,8.35265200063256e-05,0.1646,-0.6,1.0,0.0,0.0,0.0,0.0,0.0,0.0,0.0,0.0
2516,1,0.7620760526968227,8.35265200063256e-05,0.1074,-0.5,1.0,0.0,0.0,0.0,0.0,0.0,0.0,0.0,0.0
2517,1,0.7766330907674566,8.35265200063256e-05,0.18,0.5,1.0,0.0,0.0,0.0,0.0,0.0,0.0,0.0,0.0
2518,1,0.8170212711894246,8.35265200063256e-05,0.3778,2.2,1.0,0.0,0.0,0.0,0.0,0.0,0.0,0.0,0.0
2519,0,0.8062114385050673,8.35265200063256e-05,0.299,-0.7,1.0,0.0,0.0,0.0,0.0,0.0,0.0,0.0,0.0
2520,0,0.7868715681018189,8.35265200063256e-05,0.3496,-1.1,1.0,0.0,0.0,0.0,0.0,0.0,0.0,0.0,0.0
2521,0,0.769634713721567,8.35265200063256e-05,0.3968,0.6,1.0,0.0,0.0,0.0,0.0,0.0,0.0,0.0,0.0
2522,0,0.10461465639001427,8.35265200063256e-05,0.4376,0.1,1.0,0.0,0.0,0.0,0.0,0.0,0.0,0.0,0.0
2523,1,0.28249819500350837,8.35265200063256e-05,0.547,-1.2,1.0,0.0,0.0,0.0,0.0,0.0,0.0,0.0,0.0
2524,1,0.5701235238323061,8.35265200063256e-05,0.2064,-1.2,1.0,0.0,0.0,0.0,0.0,0.0,0.0,0.0,0.0
2525,1,0.6787307707525592,8.35265200063256e-05,0.6038,-0.8,1.0,0.0,0.0,0.0,0.0,0.0,0.0,0.0,0.0
2526,0,0.6755404008852741,8.35265200063256e-05,0.5454,1.2,1.0,0.0,0.0,0.0,0.0,0.0,0.0,0.0,0.0
2527,0,0.6421814521500784,8.35265200063256e-05,0.1524,-1.1,1.0,0.0,0.0,0.0,0.0,0.0,0.0,0.0,0.0
2528,1,0.09278535007131052,1.1016687291002176e-05,0.3496,-1.1,1.0,0.0,0.0,0.0,0.0,0.0,0.0,0.0,0.0
2529,1,0.37913620073375964,1.1016687291002176e-05,0.3968,0.6,1.0,0.0,0.0,0.0,0.0,0.0,0.0,0.0,0.0
2530,0,0.0,1.1016687291002176e-05,0.4376,0.1,1.0,0.0,0.0,0.0,0.0,0.0,0.0,0.0,0.0
2531,1,0.01270485212822608,1.1016687291002176e-05,0.547,-1.2,1.0,0.0,0.0,0.0,0.0,0.0,0.0,0.0,0.0
2532,1,0.2871225796802951,1.1016687291002176e-05,0.2064,-1.2,1.0,0.0,0.0,0.0,0.0,0.0,0.0,0.0,0.0
2533,0,0.15112421606524923,1.1016687291002176e-05,0.6038,-0.8,1.0,0.0,0.0,0.0,0.0,0.0,0.0,0.0,0.0
2534,1,0.417924477277009,1.1016687291002176e-05,0.5454,1.2,1.0,0.0,0.0,0.0,0.0,0.0,0.0,0.0,0.0
2535,0,0.05410034582607493,1.1016687291002176e-05,0.1524,-1.1,1.0,0.0,0.0,0.0,0.0,0.0,0.0,0.0,0.0
2536,1,0.05664167924749524,0.004489242841539018,0.12240000000000001,0.6,0.0,0.0,0.0,0.0,0.0,0.0,1.0,0.0,0.0
2537,1,0.06421667508211872,0.004489242841539018,0.1376,0.0,0.0,0.0,0.0,0.0,0.0,0.0,1.0,0.0,0.0
2538,0,0.06327615302885489,0.004489242841539018,0.15839999999999999,0.1,0.0,0.0,0.0,0.0,0.0,0.0,1.0,0.0,0.0
2539,1,0.06808639154248884,0.004489242841539018,0.3452,2.5,0.0,0.0,0.0,0.0,0.0,0.0,1.0,0.0,0.0
2540,1,0.07425296376975468,0.004489242841539018,0.2488,-0.5,0.0,0.0,0.0,0.0,0.0,0.0,1.0,0.0,0.0
2541,1,0.07486806011064837,0.004489242841539018,0.207,-0.8,0.0,0.0,0.0,0.0,0.0,0.0,1.0,0.0,0.0
2542,1,0.07740050013557892,0.004489242841539018,0.2116,-0.3,0.0,0.0,0.0,0.0,0.0,0.0,1.0,0.0,0.0
2543,1,0.08156932511462499,0.004489242841539018,0.198,1.6,0.0,0.0,0.0,0.0,0.0,0.0,1.0,0.0,0.0
2544,1,0.0934866579087886,0.004489242841539018,0.0864,0.7,0.0,0.0,0.0,0.0,0.0,0.0,1.0,0.0,0.0
2545,0,0.09061554282569705,0.004489242841539018,0.2018,-1.7,0.0,0.0,0.0,0.0,0.0,0.0,1.0,0.0,0.0
2546,1,0.09119361359753134,0.004489242841539018,0.1378,0.2,0.0,0.0,0.0,0.0,0.0,0.0,1.0,0.0,0.0
2547,1,0.09446729099520011,0.004489242841539018,0.0834,0.6,0.0,0.0,0.0,0.0,0.0,0.0,1.0,0.0,0.0
2548,1,0.10852520987508227,0.004489242841539018,0.2144,2.3,0.0,0.0,0.0,0.0,0.0,0.0,1.0,0.0,0.0
2549,0,0.0934610667066446,0.004489242841539018,0.1864,0.5,0.0,0.0,0.0,0.0,0.0,0.0,1.0,0.0,0.0
2550,1,0.09491667976476421,0.004489242841539018,0.0834,0.3,0.0,0.0,0.0,0.0,0.0,0.0,1.0,0.0,0.0
2551,0,0.08873631369804487,0.004489242841539018,0.107,1.3,0.0,0.0,0.0,0.0,0.0,0.0,1.0,0.0,0.0
2552,0,0.035999924496878784,0.004489242841539018,0.1882,-0.9,0.0,0.0,0.0,0.0,0.0,0.0,1.0,0.0,0.0
2553,0,0.03407332442057707,0.004489242841539018,0.1804,-0.2,0.0,0.0,0.0,0.0,0.0,0.0,1.0,0.0,0.0
2554,0,0.0319082361200398,0.004489242841539018,0.19940000000000002,2.2,0.0,0.0,0.0,0.0,0.0,0.0,1.0,0.0,0.0
2555,1,0.03325005000266802,0.004489242841539018,0.1524,-1.5,0.0,0.0,0.0,0.0,0.0,0.0,1.0,0.0,0.0
2556,0,0.030489467133092037,0.004489242841539018,0.195,-1.7,0.0,0.0,0.0,0.0,0.0,0.0,1.0,0.0,0.0
2557,0,0.028953087515014412,0.004489242841539018,0.1244,-0.6,0.0,0.0,0.0,0.0,0.0,0.0,1.0,0.0,0.0
2558,0,0.02734519772924363,0.004489242841539018,0.265,-0.1,0.0,0.0,0.0,0.0,0.0,0.0,1.0,0.0,0.0
2559,1,0.028871413465618674,0.004489242841539018,0.491,0.9,0.0,0.0,0.0,0.0,0.0,0.0,1.0,0.0,0.0
2560,0,0.023034078406361427,0.004489242841539018,0.057999999999999996,0.3,0.0,0.0,0.0,0.0,0.0,0.0,1.0,0.0,0.0
2561,1,0.041728723819383466,0.004489242841539018,0.1444,0.6,0.0,0.0,0.0,0.0,0.0,0.0,1.0,0.0,0.0
2562,0,0.0401847212900289,0.004489242841539018,0.0706,-0.9,0.0,0.0,0.0,0.0,0.0,0.0,1.0,0.0,0.0
2563,1,0.042081192716997964,0.004489242841539018,0.2086,0.6,0.0,0.0,0.0,0.0,0.0,0.0,1.0,0.0,0.0
2564,0,0.03800547615426304,0.004489242841539018,0.099,-1.6,0.0,0.0,0.0,0.0,0.0,0.0,1.0,0.0,0.0
2565,0,0.03401215963247404,0.004489242841539018,0.0766,-0.9,0.0,0.0,0.0,0.0,0.0,0.0,1.0,0.0,0.0
2566,0,0.028825313002181968,0.004489242841539018,0.0724,1.5,0.0,0.0,0.0,0.0,0.0,0.0,1.0,0.0,0.0
2567,1,0.03362520613622578,0.004489242841539018,0.1866,-1.4,0.0,0.0,0.0,0.0,0.0,0.0,1.0,0.0,0.0
2568,0,0.03226905392048142,0.004489242841539018,0.5770000000000001,-0.8,0.0,0.0,0.0,0.0,0.0,0.0,1.0,0.0,0.0
2569,1,0.0335524254833198,0.004489242841539018,0.1202,-0.6,0.0,0.0,0.0,0.0,0.0,0.0,1.0,0.0,0.0
2570,0,0.03207485118080711,0.004489242841539018,0.35200000000000004,-0.5,0.0,0.0,0.0,0.0,0.0,0.0,1.0,0.0,0.0
2571,1,0.03306945960455966,0.004489242841539018,0.3858,0.5,0.0,0.0,0.0,0.0,0.0,0.0,1.0,0.0,0.0
2572,0,0.01093216226056345,0.004489242841539018,0.3322,2.2,0.0,0.0,0.0,0.0,0.0,0.0,1.0,0.0,0.0
2573,1,0.021680648658930258,0.004489242841539018,0.45439999999999997,-0.7,0.0,0.0,0.0,0.0,0.0,0.0,1.0,0.0,0.0
2574,0,0.0189815935732324,0.004489242841539018,0.4104,-1.1,0.0,0.0,0.0,0.0,0.0,0.0,1.0,0.0,0.0
2575,1,0.019670559554357345,0.004489242841539018,0.11,0.6,0.0,0.0,0.0,0.0,0.0,0.0,1.0,0.0,0.0
2576,0,0.01518574675309354,0.004489242841539018,0.40659999999999996,0.1,0.0,0.0,0.0,0.0,0.0,0.0,1.0,0.0,0.0
2577,1,0.02280575406382845,0.004489242841539018,0.5376,-1.2,0.0,0.0,0.0,0.0,0.0,0.0,1.0,0.0,0.0
2578,0,0.00994372476498746,0.004489242841539018,0.132,-1.2,0.0,0.0,0.0,0.0,0.0,0.0,1.0,0.0,0.0
2579,1,0.014795526294869453,0.004489242841539018,0.13019999999999998,-0.8,0.0,0.0,0.0,0.0,0.0,0.0,1.0,0.0,0.0
2580,0,0.013296535241626323,0.004489242841539018,0.41259999999999997,1.2,0.0,0.0,0.0,0.0,0.0,0.0,1.0,0.0,0.0
2581,1,0.01966493311984342,0.004489242841539018,0.5256000000000001,-1.1,0.0,0.0,0.0,0.0,0.0,0.0,1.0,0.0,0.0
2582,0,0.019427715380820682,0.00035768465230526545,0.12240000000000001,0.6,0.0,0.0,0.0,0.0,0.0,0.0,1.0,0.0,0.0
2583,0,0.018965984754903437,0.00035768465230526545,0.1376,0.0,0.0,0.0,0.0,0.0,0.0,0.0,1.0,0.0,0.0
2584,1,0.018990123973947066,0.00035768465230526545,0.15839999999999999,0.1,0.0,0.0,0.0,0.0,0.0,0.0,1.0,0.0,0.0
2585,0,0.017873004476100903,0.00035768465230526545,0.3452,2.5,0.0,0.0,0.0,0.0,0.0,0.0,1.0,0.0,0.0
2586,1,0.021723119164616042,0.00035768465230526545,0.2488,-0.5,0.0,0.0,0.0,0.0,0.0,0.0,1.0,0.0,0.0
2587,1,0.023344621291952784,0.00035768465230526545,0.207,-0.8,0.0,0.0,0.0,0.0,0.0,0.0,1.0,0.0,0.0
2588,0,0.022580152189608665,0.00035768465230526545,0.2116,-0.3,0.0,0.0,0.0,0.0,0.0,0.0,1.0,0.0,0.0
2589,1,0.024915848504439255,0.00035768465230526545,0.198,1.6,0.0,0.0,0.0,0.0,0.0,0.0,1.0,0.0,0.0
2590,1,0.02517266801531697,0.00035768465230526545,0.0864,0.7,0.0,0.0,0.0,0.0,0.0,0.0,1.0,0.0,0.0
2591,0,0.023027725980297314,0.00035768465230526545,0.2018,-1.7,0.0,0.0,0.0,0.0,0.0,0.0,1.0,0.0,0.0
2592,0,0.020735589158477785,0.00035768465230526545,0.1378,0.2,0.0,0.0,0.0,0.0,0.0,0.0,1.0,0.0,0.0
2593,0,0.019010996231014866,0.00035768465230526545,0.0834,0.6,0.0,0.0,0.0,0.0,0.0,0.0,1.0,0.0,0.0
2594,1,0.02184762671547266,0.00035768465230526545,0.2144,2.3,0.0,0.0,0.0,0.0,0.0,0.0,1.0,0.0,0.0
2595,0,0.016480552682847323,0.00035768465230526545,0.1864,0.5,0.0,0.0,0.0,0.0,0.0,0.0,1.0,0.0,0.0
2596,0,0.014071168225673022,0.00035768465230526545,0.0834,0.3,0.0,0.0,0.0,0.0,0.0,0.0,1.0,0.0,0.0
2597,1,0.014454673262057903,0.00035768465230526545,0.107,1.3,0.0,0.0,0.0,0.0,0.0,0.0,1.0,0.0,0.0
2598,1,0.017650669563856945,0.00035768465230526545,0.1882,-0.9,0.0,0.0,0.0,0.0,0.0,0.0,1.0,0.0,0.0
2599,1,0.020468787263785038,0.00035768465230526545,0.1804,-0.2,0.0,0.0,0.0,0.0,0.0,0.0,1.0,0.0,0.0
2600,1,0.021611679461662744,0.00035768465230526545,0.19940000000000002,2.2,0.0,0.0,0.0,0.0,0.0,0.0,1.0,0.0,0.0
2601,1,0.022283947637133452,0.00035768465230526545,0.1524,-1.5,0.0,0.0,0.0,0.0,0.0,0.0,1.0,0.0,0.0
2602,0,0.02089312932486779,0.00035768465230526545,0.195,-1.7,0.0,0.0,0.0,0.0,0.0,0.0,1.0,0.0,0.0
2603,1,0.02291773826044439,0.00035768465230526545,0.1244,-0.6,0.0,0.0,0.0,0.0,0.0,0.0,1.0,0.0,0.0
2604,0,0.02082434162548782,0.00035768465230526545,0.265,-0.1,0.0,0.0,0.0,0.0,0.0,0.0,1.0,0.0,0.0
2605,0,0.01924422101651159,0.00035768465230526545,0.491,0.9,0.0,0.0,0.0,0.0,0.0,0.0,1.0,0.0,0.0
2606,1,0.019451128608314126,0.00035768465230526545,0.057999999999999996,0.3,0.0,0.0,0.0,0.0,0.0,0.0,1.0,0.0,0.0
2607,0,0.01896961471265436,0.00035768465230526545,0.1444,0.6,0.0,0.0,0.0,0.0,0.0,0.0,1.0,0.0,0.0
2608,1,0.020117225855608267,0.00035768465230526545,0.0706,-0.9,0.0,0.0,0.0,0.0,0.0,0.0,1.0,0.0,0.0
2609,1,0.020824523123375367,0.00035768465230526545,0.2086,0.6,0.0,0.0,0.0,0.0,0.0,0.0,1.0,0.0,0.0
2610,1,0.022448021727475113,0.00035768465230526545,0.099,-1.6,0.0,0.0,0.0,0.0,0.0,0.0,1.0,0.0,0.0
2611,1,0.0251503437751488,0.00035768465230526545,0.0766,-0.9,0.0,0.0,0.0,0.0,0.0,0.0,1.0,0.0,0.0
2612,0,0.02182348749642903,0.00035768465230526545,0.0724,1.5,0.0,0.0,0.0,0.0,0.0,0.0,1.0,0.0,0.0
2613,0,0.017598942665906312,0.00035768465230526545,0.1866,-1.4,0.0,0.0,0.0,0.0,0.0,0.0,1.0,0.0,0.0
2614,1,0.02155541511652346,0.00035768465230526545,0.5770000000000001,-0.8,0.0,0.0,0.0,0.0,0.0,0.0,1.0,0.0,0.0
2615,0,0.0165651306984438,0.00035768465230526545,0.1202,-0.6,0.0,0.0,0.0,0.0,0.0,0.0,1.0,0.0,0.0
2616,1,0.017365536382522043,0.00035768465230526545,0.35200000000000004,-0.5,0.0,0.0,0.0,0.0,0.0,0.0,1.0,0.0,0.0
2617,1,0.01887995475620659,0.00035768465230526545,0.3858,0.5,0.0,0.0,0.0,0.0,0.0,0.0,1.0,0.0,0.0
2618,0,0.016563678715343432,0.00035768465230526545,0.3322,2.2,0.0,0.0,0.0,0.0,0.0,0.0,1.0,0.0,0.0
2619,1,0.01828409719139279,0.00035768465230526545,0.45439999999999997,-0.7,0.0,0.0,0.0,0.0,0.0,0.0,1.0,0.0,0.0
2620,1,0.02201769023610334,0.00035768465230526545,0.4104,-1.1,0.0,0.0,0.0,0.0,0.0,0.0,1.0,0.0,0.0
2621,0,0.018787209335670543,0.00035768465230526545,0.11,0.6,0.0,0.0,0.0,0.0,0.0,0.0,1.0,0.0,0.0
2622,0,0.01678510613814966,0.00035768465230526545,0.40659999999999996,0.1,0.0,0.0,0.0,0.0,0.0,0.0,1.0,0.0,0.0
2623,1,0.02224274761666049,0.00035768465230526545,0.5376,-1.2,0.0,0.0,0.0,0.0,0.0,0.0,1.0,0.0,0.0
2624,1,0.028312762967751818,0.00035768465230526545,0.132,-1.2,0.0,0.0,0.0,0.0,0.0,0.0,1.0,0.0,0.0
2625,0,0.021898809119760655,0.00035768465230526545,0.13019999999999998,-0.8,0.0,0.0,0.0,0.0,0.0,0.0,1.0,0.0,0.0
2626,0,0.020696930108430468,0.00035768465230526545,0.41259999999999997,1.2,0.0,0.0,0.0,0.0,0.0,0.0,1.0,0.0,0.0
2627,0,0.016703432088753918,0.00035768465230526545,0.5256000000000001,-1.1,0.0,0.0,0.0,0.0,0.0,0.0,1.0,0.0,0.0
2628,0,0.010949404559880327,0.0016024272423275892,0.12240000000000001,0.6,0.0,0.0,0.0,0.0,0.0,0.0,1.0,0.0,0.0
2629,1,0.012800683012850414,0.0016024272423275892,0.1376,0.0,0.0,0.0,0.0,0.0,0.0,0.0,1.0,0.0,0.0
2630,0,0.012495040570222804,0.0016024272423275892,0.15839999999999999,0.1,0.0,0.0,0.0,0.0,0.0,0.0,1.0,0.0,0.0
2631,1,0.012711930545840376,0.0016024272423275892,0.3452,2.5,0.0,0.0,0.0,0.0,0.0,0.0,1.0,0.0,0.0
2632,0,0.012644050335898141,0.0016024272423275892,0.2488,-0.5,0.0,0.0,0.0,0.0,0.0,0.0,1.0,0.0,0.0
2633,1,0.013359333510717268,0.0016024272423275892,0.207,-0.8,0.0,0.0,0.0,0.0,0.0,0.0,1.0,0.0,0.0
2634,1,0.015025121122615254,0.0016024272423275892,0.2116,-0.3,0.0,0.0,0.0,0.0,0.0,0.0,1.0,0.0,0.0
2635,0,0.014684268089803703,0.0016024272423275892,0.198,1.6,0.0,0.0,0.0,0.0,0.0,0.0,1.0,0.0,0.0
2636,0,0.01422616742163738,0.0016024272423275892,0.0864,0.7,0.0,0.0,0.0,0.0,0.0,0.0,1.0,0.0,0.0
2637,0,0.011090609916391183,0.0016024272423275892,0.2018,-1.7,0.0,0.0,0.0,0.0,0.0,0.0,1.0,0.0,0.0
2638,0,0.008264687807298611,0.0016024272423275892,0.1378,0.2,0.0,0.0,0.0,0.0,0.0,0.0,1.0,0.0,0.0
2639,1,0.011368846177999334,0.0016024272423275892,0.0834,0.6,0.0,0.0,0.0,0.0,0.0,0.0,1.0,0.0,0.0
2640,0,0.010957934960594993,0.0016024272423275892,0.2144,2.3,0.0,0.0,0.0,0.0,0.0,0.0,1.0,0.0,0.0
2641,1,0.012734073288121,0.0016024272423275892,0.1864,0.5,0.0,0.0,0.0,0.0,0.0,0.0,1.0,0.0,0.0
2642,0,0.012538418565346317,0.0016024272423275892,0.0834,0.3,0.0,0.0,0.0,0.0,0.0,0.0,1.0,0.0,0.0
2643,1,0.012874734150969217,0.0016024272423275892,0.107,1.3,0.0,0.0,0.0,0.0,0.0,0.0,1.0,0.0,0.0
2644,1,0.013062402966691871,0.0016024272423275892,0.1882,-0.9,0.0,0.0,0.0,0.0,0.0,0.0,1.0,0.0,0.0
2645,1,0.014411295266934389,0.0016024272423275892,0.1804,-0.2,0.0,0.0,0.0,0.0,0.0,0.0,1.0,0.0,0.0
2646,0,0.014306026492157658,0.0016024272423275892,0.19940000000000002,2.2,0.0,0.0,0.0,0.0,0.0,0.0,1.0,0.0,0.0
2647,0,0.013431932665735703,0.0016024272423275892,0.1524,-1.5,0.0,0.0,0.0,0.0,0.0,0.0,1.0,0.0,0.0
2648,1,0.01380454782886782,0.0016024272423275892,0.195,-1.7,0.0,0.0,0.0,0.0,0.0,0.0,1.0,0.0,0.0
2649,1,0.014520919991012224,0.0016024272423275892,0.1244,-0.6,0.0,0.0,0.0,0.0,0.0,0.0,1.0,0.0,0.0
2650,0,0.010404910897242067,0.0016024272423275892,0.265,-0.1,0.0,0.0,0.0,0.0,0.0,0.0,1.0,0.0,0.0
2651,1,0.010747578908929079,0.0016024272423275892,0.491,0.9,0.0,0.0,0.0,0.0,0.0,0.0,1.0,0.0,0.0
2652,1,0.011473751957000972,0.0016024272423275892,0.057999999999999996,0.3,0.0,0.0,0.0,0.0,0.0,0.0,1.0,0.0,0.0
2653,1,0.013637751270212967,0.0016024272423275892,0.1444,0.6,0.0,0.0,0.0,0.0,0.0,0.0,1.0,0.0,0.0
2654,0,0.011567404866974754,0.0016024272423275892,0.0706,-0.9,0.0,0.0,0.0,0.0,0.0,0.0,1.0,0.0,0.0
2655,0,0.010195462335013884,0.0016024272423275892,0.2086,0.6,0.0,0.0,0.0,0.0,0.0,0.0,1.0,0.0,0.0
2656,1,0.011534735247216458,0.0016024272423275892,0.099,-1.6,0.0,0.0,0.0,0.0,0.0,0.0,1.0,0.0,0.0
2657,0,0.010986793124714822,0.0016024272423275892,0.0766,-0.9,0.0,0.0,0.0,0.0,0.0,0.0,1.0,0.0,0.0
2658,0,0.010980077702875617,0.0016024272423275892,0.0724,1.5,0.0,0.0,0.0,0.0,0.0,0.0,1.0,0.0,0.0
2659,0,0.009696706140037236,0.0016024272423275892,0.1866,-1.4,0.0,0.0,0.0,0.0,0.0,0.0,1.0,0.0,0.0
2660,0,0.009416291903778531,0.0016024272423275892,0.5770000000000001,-0.8,0.0,0.0,0.0,0.0,0.0,0.0,1.0,0.0,0.0
2661,0,0.007193124279226514,0.0016024272423275892,0.1202,-0.6,0.0,0.0,0.0,0.0,0.0,0.0,1.0,0.0,0.0
2662,0,0.006599263191175718,0.0016024272423275892,0.35200000000000004,-0.5,0.0,0.0,0.0,0.0,0.0,0.0,1.0,0.0,0.0
2663,1,0.0068103452343918165,0.0016024272423275892,0.3858,0.5,0.0,0.0,0.0,0.0,0.0,0.0,1.0,0.0,0.0
2664,1,0.006905631625353513,0.0016024272423275892,0.3322,2.2,0.0,0.0,0.0,0.0,0.0,0.0,1.0,0.0,0.0
2665,1,0.00742290060485986,0.0016024272423275892,0.45439999999999997,-0.7,0.0,0.0,0.0,0.0,0.0,0.0,1.0,0.0,0.0
2666,0,0.0072276088778602705,0.0016024272423275892,0.4104,-1.1,0.0,0.0,0.0,0.0,0.0,0.0,1.0,0.0,0.0
2667,0,0.005236758549367244,0.0016024272423275892,0.11,0.6,0.0,0.0,0.0,0.0,0.0,0.0,1.0,0.0,0.0
2668,0,0.004493161704090926,0.0016024272423275892,0.40659999999999996,0.1,0.0,0.0,0.0,0.0,0.0,0.0,1.0,0.0,0.0
2669,1,0.005868552695915172,0.0016024272423275892,0.5376,-1.2,0.0,0.0,0.0,0.0,0.0,0.0,1.0,0.0,0.0
2670,0,0.005717909449251921,0.0016024272423275892,0.132,-1.2,0.0,0.0,0.0,0.0,0.0,0.0,1.0,0.0,0.0
2671,0,0.005665638057638647,0.0016024272423275892,0.13019999999999998,-0.8,0.0,0.0,0.0,0.0,0.0,0.0,1.0,0.0,0.0
2672,0,0.0055973948519213185,0.0016024272423275892,0.41259999999999997,1.2,0.0,0.0,0.0,0.0,0.0,0.0,1.0,0.0,0.0
2673,0,0.004747984738205632,0.0016024272423275892,0.5256000000000001,-1.1,0.0,0.0,0.0,0.0,0.0,0.0,1.0,0.0,0.0
2674,1,0.0006915069515505909,5.3495316598775505e-05,0.332,1.2,0.0,0.0,0.0,0.0,0.0,0.0,0.0,0.0,1.0
2675,1,0.0008835317165743508,5.3495316598775505e-05,0.501,-1.1,0.0,0.0,0.0,0.0,0.0,0.0,0.0,0.0,1.0
2676,1,0.008652730290872145,0.03240622949885705,0.4266,-1.2,0.0,0.0,0.0,0.0,0.0,0.0,0.0,0.0,1.0
2677,1,0.010914193969696387,0.03240622949885705,0.1744,-0.8,0.0,0.0,0.0,0.0,0.0,0.0,0.0,0.0,1.0
2678,1,0.010968098842297574,0.03240622949885705,0.332,1.2,0.0,0.0,0.0,0.0,0.0,0.0,0.0,0.0,1.0
2679,0,0.009431356228444857,0.03240622949885705,0.501,-1.1,0.0,0.0,0.0,0.0,0.0,0.0,0.0,0.0,1.0
2680,1,0.013395270092451395,0.0011616023694404878,0.12240000000000001,0.6,0.0,0.0,0.0,0.0,0.0,0.0,1.0,0.0,0.0
2681,1,0.014136144469414521,0.0011616023694404878,0.1376,0.0,0.0,0.0,0.0,0.0,0.0,0.0,1.0,0.0,0.0
2682,1,0.014441060920491947,0.0011616023694404878,0.15839999999999999,0.1,0.0,0.0,0.0,0.0,0.0,0.0,1.0,0.0,0.0
2683,1,0.014618021360849382,0.0011616023694404878,0.3452,2.5,0.0,0.0,0.0,0.0,0.0,0.0,1.0,0.0,0.0
2684,1,0.015185565255205995,0.0011616023694404878,0.2488,-0.5,0.0,0.0,0.0,0.0,0.0,0.0,1.0,0.0,0.0
2685,1,0.01650432890611586,0.0011616023694404878,0.207,-0.8,0.0,0.0,0.0,0.0,0.0,0.0,1.0,0.0,0.0
2686,1,0.01770275945758267,0.0011616023694404878,0.2116,-0.3,0.0,0.0,0.0,0.0,0.0,0.0,1.0,0.0,0.0
2687,0,0.0175043822664948,0.0011616023694404878,0.198,1.6,0.0,0.0,0.0,0.0,0.0,0.0,1.0,0.0,0.0
2688,1,0.019678545461409375,0.0011616023694404878,0.0864,0.7,0.0,0.0,0.0,0.0,0.0,0.0,1.0,0.0,0.0
2689,1,0.02057169656602367,0.0011616023694404878,0.2018,-1.7,0.0,0.0,0.0,0.0,0.0,0.0,1.0,0.0,0.0
2690,1,0.021486808915031037,0.0011616023694404878,0.1378,0.2,0.0,0.0,0.0,0.0,0.0,0.0,1.0,0.0,0.0
2691,1,0.024700410511922052,0.0011616023694404878,0.0834,0.6,0.0,0.0,0.0,0.0,0.0,0.0,1.0,0.0,0.0
2692,1,0.02517085303644151,0.0011616023694404878,0.2144,2.3,0.0,0.0,0.0,0.0,0.0,0.0,1.0,0.0,0.0
2693,0,0.019955874233579796,0.0011616023694404878,0.1864,0.5,0.0,0.0,0.0,0.0,0.0,0.0,1.0,0.0,0.0
2694,1,0.02120149423580859,0.0011616023694404878,0.0834,0.3,0.0,0.0,0.0,0.0,0.0,0.0,1.0,0.0,0.0
2695,1,0.021483723450942755,0.0011616023694404878,0.107,1.3,0.0,0.0,0.0,0.0,0.0,0.0,1.0,0.0,0.0
2696,0,0.02094685269958143,0.0011616023694404878,0.1882,-0.9,0.0,0.0,0.0,0.0,0.0,0.0,1.0,0.0,0.0
2697,1,0.023852270883419187,0.0011616023694404878,0.1804,-0.2,0.0,0.0,0.0,0.0,0.0,0.0,1.0,0.0,0.0
2698,0,0.022766550520118497,0.0011616023694404878,0.19940000000000002,2.2,0.0,0.0,0.0,0.0,0.0,0.0,1.0,0.0,0.0
2699,0,0.022568717822693263,0.0011616023694404878,0.1524,-1.5,0.0,0.0,0.0,0.0,0.0,0.0,1.0,0.0,0.0
2700,0,0.02060454768366951,0.0011616023694404878,0.195,-1.7,0.0,0.0,0.0,0.0,0.0,0.0,1.0,0.0,0.0
2701,1,0.021112378773023462,0.0011616023694404878,0.1244,-0.6,0.0,0.0,0.0,0.0,0.0,0.0,1.0,0.0,0.0
2702,0,0.020358073552381922,0.0011616023694404878,0.265,-0.1,0.0,0.0,0.0,0.0,0.0,0.0,1.0,0.0,0.0
2703,1,0.020911460611509943,0.0011616023694404878,0.491,0.9,0.0,0.0,0.0,0.0,0.0,0.0,1.0,0.0,0.0
2704,0,0.0207789671536013,0.0011616023694404878,0.057999999999999996,0.3,0.0,0.0,0.0,0.0,0.0,0.0,1.0,0.0,0.0
2705,0,0.019649324301514455,0.0011616023694404878,0.1444,0.6,0.0,0.0,0.0,0.0,0.0,0.0,1.0,0.0,0.0
2706,1,0.020910916117847303,0.0011616023694404878,0.0706,-0.9,0.0,0.0,0.0,0.0,0.0,0.0,1.0,0.0,0.0
2707,0,0.019564746285917978,0.0011616023694404878,0.2086,0.6,0.0,0.0,0.0,0.0,0.0,0.0,1.0,0.0,0.0
2708,0,0.018659979316500735,0.0011616023694404878,0.099,-1.6,0.0,0.0,0.0,0.0,0.0,0.0,1.0,0.0,0.0
2709,1,0.01928415055177173,0.0011616023694404878,0.0766,-0.9,0.0,0.0,0.0,0.0,0.0,0.0,1.0,0.0,0.0
2710,0,0.018744012838434573,0.0011616023694404878,0.0724,1.5,0.0,0.0,0.0,0.0,0.0,0.0,1.0,0.0,0.0
2711,0,0.018350162422459564,0.0011616023694404878,0.1866,-1.4,0.0,0.0,0.0,0.0,0.0,0.0,1.0,0.0,0.0
2712,0,0.017675716272338306,0.0011616023694404878,0.5770000000000001,-0.8,0.0,0.0,0.0,0.0,0.0,0.0,1.0,0.0,0.0
2713,0,0.015562717865526763,0.0011616023694404878,0.1202,-0.6,0.0,0.0,0.0,0.0,0.0,0.0,1.0,0.0,0.0
2714,0,0.013594736270864544,0.0011616023694404878,0.35200000000000004,-0.5,0.0,0.0,0.0,0.0,0.0,0.0,1.0,0.0,0.0
2715,1,0.017254096679568745,0.0011616023694404878,0.3858,0.5,0.0,0.0,0.0,0.0,0.0,0.0,1.0,0.0,0.0
2716,1,0.018985405028870868,0.0011616023694404878,0.3322,2.2,0.0,0.0,0.0,0.0,0.0,0.0,1.0,0.0,0.0
2717,1,0.019853690922891347,0.0011616023694404878,0.45439999999999997,-0.7,0.0,0.0,0.0,0.0,0.0,0.0,1.0,0.0,0.0
2718,0,0.01780312778939566,0.0011616023694404878,0.4104,-1.1,0.0,0.0,0.0,0.0,0.0,0.0,1.0,0.0,0.0
2719,1,0.017884438843016305,0.0011616023694404878,0.11,0.6,0.0,0.0,0.0,0.0,0.0,0.0,1.0,0.0,0.0
2720,0,0.014221811472336273,0.0011616023694404878,0.40659999999999996,0.1,0.0,0.0,0.0,0.0,0.0,0.0,1.0,0.0,0.0
2721,1,0.022579426198058482,0.0011616023694404878,0.5376,-1.2,0.0,0.0,0.0,0.0,0.0,0.0,1.0,0.0,0.0
2722,0,0.021169732105488025,0.0011616023694404878,0.132,-1.2,0.0,0.0,0.0,0.0,0.0,0.0,1.0,0.0,0.0
2723,0,0.018682666552443997,0.0011616023694404878,0.13019999999999998,-0.8,0.0,0.0,0.0,0.0,0.0,0.0,1.0,0.0,0.0
2724,1,0.019653135757152922,0.0011616023694404878,0.41259999999999997,1.2,0.0,0.0,0.0,0.0,0.0,0.0,1.0,0.0,0.0
2725,0,0.015694666829772767,0.0011616023694404878,0.5256000000000001,-1.1,0.0,0.0,0.0,0.0,0.0,0.0,1.0,0.0,0.0
2726,1,0.012615918163328497,0.00015341810106677447,0.4218,2.2,0.0,0.0,0.0,0.0,1.0,0.0,0.0,0.0,0.0
2727,1,0.01847503296909127,0.00015341810106677447,0.3332,-0.7,0.0,0.0,0.0,0.0,1.0,0.0,0.0,0.0,0.0
2728,1,0.01940793211107816,0.00015341810106677447,0.18280000000000002,-1.1,0.0,0.0,0.0,0.0,1.0,0.0,0.0,0.0,0.0
2729,1,0.020206341318393394,0.00015341810106677447,0.27,0.6,0.0,0.0,0.0,0.0,1.0,0.0,0.0,0.0,0.0
2730,0,0.008431847361728556,0.00015341810106677447,0.24359999999999998,0.1,0.0,0.0,0.0,0.0,1.0,0.0,0.0,0.0,0.0
2731,1,0.014762675177223612,0.00015341810106677447,0.1524,-1.2,0.0,0.0,0.0,0.0,1.0,0.0,0.0,0.0,0.0
2732,1,0.016015373597066705,0.00015341810106677447,0.2242,-1.2,0.0,0.0,0.0,0.0,1.0,0.0,0.0,0.0,0.0
2733,1,0.01780911721968468,0.00015341810106677447,0.46020000000000005,-0.8,0.0,0.0,0.0,0.0,1.0,0.0,0.0,0.0,0.0
2734,1,0.02032068498754743,0.00015341810106677447,0.4988,1.2,0.0,0.0,0.0,0.0,1.0,0.0,0.0,0.0,0.0
2735,0,0.01663936333445015,0.00015341810106677447,0.32380000000000003,-1.1,0.0,0.0,0.0,0.0,1.0,0.0,0.0,0.0,0.0
2736,1,0.013773330192209892,0.004579236300059023,0.12240000000000001,0.6,0.0,0.0,0.0,0.0,0.0,0.0,1.0,0.0,0.0
2737,1,0.015082111459304725,0.004579236300059023,0.1376,0.0,0.0,0.0,0.0,0.0,0.0,0.0,1.0,0.0,0.0
2738,1,0.015702652736824797,0.004579236300059023,0.15839999999999999,0.1,0.0,0.0,0.0,0.0,0.0,0.0,1.0,0.0,0.0
2739,1,0.01604005730977297,0.004579236300059023,0.3452,2.5,0.0,0.0,0.0,0.0,0.0,0.0,1.0,0.0,0.0
2740,1,0.01699328421516502,0.004579236300059023,0.2488,-0.5,0.0,0.0,0.0,0.0,0.0,0.0,1.0,0.0,0.0
2741,0,0.016348785216488866,0.004579236300059023,0.207,-0.8,0.0,0.0,0.0,0.0,0.0,0.0,1.0,0.0,0.0
2742,1,0.021009106475009736,0.004579236300059023,0.2116,-0.3,0.0,0.0,0.0,0.0,0.0,0.0,1.0,0.0,0.0
2743,0,0.019783451240411015,0.004579236300059023,0.198,1.6,0.0,0.0,0.0,0.0,0.0,0.0,1.0,0.0,0.0
2744,1,0.022227138798331526,0.004579236300059023,0.0864,0.7,0.0,0.0,0.0,0.0,0.0,0.0,1.0,0.0,0.0
2745,1,0.02452562804621517,0.004579236300059023,0.2018,-1.7,0.0,0.0,0.0,0.0,0.0,0.0,1.0,0.0,0.0
2746,0,0.02439857952493291,0.004579236300059023,0.1378,0.2,0.0,0.0,0.0,0.0,0.0,0.0,1.0,0.0,0.0
2747,1,0.028521667036317363,0.004579236300059023,0.0834,0.6,0.0,0.0,0.0,0.0,0.0,0.0,1.0,0.0,0.0
2748,1,0.028674306759743622,0.004579236300059023,0.2144,2.3,0.0,0.0,0.0,0.0,0.0,0.0,1.0,0.0,0.0
2749,1,0.029987625474027106,0.004579236300059023,0.1864,0.5,0.0,0.0,0.0,0.0,0.0,0.0,1.0,0.0,0.0
2750,0,0.029456199659292165,0.004579236300059023,0.0834,0.3,0.0,0.0,0.0,0.0,0.0,0.0,1.0,0.0,0.0
2751,0,0.02705806807114572,0.004579236300059023,0.107,1.3,0.0,0.0,0.0,0.0,0.0,0.0,1.0,0.0,0.0
2752,1,0.027821266688277016,0.004579236300059023,0.1882,-0.9,0.0,0.0,0.0,0.0,0.0,0.0,1.0,0.0,0.0
2753,0,0.023559696288694896,0.004579236300059023,0.1804,-0.2,0.0,0.0,0.0,0.0,0.0,0.0,1.0,0.0,0.0
2754,0,0.02093432934534075,0.004579236300059023,0.19940000000000002,2.2,0.0,0.0,0.0,0.0,0.0,0.0,1.0,0.0,0.0
2755,1,0.022154358145425546,0.004579236300059023,0.1524,-1.5,0.0,0.0,0.0,0.0,0.0,0.0,1.0,0.0,0.0
2756,0,0.02044555553417914,0.004579236300059023,0.195,-1.7,0.0,0.0,0.0,0.0,0.0,0.0,1.0,0.0,0.0
2757,0,0.018665061257352025,0.004579236300059023,0.1244,-0.6,0.0,0.0,0.0,0.0,0.0,0.0,1.0,0.0,0.0
2758,1,0.01941337704770454,0.004579236300059023,0.265,-0.1,0.0,0.0,0.0,0.0,0.0,0.0,1.0,0.0,0.0
2759,1,0.02023066203532457,0.004579236300059023,0.491,0.9,0.0,0.0,0.0,0.0,0.0,0.0,1.0,0.0,0.0
2760,1,0.02303770836411235,0.004579236300059023,0.057999999999999996,0.3,0.0,0.0,0.0,0.0,0.0,0.0,1.0,0.0,0.0
2761,1,0.023281641524974292,0.004579236300059023,0.1444,0.6,0.0,0.0,0.0,0.0,0.0,0.0,1.0,0.0,0.0
2762,0,0.021928574773318214,0.004579236300059023,0.0706,-0.9,0.0,0.0,0.0,0.0,0.0,0.0,1.0,0.0,0.0
2763,1,0.02290267393577806,0.004579236300059023,0.2086,0.6,0.0,0.0,0.0,0.0,0.0,0.0,1.0,0.0,0.0
2764,0,0.018482474382480664,0.004579236300059023,0.099,-1.6,0.0,0.0,0.0,0.0,0.0,0.0,1.0,0.0,0.0
2765,1,0.023285997474275396,0.004579236300059023,0.0766,-0.9,0.0,0.0,0.0,0.0,0.0,0.0,1.0,0.0,0.0
2766,0,0.022968920664732384,0.004579236300059023,0.0724,1.5,0.0,0.0,0.0,0.0,0.0,0.0,1.0,0.0,0.0
2767,0,0.022687780436923495,0.004579236300059023,0.1866,-1.4,0.0,0.0,0.0,0.0,0.0,0.0,1.0,0.0,0.0
2768,0,0.020100528049954026,0.004579236300059023,0.5770000000000001,-0.8,0.0,0.0,0.0,0.0,0.0,0.0,1.0,0.0,0.0
2769,1,0.02273569587923566,0.004579236300059023,0.1202,-0.6,0.0,0.0,0.0,0.0,0.0,0.0,1.0,0.0,0.0
2770,1,0.024543959332857326,0.004579236300059023,0.35200000000000004,-0.5,0.0,0.0,0.0,0.0,0.0,0.0,1.0,0.0,0.0
2771,1,0.027827619114341128,0.004579236300059023,0.3858,0.5,0.0,0.0,0.0,0.0,0.0,0.0,1.0,0.0,0.0
2772,0,0.027668263969075665,0.004579236300059023,0.3322,2.2,0.0,0.0,0.0,0.0,0.0,0.0,1.0,0.0,0.0
2773,1,0.029971472162035506,0.004579236300059023,0.45439999999999997,-0.7,0.0,0.0,0.0,0.0,0.0,0.0,1.0,0.0,0.0
2774,1,0.030443729665430425,0.004579236300059023,0.4104,-1.1,0.0,0.0,0.0,0.0,0.0,0.0,1.0,0.0,0.0
2775,0,0.02764811770355805,0.004579236300059023,0.11,0.6,0.0,0.0,0.0,0.0,0.0,0.0,1.0,0.0,0.0
2776,0,0.01949686607597574,0.004579236300059023,0.40659999999999996,0.1,0.0,0.0,0.0,0.0,0.0,0.0,1.0,0.0,0.0
2777,1,0.03853708346688553,0.004579236300059023,0.5376,-1.2,0.0,0.0,0.0,0.0,0.0,0.0,1.0,0.0,0.0
2778,0,0.0325599950342178,0.004579236300059023,0.132,-1.2,0.0,0.0,0.0,0.0,0.0,0.0,1.0,0.0,0.0
2779,0,0.027687139749380456,0.004579236300059023,0.13019999999999998,-0.8,0.0,0.0,0.0,0.0,0.0,0.0,1.0,0.0,0.0
2780,1,0.033977312038065186,0.004579236300059023,0.41259999999999997,1.2,0.0,0.0,0.0,0.0,0.0,0.0,1.0,0.0,0.0
2781,0,0.027826711624903397,0.004579236300059023,0.5256000000000001,-1.1,0.0,0.0,0.0,0.0,0.0,0.0,1.0,0.0,0.0
2782,0,0.029374707107783973,0.05065076501808047,0.12240000000000001,0.6,0.0,0.0,0.0,0.0,0.0,0.0,1.0,0.0,0.0
2783,1,0.03329542447455454,0.05065076501808047,0.1376,0.0,0.0,0.0,0.0,0.0,0.0,0.0,1.0,0.0,0.0
2784,1,0.03333499101403959,0.05065076501808047,0.15839999999999999,0.1,0.0,0.0,0.0,0.0,0.0,0.0,1.0,0.0,0.0
2785,1,0.03465484365227473,0.05065076501808047,0.3452,2.5,0.0,0.0,0.0,0.0,0.0,0.0,1.0,0.0,0.0
2786,1,0.037732140335618634,0.05065076501808047,0.2488,-0.5,0.0,0.0,0.0,0.0,0.0,0.0,1.0,0.0,0.0
2787,0,0.034838519514471374,0.05065076501808047,0.207,-0.8,0.0,0.0,0.0,0.0,0.0,0.0,1.0,0.0,0.0
2788,1,0.037742667213096305,0.05065076501808047,0.2116,-0.3,0.0,0.0,0.0,0.0,0.0,0.0,1.0,0.0,0.0
2789,1,0.037924528096417484,0.05065076501808047,0.198,1.6,0.0,0.0,0.0,0.0,0.0,0.0,1.0,0.0,0.0
2790,1,0.044224864266804796,0.05065076501808047,0.0864,0.7,0.0,0.0,0.0,0.0,0.0,0.0,1.0,0.0,0.0
2791,1,0.04463904244618497,0.05065076501808047,0.2018,-1.7,0.0,0.0,0.0,0.0,0.0,0.0,1.0,0.0,0.0
2792,1,0.04536612298369459,0.05065076501808047,0.1378,0.2,0.0,0.0,0.0,0.0,0.0,0.0,1.0,0.0,0.0
2793,0,0.042492648428064946,0.05065076501808047,0.0834,0.6,0.0,0.0,0.0,0.0,0.0,0.0,1.0,0.0,0.0
2794,1,0.04847627078468434,0.05065076501808047,0.2144,2.3,0.0,0.0,0.0,0.0,0.0,0.0,1.0,0.0,0.0
2795,0,0.047692018412597695,0.05065076501808047,0.1864,0.5,0.0,0.0,0.0,0.0,0.0,0.0,1.0,0.0,0.0
2796,1,0.048051021234163854,0.05065076501808047,0.0834,0.3,0.0,0.0,0.0,0.0,0.0,0.0,1.0,0.0,0.0
2797,0,0.04767495761116836,0.05065076501808047,0.107,1.3,0.0,0.0,0.0,0.0,0.0,0.0,1.0,0.0,0.0
2798,0,0.04335784885799714,0.05065076501808047,0.1882,-0.9,0.0,0.0,0.0,0.0,0.0,0.0,1.0,0.0,0.0
2799,0,0.04239463956879006,0.05065076501808047,0.1804,-0.2,0.0,0.0,0.0,0.0,0.0,0.0,1.0,0.0,0.0
2800,0,0.03946961961309732,0.05065076501808047,0.19940000000000002,2.2,0.0,0.0,0.0,0.0,0.0,0.0,1.0,0.0,0.0
2801,1,0.04450781947348915,0.05065076501808047,0.1524,-1.5,0.0,0.0,0.0,0.0,0.0,0.0,1.0,0.0,0.0
2802,0,0.04415299110333655,0.05065076501808047,0.195,-1.7,0.0,0.0,0.0,0.0,0.0,0.0,1.0,0.0,0.0
2803,0,0.043464388117986696,0.05065076501808047,0.1244,-0.6,0.0,0.0,0.0,0.0,0.0,0.0,1.0,0.0,0.0
2804,0,0.042905011628569655,0.05065076501808047,0.265,-0.1,0.0,0.0,0.0,0.0,0.0,0.0,1.0,0.0,0.0
2805,1,0.04830729625137893,0.05065076501808047,0.491,0.9,0.0,0.0,0.0,0.0,0.0,0.0,1.0,0.0,0.0
2806,0,0.045006212672690706,0.05065076501808047,0.057999999999999996,0.3,0.0,0.0,0.0,0.0,0.0,0.0,1.0,0.0,0.0
2807,0,0.03983515635861514,0.05065076501808047,0.1444,0.6,0.0,0.0,0.0,0.0,0.0,0.0,1.0,0.0,0.0
2808,1,0.04291499401238469,0.05065076501808047,0.0706,-0.9,0.0,0.0,0.0,0.0,0.0,0.0,1.0,0.0,0.0
2809,1,0.043487438349705046,0.05065076501808047,0.2086,0.6,0.0,0.0,0.0,0.0,0.0,0.0,1.0,0.0,0.0
2810,0,0.043406490291859494,0.05065076501808047,0.099,-1.6,0.0,0.0,0.0,0.0,0.0,0.0,1.0,0.0,0.0
2811,0,0.04234055319830132,0.05065076501808047,0.0766,-0.9,0.0,0.0,0.0,0.0,0.0,0.0,1.0,0.0,0.0
2812,0,0.04012609747235152,0.05065076501808047,0.0724,1.5,0.0,0.0,0.0,0.0,0.0,0.0,1.0,0.0,0.0
2813,0,0.039233490861399864,0.05065076501808047,0.1866,-1.4,0.0,0.0,0.0,0.0,0.0,0.0,1.0,0.0,0.0
2814,0,0.03654732212571778,0.05065076501808047,0.5770000000000001,-0.8,0.0,0.0,0.0,0.0,0.0,0.0,1.0,0.0,0.0
2815,0,0.03464395377902196,0.05065076501808047,0.1202,-0.6,0.0,0.0,0.0,0.0,0.0,0.0,1.0,0.0,0.0
2816,1,0.03556668903930627,0.05065076501808047,0.35200000000000004,-0.5,0.0,0.0,0.0,0.0,0.0,0.0,1.0,0.0,0.0
2817,1,0.03862783241065857,0.05065076501808047,0.3858,0.5,0.0,0.0,0.0,0.0,0.0,0.0,1.0,0.0,0.0
2818,1,0.04050524655943529,0.05065076501808047,0.3322,2.2,0.0,0.0,0.0,0.0,0.0,0.0,1.0,0.0,0.0
2819,1,0.04291590150182242,0.05065076501808047,0.45439999999999997,-0.7,0.0,0.0,0.0,0.0,0.0,0.0,1.0,0.0,0.0
2820,0,0.03722920968922843,0.05065076501808047,0.4104,-1.1,0.0,0.0,0.0,0.0,0.0,0.0,1.0,0.0,0.0
2821,0,0.03395081334648346,0.05065076501808047,0.11,0.6,0.0,0.0,0.0,0.0,0.0,0.0,1.0,0.0,0.0
2822,0,0.02651212242540709,0.05065076501808047,0.40659999999999996,0.1,0.0,0.0,0.0,0.0,0.0,0.0,1.0,0.0,0.0
2823,1,0.037650829281997984,0.05065076501808047,0.5376,-1.2,0.0,0.0,0.0,0.0,0.0,0.0,1.0,0.0,0.0
2824,0,0.0352919012375615,0.05065076501808047,0.132,-1.2,0.0,0.0,0.0,0.0,0.0,0.0,1.0,0.0,0.0
2825,1,0.03914963883735357,0.05065076501808047,0.13019999999999998,-0.8,0.0,0.0,0.0,0.0,0.0,0.0,1.0,0.0,0.0
2826,1,0.03996674232708605,0.05065076501808047,0.41259999999999997,1.2,0.0,0.0,0.0,0.0,0.0,0.0,1.0,0.0,0.0
2827,0,0.023570041668285024,0.05065076501808047,0.5256000000000001,-1.1,0.0,0.0,0.0,0.0,0.0,0.0,1.0,0.0,0.0
