,Att Chg,Visitors Scaled,Area Scaled,cei_pct_area,RONI,Region_Northeast,Region_Northern Rockies and Plains,Region_Northwest,Region_Ohio Valley,Region_South,Region_Southeast,Region_Southwest,Region_Upper Midwest,Region_West
0,1,0.03268108088054081,0.10206113798085405,0.10619999999999999,0.6,1.0,0.0,0.0,0.0,0.0,0.0,0.0,0.0,0.0
1,0,0.028954302578358185,0.10206113798085405,0.068,0.0,1.0,0.0,0.0,0.0,0.0,0.0,0.0,0.0,0.0
2,0,0.0265304391839071,0.10206113798085405,0.06480000000000001,0.1,1.0,0.0,0.0,0.0,0.0,0.0,0.0,0.0,0.0
3,0,0.024357000451382723,0.10206113798085405,0.065,2.5,1.0,0.0,0.0,0.0,0.0,0.0,0.0,0.0,0.0
4,1,0.02633875610934592,0.10206113798085405,0.0318,-0.5,1.0,0.0,0.0,0.0,0.0,0.0,0.0,0.0,0.0
5,1,0.030705950213633877,0.10206113798085405,0.1192,-0.8,1.0,0.0,0.0,0.0,0.0,0.0,0.0,0.0,0.0
6,0,0.030470542198101365,0.10206113798085405,0.0622,-0.3,1.0,0.0,0.0,0.0,0.0,0.0,0.0,0.0,0.0
7,1,0.04120258604317551,0.10206113798085405,0.053,1.6,1.0,0.0,0.0,0.0,0.0,0.0,0.0,0.0,0.0
8,1,0.05459964295714868,0.10206113798085405,0.0602,0.7,1.0,0.0,0.0,0.0,0.0,0.0,0.0,0.0,0.0
9,1,0.05888468717233898,0.10206113798085405,0.1298,-1.7,1.0,0.0,0.0,0.0,0.0,0.0,0.0,0.0,0.0
10,0,0.058182879786445624,0.10206113798085405,0.3194,0.2,1.0,0.0,0.0,0.0,0.0,0.0,0.0,0.0,0.0
11,1,0.06837697435775128,0.10206113798085405,0.2724,0.6,1.0,0.0,0.0,0.0,0.0,0.0,0.0,0.0,0.0
12,1,0.08103379893770477,0.10206113798085405,0.1628,2.3,1.0,0.0,0.0,0.0,0.0,0.0,0.0,0.0,0.0
13,1,0.08347886230353589,0.10206113798085405,0.021,0.5,1.0,0.0,0.0,0.0,0.0,0.0,0.0,0.0,0.0
14,0,0.07084058769853994,0.10206113798085405,0.1168,0.3,1.0,0.0,0.0,0.0,0.0,0.0,0.0,0.0,0.0
15,0,0.06417717169415155,0.10206113798085405,0.064,1.3,1.0,0.0,0.0,0.0,0.0,0.0,0.0,0.0,0.0
16,0,0.06158856685543475,0.10206113798085405,0.31079999999999997,-0.9,1.0,0.0,0.0,0.0,0.0,0.0,0.0,0.0,0.0
17,0,0.05381303568573516,0.10206113798085405,0.059000000000000004,-0.2,1.0,0.0,0.0,0.0,0.0,0.0,0.0,0.0,0.0
18,0,0.0490691004233811,0.10206113798085405,0.4708,2.2,1.0,0.0,0.0,0.0,0.0,0.0,0.0,0.0,0.0
19,1,0.04919762524987258,0.10206113798085405,0.365,-1.5,1.0,0.0,0.0,0.0,0.0,0.0,0.0,0.0,0.0
20,1,0.05891648712940904,0.10206113798085405,0.1158,-1.7,1.0,0.0,0.0,0.0,0.0,0.0,0.0,0.0,0.0
21,1,0.0628667484632229,0.10206113798085405,0.21960000000000002,-0.6,1.0,0.0,0.0,0.0,0.0,0.0,0.0,0.0,0.0
22,1,0.06469701265903291,0.10206113798085405,0.155,-0.1,1.0,0.0,0.0,0.0,0.0,0.0,0.0,0.0,0.0
23,0,0.05741438082391922,0.10206113798085405,0.3132,0.9,1.0,0.0,0.0,0.0,0.0,0.0,0.0,0.0,0.0
24,0,0.055844699609655525,0.10206113798085405,0.2168,0.3,1.0,0.0,0.0,0.0,0.0,0.0,0.0,0.0,0.0
25,0,0.05094927288514827,0.10206113798085405,0.2868,0.6,1.0,0.0,0.0,0.0,0.0,0.0,0.0,0.0,0.0
26,1,0.05344556951514782,0.10206113798085405,0.637,-0.9,1.0,0.0,0.0,0.0,0.0,0.0,0.0,0.0,0.0
27,1,0.054419884866488764,0.10206113798085405,0.10679999999999999,0.6,1.0,0.0,0.0,0.0,0.0,0.0,0.0,0.0,0.0
28,0,0.05034595703295801,0.10206113798085405,0.2352,-1.6,1.0,0.0,0.0,0.0,0.0,0.0,0.0,0.0,0.0
29,1,0.052527787420820315,0.10206113798085405,0.1592,-0.9,1.0,0.0,0.0,0.0,0.0,0.0,0.0,0.0,0.0
30,0,0.047418594318231005,0.10206113798085405,0.33880000000000005,1.5,1.0,0.0,0.0,0.0,0.0,0.0,0.0,0.0,0.0
31,1,0.05229767939813281,0.10206113798085405,0.6314,-1.4,1.0,0.0,0.0,0.0,0.0,0.0,0.0,0.0,0.0
32,1,0.06133151720245178,0.10206113798085405,0.47479999999999994,-0.8,1.0,0.0,0.0,0.0,0.0,0.0,0.0,0.0,0.0
33,0,0.04768977728546733,0.10206113798085405,0.1646,-0.6,1.0,0.0,0.0,0.0,0.0,0.0,0.0,0.0,0.0
34,1,0.07635655525198375,0.10206113798085405,0.1074,-0.5,1.0,0.0,0.0,0.0,0.0,0.0,0.0,0.0,0.0
35,0,0.07439114123862599,0.10206113798085405,0.18,0.5,1.0,0.0,0.0,0.0,0.0,0.0,0.0,0.0,0.0
36,1,0.08363874542102702,0.10206113798085405,0.3778,2.2,1.0,0.0,0.0,0.0,0.0,0.0,0.0,0.0,0.0
37,1,0.08914455465485122,0.10206113798085405,0.299,-0.7,1.0,0.0,0.0,0.0,0.0,0.0,0.0,0.0,0.0
38,0,0.08349564561421176,0.10206113798085405,0.3496,-1.1,1.0,0.0,0.0,0.0,0.0,0.0,0.0,0.0,0.0
39,1,0.08355836219621103,0.10206113798085405,0.3968,0.6,1.0,0.0,0.0,0.0,0.0,0.0,0.0,0.0,0.0
40,0,0.060079393892818245,0.10206113798085405,0.4376,0.1,1.0,0.0,0.0,0.0,0.0,0.0,0.0,0.0,0.0
41,1,0.08299744628678085,0.10206113798085405,0.547,-1.2,1.0,0.0,0.0,0.0,0.0,0.0,0.0,0.0,0.0
42,0,0.07779682830761511,0.10206113798085405,0.2064,-1.2,1.0,0.0,0.0,0.0,0.0,0.0,0.0,0.0,0.0
43,1,0.08816184764817234,0.10206113798085405,0.6038,-0.8,1.0,0.0,0.0,0.0,0.0,0.0,0.0,0.0,0.0
44,0,0.08564037605215899,0.10206113798085405,0.5454,1.2,1.0,0.0,0.0,0.0,0.0,0.0,0.0,0.0,0.0
45,0,0.07194961120135822,0.10206113798085405,0.1524,-1.1,1.0,0.0,0.0,0.0,0.0,0.0,0.0,0.0,0.0
46,1,0.003583236829296947,0.03755680129440991,0.5256000000000001,-1.1,0.0,0.0,0.0,0.0,0.0,0.0,1.0,0.0,0.0
47,0,0.05595909112189365,0.04097560743014176,0.0336,0.6,0.0,0.0,0.0,0.0,0.0,1.0,0.0,0.0,0.0
48,0,0.05021610720825527,0.04097560743014176,0.3034,0.0,0.0,0.0,0.0,0.0,0.0,1.0,0.0,0.0,0.0
49,0,0.045956679625149176,0.04097560743014176,0.0946,0.1,0.0,0.0,0.0,0.0,0.0,1.0,0.0,0.0,0.0
50,1,0.04899004219677637,0.04097560743014176,0.2812,2.5,0.0,0.0,0.0,0.0,0.0,1.0,0.0,0.0,0.0
51,0,0.04462108142820674,0.04097560743014176,0.1328,-0.5,0.0,0.0,0.0,0.0,0.0,1.0,0.0,0.0,0.0
52,1,0.052310929380245334,0.04097560743014176,0.11359999999999999,-0.8,0.0,0.0,0.0,0.0,0.0,1.0,0.0,0.0,0.0
53,1,0.05732737260804698,0.04097560743014176,0.1782,-0.3,0.0,0.0,0.0,0.0,0.0,1.0,0.0,0.0,0.0
54,1,0.0574669390862989,0.04097560743014176,0.0236,1.6,0.0,0.0,0.0,0.0,0.0,1.0,0.0,0.0,0.0
55,0,0.05737772254007457,0.04097560743014176,0.2186,0.7,0.0,0.0,0.0,0.0,0.0,1.0,0.0,0.0,0.0
56,1,0.06009661886956453,0.04097560743014176,0.19,-1.7,0.0,0.0,0.0,0.0,0.0,1.0,0.0,0.0,0.0
57,0,0.05803757164927827,0.04097560743014176,0.3998,0.2,0.0,0.0,0.0,0.0,0.0,1.0,0.0,0.0,0.0
58,1,0.06687177638976854,0.04097560743014176,0.2332,0.6,0.0,0.0,0.0,0.0,0.0,1.0,0.0,0.0,0.0
59,0,0.06316928972145888,0.04097560743014176,0.2158,2.3,0.0,0.0,0.0,0.0,0.0,1.0,0.0,0.0,0.0
60,0,0.060317010238702846,0.04097560743014176,0.0286,0.5,0.0,0.0,0.0,0.0,0.0,1.0,0.0,0.0,0.0
61,1,0.07167312824127688,0.04097560743014176,0.15380000000000002,0.3,0.0,0.0,0.0,0.0,0.0,1.0,0.0,0.0,0.0
62,0,0.06915651497203812,0.04097560743014176,0.12619999999999998,1.3,0.0,0.0,0.0,0.0,0.0,1.0,0.0,0.0,0.0
63,1,0.08718223230398639,0.04097560743014176,0.1568,-0.9,0.0,0.0,0.0,0.0,0.0,1.0,0.0,0.0,0.0
64,0,0.08671671626576638,0.04097560743014176,0.0676,-0.2,0.0,0.0,0.0,0.0,0.0,1.0,0.0,0.0,0.0
65,1,0.09966327378791372,0.04097560743014176,0.4384,2.2,0.0,0.0,0.0,0.0,0.0,1.0,0.0,0.0,0.0
66,0,0.08062128282793485,0.04097560743014176,0.201,-1.5,0.0,0.0,0.0,0.0,0.0,1.0,0.0,0.0,0.0
67,0,0.07392297520398347,0.04097560743014176,0.1998,-1.7,0.0,0.0,0.0,0.0,0.0,1.0,0.0,0.0,0.0
68,0,0.07109675401938208,0.04097560743014176,0.133,-0.6,0.0,0.0,0.0,0.0,0.0,1.0,0.0,0.0,0.0
69,1,0.08391832004360128,0.04097560743014176,0.1782,-0.1,0.0,0.0,0.0,0.0,0.0,1.0,0.0,0.0,0.0
70,0,0.06654185183516668,0.04097560743014176,0.2336,0.9,0.0,0.0,0.0,0.0,0.0,1.0,0.0,0.0,0.0
71,1,0.07328520939830065,0.04097560743014176,0.1168,0.3,0.0,0.0,0.0,0.0,0.0,1.0,0.0,0.0,0.0
72,0,0.05850573768392079,0.04097560743014176,0.0492,0.6,0.0,0.0,0.0,0.0,0.0,1.0,0.0,0.0,0.0
73,0,0.058367496203880126,0.04097560743014176,0.20559999999999998,-0.9,0.0,0.0,0.0,0.0,0.0,1.0,0.0,0.0,0.0
74,1,0.06787789169817954,0.04097560743014176,0.4142,0.6,0.0,0.0,0.0,0.0,0.0,1.0,0.0,0.0,0.0
75,1,0.07048637151006514,0.04097560743014176,0.0894,-1.6,0.0,0.0,0.0,0.0,0.0,1.0,0.0,0.0,0.0
76,0,0.0601845104175776,0.04097560743014176,0.1226,-0.9,0.0,0.0,0.0,0.0,0.0,1.0,0.0,0.0,0.0
77,0,0.05367788586818741,0.04097560743014176,0.16519999999999999,1.5,0.0,0.0,0.0,0.0,0.0,1.0,0.0,0.0,0.0
78,0,0.04805856845426592,0.04097560743014176,0.2632,-1.4,0.0,0.0,0.0,0.0,0.0,1.0,0.0,0.0,0.0
79,1,0.05427325173111016,0.04097560743014176,0.3148,-0.8,0.0,0.0,0.0,0.0,0.0,1.0,0.0,0.0,0.0
80,0,0.043623799441204085,0.04097560743014176,0.3456,-0.6,0.0,0.0,0.0,0.0,0.0,1.0,0.0,0.0,0.0
81,1,0.056175065830327796,0.04097560743014176,0.1352,-0.5,0.0,0.0,0.0,0.0,0.0,1.0,0.0,0.0,0.0
82,1,0.06036956850108252,0.04097560743014176,0.327,0.5,0.0,0.0,0.0,0.0,0.0,1.0,0.0,0.0,0.0
83,0,0.05927865330715137,0.04097560743014176,0.41659999999999997,2.2,0.0,0.0,0.0,0.0,0.0,1.0,0.0,0.0,0.0
84,0,0.058365729539598454,0.04097560743014176,0.4192,-0.7,0.0,0.0,0.0,0.0,0.0,1.0,0.0,0.0,0.0
85,1,0.06102235095315955,0.04097560743014176,0.46740000000000004,-1.1,0.0,0.0,0.0,0.0,0.0,1.0,0.0,0.0,0.0
86,0,0.04577206320771467,0.04097560743014176,0.43560000000000004,0.6,0.0,0.0,0.0,0.0,0.0,1.0,0.0,0.0,0.0
87,0,0.028177853626564272,0.04097560743014176,0.5197999999999999,0.1,0.0,0.0,0.0,0.0,0.0,1.0,0.0,0.0,0.0
88,0,0.01991207311870129,0.04097560743014176,0.2394,-1.2,0.0,0.0,0.0,0.0,0.0,1.0,0.0,0.0,0.0
89,1,0.0265481058267238,0.04097560743014176,0.1716,-1.2,0.0,0.0,0.0,0.0,0.0,1.0,0.0,0.0,0.0
90,1,0.034335120314254244,0.04097560743014176,0.36060000000000003,-0.8,0.0,0.0,0.0,0.0,0.0,1.0,0.0,0.0,0.0
91,0,0.03220849818519412,0.04097560743014176,0.5506,1.2,0.0,0.0,0.0,0.0,0.0,1.0,0.0,0.0,0.0
92,0,0.02731704645532062,0.04097560743014176,0.1476,-1.1,0.0,0.0,0.0,0.0,0.0,1.0,0.0,0.0,0.0
93,1,0.02896931922475238,0.0013255622116226692,0.1162,0.6,0.0,0.0,0.0,1.0,0.0,0.0,0.0,0.0,0.0
94,1,0.032727455817934646,0.0013255622116226692,0.11199999999999999,0.0,0.0,0.0,0.0,1.0,0.0,0.0,0.0,0.0,0.0
95,1,0.034263570410846614,0.0013255622116226692,0.12300000000000001,0.1,0.0,0.0,0.0,1.0,0.0,0.0,0.0,0.0,0.0
96,1,0.05273934546855028,0.0013255622116226692,0.0882,2.5,0.0,0.0,0.0,1.0,0.0,0.0,0.0,0.0,0.0
97,0,0.037492591051668744,0.0013255622116226692,0.078,-0.5,0.0,0.0,0.0,1.0,0.0,0.0,0.0,0.0,0.0
98,0,0.030301384093131475,0.0013255622116226692,0.2024,-0.8,0.0,0.0,0.0,1.0,0.0,0.0,0.0,0.0,0.0
99,1,0.03206495671230844,0.0013255622116226692,0.12480000000000001,-0.3,0.0,0.0,0.0,1.0,0.0,0.0,0.0,0.0,0.0
100,1,0.034050245698834976,0.0013255622116226692,0.1366,1.6,0.0,0.0,0.0,1.0,0.0,0.0,0.0,0.0,0.0
101,0,0.03381660434758413,0.0013255622116226692,0.25,0.7,0.0,0.0,0.0,1.0,0.0,0.0,0.0,0.0,0.0
102,0,0.0315128741242866,0.0013255622116226692,0.2836,-1.7,0.0,0.0,0.0,1.0,0.0,0.0,0.0,0.0,0.0
103,0,0.03136579932283758,0.0013255622116226692,0.265,0.2,0.0,0.0,0.0,1.0,0.0,0.0,0.0,0.0,0.0
104,1,0.036250184395584396,0.0013255622116226692,0.2122,0.6,0.0,0.0,0.0,1.0,0.0,0.0,0.0,0.0,0.0
105,0,0.028479069886588985,0.0013255622116226692,0.09519999999999999,2.3,0.0,0.0,0.0,1.0,0.0,0.0,0.0,0.0,0.0
106,0,0.018418800134619818,0.0013255622116226692,0.32299999999999995,0.5,0.0,0.0,0.0,1.0,0.0,0.0,0.0,0.0,0.0
107,1,0.026295914500515424,0.0013255622116226692,0.1642,0.3,0.0,0.0,0.0,1.0,0.0,0.0,0.0,0.0,0.0
108,1,0.027911528986102534,0.0013255622116226692,0.0922,1.3,0.0,0.0,0.0,1.0,0.0,0.0,0.0,0.0,0.0
109,0,0.026103348093813407,0.0013255622116226692,0.34119999999999995,-0.9,0.0,0.0,0.0,1.0,0.0,0.0,0.0,0.0,0.0
110,1,0.029728101533729595,0.0013255622116226692,0.11720000000000001,-0.2,0.0,0.0,0.0,1.0,0.0,0.0,0.0,0.0,0.0
111,0,0.026591389101624712,0.0013255622116226692,0.43439999999999995,2.2,0.0,0.0,0.0,1.0,0.0,0.0,0.0,0.0,0.0
112,0,0.02286902746014626,0.0013255622116226692,0.2662,-1.5,0.0,0.0,0.0,1.0,0.0,0.0,0.0,0.0,0.0
113,1,0.026454472619795298,0.0013255622116226692,0.1582,-1.7,0.0,0.0,0.0,1.0,0.0,0.0,0.0,0.0,0.0
114,0,0.021884995455256136,0.0013255622116226692,0.059000000000000004,-0.6,0.0,0.0,0.0,1.0,0.0,0.0,0.0,0.0,0.0
115,0,0.021587754189865176,0.0013255622116226692,0.1402,-0.1,0.0,0.0,0.0,1.0,0.0,0.0,0.0,0.0,0.0
116,1,0.02292688571537095,0.0013255622116226692,0.2112,0.9,0.0,0.0,0.0,1.0,0.0,0.0,0.0,0.0,0.0
117,0,0.022169870070675404,0.0013255622116226692,0.20440000000000003,0.3,0.0,0.0,0.0,1.0,0.0,0.0,0.0,0.0,0.0
118,0,0.021443771050909083,0.0013255622116226692,0.069,0.6,0.0,0.0,0.0,1.0,0.0,0.0,0.0,0.0,0.0
119,1,0.02239291143623623,0.0013255622116226692,0.19079999999999997,-0.9,0.0,0.0,0.0,1.0,0.0,0.0,0.0,0.0,0.0
120,0,0.019193040756061645,0.0013255622116226692,0.2758,0.6,0.0,0.0,0.0,1.0,0.0,0.0,0.0,0.0,0.0
121,1,0.030666200267296304,0.0013255622116226692,0.2932,-1.6,0.0,0.0,0.0,1.0,0.0,0.0,0.0,0.0,0.0
122,0,0.027955695593144283,0.0013255622116226692,0.2588,-0.9,0.0,0.0,0.0,1.0,0.0,0.0,0.0,0.0,0.0
123,0,0.02664262236579314,0.0013255622116226692,0.1906,1.5,0.0,0.0,0.0,1.0,0.0,0.0,0.0,0.0,0.0
124,0,0.02310885213638295,0.0013255622116226692,0.2554,-1.4,0.0,0.0,0.0,1.0,0.0,0.0,0.0,0.0,0.0
125,0,0.02264024443567001,0.0013255622116226692,0.48,-0.8,0.0,0.0,0.0,1.0,0.0,0.0,0.0,0.0,0.0
126,0,0.018960282736951637,0.0013255622116226692,0.192,-0.6,0.0,0.0,0.0,1.0,0.0,0.0,0.0,0.0,0.0
127,0,0.018931132776304087,0.0013255622116226692,0.303,-0.5,0.0,0.0,0.0,1.0,0.0,0.0,0.0,0.0,0.0
128,1,0.02003264795592526,0.0013255622116226692,0.29100000000000004,0.5,0.0,0.0,0.0,1.0,0.0,0.0,0.0,0.0,0.0
129,1,0.020288814276767392,0.0013255622116226692,0.385,2.2,0.0,0.0,0.0,1.0,0.0,0.0,0.0,0.0,0.0
130,1,0.023849084470402633,0.0013255622116226692,0.40700000000000003,-0.7,0.0,0.0,0.0,1.0,0.0,0.0,0.0,0.0,0.0
131,0,0.022379661454123703,0.0013255622116226692,0.34740000000000004,-1.1,0.0,0.0,0.0,1.0,0.0,0.0,0.0,0.0,0.0
132,1,0.022608444478599953,0.0013255622116226692,0.41600000000000004,0.6,0.0,0.0,0.0,1.0,0.0,0.0,0.0,0.0,0.0
133,0,0.0203572725176821,0.0013255622116226692,0.35340000000000005,0.1,0.0,0.0,0.0,1.0,0.0,0.0,0.0,0.0,0.0
134,1,0.02814296200700129,0.0013255622116226692,0.33840000000000003,-1.2,0.0,0.0,0.0,1.0,0.0,0.0,0.0,0.0,0.0
135,0,0.023352210141182977,0.0013255622116226692,0.061399999999999996,-1.2,0.0,0.0,0.0,1.0,0.0,0.0,0.0,0.0,0.0
136,1,0.02697961357752167,0.0013255622116226692,0.38880000000000003,-0.8,0.0,0.0,0.0,1.0,0.0,0.0,0.0,0.0,0.0
137,0,0.024410883711973655,0.0013255622116226692,0.4374,1.2,0.0,0.0,0.0,1.0,0.0,0.0,0.0,0.0,0.0
138,0,0.019081299240246024,0.0013255622116226692,0.1974,-1.1,0.0,0.0,0.0,1.0,0.0,0.0,0.0,0.0,0.0
139,0,0.02408360915379431,0.06346009882908671,0.12240000000000001,0.6,0.0,0.0,0.0,0.0,0.0,0.0,1.0,0.0,0.0
140,0,0.02024729766614815,0.06346009882908671,0.1376,0.0,0.0,0.0,0.0,0.0,0.0,0.0,1.0,0.0,0.0
141,0,0.019573756908761508,0.06346009882908671,0.15839999999999999,0.1,0.0,0.0,0.0,0.0,0.0,0.0,1.0,0.0,0.0
142,0,0.017743051046881085,0.06346009882908671,0.3452,2.5,0.0,0.0,0.0,0.0,0.0,0.0,1.0,0.0,0.0
143,0,0.016929060479101688,0.06346009882908671,0.2488,-0.5,0.0,0.0,0.0,0.0,0.0,0.0,1.0,0.0,0.0
144,1,0.018936432769149095,0.06346009882908671,0.207,-0.8,0.0,0.0,0.0,0.0,0.0,0.0,1.0,0.0,0.0
145,1,0.019773389972590205,0.06346009882908671,0.2116,-0.3,0.0,0.0,0.0,0.0,0.0,0.0,1.0,0.0,0.0
146,0,0.018193992104777325,0.06346009882908671,0.198,1.6,0.0,0.0,0.0,0.0,0.0,0.0,1.0,0.0,0.0
147,1,0.01847577505770367,0.06346009882908671,0.0864,0.7,0.0,0.0,0.0,0.0,0.0,0.0,1.0,0.0,0.0
148,1,0.02010110619683997,0.06346009882908671,0.2018,-1.7,0.0,0.0,0.0,0.0,0.0,0.0,1.0,0.0,0.0
149,0,0.01908394923666853,0.06346009882908671,0.1378,0.2,0.0,0.0,0.0,0.0,0.0,0.0,1.0,0.0,0.0
150,1,0.020833388541592137,0.06346009882908671,0.0834,0.6,0.0,0.0,0.0,0.0,0.0,0.0,1.0,0.0,0.0
151,1,0.021468946016922875,0.06346009882908671,0.2144,2.3,0.0,0.0,0.0,0.0,0.0,0.0,1.0,0.0,0.0
152,0,0.019846264874209086,0.06346009882908671,0.1864,0.5,0.0,0.0,0.0,0.0,0.0,0.0,1.0,0.0,0.0
153,0,0.019749981670858077,0.06346009882908671,0.0834,0.3,0.0,0.0,0.0,0.0,0.0,0.0,1.0,0.0,0.0
154,0,0.016932593807665028,0.06346009882908671,0.107,1.3,0.0,0.0,0.0,0.0,0.0,0.0,1.0,0.0,0.0
155,0,0.01662431089051363,0.06346009882908671,0.1882,-0.9,0.0,0.0,0.0,0.0,0.0,0.0,1.0,0.0,0.0
156,1,0.01712383521615579,0.06346009882908671,0.1804,-0.2,0.0,0.0,0.0,0.0,0.0,0.0,1.0,0.0,0.0
157,1,0.018155125490580588,0.06346009882908671,0.19940000000000002,2.2,0.0,0.0,0.0,0.0,0.0,0.0,1.0,0.0,0.0
158,0,0.0162594947163488,0.06346009882908671,0.1524,-1.5,0.0,0.0,0.0,0.0,0.0,0.0,1.0,0.0,0.0
159,0,0.013453590170986603,0.06346009882908671,0.195,-1.7,0.0,0.0,0.0,0.0,0.0,0.0,1.0,0.0,0.0
160,1,0.013685906524026193,0.06346009882908671,0.1244,-0.6,0.0,0.0,0.0,0.0,0.0,0.0,1.0,0.0,0.0
161,0,0.013174898880553178,0.06346009882908671,0.265,-0.1,0.0,0.0,0.0,0.0,0.0,0.0,1.0,0.0,0.0
162,1,0.013800739702334735,0.06346009882908671,0.491,0.9,0.0,0.0,0.0,0.0,0.0,0.0,1.0,0.0,0.0
163,0,0.01367574820440659,0.06346009882908671,0.057999999999999996,0.3,0.0,0.0,0.0,0.0,0.0,0.0,1.0,0.0,0.0
164,0,0.012260650114789011,0.06346009882908671,0.1444,0.6,0.0,0.0,0.0,0.0,0.0,0.0,1.0,0.0,0.0
165,0,0.0116966425428659,0.06346009882908671,0.0706,-0.9,0.0,0.0,0.0,0.0,0.0,0.0,1.0,0.0,0.0
166,0,0.01057878571863928,0.06346009882908671,0.2086,0.6,0.0,0.0,0.0,0.0,0.0,0.0,1.0,0.0,0.0
167,1,0.011042093426507207,0.06346009882908671,0.099,-1.6,0.0,0.0,0.0,0.0,0.0,0.0,1.0,0.0,0.0
168,1,0.012424508226913893,0.06346009882908671,0.0766,-0.9,0.0,0.0,0.0,0.0,0.0,0.0,1.0,0.0,0.0
169,1,0.012861315970556774,0.06346009882908671,0.0724,1.5,0.0,0.0,0.0,0.0,0.0,0.0,1.0,0.0,0.0
170,0,0.011855200662145772,0.06346009882908671,0.1866,-1.4,0.0,0.0,0.0,0.0,0.0,0.0,1.0,0.0,0.0
171,0,0.01140160960782703,0.06346009882908671,0.5770000000000001,-0.8,0.0,0.0,0.0,0.0,0.0,0.0,1.0,0.0,0.0
172,0,0.010301419426417107,0.06346009882908671,0.1202,-0.6,0.0,0.0,0.0,0.0,0.0,0.0,1.0,0.0,0.0
173,1,0.010845110359101014,0.06346009882908671,0.35200000000000004,-0.5,0.0,0.0,0.0,0.0,0.0,0.0,1.0,0.0,0.0
174,1,0.011580042700275689,0.06346009882908671,0.3858,0.5,0.0,0.0,0.0,0.0,0.0,0.0,1.0,0.0,0.0
175,1,0.014110347617697383,0.06346009882908671,0.3322,2.2,0.0,0.0,0.0,0.0,0.0,0.0,1.0,0.0,0.0
176,0,0.011658659260809999,0.06346009882908671,0.45439999999999997,-0.7,0.0,0.0,0.0,0.0,0.0,0.0,1.0,0.0,0.0
177,0,0.010406535951176465,0.06346009882908671,0.4104,-1.1,0.0,0.0,0.0,0.0,0.0,0.0,1.0,0.0,0.0
178,0,0.00957267041022828,0.06346009882908671,0.11,0.6,0.0,0.0,0.0,0.0,0.0,0.0,1.0,0.0,0.0
179,0,0.005493442583852512,0.06346009882908671,0.40659999999999996,0.1,0.0,0.0,0.0,0.0,0.0,0.0,1.0,0.0,0.0
180,1,0.009533362129961125,0.06346009882908671,0.5376,-1.2,0.0,0.0,0.0,0.0,0.0,0.0,1.0,0.0,0.0
181,1,0.011508492796868058,0.06346009882908671,0.132,-1.2,0.0,0.0,0.0,0.0,0.0,0.0,1.0,0.0,0.0
182,0,0.008708771576491706,0.06346009882908671,0.13019999999999998,-0.8,0.0,0.0,0.0,0.0,0.0,0.0,1.0,0.0,0.0
183,0,0.0071117070658621275,0.06346009882908671,0.41259999999999997,1.2,0.0,0.0,0.0,0.0,0.0,0.0,1.0,0.0,0.0
184,0,0.003175579046301621,0.06346009882908671,0.5256000000000001,-1.1,0.0,0.0,0.0,0.0,0.0,0.0,1.0,0.0,0.0
185,1,0.08591774234438117,4.688739237754046e-05,0.3194,0.2,1.0,0.0,0.0,0.0,0.0,0.0,0.0,0.0,0.0
186,1,0.10249479496536013,4.688739237754046e-05,0.2724,0.6,1.0,0.0,0.0,0.0,0.0,0.0,0.0,0.0,0.0
187,1,0.15082322138865112,4.688739237754046e-05,0.1628,2.3,1.0,0.0,0.0,0.0,0.0,0.0,0.0,0.0,0.0
188,0,0.14497953761095755,4.688739237754046e-05,0.021,0.5,1.0,0.0,0.0,0.0,0.0,0.0,0.0,0.0,0.0
189,1,0.20663700437337743,4.688739237754046e-05,0.1168,0.3,1.0,0.0,0.0,0.0,0.0,0.0,0.0,0.0,0.0
190,0,0.15812926152549694,4.688739237754046e-05,0.064,1.3,1.0,0.0,0.0,0.0,0.0,0.0,0.0,0.0,0.0
191,0,0.1527011855200662,4.688739237754046e-05,0.31079999999999997,-0.9,1.0,0.0,0.0,0.0,0.0,0.0,0.0,0.0,0.0
192,1,0.16158044019973905,4.688739237754046e-05,0.059000000000000004,-0.2,1.0,0.0,0.0,0.0,0.0,0.0,0.0,0.0,0.0
193,1,0.16974596250961727,4.688739237754046e-05,0.4708,2.2,1.0,0.0,0.0,0.0,0.0,0.0,0.0,0.0,0.0
194,1,0.1727952250597795,4.688739237754046e-05,0.365,-1.5,1.0,0.0,0.0,0.0,0.0,0.0,0.0,0.0,0.0
195,1,0.1736520572363894,4.688739237754046e-05,0.1158,-1.7,1.0,0.0,0.0,0.0,0.0,0.0,0.0,0.0,0.0
196,0,0.1723071840519682,4.688739237754046e-05,0.21960000000000002,-0.6,1.0,0.0,0.0,0.0,0.0,0.0,0.0,0.0,0.0
197,0,0.13248127115028394,4.688739237754046e-05,0.155,-0.1,1.0,0.0,0.0,0.0,0.0,0.0,0.0,0.0,0.0
198,0,0.10034653119884955,4.688739237754046e-05,0.3132,0.9,1.0,0.0,0.0,0.0,0.0,0.0,0.0,0.0,0.0
199,1,0.10438910074138066,4.688739237754046e-05,0.2168,0.3,1.0,0.0,0.0,0.0,0.0,0.0,0.0,0.0,0.0
200,1,0.14483157947736772,4.688739237754046e-05,0.2868,0.6,1.0,0.0,0.0,0.0,0.0,0.0,0.0,0.0,0.0
201,0,0.11265134792068031,4.688739237754046e-05,0.637,-0.9,1.0,0.0,0.0,0.0,0.0,0.0,0.0,0.0,0.0
202,1,0.1172442333869516,4.688739237754046e-05,0.10679999999999999,0.6,1.0,0.0,0.0,0.0,0.0,0.0,0.0,0.0,0.0
203,1,0.12378972455053852,4.688739237754046e-05,0.2352,-1.6,1.0,0.0,0.0,0.0,0.0,0.0,0.0,0.0,0.0
204,1,0.1318457136749532,4.688739237754046e-05,0.1592,-0.9,1.0,0.0,0.0,0.0,0.0,0.0,0.0,0.0,0.0
205,1,0.14727929283962132,4.688739237754046e-05,0.33880000000000005,1.5,1.0,0.0,0.0,0.0,0.0,0.0,0.0,0.0,0.0
206,1,0.16779159014801998,4.688739237754046e-05,0.6314,-1.4,1.0,0.0,0.0,0.0,0.0,0.0,0.0,0.0,0.0
207,1,0.17854262563412207,4.688739237754046e-05,0.47479999999999994,-0.8,1.0,0.0,0.0,0.0,0.0,0.0,0.0,0.0,0.0
208,0,0.17052020313105912,4.688739237754046e-05,0.1646,-0.6,1.0,0.0,0.0,0.0,0.0,0.0,0.0,0.0,0.0
209,1,0.18048286468146602,4.688739237754046e-05,0.1074,-0.5,1.0,0.0,0.0,0.0,0.0,0.0,0.0,0.0,0.0
210,1,0.18213292912054568,4.688739237754046e-05,0.18,0.5,1.0,0.0,0.0,0.0,0.0,0.0,0.0,0.0,0.0
211,1,0.18292483638480422,4.688739237754046e-05,0.3778,2.2,1.0,0.0,0.0,0.0,0.0,0.0,0.0,0.0,0.0
212,0,0.18247477865904882,4.688739237754046e-05,0.299,-0.7,1.0,0.0,0.0,0.0,0.0,0.0,0.0,0.0,0.0
213,0,0.18147749667204616,4.688739237754046e-05,0.3496,-1.1,1.0,0.0,0.0,0.0,0.0,0.0,0.0,0.0,0.0
214,1,0.18531645815611483,4.688739237754046e-05,0.3968,0.6,1.0,0.0,0.0,0.0,0.0,0.0,0.0,0.0,0.0
215,0,0.039580346566532136,4.688739237754046e-05,0.4376,0.1,1.0,0.0,0.0,0.0,0.0,0.0,0.0,0.0,0.0
216,1,0.10566330735453507,4.688739237754046e-05,0.547,-1.2,1.0,0.0,0.0,0.0,0.0,0.0,0.0,0.0,0.0
217,1,0.17258764200668328,4.688739237754046e-05,0.2064,-1.2,1.0,0.0,0.0,0.0,0.0,0.0,0.0,0.0,0.0
218,0,0.17218925921116673,4.688739237754046e-05,0.6038,-0.8,1.0,0.0,0.0,0.0,0.0,0.0,0.0,0.0,0.0
219,1,0.17374524877724748,4.688739237754046e-05,0.5454,1.2,1.0,0.0,0.0,0.0,0.0,0.0,0.0,0.0,0.0
220,0,0.16158971518721782,4.688739237754046e-05,0.1524,-1.1,1.0,0.0,0.0,0.0,0.0,0.0,0.0,0.0,0.0
221,1,0.016412311176713244,0.021336942338043795,0.0336,0.6,0.0,0.0,0.0,0.0,0.0,1.0,0.0,0.0,0.0
222,1,0.019459365396523383,0.021336942338043795,0.3034,0.0,0.0,0.0,0.0,0.0,0.0,1.0,0.0,0.0,0.0
223,1,0.022178703392083755,0.021336942338043795,0.0946,0.1,0.0,0.0,0.0,0.0,0.0,1.0,0.0,0.0,0.0
224,0,0.020613880504594652,0.021336942338043795,0.2812,2.5,0.0,0.0,0.0,0.0,0.0,1.0,0.0,0.0,0.0
225,1,0.021533870929274244,0.021336942338043795,0.1328,-0.5,0.0,0.0,0.0,0.0,0.0,1.0,0.0,0.0,0.0
226,1,0.023712609654643634,0.021336942338043795,0.11359999999999999,-0.8,0.0,0.0,0.0,0.0,0.0,1.0,0.0,0.0,0.0
227,1,0.027094446755830212,0.021336942338043795,0.1782,-0.3,0.0,0.0,0.0,0.0,0.0,1.0,0.0,0.0,0.0
228,0,0.02437820042276276,0.021336942338043795,0.0236,1.6,0.0,0.0,0.0,0.0,0.0,1.0,0.0,0.0,0.0
229,1,0.02555612383256616,0.021336942338043795,0.2186,0.7,0.0,0.0,0.0,0.0,0.0,1.0,0.0,0.0,0.0
230,0,0.02448375861359254,0.021336942338043795,0.19,-1.7,0.0,0.0,0.0,0.0,0.0,1.0,0.0,0.0,0.0
231,0,0.02410083413054059,0.021336942338043795,0.3998,0.2,0.0,0.0,0.0,0.0,0.0,1.0,0.0,0.0,0.0
232,1,0.0287776361501912,0.021336942338043795,0.2332,0.6,0.0,0.0,0.0,0.0,0.0,1.0,0.0,0.0,0.0
233,0,0.024265575574806308,0.021336942338043795,0.2158,2.3,0.0,0.0,0.0,0.0,0.0,1.0,0.0,0.0,0.0
234,1,0.02517143268523254,0.021336942338043795,0.0286,0.5,0.0,0.0,0.0,0.0,0.0,1.0,0.0,0.0,0.0
235,0,0.024061084184203017,0.021336942338043795,0.15380000000000002,0.3,0.0,0.0,0.0,0.0,0.0,1.0,0.0,0.0,0.0
236,0,0.021479987668683313,0.021336942338043795,0.12619999999999998,1.3,0.0,0.0,0.0,0.0,0.0,1.0,0.0,0.0,0.0
237,0,0.018938199433430766,0.021336942338043795,0.1568,-0.9,0.0,0.0,0.0,0.0,0.0,1.0,0.0,0.0,0.0
238,0,0.018285858647424158,0.021336942338043795,0.0676,-0.2,0.0,0.0,0.0,0.0,0.0,1.0,0.0,0.0,0.0
239,0,0.016744002395596765,0.021336942338043795,0.4384,2.2,0.0,0.0,0.0,0.0,0.0,1.0,0.0,0.0,0.0
240,0,0.0160951949381535,0.021336942338043795,0.201,-1.5,0.0,0.0,0.0,0.0,0.0,1.0,0.0,0.0,0.0
241,0,0.0155643123215117,0.021336942338043795,0.1998,-1.7,0.0,0.0,0.0,0.0,0.0,1.0,0.0,0.0,0.0
242,0,0.01535628760234507,0.021336942338043795,0.133,-0.6,0.0,0.0,0.0,0.0,0.0,1.0,0.0,0.0,0.0
243,1,0.01680627731152563,0.021336942338043795,0.1782,-0.1,0.0,0.0,0.0,0.0,0.0,1.0,0.0,0.0,0.0
244,0,0.01438506391349705,0.021336942338043795,0.2336,0.9,0.0,0.0,0.0,0.0,0.0,1.0,0.0,0.0,0.0
245,0,0.012530949749884505,0.021336942338043795,0.1168,0.3,0.0,0.0,0.0,0.0,0.0,1.0,0.0,0.0,0.0
246,0,0.011765984115921443,0.021336942338043795,0.0492,0.6,0.0,0.0,0.0,0.0,0.0,1.0,0.0,0.0,0.0
247,1,0.012719541161952765,0.021336942338043795,0.20559999999999998,-0.9,0.0,0.0,0.0,0.0,0.0,1.0,0.0,0.0,0.0
248,1,0.012728816149431532,0.021336942338043795,0.4142,0.6,0.0,0.0,0.0,0.0,0.0,1.0,0.0,0.0,0.0
249,0,0.009377895673174175,0.021336942338043795,0.0894,-1.6,0.0,0.0,0.0,0.0,0.0,1.0,0.0,0.0,0.0
250,1,0.03690120018337975,0.021336942338043795,0.1226,-0.9,0.0,0.0,0.0,0.0,0.0,1.0,0.0,0.0,0.0
251,1,0.03831011494801149,0.021336942338043795,0.16519999999999999,1.5,0.0,0.0,0.0,0.0,0.0,1.0,0.0,0.0,0.0
252,1,0.03962672150392597,0.021336942338043795,0.2632,-1.4,0.0,0.0,0.0,0.0,0.0,1.0,0.0,0.0,0.0
253,1,0.041264419293033955,0.021336942338043795,0.3148,-0.8,0.0,0.0,0.0,0.0,0.0,1.0,0.0,0.0,0.0
254,0,0.036088534613811604,0.021336942338043795,0.3456,-0.6,0.0,0.0,0.0,0.0,0.0,1.0,0.0,0.0,0.0
255,1,0.03638312588278006,0.021336942338043795,0.1352,-0.5,0.0,0.0,0.0,0.0,0.0,1.0,0.0,0.0,0.0
256,0,0.03206760670873094,0.021336942338043795,0.327,0.5,0.0,0.0,0.0,0.0,0.0,1.0,0.0,0.0,0.0
257,1,0.03564068521840829,0.021336942338043795,0.41659999999999997,2.2,0.0,0.0,0.0,0.0,0.0,1.0,0.0,0.0,0.0
258,0,0.03214313160677233,0.021336942338043795,0.4192,-0.7,0.0,0.0,0.0,0.0,0.0,1.0,0.0,0.0,0.0
259,0,0.03182071537536758,0.021336942338043795,0.46740000000000004,-1.1,0.0,0.0,0.0,0.0,0.0,1.0,0.0,0.0,0.0
260,1,0.0345135534067029,0.021336942338043795,0.43560000000000004,0.6,0.0,0.0,0.0,0.0,0.0,1.0,0.0,0.0,0.0
261,0,0.018846774556854348,0.021336942338043795,0.5197999999999999,0.1,0.0,0.0,0.0,0.0,0.0,1.0,0.0,0.0,0.0
262,1,0.021131954805194347,0.021336942338043795,0.2394,-1.2,0.0,0.0,0.0,0.0,0.0,1.0,0.0,0.0,0.0
263,1,0.034945944489641605,0.021336942338043795,0.1716,-1.2,0.0,0.0,0.0,0.0,0.0,1.0,0.0,0.0,0.0
264,1,0.06582723613323122,0.021336942338043795,0.36060000000000003,-0.8,0.0,0.0,0.0,0.0,0.0,1.0,0.0,0.0,0.0
265,0,0.05006814907466542,0.021336942338043795,0.5506,1.2,0.0,0.0,0.0,0.0,0.0,1.0,0.0,0.0,0.0
266,0,0.041868176811294636,0.021336942338043795,0.1476,-1.1,0.0,0.0,0.0,0.0,0.0,1.0,0.0,0.0,0.0
267,1,0.0008630155015957395,1.1920523485815371e-05,0.46740000000000004,-1.1,0.0,0.0,0.0,0.0,0.0,1.0,0.0,0.0,0.0
268,1,0.001051606913664,1.1920523485815371e-05,0.43560000000000004,0.6,0.0,0.0,0.0,0.0,0.0,1.0,0.0,0.0,0.0
269,0,0.00024203300658877443,1.1920523485815371e-05,0.5197999999999999,0.1,0.0,0.0,0.0,0.0,0.0,1.0,0.0,0.0,0.0
270,0,0.0,1.1920523485815371e-05,0.2394,-1.2,0.0,0.0,0.0,0.0,0.0,1.0,0.0,0.0,0.0
271,1,1.3249982112524149e-05,1.1920523485815371e-05,0.5506,1.2,0.0,0.0,0.0,0.0,0.0,1.0,0.0,0.0,0.0
272,0,8.833321408349432e-06,1.1920523485815371e-05,0.1476,-1.1,0.0,0.0,0.0,0.0,0.0,1.0,0.0,0.0,0.0
273,1,0.01075015215396126,0.0022609259544763153,0.1568,-0.9,0.0,0.0,0.0,0.0,0.0,1.0,0.0,0.0,0.0
274,1,0.01792766746431559,0.0022609259544763153,0.0676,-0.2,0.0,0.0,0.0,0.0,0.0,1.0,0.0,0.0,0.0
275,1,0.018613574871673925,0.0022609259544763153,0.4384,2.2,0.0,0.0,0.0,0.0,0.0,1.0,0.0,0.0,0.0
276,0,0.014210164149611732,0.0022609259544763153,0.201,-1.5,0.0,0.0,0.0,0.0,0.0,1.0,0.0,0.0,0.0
277,0,0.010624277323892279,0.0022609259544763153,0.1998,-1.7,0.0,0.0,0.0,0.0,0.0,1.0,0.0,0.0,0.0
278,1,0.012928449213260229,0.0022609259544763153,0.133,-0.6,0.0,0.0,0.0,0.0,0.0,1.0,0.0,0.0,0.0
279,1,0.01309407398966678,0.0022609259544763153,0.1782,-0.1,0.0,0.0,0.0,0.0,0.0,1.0,0.0,0.0,0.0
280,0,0.010101344696517993,0.0022609259544763153,0.2336,0.9,0.0,0.0,0.0,0.0,0.0,1.0,0.0,0.0,0.0
281,0,0.00841992196643868,0.0022609259544763153,0.1168,0.3,0.0,0.0,0.0,0.0,0.0,1.0,0.0,0.0,0.0
282,1,0.016327952957263508,0.0022609259544763153,0.0492,0.6,0.0,0.0,0.0,0.0,0.0,1.0,0.0,0.0,0.0
283,0,0.01614554487018109,0.0022609259544763153,0.20559999999999998,-0.9,0.0,0.0,0.0,0.0,0.0,1.0,0.0,0.0,0.0
284,1,0.0182818836527904,0.0022609259544763153,0.4142,0.6,0.0,0.0,0.0,0.0,0.0,1.0,0.0,0.0,0.0
285,1,0.01946510705543881,0.0022609259544763153,0.0894,-1.6,0.0,0.0,0.0,0.0,0.0,1.0,0.0,0.0,0.0
286,0,0.019189065761427888,0.0022609259544763153,0.1226,-0.9,0.0,0.0,0.0,0.0,0.0,1.0,0.0,0.0,0.0
287,1,0.019469082050072566,0.0022609259544763153,0.16519999999999999,1.5,0.0,0.0,0.0,0.0,0.0,1.0,0.0,0.0,0.0
288,1,0.01998715635067226,0.0022609259544763153,0.2632,-1.4,0.0,0.0,0.0,0.0,0.0,1.0,0.0,0.0,0.0
289,0,0.019571990244479837,0.0022609259544763153,0.3148,-0.8,0.0,0.0,0.0,0.0,0.0,1.0,0.0,0.0,0.0
290,1,0.020894780125380163,0.0022609259544763153,0.3456,-0.6,0.0,0.0,0.0,0.0,0.0,1.0,0.0,0.0,0.0
291,1,0.023622951442348886,0.0022609259544763153,0.1352,-0.5,0.0,0.0,0.0,0.0,0.0,1.0,0.0,0.0,0.0
292,0,0.020756096979269077,0.0022609259544763153,0.327,0.5,0.0,0.0,0.0,0.0,0.0,1.0,0.0,0.0,0.0
293,1,0.02348956828908281,0.0022609259544763153,0.41659999999999997,2.2,0.0,0.0,0.0,0.0,0.0,1.0,0.0,0.0,0.0
294,1,0.023736901288516594,0.0022609259544763153,0.4192,-0.7,0.0,0.0,0.0,0.0,0.0,1.0,0.0,0.0,0.0
295,0,0.01517299618312182,0.0022609259544763153,0.46740000000000004,-1.1,0.0,0.0,0.0,0.0,0.0,1.0,0.0,0.0,0.0
296,1,0.015676937169468153,0.0022609259544763153,0.43560000000000004,0.6,0.0,0.0,0.0,0.0,0.0,1.0,0.0,0.0,0.0
297,0,0.010477644188513678,0.0022609259544763153,0.5197999999999999,0.1,0.0,0.0,0.0,0.0,0.0,1.0,0.0,0.0,0.0
298,1,0.010977168514155838,0.0022609259544763153,0.2394,-1.2,0.0,0.0,0.0,0.0,0.0,1.0,0.0,0.0,0.0
299,0,0.00555836749620388,0.0022609259544763153,0.1716,-1.2,0.0,0.0,0.0,0.0,0.0,1.0,0.0,0.0,0.0
300,1,0.014181455855034596,0.0022609259544763153,0.36060000000000003,-0.8,0.0,0.0,0.0,0.0,0.0,1.0,0.0,0.0,0.0
301,0,0.013648806574111124,0.0022609259544763153,0.5506,1.2,0.0,0.0,0.0,0.0,0.0,1.0,0.0,0.0,0.0
302,0,0.01049310250097829,0.0022609259544763153,0.1476,-1.1,0.0,0.0,0.0,0.0,0.0,1.0,0.0,0.0,0.0
303,0,0.0031817623712874655,0.0006826486449543603,0.0336,0.6,0.0,0.0,0.0,0.0,0.0,1.0,0.0,0.0,0.0
304,1,0.004985968268942837,0.0006826486449543603,0.3034,0.0,0.0,0.0,0.0,0.0,0.0,1.0,0.0,0.0,0.0
305,1,0.005686450656624947,0.0006826486449543603,0.0946,0.1,0.0,0.0,0.0,0.0,0.0,1.0,0.0,0.0,0.0
306,1,0.00579951717065182,0.0006826486449543603,0.2812,2.5,0.0,0.0,0.0,0.0,0.0,1.0,0.0,0.0,0.0
307,1,0.0074155733223093484,0.0006826486449543603,0.1328,-0.5,0.0,0.0,0.0,0.0,0.0,1.0,0.0,0.0,0.0
308,1,0.007647448009278521,0.0006826486449543603,0.11359999999999999,-0.8,0.0,0.0,0.0,0.0,0.0,1.0,0.0,0.0,0.0
309,1,0.009688386920677658,0.0006826486449543603,0.1782,-0.3,0.0,0.0,0.0,0.0,0.0,1.0,0.0,0.0,0.0
310,0,0.008211455581201631,0.0006826486449543603,0.0236,1.6,0.0,0.0,0.0,0.0,0.0,1.0,0.0,0.0,0.0
311,1,0.010596894027526397,0.0006826486449543603,0.2186,0.7,0.0,0.0,0.0,0.0,0.0,1.0,0.0,0.0,0.0
312,1,0.015714920451524058,0.0006826486449543603,0.19,-1.7,0.0,0.0,0.0,0.0,0.0,1.0,0.0,0.0,0.0
313,1,0.024498775259986734,0.0006826486449543603,0.3998,0.2,0.0,0.0,0.0,0.0,0.0,1.0,0.0,0.0,0.0
314,0,0.007330331770718776,0.0006826486449543603,0.2332,0.6,0.0,0.0,0.0,0.0,0.0,1.0,0.0,0.0,0.0
315,0,0.0043848607471046585,0.0006826486449543603,0.2158,2.3,0.0,0.0,0.0,0.0,0.0,1.0,0.0,0.0,0.0
316,0,0.0038159948484069546,0.0006826486449543603,0.0286,0.5,0.0,0.0,0.0,0.0,0.0,1.0,0.0,0.0,0.0
317,1,0.004645443728650966,0.0006826486449543603,0.15380000000000002,0.3,0.0,0.0,0.0,0.0,0.0,1.0,0.0,0.0,0.0
318,1,0.005884317056171974,0.0006826486449543603,0.12619999999999998,1.3,0.0,0.0,0.0,0.0,0.0,1.0,0.0,0.0,0.0
319,0,0.005008934904604545,0.0006826486449543603,0.1568,-0.9,0.0,0.0,0.0,0.0,0.0,1.0,0.0,0.0,0.0
320,1,0.0056029757693160445,0.0006826486449543603,0.0676,-0.2,0.0,0.0,0.0,0.0,0.0,1.0,0.0,0.0,0.0
321,0,0.00529645951644632,0.0006826486449543603,0.4384,2.2,0.0,0.0,0.0,0.0,0.0,1.0,0.0,0.0,0.0
322,0,0.0046101104430175685,0.0006826486449543603,0.201,-1.5,0.0,0.0,0.0,0.0,0.0,1.0,0.0,0.0,0.0
323,1,0.006076883462873992,0.0006826486449543603,0.1998,-1.7,0.0,0.0,0.0,0.0,0.0,1.0,0.0,0.0,0.0
324,1,0.007677039635996492,0.0006826486449543603,0.133,-0.6,0.0,0.0,0.0,0.0,0.0,1.0,0.0,0.0,0.0
325,1,0.00785193939988181,0.0006826486449543603,0.1782,-0.1,0.0,0.0,0.0,0.0,0.0,1.0,0.0,0.0,0.0
326,0,0.006625432722332491,0.0006826486449543603,0.2336,0.9,0.0,0.0,0.0,0.0,0.0,1.0,0.0,0.0,0.0
327,0,0.005968233609551294,0.0006826486449543603,0.1168,0.3,0.0,0.0,0.0,0.0,0.0,1.0,0.0,0.0,0.0
328,0,0.005533634196260502,0.0006826486449543603,0.0492,0.6,0.0,0.0,0.0,0.0,0.0,1.0,0.0,0.0,0.0
329,0,0.005518617549866308,0.0006826486449543603,0.20559999999999998,-0.9,0.0,0.0,0.0,0.0,0.0,1.0,0.0,0.0,0.0
330,0,0.004463477307638968,0.0006826486449543603,0.4142,0.6,0.0,0.0,0.0,0.0,0.0,1.0,0.0,0.0,0.0
331,0,0.003978086296250166,0.0006826486449543603,0.0894,-1.6,0.0,0.0,0.0,0.0,0.0,1.0,0.0,0.0,0.0
332,1,0.004852143449606343,0.0006826486449543603,0.1226,-0.9,0.0,0.0,0.0,0.0,0.0,1.0,0.0,0.0,0.0
333,1,0.010485594177781193,0.0006826486449543603,0.16519999999999999,1.5,0.0,0.0,0.0,0.0,0.0,1.0,0.0,0.0,0.0
334,0,0.0068988240199209065,0.0006826486449543603,0.2632,-1.4,0.0,0.0,0.0,0.0,0.0,1.0,0.0,0.0,0.0
335,1,0.011194909886871652,0.0006826486449543603,0.3148,-0.8,0.0,0.0,0.0,0.0,0.0,1.0,0.0,0.0,0.0
336,0,0.010042161443082051,0.0006826486449543603,0.3456,-0.6,0.0,0.0,0.0,0.0,0.0,1.0,0.0,0.0,0.0
337,0,0.008845688058321121,0.0006826486449543603,0.1352,-0.5,0.0,0.0,0.0,0.0,0.0,1.0,0.0,0.0,0.0
338,0,0.0012468233167885223,0.0006826486449543603,0.327,0.5,0.0,0.0,0.0,0.0,0.0,1.0,0.0,0.0,0.0
339,0,0.0,0.0006826486449543603,0.41659999999999997,2.2,0.0,0.0,0.0,0.0,0.0,1.0,0.0,0.0,0.0
340,1,0.00018770807992742544,0.0006826486449543603,0.46740000000000004,-1.1,0.0,0.0,0.0,0.0,0.0,1.0,0.0,0.0,0.0
341,1,0.0018108308887116336,0.0006826486449543603,0.43560000000000004,0.6,0.0,0.0,0.0,0.0,0.0,1.0,0.0,0.0,0.0
342,0,0.00019874973168786223,0.0006826486449543603,0.5197999999999999,0.1,0.0,0.0,0.0,0.0,0.0,1.0,0.0,0.0,0.0
343,0,0.0,0.0006826486449543603,0.2394,-1.2,0.0,0.0,0.0,0.0,0.0,1.0,0.0,0.0,0.0
344,1,0.0002972412653909584,0.0006826486449543603,0.1716,-1.2,0.0,0.0,0.0,0.0,0.0,1.0,0.0,0.0,0.0
345,1,0.0018651558153729825,0.0006826486449543603,0.36060000000000003,-0.8,0.0,0.0,0.0,0.0,0.0,1.0,0.0,0.0,0.0
346,1,0.005889175382946567,0.0006826486449543603,0.5506,1.2,0.0,0.0,0.0,0.0,0.0,1.0,0.0,0.0,0.0
347,0,0.0049948015903511864,0.0006826486449543603,0.1476,-1.1,0.0,0.0,0.0,0.0,0.0,1.0,0.0,0.0,0.0
348,1,0.006207616619717564,4.132448141749329e-05,0.068,0.0,1.0,0.0,0.0,0.0,0.0,0.0,0.0,0.0,0.0
349,0,0.0055627841569080546,4.132448141749329e-05,0.06480000000000001,0.1,1.0,0.0,0.0,0.0,0.0,0.0,0.0,0.0,0.0
350,1,0.006120608403845321,4.132448141749329e-05,0.065,2.5,1.0,0.0,0.0,0.0,0.0,0.0,0.0,0.0,0.0
351,1,0.008028605828048799,4.132448141749329e-05,0.0318,-0.5,1.0,0.0,0.0,0.0,0.0,0.0,0.0,0.0,0.0
352,0,0.006737174238148112,4.132448141749329e-05,0.1192,-0.8,1.0,0.0,0.0,0.0,0.0,0.0,0.0,0.0,0.0
353,0,0.005461200960712036,4.132448141749329e-05,0.0622,-0.3,1.0,0.0,0.0,0.0,0.0,0.0,0.0,0.0,0.0
354,0,0.005160426366757738,4.132448141749329e-05,0.053,1.6,1.0,0.0,0.0,0.0,0.0,0.0,0.0,0.0,0.0
355,1,0.006253991557111398,4.132448141749329e-05,0.0602,0.7,1.0,0.0,0.0,0.0,0.0,0.0,0.0,0.0,0.0
356,0,0.005405551035839435,4.132448141749329e-05,0.1298,-1.7,1.0,0.0,0.0,0.0,0.0,0.0,0.0,0.0,0.0
357,0,0.0051401097275185345,4.132448141749329e-05,0.3194,0.2,1.0,0.0,0.0,0.0,0.0,0.0,0.0,0.0,0.0
358,1,0.005756675561821325,4.132448141749329e-05,0.2724,0.6,1.0,0.0,0.0,0.0,0.0,0.0,0.0,0.0,0.0
359,1,0.007092273758763759,4.132448141749329e-05,0.1628,2.3,1.0,0.0,0.0,0.0,0.0,0.0,0.0,0.0,0.0
360,0,0.00610515009138071,4.132448141749329e-05,0.021,0.5,1.0,0.0,0.0,0.0,0.0,0.0,0.0,0.0,0.0
361,1,0.006531799515403987,4.132448141749329e-05,0.1168,0.3,1.0,0.0,0.0,0.0,0.0,0.0,0.0,0.0,0.0
362,0,0.005937316984622071,4.132448141749329e-05,0.064,1.3,1.0,0.0,0.0,0.0,0.0,0.0,0.0,0.0,0.0
363,1,0.006867465728921266,4.132448141749329e-05,0.31079999999999997,-0.9,1.0,0.0,0.0,0.0,0.0,0.0,0.0,0.0,0.0
364,1,0.007787456153600859,4.132448141749329e-05,0.059000000000000004,-0.2,1.0,0.0,0.0,0.0,0.0,0.0,0.0,0.0,0.0
365,0,0.006167866673379991,4.132448141749329e-05,0.4708,2.2,1.0,0.0,0.0,0.0,0.0,0.0,0.0,0.0,0.0
366,1,0.007418223318731853,4.132448141749329e-05,0.365,-1.5,1.0,0.0,0.0,0.0,0.0,0.0,0.0,0.0,0.0
367,0,0.0002782496243630071,4.132448141749329e-05,0.1158,-1.7,1.0,0.0,0.0,0.0,0.0,0.0,0.0,0.0,0.0
368,1,0.005543792515880104,4.132448141749329e-05,0.21960000000000002,-0.6,1.0,0.0,0.0,0.0,0.0,0.0,0.0,0.0,0.0
369,0,0.005438675991120745,4.132448141749329e-05,0.155,-0.1,1.0,0.0,0.0,0.0,0.0,0.0,0.0,0.0,0.0
370,0,0.0047832435426212174,4.132448141749329e-05,0.3132,0.9,1.0,0.0,0.0,0.0,0.0,0.0,0.0,0.0,0.0
371,1,0.004860535104944275,4.132448141749329e-05,0.2168,0.3,1.0,0.0,0.0,0.0,0.0,0.0,0.0,0.0,0.0
372,1,0.005246551250489145,4.132448141749329e-05,0.2868,0.6,1.0,0.0,0.0,0.0,0.0,0.0,0.0,0.0,0.0
373,1,0.005480634267810405,4.132448141749329e-05,0.637,-0.9,1.0,0.0,0.0,0.0,0.0,0.0,0.0,0.0,0.0
374,1,0.00629727483201231,4.132448141749329e-05,0.10679999999999999,0.6,1.0,0.0,0.0,0.0,0.0,0.0,0.0,0.0,0.0
375,0,0.005724433938680849,4.132448141749329e-05,0.2352,-1.6,1.0,0.0,0.0,0.0,0.0,0.0,0.0,0.0,0.0
376,1,0.007712814587700307,4.132448141749329e-05,0.1592,-0.9,1.0,0.0,0.0,0.0,0.0,0.0,0.0,0.0,0.0
377,0,0.007324590111803349,4.132448141749329e-05,0.33880000000000005,1.5,1.0,0.0,0.0,0.0,0.0,0.0,0.0,0.0,0.0
378,0,0.006497349561911425,4.132448141749329e-05,0.6314,-1.4,1.0,0.0,0.0,0.0,0.0,0.0,0.0,0.0,0.0
379,1,0.008437588609255378,4.132448141749329e-05,0.47479999999999994,-0.8,1.0,0.0,0.0,0.0,0.0,0.0,0.0,0.0,0.0
380,0,0.002598763158336403,4.132448141749329e-05,0.1646,-0.6,1.0,0.0,0.0,0.0,0.0,0.0,0.0,0.0,0.0
381,1,0.006051266830789779,4.132448141749329e-05,0.1074,-0.5,1.0,0.0,0.0,0.0,0.0,0.0,0.0,0.0,0.0
382,1,0.006122375068126991,4.132448141749329e-05,0.18,0.5,1.0,0.0,0.0,0.0,0.0,0.0,0.0,0.0,0.0
383,1,0.006548582826079851,4.132448141749329e-05,0.3778,2.2,1.0,0.0,0.0,0.0,0.0,0.0,0.0,0.0,0.0
384,1,0.006571107795671142,4.132448141749329e-05,0.299,-0.7,1.0,0.0,0.0,0.0,0.0,0.0,0.0,0.0,0.0
385,1,0.007205340272790631,4.132448141749329e-05,0.3496,-1.1,1.0,0.0,0.0,0.0,0.0,0.0,0.0,0.0,0.0
386,0,0.006857749075372082,4.132448141749329e-05,0.3968,0.6,1.0,0.0,0.0,0.0,0.0,0.0,0.0,0.0,0.0
387,0,0.0010679485582694463,4.132448141749329e-05,0.4376,0.1,1.0,0.0,0.0,0.0,0.0,0.0,0.0,0.0,0.0
388,0,0.0,4.132448141749329e-05,0.547,-1.2,1.0,0.0,0.0,0.0,0.0,0.0,0.0,0.0,0.0
389,1,0.0047373102712978,4.132448141749329e-05,0.2064,-1.2,1.0,0.0,0.0,0.0,0.0,0.0,0.0,0.0,0.0
390,1,0.006833899107569538,4.132448141749329e-05,0.6038,-0.8,1.0,0.0,0.0,0.0,0.0,0.0,0.0,0.0,0.0
391,0,0.0035911868185644616,4.132448141749329e-05,0.5454,1.2,1.0,0.0,0.0,0.0,0.0,0.0,0.0,0.0,0.0
392,0,0.0,4.132448141749329e-05,0.1524,-1.1,1.0,0.0,0.0,0.0,0.0,0.0,0.0,0.0,0.0
393,1,0.0805541495852314,0.05487096430677388,0.068,0.0,1.0,0.0,0.0,0.0,0.0,0.0,0.0,0.0,0.0
394,0,0.06571991127811977,0.05487096430677388,0.06480000000000001,0.1,1.0,0.0,0.0,0.0,0.0,0.0,0.0,0.0,0.0
395,0,0.06419660500124992,0.05487096430677388,0.065,2.5,1.0,0.0,0.0,0.0,0.0,0.0,0.0,0.0,0.0
396,0,0.06099187599430074,0.05487096430677388,0.0318,-0.5,1.0,0.0,0.0,0.0,0.0,0.0,0.0,0.0,0.0
397,0,0.060479543352616474,0.05487096430677388,0.1192,-0.8,1.0,0.0,0.0,0.0,0.0,0.0,0.0,0.0,0.0
398,0,0.05813827151333346,0.05487096430677388,0.0622,-0.3,1.0,0.0,0.0,0.0,0.0,0.0,0.0,0.0,0.0
399,0,0.05226941276962609,0.05487096430677388,0.053,1.6,1.0,0.0,0.0,0.0,0.0,0.0,0.0,0.0,0.0
400,0,0.05221862117152808,0.05487096430677388,0.0602,0.7,1.0,0.0,0.0,0.0,0.0,0.0,0.0,0.0,0.0
401,0,0.05028235711881789,0.05487096430677388,0.1298,-1.7,1.0,0.0,0.0,0.0,0.0,0.0,0.0,0.0,0.0
402,1,0.05164666361033746,0.05487096430677388,0.3194,0.2,1.0,0.0,0.0,0.0,0.0,0.0,0.0,0.0,0.0
403,0,0.04825731818595378,0.05487096430677388,0.2724,0.6,1.0,0.0,0.0,0.0,0.0,0.0,0.0,0.0,0.0
404,0,0.047749843871044105,0.05487096430677388,0.1628,2.3,1.0,0.0,0.0,0.0,0.0,0.0,0.0,0.0,0.0
405,0,0.04241716773682355,0.05487096430677388,0.021,0.5,1.0,0.0,0.0,0.0,0.0,0.0,0.0,0.0,0.0
406,1,0.04983274105913291,0.05487096430677388,0.1168,0.3,1.0,0.0,0.0,0.0,0.0,0.0,0.0,0.0,0.0
407,0,0.04261238413994808,0.05487096430677388,0.064,1.3,1.0,0.0,0.0,0.0,0.0,0.0,0.0,0.0,0.0
408,0,0.03730532463781174,0.05487096430677388,0.31079999999999997,-0.9,1.0,0.0,0.0,0.0,0.0,0.0,0.0,0.0,0.0
409,0,0.0328577473087078,0.05487096430677388,0.059000000000000004,-0.2,1.0,0.0,0.0,0.0,0.0,0.0,0.0,0.0,0.0
410,1,0.033930995859822254,0.05487096430677388,0.4708,2.2,1.0,0.0,0.0,0.0,0.0,0.0,0.0,0.0,0.0
411,0,0.03239488126691029,0.05487096430677388,0.365,-1.5,1.0,0.0,0.0,0.0,0.0,0.0,0.0,0.0,0.0
412,1,0.03397339580258233,0.05487096430677388,0.1158,-1.7,1.0,0.0,0.0,0.0,0.0,0.0,0.0,0.0,0.0
413,0,0.03304810538505773,0.05487096430677388,0.21960000000000002,-0.6,1.0,0.0,0.0,0.0,0.0,0.0,0.0,0.0,0.0
414,1,0.03379540437620409,0.05487096430677388,0.155,-0.1,1.0,0.0,0.0,0.0,0.0,0.0,0.0,0.0,0.0
415,0,0.030482467182002638,0.05487096430677388,0.3132,0.9,1.0,0.0,0.0,0.0,0.0,0.0,0.0,0.0,0.0
416,1,0.03192009024121151,0.05487096430677388,0.2168,0.3,1.0,0.0,0.0,0.0,0.0,0.0,0.0,0.0,0.0
417,0,0.029887101319079887,0.05487096430677388,0.2868,0.6,1.0,0.0,0.0,0.0,0.0,0.0,0.0,0.0,0.0
418,1,0.031023949784334457,0.05487096430677388,0.637,-0.9,1.0,0.0,0.0,0.0,0.0,0.0,0.0,0.0,0.0
419,0,0.030804883413407393,0.05487096430677388,0.10679999999999999,0.6,1.0,0.0,0.0,0.0,0.0,0.0,0.0,0.0,0.0
420,1,0.03125096614452904,0.05487096430677388,0.2352,-1.6,1.0,0.0,0.0,0.0,0.0,0.0,0.0,0.0,0.0
421,0,0.028360261713646688,0.05487096430677388,0.1592,-0.9,1.0,0.0,0.0,0.0,0.0,0.0,0.0,0.0,0.0
422,0,0.027034380170253437,0.05487096430677388,0.33880000000000005,1.5,1.0,0.0,0.0,0.0,0.0,0.0,0.0,0.0,0.0
423,0,0.02562634873776254,0.05487096430677388,0.6314,-1.4,1.0,0.0,0.0,0.0,0.0,0.0,0.0,0.0,0.0
424,0,0.023534618228265393,0.05487096430677388,0.47479999999999994,-0.8,1.0,0.0,0.0,0.0,0.0,0.0,0.0,0.0,0.0
425,1,0.02613735638123555,0.05487096430677388,0.1646,-0.6,1.0,0.0,0.0,0.0,0.0,0.0,0.0,0.0,0.0
426,0,0.025722631941113547,0.05487096430677388,0.1074,-0.5,1.0,0.0,0.0,0.0,0.0,0.0,0.0,0.0,0.0
427,0,0.024016475911090854,0.05487096430677388,0.18,0.5,1.0,0.0,0.0,0.0,0.0,0.0,0.0,0.0,0.0
428,1,0.02453455021169055,0.05487096430677388,0.3778,2.2,1.0,0.0,0.0,0.0,0.0,0.0,0.0,0.0,0.0
429,0,0.02234697816491281,0.05487096430677388,0.299,-0.7,1.0,0.0,0.0,0.0,0.0,0.0,0.0,0.0,0.0
430,0,0.018565874936068837,0.05487096430677388,0.3496,-1.1,1.0,0.0,0.0,0.0,0.0,0.0,0.0,0.0,0.0
431,1,0.020880646811126804,0.05487096430677388,0.3968,0.6,1.0,0.0,0.0,0.0,0.0,0.0,0.0,0.0,0.0
432,0,0.00350064527412888,0.05487096430677388,0.4376,0.1,1.0,0.0,0.0,0.0,0.0,0.0,0.0,0.0,0.0
433,1,0.007470781581111532,0.05487096430677388,0.547,-1.2,1.0,0.0,0.0,0.0,0.0,0.0,0.0,0.0,0.0
434,1,0.009827070066788743,0.05487096430677388,0.2064,-1.2,1.0,0.0,0.0,0.0,0.0,0.0,0.0,0.0,0.0
435,1,0.04365294940185164,0.05487096430677388,0.6038,-0.8,1.0,0.0,0.0,0.0,0.0,0.0,0.0,0.0,0.0
436,1,0.054530743050163547,0.05487096430677388,0.5454,1.2,1.0,0.0,0.0,0.0,0.0,0.0,0.0,0.0,0.0
437,0,0.0332698217524073,0.05487096430677388,0.1524,-1.1,1.0,0.0,0.0,0.0,0.0,0.0,0.0,0.0,0.0
438,0,0.013388223592564816,0.014344363261264497,0.0622,-0.3,1.0,0.0,0.0,0.0,0.0,0.0,0.0,0.0,0.0
439,0,0.012726166153009026,0.014344363261264497,0.053,1.6,1.0,0.0,0.0,0.0,0.0,0.0,0.0,0.0,0.0
440,1,0.012878099281232637,0.014344363261264497,0.0602,0.7,1.0,0.0,0.0,0.0,0.0,0.0,0.0,0.0,0.0
441,1,0.01610579492384352,0.014344363261264497,0.1298,-1.7,1.0,0.0,0.0,0.0,0.0,0.0,0.0,0.0,0.0
442,1,0.01891788279419156,0.014344363261264497,0.3194,0.2,1.0,0.0,0.0,0.0,0.0,0.0,0.0,0.0,0.0
443,1,0.03428742037864915,0.014344363261264497,0.2724,0.6,1.0,0.0,0.0,0.0,0.0,0.0,0.0,0.0,0.0
444,1,0.03946860505071652,0.014344363261264497,0.1628,2.3,1.0,0.0,0.0,0.0,0.0,0.0,0.0,0.0,0.0
445,1,0.03981001292314922,0.014344363261264497,0.021,0.5,1.0,0.0,0.0,0.0,0.0,0.0,0.0,0.0,0.0
446,0,0.03665784217857972,0.014344363261264497,0.1168,0.3,1.0,0.0,0.0,0.0,0.0,0.0,0.0,0.0,0.0
447,1,0.03748817439096457,0.014344363261264497,0.064,1.3,1.0,0.0,0.0,0.0,0.0,0.0,0.0,0.0,0.0
448,1,0.0415157272871015,0.014344363261264497,0.31079999999999997,-0.9,1.0,0.0,0.0,0.0,0.0,0.0,0.0,0.0,0.0
449,0,0.03764143251739944,0.014344363261264497,0.059000000000000004,-0.2,1.0,0.0,0.0,0.0,0.0,0.0,0.0,0.0,0.0
450,1,0.03769487411191995,0.014344363261264497,0.4708,2.2,1.0,0.0,0.0,0.0,0.0,0.0,0.0,0.0,0.0
451,0,0.029018785824639137,0.014344363261264497,0.365,-1.5,1.0,0.0,0.0,0.0,0.0,0.0,0.0,0.0,0.0
452,1,0.03398973744718778,0.014344363261264497,0.1158,-1.7,1.0,0.0,0.0,0.0,0.0,0.0,0.0,0.0,0.0
453,1,0.03798858204874757,0.014344363261264497,0.21960000000000002,-0.6,1.0,0.0,0.0,0.0,0.0,0.0,0.0,0.0,0.0
454,0,0.031441765886949385,0.014344363261264497,0.155,-0.1,1.0,0.0,0.0,0.0,0.0,0.0,0.0,0.0,0.0
455,0,0.02598895658157528,0.014344363261264497,0.3132,0.9,1.0,0.0,0.0,0.0,0.0,0.0,0.0,0.0,0.0
456,0,0.02374617627599536,0.014344363261264497,0.2168,0.3,1.0,0.0,0.0,0.0,0.0,0.0,0.0,0.0,0.0
457,0,0.023271385250296577,0.014344363261264497,0.2868,0.6,1.0,0.0,0.0,0.0,0.0,0.0,0.0,0.0,0.0
458,0,0.006401066358560416,0.014344363261264497,0.637,-0.9,1.0,0.0,0.0,0.0,0.0,0.0,0.0,0.0,0.0
459,1,0.026431947650204006,0.014344363261264497,0.10679999999999999,0.6,1.0,0.0,0.0,0.0,0.0,0.0,0.0,0.0,0.0
460,0,0.023687434688629837,0.014344363261264497,0.2352,-1.6,1.0,0.0,0.0,0.0,0.0,0.0,0.0,0.0,0.0
461,1,0.024023542568217534,0.014344363261264497,0.1592,-0.9,1.0,0.0,0.0,0.0,0.0,0.0,0.0,0.0,0.0
462,0,0.023437893358843966,0.014344363261264497,0.33880000000000005,1.5,1.0,0.0,0.0,0.0,0.0,0.0,0.0,0.0,0.0
463,0,0.022115986810084472,0.014344363261264497,0.6314,-1.4,1.0,0.0,0.0,0.0,0.0,0.0,0.0,0.0,0.0
464,1,0.024313275510411396,0.014344363261264497,0.47479999999999994,-0.8,1.0,0.0,0.0,0.0,0.0,0.0,0.0,0.0,0.0
465,0,0.019294623952257665,0.014344363261264497,0.1646,-0.6,1.0,0.0,0.0,0.0,0.0,0.0,0.0,0.0,0.0
466,1,0.026701363953158662,0.014344363261264497,0.1074,-0.5,1.0,0.0,0.0,0.0,0.0,0.0,0.0,0.0,0.0
467,1,0.028615986368418403,0.014344363261264497,0.18,0.5,1.0,0.0,0.0,0.0,0.0,0.0,0.0,0.0,0.0
468,0,0.028036962150101097,0.014344363261264497,0.3778,2.2,1.0,0.0,0.0,0.0,0.0,0.0,0.0,0.0,0.0
469,1,0.02986590134769985,0.014344363261264497,0.299,-0.7,1.0,0.0,0.0,0.0,0.0,0.0,0.0,0.0,0.0
470,0,0.024136609082244406,0.014344363261264497,0.3496,-1.1,1.0,0.0,0.0,0.0,0.0,0.0,0.0,0.0,0.0
471,0,0.021036554933984174,0.014344363261264497,0.3968,0.6,1.0,0.0,0.0,0.0,0.0,0.0,0.0,0.0,0.0
472,0,0.00422895262424729,0.014344363261264497,0.4376,0.1,1.0,0.0,0.0,0.0,0.0,0.0,0.0,0.0,0.0
473,1,0.0054828425981624926,0.014344363261264497,0.547,-1.2,1.0,0.0,0.0,0.0,0.0,0.0,0.0,0.0,0.0
474,1,0.008425221959283689,0.014344363261264497,0.2064,-1.2,1.0,0.0,0.0,0.0,0.0,0.0,0.0,0.0,0.0
475,0,0.007592239750476337,0.014344363261264497,0.6038,-0.8,1.0,0.0,0.0,0.0,0.0,0.0,0.0,0.0,0.0
476,1,0.010467044202823659,0.014344363261264497,0.5454,1.2,1.0,0.0,0.0,0.0,0.0,0.0,0.0,0.0,0.0
477,0,0.006000475232691769,0.014344363261264497,0.1524,-1.1,1.0,0.0,0.0,0.0,0.0,0.0,0.0,0.0,0.0
478,0,0.0011655567598317076,0.0010482113651860317,0.139,-0.3,0.0,0.0,0.0,0.0,0.0,0.0,0.0,0.0,1.0
479,1,0.0015586395625032572,0.0010482113651860317,0.027999999999999997,1.6,0.0,0.0,0.0,0.0,0.0,0.0,0.0,0.0,1.0
480,1,0.0018629474850208952,0.0010482113651860317,0.008199999999999999,0.7,0.0,0.0,0.0,0.0,0.0,0.0,0.0,0.0,1.0
481,0,0.0013819731343362686,0.0010482113651860317,0.0154,-1.7,0.0,0.0,0.0,0.0,0.0,0.0,0.0,0.0,1.0
482,1,0.0016138478213054413,0.0010482113651860317,0.1656,0.2,0.0,0.0,0.0,0.0,0.0,0.0,0.0,0.0,1.0
483,0,0.0014495480431101417,0.0010482113651860317,0.0,0.6,0.0,0.0,0.0,0.0,0.0,0.0,0.0,0.0,1.0
484,1,0.0016306311319813052,0.0010482113651860317,0.1998,2.3,0.0,0.0,0.0,0.0,0.0,0.0,0.0,0.0,1.0
485,0,0.0013280898737453371,0.0010482113651860317,0.0814,0.5,0.0,0.0,0.0,0.0,0.0,0.0,0.0,0.0,1.0
486,1,0.0013386898594353563,0.0010482113651860317,0.001,0.3,0.0,0.0,0.0,0.0,0.0,0.0,0.0,0.0,1.0
487,1,0.0013744648111391716,0.0010482113651860317,0.3274,1.3,0.0,0.0,0.0,0.0,0.0,0.0,0.0,0.0,1.0
488,1,0.0015193312822361024,0.0010482113651860317,0.6344,-0.9,0.0,0.0,0.0,0.0,0.0,0.0,0.0,0.0,1.0
489,1,0.0015445062482498982,0.0010482113651860317,0.295,-0.2,0.0,0.0,0.0,0.0,0.0,0.0,0.0,0.0,1.0
490,1,0.0015970645106295773,0.0010482113651860317,0.4722,2.2,0.0,0.0,0.0,0.0,0.0,0.0,0.0,0.0,1.0
491,0,0.0015016646394194035,0.0010482113651860317,0.0006,-1.5,0.0,0.0,0.0,0.0,0.0,0.0,0.0,0.0,1.0
492,1,0.0015807228660241308,0.0010482113651860317,0.045599999999999995,-1.7,0.0,0.0,0.0,0.0,0.0,0.0,0.0,0.0,1.0
493,0,0.0015502479071653253,0.0010482113651860317,0.0748,-0.6,0.0,0.0,0.0,0.0,0.0,0.0,0.0,0.0,1.0
494,0,0.0015440645821794808,0.0010482113651860317,0.16879999999999998,-0.1,0.0,0.0,0.0,0.0,0.0,0.0,0.0,0.0,1.0
495,0,0.001180131740155484,0.0010482113651860317,0.2738,0.9,0.0,0.0,0.0,0.0,0.0,0.0,0.0,0.0,1.0
496,1,0.0011854317330004939,0.0010482113651860317,0.1116,0.3,0.0,0.0,0.0,0.0,0.0,0.0,0.0,0.0,1.0
497,1,0.0016129644891646063,0.0010482113651860317,0.3014,0.6,0.0,0.0,0.0,0.0,0.0,0.0,0.0,0.0,1.0
498,0,0.0014892979894477142,0.0010482113651860317,0.1636,-0.9,0.0,0.0,0.0,0.0,0.0,0.0,0.0,0.0,1.0
499,0,0.0010330569387064662,0.0010482113651860317,0.2982,0.6,0.0,0.0,0.0,0.0,0.0,0.0,0.0,0.0,1.0
500,1,0.0011235984831420478,0.0010482113651860317,0.16760000000000003,-1.6,0.0,0.0,0.0,0.0,0.0,0.0,0.0,0.0,1.0
501,1,0.001670822744389295,0.0010482113651860317,0.005600000000000001,-0.9,0.0,0.0,0.0,0.0,0.0,0.0,0.0,0.0,1.0
502,0,0.0010798735421707181,0.0010482113651860317,0.17579999999999998,1.5,0.0,0.0,0.0,0.0,0.0,0.0,0.0,0.0,1.0
503,1,0.001145240120592504,0.0010482113651860317,0.0572,-1.4,0.0,0.0,0.0,0.0,0.0,0.0,0.0,0.0,1.0
504,1,0.0012318066703943284,0.0010482113651860317,0.37799999999999995,-0.8,0.0,0.0,0.0,0.0,0.0,0.0,0.0,0.0,1.0
505,1,0.0012936399202527742,0.0010482113651860317,0.3486,-0.6,0.0,0.0,0.0,0.0,0.0,0.0,0.0,0.0,1.0
506,1,0.001414214757476744,0.0010482113651860317,0.6265999999999999,-0.5,0.0,0.0,0.0,0.0,0.0,0.0,0.0,0.0,1.0
507,1,0.0017410476495856731,0.0010482113651860317,0.6437999999999999,0.5,0.0,0.0,0.0,0.0,0.0,0.0,0.0,0.0,1.0
508,1,0.0018934224438797009,0.0010482113651860317,0.33020000000000005,2.2,0.0,0.0,0.0,0.0,0.0,0.0,0.0,0.0,1.0
509,0,0.0017361893228110808,0.0010482113651860317,0.5094,-0.7,0.0,0.0,0.0,0.0,0.0,0.0,0.0,0.0,1.0
510,0,0.0015157979536727624,0.0010482113651860317,0.252,-1.1,0.0,0.0,0.0,0.0,0.0,0.0,0.0,0.0,1.0
511,0,0.0013002649113090365,0.0010482113651860317,0.15539999999999998,0.6,0.0,0.0,0.0,0.0,0.0,0.0,0.0,0.0,1.0
512,1,0.0063701497336311926,0.0010482113651860317,0.42200000000000004,0.1,0.0,0.0,0.0,0.0,0.0,0.0,0.0,0.0,1.0
513,1,0.01003200312346245,0.0010482113651860317,0.7173999999999999,-1.2,0.0,0.0,0.0,0.0,0.0,0.0,0.0,0.0,1.0
514,0,0.008283005484609262,0.0010482113651860317,0.4266,-1.2,0.0,0.0,0.0,0.0,0.0,0.0,0.0,0.0,1.0
515,0,0.006862165736076256,0.0010482113651860317,0.1744,-0.8,0.0,0.0,0.0,0.0,0.0,0.0,0.0,0.0,1.0
516,1,0.007796731141079627,0.0010482113651860317,0.332,1.2,0.0,0.0,0.0,0.0,0.0,0.0,0.0,0.0,1.0
517,0,0.006572432793882395,0.0010482113651860317,0.501,-1.1,0.0,0.0,0.0,0.0,0.0,0.0,0.0,0.0,1.0
518,0,0.004805768512212509,3.655627202316714e-05,0.2758,0.6,0.0,0.0,0.0,1.0,0.0,0.0,0.0,0.0,0.0
519,0,0.004315077507978698,3.655627202316714e-05,0.2932,-1.6,0.0,0.0,0.0,1.0,0.0,0.0,0.0,0.0,0.0
520,1,0.004622477092989258,3.655627202316714e-05,0.2588,-0.9,0.0,0.0,0.0,1.0,0.0,0.0,0.0,0.0,0.0
521,0,0.003871644773279556,3.655627202316714e-05,0.1906,1.5,0.0,0.0,0.0,1.0,0.0,0.0,0.0,0.0,0.0
522,0,0.0036455117452258105,3.655627202316714e-05,0.2554,-1.4,0.0,0.0,0.0,1.0,0.0,0.0,0.0,0.0,0.0
523,1,0.004373819095344221,3.655627202316714e-05,0.48,-0.8,0.0,0.0,0.0,1.0,0.0,0.0,0.0,0.0,0.0
524,1,0.004446693996963104,3.655627202316714e-05,0.192,-0.6,0.0,0.0,0.0,1.0,0.0,0.0,0.0,0.0,0.0
525,1,0.006768974195218169,3.655627202316714e-05,0.303,-0.5,0.0,0.0,0.0,1.0,0.0,0.0,0.0,0.0,0.0
526,0,0.005696167310174131,3.655627202316714e-05,0.29100000000000004,0.5,0.0,0.0,0.0,1.0,0.0,0.0,0.0,0.0,0.0
527,1,0.005908608690044935,3.655627202316714e-05,0.385,2.2,0.0,0.0,0.0,1.0,0.0,0.0,0.0,0.0,0.0
528,0,0.005779200531412616,3.655627202316714e-05,0.40700000000000003,-0.7,0.0,0.0,0.0,1.0,0.0,0.0,0.0,0.0,0.0
529,0,0.005055751508068798,3.655627202316714e-05,0.34740000000000004,-1.1,0.0,0.0,0.0,1.0,0.0,0.0,0.0,0.0,0.0
530,0,0.004819901826465868,3.655627202316714e-05,0.41600000000000004,0.6,0.0,0.0,0.0,1.0,0.0,0.0,0.0,0.0,0.0
531,0,0.0010626485654244367,3.655627202316714e-05,0.35340000000000005,0.1,0.0,0.0,0.0,1.0,0.0,0.0,0.0,0.0,0.0
532,1,0.0028982127540794485,3.655627202316714e-05,0.33840000000000003,-1.2,0.0,0.0,0.0,1.0,0.0,0.0,0.0,0.0,0.0
533,1,0.003156145739203252,3.655627202316714e-05,0.061399999999999996,-1.2,0.0,0.0,0.0,1.0,0.0,0.0,0.0,0.0,0.0
534,1,0.0049409183297602546,3.655627202316714e-05,0.38880000000000003,-0.8,0.0,0.0,0.0,1.0,0.0,0.0,0.0,0.0,0.0
535,1,0.005583542462217676,3.655627202316714e-05,0.4374,1.2,0.0,0.0,0.0,1.0,0.0,0.0,0.0,0.0,0.0
536,0,0.0037462116092809943,3.655627202316714e-05,0.1974,-1.1,0.0,0.0,0.0,1.0,0.0,0.0,0.0,0.0,0.0
537,1,0.2860326638559038,2.3841046971630742e-05,0.0336,0.6,0.0,0.0,0.0,0.0,0.0,1.0,0.0,0.0,0.0
538,1,0.2874817702329435,2.3841046971630742e-05,0.3034,0.0,0.0,0.0,0.0,0.0,0.0,1.0,0.0,0.0,0.0
539,0,0.2736867721895242,2.3841046971630742e-05,0.0946,0.1,0.0,0.0,0.0,0.0,0.0,1.0,0.0,0.0,0.0
540,1,0.31112724664488367,2.3841046971630742e-05,0.2812,2.5,0.0,0.0,0.0,0.0,0.0,1.0,0.0,0.0,0.0
541,1,0.3382009350954043,2.3841046971630742e-05,0.1328,-0.5,0.0,0.0,0.0,0.0,0.0,1.0,0.0,0.0,0.0
542,1,0.3399857076859613,2.3841046971630742e-05,0.11359999999999999,-0.8,0.0,0.0,0.0,0.0,0.0,1.0,0.0,0.0,0.0
543,1,0.34721710625690655,2.3841046971630742e-05,0.1782,-0.3,0.0,0.0,0.0,0.0,0.0,1.0,0.0,0.0,0.0
544,1,0.36560013143982256,2.3841046971630742e-05,0.0236,1.6,0.0,0.0,0.0,0.0,0.0,1.0,0.0,0.0,0.0
545,1,0.39018900657817446,2.3841046971630742e-05,0.2186,0.7,0.0,0.0,0.0,0.0,0.0,1.0,0.0,0.0,0.0
546,0,0.3452490422471263,2.3841046971630742e-05,0.19,-1.7,0.0,0.0,0.0,0.0,0.0,1.0,0.0,0.0,0.0
547,1,0.4153304059706186,2.3841046971630742e-05,0.3998,0.2,0.0,0.0,0.0,0.0,0.0,1.0,0.0,0.0,0.0
548,0,0.3769482994531291,2.3841046971630742e-05,0.2332,0.6,0.0,0.0,0.0,0.0,0.0,1.0,0.0,0.0,0.0
549,1,0.37753129866608015,2.3841046971630742e-05,0.2158,2.3,0.0,0.0,0.0,0.0,0.0,1.0,0.0,0.0,0.0
550,1,0.4160962549367225,2.3841046971630742e-05,0.0286,0.5,0.0,0.0,0.0,0.0,0.0,1.0,0.0,0.0,0.0
551,1,0.4400667975764899,2.3841046971630742e-05,0.15380000000000002,0.3,0.0,0.0,0.0,0.0,0.0,1.0,0.0,0.0,0.0
552,1,0.4531445299215513,2.3841046971630742e-05,0.12619999999999998,1.3,0.0,0.0,0.0,0.0,0.0,1.0,0.0,0.0,0.0
553,0,0.4396414731506779,2.3841046971630742e-05,0.1568,-0.9,0.0,0.0,0.0,0.0,0.0,1.0,0.0,0.0,0.0
554,1,0.4657289212659563,2.3841046971630742e-05,0.0676,-0.2,0.0,0.0,0.0,0.0,0.0,1.0,0.0,0.0,0.0
555,1,0.5390052973428486,2.3841046971630742e-05,0.4384,2.2,0.0,0.0,0.0,0.0,0.0,1.0,0.0,0.0,0.0
556,0,0.5120831003544812,2.3841046971630742e-05,0.201,-1.5,0.0,0.0,0.0,0.0,0.0,1.0,0.0,0.0,0.0
557,1,0.5141770391943304,2.3841046971630742e-05,0.1998,-1.7,0.0,0.0,0.0,0.0,0.0,1.0,0.0,0.0,0.0
558,1,0.5408377698690107,2.3841046971630742e-05,0.133,-0.6,0.0,0.0,0.0,0.0,0.0,1.0,0.0,0.0,0.0
559,0,0.2408564081771823,2.3841046971630742e-05,0.1782,-0.1,0.0,0.0,0.0,0.0,0.0,1.0,0.0,0.0,0.0
560,0,0.18981173542082386,2.3841046971630742e-05,0.2336,0.9,0.0,0.0,0.0,0.0,0.0,1.0,0.0,0.0,0.0
561,1,0.3648197074933949,2.3841046971630742e-05,0.1168,0.3,0.0,0.0,0.0,0.0,0.0,1.0,0.0,0.0,0.0
562,1,0.3781010478969187,2.3841046971630742e-05,0.0492,0.6,0.0,0.0,0.0,0.0,0.0,1.0,0.0,0.0,0.0
563,1,0.37877282199002366,2.3841046971630742e-05,0.20559999999999998,-0.9,0.0,0.0,0.0,0.0,0.0,1.0,0.0,0.0,0.0
564,0,0.3235296715682767,2.3841046971630742e-05,0.4142,0.6,0.0,0.0,0.0,0.0,0.0,1.0,0.0,0.0,0.0
565,0,0.1483401747407641,2.3841046971630742e-05,0.0894,-1.6,0.0,0.0,0.0,0.0,0.0,1.0,0.0,0.0,0.0
566,1,0.29073596583977945,2.3841046971630742e-05,0.1226,-0.9,0.0,0.0,0.0,0.0,0.0,1.0,0.0,0.0,0.0
567,1,0.2925145551053506,2.3841046971630742e-05,0.16519999999999999,1.5,0.0,0.0,0.0,0.0,0.0,1.0,0.0,0.0,0.0
568,0,0.2838967667393649,2.3841046971630742e-05,0.2632,-1.4,0.0,0.0,0.0,0.0,0.0,1.0,0.0,0.0,0.0
569,1,0.3098472983728139,2.3841046971630742e-05,0.3148,-0.8,0.0,0.0,0.0,0.0,0.0,1.0,0.0,0.0,0.0
570,0,0.2940948363053043,2.3841046971630742e-05,0.3456,-0.6,0.0,0.0,0.0,0.0,0.0,1.0,0.0,0.0,0.0
571,0,0.289486050860498,2.3841046971630742e-05,0.1352,-0.5,0.0,0.0,0.0,0.0,0.0,1.0,0.0,0.0,0.0
572,1,0.30101176863411233,2.3841046971630742e-05,0.327,0.5,0.0,0.0,0.0,0.0,0.0,1.0,0.0,0.0,0.0
573,0,0.28742700364021173,2.3841046971630742e-05,0.41659999999999997,2.2,0.0,0.0,0.0,0.0,0.0,1.0,0.0,0.0,0.0
574,1,0.32871703956532994,2.3841046971630742e-05,0.4192,-0.7,0.0,0.0,0.0,0.0,0.0,1.0,0.0,0.0,0.0
575,0,0.23558909862138352,2.3841046971630742e-05,0.46740000000000004,-1.1,0.0,0.0,0.0,0.0,0.0,1.0,0.0,0.0,0.0
576,1,0.25279773372305947,2.3841046971630742e-05,0.43560000000000004,0.6,0.0,0.0,0.0,0.0,0.0,1.0,0.0,0.0,0.0
577,0,0.024758916575462624,2.3841046971630742e-05,0.5197999999999999,0.1,0.0,0.0,0.0,0.0,0.0,1.0,0.0,0.0,0.0
578,1,0.04467275635844558,2.3841046971630742e-05,0.2394,-1.2,0.0,0.0,0.0,0.0,0.0,1.0,0.0,0.0,0.0
579,1,0.14115470944114225,2.3841046971630742e-05,0.1716,-1.2,0.0,0.0,0.0,0.0,0.0,1.0,0.0,0.0,0.0
580,1,0.17366928221313568,2.3841046971630742e-05,0.36060000000000003,-0.8,0.0,0.0,0.0,0.0,0.0,1.0,0.0,0.0,0.0
581,1,0.20189969410207964,2.3841046971630742e-05,0.5506,1.2,0.0,0.0,0.0,0.0,0.0,1.0,0.0,0.0,0.0
582,0,0.1738671486126827,2.3841046971630742e-05,0.1476,-1.1,0.0,0.0,0.0,0.0,0.0,1.0,0.0,0.0,0.0
583,0,0.0022538219573403576,0.07947015657210248,0.12240000000000001,0.6,0.0,0.0,0.0,0.0,0.0,0.0,1.0,0.0,0.0
584,1,0.002275905260861231,0.07947015657210248,0.1376,0.0,0.0,0.0,0.0,0.0,0.0,0.0,1.0,0.0,0.0
585,0,0.0022326219859603188,0.07947015657210248,0.15839999999999999,0.1,0.0,0.0,0.0,0.0,0.0,0.0,1.0,0.0,0.0
586,0,0.0021694637378906205,0.07947015657210248,0.3452,2.5,0.0,0.0,0.0,0.0,0.0,0.0,1.0,0.0,0.0
587,1,0.0022277636591857266,0.07947015657210248,0.2488,-0.5,0.0,0.0,0.0,0.0,0.0,0.0,1.0,0.0,0.0
588,1,0.0024887883068024524,0.07947015657210248,0.207,-0.8,0.0,0.0,0.0,0.0,0.0,0.0,1.0,0.0,0.0
589,1,0.0032524289425542607,0.07947015657210248,0.2116,-0.3,0.0,0.0,0.0,0.0,0.0,0.0,1.0,0.0,0.0
590,0,0.002990962628867118,0.07947015657210248,0.198,1.6,0.0,0.0,0.0,0.0,0.0,0.0,1.0,0.0,0.0
591,1,0.003183970701639553,0.07947015657210248,0.0864,0.7,0.0,0.0,0.0,0.0,0.0,0.0,1.0,0.0,0.0
592,1,0.003340762156637755,0.07947015657210248,0.2018,-1.7,0.0,0.0,0.0,0.0,0.0,0.0,1.0,0.0,0.0
593,1,0.0033531288066094445,0.07947015657210248,0.1378,0.2,0.0,0.0,0.0,0.0,0.0,0.0,1.0,0.0,0.0
594,1,0.0036035534685361506,0.07947015657210248,0.0834,0.6,0.0,0.0,0.0,0.0,0.0,0.0,1.0,0.0,0.0
595,1,0.004079669492446186,0.07947015657210248,0.2144,2.3,0.0,0.0,0.0,0.0,0.0,0.0,1.0,0.0,0.0
596,0,0.004059794519277399,0.07947015657210248,0.1864,0.5,0.0,0.0,0.0,0.0,0.0,0.0,1.0,0.0,0.0
597,1,0.004868043428141372,0.07947015657210248,0.0834,0.3,0.0,0.0,0.0,0.0,0.0,0.0,1.0,0.0,0.0
598,0,0.004670177028594345,0.07947015657210248,0.107,1.3,0.0,0.0,0.0,0.0,0.0,0.0,1.0,0.0,0.0
599,1,0.004710810307072752,0.07947015657210248,0.1882,-0.9,0.0,0.0,0.0,0.0,0.0,0.0,1.0,0.0,0.0
600,0,0.004250152595627329,0.07947015657210248,0.1804,-0.2,0.0,0.0,0.0,0.0,0.0,0.0,1.0,0.0,0.0
601,0,0.00404919453358738,0.07947015657210248,0.19940000000000002,2.2,0.0,0.0,0.0,0.0,0.0,0.0,1.0,0.0,0.0
602,1,0.0041472444012200585,0.07947015657210248,0.1524,-1.5,0.0,0.0,0.0,0.0,0.0,0.0,1.0,0.0,0.0
603,0,0.003929944694574662,0.07947015657210248,0.195,-1.7,0.0,0.0,0.0,0.0,0.0,0.0,1.0,0.0,0.0
604,0,0.003912278051757963,0.07947015657210248,0.1244,-0.6,0.0,0.0,0.0,0.0,0.0,0.0,1.0,0.0,0.0
605,0,0.0036614117237608397,0.07947015657210248,0.265,-0.1,0.0,0.0,0.0,0.0,0.0,0.0,1.0,0.0,0.0
606,1,0.0037298699646755476,0.07947015657210248,0.491,0.9,0.0,0.0,0.0,0.0,0.0,0.0,1.0,0.0,0.0
607,1,0.004188319345768883,0.07947015657210248,0.057999999999999996,0.3,0.0,0.0,0.0,0.0,0.0,0.0,1.0,0.0,0.0
608,1,0.004264727575951106,0.07947015657210248,0.1444,0.6,0.0,0.0,0.0,0.0,0.0,0.0,1.0,0.0,0.0
609,1,0.0047165519659881795,0.07947015657210248,0.0706,-0.9,0.0,0.0,0.0,0.0,0.0,0.0,1.0,0.0,0.0
610,0,0.004428585688075988,0.07947015657210248,0.2086,0.6,0.0,0.0,0.0,0.0,0.0,0.0,1.0,0.0,0.0
611,1,0.004458618980864376,0.07947015657210248,0.099,-1.6,0.0,0.0,0.0,0.0,0.0,0.0,1.0,0.0,0.0
612,0,0.004258102584894844,0.07947015657210248,0.0766,-0.9,0.0,0.0,0.0,0.0,0.0,0.0,1.0,0.0,0.0
613,0,0.004191852674332223,0.07947015657210248,0.0724,1.5,0.0,0.0,0.0,0.0,0.0,0.0,1.0,0.0,0.0
614,0,0.003722803307548868,0.07947015657210248,0.1866,-1.4,0.0,0.0,0.0,0.0,0.0,0.0,1.0,0.0,0.0
615,0,0.0035183119169455786,0.07947015657210248,0.5770000000000001,-0.8,0.0,0.0,0.0,0.0,0.0,0.0,1.0,0.0,0.0
616,1,0.0035695451811140057,0.07947015657210248,0.1202,-0.6,0.0,0.0,0.0,0.0,0.0,0.0,1.0,0.0,0.0
617,0,0.003075762514387272,0.07947015657210248,0.35200000000000004,-0.5,0.0,0.0,0.0,0.0,0.0,0.0,1.0,0.0,0.0
618,1,0.0034273287064395795,0.07947015657210248,0.3858,0.5,0.0,0.0,0.0,0.0,0.0,0.0,1.0,0.0,0.0
619,1,0.0035390702222552,0.07947015657210248,0.3322,2.2,0.0,0.0,0.0,0.0,0.0,0.0,1.0,0.0,0.0
620,1,0.0037501866039147515,0.07947015657210248,0.45439999999999997,-0.7,0.0,0.0,0.0,0.0,0.0,0.0,1.0,0.0,0.0
621,0,0.003710436657577179,0.07947015657210248,0.4104,-1.1,0.0,0.0,0.0,0.0,0.0,0.0,1.0,0.0,0.0
622,0,0.0033465038155531825,0.07947015657210248,0.11,0.6,0.0,0.0,0.0,0.0,0.0,0.0,1.0,0.0,0.0
623,0,0.0028513961506151965,0.07947015657210248,0.40659999999999996,0.1,0.0,0.0,0.0,0.0,0.0,0.0,1.0,0.0,0.0
624,1,0.004098661133474136,0.07947015657210248,0.5376,-1.2,0.0,0.0,0.0,0.0,0.0,0.0,1.0,0.0,0.0
625,0,0.003494903615213453,0.07947015657210248,0.132,-1.2,0.0,0.0,0.0,0.0,0.0,0.0,1.0,0.0,0.0
626,1,0.003680403364788791,0.07947015657210248,0.13019999999999998,-0.8,0.0,0.0,0.0,0.0,0.0,0.0,1.0,0.0,0.0
627,1,0.0037466532753514118,0.07947015657210248,0.41259999999999997,1.2,0.0,0.0,0.0,0.0,0.0,0.0,1.0,0.0,0.0
628,1,0.0038597197893782843,0.07947015657210248,0.5256000000000001,-1.1,0.0,0.0,0.0,0.0,0.0,0.0,1.0,0.0,0.0
629,0,0.028030337159044835,0.041562891887209595,0.1152,0.6,0.0,0.0,0.0,0.0,1.0,0.0,0.0,0.0,0.0
630,1,0.03143734922624521,0.041562891887209595,0.1084,0.0,0.0,0.0,0.0,0.0,1.0,0.0,0.0,0.0,0.0
631,1,0.03311965528846536,0.041562891887209595,0.0484,0.1,0.0,0.0,0.0,0.0,1.0,0.0,0.0,0.0,0.0
632,0,0.03150580746715992,0.041562891887209595,0.32020000000000004,2.5,0.0,0.0,0.0,0.0,1.0,0.0,0.0,0.0,0.0
633,0,0.030476725523087212,0.041562891887209595,0.052199999999999996,-0.5,0.0,0.0,0.0,0.0,1.0,0.0,0.0,0.0,0.0
634,0,0.030214375877259232,0.041562891887209595,0.18960000000000002,-0.8,0.0,0.0,0.0,0.0,1.0,0.0,0.0,0.0,0.0
635,0,0.02823041188894395,0.041562891887209595,0.1454,-0.3,0.0,0.0,0.0,0.0,1.0,0.0,0.0,0.0,0.0
636,0,0.023071310520397466,0.041562891887209595,0.1562,1.6,0.0,0.0,0.0,0.0,1.0,0.0,0.0,0.0,0.0
637,1,0.024160459050046948,0.041562891887209595,0.1286,0.7,0.0,0.0,0.0,0.0,1.0,0.0,0.0,0.0,0.0
638,1,0.02430311719079179,0.041562891887209595,0.2228,-1.7,0.0,0.0,0.0,0.0,1.0,0.0,0.0,0.0,0.0
639,1,0.024974891283896766,0.041562891887209595,0.0902,0.2,0.0,0.0,0.0,0.0,1.0,0.0,0.0,0.0,0.0
640,1,0.029463985223619947,0.041562891887209595,0.2052,0.6,0.0,0.0,0.0,0.0,1.0,0.0,0.0,0.0,0.0
641,1,0.032257964785080875,0.041562891887209595,0.22399999999999998,2.3,0.0,0.0,0.0,0.0,1.0,0.0,0.0,0.0,0.0
642,0,0.03146826585117443,0.041562891887209595,0.2568,0.5,0.0,0.0,0.0,0.0,1.0,0.0,0.0,0.0,0.0
643,0,0.030531933781889394,0.041562891887209595,0.0712,0.3,0.0,0.0,0.0,0.0,1.0,0.0,0.0,0.0,0.0
644,0,0.026955763609719127,0.041562891887209595,0.10859999999999999,1.3,0.0,0.0,0.0,0.0,1.0,0.0,0.0,0.0,0.0
645,1,0.02851396150615197,0.041562891887209595,0.14300000000000002,-0.9,0.0,0.0,0.0,0.0,1.0,0.0,0.0,0.0,0.0
646,0,0.027467654585332978,0.041562891887209595,0.1998,-0.2,0.0,0.0,0.0,0.0,1.0,0.0,0.0,0.0,0.0
647,1,0.028640278002291363,0.041562891887209595,0.3478,2.2,0.0,0.0,0.0,0.0,1.0,0.0,0.0,0.0,0.0
648,0,0.026685022308553217,0.041562891887209595,0.24739999999999998,-1.5,0.0,0.0,0.0,0.0,1.0,0.0,0.0,0.0,0.0
649,0,0.02428633388011593,0.041562891887209595,0.15560000000000002,-1.7,0.0,0.0,0.0,0.0,1.0,0.0,0.0,0.0,0.0
650,1,0.02515111604599334,0.041562891887209595,0.13140000000000002,-0.6,0.0,0.0,0.0,0.0,1.0,0.0,0.0,0.0,0.0
651,0,0.024933816339347943,0.041562891887209595,0.081,-0.1,0.0,0.0,0.0,0.0,1.0,0.0,0.0,0.0,0.0
652,0,0.02394006768090863,0.041562891887209595,0.0848,0.9,0.0,0.0,0.0,0.0,1.0,0.0,0.0,0.0,0.0
653,0,0.023853059465036387,0.041562891887209595,0.135,0.3,0.0,0.0,0.0,0.0,1.0,0.0,0.0,0.0,0.0
654,0,0.02290391907970924,0.041562891887209595,0.111,0.6,0.0,0.0,0.0,0.0,1.0,0.0,0.0,0.0,0.0
655,0,0.0216818290628641,0.041562891887209595,0.3212,-0.9,0.0,0.0,0.0,0.0,1.0,0.0,0.0,0.0,0.0
656,1,0.022717094331922653,0.041562891887209595,0.2266,0.6,0.0,0.0,0.0,0.0,1.0,0.0,0.0,0.0,0.0
657,0,0.021769720610877175,0.041562891887209595,0.17739999999999997,-1.6,0.0,0.0,0.0,0.0,1.0,0.0,0.0,0.0,0.0
658,1,0.022510836277037694,0.041562891887209595,0.1728,-0.9,0.0,0.0,0.0,0.0,1.0,0.0,0.0,0.0,0.0
659,0,0.01911530752766817,0.041562891887209595,0.115,1.5,0.0,0.0,0.0,0.0,1.0,0.0,0.0,0.0,0.0
660,0,0.015515729053765777,0.041562891887209595,0.3886,-1.4,0.0,0.0,0.0,0.0,1.0,0.0,0.0,0.0,0.0
661,1,0.0168433772614407,0.041562891887209595,0.5436,-0.8,0.0,0.0,0.0,0.0,1.0,0.0,0.0,0.0,0.0
662,1,0.019113982529456917,0.041562891887209595,0.1602,-0.6,0.0,0.0,0.0,0.0,1.0,0.0,0.0,0.0,0.0
663,1,0.02201352028174762,0.041562891887209595,0.151,-0.5,0.0,0.0,0.0,0.0,1.0,0.0,0.0,0.0,0.0
664,1,0.024713424970209622,0.041562891887209595,0.3448,0.5,0.0,0.0,0.0,0.0,1.0,0.0,0.0,0.0,0.0
665,1,0.027305121471419346,0.041562891887209595,0.4218,2.2,0.0,0.0,0.0,0.0,1.0,0.0,0.0,0.0,0.0
666,0,0.026901880349128195,0.041562891887209595,0.3332,-0.7,0.0,0.0,0.0,0.0,1.0,0.0,0.0,0.0,0.0
667,0,0.021876603799918203,0.041562891887209595,0.18280000000000002,-1.1,0.0,0.0,0.0,0.0,1.0,0.0,0.0,0.0,0.0
668,1,0.022964427331356434,0.041562891887209595,0.27,0.6,0.0,0.0,0.0,0.0,1.0,0.0,0.0,0.0,0.0
669,0,0.01586464524939558,0.041562891887209595,0.24359999999999998,0.1,0.0,0.0,0.0,0.0,1.0,0.0,0.0,0.0,0.0
670,1,0.021271962949516686,0.041562891887209595,0.1524,-1.2,0.0,0.0,0.0,0.0,1.0,0.0,0.0,0.0,0.0
671,0,0.020052081263023627,0.041562891887209595,0.2242,-1.2,0.0,0.0,0.0,0.0,1.0,0.0,0.0,0.0,0.0
672,0,0.017750117704007765,0.041562891887209595,0.46020000000000005,-0.8,0.0,0.0,0.0,0.0,1.0,0.0,0.0,0.0,0.0
673,1,0.01879421629447467,0.041562891887209595,0.4988,1.2,0.0,0.0,0.0,0.0,1.0,0.0,0.0,0.0,0.0
674,0,0.01571447878545364,0.041562891887209595,0.32380000000000003,-1.1,0.0,0.0,0.0,0.0,1.0,0.0,0.0,0.0,0.0
675,0,0.03968855475378442,0.0693861884046684,0.09300000000000001,0.6,0.0,1.0,0.0,0.0,0.0,0.0,0.0,0.0,0.0
676,1,0.05353522772744257,0.0693861884046684,0.29960000000000003,0.0,0.0,1.0,0.0,0.0,0.0,0.0,0.0,0.0,0.0
677,0,0.041930010061153086,0.0693861884046684,0.247,0.1,0.0,1.0,0.0,0.0,0.0,0.0,0.0,0.0,0.0
678,1,0.042881358776832315,0.0693861884046684,0.12480000000000001,2.5,0.0,1.0,0.0,0.0,0.0,0.0,0.0,0.0,0.0
679,0,0.03963732148961599,0.0693861884046684,0.14279999999999998,-0.5,0.0,1.0,0.0,0.0,0.0,0.0,0.0,0.0,0.0
680,0,0.036009476387206876,0.0693861884046684,0.17980000000000002,-0.8,0.0,1.0,0.0,0.0,0.0,0.0,0.0,0.0,0.0
681,1,0.03803186532364848,0.0693861884046684,0.1324,-0.3,0.0,1.0,0.0,0.0,0.0,0.0,0.0,0.0,0.0
682,0,0.03764584917810361,0.0693861884046684,0.34979999999999994,1.6,0.0,1.0,0.0,0.0,0.0,0.0,0.0,0.0,0.0
683,0,0.034876161250515646,0.0693861884046684,0.3432,0.7,0.0,1.0,0.0,0.0,0.0,0.0,0.0,0.0,0.0
684,0,0.028841677730401732,0.0693861884046684,0.1446,-1.7,0.0,1.0,0.0,0.0,0.0,0.0,0.0,0.0,0.0
685,1,0.02954392678236551,0.0693861884046684,0.187,0.2,0.0,1.0,0.0,0.0,0.0,0.0,0.0,0.0,0.0
686,0,0.029209585567059486,0.0693861884046684,0.1018,0.6,0.0,1.0,0.0,0.0,0.0,0.0,0.0,0.0,0.0
687,1,0.03282859734806025,0.0693861884046684,0.0674,2.3,0.0,1.0,0.0,0.0,0.0,0.0,0.0,0.0,0.0
688,1,0.041496293980003124,0.0693861884046684,0.36219999999999997,0.5,0.0,1.0,0.0,0.0,0.0,0.0,0.0,0.0,0.0
689,0,0.03522110245151169,0.0693861884046684,0.11699999999999999,0.3,0.0,1.0,0.0,0.0,0.0,0.0,0.0,0.0,0.0
690,0,0.026182406320418135,0.0693861884046684,0.193,1.3,0.0,1.0,0.0,0.0,0.0,0.0,0.0,0.0,0.0
691,0,0.02402751756285129,0.0693861884046684,0.3454,-0.9,0.0,1.0,0.0,0.0,0.0,0.0,0.0,0.0,0.0
692,1,0.029809368090686413,0.0693861884046684,0.11939999999999999,-0.2,0.0,1.0,0.0,0.0,0.0,0.0,0.0,0.0,0.0
693,0,0.02347852663732237,0.0693861884046684,0.3398,2.2,0.0,1.0,0.0,0.0,0.0,0.0,0.0,0.0,0.0
694,1,0.024762008237955546,0.0693861884046684,0.316,-1.5,0.0,1.0,0.0,0.0,0.0,0.0,0.0,0.0,0.0
695,0,0.020889921798605573,0.0693861884046684,0.08439999999999999,-1.7,0.0,1.0,0.0,0.0,0.0,0.0,0.0,0.0,0.0
696,0,0.01959937354084572,0.0693861884046684,0.24420000000000003,-0.6,0.0,1.0,0.0,0.0,0.0,0.0,0.0,0.0,0.0
697,1,0.022115986810084472,0.0693861884046684,0.128,-0.1,0.0,1.0,0.0,0.0,0.0,0.0,0.0,0.0,0.0
698,1,0.02228426158291353,0.0693861884046684,0.1298,0.9,0.0,1.0,0.0,0.0,0.0,0.0,0.0,0.0,0.0
699,1,0.02369008468505234,0.0693861884046684,0.1152,0.3,0.0,1.0,0.0,0.0,0.0,0.0,0.0,0.0,0.0
700,0,0.020517597301243643,0.0693861884046684,0.195,0.6,0.0,1.0,0.0,0.0,0.0,0.0,0.0,0.0,0.0
701,0,0.017954167428540637,0.0693861884046684,0.36939999999999995,-0.9,0.0,1.0,0.0,0.0,0.0,0.0,0.0,0.0,0.0
702,0,0.017782800993218658,0.0693861884046684,0.3518,0.6,0.0,1.0,0.0,0.0,0.0,0.0,0.0,0.0,0.0
703,1,0.021331146202952626,0.0693861884046684,0.109,-1.6,0.0,1.0,0.0,0.0,0.0,0.0,0.0,0.0,0.0
704,1,0.025140957726373737,0.0693861884046684,0.1474,-0.9,0.0,1.0,0.0,0.0,0.0,0.0,0.0,0.0,0.0
705,1,0.025231499270809317,0.0693861884046684,0.2696,1.5,0.0,1.0,0.0,0.0,0.0,0.0,0.0,0.0,0.0
706,0,0.023371201782210926,0.0693861884046684,0.1832,-1.4,0.0,1.0,0.0,0.0,0.0,0.0,0.0,0.0,0.0
707,1,0.024379525420974015,0.0693861884046684,0.49,-0.8,0.0,1.0,0.0,0.0,0.0,0.0,0.0,0.0,0.0
708,0,0.02387514276855726,0.0693861884046684,0.1804,-0.6,0.0,1.0,0.0,0.0,0.0,0.0,0.0,0.0,0.0
709,0,0.02165842076113197,0.0693861884046684,0.12960000000000002,-0.5,0.0,1.0,0.0,0.0,0.0,0.0,0.0,0.0,0.0
710,1,0.022797035890668213,0.0693861884046684,0.41600000000000004,0.5,0.0,1.0,0.0,0.0,0.0,0.0,0.0,0.0,0.0
711,1,0.02537106574906124,0.0693861884046684,0.445,2.2,0.0,1.0,0.0,0.0,0.0,0.0,0.0,0.0,0.0
712,1,0.027168204989589932,0.0693861884046684,0.1528,-0.7,0.0,1.0,0.0,0.0,0.0,0.0,0.0,0.0,0.0
713,0,0.023149485414861358,0.0693861884046684,0.1646,-1.1,0.0,1.0,0.0,0.0,0.0,0.0,0.0,0.0,0.0
714,0,0.018943941092346192,0.0693861884046684,0.4546,0.6,0.0,1.0,0.0,0.0,0.0,0.0,0.0,0.0,0.0
715,0,0.011512467791501816,0.0693861884046684,0.1184,0.1,0.0,1.0,0.0,0.0,0.0,0.0,0.0,0.0,0.0
716,1,0.0189492410851912,0.0693861884046684,0.3624,-1.2,0.0,1.0,0.0,0.0,0.0,0.0,0.0,0.0,0.0
717,0,0.01751515135454567,0.0693861884046684,0.16899999999999998,-1.2,0.0,1.0,0.0,0.0,0.0,0.0,0.0,0.0,0.0
718,1,0.020826763550535872,0.0693861884046684,0.2036,-0.8,0.0,1.0,0.0,0.0,0.0,0.0,0.0,0.0,0.0
719,0,0.019453182071537536,0.0693861884046684,0.4428,1.2,0.0,1.0,0.0,0.0,0.0,0.0,0.0,0.0,0.0
720,0,0.016340761273305613,0.0693861884046684,0.3396,-1.1,0.0,1.0,0.0,0.0,0.0,0.0,0.0,0.0,0.0
721,1,0.010615885668554348,0.057090565779832694,0.1152,0.6,0.0,0.0,0.0,0.0,1.0,0.0,0.0,0.0,0.0
722,0,0.009988719848561537,0.057090565779832694,0.1084,0.0,0.0,0.0,0.0,0.0,1.0,0.0,0.0,0.0,0.0
723,1,0.010785043773524239,0.057090565779832694,0.0484,0.1,0.0,0.0,0.0,0.0,1.0,0.0,0.0,0.0,0.0
724,1,0.026847997088537263,0.057090565779832694,0.32020000000000004,2.5,0.0,0.0,0.0,0.0,1.0,0.0,0.0,0.0,0.0
725,1,0.029720593210532498,0.057090565779832694,0.052199999999999996,-0.5,0.0,0.0,0.0,0.0,1.0,0.0,0.0,0.0,0.0
726,0,0.025892673378224273,0.057090565779832694,0.18960000000000002,-0.8,0.0,0.0,0.0,0.0,1.0,0.0,0.0,0.0,0.0
727,0,0.02435258379067855,0.057090565779832694,0.1454,-0.3,0.0,0.0,0.0,0.0,1.0,0.0,0.0,0.0,0.0
728,0,0.01924118235773715,0.057090565779832694,0.1562,1.6,0.0,0.0,0.0,0.0,1.0,0.0,0.0,0.0,0.0
729,1,0.021205271372883645,0.057090565779832694,0.1286,0.7,0.0,0.0,0.0,0.0,1.0,0.0,0.0,0.0,0.0
730,0,0.018874599519290648,0.057090565779832694,0.2228,-1.7,0.0,0.0,0.0,0.0,1.0,0.0,0.0,0.0,0.0
731,0,0.016959535437960492,0.057090565779832694,0.0902,0.2,0.0,0.0,0.0,0.0,1.0,0.0,0.0,0.0,0.0
732,1,0.02067703875266435,0.057090565779832694,0.2052,0.6,0.0,0.0,0.0,0.0,1.0,0.0,0.0,0.0,0.0
733,1,0.02338975175716846,0.057090565779832694,0.22399999999999998,2.3,0.0,0.0,0.0,0.0,1.0,0.0,0.0,0.0,0.0
734,0,0.02094071339670358,0.057090565779832694,0.2568,0.5,0.0,0.0,0.0,0.0,1.0,0.0,0.0,0.0,0.0
735,0,0.020371847498005878,0.057090565779832694,0.0712,0.3,0.0,0.0,0.0,0.0,1.0,0.0,0.0,0.0,0.0
736,1,0.02133688786186805,0.057090565779832694,0.10859999999999999,1.3,0.0,0.0,0.0,0.0,1.0,0.0,0.0,0.0,0.0
737,0,0.02031001424814743,0.057090565779832694,0.14300000000000002,-0.9,0.0,0.0,0.0,0.0,1.0,0.0,0.0,0.0,0.0
738,0,0.019240299025596316,0.057090565779832694,0.1998,-0.2,0.0,0.0,0.0,0.0,1.0,0.0,0.0,0.0,0.0
739,0,0.01922572404527254,0.057090565779832694,0.3478,2.2,0.0,0.0,0.0,0.0,1.0,0.0,0.0,0.0,0.0
740,0,0.018802607949812603,0.057090565779832694,0.24739999999999998,-1.5,0.0,0.0,0.0,0.0,1.0,0.0,0.0,0.0,0.0
741,0,0.017667084482769282,0.057090565779832694,0.15560000000000002,-1.7,0.0,0.0,0.0,0.0,1.0,0.0,0.0,0.0,0.0
742,0,0.015714920451524058,0.057090565779832694,0.13140000000000002,-0.6,0.0,0.0,0.0,0.0,1.0,0.0,0.0,0.0,0.0
743,1,0.017631309531065467,0.057090565779832694,0.081,-0.1,0.0,0.0,0.0,0.0,1.0,0.0,0.0,0.0,0.0
744,0,0.015598320608933845,0.057090565779832694,0.0848,0.9,0.0,0.0,0.0,0.0,1.0,0.0,0.0,0.0,0.0
745,1,0.016397736196389467,0.057090565779832694,0.135,0.3,0.0,0.0,0.0,0.0,1.0,0.0,0.0,0.0,0.0
746,0,0.013935006187741647,0.057090565779832694,0.111,0.6,0.0,0.0,0.0,0.0,1.0,0.0,0.0,0.0,0.0
747,0,0.013917781210995366,0.057090565779832694,0.3212,-0.9,0.0,0.0,0.0,0.0,1.0,0.0,0.0,0.0,0.0
748,0,0.013458006831690777,0.057090565779832694,0.2266,0.6,0.0,0.0,0.0,0.0,1.0,0.0,0.0,0.0,0.0
749,0,0.009488312190778543,0.057090565779832694,0.17739999999999997,-1.6,0.0,0.0,0.0,0.0,1.0,0.0,0.0,0.0,0.0
750,1,0.012120641970466674,0.057090565779832694,0.1728,-0.9,0.0,0.0,0.0,0.0,1.0,0.0,0.0,0.0,0.0
751,1,0.012995140789893268,0.057090565779832694,0.115,1.5,0.0,0.0,0.0,0.0,1.0,0.0,0.0,0.0,0.0
752,0,0.011794250744428162,0.057090565779832694,0.3886,-1.4,0.0,0.0,0.0,0.0,1.0,0.0,0.0,0.0,0.0
753,1,0.014660663541437552,0.057090565779832694,0.5436,-0.8,0.0,0.0,0.0,0.0,1.0,0.0,0.0,0.0,0.0
754,0,0.01211578364369208,0.057090565779832694,0.1602,-0.6,0.0,0.0,0.0,0.0,1.0,0.0,0.0,0.0,0.0
755,0,0.010868076994762724,0.057090565779832694,0.151,-0.5,0.0,0.0,0.0,0.0,1.0,0.0,0.0,0.0,0.0
756,1,0.014208397485330062,0.057090565779832694,0.3448,0.5,0.0,0.0,0.0,0.0,1.0,0.0,0.0,0.0,0.0
757,0,0.013718148147166667,0.057090565779832694,0.4218,2.2,0.0,0.0,0.0,0.0,1.0,0.0,0.0,0.0,0.0
758,0,0.012891349263345162,0.057090565779832694,0.3332,-0.7,0.0,0.0,0.0,0.0,1.0,0.0,0.0,0.0,0.0
759,0,0.0128847242722889,0.057090565779832694,0.18280000000000002,-1.1,0.0,0.0,0.0,0.0,1.0,0.0,0.0,0.0,0.0
760,0,0.0119064339263142,0.057090565779832694,0.27,0.6,0.0,0.0,0.0,0.0,1.0,0.0,0.0,0.0,0.0
761,0,0.009670278611790541,0.057090565779832694,0.24359999999999998,0.1,0.0,0.0,0.0,0.0,1.0,0.0,0.0,0.0,0.0
762,1,0.013003532445231199,0.057090565779832694,0.1524,-1.2,0.0,0.0,0.0,0.0,1.0,0.0,0.0,0.0,0.0
763,0,0.011580042700275689,0.057090565779832694,0.2242,-1.2,0.0,0.0,0.0,0.0,1.0,0.0,0.0,0.0,0.0
764,0,0.011533226096811436,0.057090565779832694,0.46020000000000005,-0.8,0.0,0.0,0.0,0.0,1.0,0.0,0.0,0.0,0.0
765,1,0.011580042700275689,0.057090565779832694,0.4988,1.2,0.0,0.0,0.0,0.0,1.0,0.0,0.0,0.0,0.0
766,0,0.009087721064909895,0.057090565779832694,0.32380000000000003,-1.1,0.0,0.0,0.0,0.0,1.0,0.0,0.0,0.0,0.0
767,0,0.35010604402350726,0.002304634540590972,0.1016,0.6,0.0,0.0,0.0,0.0,0.0,0.0,0.0,0.0,1.0
768,1,0.47402473506660764,0.002304634540590972,0.1656,0.0,0.0,0.0,0.0,0.0,0.0,0.0,0.0,0.0,1.0
769,1,0.5401015125296248,0.002304634540590972,0.4886,0.1,0.0,0.0,0.0,0.0,0.0,0.0,0.0,0.0,1.0
770,0,0.4246151101029347,0.002304634540590972,0.5682,2.5,0.0,0.0,0.0,0.0,0.0,0.0,0.0,0.0,1.0
771,1,0.519458923730453,0.002304634540590972,0.1202,-0.5,0.0,0.0,0.0,0.0,0.0,0.0,0.0,0.0,1.0
772,0,0.47479279236306365,0.002304634540590972,0.044199999999999996,-0.8,0.0,0.0,0.0,0.0,0.0,0.0,0.0,0.0,1.0
773,1,0.5629771649808273,0.002304634540590972,0.139,-0.3,0.0,0.0,0.0,0.0,0.0,0.0,0.0,0.0,1.0
774,1,0.7935657203529441,0.002304634540590972,0.027999999999999997,1.6,0.0,0.0,0.0,0.0,0.0,0.0,0.0,0.0,1.0
775,0,0.630680598581192,0.002304634540590972,0.008199999999999999,0.7,0.0,0.0,0.0,0.0,0.0,0.0,0.0,0.0,1.0
776,0,0.5709094876055251,0.002304634540590972,0.0154,-1.7,0.0,0.0,0.0,0.0,0.0,0.0,0.0,0.0,1.0
777,1,0.5900164034778553,0.002304634540590972,0.1656,0.2,0.0,0.0,0.0,0.0,0.0,0.0,0.0,0.0,1.0
778,1,0.5969271524816775,0.002304634540590972,0.0,0.6,0.0,0.0,0.0,0.0,0.0,0.0,0.0,0.0,1.0
779,1,0.6034894269559403,0.002304634540590972,0.1998,2.3,0.0,0.0,0.0,0.0,0.0,0.0,0.0,0.0,1.0
780,1,0.6534502511754943,0.002304634540590972,0.0814,0.5,0.0,0.0,0.0,0.0,0.0,0.0,0.0,0.0,1.0
781,1,0.66528425186626,0.002304634540590972,0.001,0.3,0.0,0.0,0.0,0.0,0.0,0.0,0.0,0.0,1.0
782,0,0.6200960712036372,0.002304634540590972,0.3274,1.3,0.0,0.0,0.0,0.0,0.0,0.0,0.0,0.0,1.0
783,1,0.6550300907093776,0.002304634540590972,0.6344,-0.9,0.0,0.0,0.0,0.0,0.0,0.0,0.0,0.0,1.0
784,1,0.7280644337796811,0.002304634540590972,0.295,-0.2,0.0,0.0,0.0,0.0,0.0,0.0,0.0,0.0,1.0
785,1,0.737409204497574,0.002304634540590972,0.4722,2.2,0.0,0.0,0.0,0.0,0.0,0.0,0.0,0.0,1.0
786,1,0.7432811549037742,0.002304634540590972,0.0006,-1.5,0.0,0.0,0.0,0.0,0.0,0.0,0.0,0.0,1.0
787,0,0.710078024728,0.002304634540590972,0.045599999999999995,-1.7,0.0,0.0,0.0,0.0,0.0,0.0,0.0,0.0,1.0
788,0,0.5313344410318379,0.002304634540590972,0.0748,-0.6,0.0,0.0,0.0,0.0,0.0,0.0,0.0,0.0,1.0
789,1,0.7145379687070755,0.002304634540590972,0.16879999999999998,-0.1,0.0,0.0,0.0,0.0,0.0,0.0,0.0,0.0,1.0
790,0,0.7053111228299842,0.002304634540590972,0.2738,0.9,0.0,0.0,0.0,0.0,0.0,0.0,0.0,0.0,1.0
791,1,0.7331687685554957,0.002304634540590972,0.1116,0.3,0.0,0.0,0.0,0.0,0.0,0.0,0.0,0.0,1.0
792,1,0.7429004387510744,0.002304634540590972,0.3014,0.6,0.0,0.0,0.0,0.0,0.0,0.0,0.0,0.0,1.0
793,0,0.7127841127414478,0.002304634540590972,0.1636,-0.9,0.0,0.0,0.0,0.0,0.0,0.0,0.0,0.0,1.0
794,0,0.6855280162038447,0.002304634540590972,0.2982,0.6,0.0,0.0,0.0,0.0,0.0,0.0,0.0,0.0,1.0
795,0,0.6139984294354536,0.002304634540590972,0.16760000000000003,-1.6,0.0,0.0,0.0,0.0,0.0,0.0,0.0,0.0,1.0
796,0,0.6117666907816341,0.002304634540590972,0.005600000000000001,-0.9,0.0,0.0,0.0,0.0,0.0,0.0,0.0,0.0,1.0
797,0,0.5808973241219457,0.002304634540590972,0.17579999999999998,1.5,0.0,0.0,0.0,0.0,0.0,0.0,0.0,0.0,1.0
798,1,0.591173568582349,0.002304634540590972,0.0572,-1.4,0.0,0.0,0.0,0.0,0.0,0.0,0.0,0.0,1.0
799,1,0.6637295872983905,0.002304634540590972,0.37799999999999995,-0.8,0.0,0.0,0.0,0.0,0.0,0.0,0.0,0.0,1.0
800,1,0.7028285178481676,0.002304634540590972,0.3486,-0.6,0.0,0.0,0.0,0.0,0.0,0.0,0.0,0.0,1.0
801,1,0.7408758414842807,0.002304634540590972,0.6265999999999999,-0.5,0.0,0.0,0.0,0.0,0.0,0.0,0.0,0.0,1.0
802,0,0.7112881897609438,0.002304634540590972,0.6437999999999999,0.5,0.0,0.0,0.0,0.0,0.0,0.0,0.0,0.0,1.0
803,1,1.0,0.002304634540590972,0.33020000000000005,2.2,0.0,0.0,0.0,0.0,0.0,0.0,0.0,0.0,1.0
804,0,0.6768713612236623,0.002304634540590972,0.5094,-0.7,0.0,0.0,0.0,0.0,0.0,0.0,0.0,0.0,1.0
805,0,0.6185493566250352,0.002304634540590972,0.252,-1.1,0.0,0.0,0.0,0.0,0.0,0.0,0.0,0.0,1.0
806,1,0.6277616275218029,0.002304634540590972,0.15539999999999998,0.6,0.0,0.0,0.0,0.0,0.0,0.0,0.0,0.0,1.0
807,0,0.3906704225949295,0.002304634540590972,0.42200000000000004,0.1,0.0,0.0,0.0,0.0,0.0,0.0,0.0,0.0,1.0
808,1,0.41836288521010495,0.002304634540590972,0.7173999999999999,-1.2,0.0,0.0,0.0,0.0,0.0,0.0,0.0,0.0,1.0
809,1,0.42199161364465493,0.002304634540590972,0.4266,-1.2,0.0,0.0,0.0,0.0,0.0,0.0,0.0,0.0,1.0
810,0,0.39912700284521285,0.002304634540590972,0.1744,-0.8,0.0,0.0,0.0,0.0,0.0,0.0,0.0,0.0,1.0
811,1,0.5255419905183129,0.002304634540590972,0.332,1.2,0.0,0.0,0.0,0.0,0.0,0.0,0.0,0.0,1.0
812,0,0.4464669806029095,0.002304634540590972,0.501,-1.1,0.0,0.0,0.0,0.0,0.0,0.0,0.0,0.0,1.0
813,1,0.15478805770278878,0.040985143848930414,0.0336,0.6,0.0,0.0,0.0,0.0,0.0,1.0,0.0,0.0,0.0
814,0,0.13216945490456922,0.040985143848930414,0.3034,0.0,0.0,0.0,0.0,0.0,0.0,1.0,0.0,0.0,0.0
815,1,0.13265572924809885,0.040985143848930414,0.0946,0.1,0.0,0.0,0.0,0.0,0.0,1.0,0.0,0.0,0.0
816,1,0.15889422715946,0.040985143848930414,0.2812,2.5,0.0,0.0,0.0,0.0,0.0,1.0,0.0,0.0,0.0
817,1,0.17220250919327926,0.040985143848930414,0.1328,-0.5,0.0,0.0,0.0,0.0,0.0,1.0,0.0,0.0,0.0
818,0,0.12050063732413961,0.040985143848930414,0.11359999999999999,-0.8,0.0,0.0,0.0,0.0,0.0,1.0,0.0,0.0,0.0
819,0,0.11466622853392482,0.040985143848930414,0.1782,-0.3,0.0,0.0,0.0,0.0,0.0,1.0,0.0,0.0,0.0
820,1,0.12496676462820108,0.040985143848930414,0.0236,1.6,0.0,0.0,0.0,0.0,0.0,1.0,0.0,0.0,0.0
821,1,0.12692555365050256,0.040985143848930414,0.2186,0.7,0.0,0.0,0.0,0.0,0.0,1.0,0.0,0.0,0.0
822,0,0.12365634139727244,0.040985143848930414,0.19,-1.7,0.0,0.0,0.0,0.0,0.0,1.0,0.0,0.0,0.0
823,1,0.12782301910559088,0.040985143848930414,0.3998,0.2,0.0,0.0,0.0,0.0,0.0,1.0,0.0,0.0,0.0
824,0,0.12475653157868237,0.040985143848930414,0.2332,0.6,0.0,0.0,0.0,0.0,0.0,1.0,0.0,0.0,0.0
825,1,0.12780093580207,0.040985143848930414,0.2158,2.3,0.0,0.0,0.0,0.0,0.0,1.0,0.0,0.0,0.0
826,1,0.14462355475820107,0.040985143848930414,0.0286,0.5,0.0,0.0,0.0,0.0,0.0,1.0,0.0,0.0,0.0
827,0,0.14317886504186553,0.040985143848930414,0.15380000000000002,0.3,0.0,0.0,0.0,0.0,0.0,1.0,0.0,0.0,0.0
828,0,0.1274975112116932,0.040985143848930414,0.12619999999999998,1.3,0.0,0.0,0.0,0.0,0.0,1.0,0.0,0.0,0.0
829,1,0.13618684948108653,0.040985143848930414,0.1568,-0.9,0.0,0.0,0.0,0.0,0.0,1.0,0.0,0.0,0.0
830,1,0.15678129667858282,0.040985143848930414,0.0676,-0.2,0.0,0.0,0.0,0.0,0.0,1.0,0.0,0.0,0.0
831,1,0.15808465325238477,0.040985143848930414,0.4384,2.2,0.0,0.0,0.0,0.0,0.0,1.0,0.0,0.0,0.0
832,0,0.13484285962880616,0.040985143848930414,0.201,-1.5,0.0,0.0,0.0,0.0,0.0,1.0,0.0,0.0,0.0
833,0,0.10809777073467618,0.040985143848930414,0.1998,-1.7,0.0,0.0,0.0,0.0,0.0,1.0,0.0,0.0,0.0
834,1,0.11812977385813862,0.040985143848930414,0.133,-0.6,0.0,0.0,0.0,0.0,0.0,1.0,0.0,0.0,0.0
835,1,0.12303270890584297,0.040985143848930414,0.1782,-0.1,0.0,0.0,0.0,0.0,0.0,1.0,0.0,0.0,0.0
836,0,0.07829105264041226,0.040985143848930414,0.2336,0.9,0.0,0.0,0.0,0.0,0.0,1.0,0.0,0.0,0.0
837,1,0.1192719223162382,0.040985143848930414,0.1168,0.3,0.0,0.0,0.0,0.0,0.0,1.0,0.0,0.0,0.0
838,1,0.1219311937262218,0.040985143848930414,0.0492,0.6,0.0,0.0,0.0,0.0,0.0,1.0,0.0,0.0,0.0
839,1,0.13224895479724436,0.040985143848930414,0.20559999999999998,-0.9,0.0,0.0,0.0,0.0,0.0,1.0,0.0,0.0,0.0
840,1,0.14209148317649772,0.040985143848930414,0.4142,0.6,0.0,0.0,0.0,0.0,0.0,1.0,0.0,0.0,0.0
841,0,0.13768983911871718,0.040985143848930414,0.0894,-1.6,0.0,0.0,0.0,0.0,0.0,1.0,0.0,0.0,0.0
842,1,0.1493767650080339,0.040985143848930414,0.1226,-0.9,0.0,0.0,0.0,0.0,0.0,1.0,0.0,0.0,0.0
843,0,0.13502217605339567,0.040985143848930414,0.16519999999999999,1.5,0.0,0.0,0.0,0.0,0.0,1.0,0.0,0.0,0.0
844,0,0.12460901511116293,0.040985143848930414,0.2632,-1.4,0.0,0.0,0.0,0.0,0.0,1.0,0.0,0.0,0.0
845,0,0.12447607362396727,0.040985143848930414,0.3148,-0.8,0.0,0.0,0.0,0.0,0.0,1.0,0.0,0.0,0.0
846,0,0.11642229282990468,0.040985143848930414,0.3456,-0.6,0.0,0.0,0.0,0.0,0.0,1.0,0.0,0.0,0.0
847,1,0.11703576700171454,0.040985143848930414,0.1352,-0.5,0.0,0.0,0.0,0.0,0.0,1.0,0.0,0.0,0.0
848,1,0.12803236882296876,0.040985143848930414,0.327,0.5,0.0,0.0,0.0,0.0,0.0,1.0,0.0,0.0,0.0
849,1,0.12912858400974492,0.040985143848930414,0.41659999999999997,2.2,0.0,0.0,0.0,0.0,0.0,1.0,0.0,0.0,0.0
850,0,0.12144977770946676,0.040985143848930414,0.4192,-0.7,0.0,0.0,0.0,0.0,0.0,1.0,0.0,0.0,0.0
851,0,0.11536229426090275,0.040985143848930414,0.46740000000000004,-1.1,0.0,0.0,0.0,0.0,0.0,1.0,0.0,0.0,0.0
852,0,0.10959457704732099,0.040985143848930414,0.43560000000000004,0.6,0.0,0.0,0.0,0.0,0.0,1.0,0.0,0.0,0.0
853,0,0.06780413346441982,0.040985143848930414,0.5197999999999999,0.1,0.0,0.0,0.0,0.0,0.0,1.0,0.0,0.0,0.0
854,1,0.12960558336579578,0.040985143848930414,0.2394,-1.2,0.0,0.0,0.0,0.0,0.0,1.0,0.0,0.0,0.0
855,0,0.1270452451555857,0.040985143848930414,0.1716,-1.2,0.0,0.0,0.0,0.0,0.0,1.0,0.0,0.0,0.0
856,0,0.1164103678460034,0.040985143848930414,0.36060000000000003,-0.8,0.0,0.0,0.0,0.0,0.0,1.0,0.0,0.0,0.0
857,1,0.1213623278275241,0.040985143848930414,0.5506,1.2,0.0,0.0,0.0,0.0,0.0,1.0,0.0,0.0,0.0
858,0,0.11782546593562099,0.040985143848930414,0.1476,-1.1,0.0,0.0,0.0,0.0,0.0,1.0,0.0,0.0,0.0
859,1,0.015865528581536417,0.0015957607439678176,0.1152,0.6,0.0,0.0,0.0,0.0,1.0,0.0,0.0,0.0,0.0
860,1,0.02280454421386531,0.0015957607439678176,0.1084,0.0,0.0,0.0,0.0,0.0,1.0,0.0,0.0,0.0,0.0
861,1,0.02814517033735338,0.0015957607439678176,0.0484,0.1,0.0,0.0,0.0,0.0,1.0,0.0,0.0,0.0,0.0
862,1,0.03237677295802317,0.0015957607439678176,0.32020000000000004,2.5,0.0,0.0,0.0,0.0,1.0,0.0,0.0,0.0,0.0
863,1,0.03446541180502739,0.0015957607439678176,0.052199999999999996,-0.5,0.0,0.0,0.0,0.0,1.0,0.0,0.0,0.0,0.0
864,0,0.03365186290331841,0.0015957607439678176,0.18960000000000002,-0.8,0.0,0.0,0.0,0.0,1.0,0.0,0.0,0.0,0.0
865,1,0.036624275557228,0.0015957607439678176,0.1454,-0.3,0.0,0.0,0.0,0.0,1.0,0.0,0.0,0.0,0.0
866,0,0.03290235558181996,0.0015957607439678176,0.1562,1.6,0.0,0.0,0.0,0.0,1.0,0.0,0.0,0.0,0.0
867,0,0.03015695928810496,0.0015957607439678176,0.1286,0.7,0.0,0.0,0.0,0.0,1.0,0.0,0.0,0.0,0.0
868,1,0.0338991959027522,0.0015957607439678176,0.2228,-1.7,0.0,0.0,0.0,0.0,1.0,0.0,0.0,0.0,0.0
869,0,0.03369647117643058,0.0015957607439678176,0.0902,0.2,0.0,0.0,0.0,0.0,1.0,0.0,0.0,0.0,0.0
870,0,0.03290191391574955,0.0015957607439678176,0.2052,0.6,0.0,0.0,0.0,0.0,1.0,0.0,0.0,0.0,0.0
871,1,0.037406907834007755,0.0015957607439678176,0.22399999999999998,2.3,0.0,0.0,0.0,0.0,1.0,0.0,0.0,0.0,0.0
872,0,0.03442610352476024,0.0015957607439678176,0.2568,0.5,0.0,0.0,0.0,0.0,1.0,0.0,0.0,0.0,0.0
873,0,0.0322637064439963,0.0015957607439678176,0.0712,0.3,0.0,0.0,0.0,0.0,1.0,0.0,0.0,0.0,0.0
874,0,0.021888528783819475,0.0015957607439678176,0.10859999999999999,1.3,0.0,0.0,0.0,0.0,1.0,0.0,0.0,0.0,0.0
875,0,0.021379287804628132,0.0015957607439678176,0.14300000000000002,-0.9,0.0,0.0,0.0,0.0,1.0,0.0,0.0,0.0,0.0
876,1,0.02138679612782523,0.0015957607439678176,0.1998,-0.2,0.0,0.0,0.0,0.0,1.0,0.0,0.0,0.0,0.0
877,1,0.02222816999197051,0.0015957607439678176,0.3478,2.2,0.0,0.0,0.0,0.0,1.0,0.0,0.0,0.0,0.0
878,0,0.018660391475138174,0.0015957607439678176,0.24739999999999998,-1.5,0.0,0.0,0.0,0.0,1.0,0.0,0.0,0.0,0.0
879,0,0.016111536582758948,0.0015957607439678176,0.15560000000000002,-1.7,0.0,0.0,0.0,0.0,1.0,0.0,0.0,0.0,0.0
880,1,0.017963884082089824,0.0015957607439678176,0.13140000000000002,-0.6,0.0,0.0,0.0,0.0,1.0,0.0,0.0,0.0,0.0
881,0,0.01697720208077719,0.0015957607439678176,0.081,-0.1,0.0,0.0,0.0,0.0,1.0,0.0,0.0,0.0,0.0
882,0,0.013095398987878032,0.0015957607439678176,0.0848,0.9,0.0,0.0,0.0,0.0,1.0,0.0,0.0,0.0,0.0
883,0,0.012796391058205405,0.0015957607439678176,0.135,0.3,0.0,0.0,0.0,0.0,1.0,0.0,0.0,0.0,0.0
884,0,0.011394101284629933,0.0015957607439678176,0.111,0.6,0.0,0.0,0.0,0.0,1.0,0.0,0.0,0.0,0.0
885,0,0.010718793862961618,0.0015957607439678176,0.3212,-0.9,0.0,0.0,0.0,0.0,1.0,0.0,0.0,0.0,0.0
886,0,0.009855336695295461,0.0015957607439678176,0.2266,0.6,0.0,0.0,0.0,0.0,1.0,0.0,0.0,0.0,0.0
887,1,0.011183868235111217,0.0015957607439678176,0.17739999999999997,-1.6,0.0,0.0,0.0,0.0,1.0,0.0,0.0,0.0,0.0
888,1,0.012606916313996309,0.0015957607439678176,0.1728,-0.9,0.0,0.0,0.0,0.0,1.0,0.0,0.0,0.0,0.0
889,0,0.012205441855986827,0.0015957607439678176,0.115,1.5,0.0,0.0,0.0,0.0,1.0,0.0,0.0,0.0,0.0
890,0,0.011580042700275689,0.0015957607439678176,0.3886,-1.4,0.0,0.0,0.0,0.0,1.0,0.0,0.0,0.0,0.0
891,0,0.011056668406830984,0.0015957607439678176,0.5436,-0.8,0.0,0.0,0.0,0.0,1.0,0.0,0.0,0.0,0.0
892,1,0.011383059632869496,0.0015957607439678176,0.1602,-0.6,0.0,0.0,0.0,0.0,1.0,0.0,0.0,0.0,0.0
893,1,0.011468301184460067,0.0015957607439678176,0.151,-0.5,0.0,0.0,0.0,0.0,1.0,0.0,0.0,0.0,0.0
894,0,0.011276176443828468,0.0015957607439678176,0.3448,0.5,0.0,0.0,0.0,0.0,1.0,0.0,0.0,0.0,0.0
895,1,0.01293684086859816,0.0015957607439678176,0.4218,2.2,0.0,0.0,0.0,0.0,1.0,0.0,0.0,0.0,0.0
896,0,0.012785349406444968,0.0015957607439678176,0.3332,-0.7,0.0,0.0,0.0,0.0,1.0,0.0,0.0,0.0,0.0
897,0,0.011696200876795484,0.0015957607439678176,0.18280000000000002,-1.1,0.0,0.0,0.0,0.0,1.0,0.0,0.0,0.0,0.0
898,0,0.010630018982807707,0.0015957607439678176,0.27,0.6,0.0,0.0,0.0,0.0,1.0,0.0,0.0,0.0,0.0
899,0,0.006471291263756794,0.0015957607439678176,0.24359999999999998,0.1,0.0,0.0,0.0,0.0,1.0,0.0,0.0,0.0,0.0
900,1,0.010111503016137596,0.0015957607439678176,0.1524,-1.2,0.0,0.0,0.0,0.0,1.0,0.0,0.0,0.0,0.0
901,1,0.011860500654990782,0.0015957607439678176,0.2242,-1.2,0.0,0.0,0.0,0.0,1.0,0.0,0.0,0.0,0.0
902,0,0.011259393133152603,0.0015957607439678176,0.46020000000000005,-0.8,0.0,0.0,0.0,0.0,1.0,0.0,0.0,0.0,0.0
903,0,0.010888835300072345,0.0015957607439678176,0.4988,1.2,0.0,0.0,0.0,0.0,1.0,0.0,0.0,0.0,0.0
904,1,0.011153834942322827,0.0015957607439678176,0.32380000000000003,-1.1,0.0,0.0,0.0,0.0,1.0,0.0,0.0,0.0,0.0
905,1,0.04520938063400281,0.005960261742907686,0.001044,0.6,0.0,0.0,0.0,0.0,0.0,0.0,0.0,0.0,0.0
906,1,0.06041373510812427,0.005960261742907686,0.0017300000000000002,0.0,0.0,0.0,0.0,0.0,0.0,0.0,0.0,0.0,0.0
907,0,0.056980223076698845,0.005960261742907686,0.001928,0.1,0.0,0.0,0.0,0.0,0.0,0.0,0.0,0.0,0.0
908,0,0.05242222922999054,0.005960261742907686,0.002552,2.5,0.0,0.0,0.0,0.0,0.0,0.0,0.0,0.0,0.0
909,1,0.053689369186018264,0.005960261742907686,0.0014980000000000002,-0.5,0.0,0.0,0.0,0.0,0.0,0.0,0.0,0.0,0.0
910,1,0.06113100080648225,0.005960261742907686,0.001794,-0.8,0.0,0.0,0.0,0.0,0.0,0.0,0.0,0.0,0.0
911,1,0.07067496292213339,0.005960261742907686,0.001442,-0.3,0.0,0.0,0.0,0.0,0.0,0.0,0.0,0.0,0.0
912,0,0.05710433124248616,0.005960261742907686,0.00193,1.6,0.0,0.0,0.0,0.0,0.0,0.0,0.0,0.0,0.0
913,1,0.05736049756332829,0.005960261742907686,0.00165,0.7,0.0,0.0,0.0,0.0,0.0,0.0,0.0,0.0,0.0
914,0,0.038652847818655446,0.005960261742907686,0.0017420000000000003,-1.7,0.0,0.0,0.0,0.0,0.0,0.0,0.0,0.0,0.0
915,0,0.03764452417989236,0.005960261742907686,0.00193,0.2,0.0,0.0,0.0,0.0,0.0,0.0,0.0,0.0,0.0
916,0,0.03345532150198264,0.005960261742907686,0.001476,0.6,0.0,0.0,0.0,0.0,0.0,0.0,0.0,0.0,0.0
917,1,0.044648023058502205,0.005960261742907686,0.0017399999999999998,2.3,0.0,0.0,0.0,0.0,0.0,0.0,0.0,0.0,0.0
918,1,0.051642246949633284,0.005960261742907686,0.002152,0.5,0.0,0.0,0.0,0.0,0.0,0.0,0.0,0.0,0.0
919,0,0.04584493810933355,0.005960261742907686,0.00099,0.3,0.0,0.0,0.0,0.0,0.0,0.0,0.0,0.0,0.0
920,0,0.04242379272787982,0.005960261742907686,0.001562,1.3,0.0,0.0,0.0,0.0,0.0,0.0,0.0,0.0,0.0
921,0,0.03314968858125375,0.005960261742907686,0.0030519999999999996,-0.9,0.0,0.0,0.0,0.0,0.0,0.0,0.0,0.0,0.0
922,0,0.02755642946548689,0.005960261742907686,0.001452,-0.2,0.0,0.0,0.0,0.0,0.0,0.0,0.0,0.0,0.0
923,0,0.018481958382689515,0.005960261742907686,0.003862,2.2,0.0,0.0,0.0,0.0,0.0,0.0,0.0,0.0,0.0
924,0,0.015846978606578882,0.005960261742907686,0.002228,-1.5,0.0,0.0,0.0,0.0,0.0,0.0,0.0,0.0,0.0
925,1,0.023685668024348166,0.005960261742907686,0.0011560000000000001,-1.7,0.0,0.0,0.0,0.0,0.0,0.0,0.0,0.0,0.0
926,1,0.03753013266765423,0.005960261742907686,0.0015060000000000002,-0.6,0.0,0.0,0.0,0.0,0.0,0.0,0.0,0.0,0.0
927,0,0.03308343867069113,0.005960261742907686,0.00149,-0.1,0.0,0.0,0.0,0.0,0.0,0.0,0.0,0.0,0.0
928,0,0.03254018940407764,0.005960261742907686,0.00224,0.9,0.0,0.0,0.0,0.0,0.0,0.0,0.0,0.0,0.0
929,1,0.03464605322782814,0.005960261742907686,0.0013980000000000002,0.3,0.0,0.0,0.0,0.0,0.0,0.0,0.0,0.0,0.0
930,0,0.032859955639059885,0.005960261742907686,0.001476,0.6,0.0,0.0,0.0,0.0,0.0,0.0,0.0,0.0,0.0
931,1,0.03401447074713116,0.005960261742907686,0.002732,-0.9,0.0,0.0,0.0,0.0,0.0,0.0,0.0,0.0,0.0
932,1,0.037033700004504996,0.005960261742907686,0.002516,0.6,0.0,0.0,0.0,0.0,0.0,0.0,0.0,0.0,0.0
933,0,0.03320180517756301,0.005960261742907686,0.001546,-1.6,0.0,0.0,0.0,0.0,0.0,0.0,0.0,0.0,0.0
934,0,0.028063462114326147,0.005960261742907686,0.001376,-0.9,0.0,0.0,0.0,0.0,0.0,0.0,0.0,0.0,0.0
935,1,0.030332742384131115,0.005960261742907686,0.002108,1.5,0.0,0.0,0.0,0.0,0.0,0.0,0.0,0.0,0.0
936,1,0.03803716531649349,0.005960261742907686,0.002294,-1.4,0.0,0.0,0.0,0.0,0.0,0.0,0.0,0.0,0.0
937,1,0.038595431229501174,0.005960261742907686,0.004725999999999999,-0.8,0.0,0.0,0.0,0.0,0.0,0.0,0.0,0.0,0.0
938,0,0.030732891843929345,0.005960261742907686,0.0017360000000000001,-0.6,0.0,0.0,0.0,0.0,0.0,0.0,0.0,0.0,0.0
939,1,0.039215530392367304,0.005960261742907686,0.0025739999999999995,-0.5,0.0,0.0,0.0,0.0,0.0,0.0,0.0,0.0,0.0
940,1,0.049232075203365144,0.005960261742907686,0.00395,0.5,0.0,0.0,0.0,0.0,0.0,0.0,0.0,0.0,0.0
941,1,0.07227246909883338,0.005960261742907686,0.004006,2.2,0.0,0.0,0.0,0.0,0.0,0.0,0.0,0.0,0.0
942,0,0.06267859871722506,0.005960261742907686,0.003408,-0.7,0.0,0.0,0.0,0.0,0.0,0.0,0.0,0.0,0.0
943,0,0.060317451904773264,0.005960261742907686,0.002828,-1.1,0.0,0.0,0.0,0.0,0.0,0.0,0.0,0.0,0.0
944,0,0.05542909183739268,0.005960261742907686,0.002884,0.6,0.0,0.0,0.0,0.0,0.0,0.0,0.0,0.0,0.0
945,0,0.029845143042390228,0.005960261742907686,0.0032299999999999994,0.1,0.0,0.0,0.0,0.0,0.0,0.0,0.0,0.0,0.0
946,1,0.04410212379546621,0.005960261742907686,0.003814,-1.2,0.0,0.0,0.0,0.0,0.0,0.0,0.0,0.0,0.0
947,1,0.05442606819147461,0.005960261742907686,0.0017579999999999998,-1.2,0.0,0.0,0.0,0.0,0.0,0.0,0.0,0.0,0.0
948,1,0.059681452763372105,0.005960261742907686,0.00308,-0.8,0.0,0.0,0.0,0.0,0.0,0.0,0.0,0.0,0.0
949,0,0.05498124244198937,0.005960261742907686,0.0045899999999999995,1.2,0.0,0.0,0.0,0.0,0.0,0.0,0.0,0.0,0.0
950,0,0.04723751122935984,0.005960261742907686,0.003166,-1.1,0.0,0.0,0.0,0.0,0.0,0.0,0.0,0.0,0.0
951,1,0.003762994919956858,0.03497799471364518,0.09300000000000001,0.6,0.0,1.0,0.0,0.0,0.0,0.0,0.0,0.0,0.0
952,1,0.004036386217545273,0.03497799471364518,0.29960000000000003,0.0,0.0,1.0,0.0,0.0,0.0,0.0,0.0,0.0,0.0
953,0,0.003259937265751358,0.03497799471364518,0.247,0.1,0.0,1.0,0.0,0.0,0.0,0.0,0.0,0.0,0.0
954,1,0.004380002420330066,0.03497799471364518,0.12480000000000001,2.5,0.0,1.0,0.0,0.0,0.0,0.0,0.0,0.0,0.0
955,1,0.005691308983399539,0.03497799471364518,0.14279999999999998,-0.5,0.0,1.0,0.0,0.0,0.0,0.0,0.0,0.0,0.0
956,1,0.006638682704445015,0.03497799471364518,0.17980000000000002,-0.8,0.0,1.0,0.0,0.0,0.0,0.0,0.0,0.0,0.0
957,1,0.01000947815387116,0.03497799471364518,0.1324,-0.3,0.0,1.0,0.0,0.0,0.0,0.0,0.0,0.0,0.0
958,1,0.017701976102332262,0.03497799471364518,0.34979999999999994,1.6,0.0,1.0,0.0,0.0,0.0,0.0,0.0,0.0,0.0
959,0,0.011751850801668084,0.03497799471364518,0.3432,0.7,0.0,1.0,0.0,0.0,0.0,0.0,0.0,0.0,0.0
960,1,0.027086055100492282,0.03497799471364518,0.1446,-1.7,0.0,1.0,0.0,0.0,0.0,0.0,0.0,0.0,0.0
961,0,0.01423136412099177,0.03497799471364518,0.187,0.2,0.0,1.0,0.0,0.0,0.0,0.0,0.0,0.0,0.0
962,0,0.013192565523369877,0.03497799471364518,0.1018,0.6,0.0,1.0,0.0,0.0,0.0,0.0,0.0,0.0,0.0
963,0,0.012761941104712841,0.03497799471364518,0.0674,2.3,0.0,1.0,0.0,0.0,0.0,0.0,0.0,0.0,0.0
964,0,0.012136541949001703,0.03497799471364518,0.36219999999999997,0.5,0.0,1.0,0.0,0.0,0.0,0.0,0.0,0.0,0.0
965,0,0.010835835371622249,0.03497799471364518,0.11699999999999999,0.3,0.0,1.0,0.0,0.0,0.0,0.0,0.0,0.0,0.0
966,0,0.009012637832938925,0.03497799471364518,0.193,1.3,0.0,1.0,0.0,0.0,0.0,0.0,0.0,0.0,0.0
967,1,0.010356186019148873,0.03497799471364518,0.3454,-0.9,0.0,1.0,0.0,0.0,0.0,0.0,0.0,0.0,0.0
968,0,0.009269687485921893,0.03497799471364518,0.11939999999999999,-0.2,0.0,1.0,0.0,0.0,0.0,0.0,0.0,0.0,0.0
969,0,0.008710979906843792,0.03497799471364518,0.3398,2.2,0.0,1.0,0.0,0.0,0.0,0.0,0.0,0.0,0.0
970,1,0.009103621043444924,0.03497799471364518,0.316,-1.5,0.0,1.0,0.0,0.0,0.0,0.0,0.0,0.0,0.0
971,0,0.008559930110761017,0.03497799471364518,0.08439999999999999,-1.7,0.0,1.0,0.0,0.0,0.0,0.0,0.0,0.0,0.0
972,1,0.008635013342731987,0.03497799471364518,0.24420000000000003,-0.6,0.0,1.0,0.0,0.0,0.0,0.0,0.0,0.0,0.0
973,1,0.009388053992793776,0.03497799471364518,0.128,-0.1,0.0,1.0,0.0,0.0,0.0,0.0,0.0,0.0,0.0
974,1,0.010610585675709338,0.03497799471364518,0.1298,0.9,0.0,1.0,0.0,0.0,0.0,0.0,0.0,0.0,0.0
975,0,0.009500678840750232,0.03497799471364518,0.1152,0.3,0.0,1.0,0.0,0.0,0.0,0.0,0.0,0.0,0.0
976,0,0.0074818232328719685,0.03497799471364518,0.195,0.6,0.0,1.0,0.0,0.0,0.0,0.0,0.0,0.0,0.0
977,0,0.00591479201503078,0.03497799471364518,0.36939999999999995,-0.9,0.0,1.0,0.0,0.0,0.0,0.0,0.0,0.0,0.0
978,0,0.005478867603528735,0.03497799471364518,0.3518,0.6,0.0,1.0,0.0,0.0,0.0,0.0,0.0,0.0,0.0
979,0,0.0050937347901247,0.03497799471364518,0.109,-1.6,0.0,1.0,0.0,0.0,0.0,0.0,0.0,0.0,0.0
980,1,0.0066872659721909375,0.03497799471364518,0.1474,-0.9,0.0,1.0,0.0,0.0,0.0,0.0,0.0,0.0,0.0
981,0,0.006385608046095804,0.03497799471364518,0.2696,1.5,0.0,1.0,0.0,0.0,0.0,0.0,0.0,0.0,0.0
982,0,0.0054042260376281825,0.03497799471364518,0.1832,-1.4,0.0,1.0,0.0,0.0,0.0,0.0,0.0,0.0,0.0
983,1,0.005599000774682288,0.03497799471364518,0.49,-0.8,0.0,1.0,0.0,0.0,0.0,0.0,0.0,0.0,0.0
984,1,0.005701025636948723,0.03497799471364518,0.1804,-0.6,0.0,1.0,0.0,0.0,0.0,0.0,0.0,0.0,0.0
985,0,0.00508843479727969,0.03497799471364518,0.12960000000000002,-0.5,0.0,1.0,0.0,0.0,0.0,0.0,0.0,0.0,0.0
986,1,0.006008866888029701,0.03497799471364518,0.41600000000000004,0.5,0.0,1.0,0.0,0.0,0.0,0.0,0.0,0.0,0.0
987,1,0.007730039564446588,0.03497799471364518,0.445,2.2,0.0,1.0,0.0,0.0,0.0,0.0,0.0,0.0,0.0
988,0,0.005886967052594479,0.03497799471364518,0.1528,-0.7,0.0,1.0,0.0,0.0,0.0,0.0,0.0,0.0,0.0
989,1,0.005985016920227158,0.03497799471364518,0.1646,-1.1,0.0,1.0,0.0,0.0,0.0,0.0,0.0,0.0,0.0
990,0,0.005727083935103354,0.03497799471364518,0.4546,0.6,0.0,1.0,0.0,0.0,0.0,0.0,0.0,0.0,0.0
991,0,0.002307705217931289,0.03497799471364518,0.1184,0.1,0.0,1.0,0.0,0.0,0.0,0.0,0.0,0.0,0.0
992,1,0.005069884822322157,0.03497799471364518,0.3624,-1.2,0.0,1.0,0.0,0.0,0.0,0.0,0.0,0.0,0.0
993,1,0.005663042354892821,0.03497799471364518,0.16899999999999998,-1.2,0.0,1.0,0.0,0.0,0.0,0.0,0.0,0.0,0.0
994,1,0.005716042283342918,0.03497799471364518,0.2036,-0.8,0.0,1.0,0.0,0.0,0.0,0.0,0.0,0.0,0.0
995,0,0.0053123594949813484,0.03497799471364518,0.4428,1.2,0.0,1.0,0.0,0.0,0.0,0.0,0.0,0.0,0.0
996,0,0.0043318608186545616,0.03497799471364518,0.3396,-1.1,0.0,1.0,0.0,0.0,0.0,0.0,0.0,0.0,0.0
997,1,0.07161261998962969,0.016560785928060436,0.13140000000000002,0.6,0.0,0.0,1.0,0.0,0.0,0.0,0.0,0.0,0.0
998,1,0.10212379546620945,0.016560785928060436,0.254,0.0,0.0,0.0,1.0,0.0,0.0,0.0,0.0,0.0,0.0
999,0,0.08893078827676916,0.016560785928060436,0.3642,0.1,0.0,0.0,1.0,0.0,0.0,0.0,0.0,0.0,0.0
1000,1,0.10584527377554707,0.016560785928060436,0.3654,2.5,0.0,0.0,1.0,0.0,0.0,0.0,0.0,0.0,0.0
1001,1,0.11720845843524778,0.016560785928060436,0.46740000000000004,-0.5,0.0,0.0,1.0,0.0,0.0,0.0,0.0,0.0,0.0
1002,0,0.11696598376258859,0.016560785928060436,0.37920000000000004,-0.8,0.0,0.0,1.0,0.0,0.0,0.0,0.0,0.0,0.0
1003,0,0.11622221810000556,0.016560785928060436,0.0274,-0.3,0.0,0.0,1.0,0.0,0.0,0.0,0.0,0.0,0.0
1004,0,0.11037146766518532,0.016560785928060436,0.2726,1.6,0.0,0.0,1.0,0.0,0.0,0.0,0.0,0.0,0.0
1005,1,0.121536785925339,0.016560785928060436,0.1042,0.7,0.0,0.0,1.0,0.0,0.0,0.0,0.0,0.0,0.0
1006,0,0.10134646318227471,0.016560785928060436,0.0018,-1.7,0.0,0.0,1.0,0.0,0.0,0.0,0.0,0.0,0.0
1007,0,0.09291770789442767,0.016560785928060436,0.1666,0.2,0.0,0.0,1.0,0.0,0.0,0.0,0.0,0.0,0.0
1008,1,0.10839236200364463,0.016560785928060436,0.0684,0.6,0.0,0.0,1.0,0.0,0.0,0.0,0.0,0.0,0.0
1009,1,0.12872710955173544,0.016560785928060436,0.3826,2.3,0.0,0.0,1.0,0.0,0.0,0.0,0.0,0.0,0.0
1010,1,0.13540068387574344,0.016560785928060436,0.1592,0.5,0.0,0.0,1.0,0.0,0.0,0.0,0.0,0.0,0.0
1011,1,0.14061146017452877,0.016560785928060436,0.14,0.3,0.0,0.0,1.0,0.0,0.0,0.0,0.0,0.0,0.0
1012,0,0.1370529566451752,0.016560785928060436,0.32520000000000004,1.3,0.0,0.0,1.0,0.0,0.0,0.0,0.0,0.0,0.0
1013,1,0.15580609799510103,0.016560785928060436,0.493,-0.9,0.0,0.0,1.0,0.0,0.0,0.0,0.0,0.0,0.0
1014,1,0.15928112663714572,0.016560785928060436,0.2582,-0.2,0.0,0.0,1.0,0.0,0.0,0.0,0.0,0.0,0.0
1015,1,0.16135209884133322,0.016560785928060436,0.4412,2.2,0.0,0.0,1.0,0.0,0.0,0.0,0.0,0.0,0.0
1016,1,0.16679519149315816,0.016560785928060436,0.1164,-1.5,0.0,0.0,1.0,0.0,0.0,0.0,0.0,0.0,0.0
1017,0,0.16637030873341654,0.016560785928060436,0.0132,-1.7,0.0,0.0,1.0,0.0,0.0,0.0,0.0,0.0,0.0
1018,1,0.1787254753872749,0.016560785928060436,0.1902,-0.6,0.0,0.0,1.0,0.0,0.0,0.0,0.0,0.0,0.0
1019,0,0.171098785683306,0.016560785928060436,0.13,-0.1,0.0,0.0,1.0,0.0,0.0,0.0,0.0,0.0,0.0
1020,1,0.22541885401788042,0.016560785928060436,0.31420000000000003,0.9,0.0,0.0,1.0,0.0,0.0,0.0,0.0,0.0,0.0
1021,1,0.3013995514439389,0.016560785928060436,0.1362,0.3,0.0,0.0,1.0,0.0,0.0,0.0,0.0,0.0,0.0
1022,1,0.3538619722863374,0.016560785928060436,0.07780000000000001,0.6,0.0,0.0,1.0,0.0,0.0,0.0,0.0,0.0,0.0
1023,0,0.3048851800716736,0.016560785928060436,0.21960000000000002,-0.9,0.0,0.0,1.0,0.0,0.0,0.0,0.0,0.0,0.0
1024,0,0.3015011346401349,0.016560785928060436,0.1568,0.6,0.0,0.0,1.0,0.0,0.0,0.0,0.0,0.0,0.0
1025,1,0.3950336417045837,0.016560785928060436,0.0292,-1.6,0.0,0.0,1.0,0.0,0.0,0.0,0.0,0.0,0.0
1026,1,0.4493183767535247,0.016560785928060436,0.04,-0.9,0.0,0.0,1.0,0.0,0.0,0.0,0.0,0.0,0.0
1027,0,0.34758633909177555,0.016560785928060436,0.1528,1.5,0.0,0.0,1.0,0.0,0.0,0.0,0.0,0.0,0.0
1028,0,0.3137768014013181,0.016560785928060436,0.1186,-1.4,0.0,0.0,1.0,0.0,0.0,0.0,0.0,0.0,0.0
1029,0,0.3009530270467468,0.016560785928060436,0.256,-0.8,0.0,0.0,1.0,0.0,0.0,0.0,0.0,0.0,0.0
1030,1,0.3239797292940321,0.016560785928060436,0.0546,-0.6,0.0,0.0,1.0,0.0,0.0,0.0,0.0,0.0,0.0
1031,1,0.35498468743733863,0.016560785928060436,0.3104,-0.5,0.0,0.0,1.0,0.0,0.0,0.0,0.0,0.0,0.0
1032,1,0.3615796452008123,0.016560785928060436,0.7186,0.5,0.0,0.0,1.0,0.0,0.0,0.0,0.0,0.0,0.0
1033,1,0.48231304054406193,0.016560785928060436,0.27940000000000004,2.2,0.0,0.0,1.0,0.0,0.0,0.0,0.0,0.0,0.0
1034,0,0.47765699682972096,0.016560785928060436,0.18,-0.7,0.0,0.0,1.0,0.0,0.0,0.0,0.0,0.0,0.0
1035,1,0.4851935866553247,0.016560785928060436,0.13720000000000002,-1.1,0.0,0.0,1.0,0.0,0.0,0.0,0.0,0.0,0.0
1036,0,0.4497105762240554,0.016560785928060436,0.0654,0.6,0.0,0.0,1.0,0.0,0.0,0.0,0.0,0.0,0.0
1037,0,0.2959652921135223,0.016560785928060436,0.22899999999999998,0.1,0.0,0.0,1.0,0.0,0.0,0.0,0.0,0.0,0.0
1038,1,0.3575397256547037,0.016560785928060436,0.45380000000000004,-1.2,0.0,0.0,1.0,0.0,0.0,0.0,0.0,0.0,0.0
1039,1,0.42590654169283537,0.016560785928060436,0.1818,-1.2,0.0,0.0,1.0,0.0,0.0,0.0,0.0,0.0,0.0
1040,1,0.42735697306808634,0.016560785928060436,0.15,-0.8,0.0,0.0,1.0,0.0,0.0,0.0,0.0,0.0,0.0
1041,1,0.4450916324596295,0.016560785928060436,0.33899999999999997,1.2,0.0,0.0,1.0,0.0,0.0,0.0,0.0,0.0,0.0
1042,1,0.4730954696544493,0.016560785928060436,0.42840000000000006,-1.1,0.0,0.0,1.0,0.0,0.0,0.0,0.0,0.0,0.0
1043,1,0.01721349342845054,0.0006810592418229183,0.0336,0.6,0.0,0.0,0.0,0.0,0.0,1.0,0.0,0.0,0.0
1044,0,0.015600528939285933,0.0006810592418229183,0.3034,0.0,0.0,0.0,0.0,0.0,0.0,1.0,0.0,0.0,0.0
1045,0,0.013666473216927823,0.0006810592418229183,0.0946,0.1,0.0,0.0,0.0,0.0,0.0,1.0,0.0,0.0,0.0
1046,0,0.01340324023895901,0.0006810592418229183,0.2812,2.5,0.0,0.0,0.0,0.0,0.0,1.0,0.0,0.0,0.0
1047,0,0.013032240739808335,0.0006810592418229183,0.1328,-0.5,0.0,0.0,0.0,0.0,0.0,1.0,0.0,0.0,0.0
1048,1,0.013639089920561941,0.0006810592418229183,0.11359999999999999,-0.8,0.0,0.0,0.0,0.0,0.0,1.0,0.0,0.0,0.0
1049,1,0.014742371764464784,0.0006810592418229183,0.1782,-0.3,0.0,0.0,0.0,0.0,0.0,1.0,0.0,0.0,0.0
1050,1,0.015294454352486624,0.0006810592418229183,0.0236,1.6,0.0,0.0,0.0,0.0,0.0,1.0,0.0,0.0,0.0
1051,1,0.016685260808231243,0.0006810592418229183,0.2186,0.7,0.0,0.0,0.0,0.0,0.0,1.0,0.0,0.0,0.0
1052,1,0.019047732618894298,0.0006810592418229183,0.19,-1.7,0.0,0.0,0.0,0.0,0.0,1.0,0.0,0.0,0.0
1053,1,0.022124820131492823,0.0006810592418229183,0.3998,0.2,0.0,0.0,0.0,0.0,0.0,1.0,0.0,0.0,0.0
1054,0,0.02007813956117826,0.0006810592418229183,0.2332,0.6,0.0,0.0,0.0,0.0,0.0,1.0,0.0,0.0,0.0
1055,1,0.0242527672587642,0.0006810592418229183,0.2158,2.3,0.0,0.0,0.0,0.0,0.0,1.0,0.0,0.0,0.0
1056,0,0.02176000395732799,0.0006810592418229183,0.0286,0.5,0.0,0.0,0.0,0.0,0.0,1.0,0.0,0.0,0.0
1057,1,0.02209876183333819,0.0006810592418229183,0.15380000000000002,0.3,0.0,0.0,0.0,0.0,0.0,1.0,0.0,0.0,0.0
1058,1,0.02353152656577247,0.0006810592418229183,0.12619999999999998,1.3,0.0,0.0,0.0,0.0,0.0,1.0,0.0,0.0,0.0
1059,1,0.03636060091318877,0.0006810592418229183,0.1568,-0.9,0.0,0.0,0.0,0.0,0.0,1.0,0.0,0.0,0.0
1060,0,0.014982196440701472,0.0006810592418229183,0.0676,-0.2,0.0,0.0,0.0,0.0,0.0,1.0,0.0,0.0,0.0
1061,0,0.013727423134645434,0.0006810592418229183,0.4384,2.2,0.0,0.0,0.0,0.0,0.0,1.0,0.0,0.0,0.0
1062,1,0.015599203941074679,0.0006810592418229183,0.201,-1.5,0.0,0.0,0.0,0.0,0.0,1.0,0.0,0.0,0.0
1063,0,0.014335597313610293,0.0006810592418229183,0.1998,-1.7,0.0,0.0,0.0,0.0,0.0,1.0,0.0,0.0,0.0
1064,0,0.013081265673624673,0.0006810592418229183,0.133,-0.6,0.0,0.0,0.0,0.0,0.0,1.0,0.0,0.0,0.0
1065,1,0.01738795152626544,0.0006810592418229183,0.1782,-0.1,0.0,0.0,0.0,0.0,0.0,1.0,0.0,0.0,0.0
1066,1,0.02400455092718958,0.0006810592418229183,0.2336,0.9,0.0,0.0,0.0,0.0,0.0,1.0,0.0,0.0,0.0
1067,0,0.023428618371365197,0.0006810592418229183,0.1168,0.3,0.0,0.0,0.0,0.0,0.0,1.0,0.0,0.0,0.0
1068,0,0.010258136151516195,0.0006810592418229183,0.0492,0.6,0.0,0.0,0.0,0.0,0.0,1.0,0.0,0.0,0.0
1069,0,0.007926580965782363,0.0006810592418229183,0.20559999999999998,-0.9,0.0,0.0,0.0,0.0,0.0,1.0,0.0,0.0,0.0
1070,1,0.016548344326401825,0.0006810592418229183,0.4142,0.6,0.0,0.0,0.0,0.0,0.0,1.0,0.0,0.0,0.0
1071,1,0.016717944097442136,0.0006810592418229183,0.0894,-1.6,0.0,0.0,0.0,0.0,0.0,1.0,0.0,0.0,0.0
1072,1,0.019204965739962918,0.0006810592418229183,0.1226,-0.9,0.0,0.0,0.0,0.0,0.0,1.0,0.0,0.0,0.0
1073,1,0.019742031681590562,0.0006810592418229183,0.16519999999999999,1.5,0.0,0.0,0.0,0.0,0.0,1.0,0.0,0.0,0.0
1074,1,0.020623155492073417,0.0006810592418229183,0.2632,-1.4,0.0,0.0,0.0,0.0,0.0,1.0,0.0,0.0,0.0
1075,1,0.02354698487823708,0.0006810592418229183,0.3148,-0.8,0.0,0.0,0.0,0.0,0.0,1.0,0.0,0.0,0.0
1076,0,0.021034346603632084,0.0006810592418229183,0.3456,-0.6,0.0,0.0,0.0,0.0,0.0,1.0,0.0,0.0,0.0
1077,0,0.020092272875431617,0.0006810592418229183,0.1352,-0.5,0.0,0.0,0.0,0.0,0.0,1.0,0.0,0.0,0.0
1078,1,0.023793876211600447,0.0006810592418229183,0.327,0.5,0.0,0.0,0.0,0.0,0.0,1.0,0.0,0.0,0.0
1079,1,0.02976255148722216,0.0006810592418229183,0.41659999999999997,2.2,0.0,0.0,0.0,0.0,0.0,1.0,0.0,0.0,0.0
1080,1,0.03381792934579538,0.0006810592418229183,0.4192,-0.7,0.0,0.0,0.0,0.0,0.0,1.0,0.0,0.0,0.0
1081,0,0.031300432744415796,0.0006810592418229183,0.46740000000000004,-1.1,0.0,0.0,0.0,0.0,0.0,1.0,0.0,0.0,0.0
1082,0,0.026969455257902068,0.0006810592418229183,0.43560000000000004,0.6,0.0,0.0,0.0,0.0,0.0,1.0,0.0,0.0,0.0
1083,0,0.004844635126409246,0.0006810592418229183,0.5197999999999999,0.1,0.0,0.0,0.0,0.0,0.0,1.0,0.0,0.0,0.0
1084,0,0.0007980905892443712,0.0006810592418229183,0.2394,-1.2,0.0,0.0,0.0,0.0,0.0,1.0,0.0,0.0,0.0
1085,0,9.31915408580865e-05,0.0006810592418229183,0.1716,-1.2,0.0,0.0,0.0,0.0,0.0,1.0,0.0,0.0,0.0
1086,1,0.005699258972667053,0.0006810592418229183,0.36060000000000003,-0.8,0.0,0.0,0.0,0.0,0.0,1.0,0.0,0.0,0.0
1087,1,0.011410884595305796,0.0006810592418229183,0.5506,1.2,0.0,0.0,0.0,0.0,0.0,1.0,0.0,0.0,0.0
1088,1,0.012975265816724481,0.0006810592418229183,0.1476,-1.1,0.0,0.0,0.0,0.0,0.0,1.0,0.0,0.0,0.0
1089,1,0.0012856899309852598,0.0005729798288848589,0.06480000000000001,0.1,1.0,0.0,0.0,0.0,0.0,0.0,0.0,0.0,0.0
1090,1,0.0013567981683224727,0.0005729798288848589,0.065,2.5,1.0,0.0,0.0,0.0,0.0,0.0,0.0,0.0,0.0
1091,0,0.0013179315541257354,0.0005729798288848589,0.0318,-0.5,1.0,0.0,0.0,0.0,0.0,0.0,0.0,0.0,0.0
1092,1,0.0015268396054331993,0.0005729798288848589,0.1192,-0.8,1.0,0.0,0.0,0.0,0.0,0.0,0.0,0.0,0.0
1093,1,0.002386321778465599,0.0005729798288848589,0.0622,-0.3,1.0,0.0,0.0,0.0,0.0,0.0,0.0,0.0,0.0
1094,1,0.003230787305103805,0.0005729798288848589,0.053,1.6,1.0,0.0,0.0,0.0,0.0,0.0,0.0,0.0,0.0
1095,0,0.0026937213634761594,0.0005729798288848589,0.0602,0.7,1.0,0.0,0.0,0.0,0.0,0.0,0.0,0.0,0.0
1096,0,0.0016761227372343048,0.0005729798288848589,0.1298,-1.7,1.0,0.0,0.0,0.0,0.0,0.0,0.0,0.0,0.0
1097,1,0.001795372576247022,0.0005729798288848589,0.3194,0.2,1.0,0.0,0.0,0.0,0.0,0.0,0.0,0.0,0.0
1098,0,0.001755180963839032,0.0005729798288848589,0.2724,0.6,1.0,0.0,0.0,0.0,0.0,0.0,0.0,0.0,0.0
1099,0,0.0017176393478535472,0.0005729798288848589,0.1628,2.3,1.0,0.0,0.0,0.0,0.0,0.0,0.0,0.0,0.0
1100,0,0.0016995310389664308,0.0005729798288848589,0.021,0.5,1.0,0.0,0.0,0.0,0.0,0.0,0.0,0.0,0.0
1101,0,0.00163504779268548,0.0005729798288848589,0.1168,0.3,1.0,0.0,0.0,0.0,0.0,0.0,0.0,0.0,0.0
1102,1,0.002256030287692445,0.0005729798288848589,0.064,1.3,1.0,0.0,0.0,0.0,0.0,0.0,0.0,0.0,0.0
1103,0,0.0020581638881454175,0.0005729798288848589,0.31079999999999997,-0.9,1.0,0.0,0.0,0.0,0.0,0.0,0.0,0.0,0.0
1104,1,0.002244546969861591,0.0005729798288848589,0.059000000000000004,-0.2,1.0,0.0,0.0,0.0,0.0,0.0,0.0,0.0,0.0
1105,1,0.0023452468339167742,0.0005729798288848589,0.4708,2.2,1.0,0.0,0.0,0.0,0.0,0.0,0.0,0.0,0.0
1106,1,0.003629170100620364,0.0005729798288848589,0.365,-1.5,1.0,0.0,0.0,0.0,0.0,0.0,0.0,0.0,0.0
1107,0,0.002870387791643148,0.0005729798288848589,0.1158,-1.7,1.0,0.0,0.0,0.0,0.0,0.0,0.0,0.0,0.0
1108,1,0.004563293839553317,0.0005729798288848589,0.21960000000000002,-0.6,1.0,0.0,0.0,0.0,0.0,0.0,0.0,0.0,0.0
1109,0,0.0035059452669738895,0.0005729798288848589,0.155,-0.1,1.0,0.0,0.0,0.0,0.0,0.0,0.0,0.0,0.0
1110,0,0.003050145882303059,0.0005729798288848589,0.3132,0.9,1.0,0.0,0.0,0.0,0.0,0.0,0.0,0.0,0.0
1111,0,0.0030095126038246515,0.0005729798288848589,0.2168,0.3,1.0,0.0,0.0,0.0,0.0,0.0,0.0,0.0,0.0
1112,0,0.0012256233454084836,0.0005729798288848589,0.2868,0.6,1.0,0.0,0.0,0.0,0.0,0.0,0.0,0.0,0.0
1113,0,0.0006885574037808382,0.0005729798288848589,0.637,-0.9,1.0,0.0,0.0,0.0,0.0,0.0,0.0,0.0,0.0
1114,1,0.0008877488015391179,0.0005729798288848589,0.10679999999999999,0.6,1.0,0.0,0.0,0.0,0.0,0.0,0.0,0.0,0.0
1115,1,0.0013113065630694731,0.0005729798288848589,0.2352,-1.6,1.0,0.0,0.0,0.0,0.0,0.0,0.0,0.0,0.0
1116,1,0.0022114220145802803,0.0005729798288848589,0.1592,-0.9,1.0,0.0,0.0,0.0,0.0,0.0,0.0,0.0,0.0
1117,0,0.0014508730413213943,0.0005729798288848589,0.33880000000000005,1.5,1.0,0.0,0.0,0.0,0.0,0.0,0.0,0.0,0.0
1118,1,0.0017763809352190707,0.0005729798288848589,0.6314,-1.4,1.0,0.0,0.0,0.0,0.0,0.0,0.0,0.0,0.0
1119,1,0.0038283614983786437,0.0005729798288848589,0.47479999999999994,-0.8,1.0,0.0,0.0,0.0,0.0,0.0,0.0,0.0,0.0
1120,0,0.0029017460826427886,0.0005729798288848589,0.1646,-0.6,1.0,0.0,0.0,0.0,0.0,0.0,0.0,0.0,0.0
1121,1,0.003827919832308226,0.0005729798288848589,0.1074,-0.5,1.0,0.0,0.0,0.0,0.0,0.0,0.0,0.0,0.0
1122,1,0.004183902685064709,0.0005729798288848589,0.18,0.5,1.0,0.0,0.0,0.0,0.0,0.0,0.0,0.0,0.0
1123,0,0.003946286339180109,0.0005729798288848589,0.3778,2.2,1.0,0.0,0.0,0.0,0.0,0.0,0.0,0.0,0.0
1124,1,0.005029693209914167,0.0005729798288848589,0.299,-0.7,1.0,0.0,0.0,0.0,0.0,0.0,0.0,0.0,0.0
1125,0,0.004352177457893765,0.0005729798288848589,0.3496,-1.1,1.0,0.0,0.0,0.0,0.0,0.0,0.0,0.0,0.0
1126,0,0.0034410203546225214,0.0005729798288848589,0.3968,0.6,1.0,0.0,0.0,0.0,0.0,0.0,0.0,0.0,0.0
1127,0,0.001135081800972902,0.0005729798288848589,0.4376,0.1,1.0,0.0,0.0,0.0,0.0,0.0,0.0,0.0,0.0
1128,1,0.001899164102795128,0.0005729798288848589,0.547,-1.2,1.0,0.0,0.0,0.0,0.0,0.0,0.0,0.0,0.0
1129,1,0.006248691564266389,0.0005729798288848589,0.2064,-1.2,1.0,0.0,0.0,0.0,0.0,0.0,0.0,0.0,0.0
1130,0,0.005257592902249582,0.0005729798288848589,0.6038,-0.8,1.0,0.0,0.0,0.0,0.0,0.0,0.0,0.0,0.0
1131,1,0.00583794211877814,0.0005729798288848589,0.5454,1.2,1.0,0.0,0.0,0.0,0.0,0.0,0.0,0.0,0.0
1132,0,0.0031976623498224943,0.0005729798288848589,0.1524,-1.1,1.0,0.0,0.0,0.0,0.0,0.0,0.0,0.0,0.0
1133,1,0.005006284908182041,0.053607388817277446,0.0318,-0.5,1.0,0.0,0.0,0.0,0.0,0.0,0.0,0.0,0.0
1134,1,0.006015491879085963,0.053607388817277446,0.1192,-0.8,1.0,0.0,0.0,0.0,0.0,0.0,0.0,0.0,0.0
1135,1,0.006239858242858038,0.053607388817277446,0.0622,-0.3,1.0,0.0,0.0,0.0,0.0,0.0,0.0,0.0,0.0
1136,1,0.007169123655016399,0.053607388817277446,0.053,1.6,1.0,0.0,0.0,0.0,0.0,0.0,0.0,0.0,0.0
1137,0,0.005300876177150494,0.053607388817277446,0.0602,0.7,1.0,0.0,0.0,0.0,0.0,0.0,0.0,0.0,0.0
1138,1,0.006804307480851568,0.053607388817277446,0.1298,-1.7,1.0,0.0,0.0,0.0,0.0,0.0,0.0,0.0,0.0
1139,1,0.007646123011067268,0.053607388817277446,0.3194,0.2,1.0,0.0,0.0,0.0,0.0,0.0,0.0,0.0,0.0
1140,0,0.0059739752684667205,0.053607388817277446,0.2724,0.6,1.0,0.0,0.0,0.0,0.0,0.0,0.0,0.0,0.0
1141,1,0.009119521021979953,0.053607388817277446,0.1628,2.3,1.0,0.0,0.0,0.0,0.0,0.0,0.0,0.0,0.0
1142,0,0.008632363346309482,0.053607388817277446,0.021,0.5,1.0,0.0,0.0,0.0,0.0,0.0,0.0,0.0,0.0
1143,0,0.006484099579798901,0.053607388817277446,0.1168,0.3,1.0,0.0,0.0,0.0,0.0,0.0,0.0,0.0,0.0
1144,1,0.007672622975292317,0.053607388817277446,0.064,1.3,1.0,0.0,0.0,0.0,0.0,0.0,0.0,0.0,0.0
1145,1,0.008492355201987144,0.053607388817277446,0.31079999999999997,-0.9,1.0,0.0,0.0,0.0,0.0,0.0,0.0,0.0,0.0
1146,1,0.009127471011247468,0.053607388817277446,0.059000000000000004,-0.2,1.0,0.0,0.0,0.0,0.0,0.0,0.0,0.0,0.0
1147,1,0.012239008477338555,0.053607388817277446,0.4708,2.2,1.0,0.0,0.0,0.0,0.0,0.0,0.0,0.0,0.0
1148,0,0.010846435357312268,0.053607388817277446,0.365,-1.5,1.0,0.0,0.0,0.0,0.0,0.0,0.0,0.0,0.0
1149,1,0.013211557164397827,0.053607388817277446,0.1158,-1.7,1.0,0.0,0.0,0.0,0.0,0.0,0.0,0.0,0.0
1150,1,0.014924338185476784,0.053607388817277446,0.21960000000000002,-0.6,1.0,0.0,0.0,0.0,0.0,0.0,0.0,0.0,0.0
1151,0,0.014510497077495611,0.053607388817277446,0.155,-0.1,1.0,0.0,0.0,0.0,0.0,0.0,0.0,0.0,0.0
1152,1,0.01540354587187974,0.053607388817277446,0.3132,0.9,1.0,0.0,0.0,0.0,0.0,0.0,0.0,0.0,0.0
1153,0,0.013257932101791662,0.053607388817277446,0.2168,0.3,1.0,0.0,0.0,0.0,0.0,0.0,0.0,0.0,0.0
1154,0,0.012891349263345162,0.053607388817277446,0.2868,0.6,1.0,0.0,0.0,0.0,0.0,0.0,0.0,0.0,0.0
1155,0,0.011322551381222302,0.053607388817277446,0.637,-0.9,1.0,0.0,0.0,0.0,0.0,0.0,0.0,0.0,0.0
1156,1,0.014387713909919555,0.053607388817277446,0.10679999999999999,0.6,1.0,0.0,0.0,0.0,0.0,0.0,0.0,0.0,0.0
1157,0,0.013525140074394234,0.053607388817277446,0.2352,-1.6,1.0,0.0,0.0,0.0,0.0,0.0,0.0,0.0,0.0
1158,1,0.013892164578911152,0.053607388817277446,0.1592,-0.9,1.0,0.0,0.0,0.0,0.0,0.0,0.0,0.0,0.0
1159,1,0.01438153058493371,0.053607388817277446,0.33880000000000005,1.5,1.0,0.0,0.0,0.0,0.0,0.0,0.0,0.0,0.0
1160,0,0.01326720708927043,0.053607388817277446,0.6314,-1.4,1.0,0.0,0.0,0.0,0.0,0.0,0.0,0.0,0.0
1161,1,0.015144287888544683,0.053607388817277446,0.47479999999999994,-0.8,1.0,0.0,0.0,0.0,0.0,0.0,0.0,0.0,0.0
1162,1,0.015180946172389334,0.053607388817277446,0.1646,-0.6,1.0,0.0,0.0,0.0,0.0,0.0,0.0,0.0,0.0
1163,0,0.015156654538516372,0.053607388817277446,0.1074,-0.5,1.0,0.0,0.0,0.0,0.0,0.0,0.0,0.0,0.0
1164,1,0.015320070984570838,0.053607388817277446,0.18,0.5,1.0,0.0,0.0,0.0,0.0,0.0,0.0,0.0,0.0
1165,1,0.016715735767090047,0.053607388817277446,0.3778,2.2,1.0,0.0,0.0,0.0,0.0,0.0,0.0,0.0,0.0
1166,1,0.01739148485482878,0.053607388817277446,0.299,-0.7,1.0,0.0,0.0,0.0,0.0,0.0,0.0,0.0,0.0
1167,1,0.01840775848285938,0.053607388817277446,0.3496,-1.1,1.0,0.0,0.0,0.0,0.0,0.0,0.0,0.0,0.0
1168,0,0.015086871299390412,0.053607388817277446,0.3968,0.6,1.0,0.0,0.0,0.0,0.0,0.0,0.0,0.0,0.0
1169,0,0.008595705062464832,0.053607388817277446,0.4376,0.1,1.0,0.0,0.0,0.0,0.0,0.0,0.0,0.0,0.0
1170,0,0.00731045679754999,0.053607388817277446,0.547,-1.2,1.0,0.0,0.0,0.0,0.0,0.0,0.0,0.0,0.0
1171,0,0.007241115224494447,0.053607388817277446,0.2064,-1.2,1.0,0.0,0.0,0.0,0.0,0.0,0.0,0.0,0.0
1172,1,0.008505605184099669,0.053607388817277446,0.6038,-0.8,1.0,0.0,0.0,0.0,0.0,0.0,0.0,0.0,0.0
1173,1,0.008597030060676084,0.053607388817277446,0.5454,1.2,1.0,0.0,0.0,0.0,0.0,0.0,0.0,0.0,0.0
1174,0,0.007985322553147886,0.053607388817277446,0.1524,-1.1,1.0,0.0,0.0,0.0,0.0,0.0,0.0,0.0,0.0
1175,0,0.008589963403549405,0.12861688550098782,0.09300000000000001,0.6,0.0,1.0,0.0,0.0,0.0,0.0,0.0,0.0,0.0
1176,1,0.010405210952965213,0.12861688550098782,0.29960000000000003,0.0,0.0,1.0,0.0,0.0,0.0,0.0,0.0,0.0,0.0
1177,1,0.012273900096901536,0.12861688550098782,0.247,0.1,0.0,1.0,0.0,0.0,0.0,0.0,0.0,0.0,0.0
1178,1,0.015145612886755937,0.12861688550098782,0.12480000000000001,2.5,0.0,1.0,0.0,0.0,0.0,0.0,0.0,0.0,0.0
1179,0,0.01049663582954163,0.12861688550098782,0.14279999999999998,-0.5,0.0,1.0,0.0,0.0,0.0,0.0,0.0,0.0,0.0
1180,0,0.010231636187291147,0.12861688550098782,0.17980000000000002,-0.8,0.0,1.0,0.0,0.0,0.0,0.0,0.0,0.0,0.0
1181,1,0.01193779221731384,0.12861688550098782,0.1324,-0.3,0.0,1.0,0.0,0.0,0.0,0.0,0.0,0.0,0.0
1182,0,0.011221409851096702,0.12861688550098782,0.34979999999999994,1.6,0.0,1.0,0.0,0.0,0.0,0.0,0.0,0.0,0.0
1183,0,0.010107969687574256,0.12861688550098782,0.3432,0.7,0.0,1.0,0.0,0.0,0.0,0.0,0.0,0.0,0.0
1184,1,0.010341611038825098,0.12861688550098782,0.1446,-1.7,0.0,1.0,0.0,0.0,0.0,0.0,0.0,0.0,0.0
1185,1,0.011815892381878617,0.12861688550098782,0.187,0.2,0.0,1.0,0.0,0.0,0.0,0.0,0.0,0.0,0.0
1186,1,0.011892742278131257,0.12861688550098782,0.1018,0.6,0.0,1.0,0.0,0.0,0.0,0.0,0.0,0.0,0.0
1187,1,0.012301725059337836,0.12861688550098782,0.0674,2.3,0.0,1.0,0.0,0.0,0.0,0.0,0.0,0.0,0.0
1188,0,0.011919242242356307,0.12861688550098782,0.36219999999999997,0.5,0.0,1.0,0.0,0.0,0.0,0.0,0.0,0.0,0.0
1189,0,0.01150805113079764,0.12861688550098782,0.11699999999999999,0.3,0.0,1.0,0.0,0.0,0.0,0.0,0.0,0.0,0.0
1190,1,0.012982774139921579,0.12861688550098782,0.193,1.3,0.0,1.0,0.0,0.0,0.0,0.0,0.0,0.0,0.0
1191,0,0.012885607604429734,0.12861688550098782,0.3454,-0.9,0.0,1.0,0.0,0.0,0.0,0.0,0.0,0.0,0.0
1192,0,0.012569816364081242,0.12861688550098782,0.11939999999999999,-0.2,0.0,1.0,0.0,0.0,0.0,0.0,0.0,0.0,0.0
1193,0,0.011206834870772925,0.12861688550098782,0.3398,2.2,0.0,1.0,0.0,0.0,0.0,0.0,0.0,0.0,0.0
1194,0,0.010380035986951417,0.12861688550098782,0.316,-1.5,0.0,1.0,0.0,0.0,0.0,0.0,0.0,0.0,0.0
1195,0,0.009214920893190127,0.12861688550098782,0.08439999999999999,-1.7,0.0,1.0,0.0,0.0,0.0,0.0,0.0,0.0,0.0
1196,0,0.008916354629587916,0.12861688550098782,0.24420000000000003,-0.6,0.0,1.0,0.0,0.0,0.0,0.0,0.0,0.0,0.0
1197,1,0.008953896245573401,0.12861688550098782,0.128,-0.1,0.0,1.0,0.0,0.0,0.0,0.0,0.0,0.0,0.0
1198,0,0.008180097290201992,0.12861688550098782,0.1298,0.9,0.0,1.0,0.0,0.0,0.0,0.0,0.0,0.0,0.0
1199,1,0.009009546170446003,0.12861688550098782,0.1152,0.3,0.0,1.0,0.0,0.0,0.0,0.0,0.0,0.0,0.0
1200,0,0.007752564534037879,0.12861688550098782,0.195,0.6,0.0,1.0,0.0,0.0,0.0,0.0,0.0,0.0,0.0
1201,1,0.008742779863913851,0.12861688550098782,0.36939999999999995,-0.9,0.0,1.0,0.0,0.0,0.0,0.0,0.0,0.0,0.0
1202,0,0.007726506235883248,0.12861688550098782,0.3518,0.6,0.0,1.0,0.0,0.0,0.0,0.0,0.0,0.0,0.0
1203,0,0.007346231749253805,0.12861688550098782,0.109,-1.6,0.0,1.0,0.0,0.0,0.0,0.0,0.0,0.0,0.0
1204,1,0.008877046349320761,0.12861688550098782,0.1474,-0.9,0.0,1.0,0.0,0.0,0.0,0.0,0.0,0.0,0.0
1205,1,0.009749778504465685,0.12861688550098782,0.2696,1.5,0.0,1.0,0.0,0.0,0.0,0.0,0.0,0.0,0.0
1206,0,0.00896272956698175,0.12861688550098782,0.1832,-1.4,0.0,1.0,0.0,0.0,0.0,0.0,0.0,0.0,0.0
1207,0,0.007550281473786677,0.12861688550098782,0.49,-0.8,0.0,1.0,0.0,0.0,0.0,0.0,0.0,0.0,0.0
1208,1,0.008324522095228505,0.12861688550098782,0.1804,-0.6,0.0,1.0,0.0,0.0,0.0,0.0,0.0,0.0,0.0
1209,1,0.009082862738135303,0.12861688550098782,0.12960000000000002,-0.5,0.0,1.0,0.0,0.0,0.0,0.0,0.0,0.0,0.0
1210,1,0.009778045132972403,0.12861688550098782,0.41600000000000004,0.5,0.0,1.0,0.0,0.0,0.0,0.0,0.0,0.0,0.0
1211,1,0.010236052847995322,0.12861688550098782,0.445,2.2,0.0,1.0,0.0,0.0,0.0,0.0,0.0,0.0,0.0
1212,1,0.010631785647089376,0.12861688550098782,0.1528,-0.7,0.0,1.0,0.0,0.0,0.0,0.0,0.0,0.0,0.0
1213,1,0.011781884094456473,0.12861688550098782,0.1646,-1.1,0.0,1.0,0.0,0.0,0.0,0.0,0.0,0.0,0.0
1214,0,0.011060643401464742,0.12861688550098782,0.4546,0.6,0.0,1.0,0.0,0.0,0.0,0.0,0.0,0.0,0.0
1215,0,0.006769857527359004,0.12861688550098782,0.1184,0.1,0.0,1.0,0.0,0.0,0.0,0.0,0.0,0.0,0.0
1216,1,0.010810218739538035,0.12861688550098782,0.3624,-1.2,0.0,1.0,0.0,0.0,0.0,0.0,0.0,0.0,0.0
1217,0,0.010755010480735851,0.12861688550098782,0.16899999999999998,-1.2,0.0,1.0,0.0,0.0,0.0,0.0,0.0,0.0,0.0
1218,1,0.01202170877069316,0.12861688550098782,0.2036,-0.8,0.0,1.0,0.0,0.0,0.0,0.0,0.0,0.0,0.0
1219,1,0.012136541949001703,0.12861688550098782,0.4428,1.2,0.0,1.0,0.0,0.0,0.0,0.0,0.0,0.0,0.0
1220,0,0.010387985976218933,0.12861688550098782,0.3396,-1.1,0.0,1.0,0.0,0.0,0.0,0.0,0.0,0.0,0.0
1221,1,0.026809130474340526,0.004930328513733238,0.0336,0.6,0.0,0.0,0.0,0.0,0.0,1.0,0.0,0.0,0.0
1222,0,0.021963612015790446,0.004930328513733238,0.3034,0.0,0.0,0.0,0.0,0.0,0.0,1.0,0.0,0.0,0.0
1223,1,0.03538231056721407,0.004930328513733238,0.0946,0.1,0.0,0.0,0.0,0.0,0.0,1.0,0.0,0.0,0.0
1224,1,0.03668655047315686,0.004930328513733238,0.2812,2.5,0.0,0.0,0.0,0.0,0.0,1.0,0.0,0.0,0.0
1225,0,0.036544333998482434,0.004930328513733238,0.1328,-0.5,0.0,0.0,0.0,0.0,0.0,1.0,0.0,0.0,0.0
1226,0,0.030903374947110488,0.004930328513733238,0.11359999999999999,-0.8,0.0,0.0,0.0,0.0,0.0,1.0,0.0,0.0,0.0
1227,0,0.019927089765095485,0.004930328513733238,0.1782,-0.3,0.0,0.0,0.0,0.0,0.0,1.0,0.0,0.0,0.0
1228,0,0.011890092281708753,0.004930328513733238,0.0236,1.6,0.0,0.0,0.0,0.0,0.0,1.0,0.0,0.0,0.0
1229,0,0.011233334834997973,0.004930328513733238,0.2186,0.7,0.0,0.0,0.0,0.0,0.0,1.0,0.0,0.0,0.0
1230,1,0.0138908395806999,0.004930328513733238,0.19,-1.7,0.0,0.0,0.0,0.0,0.0,1.0,0.0,0.0,0.0
1231,0,0.012874124286598879,0.004930328513733238,0.3998,0.2,0.0,0.0,0.0,0.0,0.0,1.0,0.0,0.0,0.0
1232,1,0.013294590385636313,0.004930328513733238,0.2332,0.6,0.0,0.0,0.0,0.0,0.0,1.0,0.0,0.0,0.0
1233,0,0.010938301899959101,0.004930328513733238,0.2158,2.3,0.0,0.0,0.0,0.0,0.0,1.0,0.0,0.0,0.0
1234,1,0.013509681761929621,0.004930328513733238,0.0286,0.5,0.0,0.0,0.0,0.0,0.0,1.0,0.0,0.0,0.0
1235,0,0.013011040768428296,0.004930328513733238,0.15380000000000002,0.3,0.0,0.0,0.0,0.0,0.0,1.0,0.0,0.0,0.0
1236,1,0.013590506652816019,0.004930328513733238,0.12619999999999998,1.3,0.0,0.0,0.0,0.0,0.0,1.0,0.0,0.0,0.0
1237,0,0.013346265315875157,0.004930328513733238,0.1568,-0.9,0.0,0.0,0.0,0.0,0.0,1.0,0.0,0.0,0.0
1238,1,0.013353331973001837,0.004930328513733238,0.0676,-0.2,0.0,0.0,0.0,0.0,0.0,1.0,0.0,0.0,0.0
1239,0,0.01276061610650159,0.004930328513733238,0.4384,2.2,0.0,0.0,0.0,0.0,0.0,1.0,0.0,0.0,0.0
1240,0,0.009058129438191925,0.004930328513733238,0.201,-1.5,0.0,0.0,0.0,0.0,0.0,1.0,0.0,0.0,0.0
1241,1,0.010335427713839253,0.004930328513733238,0.1998,-1.7,0.0,0.0,0.0,0.0,0.0,1.0,0.0,0.0,0.0
1242,1,0.010642385632779396,0.004930328513733238,0.133,-0.6,0.0,0.0,0.0,0.0,0.0,1.0,0.0,0.0,0.0
1243,1,0.012466466503603554,0.004930328513733238,0.1782,-0.1,0.0,0.0,0.0,0.0,0.0,1.0,0.0,0.0,0.0
1244,0,0.012157300254311323,0.004930328513733238,0.2336,0.9,0.0,0.0,0.0,0.0,0.0,1.0,0.0,0.0,0.0
1245,1,0.012447033196505185,0.004930328513733238,0.1168,0.3,0.0,0.0,0.0,0.0,0.0,1.0,0.0,0.0,0.0
1246,0,0.01077974378067923,0.004930328513733238,0.0492,0.6,0.0,0.0,0.0,0.0,0.0,1.0,0.0,0.0,0.0
1247,1,0.012939490865020666,0.004930328513733238,0.20559999999999998,-0.9,0.0,0.0,0.0,0.0,0.0,1.0,0.0,0.0,0.0
1248,1,0.01327736540889003,0.004930328513733238,0.4142,0.6,0.0,0.0,0.0,0.0,0.0,1.0,0.0,0.0,0.0
1249,1,0.015573145642920049,0.004930328513733238,0.0894,-1.6,0.0,0.0,0.0,0.0,0.0,1.0,0.0,0.0,0.0
1250,1,0.017372493213800827,0.004930328513733238,0.1226,-0.9,0.0,0.0,0.0,0.0,0.0,1.0,0.0,0.0,0.0
1251,0,0.014200889162132965,0.004930328513733238,0.16519999999999999,1.5,0.0,0.0,0.0,0.0,0.0,1.0,0.0,0.0,0.0
1252,1,0.014206189154977974,0.004930328513733238,0.2632,-1.4,0.0,0.0,0.0,0.0,0.0,1.0,0.0,0.0,0.0
1253,1,0.016575285956697293,0.004930328513733238,0.3148,-0.8,0.0,0.0,0.0,0.0,0.0,1.0,0.0,0.0,0.0
1254,0,0.014249030763808469,0.004930328513733238,0.3456,-0.6,0.0,0.0,0.0,0.0,0.0,1.0,0.0,0.0,0.0
1255,1,0.014353263956426993,0.004930328513733238,0.1352,-0.5,0.0,0.0,0.0,0.0,0.0,1.0,0.0,0.0,0.0
1256,1,0.015319187652430002,0.004930328513733238,0.327,0.5,0.0,0.0,0.0,0.0,0.0,1.0,0.0,0.0,0.0
1257,1,0.015432695832527293,0.004930328513733238,0.41659999999999997,2.2,0.0,0.0,0.0,0.0,0.0,1.0,0.0,0.0,0.0
1258,0,0.014277739058385605,0.004930328513733238,0.4192,-0.7,0.0,0.0,0.0,0.0,0.0,1.0,0.0,0.0,0.0
1259,0,0.013079940675413421,0.004930328513733238,0.46740000000000004,-1.1,0.0,0.0,0.0,0.0,0.0,1.0,0.0,0.0,0.0
1260,0,0.012469999832166893,0.004930328513733238,0.43560000000000004,0.6,0.0,0.0,0.0,0.0,0.0,1.0,0.0,0.0,0.0
1261,0,0.003854861462603692,0.004930328513733238,0.5197999999999999,0.1,0.0,0.0,0.0,0.0,0.0,1.0,0.0,0.0,0.0
1262,1,0.003949378001673031,0.004930328513733238,0.2394,-1.2,0.0,0.0,0.0,0.0,0.0,1.0,0.0,0.0,0.0
1263,1,0.0055234758766408995,0.004930328513733238,0.1716,-1.2,0.0,0.0,0.0,0.0,0.0,1.0,0.0,0.0,0.0
1264,1,0.006453624620940095,0.004930328513733238,0.36060000000000003,-0.8,0.0,0.0,0.0,0.0,0.0,1.0,0.0,0.0,0.0
1265,0,0.005414826023318202,0.004930328513733238,0.5506,1.2,0.0,0.0,0.0,0.0,0.0,1.0,0.0,0.0,0.0
1266,1,0.021269754619164596,0.004930328513733238,0.1476,-1.1,0.0,0.0,0.0,0.0,0.0,1.0,0.0,0.0,0.0
1267,1,0.05065291495189815,0.0010863570403406408,0.2024,-0.8,0.0,0.0,0.0,1.0,0.0,0.0,0.0,0.0,0.0
1268,0,0.050394981966774346,0.0010863570403406408,0.12480000000000001,-0.3,0.0,0.0,0.0,1.0,0.0,0.0,0.0,0.0,0.0
1269,0,0.0449108143704006,0.0010863570403406408,0.1366,1.6,0.0,0.0,0.0,1.0,0.0,0.0,0.0,0.0,0.0
1270,1,0.05551742505147618,0.0010863570403406408,0.25,0.7,0.0,0.0,0.0,1.0,0.0,0.0,0.0,0.0,0.0
1271,0,0.05104246442600636,0.0010863570403406408,0.2836,-1.7,0.0,0.0,0.0,1.0,0.0,0.0,0.0,0.0,0.0
1272,1,0.053025103416110386,0.0010863570403406408,0.265,0.2,0.0,0.0,0.0,1.0,0.0,0.0,0.0,0.0,0.0
1273,0,0.050897597954909425,0.0010863570403406408,0.2122,0.6,0.0,0.0,0.0,1.0,0.0,0.0,0.0,0.0,0.0
1274,1,0.051049972749203455,0.0010863570403406408,0.09519999999999999,2.3,0.0,0.0,0.0,1.0,0.0,0.0,0.0,0.0,0.0
1275,0,0.030612317006705376,0.0010863570403406408,0.32299999999999995,0.5,0.0,0.0,0.0,1.0,0.0,0.0,0.0,0.0,0.0
1276,0,0.02776047919001976,0.0010863570403406408,0.1642,0.3,0.0,0.0,0.0,1.0,0.0,0.0,0.0,0.0,0.0
1277,1,0.02950947682887295,0.0010863570403406408,0.0922,1.3,0.0,0.0,0.0,1.0,0.0,0.0,0.0,0.0,0.0
1278,0,0.028912785967738944,0.0010863570403406408,0.34119999999999995,-0.9,0.0,0.0,0.0,1.0,0.0,0.0,0.0,0.0,0.0
1279,0,0.02740052134262952,0.0010863570403406408,0.11720000000000001,-0.2,0.0,0.0,0.0,1.0,0.0,0.0,0.0,0.0,0.0
1280,0,0.023758101259896632,0.0010863570403406408,0.43439999999999995,2.2,0.0,0.0,0.0,1.0,0.0,0.0,0.0,0.0,0.0
1281,0,0.021574062541682235,0.0010863570403406408,0.2662,-1.5,0.0,0.0,0.0,1.0,0.0,0.0,0.0,0.0,0.0
1282,0,0.01951369032318473,0.0010863570403406408,0.1582,-1.7,0.0,0.0,0.0,1.0,0.0,0.0,0.0,0.0,0.0
1283,1,0.019924439768672978,0.0010863570403406408,0.059000000000000004,-0.6,0.0,0.0,0.0,1.0,0.0,0.0,0.0,0.0,0.0
1284,0,0.019641773483605796,0.0010863570403406408,0.1402,-0.1,0.0,0.0,0.0,1.0,0.0,0.0,0.0,0.0,0.0
1285,0,0.01844265010242236,0.0010863570403406408,0.2112,0.9,0.0,0.0,0.0,1.0,0.0,0.0,0.0,0.0,0.0
1286,0,0.01632088630013683,0.0010863570403406408,0.20440000000000003,0.3,0.0,0.0,0.0,1.0,0.0,0.0,0.0,0.0,0.0
1287,1,0.01676917736161056,0.0010863570403406408,0.069,0.6,0.0,0.0,0.0,1.0,0.0,0.0,0.0,0.0,0.0
1288,0,0.015228204441924003,0.0010863570403406408,0.19079999999999997,-0.9,0.0,0.0,0.0,1.0,0.0,0.0,0.0,0.0,0.0
1289,0,0.013732281461420028,0.0010863570403406408,0.2758,0.6,0.0,0.0,0.0,1.0,0.0,0.0,0.0,0.0,0.0
1290,0,0.013624514940238164,0.0010863570403406408,0.2932,-1.6,0.0,0.0,0.0,1.0,0.0,0.0,0.0,0.0,0.0
1291,0,0.012536249742729514,0.0010863570403406408,0.2588,-0.9,0.0,0.0,0.0,1.0,0.0,0.0,0.0,0.0,0.0
1292,0,0.01222090016845144,0.0010863570403406408,0.1906,1.5,0.0,0.0,0.0,1.0,0.0,0.0,0.0,0.0,0.0
1293,1,0.012774749420754948,0.0010863570403406408,0.2554,-1.4,0.0,0.0,0.0,1.0,0.0,0.0,0.0,0.0,0.0
1294,1,0.01383121466119354,0.0010863570403406408,0.48,-0.8,0.0,0.0,0.0,1.0,0.0,0.0,0.0,0.0,0.0
1295,0,0.012798157722487075,0.0010863570403406408,0.192,-0.6,0.0,0.0,0.0,1.0,0.0,0.0,0.0,0.0,0.0
1296,1,0.012969082491738636,0.0010863570403406408,0.303,-0.5,0.0,0.0,0.0,1.0,0.0,0.0,0.0,0.0,0.0
1297,1,0.014497688761453506,0.0010863570403406408,0.29100000000000004,0.5,0.0,0.0,0.0,1.0,0.0,0.0,0.0,0.0,0.0
1298,1,0.015288712693571196,0.0010863570403406408,0.385,2.2,0.0,0.0,0.0,1.0,0.0,0.0,0.0,0.0,0.0
1299,1,0.02006709790941782,0.0010863570403406408,0.40700000000000003,-0.7,0.0,0.0,0.0,1.0,0.0,0.0,0.0,0.0,0.0
1300,0,0.01452109706318563,0.0010863570403406408,0.34740000000000004,-1.1,0.0,0.0,0.0,1.0,0.0,0.0,0.0,0.0,0.0
1301,0,0.013579465001055582,0.0010863570403406408,0.41600000000000004,0.6,0.0,0.0,0.0,1.0,0.0,0.0,0.0,0.0,0.0
1302,0,0.004171977701163437,0.0010863570403406408,0.35340000000000005,0.1,0.0,0.0,0.0,1.0,0.0,0.0,0.0,0.0,0.0
1303,1,0.005365359423431445,0.0010863570403406408,0.33840000000000003,-1.2,0.0,0.0,0.0,1.0,0.0,0.0,0.0,0.0,0.0
1304,1,0.009483012197933533,0.0010863570403406408,0.061399999999999996,-1.2,0.0,0.0,0.0,1.0,0.0,0.0,0.0,0.0,0.0
1305,1,0.011627742635880775,0.0010863570403406408,0.38880000000000003,-0.8,0.0,0.0,0.0,1.0,0.0,0.0,0.0,0.0,0.0
1306,0,0.010645035629201901,0.0010863570403406408,0.4374,1.2,0.0,0.0,0.0,1.0,0.0,0.0,0.0,0.0,0.0
1307,0,0.008522388494775532,0.0010863570403406408,0.1974,-1.1,0.0,0.0,0.0,1.0,0.0,0.0,0.0,0.0,0.0
1308,1,0.09394325650993704,0.014845025247668744,0.1334,0.6,0.0,0.0,0.0,0.0,0.0,0.0,0.0,1.0,0.0
1309,1,0.11346843015095263,0.014845025247668744,0.12119999999999999,0.0,0.0,0.0,0.0,0.0,0.0,0.0,0.0,1.0,0.0
1310,0,0.11233069835355722,0.014845025247668744,0.155,0.1,0.0,0.0,0.0,0.0,0.0,0.0,0.0,1.0,0.0
1311,0,0.10713140537260275,0.014845025247668744,0.1604,2.5,0.0,0.0,0.0,0.0,0.0,0.0,0.0,1.0,0.0
1312,0,0.10000600665855768,0.014845025247668744,0.11699999999999999,-0.5,0.0,0.0,0.0,0.0,0.0,0.0,0.0,1.0,0.0
1313,0,0.09179808440591938,0.014845025247668744,0.18960000000000002,-0.8,0.0,0.0,0.0,0.0,0.0,0.0,0.0,1.0,0.0
1314,1,0.0989066998092886,0.014845025247668744,0.1784,-0.3,0.0,0.0,0.0,0.0,0.0,0.0,0.0,1.0,0.0
1315,0,0.09657646962176601,0.014845025247668744,0.4286,1.6,0.0,0.0,0.0,0.0,0.0,0.0,0.0,1.0,0.0
1316,1,0.13701364836490804,0.014845025247668744,0.19039999999999999,0.7,0.0,0.0,0.0,0.0,0.0,0.0,0.0,1.0,0.0
1317,0,0.13242517955934094,0.014845025247668744,0.20679999999999998,-1.7,0.0,0.0,0.0,0.0,0.0,0.0,0.0,1.0,0.0
1318,1,0.13617050783648108,0.014845025247668744,0.1452,0.2,0.0,0.0,0.0,0.0,0.0,0.0,0.0,1.0,0.0
1319,0,0.1316761139039129,0.014845025247668744,0.12480000000000001,0.6,0.0,0.0,0.0,0.0,0.0,0.0,0.0,1.0,0.0
1320,1,0.13498065944277643,0.014845025247668744,0.045,2.3,0.0,0.0,0.0,0.0,0.0,0.0,0.0,1.0,0.0
1321,0,0.09860990020996804,0.014845025247668744,0.3618,0.5,0.0,0.0,0.0,0.0,0.0,0.0,0.0,1.0,0.0
1322,1,0.11034275937060818,0.014845025247668744,0.1348,0.3,0.0,0.0,0.0,0.0,0.0,0.0,0.0,1.0,0.0
1323,0,0.10686508073214102,0.014845025247668744,0.051399999999999994,1.3,0.0,0.0,0.0,0.0,0.0,0.0,0.0,1.0,0.0
1324,0,0.10677586418591668,0.014845025247668744,0.3508,-0.9,0.0,0.0,0.0,0.0,0.0,0.0,0.0,1.0,0.0
1325,0,0.0930749410154963,0.014845025247668744,0.07339999999999999,-0.2,0.0,0.0,0.0,0.0,0.0,0.0,0.0,1.0,0.0
1326,1,0.10243649504406502,0.014845025247668744,0.5064,2.2,0.0,0.0,0.0,0.0,0.0,0.0,0.0,1.0,0.0
1327,0,0.08804613113772296,0.014845025247668744,0.35259999999999997,-1.5,0.0,0.0,0.0,0.0,0.0,0.0,0.0,1.0,0.0
1328,0,0.08515984336754479,0.014845025247668744,0.12960000000000002,-1.7,0.0,0.0,0.0,0.0,0.0,0.0,0.0,1.0,0.0
1329,0,0.08110755717146448,0.014845025247668744,0.1882,-0.6,0.0,0.0,0.0,0.0,0.0,0.0,0.0,1.0,0.0
1330,1,0.08471685229891607,0.014845025247668744,0.099,-0.1,0.0,0.0,0.0,0.0,0.0,0.0,0.0,1.0,0.0
1331,0,0.08098565733602926,0.014845025247668744,0.051399999999999994,0.9,0.0,0.0,0.0,0.0,0.0,0.0,0.0,1.0,0.0
1332,0,0.08062393282435736,0.014845025247668744,0.10039999999999999,0.3,0.0,0.0,0.0,0.0,0.0,0.0,0.0,1.0,0.0
1333,0,0.06722775924252503,0.014845025247668744,0.1494,0.6,0.0,0.0,0.0,0.0,0.0,0.0,0.0,1.0,0.0
1334,0,0.05961608618495032,0.014845025247668744,0.4224,-0.9,0.0,0.0,0.0,0.0,0.0,0.0,0.0,1.0,0.0
1335,0,0.052248212798246055,0.014845025247668744,0.1396,0.6,0.0,0.0,0.0,0.0,0.0,0.0,0.0,1.0,0.0
1336,1,0.06300631494147482,0.014845025247668744,0.2638,-1.6,0.0,0.0,0.0,0.0,0.0,0.0,0.0,1.0,0.0
1337,1,0.07194121954602029,0.014845025247668744,0.1884,-0.9,0.0,0.0,0.0,0.0,0.0,0.0,0.0,1.0,0.0
1338,0,0.06294271502733471,0.014845025247668744,0.4482,1.5,0.0,0.0,0.0,0.0,0.0,0.0,0.0,1.0,0.0
1339,0,0.059293228287475144,0.014845025247668744,0.08439999999999999,-1.4,0.0,0.0,0.0,0.0,0.0,0.0,0.0,1.0,0.0
1340,0,0.056891889862615355,0.014845025247668744,0.5226,-0.8,0.0,0.0,0.0,0.0,0.0,0.0,0.0,1.0,0.0
1341,1,0.05693914813215002,0.014845025247668744,0.1226,-0.6,0.0,0.0,0.0,0.0,0.0,0.0,0.0,1.0,0.0
1342,1,0.061429567070084456,0.014845025247668744,0.444,-0.5,0.0,0.0,0.0,0.0,0.0,0.0,0.0,1.0,0.0
1343,0,0.05615960751786318,0.014845025247668744,0.2528,0.5,0.0,0.0,0.0,0.0,0.0,0.0,0.0,1.0,0.0
1344,1,0.06730195914235516,0.014845025247668744,0.6198,2.2,0.0,0.0,0.0,0.0,0.0,0.0,0.0,1.0,0.0
1345,0,0.06387330543770432,0.014845025247668744,0.345,-0.7,0.0,0.0,0.0,0.0,0.0,0.0,0.0,1.0,0.0
1346,0,0.060988342665737404,0.014845025247668744,0.2648,-1.1,0.0,0.0,0.0,0.0,0.0,0.0,0.0,1.0,0.0
1347,0,0.05551212505863117,0.014845025247668744,0.385,0.6,0.0,0.0,0.0,0.0,0.0,0.0,0.0,1.0,0.0
1348,0,0.024852549782391126,0.014845025247668744,0.2716,0.1,0.0,0.0,0.0,0.0,0.0,0.0,0.0,1.0,0.0
1349,1,0.03084728335616747,0.014845025247668744,0.4174,-1.2,0.0,0.0,0.0,0.0,0.0,0.0,0.0,1.0,0.0
1350,1,0.04584670477361522,0.014845025247668744,0.0872,-1.2,0.0,0.0,0.0,0.0,0.0,0.0,0.0,1.0,0.0
1351,1,0.04846313457476832,0.014845025247668744,0.36219999999999997,-0.8,0.0,0.0,0.0,0.0,0.0,0.0,0.0,1.0,0.0
1352,1,0.06538027006996874,0.014845025247668744,0.5182,1.2,0.0,0.0,0.0,0.0,0.0,0.0,0.0,1.0,0.0
1353,0,0.047113403063572534,0.014845025247668744,0.1204,-1.1,0.0,0.0,0.0,0.0,0.0,0.0,0.0,1.0,0.0
1354,1,0.13980276959959437,0.06663016337474788,0.10619999999999999,0.6,1.0,0.0,0.0,0.0,0.0,0.0,0.0,0.0,0.0
1355,0,0.12019014607663613,0.06663016337474788,0.068,0.0,1.0,0.0,0.0,0.0,0.0,0.0,0.0,0.0,0.0
1356,0,0.1184853150448247,0.06663016337474788,0.06480000000000001,0.1,1.0,0.0,0.0,0.0,0.0,0.0,0.0,0.0,0.0
1357,0,0.09385138996729021,0.06663016337474788,0.065,2.5,1.0,0.0,0.0,0.0,0.0,0.0,0.0,0.0,0.0
1358,0,0.09072041919410076,0.06663016337474788,0.0318,-0.5,1.0,0.0,0.0,0.0,0.0,0.0,0.0,0.0,0.0
1359,1,0.09452139739611351,0.06663016337474788,0.1192,-0.8,1.0,0.0,0.0,0.0,0.0,0.0,0.0,0.0,0.0
1360,0,0.09014316164006513,0.06663016337474788,0.0622,-0.3,1.0,0.0,0.0,0.0,0.0,0.0,0.0,0.0,0.0
1361,0,0.08417360303230258,0.06663016337474788,0.053,1.6,1.0,0.0,0.0,0.0,0.0,0.0,0.0,0.0,0.0
1362,0,0.07773985338453127,0.06663016337474788,0.0602,0.7,1.0,0.0,0.0,0.0,0.0,0.0,0.0,0.0,0.0
1363,1,0.07997380036870283,0.06663016337474788,0.1298,-1.7,1.0,0.0,0.0,0.0,0.0,0.0,0.0,0.0,0.0
1364,0,0.07484826562150808,0.06663016337474788,0.3194,0.2,1.0,0.0,0.0,0.0,0.0,0.0,0.0,0.0,0.0
1365,0,0.07321454282703385,0.06663016337474788,0.2724,0.6,1.0,0.0,0.0,0.0,0.0,0.0,0.0,0.0,0.0
1366,1,0.07479129069842422,0.06663016337474788,0.1628,2.3,1.0,0.0,0.0,0.0,0.0,0.0,0.0,0.0,0.0
1367,1,0.0794521927395398,0.06663016337474788,0.021,0.5,1.0,0.0,0.0,0.0,0.0,0.0,0.0,0.0,0.0
1368,0,0.0754860314271909,0.06663016337474788,0.1168,0.3,1.0,0.0,0.0,0.0,0.0,0.0,0.0,0.0,0.0
1369,0,0.0747828990430863,0.06663016337474788,0.064,1.3,1.0,0.0,0.0,0.0,0.0,0.0,0.0,0.0,0.0
1370,1,0.085316634822543,0.06663016337474788,0.31079999999999997,-0.9,1.0,0.0,0.0,0.0,0.0,0.0,0.0,0.0,0.0
1371,0,0.07954538428039788,0.06663016337474788,0.059000000000000004,-0.2,1.0,0.0,0.0,0.0,0.0,0.0,0.0,0.0,0.0
1372,0,0.07216735257407403,0.06663016337474788,0.4708,2.2,1.0,0.0,0.0,0.0,0.0,0.0,0.0,0.0,0.0
1373,0,0.05993452742172131,0.06663016337474788,0.365,-1.5,1.0,0.0,0.0,0.0,0.0,0.0,0.0,0.0,0.0
1374,0,0.057579122268184936,0.06663016337474788,0.1158,-1.7,1.0,0.0,0.0,0.0,0.0,0.0,0.0,0.0,0.0
1375,0,0.056367190570959395,0.06663016337474788,0.21960000000000002,-0.6,1.0,0.0,0.0,0.0,0.0,0.0,0.0,0.0,0.0
1376,0,0.05562739990301013,0.06663016337474788,0.155,-0.1,1.0,0.0,0.0,0.0,0.0,0.0,0.0,0.0,0.0
1377,0,0.04638642071166537,0.06663016337474788,0.3132,0.9,1.0,0.0,0.0,0.0,0.0,0.0,0.0,0.0,0.0
1378,0,0.0457879631862497,0.06663016337474788,0.2168,0.3,1.0,0.0,0.0,0.0,0.0,0.0,0.0,0.0,0.0
1379,1,0.04796979357411201,0.06663016337474788,0.2868,0.6,1.0,0.0,0.0,0.0,0.0,0.0,0.0,0.0,0.0
1380,1,0.05174824680653348,0.06663016337474788,0.637,-0.9,1.0,0.0,0.0,0.0,0.0,0.0,0.0,0.0,0.0
1381,0,0.05043605691132317,0.06663016337474788,0.10679999999999999,0.6,1.0,0.0,0.0,0.0,0.0,0.0,0.0,0.0,0.0
1382,1,0.054798834354906956,0.06663016337474788,0.2352,-1.6,1.0,0.0,0.0,0.0,0.0,0.0,0.0,0.0,0.0
1383,0,0.05433950164167278,0.06663016337474788,0.1592,-0.9,1.0,0.0,0.0,0.0,0.0,0.0,0.0,0.0,0.0
1384,1,0.06194410804212081,0.06663016337474788,0.33880000000000005,1.5,1.0,0.0,0.0,0.0,0.0,0.0,0.0,0.0,0.0
1385,0,0.055423791844547675,0.06663016337474788,0.6314,-1.4,1.0,0.0,0.0,0.0,0.0,0.0,0.0,0.0,0.0
1386,1,0.059954402394890104,0.06663016337474788,0.47479999999999994,-0.8,1.0,0.0,0.0,0.0,0.0,0.0,0.0,0.0,0.0
1387,1,0.06502119555471933,0.06663016337474788,0.1646,-0.6,1.0,0.0,0.0,0.0,0.0,0.0,0.0,0.0,0.0
1388,1,0.07920839306866936,0.06663016337474788,0.1074,-0.5,1.0,0.0,0.0,0.0,0.0,0.0,0.0,0.0,0.0
1389,1,0.07967876743366396,0.06663016337474788,0.18,0.5,1.0,0.0,0.0,0.0,0.0,0.0,0.0,0.0,0.0
1390,1,0.08536168476172556,0.06663016337474788,0.3778,2.2,1.0,0.0,0.0,0.0,0.0,0.0,0.0,0.0,0.0
1391,0,0.08203638091755243,0.06663016337474788,0.299,-0.7,1.0,0.0,0.0,0.0,0.0,0.0,0.0,0.0,0.0
1392,0,0.06801657484429063,0.06663016337474788,0.3496,-1.1,1.0,0.0,0.0,0.0,0.0,0.0,0.0,0.0,0.0
1393,0,0.06497305395304383,0.06663016337474788,0.3968,0.6,1.0,0.0,0.0,0.0,0.0,0.0,0.0,0.0,0.0
1394,0,0.017706834429106855,0.06663016337474788,0.4376,0.1,1.0,0.0,0.0,0.0,0.0,0.0,0.0,0.0,0.0
1395,1,0.020482264015610246,0.06663016337474788,0.547,-1.2,1.0,0.0,0.0,0.0,0.0,0.0,0.0,0.0,0.0
1396,1,0.04446031497857478,0.06663016337474788,0.2064,-1.2,1.0,0.0,0.0,0.0,0.0,0.0,0.0,0.0,0.0
1397,1,0.052023404768403565,0.06663016337474788,0.6038,-0.8,1.0,0.0,0.0,0.0,0.0,0.0,0.0,0.0,0.0
1398,1,0.054699459489063025,0.06663016337474788,0.5454,1.2,1.0,0.0,0.0,0.0,0.0,0.0,0.0,0.0,0.0
1399,0,0.04501769755944163,0.06663016337474788,0.1524,-1.1,1.0,0.0,0.0,0.0,0.0,0.0,0.0,0.0,0.0
1400,1,0.07202425276725877,0.06739546098253722,0.10619999999999999,0.6,1.0,0.0,0.0,0.0,0.0,0.0,0.0,0.0,0.0
1401,0,0.06334816447997796,0.06739546098253722,0.068,0.0,1.0,0.0,0.0,0.0,0.0,0.0,0.0,0.0,0.0
1402,1,0.06668053498127778,0.06739546098253722,0.06480000000000001,0.1,1.0,0.0,0.0,0.0,0.0,0.0,0.0,0.0,0.0
1403,1,0.07162012831282678,0.06739546098253722,0.065,2.5,1.0,0.0,0.0,0.0,0.0,0.0,0.0,0.0,0.0
1404,0,0.0661704106699456,0.06739546098253722,0.0318,-0.5,1.0,0.0,0.0,0.0,0.0,0.0,0.0,0.0,0.0
1405,1,0.0680284998281919,0.06739546098253722,0.1192,-0.8,1.0,0.0,0.0,0.0,0.0,0.0,0.0,0.0,0.0
1406,0,0.06123170067053743,0.06739546098253722,0.0622,-0.3,1.0,0.0,0.0,0.0,0.0,0.0,0.0,0.0,0.0
1407,0,0.056917506494699566,0.06739546098253722,0.053,1.6,1.0,0.0,0.0,0.0,0.0,0.0,0.0,0.0,0.0
1408,1,0.057602088903846646,0.06739546098253722,0.0602,0.7,1.0,0.0,0.0,0.0,0.0,0.0,0.0,0.0,0.0
1409,0,0.045577730136730985,0.06739546098253722,0.1298,-1.7,1.0,0.0,0.0,0.0,0.0,0.0,0.0,0.0,0.0
1410,0,0.043820340842539864,0.06739546098253722,0.3194,0.2,1.0,0.0,0.0,0.0,0.0,0.0,0.0,0.0,0.0
1411,1,0.047363386059428816,0.06739546098253722,0.2724,0.6,1.0,0.0,0.0,0.0,0.0,0.0,0.0,0.0,0.0
1412,1,0.05057518172350468,0.06739546098253722,0.1628,2.3,1.0,0.0,0.0,0.0,0.0,0.0,0.0,0.0,0.0
1413,0,0.04823832654492583,0.06739546098253722,0.021,0.5,1.0,0.0,0.0,0.0,0.0,0.0,0.0,0.0,0.0
1414,0,0.041700343704536,0.06739546098253722,0.1168,0.3,1.0,0.0,0.0,0.0,0.0,0.0,0.0,0.0,0.0
1415,0,0.03885115588427289,0.06739546098253722,0.064,1.3,1.0,0.0,0.0,0.0,0.0,0.0,0.0,0.0,0.0
1416,1,0.040373578829001916,0.06739546098253722,0.31079999999999997,-0.9,1.0,0.0,0.0,0.0,0.0,0.0,0.0,0.0,0.0
1417,0,0.03795501542739584,0.06739546098253722,0.059000000000000004,-0.2,1.0,0.0,0.0,0.0,0.0,0.0,0.0,0.0,0.0
1418,1,0.0382244317303505,0.06739546098253722,0.4708,2.2,1.0,0.0,0.0,0.0,0.0,0.0,0.0,0.0,0.0
1419,0,0.03281711403022939,0.06739546098253722,0.365,-1.5,1.0,0.0,0.0,0.0,0.0,0.0,0.0,0.0,0.0
1420,0,0.030542092101508996,0.06739546098253722,0.1158,-1.7,1.0,0.0,0.0,0.0,0.0,0.0,0.0,0.0,0.0
1421,0,0.028663244637953073,0.06739546098253722,0.21960000000000002,-0.6,1.0,0.0,0.0,0.0,0.0,0.0,0.0,0.0,0.0
1422,0,0.026823705454664303,0.06739546098253722,0.155,-0.1,1.0,0.0,0.0,0.0,0.0,0.0,0.0,0.0,0.0
1423,0,0.02371481798499572,0.06739546098253722,0.3132,0.9,1.0,0.0,0.0,0.0,0.0,0.0,0.0,0.0,0.0
1424,0,0.02219195337419628,0.06739546098253722,0.2168,0.3,1.0,0.0,0.0,0.0,0.0,0.0,0.0,0.0,0.0
1425,0,0.02207447019946523,0.06739546098253722,0.2868,0.6,1.0,0.0,0.0,0.0,0.0,0.0,0.0,0.0,0.0
1426,0,0.021747195641285886,0.06739546098253722,0.637,-0.9,1.0,0.0,0.0,0.0,0.0,0.0,0.0,0.0,0.0
1427,1,0.024739041602293836,0.06739546098253722,0.10679999999999999,0.6,1.0,0.0,0.0,0.0,0.0,0.0,0.0,0.0,0.0
1428,0,0.02178650392155304,0.06739546098253722,0.2352,-1.6,1.0,0.0,0.0,0.0,0.0,0.0,0.0,0.0,0.0
1429,1,0.023490451621223644,0.06739546098253722,0.1592,-0.9,1.0,0.0,0.0,0.0,0.0,0.0,0.0,0.0,0.0
1430,1,0.024622883425774043,0.06739546098253722,0.33880000000000005,1.5,1.0,0.0,0.0,0.0,0.0,0.0,0.0,0.0,0.0
1431,0,0.019818881577843204,0.06739546098253722,0.6314,-1.4,1.0,0.0,0.0,0.0,0.0,0.0,0.0,0.0,0.0
1432,1,0.023350885142971723,0.06739546098253722,0.47479999999999994,-0.8,1.0,0.0,0.0,0.0,0.0,0.0,0.0,0.0,0.0
1433,0,0.020377589156921304,0.06739546098253722,0.1646,-0.6,1.0,0.0,0.0,0.0,0.0,0.0,0.0,0.0,0.0
1434,1,0.021246346317432472,0.06739546098253722,0.1074,-0.5,1.0,0.0,0.0,0.0,0.0,0.0,0.0,0.0,0.0
1435,1,0.022636269441036253,0.06739546098253722,0.18,0.5,1.0,0.0,0.0,0.0,0.0,0.0,0.0,0.0,0.0
1436,1,0.023923726036303185,0.06739546098253722,0.3778,2.2,1.0,0.0,0.0,0.0,0.0,0.0,0.0,0.0,0.0
1437,0,0.021776787268003854,0.06739546098253722,0.299,-0.7,1.0,0.0,0.0,0.0,0.0,0.0,0.0,0.0,0.0
1438,0,0.020496397329863605,0.06739546098253722,0.3496,-1.1,1.0,0.0,0.0,0.0,0.0,0.0,0.0,0.0,0.0
1439,1,0.022021911937085553,0.06739546098253722,0.3968,0.6,1.0,0.0,0.0,0.0,0.0,0.0,0.0,0.0,0.0
1440,0,0.015143846222474267,0.06739546098253722,0.4376,0.1,1.0,0.0,0.0,0.0,0.0,0.0,0.0,0.0,0.0
1441,1,0.02175117063591964,0.06739546098253722,0.547,-1.2,1.0,0.0,0.0,0.0,0.0,0.0,0.0,0.0,0.0
1442,1,0.02528008253855524,0.06739546098253722,0.2064,-1.2,1.0,0.0,0.0,0.0,0.0,0.0,0.0,0.0,0.0
1443,0,0.023979375961175785,0.06739546098253722,0.6038,-0.8,1.0,0.0,0.0,0.0,0.0,0.0,0.0,0.0,0.0
1444,0,0.021542704250682596,0.06739546098253722,0.5454,1.2,1.0,0.0,0.0,0.0,0.0,0.0,0.0,0.0,0.0
1445,0,0.020271147633950694,0.06739546098253722,0.1524,-1.1,1.0,0.0,0.0,0.0,0.0,0.0,0.0,0.0,0.0
1446,1,0.046974719917461445,0.012722377365627886,0.12240000000000001,0.6,0.0,0.0,0.0,0.0,0.0,0.0,1.0,0.0,0.0
1447,1,0.07267659355326538,0.012722377365627886,0.1376,0.0,0.0,0.0,0.0,0.0,0.0,0.0,1.0,0.0,0.0
1448,0,0.07131184539567538,0.012722377365627886,0.15839999999999999,0.1,0.0,0.0,0.0,0.0,0.0,0.0,1.0,0.0,0.0
1449,0,0.06506536216176108,0.012722377365627886,0.3452,2.5,0.0,0.0,0.0,0.0,0.0,0.0,1.0,0.0,0.0
1450,0,0.0639333720232811,0.012722377365627886,0.2488,-0.5,0.0,0.0,0.0,0.0,0.0,0.0,1.0,0.0,0.0
1451,0,0.05320883650140406,0.012722377365627886,0.207,-0.8,0.0,0.0,0.0,0.0,0.0,0.0,1.0,0.0,0.0
1452,1,0.06130810890071965,0.012722377365627886,0.2116,-0.3,0.0,0.0,0.0,0.0,0.0,0.0,1.0,0.0,0.0
1453,0,0.05832067960041587,0.012722377365627886,0.198,1.6,0.0,0.0,0.0,0.0,0.0,0.0,1.0,0.0,0.0
1454,1,0.06554854484279779,0.012722377365627886,0.0864,0.7,0.0,0.0,0.0,0.0,0.0,0.0,1.0,0.0,0.0
1455,1,0.07635213859127957,0.012722377365627886,0.2018,-1.7,0.0,0.0,0.0,0.0,0.0,0.0,1.0,0.0,0.0
1456,1,0.07990755045814021,0.012722377365627886,0.1378,0.2,0.0,0.0,0.0,0.0,0.0,0.0,1.0,0.0,0.0
1457,1,0.09202289243576188,0.012722377365627886,0.0834,0.6,0.0,0.0,0.0,0.0,0.0,0.0,1.0,0.0,0.0
1458,1,0.10269310303097758,0.012722377365627886,0.2144,2.3,0.0,0.0,0.0,0.0,0.0,0.0,1.0,0.0,0.0
1459,1,0.1109421002281647,0.012722377365627886,0.1864,0.5,0.0,0.0,0.0,0.0,0.0,0.0,1.0,0.0,0.0
1460,0,0.1046806003478562,0.012722377365627886,0.0834,0.3,0.0,0.0,0.0,0.0,0.0,0.0,1.0,0.0,0.0
1461,1,0.10526580789115934,0.012722377365627886,0.107,1.3,0.0,0.0,0.0,0.0,0.0,0.0,1.0,0.0,0.0
1462,1,0.11179584074228166,0.012722377365627886,0.1882,-0.9,0.0,0.0,0.0,0.0,0.0,0.0,1.0,0.0,0.0
1463,1,0.11702030868924994,0.012722377365627886,0.1804,-0.2,0.0,0.0,0.0,0.0,0.0,0.0,1.0,0.0,0.0
1464,1,0.11984741320599217,0.012722377365627886,0.19940000000000002,2.2,0.0,0.0,0.0,0.0,0.0,0.0,1.0,0.0,0.0
1465,0,0.08946917921660806,0.012722377365627886,0.1524,-1.5,0.0,0.0,0.0,0.0,0.0,0.0,1.0,0.0,0.0
1466,1,0.09557962930083377,0.012722377365627886,0.195,-1.7,0.0,0.0,0.0,0.0,0.0,0.0,1.0,0.0,0.0
1467,1,0.10362855176812177,0.012722377365627886,0.1244,-0.6,0.0,0.0,0.0,0.0,0.0,0.0,1.0,0.0,0.0
1468,0,0.0869525659473693,0.012722377365627886,0.265,-0.1,0.0,0.0,0.0,0.0,0.0,0.0,1.0,0.0,0.0
1469,0,0.0723815606182265,0.012722377365627886,0.491,0.9,0.0,0.0,0.0,0.0,0.0,0.0,1.0,0.0,0.0
1470,0,0.05759811390921289,0.012722377365627886,0.057999999999999996,0.3,0.0,0.0,0.0,0.0,0.0,0.0,1.0,0.0,0.0
1471,0,0.042256842953262014,0.012722377365627886,0.1444,0.6,0.0,0.0,0.0,0.0,0.0,0.0,1.0,0.0,0.0
1472,0,0.03202785676239337,0.012722377365627886,0.0706,-0.9,0.0,0.0,0.0,0.0,0.0,0.0,1.0,0.0,0.0
1473,0,0.030568150399663627,0.012722377365627886,0.2086,0.6,0.0,0.0,0.0,0.0,0.0,0.0,1.0,0.0,0.0
1474,0,0.027363421392714454,0.012722377365627886,0.099,-1.6,0.0,0.0,0.0,0.0,0.0,0.0,1.0,0.0,0.0
1475,1,0.043842865812131156,0.012722377365627886,0.0766,-0.9,0.0,0.0,0.0,0.0,0.0,0.0,1.0,0.0,0.0
1476,0,0.035588568622099026,0.012722377365627886,0.0724,1.5,0.0,0.0,0.0,0.0,0.0,0.0,1.0,0.0,0.0
1477,1,0.03896863905900394,0.012722377365627886,0.1866,-1.4,0.0,0.0,0.0,0.0,0.0,0.0,1.0,0.0,0.0
1478,0,0.03315189691160583,0.012722377365627886,0.5770000000000001,-0.8,0.0,0.0,0.0,0.0,0.0,0.0,1.0,0.0,0.0
1479,1,0.033424404877053414,0.012722377365627886,0.1202,-0.6,0.0,0.0,0.0,0.0,0.0,0.0,1.0,0.0,0.0
1480,1,0.0359847430872635,0.012722377365627886,0.35200000000000004,-0.5,0.0,0.0,0.0,0.0,0.0,0.0,1.0,0.0,0.0
1481,0,0.029293060454368386,0.012722377365627886,0.3858,0.5,0.0,0.0,0.0,0.0,0.0,0.0,1.0,0.0,0.0
1482,1,0.029713526553405818,0.012722377365627886,0.3322,2.2,0.0,0.0,0.0,0.0,0.0,0.0,1.0,0.0,0.0
1483,0,0.0202283060251202,0.012722377365627886,0.45439999999999997,-0.7,0.0,0.0,0.0,0.0,0.0,0.0,1.0,0.0,0.0
1484,0,0.0173844181977021,0.012722377365627886,0.4104,-1.1,0.0,0.0,0.0,0.0,0.0,0.0,1.0,0.0,0.0
1485,1,0.02220917835094256,0.012722377365627886,0.11,0.6,0.0,0.0,0.0,0.0,0.0,0.0,1.0,0.0,0.0
1486,0,0.005038084865252098,0.012722377365627886,0.40659999999999996,0.1,0.0,0.0,0.0,0.0,0.0,0.0,1.0,0.0,0.0
1487,1,0.009388053992793776,0.012722377365627886,0.5376,-1.2,0.0,0.0,0.0,0.0,0.0,0.0,1.0,0.0,0.0
1488,1,0.022090811844070676,0.012722377365627886,0.132,-1.2,0.0,0.0,0.0,0.0,0.0,0.0,1.0,0.0,0.0
1489,1,0.023932559357711533,0.012722377365627886,0.13019999999999998,-0.8,0.0,0.0,0.0,0.0,0.0,0.0,1.0,0.0,0.0
1490,0,0.020501697322708616,0.012722377365627886,0.41259999999999997,1.2,0.0,0.0,0.0,0.0,0.0,0.0,1.0,0.0,0.0
1491,0,0.019966398045362637,0.012722377365627886,0.5256000000000001,-1.1,0.0,0.0,0.0,0.0,0.0,0.0,1.0,0.0,0.0
1492,1,0.011435617895249175,0.0006214566243938414,0.43439999999999995,2.2,0.0,0.0,0.0,1.0,0.0,0.0,0.0,0.0,0.0
1493,0,0.010626043988173949,0.0006214566243938414,0.2662,-1.5,0.0,0.0,0.0,1.0,0.0,0.0,0.0,0.0,0.0
1494,0,0.010436127577894437,0.0006214566243938414,0.1582,-1.7,0.0,0.0,0.0,1.0,0.0,0.0,0.0,0.0,0.0
1495,0,0.009325779076864913,0.0006214566243938414,0.059000000000000004,-0.6,0.0,0.0,0.0,1.0,0.0,0.0,0.0,0.0,0.0
1496,0,0.007490214888209901,0.0006214566243938414,0.1402,-0.1,0.0,0.0,0.0,1.0,0.0,0.0,0.0,0.0,0.0
1497,1,0.00794292261038781,0.0006214566243938414,0.2112,0.9,0.0,0.0,0.0,1.0,0.0,0.0,0.0,0.0,0.0
1498,0,0.0061714000019433305,0.0006214566243938414,0.20440000000000003,0.3,0.0,0.0,0.0,1.0,0.0,0.0,0.0,0.0,0.0
1499,1,0.006772507523781509,0.0006214566243938414,0.069,0.6,0.0,0.0,0.0,1.0,0.0,0.0,0.0,0.0,0.0
1500,1,0.008796221458434365,0.0006214566243938414,0.19079999999999997,-0.9,0.0,0.0,0.0,1.0,0.0,0.0,0.0,0.0,0.0
1501,0,0.008478221887733785,0.0006214566243938414,0.2758,0.6,0.0,0.0,0.0,1.0,0.0,0.0,0.0,0.0,0.0
1502,1,0.012052625395622383,0.0006214566243938414,0.2932,-1.6,0.0,0.0,0.0,1.0,0.0,0.0,0.0,0.0,0.0
1503,0,0.007552489804138764,0.0006214566243938414,0.2588,-0.9,0.0,0.0,0.0,1.0,0.0,0.0,0.0,0.0,0.0
1504,1,0.010976726848085422,0.0006214566243938414,0.1906,1.5,0.0,0.0,0.0,1.0,0.0,0.0,0.0,0.0,0.0
1505,1,0.013912039552079938,0.0006214566243938414,0.2554,-1.4,0.0,0.0,0.0,1.0,0.0,0.0,0.0,0.0,0.0
1506,1,0.016065603311435528,0.0006214566243938414,0.48,-0.8,0.0,0.0,0.0,1.0,0.0,0.0,0.0,0.0,0.0
1507,0,0.009286912462668176,0.0006214566243938414,0.192,-0.6,0.0,0.0,0.0,1.0,0.0,0.0,0.0,0.0,0.0
1508,0,0.00793055596041612,0.0006214566243938414,0.303,-0.5,0.0,0.0,0.0,1.0,0.0,0.0,0.0,0.0,0.0
1509,1,0.01082346872165056,0.0006214566243938414,0.29100000000000004,0.5,0.0,0.0,0.0,1.0,0.0,0.0,0.0,0.0,0.0
1510,1,0.020067981241558657,0.0006214566243938414,0.385,2.2,0.0,0.0,0.0,1.0,0.0,0.0,0.0,0.0,0.0
1511,1,0.02364503474586976,0.0006214566243938414,0.40700000000000003,-0.7,0.0,0.0,0.0,1.0,0.0,0.0,0.0,0.0,0.0
1512,0,0.018035433985497454,0.0006214566243938414,0.34740000000000004,-1.1,0.0,0.0,0.0,1.0,0.0,0.0,0.0,0.0,0.0
1513,1,0.018243017038593663,0.0006214566243938414,0.41600000000000004,0.6,0.0,0.0,0.0,1.0,0.0,0.0,0.0,0.0,0.0
1514,0,0.006535332843967327,0.0006214566243938414,0.35340000000000005,0.1,0.0,0.0,0.0,1.0,0.0,0.0,0.0,0.0,0.0
1515,1,0.00926703748949939,0.0006214566243938414,0.33840000000000003,-1.2,0.0,0.0,0.0,1.0,0.0,0.0,0.0,0.0,0.0
1516,1,0.014209722483541314,0.0006214566243938414,0.061399999999999996,-1.2,0.0,0.0,0.0,1.0,0.0,0.0,0.0,0.0,0.0
1517,1,0.016144219871969838,0.0006214566243938414,0.38880000000000003,-0.8,0.0,0.0,0.0,1.0,0.0,0.0,0.0,0.0,0.0
1518,1,0.017521334679531517,0.0006214566243938414,0.4374,1.2,0.0,0.0,0.0,1.0,0.0,0.0,0.0,0.0,0.0
1519,0,0.015148262883178441,0.0006214566243938414,0.1974,-1.1,0.0,0.0,0.0,1.0,0.0,0.0,0.0,0.0,0.0
1520,0,0.0076403813521518415,7.152314091489223e-06,0.10619999999999999,0.6,1.0,0.0,0.0,0.0,0.0,0.0,0.0,0.0,0.0
1521,1,0.007842664412403043,7.152314091489223e-06,0.068,0.0,1.0,0.0,0.0,0.0,0.0,0.0,0.0,0.0,0.0
1522,0,0.007432798299055629,7.152314091489223e-06,0.06480000000000001,0.1,1.0,0.0,0.0,0.0,0.0,0.0,0.0,0.0,0.0
1523,1,0.008068797440456788,7.152314091489223e-06,0.065,2.5,1.0,0.0,0.0,0.0,0.0,0.0,0.0,0.0,0.0
1524,1,0.008350580393383135,7.152314091489223e-06,0.0318,-0.5,1.0,0.0,0.0,0.0,0.0,0.0,0.0,0.0,0.0
1525,0,0.00770177293593987,7.152314091489223e-06,0.1192,-0.8,1.0,0.0,0.0,0.0,0.0,0.0,0.0,0.0,0.0
1526,1,0.00822912222401833,7.152314091489223e-06,0.0622,-0.3,1.0,0.0,0.0,0.0,0.0,0.0,0.0,0.0,0.0
1527,0,0.0070450154892290895,7.152314091489223e-06,0.053,1.6,1.0,0.0,0.0,0.0,0.0,0.0,0.0,0.0,0.0
1528,0,0.00684405742718914,7.152314091489223e-06,0.0602,0.7,1.0,0.0,0.0,0.0,0.0,0.0,0.0,0.0,0.0
1529,0,0.006465991270911784,7.152314091489223e-06,0.1298,-1.7,1.0,0.0,0.0,0.0,0.0,0.0,0.0,0.0,0.0
1530,1,0.007239348560212777,7.152314091489223e-06,0.3194,0.2,1.0,0.0,0.0,0.0,0.0,0.0,0.0,0.0,0.0
1531,0,0.005981041925593401,7.152314091489223e-06,0.2724,0.6,1.0,0.0,0.0,0.0,0.0,0.0,0.0,0.0,0.0
1532,0,0.005010701568886215,7.152314091489223e-06,0.1628,2.3,1.0,0.0,0.0,0.0,0.0,0.0,0.0,0.0,0.0
1533,1,0.005740775583286296,7.152314091489223e-06,0.021,0.5,1.0,0.0,0.0,0.0,0.0,0.0,0.0,0.0,0.0
1534,0,0.00521784295591201,7.152314091489223e-06,0.1168,0.3,1.0,0.0,0.0,0.0,0.0,0.0,0.0,0.0,0.0
1535,0,0.004085411151361612,7.152314091489223e-06,0.064,1.3,1.0,0.0,0.0,0.0,0.0,0.0,0.0,0.0,0.0
1536,1,0.006941665628751401,7.152314091489223e-06,0.31079999999999997,-0.9,1.0,0.0,0.0,0.0,0.0,0.0,0.0,0.0,0.0
1537,0,0.005966025279199206,7.152314091489223e-06,0.059000000000000004,-0.2,1.0,0.0,0.0,0.0,0.0,0.0,0.0,0.0,0.0
1538,0,0.004824760153240459,7.152314091489223e-06,0.4708,2.2,1.0,0.0,0.0,0.0,0.0,0.0,0.0,0.0,0.0
1539,1,0.010179077924911469,7.152314091489223e-06,0.365,-1.5,1.0,0.0,0.0,0.0,0.0,0.0,0.0,0.0,0.0
1540,0,0.005415709355459037,7.152314091489223e-06,0.1158,-1.7,1.0,0.0,0.0,0.0,0.0,0.0,0.0,0.0,0.0
1541,0,0.005407759366191522,7.152314091489223e-06,0.21960000000000002,-0.6,1.0,0.0,0.0,0.0,0.0,0.0,0.0,0.0,0.0
1542,0,0.00415916938512133,7.152314091489223e-06,0.155,-0.1,1.0,0.0,0.0,0.0,0.0,0.0,0.0,0.0,0.0
1543,0,0.0041207444369950105,7.152314091489223e-06,0.3132,0.9,1.0,0.0,0.0,0.0,0.0,0.0,0.0,0.0,0.0
1544,1,0.004890568397732663,7.152314091489223e-06,0.2168,0.3,1.0,0.0,0.0,0.0,0.0,0.0,0.0,0.0,0.0
1545,0,0.0033637287922994637,7.152314091489223e-06,0.2868,0.6,1.0,0.0,0.0,0.0,0.0,0.0,0.0,0.0,0.0
1546,0,0.002866412797009391,7.152314091489223e-06,0.637,-0.9,1.0,0.0,0.0,0.0,0.0,0.0,0.0,0.0,0.0
1547,1,0.003929061362433827,7.152314091489223e-06,0.10679999999999999,0.6,1.0,0.0,0.0,0.0,0.0,0.0,0.0,0.0,0.0
1548,1,0.004456410650512288,7.152314091489223e-06,0.2352,-1.6,1.0,0.0,0.0,0.0,0.0,0.0,0.0,0.0,0.0
1549,1,0.007213731928128564,7.152314091489223e-06,0.1592,-0.9,1.0,0.0,0.0,0.0,0.0,0.0,0.0,0.0,0.0
1550,1,0.007714139585911559,7.152314091489223e-06,0.33880000000000005,1.5,1.0,0.0,0.0,0.0,0.0,0.0,0.0,0.0,0.0
1551,1,0.008155805656329031,7.152314091489223e-06,0.6314,-1.4,1.0,0.0,0.0,0.0,0.0,0.0,0.0,0.0,0.0
1552,1,0.010000203166392392,7.152314091489223e-06,0.47479999999999994,-0.8,1.0,0.0,0.0,0.0,0.0,0.0,0.0,0.0,0.0
1553,0,0.007628898034320987,7.152314091489223e-06,0.1646,-0.6,1.0,0.0,0.0,0.0,0.0,0.0,0.0,0.0,0.0
1554,1,0.011603892668078231,7.152314091489223e-06,0.1074,-0.5,1.0,0.0,0.0,0.0,0.0,0.0,0.0,0.0,0.0
1555,0,0.008164197311666963,7.152314091489223e-06,0.18,0.5,1.0,0.0,0.0,0.0,0.0,0.0,0.0,0.0,0.0
1556,1,0.01124790981532175,7.152314091489223e-06,0.3778,2.2,1.0,0.0,0.0,0.0,0.0,0.0,0.0,0.0,0.0
1557,1,0.01342620687462072,7.152314091489223e-06,0.299,-0.7,1.0,0.0,0.0,0.0,0.0,0.0,0.0,0.0,0.0
1558,0,0.010633993977441464,7.152314091489223e-06,0.3496,-1.1,1.0,0.0,0.0,0.0,0.0,0.0,0.0,0.0,0.0
1559,1,0.010970101857029159,7.152314091489223e-06,0.3968,0.6,1.0,0.0,0.0,0.0,0.0,0.0,0.0,0.0,0.0
1560,0,0.0001991913977582797,7.152314091489223e-06,0.4376,0.1,1.0,0.0,0.0,0.0,0.0,0.0,0.0,0.0,0.0
1561,0,0.0,7.152314091489223e-06,0.547,-1.2,1.0,0.0,0.0,0.0,0.0,0.0,0.0,0.0,0.0
1562,1,4.416660704174716e-05,7.152314091489223e-06,0.2064,-1.2,1.0,0.0,0.0,0.0,0.0,0.0,0.0,0.0,0.0
1563,1,0.003613711788155753,7.152314091489223e-06,0.6038,-0.8,1.0,0.0,0.0,0.0,0.0,0.0,0.0,0.0,0.0
1564,1,0.008029489160189633,7.152314091489223e-06,0.5454,1.2,1.0,0.0,0.0,0.0,0.0,0.0,0.0,0.0,0.0
1565,0,0.004268260904514445,7.152314091489223e-06,0.1524,-1.1,1.0,0.0,0.0,0.0,0.0,0.0,0.0,0.0,0.0
1566,1,0.012123291966889178,0.030874155828261814,0.1016,0.6,0.0,0.0,0.0,0.0,0.0,0.0,0.0,0.0,1.0
1567,0,0.011955900526200956,0.030874155828261814,0.1656,0.0,0.0,0.0,0.0,0.0,0.0,0.0,0.0,0.0,1.0
1568,1,0.014581605314832826,0.030874155828261814,0.4886,0.1,0.0,0.0,0.0,0.0,0.0,0.0,0.0,0.0,1.0
1569,0,0.012418766567998467,0.030874155828261814,0.5682,2.5,0.0,0.0,0.0,0.0,0.0,0.0,0.0,0.0,1.0
1570,1,0.014224739129935509,0.030874155828261814,0.1202,-0.5,0.0,0.0,0.0,0.0,0.0,0.0,0.0,0.0,1.0
1571,1,0.01499632975495483,0.030874155828261814,0.044199999999999996,-0.8,0.0,0.0,0.0,0.0,0.0,0.0,0.0,0.0,1.0
1572,1,0.01680583564545521,0.030874155828261814,0.139,-0.3,0.0,0.0,0.0,0.0,0.0,0.0,0.0,0.0,1.0
1573,0,0.014889446565913803,0.030874155828261814,0.027999999999999997,1.6,0.0,0.0,0.0,0.0,0.0,0.0,0.0,0.0,1.0
1574,1,0.01586597024760683,0.030874155828261814,0.008199999999999999,0.7,0.0,0.0,0.0,0.0,0.0,0.0,0.0,0.0,1.0
1575,0,0.014733096776986018,0.030874155828261814,0.0154,-1.7,0.0,0.0,0.0,0.0,0.0,0.0,0.0,0.0,1.0
1576,0,0.01158666769133195,0.030874155828261814,0.1656,0.2,0.0,0.0,0.0,0.0,0.0,0.0,0.0,0.0,1.0
1577,0,0.010016986477068257,0.030874155828261814,0.0,0.6,0.0,0.0,0.0,0.0,0.0,0.0,0.0,0.0,1.0
1578,0,0.009483895530074367,0.030874155828261814,0.1998,2.3,0.0,0.0,0.0,0.0,0.0,0.0,0.0,0.0,1.0
1579,1,0.012974382484583645,0.030874155828261814,0.0814,0.5,0.0,0.0,0.0,0.0,0.0,0.0,0.0,0.0,1.0
1580,1,0.013711081490039988,0.030874155828261814,0.001,0.3,0.0,0.0,0.0,0.0,0.0,0.0,0.0,0.0,1.0
1581,0,0.012338383343182487,0.030874155828261814,0.3274,1.3,0.0,0.0,0.0,0.0,0.0,0.0,0.0,0.0,1.0
1582,1,0.012386524944857992,0.030874155828261814,0.6344,-0.9,0.0,0.0,0.0,0.0,0.0,0.0,0.0,0.0,1.0
1583,1,0.01392749786454455,0.030874155828261814,0.295,-0.2,0.0,0.0,0.0,0.0,0.0,0.0,0.0,0.0,1.0
1584,0,0.013272507082115439,0.030874155828261814,0.4722,2.2,0.0,0.0,0.0,0.0,0.0,0.0,0.0,0.0,1.0
1585,1,0.01368811485437828,0.030874155828261814,0.0006,-1.5,0.0,0.0,0.0,0.0,0.0,0.0,0.0,0.0,1.0
1586,1,0.014370930599243692,0.030874155828261814,0.045599999999999995,-1.7,0.0,0.0,0.0,0.0,0.0,0.0,0.0,0.0,1.0
1587,0,0.01115515994053408,0.030874155828261814,0.0748,-0.6,0.0,0.0,0.0,0.0,0.0,0.0,0.0,0.0,1.0
1588,1,0.012341033339604991,0.030874155828261814,0.16879999999999998,-0.1,0.0,0.0,0.0,0.0,0.0,0.0,0.0,0.0,1.0
1589,0,0.01173860081955556,0.030874155828261814,0.2738,0.9,0.0,0.0,0.0,0.0,0.0,0.0,0.0,0.0,1.0
1590,1,0.012310558380746186,0.030874155828261814,0.1116,0.3,0.0,0.0,0.0,0.0,0.0,0.0,0.0,0.0,1.0
1591,1,0.012439966539378506,0.030874155828261814,0.3014,0.6,0.0,0.0,0.0,0.0,0.0,0.0,0.0,0.0,1.0
1592,1,0.013028707411244995,0.030874155828261814,0.1636,-0.9,0.0,0.0,0.0,0.0,0.0,0.0,0.0,0.0,1.0
1593,1,0.013636439924139435,0.030874155828261814,0.2982,0.6,0.0,0.0,0.0,0.0,0.0,0.0,0.0,0.0,1.0
1594,0,0.012706732845910658,0.030874155828261814,0.16760000000000003,-1.6,0.0,0.0,0.0,0.0,0.0,0.0,0.0,0.0,1.0
1595,1,0.01524454608652945,0.030874155828261814,0.005600000000000001,-0.9,0.0,0.0,0.0,0.0,0.0,0.0,0.0,0.0,1.0
1596,1,0.015415912521851429,0.030874155828261814,0.17579999999999998,1.5,0.0,0.0,0.0,0.0,0.0,0.0,0.0,0.0,1.0
1597,0,0.013795881375560143,0.030874155828261814,0.0572,-1.4,0.0,0.0,0.0,0.0,0.0,0.0,0.0,0.0,1.0
1598,1,0.01651963603182469,0.030874155828261814,0.37799999999999995,-0.8,0.0,0.0,0.0,0.0,0.0,0.0,0.0,0.0,1.0
1599,1,0.016684819142160825,0.030874155828261814,0.3486,-0.6,0.0,0.0,0.0,0.0,0.0,0.0,0.0,0.0,1.0
1600,1,0.018344600234789683,0.030874155828261814,0.6265999999999999,-0.5,0.0,0.0,0.0,0.0,0.0,0.0,0.0,0.0,1.0
1601,1,0.01882159959084055,0.030874155828261814,0.6437999999999999,0.5,0.0,0.0,0.0,0.0,0.0,0.0,0.0,0.0,1.0
1602,1,0.02180770389293308,0.030874155828261814,0.33020000000000005,2.2,0.0,0.0,0.0,0.0,0.0,0.0,0.0,0.0,1.0
1603,0,0.0207035387168894,0.030874155828261814,0.5094,-0.7,0.0,0.0,0.0,0.0,0.0,0.0,0.0,0.0,1.0
1604,1,0.020739313668593214,0.030874155828261814,0.252,-1.1,0.0,0.0,0.0,0.0,0.0,0.0,0.0,0.0,1.0
1605,0,0.01798685071775153,0.030874155828261814,0.15539999999999998,0.6,0.0,0.0,0.0,0.0,0.0,0.0,0.0,0.0,1.0
1606,0,0.014841304964238298,0.030874155828261814,0.42200000000000004,0.1,0.0,0.0,0.0,0.0,0.0,0.0,0.0,0.0,1.0
1607,1,0.016299244662686372,0.030874155828261814,0.7173999999999999,-1.2,0.0,0.0,0.0,0.0,0.0,0.0,0.0,0.0,1.0
1608,1,0.017171093485690462,0.030874155828261814,0.4266,-1.2,0.0,0.0,0.0,0.0,0.0,0.0,0.0,0.0,1.0
1609,1,0.022468436334277614,0.030874155828261814,0.1744,-0.8,0.0,0.0,0.0,0.0,0.0,0.0,0.0,0.0,1.0
1610,0,0.02020754771981058,0.030874155828261814,0.332,1.2,0.0,0.0,0.0,0.0,0.0,0.0,0.0,0.0,1.0
1611,0,0.01695291044690423,0.030874155828261814,0.501,-1.1,0.0,0.0,0.0,0.0,0.0,0.0,0.0,0.0,1.0
1612,1,0.002145613770088077,0.13915224415775143,0.247,0.1,0.0,1.0,0.0,0.0,0.0,0.0,0.0,0.0,0.0
1613,1,0.00369807000760549,0.13915224415775143,0.12480000000000001,2.5,0.0,1.0,0.0,0.0,0.0,0.0,0.0,0.0,0.0
1614,0,0.0034869536259459384,0.13915224415775143,0.14279999999999998,-0.5,0.0,1.0,0.0,0.0,0.0,0.0,0.0,0.0,0.0
1615,1,0.00547268427854289,0.13915224415775143,0.17980000000000002,-0.8,0.0,1.0,0.0,0.0,0.0,0.0,0.0,0.0,0.0
1616,0,0.0051926679898982135,0.13915224415775143,0.1324,-0.3,0.0,1.0,0.0,0.0,0.0,0.0,0.0,0.0,0.0
1617,1,0.007183698635340176,0.13915224415775143,0.34979999999999994,1.6,0.0,1.0,0.0,0.0,0.0,0.0,0.0,0.0,0.0
1618,1,0.0074694565829002794,0.13915224415775143,0.3432,0.7,0.0,1.0,0.0,0.0,0.0,0.0,0.0,0.0,0.0
1619,1,0.008313922109538486,0.13915224415775143,0.1446,-1.7,0.0,1.0,0.0,0.0,0.0,0.0,0.0,0.0,0.0
1620,0,0.0055358425266125895,0.13915224415775143,0.187,0.2,0.0,1.0,0.0,0.0,0.0,0.0,0.0,0.0,0.0
1621,1,0.006114866744929895,0.13915224415775143,0.1018,0.6,0.0,1.0,0.0,0.0,0.0,0.0,0.0,0.0,0.0
1622,1,0.008324963761298923,0.13915224415775143,0.0674,2.3,0.0,1.0,0.0,0.0,0.0,0.0,0.0,0.0,0.0
1623,0,0.007716789582334064,0.13915224415775143,0.36219999999999997,0.5,0.0,1.0,0.0,0.0,0.0,0.0,0.0,0.0,0.0
1624,0,0.007476964906097377,0.13915224415775143,0.11699999999999999,0.3,0.0,1.0,0.0,0.0,0.0,0.0,0.0,0.0,0.0
1625,1,0.007559556461265444,0.13915224415775143,0.193,1.3,0.0,1.0,0.0,0.0,0.0,0.0,0.0,0.0,0.0
1626,0,0.007060915467764118,0.13915224415775143,0.3454,-0.9,0.0,1.0,0.0,0.0,0.0,0.0,0.0,0.0,0.0
1627,1,0.011132634970942789,0.13915224415775143,0.11939999999999999,-0.2,0.0,1.0,0.0,0.0,0.0,0.0,0.0,0.0,0.0
1628,0,0.010389310974430185,0.13915224415775143,0.3398,2.2,0.0,1.0,0.0,0.0,0.0,0.0,0.0,0.0,0.0
1629,1,0.01433427231539904,0.13915224415775143,0.316,-1.5,0.0,1.0,0.0,0.0,0.0,0.0,0.0,0.0,0.0
1630,1,0.0145961802951566,0.13915224415775143,0.08439999999999999,-1.7,0.0,1.0,0.0,0.0,0.0,0.0,0.0,0.0,0.0
1631,1,0.01602364503474587,0.13915224415775143,0.24420000000000003,-0.6,0.0,1.0,0.0,0.0,0.0,0.0,0.0,0.0,0.0
1632,0,0.013984031121557985,0.13915224415775143,0.128,-0.1,0.0,1.0,0.0,0.0,0.0,0.0,0.0,0.0,0.0
1633,1,0.016167186507631548,0.13915224415775143,0.1298,0.9,0.0,1.0,0.0,0.0,0.0,0.0,0.0,0.0,0.0
1634,1,0.017739959384388163,0.13915224415775143,0.1152,0.3,0.0,1.0,0.0,0.0,0.0,0.0,0.0,0.0,0.0
1635,0,0.0137265398025046,0.13915224415775143,0.195,0.6,0.0,1.0,0.0,0.0,0.0,0.0,0.0,0.0,0.0
1636,0,0.010703777216567425,0.13915224415775143,0.36939999999999995,-0.9,0.0,1.0,0.0,0.0,0.0,0.0,0.0,0.0,0.0
1637,0,0.009963103216477325,0.13915224415775143,0.3518,0.6,0.0,1.0,0.0,0.0,0.0,0.0,0.0,0.0,0.0
1638,1,0.01095243521421246,0.13915224415775143,0.109,-1.6,0.0,1.0,0.0,0.0,0.0,0.0,0.0,0.0,0.0
1639,1,0.01298056580956949,0.13915224415775143,0.1474,-0.9,0.0,1.0,0.0,0.0,0.0,0.0,0.0,0.0,0.0
1640,0,0.0095934287155379,0.13915224415775143,0.2696,1.5,0.0,1.0,0.0,0.0,0.0,0.0,0.0,0.0,0.0
1641,0,0.007077698778439982,0.13915224415775143,0.1832,-1.4,0.0,1.0,0.0,0.0,0.0,0.0,0.0,0.0,0.0
1642,0,0.0070710737873837205,0.13915224415775143,0.49,-0.8,0.0,1.0,0.0,0.0,0.0,0.0,0.0,0.0,0.0
1643,0,0.006393558035363319,0.13915224415775143,0.1804,-0.6,0.0,1.0,0.0,0.0,0.0,0.0,0.0,0.0,0.0
1644,0,0.00474791025698782,0.13915224415775143,0.12960000000000002,-0.5,0.0,1.0,0.0,0.0,0.0,0.0,0.0,0.0,0.0
1645,1,0.005024834883139574,0.13915224415775143,0.41600000000000004,0.5,0.0,1.0,0.0,0.0,0.0,0.0,0.0,0.0,0.0
1646,1,0.005886525386524061,0.13915224415775143,0.445,2.2,0.0,1.0,0.0,0.0,0.0,0.0,0.0,0.0,0.0
1647,0,0.005142759723941039,0.13915224415775143,0.1528,-0.7,0.0,1.0,0.0,0.0,0.0,0.0,0.0,0.0,0.0
1648,1,0.005159543034616903,0.13915224415775143,0.1646,-1.1,0.0,1.0,0.0,0.0,0.0,0.0,0.0,0.0,0.0
1649,0,0.004573010493102501,0.13915224415775143,0.4546,0.6,0.0,1.0,0.0,0.0,0.0,0.0,0.0,0.0,0.0
1650,0,0.0023244885286071533,0.13915224415775143,0.1184,0.1,0.0,1.0,0.0,0.0,0.0,0.0,0.0,0.0,0.0
1651,1,0.004956818308295283,0.13915224415775143,0.3624,-1.2,0.0,1.0,0.0,0.0,0.0,0.0,0.0,0.0,0.0
1652,0,0.004070836171037835,0.13915224415775143,0.16899999999999998,-1.2,0.0,1.0,0.0,0.0,0.0,0.0,0.0,0.0,0.0
1653,0,0.003592511816775714,0.13915224415775143,0.2036,-0.8,0.0,1.0,0.0,0.0,0.0,0.0,0.0,0.0,0.0
1654,1,0.004799585187226664,0.13915224415775143,0.4428,1.2,0.0,1.0,0.0,0.0,0.0,0.0,0.0,0.0,0.0
1655,0,0.003996194605137283,0.13915224415775143,0.3396,-1.1,0.0,1.0,0.0,0.0,0.0,0.0,0.0,0.0,0.0
1656,1,0.010131819655376798,0.0022426478184647317,0.081,-0.1,0.0,0.0,0.0,0.0,1.0,0.0,0.0,0.0,0.0
1657,1,0.010312019412107127,0.0022426478184647317,0.0848,0.9,0.0,0.0,0.0,0.0,1.0,0.0,0.0,0.0,0.0
1658,1,0.012735882806558211,0.0022426478184647317,0.135,0.3,0.0,0.0,0.0,0.0,1.0,0.0,0.0,0.0,0.0
1659,1,0.01956271525700107,0.0022426478184647317,0.111,0.6,0.0,0.0,0.0,0.0,1.0,0.0,0.0,0.0,0.0
1660,0,0.015574912307201719,0.0022426478184647317,0.3212,-0.9,0.0,0.0,0.0,0.0,1.0,0.0,0.0,0.0,0.0
1661,1,0.02514758271743,0.0022426478184647317,0.2266,0.6,0.0,0.0,0.0,0.0,1.0,0.0,0.0,0.0,0.0
1662,0,0.018683358110799884,0.0022426478184647317,0.17739999999999997,-1.6,0.0,0.0,0.0,0.0,1.0,0.0,0.0,0.0,0.0
1663,1,0.026545455830301296,0.0022426478184647317,0.1728,-0.9,0.0,0.0,0.0,0.0,1.0,0.0,0.0,0.0,0.0
1664,0,0.02196847034256504,0.0022426478184647317,0.115,1.5,0.0,0.0,0.0,0.0,1.0,0.0,0.0,0.0,0.0
1665,1,0.029196777251017377,0.0022426478184647317,0.3886,-1.4,0.0,0.0,0.0,0.0,1.0,0.0,0.0,0.0,0.0
1666,0,0.028239245210352298,0.0022426478184647317,0.5436,-0.8,0.0,0.0,0.0,0.0,1.0,0.0,0.0,0.0,0.0
1667,1,0.05041353194173188,0.0022426478184647317,0.1602,-0.6,0.0,0.0,0.0,0.0,1.0,0.0,0.0,0.0,0.0
1668,1,0.0511926308899483,0.0022426478184647317,0.151,-0.5,0.0,0.0,0.0,0.0,1.0,0.0,0.0,0.0,0.0
1669,1,0.05563049156550305,0.0022426478184647317,0.3448,0.5,0.0,0.0,0.0,0.0,1.0,0.0,0.0,0.0,0.0
1670,1,0.057213422761879275,0.0022426478184647317,0.4218,2.2,0.0,0.0,0.0,0.0,1.0,0.0,0.0,0.0,0.0
1671,1,0.07526564005805259,0.0022426478184647317,0.3332,-0.7,0.0,0.0,0.0,0.0,1.0,0.0,0.0,0.0,0.0
1672,0,0.06585152776710418,0.0022426478184647317,0.18280000000000002,-1.1,0.0,0.0,0.0,0.0,1.0,0.0,0.0,0.0,0.0
1673,1,0.07460534928277847,0.0022426478184647317,0.27,0.6,0.0,0.0,0.0,0.0,1.0,0.0,0.0,0.0,0.0
1674,0,0.03025280082538555,0.0022426478184647317,0.24359999999999998,0.1,0.0,0.0,0.0,0.0,1.0,0.0,0.0,0.0,0.0
1675,1,0.03747050774814787,0.0022426478184647317,0.1524,-1.2,0.0,0.0,0.0,0.0,1.0,0.0,0.0,0.0,0.0
1676,1,0.04068097841401248,0.0022426478184647317,0.2242,-1.2,0.0,0.0,0.0,0.0,1.0,0.0,0.0,0.0,0.0
1677,0,0.02586882341042173,0.0022426478184647317,0.46020000000000005,-0.8,0.0,0.0,0.0,0.0,1.0,0.0,0.0,0.0,0.0
1678,1,0.028163720312310913,0.0022426478184647317,0.4988,1.2,0.0,0.0,0.0,0.0,1.0,0.0,0.0,0.0,0.0
1679,0,0.021672112409314916,0.0022426478184647317,0.32380000000000003,-1.1,0.0,0.0,0.0,0.0,1.0,0.0,0.0,0.0,0.0
1680,1,0.008311713779186398,0.0001573509100127629,0.10619999999999999,0.6,1.0,0.0,0.0,0.0,0.0,0.0,0.0,0.0,0.0
1681,1,0.008630596682027812,0.0001573509100127629,0.068,0.0,1.0,0.0,0.0,0.0,0.0,0.0,0.0,0.0,0.0
1682,0,0.007802031133924636,0.0001573509100127629,0.06480000000000001,0.1,1.0,0.0,0.0,0.0,0.0,0.0,0.0,0.0,0.0
1683,1,0.008199972263370778,0.0001573509100127629,0.065,2.5,1.0,0.0,0.0,0.0,0.0,0.0,0.0,0.0,0.0
1684,0,0.007033973837468652,0.0001573509100127629,0.0318,-0.5,1.0,0.0,0.0,0.0,0.0,0.0,0.0,0.0,0.0
1685,1,0.00847380522702961,0.0001573509100127629,0.1192,-0.8,1.0,0.0,0.0,0.0,0.0,0.0,0.0,0.0,0.0
1686,0,0.007837806085628451,0.0001573509100127629,0.0622,-0.3,1.0,0.0,0.0,0.0,0.0,0.0,0.0,0.0,0.0
1687,0,0.005600767438963958,0.0001573509100127629,0.053,1.6,1.0,0.0,0.0,0.0,0.0,0.0,0.0,0.0,0.0
1688,1,0.005697050642314966,0.0001573509100127629,0.0602,0.7,1.0,0.0,0.0,0.0,0.0,0.0,0.0,0.0,0.0
1689,0,0.0056692256798786655,0.0001573509100127629,0.1298,-1.7,1.0,0.0,0.0,0.0,0.0,0.0,0.0,0.0,0.0
1690,1,0.006643541031219608,0.0001573509100127629,0.3194,0.2,1.0,0.0,0.0,0.0,0.0,0.0,0.0,0.0,0.0
1691,1,0.006741149232781869,0.0001573509100127629,0.2724,0.6,1.0,0.0,0.0,0.0,0.0,0.0,0.0,0.0,0.0
1692,1,0.0070441321570882546,0.0001573509100127629,0.1628,2.3,1.0,0.0,0.0,0.0,0.0,0.0,0.0,0.0,0.0
1693,0,0.006792382496950296,0.0001573509100127629,0.021,0.5,1.0,0.0,0.0,0.0,0.0,0.0,0.0,0.0,0.0
1694,0,0.00548151759995124,0.0001573509100127629,0.1168,0.3,1.0,0.0,0.0,0.0,0.0,0.0,0.0,0.0,0.0
1695,1,0.007173098649650157,0.0001573509100127629,0.064,1.3,1.0,0.0,0.0,0.0,0.0,0.0,0.0,0.0,0.0
1696,0,0.00579951717065182,0.0001573509100127629,0.31079999999999997,-0.9,1.0,0.0,0.0,0.0,0.0,0.0,0.0,0.0,0.0
1697,1,0.007917747644374014,0.0001573509100127629,0.059000000000000004,-0.2,1.0,0.0,0.0,0.0,0.0,0.0,0.0,0.0,0.0
1698,1,0.00863103834809823,0.0001573509100127629,0.4708,2.2,1.0,0.0,0.0,0.0,0.0,0.0,0.0,0.0,0.0
1699,0,0.0,0.0001573509100127629,0.365,-1.5,1.0,0.0,0.0,0.0,0.0,0.0,0.0,0.0,0.0
1700,1,0.008974212884812606,0.0001573509100127629,0.155,-0.1,1.0,0.0,0.0,0.0,0.0,0.0,0.0,0.0,0.0
1701,1,0.019136949165118627,0.0001573509100127629,0.3132,0.9,1.0,0.0,0.0,0.0,0.0,0.0,0.0,0.0,0.0
1702,0,0.013417815219282788,0.0001573509100127629,0.2168,0.3,1.0,0.0,0.0,0.0,0.0,0.0,0.0,0.0,0.0
1703,1,0.016191478141504508,0.0001573509100127629,0.2868,0.6,1.0,0.0,0.0,0.0,0.0,0.0,0.0,0.0,0.0
1704,1,0.019039340963556365,0.0001573509100127629,0.637,-0.9,1.0,0.0,0.0,0.0,0.0,0.0,0.0,0.0,0.0
1705,1,0.021750287303778808,0.0001573509100127629,0.10679999999999999,0.6,1.0,0.0,0.0,0.0,0.0,0.0,0.0,0.0,0.0
1706,1,0.026423555994866073,0.0001573509100127629,0.2352,-1.6,1.0,0.0,0.0,0.0,0.0,0.0,0.0,0.0,0.0
1707,0,0.01725368504085853,0.0001573509100127629,0.1592,-0.9,1.0,0.0,0.0,0.0,0.0,0.0,0.0,0.0,0.0
1708,1,0.02017707276095177,0.0001573509100127629,0.33880000000000005,1.5,1.0,0.0,0.0,0.0,0.0,0.0,0.0,0.0,0.0
1709,1,0.020579872217172508,0.0001573509100127629,0.6314,-1.4,1.0,0.0,0.0,0.0,0.0,0.0,0.0,0.0,0.0
1710,1,0.023069985522186212,0.0001573509100127629,0.47479999999999994,-0.8,1.0,0.0,0.0,0.0,0.0,0.0,0.0,0.0,0.0
1711,0,0.017911325819710142,0.0001573509100127629,0.1646,-0.6,1.0,0.0,0.0,0.0,0.0,0.0,0.0,0.0,0.0
1712,1,0.020480497351328574,0.0001573509100127629,0.1074,-0.5,1.0,0.0,0.0,0.0,0.0,0.0,0.0,0.0,0.0
1713,1,0.022429569720080877,0.0001573509100127629,0.18,0.5,1.0,0.0,0.0,0.0,0.0,0.0,0.0,0.0,0.0
1714,0,0.021949478701537087,0.0001573509100127629,0.3778,2.2,1.0,0.0,0.0,0.0,0.0,0.0,0.0,0.0,0.0
1715,1,0.02279261922996404,0.0001573509100127629,0.299,-0.7,1.0,0.0,0.0,0.0,0.0,0.0,0.0,0.0,0.0
1716,1,0.026732722244158305,0.0001573509100127629,0.3496,-1.1,1.0,0.0,0.0,0.0,0.0,0.0,0.0,0.0,0.0
1717,0,0.024296933865805947,0.0001573509100127629,0.3968,0.6,1.0,0.0,0.0,0.0,0.0,0.0,0.0,0.0,0.0
1718,0,0.013256165437509992,0.0001573509100127629,0.4376,0.1,1.0,0.0,0.0,0.0,0.0,0.0,0.0,0.0,0.0
1719,1,0.015853603597635144,0.0001573509100127629,0.547,-1.2,1.0,0.0,0.0,0.0,0.0,0.0,0.0,0.0,0.0
1720,1,0.026746413892341246,0.0001573509100127629,0.2064,-1.2,1.0,0.0,0.0,0.0,0.0,0.0,0.0,0.0,0.0
1721,1,0.029757693160447567,0.0001573509100127629,0.6038,-0.8,1.0,0.0,0.0,0.0,0.0,0.0,0.0,0.0,0.0
1722,0,0.022744035962218117,0.0001573509100127629,0.5454,1.2,1.0,0.0,0.0,0.0,0.0,0.0,0.0,0.0,0.0
1723,1,0.0242527672587642,0.0001573509100127629,0.1524,-1.1,1.0,0.0,0.0,0.0,0.0,0.0,0.0,0.0,0.0
1724,1,0.0013722564807870843,0.0001025165019780122,0.1782,-0.3,0.0,0.0,0.0,0.0,0.0,1.0,0.0,0.0,0.0
1725,1,0.001957464024090234,0.0001025165019780122,0.0236,1.6,0.0,0.0,0.0,0.0,0.0,1.0,0.0,0.0,0.0
1726,1,0.0023933884355922786,0.0001025165019780122,0.2186,0.7,0.0,0.0,0.0,0.0,0.0,1.0,0.0,0.0,0.0
1727,1,0.0024843716460982777,0.0001025165019780122,0.19,-1.7,0.0,0.0,0.0,0.0,0.0,1.0,0.0,0.0,0.0
1728,1,0.0026226131261389463,0.0001025165019780122,0.3998,0.2,0.0,0.0,0.0,0.0,0.0,1.0,0.0,0.0,0.0
1729,0,0.0023147718750579685,0.0001025165019780122,0.2332,0.6,0.0,0.0,0.0,0.0,0.0,1.0,0.0,0.0,0.0
1730,1,0.0028248961863901485,0.0001025165019780122,0.2158,2.3,0.0,0.0,0.0,0.0,0.0,1.0,0.0,0.0,0.0
1731,1,0.00408585281743203,0.0001025165019780122,0.0286,0.5,0.0,0.0,0.0,0.0,0.0,1.0,0.0,0.0,0.0
1732,1,0.004535468877117016,0.0001025165019780122,0.15380000000000002,0.3,0.0,0.0,0.0,0.0,0.0,1.0,0.0,0.0,0.0
1733,0,0.00416623604224801,0.0001025165019780122,0.12619999999999998,1.3,0.0,0.0,0.0,0.0,0.0,1.0,0.0,0.0,0.0
1734,0,0.0037700615770835375,0.0001025165019780122,0.1568,-0.9,0.0,0.0,0.0,0.0,0.0,1.0,0.0,0.0,0.0
1735,0,0.0037148533182813537,0.0001025165019780122,0.0676,-0.2,0.0,0.0,0.0,0.0,0.0,1.0,0.0,0.0,0.0
1736,1,0.00415386939227632,0.0001025165019780122,0.4384,2.2,0.0,0.0,0.0,0.0,0.0,1.0,0.0,0.0,0.0
1737,1,0.004259869249176514,0.0001025165019780122,0.201,-1.5,0.0,0.0,0.0,0.0,0.0,1.0,0.0,0.0,0.0
1738,0,0.0042020109939518244,0.0001025165019780122,0.1998,-1.7,0.0,0.0,0.0,0.0,0.0,1.0,0.0,0.0,0.0
1739,1,0.004481585616526084,0.0001025165019780122,0.133,-0.6,0.0,0.0,0.0,0.0,0.0,1.0,0.0,0.0,0.0
1740,1,0.005442650985754503,0.0001025165019780122,0.1782,-0.1,0.0,0.0,0.0,0.0,0.0,1.0,0.0,0.0,0.0
1741,0,0.0050866681329980205,0.0001025165019780122,0.2336,0.9,0.0,0.0,0.0,0.0,0.0,1.0,0.0,0.0,0.0
1742,0,0.004819901826465868,0.0001025165019780122,0.1168,0.3,0.0,0.0,0.0,0.0,0.0,1.0,0.0,0.0,0.0
1743,0,0.0035191952490864135,0.0001025165019780122,0.0492,0.6,0.0,0.0,0.0,0.0,0.0,1.0,0.0,0.0,0.0
1744,0,0.003446320347467531,0.0001025165019780122,0.20559999999999998,-0.9,0.0,0.0,0.0,0.0,0.0,1.0,0.0,0.0,0.0
1745,1,0.003544811881170627,0.0001025165019780122,0.4142,0.6,0.0,0.0,0.0,0.0,0.0,1.0,0.0,0.0,0.0
1746,0,0.003253753940765513,0.0001025165019780122,0.0894,-1.6,0.0,0.0,0.0,0.0,0.0,1.0,0.0,0.0,0.0
1747,1,0.004351735791823348,0.0001025165019780122,0.1226,-0.9,0.0,0.0,0.0,0.0,0.0,1.0,0.0,0.0,0.0
1748,1,0.005446184314317842,0.0001025165019780122,0.16519999999999999,1.5,0.0,0.0,0.0,0.0,0.0,1.0,0.0,0.0,0.0
1749,0,0.004760718573029926,0.0001025165019780122,0.2632,-1.4,0.0,0.0,0.0,0.0,0.0,1.0,0.0,0.0,0.0
1750,0,0.003655228398774995,0.0001025165019780122,0.3148,-0.8,0.0,0.0,0.0,0.0,0.0,1.0,0.0,0.0,0.0
1751,0,0.0030974041518377284,0.0001025165019780122,0.3456,-0.6,0.0,0.0,0.0,0.0,0.0,1.0,0.0,0.0,0.0
1752,1,0.003994869606926031,0.0001025165019780122,0.1352,-0.5,0.0,0.0,0.0,0.0,0.0,1.0,0.0,0.0,0.0
1753,0,0.003351803808398192,0.0001025165019780122,0.327,0.5,0.0,0.0,0.0,0.0,0.0,1.0,0.0,0.0,0.0
1754,1,0.004235135949233135,0.0001025165019780122,0.41659999999999997,2.2,0.0,0.0,0.0,0.0,0.0,1.0,0.0,0.0,0.0
1755,1,0.0047426102641428105,0.0001025165019780122,0.4192,-0.7,0.0,0.0,0.0,0.0,0.0,1.0,0.0,0.0,0.0
1756,1,0.004841101797845906,0.0001025165019780122,0.46740000000000004,-1.1,0.0,0.0,0.0,0.0,0.0,1.0,0.0,0.0,0.0
1757,0,0.004240877608148562,0.0001025165019780122,0.43560000000000004,0.6,0.0,0.0,0.0,0.0,0.0,1.0,0.0,0.0,0.0
1758,0,0.000816640564201905,0.0001025165019780122,0.5197999999999999,0.1,0.0,0.0,0.0,0.0,0.0,1.0,0.0,0.0,0.0
1759,1,0.001134198468832067,0.0001025165019780122,0.2394,-1.2,0.0,0.0,0.0,0.0,0.0,1.0,0.0,0.0,0.0
1760,1,0.0021266221290601258,0.0001025165019780122,0.1716,-1.2,0.0,0.0,0.0,0.0,0.0,1.0,0.0,0.0,0.0
1761,1,0.002818712861404304,0.0001025165019780122,0.36060000000000003,-0.8,0.0,0.0,0.0,0.0,0.0,1.0,0.0,0.0,0.0
1762,0,0.002786912904334246,0.0001025165019780122,0.5506,1.2,0.0,0.0,0.0,0.0,0.0,1.0,0.0,0.0,0.0
1763,0,0.002056838889934165,0.0001025165019780122,0.1476,-1.1,0.0,0.0,0.0,0.0,0.0,1.0,0.0,0.0,0.0
1764,1,0.020684988741931865,0.06467360811994272,0.0748,-0.6,0.0,0.0,0.0,0.0,0.0,0.0,0.0,0.0,1.0
1765,1,0.023330126837662103,0.06467360811994272,0.16879999999999998,-0.1,0.0,0.0,0.0,0.0,0.0,0.0,0.0,0.0,1.0
1766,1,0.02734663808203859,0.06467360811994272,0.2738,0.9,0.0,0.0,0.0,0.0,0.0,0.0,0.0,0.0,1.0
1767,1,0.03332326334692781,0.06467360811994272,0.1116,0.3,0.0,0.0,0.0,0.0,0.0,0.0,0.0,0.0,1.0
1768,1,0.03452592005667459,0.06467360811994272,0.3014,0.6,0.0,0.0,0.0,0.0,0.0,0.0,0.0,0.0,1.0
1769,1,0.03895494741082099,0.06467360811994272,0.1636,-0.9,0.0,0.0,0.0,0.0,0.0,0.0,0.0,0.0,1.0
1770,0,0.03592688483203881,0.06467360811994272,0.2982,0.6,0.0,0.0,0.0,0.0,0.0,0.0,0.0,0.0,1.0
1771,0,0.034656653213518164,0.06467360811994272,0.16760000000000003,-1.6,0.0,0.0,0.0,0.0,0.0,0.0,0.0,0.0,1.0
1772,1,0.03939219682053429,0.06467360811994272,0.005600000000000001,-0.9,0.0,0.0,0.0,0.0,0.0,0.0,0.0,0.0,1.0
1773,0,0.03382808766541499,0.06467360811994272,0.17579999999999998,1.5,0.0,0.0,0.0,0.0,0.0,0.0,0.0,0.0,1.0
1774,1,0.03515087754631531,0.06467360811994272,0.0572,-1.4,0.0,0.0,0.0,0.0,0.0,0.0,0.0,0.0,1.0
1775,0,0.03216698157457487,0.06467360811994272,0.37799999999999995,-0.8,0.0,0.0,0.0,0.0,0.0,0.0,0.0,0.0,1.0
1776,1,0.03423397878412864,0.06467360811994272,0.3486,-0.6,0.0,0.0,0.0,0.0,0.0,0.0,0.0,0.0,1.0
1777,1,0.03428786204471957,0.06467360811994272,0.6265999999999999,-0.5,0.0,0.0,0.0,0.0,0.0,0.0,0.0,0.0,1.0
1778,1,0.04210270149468631,0.06467360811994272,0.6437999999999999,0.5,0.0,0.0,0.0,0.0,0.0,0.0,0.0,0.0,1.0
1779,1,0.04651052887745268,0.06467360811994272,0.33020000000000005,2.2,0.0,0.0,0.0,0.0,0.0,0.0,0.0,0.0,1.0
1780,1,0.05055354008605422,0.06467360811994272,0.5094,-0.7,0.0,0.0,0.0,0.0,0.0,0.0,0.0,0.0,1.0
1781,0,0.04596904627512086,0.06467360811994272,0.252,-1.1,0.0,0.0,0.0,0.0,0.0,0.0,0.0,0.0,1.0
1782,0,0.04300944193725338,0.06467360811994272,0.15539999999999998,0.6,0.0,0.0,0.0,0.0,0.0,0.0,0.0,0.0,1.0
1783,0,0.028835936071486303,0.06467360811994272,0.42200000000000004,0.1,0.0,0.0,0.0,0.0,0.0,0.0,0.0,0.0,1.0
1784,1,0.05172483850480135,0.06467360811994272,0.7173999999999999,-1.2,0.0,0.0,0.0,0.0,0.0,0.0,0.0,0.0,1.0
1785,0,0.05160558866578863,0.06467360811994272,0.4266,-1.2,0.0,0.0,0.0,0.0,0.0,0.0,0.0,0.0,1.0
1786,0,0.046558670479128185,0.06467360811994272,0.1744,-0.8,0.0,0.0,0.0,0.0,0.0,0.0,0.0,0.0,1.0
1787,0,0.04145212737296138,0.06467360811994272,0.332,1.2,0.0,0.0,0.0,0.0,0.0,0.0,0.0,0.0,1.0
1788,1,0.04229570956745875,0.06467360811994272,0.501,-1.1,0.0,0.0,0.0,0.0,0.0,0.0,0.0,0.0,1.0
1789,0,0.0030421958930355445,0.02264343171208916,0.065,2.5,1.0,0.0,0.0,0.0,0.0,0.0,0.0,0.0,0.0
1790,0,0.0023717467981418227,0.02264343171208916,0.0318,-0.5,1.0,0.0,0.0,0.0,0.0,0.0,0.0,0.0,0.0
1791,0,0.002356288485677211,0.02264343171208916,0.1192,-0.8,1.0,0.0,0.0,0.0,0.0,0.0,0.0,0.0,0.0
1792,0,0.002183155386073562,0.02264343171208916,0.0622,-0.3,1.0,0.0,0.0,0.0,0.0,0.0,0.0,0.0,0.0
1793,1,0.004913093367323954,0.02264343171208916,0.053,1.6,1.0,0.0,0.0,0.0,0.0,0.0,0.0,0.0,0.0
1794,1,0.005520384214147978,0.02264343171208916,0.0602,0.7,1.0,0.0,0.0,0.0,0.0,0.0,0.0,0.0,0.0
1795,0,0.0053384177931359795,0.02264343171208916,0.1298,-1.7,1.0,0.0,0.0,0.0,0.0,0.0,0.0,0.0,0.0
1796,0,0.005109634768659729,0.02264343171208916,0.3194,0.2,1.0,0.0,0.0,0.0,0.0,0.0,0.0,0.0,0.0
1797,1,0.006788407502316539,0.02264343171208916,0.2724,0.6,1.0,0.0,0.0,0.0,0.0,0.0,0.0,0.0,0.0
1798,0,0.0063962080317858236,0.02264343171208916,0.1628,2.3,1.0,0.0,0.0,0.0,0.0,0.0,0.0,0.0,0.0
1799,0,0.006102058428887788,0.02264343171208916,0.021,0.5,1.0,0.0,0.0,0.0,0.0,0.0,0.0,0.0,0.0
1800,1,0.006128116727042419,0.02264343171208916,0.1168,0.3,1.0,0.0,0.0,0.0,0.0,0.0,0.0,0.0,0.0
1801,1,0.008569205098239784,0.02264343171208916,0.064,1.3,1.0,0.0,0.0,0.0,0.0,0.0,0.0,0.0,0.0
1802,0,0.007864747715923917,0.02264343171208916,0.31079999999999997,-0.9,1.0,0.0,0.0,0.0,0.0,0.0,0.0,0.0,0.0
1803,1,0.010161852948165186,0.02264343171208916,0.059000000000000004,-0.2,1.0,0.0,0.0,0.0,0.0,0.0,0.0,0.0,0.0
1804,0,0.008871746356475751,0.02264343171208916,0.4708,2.2,1.0,0.0,0.0,0.0,0.0,0.0,0.0,0.0,0.0
1805,1,0.00897686288123511,0.02264343171208916,0.365,-1.5,1.0,0.0,0.0,0.0,0.0,0.0,0.0,0.0,0.0
1806,0,0.006212474946492155,0.02264343171208916,0.1158,-1.7,1.0,0.0,0.0,0.0,0.0,0.0,0.0,0.0,0.0
1807,1,0.0070445738231586725,0.02264343171208916,0.21960000000000002,-0.6,1.0,0.0,0.0,0.0,0.0,0.0,0.0,0.0,0.0
1808,1,0.007082557105214575,0.02264343171208916,0.155,-0.1,1.0,0.0,0.0,0.0,0.0,0.0,0.0,0.0,0.0
1809,0,0.006445674631672581,0.02264343171208916,0.3132,0.9,1.0,0.0,0.0,0.0,0.0,0.0,0.0,0.0,0.0
1810,0,0.006044641839733516,0.02264343171208916,0.2168,0.3,1.0,0.0,0.0,0.0,0.0,0.0,0.0,0.0,0.0
1811,0,0.004613202105510491,0.02264343171208916,0.2868,0.6,1.0,0.0,0.0,0.0,0.0,0.0,0.0,0.0,0.0
1812,1,0.01092461025177616,0.02264343171208916,0.637,-0.9,1.0,0.0,0.0,0.0,0.0,0.0,0.0,0.0,0.0
1813,0,0.008691104933675007,0.02264343171208916,0.10679999999999999,0.6,1.0,0.0,0.0,0.0,0.0,0.0,0.0,0.0,0.0
1814,1,0.009370387349977078,0.02264343171208916,0.2352,-1.6,1.0,0.0,0.0,0.0,0.0,0.0,0.0,0.0,0.0
1815,1,0.010253719490812021,0.02264343171208916,0.1592,-0.9,1.0,0.0,0.0,0.0,0.0,0.0,0.0,0.0,0.0
1816,0,0.009299279112639865,0.02264343171208916,0.33880000000000005,1.5,1.0,0.0,0.0,0.0,0.0,0.0,0.0,0.0,0.0
1817,0,0.008518413500141774,0.02264343171208916,0.6314,-1.4,1.0,0.0,0.0,0.0,0.0,0.0,0.0,0.0,0.0
1818,1,0.00974403684555026,0.02264343171208916,0.47479999999999994,-0.8,1.0,0.0,0.0,0.0,0.0,0.0,0.0,0.0,0.0
1819,0,0.007167798656805146,0.02264343171208916,0.1646,-0.6,1.0,0.0,0.0,0.0,0.0,0.0,0.0,0.0,0.0
1820,1,0.008474246893100027,0.02264343171208916,0.1074,-0.5,1.0,0.0,0.0,0.0,0.0,0.0,0.0,0.0,0.0
1821,0,0.008191580608032847,0.02264343171208916,0.18,0.5,1.0,0.0,0.0,0.0,0.0,0.0,0.0,0.0,0.0
1822,1,0.009760820156226122,0.02264343171208916,0.3778,2.2,1.0,0.0,0.0,0.0,0.0,0.0,0.0,0.0,0.0
1823,0,0.009726811868803977,0.02264343171208916,0.299,-0.7,1.0,0.0,0.0,0.0,0.0,0.0,0.0,0.0,0.0
1824,0,0.008233538884722506,0.02264343171208916,0.3496,-1.1,1.0,0.0,0.0,0.0,0.0,0.0,0.0,0.0,0.0
1825,1,0.009108479370219517,0.02264343171208916,0.3968,0.6,1.0,0.0,0.0,0.0,0.0,0.0,0.0,0.0,0.0
1826,0,0.005070326488392574,0.02264343171208916,0.4376,0.1,1.0,0.0,0.0,0.0,0.0,0.0,0.0,0.0,0.0
1827,0,0.004338485809710823,0.02264343171208916,0.547,-1.2,1.0,0.0,0.0,0.0,0.0,0.0,0.0,0.0,0.0
1828,1,0.005168376356025252,0.02264343171208916,0.2064,-1.2,1.0,0.0,0.0,0.0,0.0,0.0,0.0,0.0,0.0
1829,1,0.005493442583852512,0.02264343171208916,0.6038,-0.8,1.0,0.0,0.0,0.0,0.0,0.0,0.0,0.0,0.0
1830,1,0.007822789439234257,0.02264343171208916,0.5454,1.2,1.0,0.0,0.0,0.0,0.0,0.0,0.0,0.0,0.0
1831,0,0.006981415575088973,0.02264343171208916,0.1524,-1.1,1.0,0.0,0.0,0.0,0.0,0.0,0.0,0.0,0.0
1832,0,0.0034215870475241524,5.562910960047174e-06,0.4384,2.2,0.0,0.0,0.0,0.0,0.0,1.0,0.0,0.0,0.0
1833,0,0.002904837745135711,5.562910960047174e-06,0.201,-1.5,0.0,0.0,0.0,0.0,0.0,1.0,0.0,0.0,0.0
1834,0,0.0025157299370979183,5.562910960047174e-06,0.1998,-1.7,0.0,0.0,0.0,0.0,0.0,1.0,0.0,0.0,0.0
1835,1,0.002547971560238394,5.562910960047174e-06,0.133,-0.6,0.0,0.0,0.0,0.0,0.0,1.0,0.0,0.0,0.0
1836,0,0.0011280151438462225,5.562910960047174e-06,0.1782,-0.1,0.0,0.0,0.0,0.0,0.0,1.0,0.0,0.0,0.0
1837,0,0.0010895901957199024,5.562910960047174e-06,0.2336,0.9,0.0,0.0,0.0,0.0,0.0,1.0,0.0,0.0,0.0
1838,1,0.0027953045596721777,5.562910960047174e-06,0.1168,0.3,0.0,0.0,0.0,0.0,0.0,1.0,0.0,0.0,0.0
1839,1,0.0037850782234777314,5.562910960047174e-06,0.0492,0.6,0.0,0.0,0.0,0.0,0.0,1.0,0.0,0.0,0.0
1840,1,0.007445606615097736,5.562910960047174e-06,0.20559999999999998,-0.9,0.0,0.0,0.0,0.0,0.0,1.0,0.0,0.0,0.0
1841,1,0.007651423003912278,5.562910960047174e-06,0.4142,0.6,0.0,0.0,0.0,0.0,0.0,1.0,0.0,0.0,0.0
1842,1,0.007788781151812111,5.562910960047174e-06,0.0894,-1.6,0.0,0.0,0.0,0.0,0.0,1.0,0.0,0.0,0.0
1843,1,0.009633178661875474,5.562910960047174e-06,0.1226,-0.9,0.0,0.0,0.0,0.0,0.0,1.0,0.0,0.0,0.0
1844,0,0.008621321694549046,5.562910960047174e-06,0.16519999999999999,1.5,0.0,0.0,0.0,0.0,0.0,1.0,0.0,0.0,0.0
1845,0,0.00801270584951377,5.562910960047174e-06,0.2632,-1.4,0.0,0.0,0.0,0.0,0.0,1.0,0.0,0.0,0.0
1846,0,0.002935312703994516,5.562910960047174e-06,0.3148,-0.8,0.0,0.0,0.0,0.0,0.0,1.0,0.0,0.0,0.0
1847,0,0.0025113132763937437,5.562910960047174e-06,0.3456,-0.6,0.0,0.0,0.0,0.0,0.0,1.0,0.0,0.0,0.0
1848,1,0.004105286124530399,5.562910960047174e-06,0.1352,-0.5,0.0,0.0,0.0,0.0,0.0,1.0,0.0,0.0,0.0
1849,0,0.003643303414873723,5.562910960047174e-06,0.327,0.5,0.0,0.0,0.0,0.0,0.0,1.0,0.0,0.0,0.0
1850,0,0.0031574707374145044,5.562910960047174e-06,0.41659999999999997,2.2,0.0,0.0,0.0,0.0,0.0,1.0,0.0,0.0,0.0
1851,0,0.00012234150150563963,5.562910960047174e-06,0.4192,-0.7,0.0,0.0,0.0,0.0,0.0,1.0,0.0,0.0,0.0
1852,0,4.814160167550441e-05,5.562910960047174e-06,0.46740000000000004,-1.1,0.0,0.0,0.0,0.0,0.0,1.0,0.0,0.0,0.0
1853,1,0.0016730310747413825,5.562910960047174e-06,0.43560000000000004,0.6,0.0,0.0,0.0,0.0,0.0,1.0,0.0,0.0,0.0
1854,0,0.0002552829887012986,5.562910960047174e-06,0.5197999999999999,0.1,0.0,0.0,0.0,0.0,0.0,1.0,0.0,0.0,0.0
1855,0,0.0,5.562910960047174e-06,0.2394,-1.2,0.0,0.0,0.0,0.0,0.0,1.0,0.0,0.0,0.0
1856,1,0.0008811238104828559,5.562910960047174e-06,0.1716,-1.2,0.0,0.0,0.0,0.0,0.0,1.0,0.0,0.0,0.0
1857,1,0.0015621728910665972,5.562910960047174e-06,0.36060000000000003,-0.8,0.0,0.0,0.0,0.0,0.0,1.0,0.0,0.0,0.0
1858,0,0.0014742813430535203,5.562910960047174e-06,0.5506,1.2,0.0,0.0,0.0,0.0,0.0,1.0,0.0,0.0,0.0
1859,0,0.0013793231379137637,5.562910960047174e-06,0.1476,-1.1,0.0,0.0,0.0,0.0,0.0,1.0,0.0,0.0,0.0
1860,0,0.005108751436518894,0.031494023049524214,0.13720000000000002,-1.1,0.0,0.0,1.0,0.0,0.0,0.0,0.0,0.0,0.0
1861,1,0.006027416862987235,0.031494023049524214,0.0654,0.6,0.0,0.0,1.0,0.0,0.0,0.0,0.0,0.0,0.0
1862,0,0.0029799209771066808,0.031494023049524214,0.22899999999999998,0.1,0.0,0.0,1.0,0.0,0.0,0.0,0.0,0.0,0.0
1863,1,0.006642657699078773,0.031494023049524214,0.45380000000000004,-1.2,0.0,0.0,1.0,0.0,0.0,0.0,0.0,0.0,0.0
1864,0,0.006058333487916458,0.031494023049524214,0.1818,-1.2,0.0,0.0,1.0,0.0,0.0,0.0,0.0,0.0,0.0
1865,1,0.008108105720723943,0.031494023049524214,0.15,-0.8,0.0,0.0,1.0,0.0,0.0,0.0,0.0,0.0,0.0
1866,1,0.009727695200944813,0.031494023049524214,0.33899999999999997,1.2,0.0,0.0,1.0,0.0,0.0,0.0,0.0,0.0,0.0
1867,1,0.019229699039906296,0.031494023049524214,0.42840000000000006,-1.1,0.0,0.0,1.0,0.0,0.0,0.0,0.0,0.0,0.0
1868,1,0.0034449953492562786,0.0034807928578580883,0.195,0.6,0.0,1.0,0.0,0.0,0.0,0.0,0.0,0.0,0.0
1869,1,0.00739967334377432,0.0034807928578580883,0.36939999999999995,-0.9,0.0,1.0,0.0,0.0,0.0,0.0,0.0,0.0,0.0
1870,1,0.010849968685875608,0.0034807928578580883,0.3518,0.6,0.0,1.0,0.0,0.0,0.0,0.0,0.0,0.0,0.0
1871,1,0.013521606745830894,0.0034807928578580883,0.109,-1.6,0.0,1.0,0.0,0.0,0.0,0.0,0.0,0.0,0.0
1872,1,0.016243153071743354,0.0034807928578580883,0.1474,-0.9,0.0,1.0,0.0,0.0,0.0,0.0,0.0,0.0,0.0
1873,1,0.018703674750039086,0.0034807928578580883,0.2696,1.5,0.0,1.0,0.0,0.0,0.0,0.0,0.0,0.0,0.0
1874,1,0.02623010625602322,0.0034807928578580883,0.1832,-1.4,0.0,1.0,0.0,0.0,0.0,0.0,0.0,0.0,0.0
1875,1,0.0334138048913634,0.0034807928578580883,0.49,-0.8,0.0,1.0,0.0,0.0,0.0,0.0,0.0,0.0,0.0
1876,1,0.0336818961961068,0.0034807928578580883,0.1804,-0.6,0.0,1.0,0.0,0.0,0.0,0.0,0.0,0.0,0.0
1877,0,0.027408912997967452,0.0034807928578580883,0.12960000000000002,-0.5,0.0,1.0,0.0,0.0,0.0,0.0,0.0,0.0,0.0
1878,1,0.044382140084110885,0.0034807928578580883,0.41600000000000004,0.5,0.0,1.0,0.0,0.0,0.0,0.0,0.0,0.0,0.0
1879,1,0.05913687849854736,0.0034807928578580883,0.445,2.2,0.0,1.0,0.0,0.0,0.0,0.0,0.0,0.0,0.0
1880,1,0.06347403931004693,0.0034807928578580883,0.1528,-0.7,0.0,1.0,0.0,0.0,0.0,0.0,0.0,0.0,0.0
1881,0,0.06151215862525252,0.0034807928578580883,0.1646,-1.1,0.0,1.0,0.0,0.0,0.0,0.0,0.0,0.0,0.0
1882,0,0.055550991672827905,0.0034807928578580883,0.4546,0.6,0.0,1.0,0.0,0.0,0.0,0.0,0.0,0.0,0.0
1883,0,0.04368430769285128,0.0034807928578580883,0.1184,0.1,0.0,1.0,0.0,0.0,0.0,0.0,0.0,0.0,0.0
1884,1,0.06195691635816292,0.0034807928578580883,0.3624,-1.2,0.0,1.0,0.0,0.0,0.0,0.0,0.0,0.0,0.0
1885,0,0.04671767026447848,0.0034807928578580883,0.16899999999999998,-1.2,0.0,1.0,0.0,0.0,0.0,0.0,0.0,0.0,0.0
1886,1,0.05113123930616027,0.0034807928578580883,0.2036,-0.8,0.0,1.0,0.0,0.0,0.0,0.0,0.0,0.0,0.0
1887,1,0.05216429624486674,0.0034807928578580883,0.4428,1.2,0.0,1.0,0.0,0.0,0.0,0.0,0.0,0.0,0.0
1888,0,0.04511442242886306,0.0034807928578580883,0.3396,-1.1,0.0,1.0,0.0,0.0,0.0,0.0,0.0,0.0,0.0
1889,1,0.008347488730890213,0.0004458275783694949,0.24739999999999998,-1.5,0.0,0.0,0.0,0.0,1.0,0.0,0.0,0.0,0.0
1890,1,0.009580178733425376,0.0004458275783694949,0.15560000000000002,-1.7,0.0,0.0,0.0,0.0,1.0,0.0,0.0,0.0,0.0
1891,1,0.01512750457786882,0.0004458275783694949,0.13140000000000002,-0.6,0.0,0.0,0.0,0.0,1.0,0.0,0.0,0.0,0.0
1892,0,0.013984914453698821,0.0004458275783694949,0.081,-0.1,0.0,0.0,0.0,0.0,1.0,0.0,0.0,0.0,0.0
1893,1,0.022661886073120467,0.0004458275783694949,0.0848,0.9,0.0,0.0,0.0,0.0,1.0,0.0,0.0,0.0,0.0
1894,1,0.025087957797923638,0.0004458275783694949,0.135,0.3,0.0,0.0,0.0,0.0,1.0,0.0,0.0,0.0,0.0
1895,0,0.012395358266266341,0.0004458275783694949,0.111,0.6,0.0,0.0,0.0,0.0,1.0,0.0,0.0,0.0,0.0
1896,0,0.009469762215821008,0.0004458275783694949,0.3212,-0.9,0.0,0.0,0.0,0.0,1.0,0.0,0.0,0.0,0.0
1897,0,0.0011072568385366013,0.0004458275783694949,0.2266,0.6,0.0,0.0,0.0,0.0,1.0,0.0,0.0,0.0,0.0
1898,0,0.001075015215396126,0.0004458275783694949,0.17739999999999997,-1.6,0.0,0.0,0.0,0.0,1.0,0.0,0.0,0.0,0.0
1899,1,0.0013152815577032303,0.0004458275783694949,0.1728,-0.9,0.0,0.0,0.0,0.0,1.0,0.0,0.0,0.0,0.0
1900,1,0.0015228646107994421,0.0004458275783694949,0.115,1.5,0.0,0.0,0.0,0.0,1.0,0.0,0.0,0.0,0.0
1901,0,0.0011841067347892413,0.0004458275783694949,0.3886,-1.4,0.0,0.0,0.0,0.0,1.0,0.0,0.0,0.0,0.0
1902,1,0.001548039576813238,0.0004458275783694949,0.5436,-0.8,0.0,0.0,0.0,0.0,1.0,0.0,0.0,0.0,0.0
1903,0,0.0014314397342230255,0.0004458275783694949,0.1602,-0.6,0.0,0.0,0.0,0.0,1.0,0.0,0.0,0.0,0.0
1904,1,0.0014901813215885491,0.0004458275783694949,0.151,-0.5,0.0,0.0,0.0,0.0,1.0,0.0,0.0,0.0,0.0
1905,0,0.0014601480288001611,0.0004458275783694949,0.3448,0.5,0.0,0.0,0.0,0.0,1.0,0.0,0.0,0.0,0.0
1906,1,0.0015687978821228592,0.0004458275783694949,0.4218,2.2,0.0,0.0,0.0,0.0,1.0,0.0,0.0,0.0,0.0
1907,0,0.0012878982613373472,0.0004458275783694949,0.3332,-0.7,0.0,0.0,0.0,0.0,1.0,0.0,0.0,0.0,0.0
1908,0,0.0012092817008030373,0.0004458275783694949,0.18280000000000002,-1.1,0.0,0.0,0.0,0.0,1.0,0.0,0.0,0.0,0.0
1909,1,0.0015634978892778496,0.0004458275783694949,0.27,0.6,0.0,0.0,0.0,0.0,1.0,0.0,0.0,0.0,0.0
1910,0,0.00011571651044937756,0.0004458275783694949,0.24359999999999998,0.1,0.0,0.0,0.0,0.0,1.0,0.0,0.0,0.0,0.0
1911,1,0.002044472239962476,0.0004458275783694949,0.1524,-1.2,0.0,0.0,0.0,0.0,1.0,0.0,0.0,0.0,0.0
1912,1,0.002343921835705522,0.0004458275783694949,0.2242,-1.2,0.0,0.0,0.0,0.0,1.0,0.0,0.0,0.0,0.0
1913,1,0.0033089621995676974,0.0004458275783694949,0.46020000000000005,-0.8,0.0,0.0,0.0,0.0,1.0,0.0,0.0,0.0,0.0
1914,1,0.0033279538405956485,0.0004458275783694949,0.4988,1.2,0.0,0.0,0.0,0.0,1.0,0.0,0.0,0.0,0.0
1915,0,0.002934429371853681,0.0004458275783694949,0.32380000000000003,-1.1,0.0,0.0,0.0,0.0,1.0,0.0,0.0,0.0,0.0
1916,1,0.018413058475704392,0.08121373180729441,0.1782,-0.3,0.0,0.0,0.0,0.0,0.0,1.0,0.0,0.0,0.0
1917,0,0.017537234658066544,0.08121373180729441,0.0236,1.6,0.0,0.0,0.0,0.0,0.0,1.0,0.0,0.0,0.0
1918,0,0.01667863581717498,0.08121373180729441,0.2186,0.7,0.0,0.0,0.0,0.0,0.0,1.0,0.0,0.0,0.0
1919,1,0.019799448270744834,0.08121373180729441,0.19,-1.7,0.0,0.0,0.0,0.0,0.0,1.0,0.0,0.0,0.0
1920,1,0.02019694773412056,0.08121373180729441,0.3998,0.2,0.0,0.0,0.0,0.0,0.0,1.0,0.0,0.0,0.0
1921,0,0.013261023764284586,0.08121373180729441,0.2332,0.6,0.0,0.0,0.0,0.0,0.0,1.0,0.0,0.0,0.0
1922,0,0.012228850157718954,0.08121373180729441,0.2158,2.3,0.0,0.0,0.0,0.0,0.0,1.0,0.0,0.0,0.0
1923,1,0.01372477313822293,0.08121373180729441,0.0286,0.5,0.0,0.0,0.0,0.0,0.0,1.0,0.0,0.0,0.0
1924,1,0.015968436775943687,0.08121373180729441,0.15380000000000002,0.3,0.0,0.0,0.0,0.0,0.0,1.0,0.0,0.0,0.0
1925,0,0.014009206087571781,0.08121373180729441,0.12619999999999998,1.3,0.0,0.0,0.0,0.0,0.0,1.0,0.0,0.0,0.0
1926,1,0.016602669253063175,0.08121373180729441,0.1568,-0.9,0.0,0.0,0.0,0.0,0.0,1.0,0.0,0.0,0.0
1927,0,0.015006046408504016,0.08121373180729441,0.0676,-0.2,0.0,0.0,0.0,0.0,0.0,1.0,0.0,0.0,0.0
1928,0,0.014063531014233131,0.08121373180729441,0.4384,2.2,0.0,0.0,0.0,0.0,0.0,1.0,0.0,0.0,0.0
1929,0,0.012322483364647458,0.08121373180729441,0.201,-1.5,0.0,0.0,0.0,0.0,0.0,1.0,0.0,0.0,0.0
1930,1,0.0125839496783346,0.08121373180729441,0.1998,-1.7,0.0,0.0,0.0,0.0,0.0,1.0,0.0,0.0,0.0
1931,1,0.012893999259767665,0.08121373180729441,0.133,-0.6,0.0,0.0,0.0,0.0,0.0,1.0,0.0,0.0,0.0
1932,0,0.0127204244940936,0.08121373180729441,0.1782,-0.1,0.0,0.0,0.0,0.0,0.0,1.0,0.0,0.0,0.0
1933,1,0.013991539444755082,0.08121373180729441,0.2336,0.9,0.0,0.0,0.0,0.0,0.0,1.0,0.0,0.0,0.0
1934,1,0.015291362689993702,0.08121373180729441,0.1168,0.3,0.0,0.0,0.0,0.0,0.0,1.0,0.0,0.0,0.0
1935,0,0.012690832867375629,0.08121373180729441,0.0492,0.6,0.0,0.0,0.0,0.0,0.0,1.0,0.0,0.0,0.0
1936,1,0.014922129855124696,0.08121373180729441,0.20559999999999998,-0.9,0.0,0.0,0.0,0.0,0.0,1.0,0.0,0.0,0.0
1937,0,0.014837771635674958,0.08121373180729441,0.4142,0.6,0.0,0.0,0.0,0.0,0.0,1.0,0.0,0.0,0.0
1938,1,0.02530923249920279,0.08121373180729441,0.0894,-1.6,0.0,0.0,0.0,0.0,0.0,1.0,0.0,0.0,0.0
1939,0,0.022387611443391218,0.08121373180729441,0.1226,-0.9,0.0,0.0,0.0,0.0,0.0,1.0,0.0,0.0,0.0
1940,1,0.028154886990902562,0.08121373180729441,0.16519999999999999,1.5,0.0,0.0,0.0,0.0,0.0,1.0,0.0,0.0,0.0
1941,1,0.030960349870194342,0.08121373180729441,0.2632,-1.4,0.0,0.0,0.0,0.0,0.0,1.0,0.0,0.0,0.0
1942,1,0.032261056447573794,0.08121373180729441,0.3148,-0.8,0.0,0.0,0.0,0.0,0.0,1.0,0.0,0.0,0.0
1943,0,0.030750558486746044,0.08121373180729441,0.3456,-0.6,0.0,0.0,0.0,0.0,0.0,1.0,0.0,0.0,0.0
1944,0,0.029012160833582875,0.08121373180729441,0.1352,-0.5,0.0,0.0,0.0,0.0,0.0,1.0,0.0,0.0,0.0
1945,1,0.035431777167100824,0.08121373180729441,0.327,0.5,0.0,0.0,0.0,0.0,0.0,1.0,0.0,0.0,0.0
1946,1,0.05211747964140248,0.08121373180729441,0.41659999999999997,2.2,0.0,0.0,0.0,0.0,0.0,1.0,0.0,0.0,0.0
1947,0,0.049953757562427294,0.08121373180729441,0.4192,-0.7,0.0,0.0,0.0,0.0,0.0,1.0,0.0,0.0,0.0
1948,0,0.042201193028389414,0.08121373180729441,0.46740000000000004,-1.1,0.0,0.0,0.0,0.0,0.0,1.0,0.0,0.0,0.0
1949,1,0.0429719003212679,0.08121373180729441,0.43560000000000004,0.6,0.0,0.0,0.0,0.0,0.0,1.0,0.0,0.0,0.0
1950,0,0.042142893107094306,0.08121373180729441,0.5197999999999999,0.1,0.0,0.0,0.0,0.0,0.0,1.0,0.0,0.0,0.0
1951,0,0.04106434456313484,0.08121373180729441,0.2394,-1.2,0.0,0.0,0.0,0.0,0.0,1.0,0.0,0.0,0.0
1952,1,0.047736152222861164,0.08121373180729441,0.1716,-1.2,0.0,0.0,0.0,0.0,0.0,1.0,0.0,0.0,0.0
1953,1,0.05220802118583807,0.08121373180729441,0.36060000000000003,-0.8,0.0,0.0,0.0,0.0,0.0,1.0,0.0,0.0,0.0
1954,0,0.044763739568951584,0.08121373180729441,0.5506,1.2,0.0,0.0,0.0,0.0,0.0,1.0,0.0,0.0,0.0
1955,1,0.054206560154477126,0.08121373180729441,0.1476,-1.1,0.0,0.0,0.0,0.0,0.0,1.0,0.0,0.0,0.0
1956,0,0.003944961340968857,5.403970646902969e-05,0.5436,-0.8,0.0,0.0,0.0,0.0,1.0,0.0,0.0,0.0,0.0
1957,1,0.004345110800767086,5.403970646902969e-05,0.1602,-0.6,0.0,0.0,0.0,0.0,1.0,0.0,0.0,0.0,0.0
1958,1,0.004908235040549362,5.403970646902969e-05,0.151,-0.5,0.0,0.0,0.0,0.0,1.0,0.0,0.0,0.0,0.0
1959,0,0.004621152094778006,5.403970646902969e-05,0.3448,0.5,0.0,0.0,0.0,0.0,1.0,0.0,0.0,0.0,0.0
1960,1,0.0046233604251300926,5.403970646902969e-05,0.4218,2.2,0.0,0.0,0.0,0.0,1.0,0.0,0.0,0.0,0.0
1961,0,0.004494835598638608,5.403970646902969e-05,0.3332,-0.7,0.0,0.0,0.0,0.0,1.0,0.0,0.0,0.0,0.0
1962,1,0.00478986853367748,5.403970646902969e-05,0.18280000000000002,-1.1,0.0,0.0,0.0,0.0,1.0,0.0,0.0,0.0,0.0
1963,0,0.003868111444716216,5.403970646902969e-05,0.27,0.6,0.0,0.0,0.0,0.0,1.0,0.0,0.0,0.0,0.0
1964,0,0.0017909559155428474,5.403970646902969e-05,0.24359999999999998,0.1,0.0,0.0,0.0,0.0,1.0,0.0,0.0,0.0,0.0
1965,1,0.003214887326568776,5.403970646902969e-05,0.1524,-1.2,0.0,0.0,0.0,0.0,1.0,0.0,0.0,0.0,0.0
1966,0,0.0026844463759973926,5.403970646902969e-05,0.2242,-1.2,0.0,0.0,0.0,0.0,1.0,0.0,0.0,0.0,0.0
1967,0,0.0022189303377773773,5.403970646902969e-05,0.46020000000000005,-0.8,0.0,0.0,0.0,0.0,1.0,0.0,0.0,0.0,0.0
1968,1,0.002744954627644586,5.403970646902969e-05,0.4988,1.2,0.0,0.0,0.0,0.0,1.0,0.0,0.0,0.0,0.0
1969,1,0.003012604266317574,5.403970646902969e-05,0.32380000000000003,-1.1,0.0,0.0,0.0,0.0,1.0,0.0,0.0,0.0,0.0
1970,1,0.0800435836078288,0.006597612398615948,0.10619999999999999,0.6,1.0,0.0,0.0,0.0,0.0,0.0,0.0,0.0,0.0
1971,0,0.07935679286832963,0.006597612398615948,0.068,0.0,1.0,0.0,0.0,0.0,0.0,0.0,0.0,0.0,0.0
1972,0,0.06361007245973552,0.006597612398615948,0.06480000000000001,0.1,1.0,0.0,0.0,0.0,0.0,0.0,0.0,0.0,0.0
1973,0,0.054540018037642315,0.006597612398615948,0.065,2.5,1.0,0.0,0.0,0.0,0.0,0.0,0.0,0.0,0.0
1974,0,0.05336871961889518,0.006597612398615948,0.0318,-0.5,1.0,0.0,0.0,0.0,0.0,0.0,0.0,0.0,0.0
1975,1,0.05370571083062371,0.006597612398615948,0.1192,-0.8,1.0,0.0,0.0,0.0,0.0,0.0,0.0,0.0,0.0
1976,0,0.05276054543993032,0.006597612398615948,0.0622,-0.3,1.0,0.0,0.0,0.0,0.0,0.0,0.0,0.0,0.0
1977,0,0.04628704584582144,0.006597612398615948,0.053,1.6,1.0,0.0,0.0,0.0,0.0,0.0,0.0,0.0,0.0
1978,1,0.05977111097566685,0.006597612398615948,0.0602,0.7,1.0,0.0,0.0,0.0,0.0,0.0,0.0,0.0,0.0
1979,1,0.07059546302945824,0.006597612398615948,0.1298,-1.7,1.0,0.0,0.0,0.0,0.0,0.0,0.0,0.0,0.0
1980,1,0.07463052424879227,0.006597612398615948,0.3194,0.2,1.0,0.0,0.0,0.0,0.0,0.0,0.0,0.0,0.0
1981,0,0.05086933132640271,0.006597612398615948,0.2724,0.6,1.0,0.0,0.0,0.0,0.0,0.0,0.0,0.0,0.0
1982,0,0.035607560263126975,0.006597612398615948,0.1628,2.3,1.0,0.0,0.0,0.0,0.0,0.0,0.0,0.0,0.0
1983,0,0.025953181629871466,0.006597612398615948,0.021,0.5,1.0,0.0,0.0,0.0,0.0,0.0,0.0,0.0,0.0
1984,1,0.02777505417034354,0.006597612398615948,0.1168,0.3,1.0,0.0,0.0,0.0,0.0,0.0,0.0,0.0,0.0
1985,1,0.03147356584401945,0.006597612398615948,0.064,1.3,1.0,0.0,0.0,0.0,0.0,0.0,0.0,0.0,0.0
1986,0,0.03144441588337189,0.006597612398615948,0.31079999999999997,-0.9,1.0,0.0,0.0,0.0,0.0,0.0,0.0,0.0,0.0
1987,1,0.04266052574162358,0.006597612398615948,0.059000000000000004,-0.2,1.0,0.0,0.0,0.0,0.0,0.0,0.0,0.0,0.0
1988,0,0.0401558374562861,0.006597612398615948,0.4708,2.2,1.0,0.0,0.0,0.0,0.0,0.0,0.0,0.0,0.0
1989,0,0.02967686826956117,0.006597612398615948,0.365,-1.5,1.0,0.0,0.0,0.0,0.0,0.0,0.0,0.0,0.0
1990,0,0.023488684956941976,0.006597612398615948,0.1158,-1.7,1.0,0.0,0.0,0.0,0.0,0.0,0.0,0.0,0.0
1991,0,0.019952706397179696,0.006597612398615948,0.21960000000000002,-0.6,1.0,0.0,0.0,0.0,0.0,0.0,0.0,0.0,0.0
1992,0,0.018782291310573396,0.006597612398615948,0.155,-0.1,1.0,0.0,0.0,0.0,0.0,0.0,0.0,0.0,0.0
1993,0,0.018724874721419125,0.006597612398615948,0.3132,0.9,1.0,0.0,0.0,0.0,0.0,0.0,0.0,0.0,0.0
1994,0,0.01814452550489057,0.006597612398615948,0.2168,0.3,1.0,0.0,0.0,0.0,0.0,0.0,0.0,0.0,0.0
1995,0,0.016787285670497677,0.006597612398615948,0.2868,0.6,1.0,0.0,0.0,0.0,0.0,0.0,0.0,0.0,0.0
1996,1,0.019309198932581442,0.006597612398615948,0.637,-0.9,1.0,0.0,0.0,0.0,0.0,0.0,0.0,0.0,0.0
1997,0,0.019299923945102673,0.006597612398615948,0.10679999999999999,0.6,1.0,0.0,0.0,0.0,0.0,0.0,0.0,0.0,0.0
1998,1,0.023749267938488285,0.006597612398615948,0.2352,-1.6,1.0,0.0,0.0,0.0,0.0,0.0,0.0,0.0,0.0
1999,1,0.023761634588459972,0.006597612398615948,0.1592,-0.9,1.0,0.0,0.0,0.0,0.0,0.0,0.0,0.0,0.0
2000,1,0.02435744211745314,0.006597612398615948,0.33880000000000005,1.5,1.0,0.0,0.0,0.0,0.0,0.0,0.0,0.0,0.0
2001,0,0.023556701531786267,0.006597612398615948,0.6314,-1.4,1.0,0.0,0.0,0.0,0.0,0.0,0.0,0.0,0.0
2002,0,0.008876163017179927,0.006597612398615948,0.47479999999999994,-0.8,1.0,0.0,0.0,0.0,0.0,0.0,0.0,0.0,0.0
2003,0,0.006465549604841367,0.006597612398615948,0.1646,-0.6,1.0,0.0,0.0,0.0,0.0,0.0,0.0,0.0,0.0
2004,1,0.008532546814395133,0.006597612398615948,0.1074,-0.5,1.0,0.0,0.0,0.0,0.0,0.0,0.0,0.0,0.0
2005,1,0.018693958096489903,0.006597612398615948,0.18,0.5,1.0,0.0,0.0,0.0,0.0,0.0,0.0,0.0,0.0
2006,1,0.023814634516910068,0.006597612398615948,0.3778,2.2,1.0,0.0,0.0,0.0,0.0,0.0,0.0,0.0,0.0
2007,1,0.02437378376205859,0.006597612398615948,0.299,-0.7,1.0,0.0,0.0,0.0,0.0,0.0,0.0,0.0,0.0
2008,0,0.01765339283458634,0.006597612398615948,0.3496,-1.1,1.0,0.0,0.0,0.0,0.0,0.0,0.0,0.0,0.0
2009,0,0.016225928094997073,0.006597612398615948,0.3968,0.6,1.0,0.0,0.0,0.0,0.0,0.0,0.0,0.0,0.0
2010,1,0.04650257888818517,0.006597612398615948,0.4376,0.1,1.0,0.0,0.0,0.0,0.0,0.0,0.0,0.0,0.0
2011,1,0.09143900989066998,0.006597612398615948,0.547,-1.2,1.0,0.0,0.0,0.0,0.0,0.0,0.0,0.0,0.0
2012,0,0.04051623696974676,0.006597612398615948,0.2064,-1.2,1.0,0.0,0.0,0.0,0.0,0.0,0.0,0.0,0.0
2013,1,0.0580053300261378,0.006597612398615948,0.6038,-0.8,1.0,0.0,0.0,0.0,0.0,0.0,0.0,0.0,0.0
2014,0,0.05753098066650943,0.006597612398615948,0.5454,1.2,1.0,0.0,0.0,0.0,0.0,0.0,0.0,0.0,0.0
2015,0,0.0539380271836633,0.006597612398615948,0.1524,-1.1,1.0,0.0,0.0,0.0,0.0,0.0,0.0,0.0,0.0
2016,0,0.002081130523807126,0.00048715205978698816,0.1628,2.3,1.0,0.0,0.0,0.0,0.0,0.0,0.0,0.0,0.0
2017,0,0.0014756063412647727,0.00048715205978698816,0.021,0.5,1.0,0.0,0.0,0.0,0.0,0.0,0.0,0.0,0.0
2018,1,0.0017088060264451976,0.00048715205978698816,0.1168,0.3,1.0,0.0,0.0,0.0,0.0,0.0,0.0,0.0,0.0
2019,1,0.001985288986526535,0.00048715205978698816,0.064,1.3,1.0,0.0,0.0,0.0,0.0,0.0,0.0,0.0,0.0
2020,0,0.0019194807420343317,0.00048715205978698816,0.31079999999999997,-0.9,1.0,0.0,0.0,0.0,0.0,0.0,0.0,0.0,0.0
2021,1,0.0026641297367581886,0.00048715205978698816,0.059000000000000004,-0.2,1.0,0.0,0.0,0.0,0.0,0.0,0.0,0.0,0.0
2022,1,0.003563803522198578,0.00048715205978698816,0.4708,2.2,1.0,0.0,0.0,0.0,0.0,0.0,0.0,0.0,0.0
2023,0,0.0032868788960468236,0.00048715205978698816,0.365,-1.5,1.0,0.0,0.0,0.0,0.0,0.0,0.0,0.0,0.0
2024,1,0.004315519174049115,0.00048715205978698816,0.1158,-1.7,1.0,0.0,0.0,0.0,0.0,0.0,0.0,0.0,0.0
2025,1,0.0051922263238277965,0.00048715205978698816,0.21960000000000002,-0.6,1.0,0.0,0.0,0.0,0.0,0.0,0.0,0.0,0.0
2026,1,0.0064363996441938135,0.00048715205978698816,0.155,-0.1,1.0,0.0,0.0,0.0,0.0,0.0,0.0,0.0,0.0
2027,0,0.005067234825899652,0.00048715205978698816,0.3132,0.9,1.0,0.0,0.0,0.0,0.0,0.0,0.0,0.0,0.0
2028,1,0.00615594168947872,0.00048715205978698816,0.2168,0.3,1.0,0.0,0.0,0.0,0.0,0.0,0.0,0.0,0.0
2029,0,0.006125466730619914,0.00048715205978698816,0.2868,0.6,1.0,0.0,0.0,0.0,0.0,0.0,0.0,0.0,0.0
2030,1,0.006373683062194532,0.00048715205978698816,0.637,-0.9,1.0,0.0,0.0,0.0,0.0,0.0,0.0,0.0,0.0
2031,1,0.006584799443854084,0.00048715205978698816,0.10679999999999999,0.6,1.0,0.0,0.0,0.0,0.0,0.0,0.0,0.0,0.0
2032,0,0.006420941331729203,0.00048715205978698816,0.2352,-1.6,1.0,0.0,0.0,0.0,0.0,0.0,0.0,0.0,0.0
2033,0,0.00637412472826495,0.00048715205978698816,0.1592,-0.9,1.0,0.0,0.0,0.0,0.0,0.0,0.0,0.0,0.0
2034,1,0.007226540244170671,0.00048715205978698816,0.33880000000000005,1.5,1.0,0.0,0.0,0.0,0.0,0.0,0.0,0.0,0.0
2035,0,0.006592307767051181,0.00048715205978698816,0.6314,-1.4,1.0,0.0,0.0,0.0,0.0,0.0,0.0,0.0,0.0
2036,1,0.0071496903479180305,0.00048715205978698816,0.47479999999999994,-0.8,1.0,0.0,0.0,0.0,0.0,0.0,0.0,0.0,0.0
2037,0,0.006190391642971282,0.00048715205978698816,0.1646,-0.6,1.0,0.0,0.0,0.0,0.0,0.0,0.0,0.0,0.0
2038,1,0.0072698235190715825,0.00048715205978698816,0.1074,-0.5,1.0,0.0,0.0,0.0,0.0,0.0,0.0,0.0,0.0
2039,1,0.007587823089772162,0.00048715205978698816,0.18,0.5,1.0,0.0,0.0,0.0,0.0,0.0,0.0,0.0,0.0
2040,1,0.009199904246795933,0.00048715205978698816,0.3778,2.2,1.0,0.0,0.0,0.0,0.0,0.0,0.0,0.0,0.0
2041,1,0.009358904032146223,0.00048715205978698816,0.299,-0.7,1.0,0.0,0.0,0.0,0.0,0.0,0.0,0.0,0.0
2042,1,0.00955323710312991,0.00048715205978698816,0.3496,-1.1,1.0,0.0,0.0,0.0,0.0,0.0,0.0,0.0,0.0
2043,0,0.008187163947328671,0.00048715205978698816,0.3968,0.6,1.0,0.0,0.0,0.0,0.0,0.0,0.0,0.0,0.0
2044,0,0.0026358631082514707,0.00048715205978698816,0.4376,0.1,1.0,0.0,0.0,0.0,0.0,0.0,0.0,0.0,0.0
2045,0,0.0022180470056365423,0.00048715205978698816,0.547,-1.2,1.0,0.0,0.0,0.0,0.0,0.0,0.0,0.0,0.0
2046,1,0.0038822447589695755,0.00048715205978698816,0.2064,-1.2,1.0,0.0,0.0,0.0,0.0,0.0,0.0,0.0,0.0
2047,1,0.005129951407898932,0.00048715205978698816,0.6038,-0.8,1.0,0.0,0.0,0.0,0.0,0.0,0.0,0.0,0.0
2048,1,0.005359617764516018,0.00048715205978698816,0.5454,1.2,1.0,0.0,0.0,0.0,0.0,0.0,0.0,0.0,0.0
2049,0,0.003910069721405876,0.00048715205978698816,0.1524,-1.1,1.0,0.0,0.0,0.0,0.0,0.0,0.0,0.0,0.0
2050,0,0.0017379559870927509,1.0,0.1866,-1.4,0.0,0.0,0.0,0.0,0.0,0.0,1.0,0.0,0.0
2051,1,0.0019362640527101954,1.0,0.5770000000000001,-0.8,0.0,0.0,0.0,0.0,0.0,0.0,1.0,0.0,0.0
2052,1,0.0021177888076517764,1.0,0.1202,-0.6,0.0,0.0,0.0,0.0,0.0,0.0,1.0,0.0,0.0
2053,1,0.003269212253230125,1.0,0.35200000000000004,-0.5,0.0,0.0,0.0,0.0,0.0,0.0,1.0,0.0,0.0
2054,0,0.0026000881565476554,1.0,0.3858,0.5,0.0,0.0,0.0,0.0,0.0,0.0,1.0,0.0,0.0
2055,1,0.003024087584148428,1.0,0.3322,2.2,0.0,0.0,0.0,0.0,0.0,0.0,1.0,0.0,0.0
2056,0,0.002886287770178177,1.0,0.45439999999999997,-0.7,0.0,0.0,0.0,0.0,0.0,0.0,1.0,0.0,0.0
2057,0,0.0026526464189273345,1.0,0.4104,-1.1,0.0,0.0,0.0,0.0,0.0,0.0,1.0,0.0,0.0
2058,0,0.0025179382674500057,1.0,0.11,0.6,0.0,0.0,0.0,0.0,0.0,0.0,1.0,0.0,0.0
2059,0,0.0018616224868096428,1.0,0.40659999999999996,0.1,0.0,0.0,0.0,0.0,0.0,0.0,1.0,0.0,0.0
2060,1,0.0027387713026587415,1.0,0.5376,-1.2,0.0,0.0,0.0,0.0,0.0,0.0,1.0,0.0,0.0
2061,0,0.0021076304880321747,1.0,0.132,-1.2,0.0,0.0,0.0,0.0,0.0,0.0,1.0,0.0,0.0
2062,1,0.002585954842294296,1.0,0.13019999999999998,-0.8,0.0,0.0,0.0,0.0,0.0,0.0,1.0,0.0,0.0
2063,1,0.002827104516742236,1.0,0.41259999999999997,1.2,0.0,0.0,0.0,0.0,0.0,0.0,1.0,0.0,0.0
2064,0,0.001915947413470992,1.0,0.5256000000000001,-1.1,0.0,0.0,0.0,0.0,0.0,0.0,1.0,0.0,0.0
2065,1,0.015763945385340396,0.000676291032428592,0.10619999999999999,0.6,1.0,0.0,0.0,0.0,0.0,0.0,0.0,0.0,0.0
2066,1,0.01684470225965195,0.000676291032428592,0.068,0.0,1.0,0.0,0.0,0.0,0.0,0.0,0.0,0.0,0.0
2067,0,0.016598252592359,0.000676291032428592,0.06480000000000001,0.1,1.0,0.0,0.0,0.0,0.0,0.0,0.0,0.0,0.0
2068,1,0.01702578534852311,0.000676291032428592,0.065,2.5,1.0,0.0,0.0,0.0,0.0,0.0,0.0,0.0,0.0
2069,1,0.01921159073101918,0.000676291032428592,0.0318,-0.5,1.0,0.0,0.0,0.0,0.0,0.0,0.0,0.0,0.0
2070,0,0.017807975959232454,0.000676291032428592,0.1192,-0.8,1.0,0.0,0.0,0.0,0.0,0.0,0.0,0.0,0.0
2071,1,0.021862470485664844,0.000676291032428592,0.0622,-0.3,1.0,0.0,0.0,0.0,0.0,0.0,0.0,0.0,0.0
2072,1,0.030757625143872723,0.000676291032428592,0.053,1.6,1.0,0.0,0.0,0.0,0.0,0.0,0.0,0.0,0.0
2073,1,0.03129513275157079,0.000676291032428592,0.0602,0.7,1.0,0.0,0.0,0.0,0.0,0.0,0.0,0.0,0.0
2074,1,0.033361688295054134,0.000676291032428592,0.1298,-1.7,1.0,0.0,0.0,0.0,0.0,0.0,0.0,0.0,0.0
2075,0,0.020162939446698412,0.000676291032428592,0.3194,0.2,1.0,0.0,0.0,0.0,0.0,0.0,0.0,0.0,0.0
2076,1,0.021025513282223737,0.000676291032428592,0.2724,0.6,1.0,0.0,0.0,0.0,0.0,0.0,0.0,0.0,0.0
2077,1,0.02214425343859119,0.000676291032428592,0.1628,2.3,1.0,0.0,0.0,0.0,0.0,0.0,0.0,0.0,0.0
2078,0,0.015347012614866304,0.000676291032428592,0.021,0.5,1.0,0.0,0.0,0.0,0.0,0.0,0.0,0.0,0.0
2079,0,0.009758611825874034,0.000676291032428592,0.1168,0.3,1.0,0.0,0.0,0.0,0.0,0.0,0.0,0.0,0.0
2080,0,0.009159270968317526,0.000676291032428592,0.064,1.3,1.0,0.0,0.0,0.0,0.0,0.0,0.0,0.0,0.0
2081,1,0.009474178876525184,0.000676291032428592,0.31079999999999997,-0.9,1.0,0.0,0.0,0.0,0.0,0.0,0.0,0.0,0.0
2082,0,0.008456138584212911,0.000676291032428592,0.059000000000000004,-0.2,1.0,0.0,0.0,0.0,0.0,0.0,0.0,0.0,0.0
2083,1,0.010121661335757197,0.000676291032428592,0.4708,2.2,1.0,0.0,0.0,0.0,0.0,0.0,0.0,0.0,0.0
2084,0,0.009744920177691093,0.000676291032428592,0.365,-1.5,1.0,0.0,0.0,0.0,0.0,0.0,0.0,0.0,0.0
2085,0,0.007823231105304675,0.000676291032428592,0.1158,-1.7,1.0,0.0,0.0,0.0,0.0,0.0,0.0,0.0,0.0
2086,0,0.007515831520294114,0.000676291032428592,0.21960000000000002,-0.6,1.0,0.0,0.0,0.0,0.0,0.0,0.0,0.0,0.0
2087,1,0.007615648052208463,0.000676291032428592,0.155,-0.1,1.0,0.0,0.0,0.0,0.0,0.0,0.0,0.0,0.0
2088,0,0.00618376665191502,0.000676291032428592,0.3132,0.9,1.0,0.0,0.0,0.0,0.0,0.0,0.0,0.0,0.0
2089,1,0.007206223604931466,0.000676291032428592,0.2168,0.3,1.0,0.0,0.0,0.0,0.0,0.0,0.0,0.0,0.0
2090,0,0.006413874674602522,0.000676291032428592,0.2868,0.6,1.0,0.0,0.0,0.0,0.0,0.0,0.0,0.0,0.0
2091,0,0.004925901683366061,0.000676291032428592,0.637,-0.9,1.0,0.0,0.0,0.0,0.0,0.0,0.0,0.0,0.0
2092,0,0.0019331723902172731,0.000676291032428592,0.10679999999999999,0.6,1.0,0.0,0.0,0.0,0.0,0.0,0.0,0.0,0.0
2093,1,0.005491234253500425,0.000676291032428592,0.2352,-1.6,1.0,0.0,0.0,0.0,0.0,0.0,0.0,0.0,0.0
2094,0,0.0046503020554255585,0.000676291032428592,0.1592,-0.9,1.0,0.0,0.0,0.0,0.0,0.0,0.0,0.0,0.0
2095,1,0.004758951908748256,0.000676291032428592,0.33880000000000005,1.5,1.0,0.0,0.0,0.0,0.0,0.0,0.0,0.0,0.0
2096,1,0.004911768369112702,0.000676291032428592,0.6314,-1.4,1.0,0.0,0.0,0.0,0.0,0.0,0.0,0.0,0.0
2097,1,0.005128184743617262,0.000676291032428592,0.47479999999999994,-0.8,1.0,0.0,0.0,0.0,0.0,0.0,0.0,0.0,0.0
2098,0,0.0036013451381840633,0.000676291032428592,0.1646,-0.6,1.0,0.0,0.0,0.0,0.0,0.0,0.0,0.0,0.0
2099,1,0.00493826833333775,0.000676291032428592,0.1074,-0.5,1.0,0.0,0.0,0.0,0.0,0.0,0.0,0.0,0.0
2100,0,0.004119419438783758,0.000676291032428592,0.18,0.5,1.0,0.0,0.0,0.0,0.0,0.0,0.0,0.0,0.0
2101,1,0.0049285516797885655,0.000676291032428592,0.3778,2.2,1.0,0.0,0.0,0.0,0.0,0.0,0.0,0.0,0.0
2102,1,0.005413059359036532,0.000676291032428592,0.299,-0.7,1.0,0.0,0.0,0.0,0.0,0.0,0.0,0.0,0.0
2103,0,0.004708160310650247,0.000676291032428592,0.3496,-1.1,1.0,0.0,0.0,0.0,0.0,0.0,0.0,0.0,0.0
2104,0,0.0035995784739023934,0.000676291032428592,0.3968,0.6,1.0,0.0,0.0,0.0,0.0,0.0,0.0,0.0,0.0
2105,1,0.007476523240026959,0.000676291032428592,0.4376,0.1,1.0,0.0,0.0,0.0,0.0,0.0,0.0,0.0,0.0
2106,1,0.00904841278464274,0.000676291032428592,0.547,-1.2,1.0,0.0,0.0,0.0,0.0,0.0,0.0,0.0,0.0
2107,1,0.012136100282931285,0.000676291032428592,0.2064,-1.2,1.0,0.0,0.0,0.0,0.0,0.0,0.0,0.0,0.0
2108,1,0.01824699203322742,0.000676291032428592,0.6038,-0.8,1.0,0.0,0.0,0.0,0.0,0.0,0.0,0.0,0.0
2109,1,0.022931744042145544,0.000676291032428592,0.5454,1.2,1.0,0.0,0.0,0.0,0.0,0.0,0.0,0.0,0.0
2110,0,0.0227435942961477,0.000676291032428592,0.1524,-1.1,1.0,0.0,0.0,0.0,0.0,0.0,0.0,0.0,0.0
2111,1,0.052995511789392415,0.004965295382624963,0.3194,0.2,1.0,0.0,0.0,0.0,0.0,0.0,0.0,0.0,0.0
2112,0,0.040375787159354,0.004965295382624963,0.2724,0.6,1.0,0.0,0.0,0.0,0.0,0.0,0.0,0.0,0.0
2113,1,0.06672646825260119,0.004965295382624963,0.1628,2.3,1.0,0.0,0.0,0.0,0.0,0.0,0.0,0.0,0.0
2114,1,0.06755150047214104,0.004965295382624963,0.021,0.5,1.0,0.0,0.0,0.0,0.0,0.0,0.0,0.0,0.0
2115,0,0.05747356407735516,0.004965295382624963,0.1168,0.3,1.0,0.0,0.0,0.0,0.0,0.0,0.0,0.0,0.0
2116,1,0.09343578219502736,0.004965295382624963,0.064,1.3,1.0,0.0,0.0,0.0,0.0,0.0,0.0,0.0,0.0
2117,0,0.07462831591844017,0.004965295382624963,0.31079999999999997,-0.9,1.0,0.0,0.0,0.0,0.0,0.0,0.0,0.0,0.0
2118,1,0.08074848265621508,0.004965295382624963,0.059000000000000004,-0.2,1.0,0.0,0.0,0.0,0.0,0.0,0.0,0.0,0.0
2119,1,0.08182923953052663,0.004965295382624963,0.4708,2.2,1.0,0.0,0.0,0.0,0.0,0.0,0.0,0.0,0.0
2120,0,0.07870842707695679,0.004965295382624963,0.365,-1.5,1.0,0.0,0.0,0.0,0.0,0.0,0.0,0.0,0.0
2121,0,0.07085251268244121,0.004965295382624963,0.1158,-1.7,1.0,0.0,0.0,0.0,0.0,0.0,0.0,0.0,0.0
2122,0,0.056725381754067966,0.004965295382624963,0.21960000000000002,-0.6,1.0,0.0,0.0,0.0,0.0,0.0,0.0,0.0,0.0
2123,0,0.056429907152958675,0.004965295382624963,0.155,-0.1,1.0,0.0,0.0,0.0,0.0,0.0,0.0,0.0,0.0
2124,0,0.0507275565177987,0.004965295382624963,0.3132,0.9,1.0,0.0,0.0,0.0,0.0,0.0,0.0,0.0,0.0
2125,0,0.04700784487274275,0.004965295382624963,0.2168,0.3,1.0,0.0,0.0,0.0,0.0,0.0,0.0,0.0,0.0
2126,0,0.03888030584492044,0.004965295382624963,0.2868,0.6,1.0,0.0,0.0,0.0,0.0,0.0,0.0,0.0,0.0
2127,0,0.027020246856000078,0.004965295382624963,0.637,-0.9,1.0,0.0,0.0,0.0,0.0,0.0,0.0,0.0,0.0
2128,1,0.031237274496346095,0.004965295382624963,0.10679999999999999,0.6,1.0,0.0,0.0,0.0,0.0,0.0,0.0,0.0,0.0
2129,1,0.03141261592630183,0.004965295382624963,0.2352,-1.6,1.0,0.0,0.0,0.0,0.0,0.0,0.0,0.0,0.0
2130,0,0.02877189449127577,0.004965295382624963,0.1592,-0.9,1.0,0.0,0.0,0.0,0.0,0.0,0.0,0.0,0.0
2131,1,0.046310895813623985,0.004965295382624963,0.33880000000000005,1.5,1.0,0.0,0.0,0.0,0.0,0.0,0.0,0.0,0.0
2132,1,0.049345141717392016,0.004965295382624963,0.6314,-1.4,1.0,0.0,0.0,0.0,0.0,0.0,0.0,0.0,0.0
2133,0,0.04695307828001099,0.004965295382624963,0.47479999999999994,-0.8,1.0,0.0,0.0,0.0,0.0,0.0,0.0,0.0,0.0
2134,0,0.03585180160006784,0.004965295382624963,0.1646,-0.6,1.0,0.0,0.0,0.0,0.0,0.0,0.0,0.0,0.0
2135,1,0.0372134580951649,0.004965295382624963,0.1074,-0.5,1.0,0.0,0.0,0.0,0.0,0.0,0.0,0.0,0.0
2136,1,0.03956974658084211,0.004965295382624963,0.18,0.5,1.0,0.0,0.0,0.0,0.0,0.0,0.0,0.0,0.0
2137,1,0.04401644057780522,0.004965295382624963,0.3778,2.2,1.0,0.0,0.0,0.0,0.0,0.0,0.0,0.0,0.0
2138,1,0.04591383801631868,0.004965295382624963,0.299,-0.7,1.0,0.0,0.0,0.0,0.0,0.0,0.0,0.0,0.0
2139,0,0.04326119159739134,0.004965295382624963,0.3496,-1.1,1.0,0.0,0.0,0.0,0.0,0.0,0.0,0.0,0.0
2140,1,0.04655292882021276,0.004965295382624963,0.3968,0.6,1.0,0.0,0.0,0.0,0.0,0.0,0.0,0.0,0.0
2141,0,0.01206720037594616,0.004965295382624963,0.4376,0.1,1.0,0.0,0.0,0.0,0.0,0.0,0.0,0.0,0.0
2142,1,0.024041209211034233,0.004965295382624963,0.547,-1.2,1.0,0.0,0.0,0.0,0.0,0.0,0.0,0.0,0.0
2143,1,0.031460757527977334,0.004965295382624963,0.2064,-1.2,1.0,0.0,0.0,0.0,0.0,0.0,0.0,0.0,0.0
2144,0,0.025794623510591592,0.004965295382624963,0.6038,-0.8,1.0,0.0,0.0,0.0,0.0,0.0,0.0,0.0,0.0
2145,1,0.026607289080159743,0.004965295382624963,0.5454,1.2,1.0,0.0,0.0,0.0,0.0,0.0,0.0,0.0,0.0
2146,1,0.02687273038848064,0.004965295382624963,0.1524,-1.1,1.0,0.0,0.0,0.0,0.0,0.0,0.0,0.0,0.0
2147,1,0.006570224463530307,8.741717222931272e-06,0.10619999999999999,0.6,1.0,0.0,0.0,0.0,0.0,0.0,0.0,0.0,0.0
2148,0,0.005750050570765062,8.741717222931272e-06,0.068,0.0,1.0,0.0,0.0,0.0,0.0,0.0,0.0,0.0,0.0
2149,0,0.005548650842654696,8.741717222931272e-06,0.06480000000000001,0.1,1.0,0.0,0.0,0.0,0.0,0.0,0.0,0.0,0.0
2150,1,0.005813650484905179,8.741717222931272e-06,0.065,2.5,1.0,0.0,0.0,0.0,0.0,0.0,0.0,0.0,0.0
2151,1,0.007234931899508602,8.741717222931272e-06,0.0318,-0.5,1.0,0.0,0.0,0.0,0.0,0.0,0.0,0.0,0.0
2152,1,0.007734014559080345,8.741717222931272e-06,0.1192,-0.8,1.0,0.0,0.0,0.0,0.0,0.0,0.0,0.0,0.0
2153,0,0.007246856883409874,8.741717222931272e-06,0.0622,-0.3,1.0,0.0,0.0,0.0,0.0,0.0,0.0,0.0,0.0
2154,1,0.007628898034320987,8.741717222931272e-06,0.053,1.6,1.0,0.0,0.0,0.0,0.0,0.0,0.0,0.0,0.0
2155,0,0.006985832235793148,8.741717222931272e-06,0.0602,0.7,1.0,0.0,0.0,0.0,0.0,0.0,0.0,0.0,0.0
2156,0,0.00497139328861906,8.741717222931272e-06,0.1298,-1.7,1.0,0.0,0.0,0.0,0.0,0.0,0.0,0.0,0.0
2157,0,0.004970951622548643,8.741717222931272e-06,0.3194,0.2,1.0,0.0,0.0,0.0,0.0,0.0,0.0,0.0,0.0
2158,1,0.005846333774116072,8.741717222931272e-06,0.2724,0.6,1.0,0.0,0.0,0.0,0.0,0.0,0.0,0.0,0.0
2159,1,0.0077861311553896065,8.741717222931272e-06,0.1628,2.3,1.0,0.0,0.0,0.0,0.0,0.0,0.0,0.0,0.0
2160,1,0.00804936413335842,8.741717222931272e-06,0.021,0.5,1.0,0.0,0.0,0.0,0.0,0.0,0.0,0.0,0.0
2161,1,0.008336888745200194,8.741717222931272e-06,0.1168,0.3,1.0,0.0,0.0,0.0,0.0,0.0,0.0,0.0,0.0
2162,0,0.00750611486674493,8.741717222931272e-06,0.064,1.3,1.0,0.0,0.0,0.0,0.0,0.0,0.0,0.0,0.0
2163,1,0.011878608963877898,8.741717222931272e-06,0.31079999999999997,-0.9,1.0,0.0,0.0,0.0,0.0,0.0,0.0,0.0,0.0
2164,1,0.012195725202437644,8.741717222931272e-06,0.059000000000000004,-0.2,1.0,0.0,0.0,0.0,0.0,0.0,0.0,0.0,0.0
2165,0,0.010361044345923467,8.741717222931272e-06,0.4708,2.2,1.0,0.0,0.0,0.0,0.0,0.0,0.0,0.0,0.0
2166,1,0.010376944324458496,8.741717222931272e-06,0.365,-1.5,1.0,0.0,0.0,0.0,0.0,0.0,0.0,0.0,0.0
2167,0,0.008761329838871384,8.741717222931272e-06,0.1158,-1.7,1.0,0.0,0.0,0.0,0.0,0.0,0.0,0.0,0.0
2168,0,0.004945776656534847,8.741717222931272e-06,0.21960000000000002,-0.6,1.0,0.0,0.0,0.0,0.0,0.0,0.0,0.0,0.0
2169,0,0.004141061076234214,8.741717222931272e-06,0.155,-0.1,1.0,0.0,0.0,0.0,0.0,0.0,0.0,0.0,0.0
2170,1,0.004493952266497773,8.741717222931272e-06,0.3132,0.9,1.0,0.0,0.0,0.0,0.0,0.0,0.0,0.0,0.0
2171,1,0.00489454339236642,8.741717222931272e-06,0.2168,0.3,1.0,0.0,0.0,0.0,0.0,0.0,0.0,0.0,0.0
2172,1,0.0049281100137181484,8.741717222931272e-06,0.2868,0.6,1.0,0.0,0.0,0.0,0.0,0.0,0.0,0.0,0.0
2173,0,0.004731568612382373,8.741717222931272e-06,0.637,-0.9,1.0,0.0,0.0,0.0,0.0,0.0,0.0,0.0,0.0
2174,1,0.005784942190328043,8.741717222931272e-06,0.10679999999999999,0.6,1.0,0.0,0.0,0.0,0.0,0.0,0.0,0.0,0.0
2175,1,0.008210572249060797,8.741717222931272e-06,0.2352,-1.6,1.0,0.0,0.0,0.0,0.0,0.0,0.0,0.0,0.0
2176,0,0.0063555747533074166,8.741717222931272e-06,0.1592,-0.9,1.0,0.0,0.0,0.0,0.0,0.0,0.0,0.0,0.0
2177,1,0.00663779937230418,8.741717222931272e-06,0.33880000000000005,1.5,1.0,0.0,0.0,0.0,0.0,0.0,0.0,0.0,0.0
2178,0,0.0028871711023190118,8.741717222931272e-06,0.6314,-1.4,1.0,0.0,0.0,0.0,0.0,0.0,0.0,0.0,0.0
2179,1,0.007919072642585265,8.741717222931272e-06,0.47479999999999994,-0.8,1.0,0.0,0.0,0.0,0.0,0.0,0.0,0.0,0.0
2180,1,0.0082485555311167,8.741717222931272e-06,0.1646,-0.6,1.0,0.0,0.0,0.0,0.0,0.0,0.0,0.0,0.0
2181,1,0.009303695773344039,8.741717222931272e-06,0.1074,-0.5,1.0,0.0,0.0,0.0,0.0,0.0,0.0,0.0,0.0
2182,0,0.002952537680740798,8.741717222931272e-06,0.18,0.5,1.0,0.0,0.0,0.0,0.0,0.0,0.0,0.0,0.0
2183,0,0.0029070460754877982,8.741717222931272e-06,0.3778,2.2,1.0,0.0,0.0,0.0,0.0,0.0,0.0,0.0,0.0
2184,1,0.010990418496268363,8.741717222931272e-06,0.299,-0.7,1.0,0.0,0.0,0.0,0.0,0.0,0.0,0.0,0.0
2185,0,0.010226777860516555,8.741717222931272e-06,0.3496,-1.1,1.0,0.0,0.0,0.0,0.0,0.0,0.0,0.0,0.0
2186,1,0.011473601177305077,8.741717222931272e-06,0.3968,0.6,1.0,0.0,0.0,0.0,0.0,0.0,0.0,0.0,0.0
2187,0,0.0022012636949606786,8.741717222931272e-06,0.4376,0.1,1.0,0.0,0.0,0.0,0.0,0.0,0.0,0.0,0.0
2188,0,0.0007596656411180512,8.741717222931272e-06,0.547,-1.2,1.0,0.0,0.0,0.0,0.0,0.0,0.0,0.0,0.0
2189,1,0.003510361927678064,8.741717222931272e-06,0.2064,-1.2,1.0,0.0,0.0,0.0,0.0,0.0,0.0,0.0,0.0
2190,1,0.008785621472744346,8.741717222931272e-06,0.6038,-0.8,1.0,0.0,0.0,0.0,0.0,0.0,0.0,0.0,0.0
2191,1,0.011079635042492693,8.741717222931272e-06,0.5454,1.2,1.0,0.0,0.0,0.0,0.0,0.0,0.0,0.0,0.0
2192,1,0.011864917315694957,8.741717222931272e-06,0.1524,-1.1,1.0,0.0,0.0,0.0,0.0,0.0,0.0,0.0,0.0
2193,0,0.006673574324007996,9.377478475508092e-05,0.10619999999999999,0.6,1.0,0.0,0.0,0.0,0.0,0.0,0.0,0.0,0.0
2194,1,0.007158965335396797,9.377478475508092e-05,0.068,0.0,1.0,0.0,0.0,0.0,0.0,0.0,0.0,0.0,0.0
2195,0,0.006613949404501637,9.377478475508092e-05,0.06480000000000001,0.1,1.0,0.0,0.0,0.0,0.0,0.0,0.0,0.0,0.0
2196,1,0.007096690419467934,9.377478475508092e-05,0.065,2.5,1.0,0.0,0.0,0.0,0.0,0.0,0.0,0.0,0.0
2197,0,0.006831690777217451,9.377478475508092e-05,0.0318,-0.5,1.0,0.0,0.0,0.0,0.0,0.0,0.0,0.0,0.0
2198,0,0.005807908825989752,9.377478475508092e-05,0.1192,-0.8,1.0,0.0,0.0,0.0,0.0,0.0,0.0,0.0,0.0
2199,1,0.009308995766189048,9.377478475508092e-05,0.0622,-0.3,1.0,0.0,0.0,0.0,0.0,0.0,0.0,0.0,0.0
2200,1,0.014784330041154444,9.377478475508092e-05,0.053,1.6,1.0,0.0,0.0,0.0,0.0,0.0,0.0,0.0,0.0
2201,1,0.018372425197225983,9.377478475508092e-05,0.0602,0.7,1.0,0.0,0.0,0.0,0.0,0.0,0.0,0.0,0.0
2202,1,0.019640890151464963,9.377478475508092e-05,0.1298,-1.7,1.0,0.0,0.0,0.0,0.0,0.0,0.0,0.0,0.0
2203,0,0.017016068694973928,9.377478475508092e-05,0.3194,0.2,1.0,0.0,0.0,0.0,0.0,0.0,0.0,0.0,0.0
2204,0,0.011867125646047045,9.377478475508092e-05,0.2724,0.6,1.0,0.0,0.0,0.0,0.0,0.0,0.0,0.0,0.0
2205,0,0.010512094142006241,9.377478475508092e-05,0.1628,2.3,1.0,0.0,0.0,0.0,0.0,0.0,0.0,0.0,0.0
2206,1,0.015778078699593755,9.377478475508092e-05,0.021,0.5,1.0,0.0,0.0,0.0,0.0,0.0,0.0,0.0,0.0
2207,1,0.01805486729259582,9.377478475508092e-05,0.1168,0.3,1.0,0.0,0.0,0.0,0.0,0.0,0.0,0.0,0.0
2208,1,0.02002204797023524,9.377478475508092e-05,0.064,1.3,1.0,0.0,0.0,0.0,0.0,0.0,0.0,0.0,0.0
2209,0,0.0036658283844650144,9.377478475508092e-05,0.31079999999999997,-0.9,1.0,0.0,0.0,0.0,0.0,0.0,0.0,0.0,0.0
2210,1,0.004559318844919559,9.377478475508092e-05,0.059000000000000004,-0.2,1.0,0.0,0.0,0.0,0.0,0.0,0.0,0.0,0.0
2211,1,0.005555275833710958,9.377478475508092e-05,0.4708,2.2,1.0,0.0,0.0,0.0,0.0,0.0,0.0,0.0,0.0
2212,1,0.0058807837276086345,9.377478475508092e-05,0.365,-1.5,1.0,0.0,0.0,0.0,0.0,0.0,0.0,0.0,0.0
2213,1,0.006984065571511478,9.377478475508092e-05,0.1158,-1.7,1.0,0.0,0.0,0.0,0.0,0.0,0.0,0.0,0.0
2214,1,0.009135421000514983,9.377478475508092e-05,0.21960000000000002,-0.6,1.0,0.0,0.0,0.0,0.0,0.0,0.0,0.0,0.0
2215,0,0.006905007344906751,9.377478475508092e-05,0.155,-0.1,1.0,0.0,0.0,0.0,0.0,0.0,0.0,0.0,0.0
2216,1,0.007031323841046148,9.377478475508092e-05,0.3132,0.9,1.0,0.0,0.0,0.0,0.0,0.0,0.0,0.0,0.0
2217,0,0.00613827504666202,9.377478475508092e-05,0.2168,0.3,1.0,0.0,0.0,0.0,0.0,0.0,0.0,0.0,0.0
2218,0,0.00575579222968049,9.377478475508092e-05,0.2868,0.6,1.0,0.0,0.0,0.0,0.0,0.0,0.0,0.0,0.0
2219,1,0.00583794211877814,9.377478475508092e-05,0.637,-0.9,1.0,0.0,0.0,0.0,0.0,0.0,0.0,0.0,0.0
2220,1,0.006248249898195971,9.377478475508092e-05,0.10679999999999999,0.6,1.0,0.0,0.0,0.0,0.0,0.0,0.0,0.0,0.0
2221,0,0.00036834950272817134,9.377478475508092e-05,0.2352,-1.6,1.0,0.0,0.0,0.0,0.0,0.0,0.0,0.0,0.0
2222,1,0.005182951336349029,9.377478475508092e-05,0.1592,-0.9,1.0,0.0,0.0,0.0,0.0,0.0,0.0,0.0,0.0
2223,1,0.007725181237671996,9.377478475508092e-05,0.33880000000000005,1.5,1.0,0.0,0.0,0.0,0.0,0.0,0.0,0.0,0.0
2224,0,0.007555581466631687,9.377478475508092e-05,0.6314,-1.4,1.0,0.0,0.0,0.0,0.0,0.0,0.0,0.0,0.0
2225,1,0.008336447079129776,9.377478475508092e-05,0.47479999999999994,-0.8,1.0,0.0,0.0,0.0,0.0,0.0,0.0,0.0,0.0
2226,1,0.00847910521987462,9.377478475508092e-05,0.1646,-0.6,1.0,0.0,0.0,0.0,0.0,0.0,0.0,0.0,0.0
2227,1,0.009727695200944813,9.377478475508092e-05,0.1074,-0.5,1.0,0.0,0.0,0.0,0.0,0.0,0.0,0.0,0.0
2228,1,0.010995718489113373,9.377478475508092e-05,0.18,0.5,1.0,0.0,0.0,0.0,0.0,0.0,0.0,0.0,0.0
2229,1,0.012896207590119753,9.377478475508092e-05,0.3778,2.2,1.0,0.0,0.0,0.0,0.0,0.0,0.0,0.0,0.0
2230,0,0.012625024622883426,9.377478475508092e-05,0.299,-0.7,1.0,0.0,0.0,0.0,0.0,0.0,0.0,0.0,0.0
2231,0,0.01214935026504381,9.377478475508092e-05,0.3496,-1.1,1.0,0.0,0.0,0.0,0.0,0.0,0.0,0.0,0.0
2232,0,0.011922333904849229,9.377478475508092e-05,0.3968,0.6,1.0,0.0,0.0,0.0,0.0,0.0,0.0,0.0,0.0
2233,0,0.0022516136269882703,9.377478475508092e-05,0.4376,0.1,1.0,0.0,0.0,0.0,0.0,0.0,0.0,0.0,0.0
2234,1,0.005884317056171974,9.377478475508092e-05,0.547,-1.2,1.0,0.0,0.0,0.0,0.0,0.0,0.0,0.0,0.0
2235,1,0.00871318823719588,9.377478475508092e-05,0.2064,-1.2,1.0,0.0,0.0,0.0,0.0,0.0,0.0,0.0,0.0
2236,1,0.010228544524798225,9.377478475508092e-05,0.6038,-0.8,1.0,0.0,0.0,0.0,0.0,0.0,0.0,0.0,0.0
2237,1,0.013312257028453012,9.377478475508092e-05,0.5454,1.2,1.0,0.0,0.0,0.0,0.0,0.0,0.0,0.0,0.0
2238,0,0.011830909028272812,9.377478475508092e-05,0.1524,-1.1,1.0,0.0,0.0,0.0,0.0,0.0,0.0,0.0,0.0
2239,1,0.0015851395267283057,0.026086078894792638,0.0286,0.5,0.0,0.0,0.0,0.0,0.0,1.0,0.0,0.0,0.0
2240,1,0.0021208804701446987,0.026086078894792638,0.15380000000000002,0.3,0.0,0.0,0.0,0.0,0.0,1.0,0.0,0.0,0.0
2241,1,0.002151797095073922,0.026086078894792638,0.12619999999999998,1.3,0.0,0.0,0.0,0.0,0.0,1.0,0.0,0.0,0.0
2242,0,0.001742814313867343,0.026086078894792638,0.1568,-0.9,0.0,0.0,0.0,0.0,0.0,1.0,0.0,0.0,0.0
2243,1,0.0026601547421244314,0.026086078894792638,0.0676,-0.2,0.0,0.0,0.0,0.0,0.0,1.0,0.0,0.0,0.0
2244,0,0.001340014857646609,0.026086078894792638,0.4384,2.2,0.0,0.0,0.0,0.0,0.0,1.0,0.0,0.0,0.0
2245,1,0.0017834475923457504,0.026086078894792638,0.201,-1.5,0.0,0.0,0.0,0.0,0.0,1.0,0.0,0.0,0.0
2246,1,0.0019495140348227196,0.026086078894792638,0.1998,-1.7,0.0,0.0,0.0,0.0,0.0,1.0,0.0,0.0,0.0
2247,1,0.0023147718750579685,0.026086078894792638,0.133,-0.6,0.0,0.0,0.0,0.0,0.0,1.0,0.0,0.0,0.0
2248,0,0.002130597123693883,0.026086078894792638,0.1782,-0.1,0.0,0.0,0.0,0.0,0.0,1.0,0.0,0.0,0.0
2249,0,0.002120438804074281,0.026086078894792638,0.2336,0.9,0.0,0.0,0.0,0.0,0.0,1.0,0.0,0.0,0.0
2250,1,0.002623496458279781,0.026086078894792638,0.1168,0.3,0.0,0.0,0.0,0.0,0.0,1.0,0.0,0.0,0.0
2251,0,0.0019874973168786223,0.026086078894792638,0.0492,0.6,0.0,0.0,0.0,0.0,0.0,1.0,0.0,0.0,0.0
2252,1,0.00221672200742529,0.026086078894792638,0.20559999999999998,-0.9,0.0,0.0,0.0,0.0,0.0,1.0,0.0,0.0,0.0
2253,0,0.0021579804200597664,0.026086078894792638,0.4142,0.6,0.0,0.0,0.0,0.0,0.0,1.0,0.0,0.0,0.0
2254,1,0.0025263299227879375,0.026086078894792638,0.0894,-1.6,0.0,0.0,0.0,0.0,0.0,1.0,0.0,0.0,0.0
2255,1,0.002768362929376712,0.026086078894792638,0.1226,-0.9,0.0,0.0,0.0,0.0,0.0,1.0,0.0,0.0,0.0
2256,0,0.0026517630867864996,0.026086078894792638,0.16519999999999999,1.5,0.0,0.0,0.0,0.0,0.0,1.0,0.0,0.0,0.0
2257,1,0.002805021213221362,0.026086078894792638,0.2632,-1.4,0.0,0.0,0.0,0.0,0.0,1.0,0.0,0.0,0.0
2258,1,0.0028381461685026725,0.026086078894792638,0.3148,-0.8,0.0,0.0,0.0,0.0,0.0,1.0,0.0,0.0,0.0
2259,0,0.0026557380814202568,0.026086078894792638,0.3456,-0.6,0.0,0.0,0.0,0.0,0.0,1.0,0.0,0.0,0.0
2260,0,0.0025806548494492865,0.026086078894792638,0.1352,-0.5,0.0,0.0,0.0,0.0,0.0,1.0,0.0,0.0,0.0
2261,0,0.0025492965584496463,0.026086078894792638,0.327,0.5,0.0,0.0,0.0,0.0,0.0,1.0,0.0,0.0,0.0
2262,1,0.004704626982086907,0.026086078894792638,0.41659999999999997,2.2,0.0,0.0,0.0,0.0,0.0,1.0,0.0,0.0,0.0
2263,0,0.004527077221779084,0.026086078894792638,0.4192,-0.7,0.0,0.0,0.0,0.0,0.0,1.0,0.0,0.0,0.0
2264,0,0.0036455117452258105,0.026086078894792638,0.46740000000000004,-1.1,0.0,0.0,0.0,0.0,0.0,1.0,0.0,0.0,0.0
2265,0,0.0035421618847481223,0.026086078894792638,0.43560000000000004,0.6,0.0,0.0,0.0,0.0,0.0,1.0,0.0,0.0,0.0
2266,0,0.0010383569315514758,0.026086078894792638,0.5197999999999999,0.1,0.0,0.0,0.0,0.0,0.0,1.0,0.0,0.0,0.0
2267,1,0.0017520893013461098,0.026086078894792638,0.2394,-1.2,0.0,0.0,0.0,0.0,0.0,1.0,0.0,0.0,0.0
2268,1,0.0021292721254826306,0.026086078894792638,0.1716,-1.2,0.0,0.0,0.0,0.0,0.0,1.0,0.0,0.0,0.0
2269,1,0.002542671567393384,0.026086078894792638,0.36060000000000003,-0.8,0.0,0.0,0.0,0.0,0.0,1.0,0.0,0.0,0.0
2270,0,0.002004280627554486,0.026086078894792638,0.5506,1.2,0.0,0.0,0.0,0.0,0.0,1.0,0.0,0.0,0.0
2271,1,0.0021685804057497856,0.026086078894792638,0.1476,-1.1,0.0,0.0,0.0,0.0,0.0,1.0,0.0,0.0,0.0
2272,1,0.005076951479448836,0.0071268836413861504,0.1168,0.3,0.0,0.0,0.0,0.0,0.0,1.0,0.0,0.0,0.0
2273,0,0.004559318844919559,0.0071268836413861504,0.0492,0.6,0.0,0.0,0.0,0.0,0.0,1.0,0.0,0.0,0.0
2274,1,0.005010701568886215,0.0071268836413861504,0.20559999999999998,-0.9,0.0,0.0,0.0,0.0,0.0,1.0,0.0,0.0,0.0
2275,1,0.006485866244080571,0.0071268836413861504,0.4142,0.6,0.0,0.0,0.0,0.0,0.0,1.0,0.0,0.0,0.0
2276,1,0.022229494990181762,0.0071268836413861504,0.0894,-1.6,0.0,0.0,0.0,0.0,0.0,1.0,0.0,0.0,0.0
2277,1,0.02580080683557744,0.0071268836413861504,0.1226,-0.9,0.0,0.0,0.0,0.0,0.0,1.0,0.0,0.0,0.0
2278,1,0.026865222065283544,0.0071268836413861504,0.16519999999999999,1.5,0.0,0.0,0.0,0.0,0.0,1.0,0.0,0.0,0.0
2279,0,0.007174423647861409,0.0071268836413861504,0.2632,-1.4,0.0,0.0,0.0,0.0,0.0,1.0,0.0,0.0,0.0
2280,1,0.010474552526020756,0.0071268836413861504,0.3148,-0.8,0.0,0.0,0.0,0.0,0.0,1.0,0.0,0.0,0.0
2281,0,0.00852459682512762,0.0071268836413861504,0.3456,-0.6,0.0,0.0,0.0,0.0,0.0,1.0,0.0,0.0,0.0
2282,1,0.010740877166482492,0.0071268836413861504,0.1352,-0.5,0.0,0.0,0.0,0.0,0.0,1.0,0.0,0.0,0.0
2283,0,0.010009036487800741,0.0071268836413861504,0.327,0.5,0.0,0.0,0.0,0.0,0.0,1.0,0.0,0.0,0.0
2284,1,0.013750389770307143,0.0071268836413861504,0.41659999999999997,2.2,0.0,0.0,0.0,0.0,0.0,1.0,0.0,0.0,0.0
2285,1,0.01736719322095582,0.0071268836413861504,0.4192,-0.7,0.0,0.0,0.0,0.0,0.0,1.0,0.0,0.0,0.0
2286,0,0.011849459003230346,0.0071268836413861504,0.46740000000000004,-1.1,0.0,0.0,0.0,0.0,0.0,1.0,0.0,0.0,0.0
2287,1,0.013292823721354643,0.0071268836413861504,0.43560000000000004,0.6,0.0,0.0,0.0,0.0,0.0,1.0,0.0,0.0,0.0
2288,0,0.003022320919866758,0.0071268836413861504,0.5197999999999999,0.1,0.0,0.0,0.0,0.0,0.0,1.0,0.0,0.0,0.0
2289,1,0.0035585035293535685,0.0071268836413861504,0.2394,-1.2,0.0,0.0,0.0,0.0,0.0,1.0,0.0,0.0,0.0
2290,1,0.007127165378326739,0.0071268836413861504,0.1716,-1.2,0.0,0.0,0.0,0.0,0.0,1.0,0.0,0.0,0.0
2291,1,0.009752870166958609,0.0071268836413861504,0.36060000000000003,-0.8,0.0,0.0,0.0,0.0,0.0,1.0,0.0,0.0,0.0
2292,1,0.012575999689067087,0.0071268836413861504,0.5506,1.2,0.0,0.0,0.0,0.0,0.0,1.0,0.0,0.0,0.0
2293,0,0.011059760069323906,0.0071268836413861504,0.1476,-1.1,0.0,0.0,0.0,0.0,0.0,1.0,0.0,0.0,0.0
2294,0,0.004461710643357298,0.004602911468656176,0.0336,0.6,0.0,0.0,0.0,0.0,0.0,1.0,0.0,0.0,0.0
2295,1,0.014162464214006644,0.004602911468656176,0.3034,0.0,0.0,0.0,0.0,0.0,0.0,1.0,0.0,0.0,0.0
2296,1,0.03665386718394597,0.004602911468656176,0.0946,0.1,0.0,0.0,0.0,0.0,0.0,1.0,0.0,0.0,0.0
2297,0,0.03359312131595289,0.004602911468656176,0.2812,2.5,0.0,0.0,0.0,0.0,0.0,1.0,0.0,0.0,0.0
2298,1,0.04210093483040465,0.004602911468656176,0.1328,-0.5,0.0,0.0,0.0,0.0,0.0,1.0,0.0,0.0,0.0
2299,1,0.042689234036200716,0.004602911468656176,0.11359999999999999,-0.8,0.0,0.0,0.0,0.0,0.0,1.0,0.0,0.0,0.0
2300,1,0.044111840449015394,0.004602911468656176,0.1782,-0.3,0.0,0.0,0.0,0.0,0.0,1.0,0.0,0.0,0.0
2301,1,0.08825327252474875,0.004602911468656176,0.0236,1.6,0.0,0.0,0.0,0.0,0.0,1.0,0.0,0.0,0.0
2302,1,0.12400084093219807,0.004602911468656176,0.2186,0.7,0.0,0.0,0.0,0.0,0.0,1.0,0.0,0.0,0.0
2303,1,0.12766357765417016,0.004602911468656176,0.19,-1.7,0.0,0.0,0.0,0.0,0.0,1.0,0.0,0.0,0.0
2304,1,0.1765268616887367,0.004602911468656176,0.3998,0.2,0.0,0.0,0.0,0.0,0.0,1.0,0.0,0.0,0.0
2305,1,0.17776396835197605,0.004602911468656176,0.2332,0.6,0.0,0.0,0.0,0.0,0.0,1.0,0.0,0.0,0.0
2306,0,0.13650661571606879,0.004602911468656176,0.2158,2.3,0.0,0.0,0.0,0.0,0.0,1.0,0.0,0.0,0.0
2307,1,0.14401847224172915,0.004602911468656176,0.0286,0.5,0.0,0.0,0.0,0.0,0.0,1.0,0.0,0.0,0.0
2308,1,0.27871514040122713,0.004602911468656176,0.15380000000000002,0.3,0.0,0.0,0.0,0.0,0.0,1.0,0.0,0.0,0.0
2309,1,0.3398797078290611,0.004602911468656176,0.12619999999999998,1.3,0.0,0.0,0.0,0.0,0.0,1.0,0.0,0.0,0.0
2310,0,0.21679664899119053,0.004602911468656176,0.1568,-0.9,0.0,0.0,0.0,0.0,0.0,1.0,0.0,0.0,0.0
2311,0,0.019576406905184012,0.004602911468656176,0.0676,-0.2,0.0,0.0,0.0,0.0,0.0,1.0,0.0,0.0,0.0
2312,1,0.021366479488586023,0.004602911468656176,0.4384,2.2,0.0,0.0,0.0,0.0,0.0,1.0,0.0,0.0,0.0
2313,1,0.02413793408045566,0.004602911468656176,0.201,-1.5,0.0,0.0,0.0,0.0,0.0,1.0,0.0,0.0,0.0
2314,1,0.02559631544497415,0.004602911468656176,0.1998,-1.7,0.0,0.0,0.0,0.0,0.0,1.0,0.0,0.0,0.0
2315,0,0.01671396910280838,0.004602911468656176,0.133,-0.6,0.0,0.0,0.0,0.0,0.0,1.0,0.0,0.0,0.0
2316,1,0.0216919873824837,0.004602911468656176,0.1782,-0.1,0.0,0.0,0.0,0.0,0.0,1.0,0.0,0.0,0.0
2317,1,0.02624070624171324,0.004602911468656176,0.2336,0.9,0.0,0.0,0.0,0.0,0.0,1.0,0.0,0.0,0.0
2318,0,0.023298768546662463,0.004602911468656176,0.1168,0.3,0.0,0.0,0.0,0.0,0.0,1.0,0.0,0.0,0.0
2319,1,0.03093075824347637,0.004602911468656176,0.0492,0.6,0.0,0.0,0.0,0.0,0.0,1.0,0.0,0.0,0.0
2320,1,0.03214357327284275,0.004602911468656176,0.20559999999999998,-0.9,0.0,0.0,0.0,0.0,0.0,1.0,0.0,0.0,0.0
2321,1,0.03332370501299823,0.004602911468656176,0.4142,0.6,0.0,0.0,0.0,0.0,0.0,1.0,0.0,0.0,0.0
2322,0,0.022978560645609793,0.004602911468656176,0.0894,-1.6,0.0,0.0,0.0,0.0,0.0,1.0,0.0,0.0,0.0
2323,0,0.013850647968291909,0.004602911468656176,0.1226,-0.9,0.0,0.0,0.0,0.0,0.0,1.0,0.0,0.0,0.0
2324,0,0.010259902815797865,0.004602911468656176,0.16519999999999999,1.5,0.0,0.0,0.0,0.0,0.0,1.0,0.0,0.0,0.0
2325,1,0.010285519447882079,0.004602911468656176,0.2632,-1.4,0.0,0.0,0.0,0.0,0.0,1.0,0.0,0.0,0.0
2326,1,0.010613235672131842,0.004602911468656176,0.3148,-0.8,0.0,0.0,0.0,0.0,0.0,1.0,0.0,0.0,0.0
2327,1,0.02109662151956095,0.004602911468656176,0.3456,-0.6,0.0,0.0,0.0,0.0,0.0,1.0,0.0,0.0,0.0
2328,0,0.0052054763059403205,0.004602911468656176,0.1352,-0.5,0.0,0.0,0.0,0.0,0.0,1.0,0.0,0.0,0.0
2329,0,0.0035161035865934913,0.004602911468656176,0.327,0.5,0.0,0.0,0.0,0.0,0.0,1.0,0.0,0.0,0.0
2330,1,0.00373296162716847,0.004602911468656176,0.41659999999999997,2.2,0.0,0.0,0.0,0.0,0.0,1.0,0.0,0.0,0.0
2331,1,0.009013079499009343,0.004602911468656176,0.4192,-0.7,0.0,0.0,0.0,0.0,0.0,1.0,0.0,0.0,0.0
2332,1,0.01655629431566934,0.004602911468656176,0.46740000000000004,-1.1,0.0,0.0,0.0,0.0,0.0,1.0,0.0,0.0,0.0
2333,0,0.01607443663284388,0.004602911468656176,0.43560000000000004,0.6,0.0,0.0,0.0,0.0,0.0,1.0,0.0,0.0,0.0
2334,0,0.002092172175567563,0.004602911468656176,0.5197999999999999,0.1,0.0,0.0,0.0,0.0,0.0,1.0,0.0,0.0,0.0
2335,1,0.0024861383103799476,0.004602911468656176,0.2394,-1.2,0.0,0.0,0.0,0.0,0.0,1.0,0.0,0.0,0.0
2336,1,0.00431463584190828,0.004602911468656176,0.1716,-1.2,0.0,0.0,0.0,0.0,0.0,1.0,0.0,0.0,0.0
2337,0,0.003634470093465374,0.004602911468656176,0.36060000000000003,-0.8,0.0,0.0,0.0,0.0,0.0,1.0,0.0,0.0,0.0
2338,1,0.004433002348780163,0.004602911468656176,0.5506,1.2,0.0,0.0,0.0,0.0,0.0,1.0,0.0,0.0,0.0
2339,0,0.0038243865037448864,0.004602911468656176,0.1476,-1.1,0.0,0.0,0.0,0.0,0.0,1.0,0.0,0.0,0.0
2340,1,0.0006033158521902663,0.0007629135030921837,0.09519999999999999,2.3,0.0,0.0,0.0,1.0,0.0,0.0,0.0,0.0,0.0
2341,1,0.001317489888055318,0.0007629135030921837,0.32299999999999995,0.5,0.0,0.0,0.0,1.0,0.0,0.0,0.0,0.0,0.0
2342,1,0.0022153970092140375,0.0007629135030921837,0.1642,0.3,0.0,0.0,0.0,1.0,0.0,0.0,0.0,0.0,0.0
2343,1,0.0033297205048773183,0.0007629135030921837,0.0922,1.3,0.0,0.0,0.0,1.0,0.0,0.0,0.0,0.0,0.0
2344,1,0.0062380915785763685,0.0007629135030921837,0.34119999999999995,-0.9,0.0,0.0,0.0,1.0,0.0,0.0,0.0,0.0,0.0
2345,0,0.006200991628661301,0.0007629135030921837,0.11720000000000001,-0.2,0.0,0.0,0.0,1.0,0.0,0.0,0.0,0.0,0.0
2346,1,0.008450838591367901,0.0007629135030921837,0.43439999999999995,2.2,0.0,0.0,0.0,1.0,0.0,0.0,0.0,0.0,0.0
2347,1,0.009113779363064527,0.0007629135030921837,0.2662,-1.5,0.0,0.0,0.0,1.0,0.0,0.0,0.0,0.0,0.0
2348,0,0.007903172664050237,0.0007629135030921837,0.1582,-1.7,0.0,0.0,0.0,1.0,0.0,0.0,0.0,0.0,0.0
2349,1,0.009902594964830131,0.0007629135030921837,0.059000000000000004,-0.6,0.0,0.0,0.0,1.0,0.0,0.0,0.0,0.0,0.0
2350,1,0.011276176443828468,0.0007629135030921837,0.1402,-0.1,0.0,0.0,0.0,1.0,0.0,0.0,0.0,0.0,0.0
2351,0,0.009826186734647907,0.0007629135030921837,0.2112,0.9,0.0,0.0,0.0,1.0,0.0,0.0,0.0,0.0,0.0
2352,1,0.0100686614073071,0.0007629135030921837,0.20440000000000003,0.3,0.0,0.0,0.0,1.0,0.0,0.0,0.0,0.0,0.0
2353,1,0.010983351839141684,0.0007629135030921837,0.069,0.6,0.0,0.0,0.0,1.0,0.0,0.0,0.0,0.0,0.0
2354,1,0.011376434641813234,0.0007629135030921837,0.19079999999999997,-0.9,0.0,0.0,0.0,1.0,0.0,0.0,0.0,0.0,0.0
2355,1,0.020492422335229847,0.0007629135030921837,0.2758,0.6,0.0,0.0,0.0,1.0,0.0,0.0,0.0,0.0,0.0
2356,0,0.020298530930316576,0.0007629135030921837,0.2932,-1.6,0.0,0.0,0.0,1.0,0.0,0.0,0.0,0.0,0.0
2357,0,0.017977134064202347,0.0007629135030921837,0.2588,-0.9,0.0,0.0,0.0,1.0,0.0,0.0,0.0,0.0,0.0
2358,0,0.017652067836375088,0.0007629135030921837,0.1906,1.5,0.0,0.0,0.0,1.0,0.0,0.0,0.0,0.0,0.0
2359,0,0.015751578735368706,0.0007629135030921837,0.2554,-1.4,0.0,0.0,0.0,1.0,0.0,0.0,0.0,0.0,0.0
2360,1,0.017389718190547108,0.0007629135030921837,0.48,-0.8,0.0,0.0,0.0,1.0,0.0,0.0,0.0,0.0,0.0
2361,0,0.017050076982396075,0.0007629135030921837,0.192,-0.6,0.0,0.0,0.0,1.0,0.0,0.0,0.0,0.0,0.0
2362,1,0.017793400978908677,0.0007629135030921837,0.303,-0.5,0.0,0.0,0.0,1.0,0.0,0.0,0.0,0.0,0.0
2363,0,0.017246176717661432,0.0007629135030921837,0.29100000000000004,0.5,0.0,0.0,0.0,1.0,0.0,0.0,0.0,0.0,0.0
2364,1,0.020347997530203336,0.0007629135030921837,0.385,2.2,0.0,0.0,0.0,1.0,0.0,0.0,0.0,0.0,0.0
2365,1,0.02639440603421852,0.0007629135030921837,0.40700000000000003,-0.7,0.0,0.0,0.0,1.0,0.0,0.0,0.0,0.0,0.0
2366,0,0.019257524002342596,0.0007629135030921837,0.34740000000000004,-1.1,0.0,0.0,0.0,1.0,0.0,0.0,0.0,0.0,0.0
2367,0,0.017423284811898837,0.0007629135030921837,0.41600000000000004,0.6,0.0,0.0,0.0,1.0,0.0,0.0,0.0,0.0,0.0
2368,0,0.006729224248880597,0.0007629135030921837,0.35340000000000005,0.1,0.0,0.0,0.0,1.0,0.0,0.0,0.0,0.0,0.0
2369,1,0.012288475077225313,0.0007629135030921837,0.33840000000000003,-1.2,0.0,0.0,0.0,1.0,0.0,0.0,0.0,0.0,0.0
2370,1,0.014289664042286876,0.0007629135030921837,0.061399999999999996,-1.2,0.0,0.0,0.0,1.0,0.0,0.0,0.0,0.0,0.0
2371,1,0.014603688618353698,0.0007629135030921837,0.38880000000000003,-0.8,0.0,0.0,0.0,1.0,0.0,0.0,0.0,0.0,0.0
2372,1,0.01975660666191434,0.0007629135030921837,0.4374,1.2,0.0,0.0,0.0,1.0,0.0,0.0,0.0,0.0,0.0
2373,0,0.016547902660331407,0.0007629135030921837,0.1974,-1.1,0.0,0.0,0.0,1.0,0.0,0.0,0.0,0.0,0.0
2374,1,0.1668397997662703,0.01681985863848549,0.10619999999999999,0.6,1.0,0.0,0.0,0.0,0.0,0.0,0.0,0.0,0.0
2375,1,0.1889001366514822,0.01681985863848549,0.068,0.0,1.0,0.0,0.0,0.0,0.0,0.0,0.0,0.0,0.0
2376,0,0.1629465133555403,0.01681985863848549,0.06480000000000001,0.1,1.0,0.0,0.0,0.0,0.0,0.0,0.0,0.0,0.0
2377,1,0.18554568284666148,0.01681985863848549,0.065,2.5,1.0,0.0,0.0,0.0,0.0,0.0,0.0,0.0,0.0
2378,0,0.16919873824837003,0.01681985863848549,0.0318,-0.5,1.0,0.0,0.0,0.0,0.0,0.0,0.0,0.0,0.0
2379,0,0.14315634007227424,0.01681985863848549,0.1192,-0.8,1.0,0.0,0.0,0.0,0.0,0.0,0.0,0.0,0.0
2380,1,0.17472177245894052,0.01681985863848549,0.0622,-0.3,1.0,0.0,0.0,0.0,0.0,0.0,0.0,0.0,0.0
2381,1,0.18169744637511406,0.01681985863848549,0.053,1.6,1.0,0.0,0.0,0.0,0.0,0.0,0.0,0.0,0.0
2382,1,0.19111685865890748,0.01681985863848549,0.0602,0.7,1.0,0.0,0.0,0.0,0.0,0.0,0.0,0.0,0.0
2383,1,0.2531576915704497,0.01681985863848549,0.1298,-1.7,1.0,0.0,0.0,0.0,0.0,0.0,0.0,0.0,0.0
2384,1,0.3195546769345195,0.01681985863848549,0.3194,0.2,1.0,0.0,0.0,0.0,0.0,0.0,0.0,0.0,0.0
2385,0,0.19201609077827744,0.01681985863848549,0.2724,0.6,1.0,0.0,0.0,0.0,0.0,0.0,0.0,0.0,0.0
2386,0,0.17344314918508194,0.01681985863848549,0.1628,2.3,1.0,0.0,0.0,0.0,0.0,0.0,0.0,0.0,0.0
2387,1,0.2000464632706079,0.01681985863848549,0.021,0.5,1.0,0.0,0.0,0.0,0.0,0.0,0.0,0.0,0.0
2388,0,0.14554266185073983,0.01681985863848549,0.1168,0.3,1.0,0.0,0.0,0.0,0.0,0.0,0.0,0.0,0.0
2389,1,0.15676363003576613,0.01681985863848549,0.064,1.3,1.0,0.0,0.0,0.0,0.0,0.0,0.0,0.0,0.0
2390,1,0.16293017171093485,0.01681985863848549,0.31079999999999997,-0.9,1.0,0.0,0.0,0.0,0.0,0.0,0.0,0.0,0.0
2391,1,0.16890061365083825,0.01681985863848549,0.059000000000000004,-0.2,1.0,0.0,0.0,0.0,0.0,0.0,0.0,0.0,0.0
2392,1,0.16917488828056748,0.01681985863848549,0.4708,2.2,1.0,0.0,0.0,0.0,0.0,0.0,0.0,0.0,0.0
2393,0,0.1386226378594389,0.01681985863848549,0.365,-1.5,1.0,0.0,0.0,0.0,0.0,0.0,0.0,0.0,0.0
2394,1,0.18133704686165342,0.01681985863848549,0.1158,-1.7,1.0,0.0,0.0,0.0,0.0,0.0,0.0,0.0,0.0
2395,0,0.17518949682751261,0.01681985863848549,0.21960000000000002,-0.6,1.0,0.0,0.0,0.0,0.0,0.0,0.0,0.0,0.0
2396,1,0.17799849303536774,0.01681985863848549,0.155,-0.1,1.0,0.0,0.0,0.0,0.0,0.0,0.0,0.0,0.0
2397,0,0.15899183536102227,0.01681985863848549,0.3132,0.9,1.0,0.0,0.0,0.0,0.0,0.0,0.0,0.0,0.0
2398,1,0.17899135836166621,0.01681985863848549,0.2168,0.3,1.0,0.0,0.0,0.0,0.0,0.0,0.0,0.0,0.0
2399,0,0.16452811955370528,0.01681985863848549,0.2868,0.6,1.0,0.0,0.0,0.0,0.0,0.0,0.0,0.0,0.0
2400,1,0.1730884913305367,0.01681985863848549,0.637,-0.9,1.0,0.0,0.0,0.0,0.0,0.0,0.0,0.0,0.0
2401,1,0.1758383042849559,0.01681985863848549,0.10679999999999999,0.6,1.0,0.0,0.0,0.0,0.0,0.0,0.0,0.0,0.0
2402,0,0.1591473018178092,0.01681985863848549,0.2352,-1.6,1.0,0.0,0.0,0.0,0.0,0.0,0.0,0.0,0.0
2403,1,0.16803627315103126,0.01681985863848549,0.1592,-0.9,1.0,0.0,0.0,0.0,0.0,0.0,0.0,0.0,0.0
2404,1,0.1724816421497831,0.01681985863848549,0.33880000000000005,1.5,1.0,0.0,0.0,0.0,0.0,0.0,0.0,0.0,0.0
2405,0,0.16239178077109595,0.01681985863848549,0.6314,-1.4,1.0,0.0,0.0,0.0,0.0,0.0,0.0,0.0,0.0
2406,1,0.18687200605612517,0.01681985863848549,0.47479999999999994,-0.8,1.0,0.0,0.0,0.0,0.0,0.0,0.0,0.0,0.0
2407,0,0.16455108618936698,0.01681985863848549,0.1646,-0.6,1.0,0.0,0.0,0.0,0.0,0.0,0.0,0.0,0.0
2408,1,0.1759805207596303,0.01681985863848549,0.1074,-0.5,1.0,0.0,0.0,0.0,0.0,0.0,0.0,0.0,0.0
2409,1,0.19078251744360145,0.01681985863848549,0.18,0.5,1.0,0.0,0.0,0.0,0.0,0.0,0.0,0.0,0.0
2410,0,0.17130283540783886,0.01681985863848549,0.3778,2.2,1.0,0.0,0.0,0.0,0.0,0.0,0.0,0.0,0.0
2411,0,0.15919235175699178,0.01681985863848549,0.299,-0.7,1.0,0.0,0.0,0.0,0.0,0.0,0.0,0.0,0.0
2412,0,0.15055071342320356,0.01681985863848549,0.3496,-1.1,1.0,0.0,0.0,0.0,0.0,0.0,0.0,0.0,0.0
2413,0,0.1443461884659789,0.01681985863848549,0.3968,0.6,1.0,0.0,0.0,0.0,0.0,0.0,0.0,0.0,0.0
2414,0,0.09594356214285778,0.01681985863848549,0.4376,0.1,1.0,0.0,0.0,0.0,0.0,0.0,0.0,0.0,0.0
2415,1,0.14708760976506016,0.01681985863848549,0.547,-1.2,1.0,0.0,0.0,0.0,0.0,0.0,0.0,0.0,0.0
2416,0,0.14398843894894076,0.01681985863848549,0.2064,-1.2,1.0,0.0,0.0,0.0,0.0,0.0,0.0,0.0,0.0
2417,1,0.14947569820780743,0.01681985863848549,0.6038,-0.8,1.0,0.0,0.0,0.0,0.0,0.0,0.0,0.0,0.0
2418,1,0.17935043287691563,0.01681985863848549,0.5454,1.2,1.0,0.0,0.0,0.0,0.0,0.0,0.0,0.0,0.0
2419,0,0.13030915741597082,0.01681985863848549,0.1524,-1.1,1.0,0.0,0.0,0.0,0.0,0.0,0.0,0.0,0.0
2420,1,0.006831249111147034,0.0250489933515267,0.0848,0.9,0.0,0.0,0.0,0.0,1.0,0.0,0.0,0.0,0.0
2421,0,0.006507066215460609,0.0250489933515267,0.135,0.3,0.0,0.0,0.0,0.0,1.0,0.0,0.0,0.0,0.0
2422,1,0.006762349204161908,0.0250489933515267,0.111,0.6,0.0,0.0,0.0,0.0,1.0,0.0,0.0,0.0,0.0
2423,0,0.006363524742574931,0.0250489933515267,0.3212,-0.9,0.0,0.0,0.0,0.0,1.0,0.0,0.0,0.0,0.0
2424,0,0.006151525028774544,0.0250489933515267,0.2266,0.6,0.0,0.0,0.0,0.0,1.0,0.0,0.0,0.0,0.0
2425,1,0.006439049640616318,0.0250489933515267,0.17739999999999997,-1.6,0.0,0.0,0.0,0.0,1.0,0.0,0.0,0.0,0.0
2426,0,0.0046494187232847236,0.0250489933515267,0.1728,-0.9,0.0,0.0,0.0,0.0,1.0,0.0,0.0,0.0,0.0
2427,1,0.005543792515880104,0.0250489933515267,0.115,1.5,0.0,0.0,0.0,0.0,1.0,0.0,0.0,0.0,0.0
2428,0,0.0048561184442401,0.0250489933515267,0.3886,-1.4,0.0,0.0,0.0,0.0,1.0,0.0,0.0,0.0,0.0
2429,0,0.004688285337481461,0.0250489933515267,0.5436,-0.8,0.0,0.0,0.0,0.0,1.0,0.0,0.0,0.0,0.0
2430,0,0.0037250116379009554,0.0250489933515267,0.1602,-0.6,0.0,0.0,0.0,0.0,1.0,0.0,0.0,0.0,0.0
2431,1,0.005823808804524781,0.0250489933515267,0.151,-0.5,0.0,0.0,0.0,0.0,1.0,0.0,0.0,0.0,0.0
2432,0,0.00532958447172763,0.0250489933515267,0.3448,0.5,0.0,0.0,0.0,0.0,1.0,0.0,0.0,0.0,0.0
2433,1,0.00543779265897991,0.0250489933515267,0.4218,2.2,0.0,0.0,0.0,0.0,1.0,0.0,0.0,0.0,0.0
2434,0,0.005225351279109107,0.0250489933515267,0.3332,-0.7,0.0,0.0,0.0,0.0,1.0,0.0,0.0,0.0,0.0
2435,1,0.005934666988199566,0.0250489933515267,0.18280000000000002,-1.1,0.0,0.0,0.0,0.0,1.0,0.0,0.0,0.0,0.0
2436,0,0.0040275528961369236,0.0250489933515267,0.27,0.6,0.0,0.0,0.0,0.0,1.0,0.0,0.0,0.0,0.0
2437,1,0.005529659201626744,0.0250489933515267,0.24359999999999998,0.1,0.0,0.0,0.0,0.0,1.0,0.0,0.0,0.0,0.0
2438,1,0.006729665914951014,0.0250489933515267,0.1524,-1.2,0.0,0.0,0.0,0.0,1.0,0.0,0.0,0.0,0.0
2439,0,0.0055906091193443554,0.0250489933515267,0.2242,-1.2,0.0,0.0,0.0,0.0,1.0,0.0,0.0,0.0,0.0
2440,0,0.005258476234390417,0.0250489933515267,0.46020000000000005,-0.8,0.0,0.0,0.0,0.0,1.0,0.0,0.0,0.0,0.0
2441,1,0.005462967624993706,0.0250489933515267,0.4988,1.2,0.0,0.0,0.0,0.0,1.0,0.0,0.0,0.0,0.0
2442,0,0.004879526745972226,0.0250489933515267,0.32380000000000003,-1.1,0.0,0.0,0.0,0.0,1.0,0.0,0.0,0.0,0.0
2443,0,0.04306420852998515,0.011009000789933356,0.13140000000000002,0.6,0.0,0.0,1.0,0.0,0.0,0.0,0.0,0.0,0.0
2444,0,0.04287915044648023,0.011009000789933356,0.254,0.0,0.0,0.0,1.0,0.0,0.0,0.0,0.0,0.0,0.0
2445,1,0.043199800013603316,0.011009000789933356,0.3642,0.1,0.0,0.0,1.0,0.0,0.0,0.0,0.0,0.0,0.0
2446,1,0.04775028553711452,0.011009000789933356,0.3654,2.5,0.0,0.0,1.0,0.0,0.0,0.0,0.0,0.0,0.0
2447,0,0.04645090395794632,0.011009000789933356,0.46740000000000004,-0.5,0.0,0.0,1.0,0.0,0.0,0.0,0.0,0.0,0.0
2448,0,0.04595535462693792,0.011009000789933356,0.37920000000000004,-0.8,0.0,0.0,1.0,0.0,0.0,0.0,0.0,0.0,0.0
2449,1,0.048519226165711346,0.011009000789933356,0.0274,-0.3,0.0,0.0,1.0,0.0,0.0,0.0,0.0,0.0,0.0
2450,1,0.051010222802865886,0.011009000789933356,0.2726,1.6,0.0,0.0,1.0,0.0,0.0,0.0,0.0,0.0,0.0
2451,0,0.0431437084226603,0.011009000789933356,0.1042,0.7,0.0,0.0,1.0,0.0,0.0,0.0,0.0,0.0,0.0
2452,0,0.03704871665089919,0.011009000789933356,0.0018,-1.7,0.0,0.0,1.0,0.0,0.0,0.0,0.0,0.0,0.0
2453,1,0.0376683741476949,0.011009000789933356,0.1666,0.2,0.0,0.0,1.0,0.0,0.0,0.0,0.0,0.0,0.0
2454,0,0.03704518332233585,0.011009000789933356,0.0684,0.6,0.0,0.0,1.0,0.0,0.0,0.0,0.0,0.0,0.0
2455,0,0.03232907302241809,0.011009000789933356,0.3826,2.3,0.0,0.0,1.0,0.0,0.0,0.0,0.0,0.0,0.0
2456,1,0.03396412081510357,0.011009000789933356,0.1592,0.5,0.0,0.0,1.0,0.0,0.0,0.0,0.0,0.0,0.0
2457,0,0.031197082883938108,0.011009000789933356,0.14,0.3,0.0,0.0,1.0,0.0,0.0,0.0,0.0,0.0,0.0
2458,1,0.03491767786113489,0.011009000789933356,0.32520000000000004,1.3,0.0,0.0,1.0,0.0,0.0,0.0,0.0,0.0,0.0
2459,0,0.03415757055394642,0.011009000789933356,0.493,-0.9,0.0,0.0,1.0,0.0,0.0,0.0,0.0,0.0,0.0
2460,1,0.03427372873046621,0.011009000789933356,0.2582,-0.2,0.0,0.0,1.0,0.0,0.0,0.0,0.0,0.0,0.0
2461,1,0.03443537851223901,0.011009000789933356,0.4412,2.2,0.0,0.0,1.0,0.0,0.0,0.0,0.0,0.0,0.0
2462,0,0.033104638642071166,0.011009000789933356,0.1164,-1.5,0.0,0.0,1.0,0.0,0.0,0.0,0.0,0.0,0.0
2463,0,0.029607085030435208,0.011009000789933356,0.0132,-1.7,0.0,0.0,1.0,0.0,0.0,0.0,0.0,0.0,0.0
2464,0,0.028566519768531647,0.011009000789933356,0.1902,-0.6,0.0,0.0,1.0,0.0,0.0,0.0,0.0,0.0,0.0
2465,0,0.027071038454098088,0.011009000789933356,0.13,-0.1,0.0,0.0,1.0,0.0,0.0,0.0,0.0,0.0,0.0
2466,0,0.024737274938012168,0.011009000789933356,0.31420000000000003,0.9,0.0,0.0,1.0,0.0,0.0,0.0,0.0,0.0,0.0
2467,1,0.024807941509278963,0.011009000789933356,0.1362,0.3,0.0,0.0,1.0,0.0,0.0,0.0,0.0,0.0,0.0
2468,0,0.02465645004712577,0.011009000789933356,0.07780000000000001,0.6,0.0,0.0,1.0,0.0,0.0,0.0,0.0,0.0,0.0
2469,0,0.023341610155492958,0.011009000789933356,0.21960000000000002,-0.9,0.0,0.0,1.0,0.0,0.0,0.0,0.0,0.0,0.0
2470,0,0.021790478916186795,0.011009000789933356,0.1568,0.6,0.0,0.0,1.0,0.0,0.0,0.0,0.0,0.0,0.0
2471,1,0.023565534853194615,0.011009000789933356,0.0292,-1.6,0.0,0.0,1.0,0.0,0.0,0.0,0.0,0.0,0.0
2472,0,0.023233843634311094,0.011009000789933356,0.04,-0.9,0.0,0.0,1.0,0.0,0.0,0.0,0.0,0.0,0.0
2473,1,0.025846740106900856,0.011009000789933356,0.1528,1.5,0.0,0.0,1.0,0.0,0.0,0.0,0.0,0.0,0.0
2474,0,0.025444823982820955,0.011009000789933356,0.1186,-1.4,0.0,0.0,1.0,0.0,0.0,0.0,0.0,0.0,0.0
2475,1,0.026846672090326013,0.011009000789933356,0.256,-0.8,0.0,0.0,1.0,0.0,0.0,0.0,0.0,0.0,0.0
2476,0,0.025477948938102266,0.011009000789933356,0.0546,-0.6,0.0,0.0,1.0,0.0,0.0,0.0,0.0,0.0,0.0
2477,1,0.025837023453351673,0.011009000789933356,0.3104,-0.5,0.0,0.0,1.0,0.0,0.0,0.0,0.0,0.0,0.0
2478,0,0.017456851433250566,0.011009000789933356,0.7186,0.5,0.0,0.0,1.0,0.0,0.0,0.0,0.0,0.0,0.0
2479,1,0.022148670099295366,0.011009000789933356,0.27940000000000004,2.2,0.0,0.0,1.0,0.0,0.0,0.0,0.0,0.0,0.0
2480,0,0.02109264652492719,0.011009000789933356,0.18,-0.7,0.0,0.0,1.0,0.0,0.0,0.0,0.0,0.0,0.0
2481,1,0.021762653953750495,0.011009000789933356,0.13720000000000002,-1.1,0.0,0.0,1.0,0.0,0.0,0.0,0.0,0.0,0.0
2482,0,0.02141241275990944,0.011009000789933356,0.0654,0.6,0.0,0.0,1.0,0.0,0.0,0.0,0.0,0.0,0.0
2483,0,0.015428720837893536,0.011009000789933356,0.22899999999999998,0.1,0.0,0.0,1.0,0.0,0.0,0.0,0.0,0.0,0.0
2484,1,0.01939841547880577,0.011009000789933356,0.45380000000000004,-1.2,0.0,0.0,1.0,0.0,0.0,0.0,0.0,0.0,0.0
2485,1,0.022966635661708524,0.011009000789933356,0.1818,-1.2,0.0,0.0,1.0,0.0,0.0,0.0,0.0,0.0,0.0
2486,0,0.02086077183795802,0.011009000789933356,0.15,-0.8,0.0,0.0,1.0,0.0,0.0,0.0,0.0,0.0,0.0
2487,1,0.02708782176477395,0.011009000789933356,0.33899999999999997,1.2,0.0,0.0,1.0,0.0,0.0,0.0,0.0,0.0,0.0
2488,0,0.02388927608281062,0.011009000789933356,0.42840000000000006,-1.1,0.0,0.0,1.0,0.0,0.0,0.0,0.0,0.0,0.0
2489,1,0.00209614717020132,0.00028927136992245304,0.1162,0.6,0.0,0.0,0.0,1.0,0.0,0.0,0.0,0.0,0.0
2490,1,0.0024371133765636083,0.00028927136992245304,0.11199999999999999,0.0,0.0,0.0,0.0,1.0,0.0,0.0,0.0,0.0,0.0
2491,0,0.0014062647682092297,0.00028927136992245304,0.12300000000000001,0.1,0.0,0.0,0.0,1.0,0.0,0.0,0.0,0.0,0.0
2492,0,0.0013090982327173858,0.00028927136992245304,0.0882,2.5,0.0,0.0,0.0,1.0,0.0,0.0,0.0,0.0,0.0
2493,0,0.0010034653119884954,0.00028927136992245304,0.078,-0.5,0.0,0.0,0.0,1.0,0.0,0.0,0.0,0.0,0.0
2494,0,0.0007283073501184107,0.00028927136992245304,0.2024,-0.8,0.0,0.0,0.0,1.0,0.0,0.0,0.0,0.0,0.0
2495,1,0.0017247060049802266,0.00028927136992245304,0.12480000000000001,-0.3,0.0,0.0,0.0,1.0,0.0,0.0,0.0,0.0,0.0
2496,0,0.0016266561373475478,0.00028927136992245304,0.1366,1.6,0.0,0.0,0.0,1.0,0.0,0.0,0.0,0.0,0.0
2497,1,0.002480838317534938,0.00028927136992245304,0.25,0.7,0.0,0.0,0.0,1.0,0.0,0.0,0.0,0.0,0.0
2498,1,0.0033712371154965607,0.00028927136992245304,0.2836,-1.7,0.0,0.0,0.0,1.0,0.0,0.0,0.0,0.0,0.0
2499,0,0.003356220469102367,0.00028927136992245304,0.265,0.2,0.0,0.0,0.0,1.0,0.0,0.0,0.0,0.0,0.0
2500,1,0.003680403364788791,0.00028927136992245304,0.2122,0.6,0.0,0.0,0.0,1.0,0.0,0.0,0.0,0.0,0.0
2501,0,0.002859787805953129,0.00028927136992245304,0.09519999999999999,2.3,0.0,0.0,0.0,1.0,0.0,0.0,0.0,0.0,0.0
2502,0,0.0027144796687857803,0.00028927136992245304,0.32299999999999995,0.5,0.0,0.0,0.0,1.0,0.0,0.0,0.0,0.0,0.0
2503,1,0.0031203707874994367,0.00028927136992245304,0.1642,0.3,0.0,0.0,0.0,1.0,0.0,0.0,0.0,0.0,0.0
2504,0,0.0026888630367015672,0.00028927136992245304,0.0922,1.3,0.0,0.0,0.0,1.0,0.0,0.0,0.0,0.0,0.0
2505,1,0.0029326627075720113,0.00028927136992245304,0.34119999999999995,-0.9,0.0,0.0,0.0,1.0,0.0,0.0,0.0,0.0,0.0
2506,1,0.0033513621423277747,0.00028927136992245304,0.11720000000000001,-0.2,0.0,0.0,0.0,1.0,0.0,0.0,0.0,0.0,0.0
2507,0,0.0031649790606116013,0.00028927136992245304,0.43439999999999995,2.2,0.0,0.0,0.0,1.0,0.0,0.0,0.0,0.0,0.0
2508,0,0.0026323297796881306,0.00028927136992245304,0.2662,-1.5,0.0,0.0,0.0,1.0,0.0,0.0,0.0,0.0,0.0
2509,1,0.0036512534041412375,0.00028927136992245304,0.1582,-1.7,0.0,0.0,0.0,1.0,0.0,0.0,0.0,0.0,0.0
2510,1,0.003951144665954701,0.00028927136992245304,0.059000000000000004,-0.6,0.0,0.0,0.0,1.0,0.0,0.0,0.0,0.0,0.0
2511,1,0.005918767009664537,0.00028927136992245304,0.1402,-0.1,0.0,0.0,0.0,1.0,0.0,0.0,0.0,0.0,0.0
2512,1,0.007188115296044351,0.00028927136992245304,0.2112,0.9,0.0,0.0,0.0,1.0,0.0,0.0,0.0,0.0,0.0
2513,1,0.007219915253114408,0.00028927136992245304,0.20440000000000003,0.3,0.0,0.0,0.0,1.0,0.0,0.0,0.0,0.0,0.0
2514,0,0.006328191456941533,0.00028927136992245304,0.069,0.6,0.0,0.0,0.0,1.0,0.0,0.0,0.0,0.0,0.0
2515,1,0.006501324556545182,0.00028927136992245304,0.19079999999999997,-0.9,0.0,0.0,0.0,1.0,0.0,0.0,0.0,0.0,0.0
2516,1,0.007669531312799394,0.00028927136992245304,0.2758,0.6,0.0,0.0,0.0,1.0,0.0,0.0,0.0,0.0,0.0
2517,0,0.0074941898828436585,0.00028927136992245304,0.2932,-1.6,0.0,0.0,0.0,1.0,0.0,0.0,0.0,0.0,0.0
2518,1,0.0083042054559893,0.00028927136992245304,0.2588,-0.9,0.0,0.0,0.0,1.0,0.0,0.0,0.0,0.0,0.0
2519,1,0.009346979048244951,0.00028927136992245304,0.1906,1.5,0.0,0.0,0.0,1.0,0.0,0.0,0.0,0.0,0.0
2520,0,0.009337262394695766,0.00028927136992245304,0.2554,-1.4,0.0,0.0,0.0,1.0,0.0,0.0,0.0,0.0,0.0
2521,0,0.008575388423225628,0.00028927136992245304,0.48,-0.8,0.0,0.0,0.0,1.0,0.0,0.0,0.0,0.0,0.0
2522,1,0.009320037417949486,0.00028927136992245304,0.192,-0.6,0.0,0.0,0.0,1.0,0.0,0.0,0.0,0.0,0.0
2523,1,0.010427294256486088,0.00028927136992245304,0.303,-0.5,0.0,0.0,0.0,1.0,0.0,0.0,0.0,0.0,0.0
2524,1,0.010770027127130046,0.00028927136992245304,0.29100000000000004,0.5,0.0,0.0,0.0,1.0,0.0,0.0,0.0,0.0,0.0
2525,1,0.01356930668143598,0.00028927136992245304,0.385,2.2,0.0,0.0,0.0,1.0,0.0,0.0,0.0,0.0,0.0
2526,1,0.016529352685373876,0.00028927136992245304,0.40700000000000003,-0.7,0.0,0.0,0.0,1.0,0.0,0.0,0.0,0.0,0.0
2527,0,0.013339198658748478,0.00028927136992245304,0.34740000000000004,-1.1,0.0,0.0,0.0,1.0,0.0,0.0,0.0,0.0,0.0
2528,1,0.01430821401724441,0.00028927136992245304,0.41600000000000004,0.6,0.0,0.0,0.0,1.0,0.0,0.0,0.0,0.0,0.0
2529,0,0.0049024933816339345,0.00028927136992245304,0.35340000000000005,0.1,0.0,0.0,0.0,1.0,0.0,0.0,0.0,0.0,0.0
2530,1,0.007526873172054551,0.00028927136992245304,0.33840000000000003,-1.2,0.0,0.0,0.0,1.0,0.0,0.0,0.0,0.0,0.0
2531,1,0.012251816793380662,0.00028927136992245304,0.061399999999999996,-1.2,0.0,0.0,0.0,1.0,0.0,0.0,0.0,0.0,0.0
2532,1,0.013584323327830173,0.00028927136992245304,0.38880000000000003,-0.8,0.0,0.0,0.0,1.0,0.0,0.0,0.0,0.0,0.0
2533,1,0.013743764779250881,0.00028927136992245304,0.4374,1.2,0.0,0.0,0.0,1.0,0.0,0.0,0.0,0.0,0.0
2534,0,0.008003430862035003,0.00028927136992245304,0.1974,-1.1,0.0,0.0,0.0,1.0,0.0,0.0,0.0,0.0,0.0
