,Att Chg,Visitors Scaled,Area Scaled,cei_pct_area,RONI,Region_Northeast,Region_Northern Rockies and Plains,Region_Northwest,Region_Ohio Valley,Region_South,Region_Southeast,Region_Southwest,Region_Upper Midwest,Region_West
0,0,0.1962826380279896,0.014398841301189588,0.10619999999999999,0.6,1.0,0.0,0.0,0.0,0.0,0.0,0.0,0.0,0.0
1,1,0.21169804318002525,0.014398841301189588,0.068,0.0,1.0,0.0,0.0,0.0,0.0,0.0,0.0,0.0,0.0
2,1,0.25224036242365594,0.014398841301189588,0.06480000000000001,0.1,1.0,0.0,0.0,0.0,0.0,0.0,0.0,0.0,0.0
3,1,0.291256224248931,0.014398841301189588,0.065,2.5,1.0,0.0,0.0,0.0,0.0,0.0,0.0,0.0,0.0
4,0,0.26372561813157713,0.014398841301189588,0.0318,-0.5,1.0,0.0,0.0,0.0,0.0,0.0,0.0,0.0,0.0
5,1,0.264488740920131,0.014398841301189588,0.1192,-0.8,1.0,0.0,0.0,0.0,0.0,0.0,0.0,0.0,0.0
6,1,0.2774452340944648,0.014398841301189588,0.0622,-0.3,1.0,0.0,0.0,0.0,0.0,0.0,0.0,0.0,0.0
7,1,0.3028026314637355,0.014398841301189588,0.053,1.6,1.0,0.0,0.0,0.0,0.0,0.0,0.0,0.0,0.0
8,1,0.3179230829849957,0.014398841301189588,0.0602,0.7,1.0,0.0,0.0,0.0,0.0,0.0,0.0,0.0,0.0
9,1,0.3842060204152823,0.014398841301189588,0.1298,-1.7,1.0,0.0,0.0,0.0,0.0,0.0,0.0,0.0,0.0
10,0,0.16520729231013445,0.014398841301189588,0.3194,0.2,1.0,0.0,0.0,0.0,0.0,0.0,0.0,0.0,0.0
11,1,0.17482954547059404,0.014398841301189588,0.2724,0.6,1.0,0.0,0.0,0.0,0.0,0.0,0.0,0.0,0.0
12,0,0.16820993015735286,0.014398841301189588,0.1628,2.3,1.0,0.0,0.0,0.0,0.0,0.0,0.0,0.0,0.0
13,1,0.18755251897603284,0.014398841301189588,0.021,0.5,1.0,0.0,0.0,0.0,0.0,0.0,0.0,0.0,0.0
14,1,0.19141615026831812,0.014398841301189588,0.1168,0.3,1.0,0.0,0.0,0.0,0.0,0.0,0.0,0.0,0.0
15,1,0.20092280872119347,0.014398841301189588,0.064,1.3,1.0,0.0,0.0,0.0,0.0,0.0,0.0,0.0,0.0
16,0,0.19099825810003257,0.014398841301189588,0.31079999999999997,-0.9,1.0,0.0,0.0,0.0,0.0,0.0,0.0,0.0,0.0
17,1,0.1949155558417766,0.014398841301189588,0.059000000000000004,-0.2,1.0,0.0,0.0,0.0,0.0,0.0,0.0,0.0,0.0
18,0,0.1832071606861058,0.014398841301189588,0.4708,2.2,1.0,0.0,0.0,0.0,0.0,0.0,0.0,0.0,0.0
19,1,0.18375300496810096,0.014398841301189588,0.365,-1.5,1.0,0.0,0.0,0.0,0.0,0.0,0.0,0.0,0.0
20,0,0.1743621530640577,0.014398841301189588,0.1158,-1.7,1.0,0.0,0.0,0.0,0.0,0.0,0.0,0.0,0.0
21,1,0.17770310138411421,0.014398841301189588,0.21960000000000002,-0.6,1.0,0.0,0.0,0.0,0.0,0.0,0.0,0.0,0.0
22,1,0.1806703617429394,0.014398841301189588,0.155,-0.1,1.0,0.0,0.0,0.0,0.0,0.0,0.0,0.0,0.0
23,0,0.17166640257124433,0.014398841301189588,0.3132,0.9,1.0,0.0,0.0,0.0,0.0,0.0,0.0,0.0,0.0
24,0,0.1559043545239546,0.014398841301189588,0.2168,0.3,1.0,0.0,0.0,0.0,0.0,0.0,0.0,0.0,0.0
25,0,0.14486297684405688,0.014398841301189588,0.2868,0.6,1.0,0.0,0.0,0.0,0.0,0.0,0.0,0.0,0.0
26,1,0.14712996065119435,0.014398841301189588,0.637,-0.9,1.0,0.0,0.0,0.0,0.0,0.0,0.0,0.0,0.0
27,1,0.1555075758667061,0.014398841301189588,0.10679999999999999,0.6,1.0,0.0,0.0,0.0,0.0,0.0,0.0,0.0,0.0
28,0,0.1465840457554499,0.014398841301189588,0.2352,-1.6,1.0,0.0,0.0,0.0,0.0,0.0,0.0,0.0,0.0
29,1,0.1573061080610679,0.014398841301189588,0.1592,-0.9,1.0,0.0,0.0,0.0,0.0,0.0,0.0,0.0,0.0
30,1,0.17683151587665416,0.014398841301189588,0.33880000000000005,1.5,1.0,0.0,0.0,0.0,0.0,0.0,0.0,0.0,0.0
31,0,0.1676825866776711,0.014398841301189588,0.6314,-1.4,1.0,0.0,0.0,0.0,0.0,0.0,0.0,0.0,0.0
32,1,0.17166569643375146,0.014398841301189588,0.47479999999999994,-0.8,1.0,0.0,0.0,0.0,0.0,0.0,0.0,0.0,0.0
33,0,0.1592284967716806,0.014398841301189588,0.1646,-0.6,1.0,0.0,0.0,0.0,0.0,0.0,0.0,0.0,0.0
34,1,0.18099214859844417,0.014398841301189588,0.1074,-0.5,1.0,0.0,0.0,0.0,0.0,0.0,0.0,0.0,0.0
35,1,0.1985082421780444,0.014398841301189588,0.18,0.5,1.0,0.0,0.0,0.0,0.0,0.0,0.0,0.0,0.0
36,1,0.23326496510127281,0.014398841301189588,0.3778,2.2,1.0,0.0,0.0,0.0,0.0,0.0,0.0,0.0,0.0
37,1,0.24780278257715893,0.014398841301189588,0.299,-0.7,1.0,0.0,0.0,0.0,0.0,0.0,0.0,0.0,0.0
38,1,0.24980143413700254,0.014398841301189588,0.3496,-1.1,1.0,0.0,0.0,0.0,0.0,0.0,0.0,0.0,0.0
39,0,0.2427196518346723,0.014398841301189588,0.3968,0.6,1.0,0.0,0.0,0.0,0.0,0.0,0.0,0.0,0.0
40,0,0.18847049771677504,0.014398841301189588,0.4376,0.1,1.0,0.0,0.0,0.0,0.0,0.0,0.0,0.0,0.0
41,1,0.28733426599973394,0.014398841301189588,0.547,-1.2,1.0,0.0,0.0,0.0,0.0,0.0,0.0,0.0,0.0
42,0,0.28035494424762036,0.014398841301189588,0.2064,-1.2,1.0,0.0,0.0,0.0,0.0,0.0,0.0,0.0,0.0
43,0,0.27397357972447645,0.014398841301189588,0.6038,-0.8,1.0,0.0,0.0,0.0,0.0,0.0,0.0,0.0,0.0
44,1,0.2797477366174941,0.014398841301189588,0.5454,1.2,1.0,0.0,0.0,0.0,0.0,0.0,0.0,0.0,0.0
45,1,0.28805593851745587,0.014398841301189588,0.1524,-1.1,1.0,0.0,0.0,0.0,0.0,0.0,0.0,0.0,0.0
46,1,0.020514635829359897,0.022497225547324244,0.12240000000000001,0.6,0.0,0.0,0.0,0.0,0.0,0.0,1.0,0.0,0.0
47,1,0.023055954052480704,0.022497225547324244,0.1376,0.0,0.0,0.0,0.0,0.0,0.0,0.0,1.0,0.0,0.0
48,1,0.023967365714539116,0.022497225547324244,0.15839999999999999,0.1,0.0,0.0,0.0,0.0,0.0,0.0,1.0,0.0,0.0
49,0,0.020327933076242796,0.022497225547324244,0.3452,2.5,0.0,0.0,0.0,0.0,0.0,0.0,1.0,0.0,0.0
50,1,0.02437445397918363,0.022497225547324244,0.2488,-0.5,0.0,0.0,0.0,0.0,0.0,0.0,1.0,0.0,0.0
51,1,0.02566555577116287,0.022497225547324244,0.207,-0.8,0.0,0.0,0.0,0.0,0.0,0.0,1.0,0.0,0.0
52,1,0.02961851345629729,0.022497225547324244,0.2116,-0.3,0.0,0.0,0.0,0.0,0.0,0.0,1.0,0.0,0.0
53,1,0.03311191686106632,0.022497225547324244,0.198,1.6,0.0,0.0,0.0,0.0,0.0,0.0,1.0,0.0,0.0
54,1,0.03675127888561335,0.022497225547324244,0.0864,0.7,0.0,0.0,0.0,0.0,0.0,0.0,1.0,0.0,0.0
55,1,0.039247757377936364,0.022497225547324244,0.2018,-1.7,0.0,0.0,0.0,0.0,0.0,0.0,1.0,0.0,0.0
56,1,0.04383129584421138,0.022497225547324244,0.1378,0.2,0.0,0.0,0.0,0.0,0.0,0.0,1.0,0.0,0.0
57,1,0.04984497457481343,0.022497225547324244,0.0834,0.6,0.0,0.0,0.0,0.0,0.0,0.0,1.0,0.0,0.0
58,1,0.05647906570665862,0.022497225547324244,0.2144,2.3,0.0,0.0,0.0,0.0,0.0,0.0,1.0,0.0,0.0
59,0,0.05463230432153321,0.022497225547324244,0.1864,0.5,0.0,0.0,0.0,0.0,0.0,0.0,1.0,0.0,0.0
60,1,0.05487945244404072,0.022497225547324244,0.0834,0.3,0.0,0.0,0.0,0.0,0.0,0.0,1.0,0.0,0.0
61,1,0.06068362018050569,0.022497225547324244,0.107,1.3,0.0,0.0,0.0,0.0,0.0,0.0,1.0,0.0,0.0
62,0,0.060446499210397055,0.022497225547324244,0.1882,-0.9,0.0,0.0,0.0,0.0,0.0,0.0,1.0,0.0,0.0
63,1,0.0606236691073603,0.022497225547324244,0.1804,-0.2,0.0,0.0,0.0,0.0,0.0,0.0,1.0,0.0,0.0
64,0,0.05911507696757445,0.022497225547324244,0.19940000000000002,2.2,0.0,0.0,0.0,0.0,0.0,0.0,1.0,0.0,0.0
65,1,0.06143254960545274,0.022497225547324244,0.1524,-1.5,0.0,0.0,0.0,0.0,0.0,0.0,1.0,0.0,0.0
66,0,0.055532700238702715,0.022497225547324244,0.195,-1.7,0.0,0.0,0.0,0.0,0.0,0.0,1.0,0.0,0.0
67,0,0.053244602920528177,0.022497225547324244,0.1244,-0.6,0.0,0.0,0.0,0.0,0.0,0.0,1.0,0.0,0.0
68,1,0.054349425641886044,0.022497225547324244,0.265,-0.1,0.0,0.0,0.0,0.0,0.0,0.0,1.0,0.0,0.0
69,0,0.053509757549104094,0.022497225547324244,0.491,0.9,0.0,0.0,0.0,0.0,0.0,0.0,1.0,0.0,0.0
70,0,0.05176912862915834,0.022497225547324244,0.057999999999999996,0.3,0.0,0.0,0.0,0.0,0.0,0.0,1.0,0.0,0.0
71,1,0.05519664940584179,0.022497225547324244,0.1444,0.6,0.0,0.0,0.0,0.0,0.0,0.0,1.0,0.0,0.0
72,1,0.05882471323050277,0.022497225547324244,0.0706,-0.9,0.0,0.0,0.0,0.0,0.0,0.0,1.0,0.0,0.0
73,1,0.060740605476180994,0.022497225547324244,0.2086,0.6,0.0,0.0,0.0,0.0,0.0,0.0,1.0,0.0,0.0
74,1,0.06558569726981825,0.022497225547324244,0.099,-1.6,0.0,0.0,0.0,0.0,0.0,0.0,1.0,0.0,0.0
75,1,0.07035332578048671,0.022497225547324244,0.0766,-0.9,0.0,0.0,0.0,0.0,0.0,0.0,1.0,0.0,0.0
76,1,0.07163094034635197,0.022497225547324244,0.0724,1.5,0.0,0.0,0.0,0.0,0.0,0.0,1.0,0.0,0.0
77,1,0.07349182448133496,0.022497225547324244,0.1866,-1.4,0.0,0.0,0.0,0.0,0.0,0.0,1.0,0.0,0.0
78,1,0.07559745587134965,0.022497225547324244,0.5770000000000001,-0.8,0.0,0.0,0.0,0.0,0.0,0.0,1.0,0.0,0.0
79,1,0.07646522823634817,0.022497225547324244,0.1202,-0.6,0.0,0.0,0.0,0.0,0.0,0.0,1.0,0.0,0.0
80,1,0.09072221483131647,0.022497225547324244,0.35200000000000004,-0.5,0.0,0.0,0.0,0.0,0.0,0.0,1.0,0.0,0.0
81,1,0.09880607684979072,0.022497225547324244,0.3858,0.5,0.0,0.0,0.0,0.0,0.0,0.0,1.0,0.0,0.0
82,1,0.11197349329324732,0.022497225547324244,0.3322,2.2,0.0,0.0,0.0,0.0,0.0,0.0,1.0,0.0,0.0
83,0,0.10867653733899713,0.022497225547324244,0.45439999999999997,-0.7,0.0,0.0,0.0,0.0,0.0,0.0,1.0,0.0,0.0
84,1,0.11746999692406508,0.022497225547324244,0.4104,-1.1,0.0,0.0,0.0,0.0,0.0,0.0,1.0,0.0,0.0
85,0,0.11719778092056038,0.022497225547324244,0.11,0.6,0.0,0.0,0.0,0.0,0.0,0.0,1.0,0.0,0.0
86,0,0.08742568255956198,0.022497225547324244,0.40659999999999996,0.1,0.0,0.0,0.0,0.0,0.0,0.0,1.0,0.0,0.0
87,1,0.12758951210700978,0.022497225547324244,0.5376,-1.2,0.0,0.0,0.0,0.0,0.0,0.0,1.0,0.0,0.0
88,0,0.10314211412481178,0.022497225547324244,0.132,-1.2,0.0,0.0,0.0,0.0,0.0,0.0,1.0,0.0,0.0
89,1,0.10465275406332697,0.022497225547324244,0.13019999999999998,-0.8,0.0,0.0,0.0,0.0,0.0,0.0,1.0,0.0,0.0
90,0,0.10355704051562725,0.022497225547324244,0.41259999999999997,1.2,0.0,0.0,0.0,0.0,0.0,0.0,1.0,0.0,0.0
91,1,0.10674962934842999,0.022497225547324244,0.5256000000000001,-1.1,0.0,0.0,0.0,0.0,0.0,0.0,1.0,0.0,0.0
92,1,0.06727032948657873,0.07121954114819438,0.09300000000000001,0.6,0.0,1.0,0.0,0.0,0.0,0.0,0.0,0.0,0.0
93,1,0.08303837970255794,0.07121954114819438,0.29960000000000003,0.0,0.0,1.0,0.0,0.0,0.0,0.0,0.0,0.0,0.0
94,0,0.07276633882115147,0.07121954114819438,0.247,0.1,0.0,1.0,0.0,0.0,0.0,0.0,0.0,0.0,0.0
95,0,0.0725189788573961,0.07121954114819438,0.12480000000000001,2.5,0.0,1.0,0.0,0.0,0.0,0.0,0.0,0.0,0.0
96,1,0.07864076723815787,0.07121954114819438,0.14279999999999998,-0.5,0.0,1.0,0.0,0.0,0.0,0.0,0.0,0.0,0.0
97,0,0.06710015035079499,0.07121954114819438,0.17980000000000002,-0.8,0.0,1.0,0.0,0.0,0.0,0.0,0.0,0.0,0.0
98,1,0.0724235796821082,0.07121954114819438,0.1324,-0.3,0.0,1.0,0.0,0.0,0.0,0.0,0.0,0.0,0.0
99,1,0.0829286459361646,0.07121954114819438,0.34979999999999994,1.6,0.0,1.0,0.0,0.0,0.0,0.0,0.0,0.0,0.0
100,0,0.07838408625949649,0.07121954114819438,0.3432,0.7,0.0,1.0,0.0,0.0,0.0,0.0,0.0,0.0,0.0
101,1,0.08741671461340243,0.07121954114819438,0.1446,-1.7,0.0,1.0,0.0,0.0,0.0,0.0,0.0,0.0,0.0
102,1,0.09366737308661455,0.07121954114819438,0.187,0.2,0.0,1.0,0.0,0.0,0.0,0.0,0.0,0.0,0.0
103,1,0.10721963446368998,0.07121954114819438,0.1018,0.6,0.0,1.0,0.0,0.0,0.0,0.0,0.0,0.0,0.0
104,0,0.0851105401754102,0.07121954114819438,0.0674,2.3,0.0,1.0,0.0,0.0,0.0,0.0,0.0,0.0,0.0
105,0,0.08328595150756118,0.07121954114819438,0.36219999999999997,0.5,0.0,1.0,0.0,0.0,0.0,0.0,0.0,0.0,0.0
106,0,0.07982594840620531,0.07121954114819438,0.11699999999999999,0.3,0.0,1.0,0.0,0.0,0.0,0.0,0.0,0.0,0.0
107,0,0.07594995970779465,0.07121954114819438,0.193,1.3,0.0,1.0,0.0,0.0,0.0,0.0,0.0,0.0,0.0
108,0,0.07235826196401693,0.07121954114819438,0.3454,-0.9,0.0,1.0,0.0,0.0,0.0,0.0,0.0,0.0,0.0
109,0,0.06854448397872888,0.07121954114819438,0.11939999999999999,-0.2,0.0,1.0,0.0,0.0,0.0,0.0,0.0,0.0,0.0
110,1,0.0721000980966205,0.07121954114819438,0.3398,2.2,0.0,1.0,0.0,0.0,0.0,0.0,0.0,0.0,0.0
111,0,0.06711504985189472,0.07121954114819438,0.316,-1.5,0.0,1.0,0.0,0.0,0.0,0.0,0.0,0.0,0.0
112,1,0.07808637869249888,0.07121954114819438,0.08439999999999999,-1.7,0.0,1.0,0.0,0.0,0.0,0.0,0.0,0.0,0.0
113,0,0.06746924841832264,0.07121954114819438,0.24420000000000003,-0.6,0.0,1.0,0.0,0.0,0.0,0.0,0.0,0.0,0.0
114,0,0.06418069550023768,0.07121954114819438,0.128,-0.1,0.0,1.0,0.0,0.0,0.0,0.0,0.0,0.0,0.0
115,0,0.061506976497202145,0.07121954114819438,0.1298,0.9,0.0,1.0,0.0,0.0,0.0,0.0,0.0,0.0,0.0
116,1,0.06609658774591591,0.07121954114819438,0.1152,0.3,0.0,1.0,0.0,0.0,0.0,0.0,0.0,0.0,0.0
117,0,0.06419820771006107,0.07121954114819438,0.195,0.6,0.0,1.0,0.0,0.0,0.0,0.0,0.0,0.0,0.0
118,0,0.059323881824218654,0.07121954114819438,0.36939999999999995,-0.9,0.0,1.0,0.0,0.0,0.0,0.0,0.0,0.0,0.0
119,1,0.06260996326107852,0.07121954114819438,0.3518,0.6,0.0,1.0,0.0,0.0,0.0,0.0,0.0,0.0,0.0
120,0,0.059720448640219276,0.07121954114819438,0.109,-1.6,0.0,1.0,0.0,0.0,0.0,0.0,0.0,0.0,0.0
121,1,0.06594745150741996,0.07121954114819438,0.1474,-0.9,0.0,1.0,0.0,0.0,0.0,0.0,0.0,0.0,0.0
122,1,0.0690445705511855,0.07121954114819438,0.2696,1.5,0.0,1.0,0.0,0.0,0.0,0.0,0.0,0.0,0.0
123,0,0.0614862866686608,0.07121954114819438,0.1832,-1.4,0.0,1.0,0.0,0.0,0.0,0.0,0.0,0.0,0.0
124,1,0.06238060980339155,0.07121954114819438,0.49,-0.8,0.0,1.0,0.0,0.0,0.0,0.0,0.0,0.0,0.0
125,1,0.06301373267950651,0.07121954114819438,0.1804,-0.6,0.0,1.0,0.0,0.0,0.0,0.0,0.0,0.0,0.0
126,0,0.06129937207429583,0.07121954114819438,0.12960000000000002,-0.5,0.0,1.0,0.0,0.0,0.0,0.0,0.0,0.0,0.0
127,1,0.06986199531294178,0.07121954114819438,0.41600000000000004,0.5,0.0,1.0,0.0,0.0,0.0,0.0,0.0,0.0,0.0
128,1,0.07034986570677161,0.07121954114819438,0.445,2.2,0.0,1.0,0.0,0.0,0.0,0.0,0.0,0.0,0.0
129,1,0.07444984121792335,0.07121954114819438,0.1528,-0.7,0.0,1.0,0.0,0.0,0.0,0.0,0.0,0.0,0.0
130,0,0.07124517743399239,0.07121954114819438,0.1646,-1.1,0.0,1.0,0.0,0.0,0.0,0.0,0.0,0.0,0.0
131,0,0.06856580933101382,0.07121954114819438,0.4546,0.6,0.0,1.0,0.0,0.0,0.0,0.0,0.0,0.0,0.0
132,0,0.06474800636201636,0.07121954114819438,0.1184,0.1,0.0,1.0,0.0,0.0,0.0,0.0,0.0,0.0,0.0
133,1,0.08644718783568012,0.07121954114819438,0.3624,-1.2,0.0,1.0,0.0,0.0,0.0,0.0,0.0,0.0,0.0
134,0,0.07109455830676138,0.07121954114819438,0.16899999999999998,-1.2,0.0,1.0,0.0,0.0,0.0,0.0,0.0,0.0,0.0
135,1,0.07389022725481706,0.07121954114819438,0.2036,-0.8,0.0,1.0,0.0,0.0,0.0,0.0,0.0,0.0,0.0
136,1,0.07726874208949473,0.07121954114819438,0.4428,1.2,0.0,1.0,0.0,0.0,0.0,0.0,0.0,0.0,0.0
137,1,0.08045455200236584,0.07121954114819438,0.3396,-1.1,0.0,1.0,0.0,0.0,0.0,0.0,0.0,0.0,0.0
138,0,0.012287357286082002,0.23505698514771678,0.1152,0.6,0.0,0.0,0.0,0.0,1.0,0.0,0.0,0.0,0.0
139,0,0.011815939895836246,0.23505698514771678,0.1084,0.0,0.0,0.0,0.0,0.0,1.0,0.0,0.0,0.0,0.0
140,1,0.012720643251712313,0.23505698514771678,0.0484,0.1,0.0,0.0,0.0,0.0,1.0,0.0,0.0,0.0,0.0
141,0,0.011646043215049653,0.23505698514771678,0.32020000000000004,2.5,0.0,0.0,0.0,0.0,1.0,0.0,0.0,0.0,0.0
142,1,0.011839454274349103,0.23505698514771678,0.052199999999999996,-0.5,0.0,0.0,0.0,0.0,1.0,0.0,0.0,0.0,0.0
143,1,0.013278562484835697,0.23505698514771678,0.18960000000000002,-0.8,0.0,0.0,0.0,0.0,1.0,0.0,0.0,0.0,0.0
144,1,0.014166671609629117,0.23505698514771678,0.1454,-0.3,0.0,0.0,0.0,0.0,1.0,0.0,0.0,0.0,0.0
145,1,0.016094356351438417,0.23505698514771678,0.1562,1.6,0.0,0.0,0.0,0.0,1.0,0.0,0.0,0.0,0.0
146,1,0.016918701260624898,0.23505698514771678,0.1286,0.7,0.0,0.0,0.0,0.0,1.0,0.0,0.0,0.0,0.0
147,1,0.019893870359370316,0.23505698514771678,0.2228,-1.7,0.0,0.0,0.0,0.0,1.0,0.0,0.0,0.0,0.0
148,0,0.01817442556421092,0.23505698514771678,0.0902,0.2,0.0,0.0,0.0,0.0,1.0,0.0,0.0,0.0,0.0
149,1,0.020934858251371955,0.23505698514771678,0.2052,0.6,0.0,0.0,0.0,0.0,1.0,0.0,0.0,0.0,0.0
150,0,0.020798220646499943,0.23505698514771678,0.22399999999999998,2.3,0.0,0.0,0.0,0.0,1.0,0.0,0.0,0.0,0.0
151,1,0.02315474268773442,0.23505698514771678,0.2568,0.5,0.0,0.0,0.0,0.0,1.0,0.0,0.0,0.0,0.0
152,1,0.02333198319844695,0.23505698514771678,0.0712,0.3,0.0,0.0,0.0,0.0,1.0,0.0,0.0,0.0,0.0
153,0,0.020863538364591216,0.23505698514771678,0.10859999999999999,1.3,0.0,0.0,0.0,0.0,1.0,0.0,0.0,0.0,0.0
154,0,0.019733294693489722,0.23505698514771678,0.14300000000000002,-0.9,0.0,0.0,0.0,0.0,1.0,0.0,0.0,0.0,0.0
155,1,0.021599474859669295,0.23505698514771678,0.1998,-0.2,0.0,0.0,0.0,0.0,1.0,0.0,0.0,0.0,0.0
156,1,0.02389865853648203,0.23505698514771678,0.3478,2.2,0.0,0.0,0.0,0.0,1.0,0.0,0.0,0.0,0.0
157,0,0.02313652434041815,0.23505698514771678,0.24739999999999998,-1.5,0.0,0.0,0.0,0.0,1.0,0.0,0.0,0.0,0.0
158,0,0.018523398713191523,0.23505698514771678,0.15560000000000002,-1.7,0.0,0.0,0.0,0.0,1.0,0.0,0.0,0.0,0.0
159,1,0.023226768712008038,0.23505698514771678,0.13140000000000002,-0.6,0.0,0.0,0.0,0.0,1.0,0.0,0.0,0.0,0.0
160,0,0.02314344448784836,0.23505698514771678,0.081,-0.1,0.0,0.0,0.0,0.0,1.0,0.0,0.0,0.0,0.0
161,0,0.022058605457538964,0.23505698514771678,0.0848,0.9,0.0,0.0,0.0,0.0,1.0,0.0,0.0,0.0,0.0
162,1,0.025260162236501262,0.23505698514771678,0.135,0.3,0.0,0.0,0.0,0.0,1.0,0.0,0.0,0.0,0.0
163,1,0.028145440032403237,0.23505698514771678,0.111,0.6,0.0,0.0,0.0,0.0,1.0,0.0,0.0,0.0,0.0
164,0,0.021093527346021778,0.23505698514771678,0.3212,-0.9,0.0,0.0,0.0,0.0,1.0,0.0,0.0,0.0,0.0
165,1,0.02576385011017157,0.23505698514771678,0.2266,0.6,0.0,0.0,0.0,0.0,1.0,0.0,0.0,0.0,0.0
166,0,0.025598331481840826,0.23505698514771678,0.17739999999999997,-1.6,0.0,0.0,0.0,0.0,1.0,0.0,0.0,0.0,0.0
167,1,0.025696696434598817,0.23505698514771678,0.1728,-0.9,0.0,0.0,0.0,0.0,1.0,0.0,0.0,0.0,0.0
168,1,0.02629161727234904,0.23505698514771678,0.115,1.5,0.0,0.0,0.0,0.0,1.0,0.0,0.0,0.0,0.0
169,0,0.02555243254480372,0.23505698514771678,0.3886,-1.4,0.0,0.0,0.0,0.0,1.0,0.0,0.0,0.0,0.0
170,0,0.02062309854826605,0.23505698514771678,0.5436,-0.8,0.0,0.0,0.0,0.0,1.0,0.0,0.0,0.0,0.0
171,1,0.022381239678035198,0.23505698514771678,0.1602,-0.6,0.0,0.0,0.0,0.0,1.0,0.0,0.0,0.0,0.0
172,0,0.02217991987881551,0.23505698514771678,0.151,-0.5,0.0,0.0,0.0,0.0,1.0,0.0,0.0,0.0,0.0
173,1,0.02695658694939282,0.23505698514771678,0.3448,0.5,0.0,0.0,0.0,0.0,1.0,0.0,0.0,0.0,0.0
174,1,0.02741861271098329,0.23505698514771678,0.4218,2.2,0.0,0.0,0.0,0.0,1.0,0.0,0.0,0.0,0.0
175,1,0.031089539081462,0.23505698514771678,0.3332,-0.7,0.0,0.0,0.0,0.0,1.0,0.0,0.0,0.0,0.0
176,0,0.031076475537843744,0.23505698514771678,0.18280000000000002,-1.1,0.0,0.0,0.0,0.0,1.0,0.0,0.0,0.0,0.0
177,1,0.03275291655968684,0.23505698514771678,0.27,0.6,0.0,0.0,0.0,0.0,1.0,0.0,0.0,0.0,0.0
178,0,0.027815250140733203,0.23505698514771678,0.24359999999999998,0.1,0.0,0.0,0.0,0.0,1.0,0.0,0.0,0.0,0.0
179,1,0.041042123361090185,0.23505698514771678,0.1524,-1.2,0.0,0.0,0.0,0.0,1.0,0.0,0.0,0.0,0.0
180,0,0.03630302280513401,0.23505698514771678,0.2242,-1.2,0.0,0.0,0.0,0.0,1.0,0.0,0.0,0.0,0.0
181,0,0.03595150756117905,0.23505698514771678,0.46020000000000005,-0.8,0.0,0.0,0.0,0.0,1.0,0.0,0.0,0.0,0.0
182,1,0.03964665444766349,0.23505698514771678,0.4988,1.2,0.0,0.0,0.0,0.0,1.0,0.0,0.0,0.0,0.0
183,1,0.04011595342543061,0.23505698514771678,0.32380000000000003,-1.1,0.0,0.0,0.0,0.0,1.0,0.0,0.0,0.0,0.0
184,1,0.0175172233995888,0.050748850269539736,0.0336,0.6,0.0,0.0,0.0,0.0,0.0,1.0,0.0,0.0,0.0
185,1,0.02157264163493991,0.050748850269539736,0.3034,0.0,0.0,0.0,0.0,0.0,0.0,1.0,0.0,0.0,0.0
186,1,0.024589049163269438,0.050748850269539736,0.0946,0.1,0.0,0.0,0.0,0.0,0.0,1.0,0.0,0.0,0.0
187,1,0.02606226381466207,0.050748850269539736,0.2812,2.5,0.0,0.0,0.0,0.0,0.0,1.0,0.0,0.0,0.0
188,0,0.024048712753718733,0.050748850269539736,0.1328,-0.5,0.0,0.0,0.0,0.0,0.0,1.0,0.0,0.0,0.0
189,1,0.032547359935509876,0.050748850269539736,0.11359999999999999,-0.8,0.0,0.0,0.0,0.0,0.0,1.0,0.0,0.0,0.0
190,1,0.040815665067124016,0.050748850269539736,0.1782,-0.3,0.0,0.0,0.0,0.0,0.0,1.0,0.0,0.0,0.0
191,1,0.042930899927041875,0.050748850269539736,0.0236,1.6,0.0,0.0,0.0,0.0,0.0,1.0,0.0,0.0,0.0
192,0,0.0374984429668282,0.050748850269539736,0.2186,0.7,0.0,0.0,0.0,0.0,0.0,1.0,0.0,0.0,0.0
193,1,0.04165907568861822,0.050748850269539736,0.19,-1.7,0.0,0.0,0.0,0.0,0.0,1.0,0.0,0.0,0.0
194,0,0.04048822911167621,0.050748850269539736,0.3998,0.2,0.0,0.0,0.0,0.0,0.0,1.0,0.0,0.0,0.0
195,0,0.03446897189488042,0.050748850269539736,0.2332,0.6,0.0,0.0,0.0,0.0,0.0,1.0,0.0,0.0,0.0
196,0,0.021714575271008507,0.050748850269539736,0.2158,2.3,0.0,0.0,0.0,0.0,0.0,1.0,0.0,0.0,0.0
197,0,0.0014087442982928138,0.050748850269539736,0.0286,0.5,0.0,0.0,0.0,0.0,0.0,1.0,0.0,0.0,0.0
198,1,0.001775723953341824,0.050748850269539736,0.15380000000000002,0.3,0.0,0.0,0.0,0.0,0.0,1.0,0.0,0.0,0.0
199,1,0.041275078119990836,0.050748850269539736,0.12619999999999998,1.3,0.0,0.0,0.0,0.0,0.0,1.0,0.0,0.0,0.0
200,0,0.023910027350117373,0.050748850269539736,0.1568,-0.9,0.0,0.0,0.0,0.0,0.0,1.0,0.0,0.0,0.0
201,1,0.027685462069542116,0.050748850269539736,0.0676,-0.2,0.0,0.0,0.0,0.0,0.0,1.0,0.0,0.0,0.0
202,1,0.028474217649087516,0.050748850269539736,0.4384,2.2,0.0,0.0,0.0,0.0,0.0,1.0,0.0,0.0,0.0
203,1,0.03125258622856767,0.050748850269539736,0.201,-1.5,0.0,0.0,0.0,0.0,0.0,1.0,0.0,0.0,0.0
204,0,0.02776186614627158,0.050748850269539736,0.1998,-1.7,0.0,0.0,0.0,0.0,0.0,1.0,0.0,0.0,0.0
205,1,0.034554343917769445,0.050748850269539736,0.133,-0.6,0.0,0.0,0.0,0.0,0.0,1.0,0.0,0.0,0.0
206,1,0.036252887043139635,0.050748850269539736,0.1782,-0.1,0.0,0.0,0.0,0.0,0.0,1.0,0.0,0.0,0.0
207,0,0.03460292617727949,0.050748850269539736,0.2336,0.9,0.0,0.0,0.0,0.0,0.0,1.0,0.0,0.0,0.0
208,0,0.03377483873938075,0.050748850269539736,0.1168,0.3,0.0,0.0,0.0,0.0,0.0,1.0,0.0,0.0,0.0
209,1,0.039806947658546935,0.050748850269539736,0.0492,0.6,0.0,0.0,0.0,0.0,0.0,1.0,0.0,0.0,0.0
210,1,0.042992192661423734,0.050748850269539736,0.20559999999999998,-0.9,0.0,0.0,0.0,0.0,0.0,1.0,0.0,0.0,0.0
211,0,0.036538519659009026,0.050748850269539736,0.4142,0.6,0.0,0.0,0.0,0.0,0.0,1.0,0.0,0.0,0.0
212,1,0.04844541006392804,0.050748850269539736,0.0894,-1.6,0.0,0.0,0.0,0.0,0.0,1.0,0.0,0.0,0.0
213,0,0.030910815682014425,0.050748850269539736,0.1226,-0.9,0.0,0.0,0.0,0.0,0.0,1.0,0.0,0.0,0.0
214,1,0.03301983653199495,0.050748850269539736,0.16519999999999999,1.5,0.0,0.0,0.0,0.0,0.0,1.0,0.0,0.0,0.0
215,1,0.033617581919716685,0.050748850269539736,0.2632,-1.4,0.0,0.0,0.0,0.0,0.0,1.0,0.0,0.0,0.0
216,1,0.034997092125804326,0.050748850269539736,0.3148,-0.8,0.0,0.0,0.0,0.0,0.0,1.0,0.0,0.0,0.0
217,0,0.03437816261329623,0.050748850269539736,0.3456,-0.6,0.0,0.0,0.0,0.0,0.0,1.0,0.0,0.0,0.0
218,1,0.03712482561934614,0.050748850269539736,0.1352,-0.5,0.0,0.0,0.0,0.0,0.0,1.0,0.0,0.0,0.0
219,0,0.03588336529311626,0.050748850269539736,0.327,0.5,0.0,0.0,0.0,0.0,0.0,1.0,0.0,0.0,0.0
220,1,0.03634553228220531,0.050748850269539736,0.41659999999999997,2.2,0.0,0.0,0.0,0.0,0.0,1.0,0.0,0.0,0.0
221,0,0.031561591995451346,0.050748850269539736,0.4192,-0.7,0.0,0.0,0.0,0.0,0.0,1.0,0.0,0.0,0.0
222,1,0.033135713694576324,0.050748850269539736,0.46740000000000004,-1.1,0.0,0.0,0.0,0.0,0.0,1.0,0.0,0.0,0.0
223,1,0.050031394872933385,0.050748850269539736,0.43560000000000004,0.6,0.0,0.0,0.0,0.0,0.0,1.0,0.0,0.0,0.0
224,0,0.02844109980067151,0.050748850269539736,0.5197999999999999,0.1,0.0,0.0,0.0,0.0,0.0,1.0,0.0,0.0,0.0
225,1,0.04982894525372509,0.050748850269539736,0.2394,-1.2,0.0,0.0,0.0,0.0,0.0,1.0,0.0,0.0,0.0
226,0,0.04950186236702372,0.050748850269539736,0.1716,-1.2,0.0,0.0,0.0,0.0,0.0,1.0,0.0,0.0,0.0
227,0,0.04033753937069592,0.050748850269539736,0.36060000000000003,-0.8,0.0,0.0,0.0,0.0,0.0,1.0,0.0,0.0,0.0
228,0,0.03616928036398281,0.050748850269539736,0.5506,1.2,0.0,0.0,0.0,0.0,0.0,1.0,0.0,0.0,0.0
229,0,0.03435832014974634,0.050748850269539736,0.1476,-1.1,0.0,0.0,0.0,0.0,0.0,1.0,0.0,0.0,0.0
230,1,0.023734622796886328,0.009030646701590152,0.12240000000000001,0.6,0.0,0.0,0.0,0.0,0.0,0.0,1.0,0.0,0.0
231,0,0.018825908015140717,0.009030646701590152,0.1376,0.0,0.0,0.0,0.0,0.0,0.0,0.0,1.0,0.0,0.0
232,0,0.0160595437730395,0.009030646701590152,0.15839999999999999,0.1,0.0,0.0,0.0,0.0,0.0,0.0,1.0,0.0,0.0
233,1,0.020592240339827258,0.009030646701590152,0.3452,2.5,0.0,0.0,0.0,0.0,0.0,0.0,1.0,0.0,0.0
234,0,0.017868668029794484,0.009030646701590152,0.2488,-0.5,0.0,0.0,0.0,0.0,0.0,0.0,1.0,0.0,0.0
235,1,0.018784104675562303,0.009030646701590152,0.207,-0.8,0.0,0.0,0.0,0.0,0.0,0.0,1.0,0.0,0.0
236,1,0.020415635352858317,0.009030646701590152,0.2116,-0.3,0.0,0.0,0.0,0.0,0.0,0.0,1.0,0.0,0.0
237,0,0.020155917982977566,0.009030646701590152,0.198,1.6,0.0,0.0,0.0,0.0,0.0,0.0,1.0,0.0,0.0
238,0,0.019000253362132444,0.009030646701590152,0.0864,0.7,0.0,0.0,0.0,0.0,0.0,0.0,1.0,0.0,0.0
239,1,0.020378139451986462,0.009030646701590152,0.2018,-1.7,0.0,0.0,0.0,0.0,0.0,0.0,1.0,0.0,0.0
240,0,0.019441589295181572,0.009030646701590152,0.1378,0.2,0.0,0.0,0.0,0.0,0.0,0.0,1.0,0.0,0.0
241,1,0.022337670994724588,0.009030646701590152,0.0834,0.6,0.0,0.0,0.0,0.0,0.0,0.0,1.0,0.0,0.0
242,1,0.023811591783610097,0.009030646701590152,0.2144,2.3,0.0,0.0,0.0,0.0,0.0,0.0,1.0,0.0,0.0
243,0,0.02254852365009814,0.009030646701590152,0.1864,0.5,0.0,0.0,0.0,0.0,0.0,0.0,1.0,0.0,0.0
244,0,0.015125041414963958,0.009030646701590152,0.0834,0.3,0.0,0.0,0.0,0.0,0.0,0.0,1.0,0.0,0.0
245,1,0.015613617946286663,0.009030646701590152,0.107,1.3,0.0,0.0,0.0,0.0,0.0,0.0,1.0,0.0,0.0
246,0,0.01413157657623305,0.009030646701590152,0.1882,-0.9,0.0,0.0,0.0,0.0,0.0,0.0,1.0,0.0,0.0
247,1,0.014819213266798234,0.009030646701590152,0.1804,-0.2,0.0,0.0,0.0,0.0,0.0,0.0,1.0,0.0,0.0
248,0,0.01366030041348587,0.009030646701590152,0.19940000000000002,2.2,0.0,0.0,0.0,0.0,0.0,0.0,1.0,0.0,0.0
249,1,0.014132777009970943,0.009030646701590152,0.1524,-1.5,0.0,0.0,0.0,0.0,0.0,0.0,1.0,0.0,0.0
250,0,0.013522956671120983,0.009030646701590152,0.195,-1.7,0.0,0.0,0.0,0.0,0.0,0.0,1.0,0.0,0.0
251,0,0.012782359668589902,0.009030646701590152,0.1244,-0.6,0.0,0.0,0.0,0.0,0.0,0.0,1.0,0.0,0.0
252,0,0.012264690272560599,0.009030646701590152,0.265,-0.1,0.0,0.0,0.0,0.0,0.0,0.0,1.0,0.0,0.0
253,0,0.011809937727146778,0.009030646701590152,0.491,0.9,0.0,0.0,0.0,0.0,0.0,0.0,1.0,0.0,0.0
254,1,0.012398432713711806,0.009030646701590152,0.057999999999999996,0.3,0.0,0.0,0.0,0.0,0.0,0.0,1.0,0.0,0.0
255,1,0.012767954463735178,0.009030646701590152,0.1444,0.6,0.0,0.0,0.0,0.0,0.0,0.0,1.0,0.0,0.0
256,0,0.011329976073237191,0.009030646701590152,0.0706,-0.9,0.0,0.0,0.0,0.0,0.0,0.0,1.0,0.0,0.0
257,1,0.015505084613631221,0.009030646701590152,0.2086,0.6,0.0,0.0,0.0,0.0,0.0,0.0,1.0,0.0,0.0
258,0,0.011311263429675908,0.009030646701590152,0.099,-1.6,0.0,0.0,0.0,0.0,0.0,0.0,1.0,0.0,0.0
259,1,0.012106797929152943,0.009030646701590152,0.0766,-0.9,0.0,0.0,0.0,0.0,0.0,0.0,1.0,0.0,0.0
260,1,0.012452311004418444,0.009030646701590152,0.0724,1.5,0.0,0.0,0.0,0.0,0.0,0.0,1.0,0.0,0.0
261,0,0.011886836100121258,0.009030646701590152,0.1866,-1.4,0.0,0.0,0.0,0.0,0.0,0.0,1.0,0.0,0.0
262,1,0.013598089700363265,0.009030646701590152,0.5770000000000001,-0.8,0.0,0.0,0.0,0.0,0.0,0.0,1.0,0.0,0.0
263,0,0.012417569039768817,0.009030646701590152,0.1202,-0.6,0.0,0.0,0.0,0.0,0.0,0.0,1.0,0.0,0.0
264,1,0.012925493738396396,0.009030646701590152,0.35200000000000004,-0.5,0.0,0.0,0.0,0.0,0.0,0.0,1.0,0.0,0.0
265,1,0.014769995483544596,0.009030646701590152,0.3858,0.5,0.0,0.0,0.0,0.0,0.0,0.0,1.0,0.0,0.0
266,1,0.01680734337799794,0.009030646701590152,0.3322,2.2,0.0,0.0,0.0,0.0,0.0,0.0,1.0,0.0,0.0
267,1,0.02168851879752129,0.009030646701590152,0.45439999999999997,-0.7,0.0,0.0,0.0,0.0,0.0,0.0,1.0,0.0,0.0
268,1,0.021816965207475905,0.009030646701590152,0.4104,-1.1,0.0,0.0,0.0,0.0,0.0,0.0,1.0,0.0,0.0
269,1,0.030562901739273136,0.009030646701590152,0.11,0.6,0.0,0.0,0.0,0.0,0.0,0.0,1.0,0.0,0.0
270,0,0.02412306903171885,0.009030646701590152,0.40659999999999996,0.1,0.0,0.0,0.0,0.0,0.0,0.0,1.0,0.0,0.0
271,0,0.02181329329251294,0.009030646701590152,0.5376,-1.2,0.0,0.0,0.0,0.0,0.0,0.0,1.0,0.0,0.0
272,0,0.020990431272061502,0.009030646701590152,0.132,-1.2,0.0,0.0,0.0,0.0,0.0,0.0,1.0,0.0,0.0
273,1,0.025213980844467004,0.009030646701590152,0.13019999999999998,-0.8,0.0,0.0,0.0,0.0,0.0,0.0,1.0,0.0,0.0
274,0,0.02371647506331935,0.009030646701590152,0.41259999999999997,1.2,0.0,0.0,0.0,0.0,0.0,0.0,1.0,0.0,0.0
275,0,0.01765951010440384,0.009030646701590152,0.5256000000000001,-1.1,0.0,0.0,0.0,0.0,0.0,0.0,1.0,0.0,0.0
276,1,0.04035865288173299,0.010513831525489882,0.12240000000000001,0.6,0.0,0.0,0.0,0.0,0.0,0.0,1.0,0.0,0.0
277,0,0.033477413627380284,0.010513831525489882,0.1376,0.0,0.0,0.0,0.0,0.0,0.0,0.0,1.0,0.0,0.0
278,0,0.03329558322296405,0.010513831525489882,0.15839999999999999,0.1,0.0,0.0,0.0,0.0,0.0,0.0,1.0,0.0,0.0
279,1,0.0333743881671693,0.010513831525489882,0.3452,2.5,0.0,0.0,0.0,0.0,0.0,0.0,1.0,0.0,0.0
280,1,0.034961149727416804,0.010513831525489882,0.2488,-0.5,0.0,0.0,0.0,0.0,0.0,0.0,1.0,0.0,0.0
281,1,0.03536209459587328,0.010513831525489882,0.207,-0.8,0.0,0.0,0.0,0.0,0.0,0.0,1.0,0.0,0.0
282,1,0.040816018135870456,0.010513831525489882,0.2116,-0.3,0.0,0.0,0.0,0.0,0.0,0.0,1.0,0.0,0.0
283,1,0.05072482189094017,0.010513831525489882,0.198,1.6,0.0,0.0,0.0,0.0,0.0,0.0,1.0,0.0,0.0
284,1,0.055880049271449704,0.010513831525489882,0.0864,0.7,0.0,0.0,0.0,0.0,0.0,0.0,1.0,0.0,0.0
285,1,0.05705908704330911,0.010513831525489882,0.2018,-1.7,0.0,0.0,0.0,0.0,0.0,0.0,1.0,0.0,0.0
286,1,0.06091558634691631,0.010513831525489882,0.1378,0.2,0.0,0.0,0.0,0.0,0.0,0.0,1.0,0.0,0.0
287,1,0.06560490420962455,0.010513831525489882,0.0834,0.6,0.0,0.0,0.0,0.0,0.0,0.0,1.0,0.0,0.0
288,1,0.07189708356741792,0.010513831525489882,0.2144,2.3,0.0,0.0,0.0,0.0,0.0,0.0,1.0,0.0,0.0
289,1,0.07823657413723414,0.010513831525489882,0.1864,0.5,0.0,0.0,0.0,0.0,0.0,0.0,1.0,0.0,0.0
290,0,0.072600396510325,0.010513831525489882,0.0834,0.3,0.0,0.0,0.0,0.0,0.0,0.0,1.0,0.0,0.0
291,0,0.07022876312674292,0.010513831525489882,0.107,1.3,0.0,0.0,0.0,0.0,0.0,0.0,1.0,0.0,0.0
292,1,0.08965121609586749,0.010513831525489882,0.1882,-0.9,0.0,0.0,0.0,0.0,0.0,0.0,1.0,0.0,0.0
293,0,0.08295872739336123,0.010513831525489882,0.1804,-0.2,0.0,0.0,0.0,0.0,0.0,0.0,1.0,0.0,0.0
294,0,0.08235900482065944,0.010513831525489882,0.19940000000000002,2.2,0.0,0.0,0.0,0.0,0.0,0.0,1.0,0.0,0.0
295,0,0.07637025274355601,0.010513831525489882,0.1524,-1.5,0.0,0.0,0.0,0.0,0.0,0.0,1.0,0.0,0.0
296,1,0.07762392924841267,0.010513831525489882,0.195,-1.7,0.0,0.0,0.0,0.0,0.0,0.0,1.0,0.0,0.0
297,0,0.07545919415024403,0.010513831525489882,0.1244,-0.6,0.0,0.0,0.0,0.0,0.0,0.0,1.0,0.0,0.0
298,0,0.06259456946373376,0.010513831525489882,0.265,-0.1,0.0,0.0,0.0,0.0,0.0,0.0,1.0,0.0,0.0
299,1,0.06381788205639666,0.010513831525489882,0.491,0.9,0.0,0.0,0.0,0.0,0.0,0.0,1.0,0.0,0.0
300,1,0.06971363582568799,0.010513831525489882,0.057999999999999996,0.3,0.0,0.0,0.0,0.0,0.0,0.0,1.0,0.0,0.0
301,1,0.071862270989019,0.010513831525489882,0.1444,0.6,0.0,0.0,0.0,0.0,0.0,0.0,1.0,0.0,0.0
302,0,0.06289397176071429,0.010513831525489882,0.0706,-0.9,0.0,0.0,0.0,0.0,0.0,0.0,1.0,0.0,0.0
303,1,0.07150086982016372,0.010513831525489882,0.2086,0.6,0.0,0.0,0.0,0.0,0.0,0.0,1.0,0.0,0.0
304,1,0.07367280752075973,0.010513831525489882,0.099,-1.6,0.0,0.0,0.0,0.0,0.0,0.0,1.0,0.0,0.0
305,1,0.0858929405175197,0.010513831525489882,0.0766,-0.9,0.0,0.0,0.0,0.0,0.0,0.0,1.0,0.0,0.0
306,1,0.09077340979955016,0.010513831525489882,0.0724,1.5,0.0,0.0,0.0,0.0,0.0,0.0,1.0,0.0,0.0
307,1,0.09151541907706699,0.010513831525489882,0.1866,-1.4,0.0,0.0,0.0,0.0,0.0,0.0,1.0,0.0,0.0
308,1,0.0978248988034359,0.010513831525489882,0.5770000000000001,-0.8,0.0,0.0,0.0,0.0,0.0,0.0,1.0,0.0,0.0
309,0,0.09263641234701178,0.010513831525489882,0.1202,-0.6,0.0,0.0,0.0,0.0,0.0,0.0,1.0,0.0,0.0
310,1,0.10138305501630189,0.010513831525489882,0.35200000000000004,-0.5,0.0,0.0,0.0,0.0,0.0,0.0,1.0,0.0,0.0
311,1,0.12327776596174372,0.010513831525489882,0.3858,0.5,0.0,0.0,0.0,0.0,0.0,0.0,1.0,0.0,0.0
312,1,0.16700928457821138,0.010513831525489882,0.3322,2.2,0.0,0.0,0.0,0.0,0.0,0.0,1.0,0.0,0.0
313,1,0.18159624922360182,0.010513831525489882,0.45439999999999997,-0.7,0.0,0.0,0.0,0.0,0.0,0.0,1.0,0.0,0.0
314,1,0.18920798771433744,0.010513831525489882,0.4104,-1.1,0.0,0.0,0.0,0.0,0.0,0.0,1.0,0.0,0.0
315,0,0.18323590048206595,0.010513831525489882,0.11,0.6,0.0,0.0,0.0,0.0,0.0,0.0,1.0,0.0,0.0
316,0,0.10342478096321109,0.010513831525489882,0.40659999999999996,0.1,0.0,0.0,0.0,0.0,0.0,0.0,1.0,0.0,0.0
317,1,0.14861369675123087,0.010513831525489882,0.5376,-1.2,0.0,0.0,0.0,0.0,0.0,0.0,1.0,0.0,0.0
318,1,0.16627137089815322,0.010513831525489882,0.132,-1.2,0.0,0.0,0.0,0.0,0.0,0.0,1.0,0.0,0.0
319,1,0.17379943209598273,0.010513831525489882,0.13019999999999998,-0.8,0.0,0.0,0.0,0.0,0.0,0.0,1.0,0.0,0.0
320,1,0.1763984417522717,0.010513831525489882,0.41259999999999997,1.2,0.0,0.0,0.0,0.0,0.0,0.0,1.0,0.0,0.0
321,0,0.13892316009520994,0.010513831525489882,0.5256000000000001,-1.1,0.0,0.0,0.0,0.0,0.0,0.0,1.0,0.0,0.0
322,0,0.0039900299035105485,0.09904949864744195,0.12240000000000001,0.6,0.0,0.0,0.0,0.0,0.0,0.0,1.0,0.0,0.0
323,1,0.006349235267217962,0.09904949864744195,0.1376,0.0,0.0,0.0,0.0,0.0,0.0,0.0,1.0,0.0,0.0
324,1,0.006855112167116194,0.09904949864744195,0.15839999999999999,0.1,0.0,0.0,0.0,0.0,0.0,0.0,1.0,0.0,0.0
325,1,0.007062928431270367,0.09904949864744195,0.3452,2.5,0.0,0.0,0.0,0.0,0.0,0.0,1.0,0.0,0.0
326,1,0.007240239555732184,0.09904949864744195,0.2488,-0.5,0.0,0.0,0.0,0.0,0.0,0.0,1.0,0.0,0.0
327,1,0.008238647356913242,0.09904949864744195,0.207,-0.8,0.0,0.0,0.0,0.0,0.0,0.0,1.0,0.0,0.0
328,1,0.012215260648059096,0.09904949864744195,0.2116,-0.3,0.0,0.0,0.0,0.0,0.0,0.0,1.0,0.0,0.0
329,0,0.012172680557238517,0.09904949864744195,0.198,1.6,0.0,0.0,0.0,0.0,0.0,0.0,1.0,0.0,0.0
330,1,0.014977176223955177,0.09904949864744195,0.0864,0.7,0.0,0.0,0.0,0.0,0.0,0.0,1.0,0.0,0.0
331,1,0.01817675581793742,0.09904949864744195,0.2018,-1.7,0.0,0.0,0.0,0.0,0.0,0.0,1.0,0.0,0.0
332,1,0.019548074829107667,0.09904949864744195,0.1378,0.2,0.0,0.0,0.0,0.0,0.0,0.0,1.0,0.0,0.0
333,1,0.02396030433961033,0.09904949864744195,0.0834,0.6,0.0,0.0,0.0,0.0,0.0,0.0,1.0,0.0,0.0
334,1,0.02794171936570776,0.09904949864744195,0.2144,2.3,0.0,0.0,0.0,0.0,0.0,0.0,1.0,0.0,0.0
335,1,0.03070596519533034,0.09904949864744195,0.1864,0.5,0.0,0.0,0.0,0.0,0.0,0.0,1.0,0.0,0.0
336,0,0.030358333707586206,0.09904949864744195,0.0834,0.3,0.0,0.0,0.0,0.0,0.0,0.0,1.0,0.0,0.0
337,1,0.031689261654163796,0.09904949864744195,0.107,1.3,0.0,0.0,0.0,0.0,0.0,0.0,1.0,0.0,0.0
338,0,0.03160155937754827,0.09904949864744195,0.1882,-0.9,0.0,0.0,0.0,0.0,0.0,0.0,1.0,0.0,0.0
339,0,0.030554357475609306,0.09904949864744195,0.1804,-0.2,0.0,0.0,0.0,0.0,0.0,0.0,1.0,0.0,0.0
340,1,0.030824596294133946,0.09904949864744195,0.19940000000000002,2.2,0.0,0.0,0.0,0.0,0.0,0.0,1.0,0.0,0.0
341,1,0.031505030382271766,0.09904949864744195,0.1524,-1.5,0.0,0.0,0.0,0.0,0.0,0.0,1.0,0.0,0.0
342,0,0.028355515936534622,0.09904949864744195,0.195,-1.7,0.0,0.0,0.0,0.0,0.0,0.0,1.0,0.0,0.0
343,0,0.026027663077511018,0.09904949864744195,0.1244,-0.6,0.0,0.0,0.0,0.0,0.0,0.0,1.0,0.0,0.0
344,0,0.025920753861089198,0.09904949864744195,0.265,-0.1,0.0,0.0,0.0,0.0,0.0,0.0,1.0,0.0,0.0
345,1,0.02732653238191192,0.09904949864744195,0.491,0.9,0.0,0.0,0.0,0.0,0.0,0.0,1.0,0.0,0.0
346,0,0.026247554292793414,0.09904949864744195,0.057999999999999996,0.3,0.0,0.0,0.0,0.0,0.0,0.0,1.0,0.0,0.0
347,1,0.02777810730860779,0.09904949864744195,0.1444,0.6,0.0,0.0,0.0,0.0,0.0,0.0,1.0,0.0,0.0
348,0,0.027718509304208834,0.09904949864744195,0.0706,-0.9,0.0,0.0,0.0,0.0,0.0,0.0,1.0,0.0,0.0
349,1,0.029485477152638963,0.09904949864744195,0.2086,0.6,0.0,0.0,0.0,0.0,0.0,0.0,1.0,0.0,0.0
350,1,0.030838083520247927,0.09904949864744195,0.099,-1.6,0.0,0.0,0.0,0.0,0.0,0.0,1.0,0.0,0.0
351,0,0.030804612603085483,0.09904949864744195,0.0766,-0.9,0.0,0.0,0.0,0.0,0.0,0.0,1.0,0.0,0.0
352,0,0.030781098224572624,0.09904949864744195,0.0724,1.5,0.0,0.0,0.0,0.0,0.0,0.0,1.0,0.0,0.0
353,1,0.03345488784135746,0.09904949864744195,0.1866,-1.4,0.0,0.0,0.0,0.0,0.0,0.0,1.0,0.0,0.0
354,0,0.03198463896743491,0.09904949864744195,0.5770000000000001,-0.8,0.0,0.0,0.0,0.0,0.0,0.0,1.0,0.0,0.0
355,1,0.03264064069831914,0.09904949864744195,0.1202,-0.6,0.0,0.0,0.0,0.0,0.0,0.0,1.0,0.0,0.0
356,1,0.038303086639963374,0.09904949864744195,0.35200000000000004,-0.5,0.0,0.0,0.0,0.0,0.0,0.0,1.0,0.0,0.0
357,1,0.044811979594321184,0.09904949864744195,0.3858,0.5,0.0,0.0,0.0,0.0,0.0,0.0,1.0,0.0,0.0
358,1,0.054811663244724376,0.09904949864744195,0.3322,2.2,0.0,0.0,0.0,0.0,0.0,0.0,1.0,0.0,0.0
359,0,0.05241453829764938,0.09904949864744195,0.45439999999999997,-0.7,0.0,0.0,0.0,0.0,0.0,0.0,1.0,0.0,0.0
360,0,0.05221526629715904,0.09904949864744195,0.4104,-1.1,0.0,0.0,0.0,0.0,0.0,0.0,1.0,0.0,0.0
361,0,0.051830209522292336,0.09904949864744195,0.11,0.6,0.0,0.0,0.0,0.0,0.0,0.0,1.0,0.0,0.0
362,0,0.03487711936576425,0.09904949864744195,0.40659999999999996,0.1,0.0,0.0,0.0,0.0,0.0,0.0,1.0,0.0,0.0
363,1,0.06437107016831775,0.09904949864744195,0.5376,-1.2,0.0,0.0,0.0,0.0,0.0,0.0,1.0,0.0,0.0
364,0,0.05501849091638852,0.09904949864744195,0.132,-1.2,0.0,0.0,0.0,0.0,0.0,0.0,1.0,0.0,0.0
365,1,0.05651373705755896,0.09904949864744195,0.13019999999999998,-0.8,0.0,0.0,0.0,0.0,0.0,0.0,1.0,0.0,0.0
366,1,0.057796788882119386,0.09904949864744195,0.41259999999999997,1.2,0.0,0.0,0.0,0.0,0.0,0.0,1.0,0.0,0.0
367,0,0.056212569416846235,0.09904949864744195,0.5256000000000001,-1.1,0.0,0.0,0.0,0.0,0.0,0.0,1.0,0.0,0.0
368,1,0.02420554589088707,0.07097355882163141,0.12240000000000001,0.6,0.0,0.0,0.0,0.0,0.0,0.0,1.0,0.0,0.0
369,1,0.028089372715468675,0.07097355882163141,0.1376,0.0,0.0,0.0,0.0,0.0,0.0,0.0,1.0,0.0,0.0
370,0,0.02044169182634554,0.07097355882163141,0.15839999999999999,0.1,0.0,0.0,0.0,0.0,0.0,0.0,1.0,0.0,0.0
371,1,0.02342498150625906,0.07097355882163141,0.3452,2.5,0.0,0.0,0.0,0.0,0.0,0.0,1.0,0.0,0.0
372,0,0.020917910951542867,0.07097355882163141,0.2488,-0.5,0.0,0.0,0.0,0.0,0.0,0.0,1.0,0.0,0.0
373,1,0.0226319184880071,0.07097355882163141,0.207,-0.8,0.0,0.0,0.0,0.0,0.0,0.0,1.0,0.0,0.0
374,1,0.0270974613792221,0.07097355882163141,0.2116,-0.3,0.0,0.0,0.0,0.0,0.0,0.0,1.0,0.0,0.0
375,1,0.030279740604628815,0.07097355882163141,0.198,1.6,0.0,0.0,0.0,0.0,0.0,0.0,1.0,0.0,0.0
376,1,0.03315710966061055,0.07097355882163141,0.0864,0.7,0.0,0.0,0.0,0.0,0.0,0.0,1.0,0.0,0.0
377,1,0.0363857115055501,0.07097355882163141,0.2018,-1.7,0.0,0.0,0.0,0.0,0.0,0.0,1.0,0.0,0.0
378,1,0.03971860985818782,0.07097355882163141,0.1378,0.2,0.0,0.0,0.0,0.0,0.0,0.0,1.0,0.0,0.0
379,1,0.04364325142985781,0.07097355882163141,0.0834,0.6,0.0,0.0,0.0,0.0,0.0,0.0,1.0,0.0,0.0
380,1,0.04772338447745967,0.07097355882163141,0.2144,2.3,0.0,0.0,0.0,0.0,0.0,0.0,1.0,0.0,0.0
381,0,0.04312431098634133,0.07097355882163141,0.1864,0.5,0.0,0.0,0.0,0.0,0.0,0.0,1.0,0.0,0.0
382,0,0.04274419717392477,0.07097355882163141,0.0834,0.3,0.0,0.0,0.0,0.0,0.0,0.0,1.0,0.0,0.0
383,1,0.04581871981791821,0.07097355882163141,0.107,1.3,0.0,0.0,0.0,0.0,0.0,0.0,1.0,0.0,0.0
384,1,0.04787696938216077,0.07097355882163141,0.1882,-0.9,0.0,0.0,0.0,0.0,0.0,0.0,1.0,0.0,0.0
385,0,0.04418161065442846,0.07097355882163141,0.1804,-0.2,0.0,0.0,0.0,0.0,0.0,0.0,1.0,0.0,0.0
386,1,0.04632445549031786,0.07097355882163141,0.19940000000000002,2.2,0.0,0.0,0.0,0.0,0.0,0.0,1.0,0.0,0.0
387,1,0.04802815341938607,0.07097355882163141,0.1524,-1.5,0.0,0.0,0.0,0.0,0.0,0.0,1.0,0.0,0.0
388,0,0.043261937183703365,0.07097355882163141,0.195,-1.7,0.0,0.0,0.0,0.0,0.0,0.0,1.0,0.0,0.0
389,0,0.037267112324161175,0.07097355882163141,0.1244,-0.6,0.0,0.0,0.0,0.0,0.0,0.0,1.0,0.0,0.0
390,0,0.03711783485816664,0.07097355882163141,0.265,-0.1,0.0,0.0,0.0,0.0,0.0,0.0,1.0,0.0,0.0
391,1,0.03780949653244123,0.07097355882163141,0.491,0.9,0.0,0.0,0.0,0.0,0.0,0.0,1.0,0.0,0.0
392,1,0.03881694289353113,0.07097355882163141,0.057999999999999996,0.3,0.0,0.0,0.0,0.0,0.0,0.0,1.0,0.0,0.0
393,1,0.03885556861439159,0.07097355882163141,0.1444,0.6,0.0,0.0,0.0,0.0,0.0,0.0,1.0,0.0,0.0
394,0,0.03611970951198273,0.07097355882163141,0.0706,-0.9,0.0,0.0,0.0,0.0,0.0,0.0,1.0,0.0,0.0
395,1,0.03918406377607872,0.07097355882163141,0.2086,0.6,0.0,0.0,0.0,0.0,0.0,0.0,1.0,0.0,0.0
396,1,0.0427079723205401,0.07097355882163141,0.099,-1.6,0.0,0.0,0.0,0.0,0.0,0.0,1.0,0.0,0.0
397,1,0.0435833709704617,0.07097355882163141,0.0766,-0.9,0.0,0.0,0.0,0.0,0.0,0.0,1.0,0.0,0.0
398,1,0.04679297771684282,0.07097355882163141,0.0724,1.5,0.0,0.0,0.0,0.0,0.0,0.0,1.0,0.0,0.0
399,1,0.04722887639119678,0.07097355882163141,0.1866,-1.4,0.0,0.0,0.0,0.0,0.0,0.0,1.0,0.0,0.0
400,1,0.04754741501423432,0.07097355882163141,0.5770000000000001,-0.8,0.0,0.0,0.0,0.0,0.0,0.0,1.0,0.0,0.0
401,0,0.04686422698987427,0.07097355882163141,0.1202,-0.6,0.0,0.0,0.0,0.0,0.0,0.0,1.0,0.0,0.0
402,1,0.055538702407392185,0.07097355882163141,0.35200000000000004,-0.5,0.0,0.0,0.0,0.0,0.0,0.0,1.0,0.0,0.0
403,1,0.06644958587860593,0.07097355882163141,0.3858,0.5,0.0,0.0,0.0,0.0,0.0,0.0,1.0,0.0,0.0
404,1,0.07519686407163963,0.07097355882163141,0.3322,2.2,0.0,0.0,0.0,0.0,0.0,0.0,1.0,0.0,0.0
405,1,0.08121746294967189,0.07097355882163141,0.45439999999999997,-0.7,0.0,0.0,0.0,0.0,0.0,0.0,1.0,0.0,0.0
406,1,0.08668734519700812,0.07097355882163141,0.4104,-1.1,0.0,0.0,0.0,0.0,0.0,0.0,1.0,0.0,0.0
407,0,0.08660910516279717,0.07097355882163141,0.11,0.6,0.0,0.0,0.0,0.0,0.0,0.0,1.0,0.0,0.0
408,0,0.06927477137386392,0.07097355882163141,0.40659999999999996,0.1,0.0,0.0,0.0,0.0,0.0,0.0,1.0,0.0,0.0
409,1,0.09923724440294239,0.07097355882163141,0.5376,-1.2,0.0,0.0,0.0,0.0,0.0,0.0,1.0,0.0,0.0
410,0,0.08668600353577166,0.07097355882163141,0.132,-1.2,0.0,0.0,0.0,0.0,0.0,0.0,1.0,0.0,0.0
411,1,0.08959903253514376,0.07097355882163141,0.13019999999999998,-0.8,0.0,0.0,0.0,0.0,0.0,0.0,1.0,0.0,0.0
412,1,0.10044735222448846,0.07097355882163141,0.41259999999999997,1.2,0.0,0.0,0.0,0.0,0.0,0.0,1.0,0.0,0.0
413,0,0.09804549615621116,0.07097355882163141,0.5256000000000001,-1.1,0.0,0.0,0.0,0.0,0.0,0.0,1.0,0.0,0.0
414,0,0.047520440562006355,0.013721040286368726,0.12240000000000001,0.6,0.0,0.0,0.0,0.0,0.0,0.0,1.0,0.0,0.0
415,1,0.05449729083289482,0.013721040286368726,0.1376,0.0,0.0,0.0,0.0,0.0,0.0,0.0,1.0,0.0,0.0
416,1,0.055217339234383135,0.013721040286368726,0.15839999999999999,0.1,0.0,0.0,0.0,0.0,0.0,0.0,1.0,0.0,0.0
417,0,0.050294431089030665,0.013721040286368726,0.3452,2.5,0.0,0.0,0.0,0.0,0.0,0.0,1.0,0.0,0.0
418,1,0.05034682649100226,0.013721040286368726,0.2488,-0.5,0.0,0.0,0.0,0.0,0.0,0.0,1.0,0.0,0.0
419,1,0.051723300305870516,0.013721040286368726,0.207,-0.8,0.0,0.0,0.0,0.0,0.0,0.0,1.0,0.0,0.0
420,1,0.053140518254077874,0.013721040286368726,0.2116,-0.3,0.0,0.0,0.0,0.0,0.0,0.0,1.0,0.0,0.0
421,1,0.05517052231860528,0.013721040286368726,0.198,1.6,0.0,0.0,0.0,0.0,0.0,0.0,1.0,0.0,0.0
422,1,0.055511939796412085,0.013721040286368726,0.0864,0.7,0.0,0.0,0.0,0.0,0.0,0.0,1.0,0.0,0.0
423,1,0.0559527814332162,0.013721040286368726,0.2018,-1.7,0.0,0.0,0.0,0.0,0.0,0.0,1.0,0.0,0.0
424,0,0.05274960053802028,0.013721040286368726,0.1378,0.2,0.0,0.0,0.0,0.0,0.0,0.0,1.0,0.0,0.0
425,0,0.047978511953636706,0.013721040286368726,0.0834,0.6,0.0,0.0,0.0,0.0,0.0,0.0,1.0,0.0,0.0
426,1,0.04863465491201951,0.013721040286368726,0.2144,2.3,0.0,0.0,0.0,0.0,0.0,0.0,1.0,0.0,0.0
427,0,0.048523014574395396,0.013721040286368726,0.1864,0.5,0.0,0.0,0.0,0.0,0.0,0.0,1.0,0.0,0.0
428,0,0.043574826706797874,0.013721040286368726,0.0834,0.3,0.0,0.0,0.0,0.0,0.0,0.0,1.0,0.0,0.0
429,0,0.041563888354578186,0.013721040286368726,0.107,1.3,0.0,0.0,0.0,0.0,0.0,0.0,1.0,0.0,0.0
430,0,0.03934718153693367,0.013721040286368726,0.1882,-0.9,0.0,0.0,0.0,0.0,0.0,0.0,1.0,0.0,0.0
431,0,0.038187703773627006,0.013721040286368726,0.1804,-0.2,0.0,0.0,0.0,0.0,0.0,0.0,1.0,0.0,0.0
432,0,0.036865743773208975,0.013721040286368726,0.19940000000000002,2.2,0.0,0.0,0.0,0.0,0.0,0.0,1.0,0.0,0.0
433,0,0.03632498368116254,0.013721040286368726,0.1524,-1.5,0.0,0.0,0.0,0.0,0.0,0.0,1.0,0.0,0.0
434,0,0.033139244382040724,0.013721040286368726,0.195,-1.7,0.0,0.0,0.0,0.0,0.0,0.0,1.0,0.0,0.0
435,0,0.032173107064284216,0.013721040286368726,0.1244,-0.6,0.0,0.0,0.0,0.0,0.0,0.0,1.0,0.0,0.0
436,1,0.03363043362208708,0.013721040286368726,0.265,-0.1,0.0,0.0,0.0,0.0,0.0,0.0,1.0,0.0,0.0
437,0,0.032315040700352814,0.013721040286368726,0.491,0.9,0.0,0.0,0.0,0.0,0.0,0.0,1.0,0.0,0.0
438,0,0.02962945858743691,0.013721040286368726,0.057999999999999996,0.3,0.0,0.0,0.0,0.0,0.0,0.0,1.0,0.0,0.0
439,0,0.02921898086282658,0.013721040286368726,0.1444,0.6,0.0,0.0,0.0,0.0,0.0,0.0,1.0,0.0,0.0
440,0,0.028765711206147803,0.013721040286368726,0.0706,-0.9,0.0,0.0,0.0,0.0,0.0,0.0,1.0,0.0,0.0
441,1,0.02892056715833608,0.013721040286368726,0.2086,0.6,0.0,0.0,0.0,0.0,0.0,0.0,1.0,0.0,0.0
442,0,0.02827240355362281,0.013721040286368726,0.099,-1.6,0.0,0.0,0.0,0.0,0.0,0.0,1.0,0.0,0.0
443,1,0.03055026187815061,0.013721040286368726,0.0766,-0.9,0.0,0.0,0.0,0.0,0.0,0.0,1.0,0.0,0.0
444,0,0.030259686299831064,0.013721040286368726,0.0724,1.5,0.0,0.0,0.0,0.0,0.0,0.0,1.0,0.0,0.0
445,0,0.025774018490069023,0.013721040286368726,0.1866,-1.4,0.0,0.0,0.0,0.0,0.0,0.0,1.0,0.0,0.0
446,1,0.026907934076133486,0.013721040286368726,0.5770000000000001,-0.8,0.0,0.0,0.0,0.0,0.0,0.0,1.0,0.0,0.0
447,1,0.02743810210578674,0.013721040286368726,0.1202,-0.6,0.0,0.0,0.0,0.0,0.0,0.0,1.0,0.0,0.0
448,1,0.028055478115810502,0.013721040286368726,0.35200000000000004,-0.5,0.0,0.0,0.0,0.0,0.0,0.0,1.0,0.0,0.0
449,1,0.03147396033258511,0.013721040286368726,0.3858,0.5,0.0,0.0,0.0,0.0,0.0,0.0,1.0,0.0,0.0
450,1,0.03296059159634243,0.013721040286368726,0.3322,2.2,0.0,0.0,0.0,0.0,0.0,0.0,1.0,0.0,0.0
451,1,0.03672098558716886,0.013721040286368726,0.45439999999999997,-0.7,0.0,0.0,0.0,0.0,0.0,0.0,1.0,0.0,0.0
452,0,0.032899793158205584,0.013721040286368726,0.4104,-1.1,0.0,0.0,0.0,0.0,0.0,0.0,1.0,0.0,0.0
453,0,0.031118843787416462,0.013721040286368726,0.11,0.6,0.0,0.0,0.0,0.0,0.0,0.0,1.0,0.0,0.0
454,0,0.012981278600333806,0.013721040286368726,0.40659999999999996,0.1,0.0,0.0,0.0,0.0,0.0,0.0,1.0,0.0,0.0
455,1,0.024661428256289496,0.013721040286368726,0.5376,-1.2,0.0,0.0,0.0,0.0,0.0,0.0,1.0,0.0,0.0
456,1,0.027605174236601818,0.013721040286368726,0.132,-1.2,0.0,0.0,0.0,0.0,0.0,0.0,1.0,0.0,0.0
457,1,0.027830361483080806,0.013721040286368726,0.13019999999999998,-0.8,0.0,0.0,0.0,0.0,0.0,0.0,1.0,0.0,0.0
458,1,0.0325157955895782,0.013721040286368726,0.41259999999999997,1.2,0.0,0.0,0.0,0.0,0.0,0.0,1.0,0.0,0.0
459,0,0.029006574704968695,0.013721040286368726,0.5256000000000001,-1.1,0.0,0.0,0.0,0.0,0.0,0.0,1.0,0.0,0.0
460,1,0.007384362218028707,0.07321993726071716,0.1016,0.6,0.0,0.0,0.0,0.0,0.0,0.0,0.0,0.0,1.0
461,0,0.00617969165517781,0.07321993726071716,0.1656,0.0,0.0,0.0,0.0,0.0,0.0,0.0,0.0,0.0,1.0
462,1,0.012165831023557594,0.07321993726071716,0.4886,0.1,0.0,0.0,0.0,0.0,0.0,0.0,0.0,0.0,1.0
463,1,0.014477513333994278,0.07321993726071716,0.5682,2.5,0.0,0.0,0.0,0.0,0.0,0.0,0.0,0.0,1.0
464,0,0.01436361335639296,0.07321993726071716,0.1202,-0.5,0.0,0.0,0.0,0.0,0.0,0.0,0.0,0.0,1.0
465,0,0.011589975898115093,0.07321993726071716,0.044199999999999996,-0.8,0.0,0.0,0.0,0.0,0.0,0.0,0.0,0.0,1.0
466,1,0.012210035230611795,0.07321993726071716,0.139,-0.3,0.0,0.0,0.0,0.0,0.0,0.0,0.0,0.0,1.0
467,1,0.01232965492190543,0.07321993726071716,0.027999999999999997,1.6,0.0,0.0,0.0,0.0,0.0,0.0,0.0,0.0,1.0
468,0,0.01190491321993895,0.07321993726071716,0.008199999999999999,0.7,0.0,0.0,0.0,0.0,0.0,0.0,0.0,0.0,1.0
469,0,0.010780036193783335,0.07321993726071716,0.0154,-1.7,0.0,0.0,0.0,0.0,0.0,0.0,0.0,0.0,1.0
470,0,0.010174240838642781,0.07321993726071716,0.1656,0.2,0.0,0.0,0.0,0.0,0.0,0.0,0.0,0.0,1.0
471,1,0.010540020059953898,0.07321993726071716,0.0,0.6,0.0,0.0,0.0,0.0,0.0,0.0,0.0,0.0,1.0
472,1,0.0119465047182695,0.07321993726071716,0.1998,2.3,0.0,0.0,0.0,0.0,0.0,0.0,0.0,0.0,1.0
473,1,0.013054151989598877,0.07321993726071716,0.0814,0.5,0.0,0.0,0.0,0.0,0.0,0.0,0.0,0.0,1.0
474,0,0.012373364832714616,0.07321993726071716,0.001,0.3,0.0,0.0,0.0,0.0,0.0,0.0,0.0,0.0,1.0
475,1,0.03713449970299857,0.07321993726071716,0.3274,1.3,0.0,0.0,0.0,0.0,0.0,0.0,0.0,0.0,1.0
476,0,0.034651225981792384,0.07321993726071716,0.6344,-0.9,0.0,0.0,0.0,0.0,0.0,0.0,0.0,0.0,1.0
477,0,0.03451296426068676,0.07321993726071716,0.295,-0.2,0.0,0.0,0.0,0.0,0.0,0.0,0.0,0.0,1.0
478,1,0.04055135780353956,0.07321993726071716,0.4722,2.2,0.0,0.0,0.0,0.0,0.0,0.0,0.0,0.0,1.0
479,1,0.042866570801440636,0.07321993726071716,0.0006,-1.5,0.0,0.0,0.0,0.0,0.0,0.0,0.0,0.0,1.0
480,0,0.034076147607592054,0.07321993726071716,0.045599999999999995,-1.7,0.0,0.0,0.0,0.0,0.0,0.0,0.0,0.0,1.0
481,1,0.03674937231438258,0.07321993726071716,0.0748,-0.6,0.0,0.0,0.0,0.0,0.0,0.0,0.0,0.0,1.0
482,1,0.04335225216904254,0.07321993726071716,0.16879999999999998,-0.1,0.0,0.0,0.0,0.0,0.0,0.0,0.0,0.0,1.0
483,0,0.04137393736899384,0.07321993726071716,0.2738,0.9,0.0,0.0,0.0,0.0,0.0,0.0,0.0,0.0,1.0
484,0,0.03797014281207111,0.07321993726071716,0.1116,0.3,0.0,0.0,0.0,0.0,0.0,0.0,0.0,0.0,1.0
485,0,0.03065392286210519,0.07321993726071716,0.3014,0.6,0.0,0.0,0.0,0.0,0.0,0.0,0.0,0.0,1.0
486,0,0.02649823310276532,0.07321993726071716,0.1636,-0.9,0.0,0.0,0.0,0.0,0.0,0.0,0.0,0.0,1.0
487,0,0.025477864425555736,0.07321993726071716,0.2982,0.6,0.0,0.0,0.0,0.0,0.0,0.0,0.0,0.0,1.0
488,0,0.023456263397193585,0.07321993726071716,0.16760000000000003,-1.6,0.0,0.0,0.0,0.0,0.0,0.0,0.0,0.0,1.0
489,1,0.024626191995394852,0.07321993726071716,0.005600000000000001,-0.9,0.0,0.0,0.0,0.0,0.0,0.0,0.0,0.0,1.0
490,0,0.019596374633620562,0.07321993726071716,0.17579999999999998,1.5,0.0,0.0,0.0,0.0,0.0,0.0,0.0,0.0,1.0
491,0,0.017141911322123823,0.07321993726071716,0.0572,-1.4,0.0,0.0,0.0,0.0,0.0,0.0,0.0,0.0,1.0
492,1,0.017624768139754214,0.07321993726071716,0.37799999999999995,-0.8,0.0,0.0,0.0,0.0,0.0,0.0,0.0,0.0,1.0
493,0,0.01497216264775574,0.07321993726071716,0.3486,-0.6,0.0,0.0,0.0,0.0,0.0,0.0,0.0,0.0,1.0
494,1,0.024161271070083583,0.07321993726071716,0.6265999999999999,-0.5,0.0,0.0,0.0,0.0,0.0,0.0,0.0,0.0,1.0
495,0,0.022936475588685643,0.07321993726071716,0.6437999999999999,0.5,0.0,0.0,0.0,0.0,0.0,0.0,0.0,0.0,1.0
496,1,0.025760390036456467,0.07321993726071716,0.33020000000000005,2.2,0.0,0.0,0.0,0.0,0.0,0.0,0.0,0.0,1.0
497,1,0.027093577623011268,0.07321993726071716,0.5094,-0.7,0.0,0.0,0.0,0.0,0.0,0.0,0.0,0.0,1.0
498,0,0.02586228567667885,0.07321993726071716,0.252,-1.1,0.0,0.0,0.0,0.0,0.0,0.0,0.0,0.0,1.0
499,1,0.02892551012078623,0.07321993726071716,0.15539999999999998,0.6,0.0,0.0,0.0,0.0,0.0,0.0,0.0,0.0,1.0
500,0,0.011812974118366156,0.07321993726071716,0.42200000000000004,0.1,0.0,0.0,0.0,0.0,0.0,0.0,0.0,0.0,1.0
501,1,0.022543580687647988,0.07321993726071716,0.7173999999999999,-1.2,0.0,0.0,0.0,0.0,0.0,0.0,0.0,0.0,1.0
502,1,0.022825541388554416,0.07321993726071716,0.4266,-1.2,0.0,0.0,0.0,0.0,0.0,0.0,0.0,0.0,1.0
503,1,0.023213987623386934,0.07321993726071716,0.1744,-0.8,0.0,0.0,0.0,0.0,0.0,0.0,0.0,0.0,1.0
504,0,0.018541828901755656,0.07321993726071716,0.332,1.2,0.0,0.0,0.0,0.0,0.0,0.0,0.0,0.0,1.0
505,0,0.01604245524571184,0.07321993726071716,0.501,-1.1,0.0,0.0,0.0,0.0,0.0,0.0,0.0,0.0,1.0
506,1,0.0011656917732439985,0.00783147405774708,0.1782,-0.3,0.0,0.0,0.0,0.0,0.0,1.0,0.0,0.0,0.0
507,1,0.0014343064755350191,0.00783147405774708,0.0236,1.6,0.0,0.0,0.0,0.0,0.0,1.0,0.0,0.0,0.0
508,1,0.001854105215051349,0.00783147405774708,0.2186,0.7,0.0,0.0,0.0,0.0,0.0,1.0,0.0,0.0,0.0
509,0,0.0017967668506296062,0.00783147405774708,0.19,-1.7,0.0,0.0,0.0,0.0,0.0,1.0,0.0,0.0,0.0
510,0,0.0016398630997119807,0.00783147405774708,0.3998,0.2,0.0,0.0,0.0,0.0,0.0,1.0,0.0,0.0,0.0
511,1,0.002187260884191474,0.00783147405774708,0.2332,0.6,0.0,0.0,0.0,0.0,0.0,1.0,0.0,0.0,0.0
512,1,0.002825821019001595,0.00783147405774708,0.2158,2.3,0.0,0.0,0.0,0.0,0.0,1.0,0.0,0.0,0.0
513,1,0.003860383059818037,0.00783147405774708,0.0286,0.5,0.0,0.0,0.0,0.0,0.0,1.0,0.0,0.0,0.0
514,1,0.004784505196748265,0.00783147405774708,0.15380000000000002,0.3,0.0,0.0,0.0,0.0,0.0,1.0,0.0,0.0,0.0
515,1,0.004798133650360822,0.00783147405774708,0.12619999999999998,1.3,0.0,0.0,0.0,0.0,0.0,1.0,0.0,0.0,0.0
516,0,0.0044214092979100875,0.00783147405774708,0.1568,-0.9,0.0,0.0,0.0,0.0,0.0,1.0,0.0,0.0,0.0
517,1,0.004993521894640331,0.00783147405774708,0.0676,-0.2,0.0,0.0,0.0,0.0,0.0,1.0,0.0,0.0,0.0
518,1,0.00661827365200471,0.00783147405774708,0.4384,2.2,0.0,0.0,0.0,0.0,0.0,1.0,0.0,0.0,0.0
519,0,0.005806074307695741,0.00783147405774708,0.201,-1.5,0.0,0.0,0.0,0.0,0.0,1.0,0.0,0.0,0.0
520,1,0.0067520160931559174,0.00783147405774708,0.1998,-1.7,0.0,0.0,0.0,0.0,0.0,1.0,0.0,0.0,0.0
521,1,0.008455149112229821,0.00783147405774708,0.133,-0.6,0.0,0.0,0.0,0.0,0.0,1.0,0.0,0.0,0.0
522,0,0.007175769202632368,0.00783147405774708,0.1782,-0.1,0.0,0.0,0.0,0.0,0.0,1.0,0.0,0.0,0.0
523,1,0.007563721141219872,0.00783147405774708,0.2336,0.9,0.0,0.0,0.0,0.0,0.0,1.0,0.0,0.0,0.0
524,1,0.008914774006344503,0.00783147405774708,0.1168,0.3,0.0,0.0,0.0,0.0,0.0,1.0,0.0,0.0,0.0
525,0,0.005952809678715914,0.00783147405774708,0.0492,0.6,0.0,0.0,0.0,0.0,0.0,1.0,0.0,0.0,0.0
526,1,0.00946542002329124,0.00783147405774708,0.20559999999999998,-0.9,0.0,0.0,0.0,0.0,0.0,1.0,0.0,0.0,0.0
527,0,0.008157582772730777,0.00783147405774708,0.4142,0.6,0.0,0.0,0.0,0.0,0.0,1.0,0.0,0.0,0.0
528,0,0.007408300279037292,0.00783147405774708,0.0894,-1.6,0.0,0.0,0.0,0.0,0.0,1.0,0.0,0.0,0.0
529,1,0.008683372749928185,0.00783147405774708,0.1226,-0.9,0.0,0.0,0.0,0.0,0.0,1.0,0.0,0.0,0.0
530,0,0.008558951323682977,0.00783147405774708,0.16519999999999999,1.5,0.0,0.0,0.0,0.0,0.0,1.0,0.0,0.0,0.0
531,0,0.008485371796925026,0.00783147405774708,0.2632,-1.4,0.0,0.0,0.0,0.0,0.0,1.0,0.0,0.0,0.0
532,0,0.0077452690906389616,0.00783147405774708,0.3148,-0.8,0.0,0.0,0.0,0.0,0.0,1.0,0.0,0.0,0.0
533,1,0.008497658589301113,0.00783147405774708,0.3456,-0.6,0.0,0.0,0.0,0.0,0.0,1.0,0.0,0.0,0.0
534,0,0.00848226479195636,0.00783147405774708,0.1352,-0.5,0.0,0.0,0.0,0.0,0.0,1.0,0.0,0.0,0.0
535,0,0.006179621041428522,0.00783147405774708,0.327,0.5,0.0,0.0,0.0,0.0,0.0,1.0,0.0,0.0,0.0
536,1,0.010157293538813695,0.00783147405774708,0.41659999999999997,2.2,0.0,0.0,0.0,0.0,0.0,1.0,0.0,0.0,0.0
537,1,0.01126960131759607,0.00783147405774708,0.4192,-0.7,0.0,0.0,0.0,0.0,0.0,1.0,0.0,0.0,0.0
538,0,0.010304593819828171,0.00783147405774708,0.46740000000000004,-1.1,0.0,0.0,0.0,0.0,0.0,1.0,0.0,0.0,0.0
539,1,0.011259009255202892,0.00783147405774708,0.43560000000000004,0.6,0.0,0.0,0.0,0.0,0.0,1.0,0.0,0.0,0.0
540,0,0.008424643972537466,0.00783147405774708,0.5197999999999999,0.1,0.0,0.0,0.0,0.0,0.0,1.0,0.0,0.0,0.0
541,1,0.015194737185511075,0.00783147405774708,0.2394,-1.2,0.0,0.0,0.0,0.0,0.0,1.0,0.0,0.0,0.0
542,0,0.014442065231851773,0.00783147405774708,0.1716,-1.2,0.0,0.0,0.0,0.0,0.0,1.0,0.0,0.0,0.0
543,1,0.017661487289383902,0.00783147405774708,0.36060000000000003,-0.8,0.0,0.0,0.0,0.0,0.0,1.0,0.0,0.0,0.0
544,0,0.017091987401377306,0.00783147405774708,0.5506,1.2,0.0,0.0,0.0,0.0,0.0,1.0,0.0,0.0,0.0
545,1,0.020324967298772704,0.00783147405774708,0.1476,-1.1,0.0,0.0,0.0,0.0,0.0,1.0,0.0,0.0,0.0
546,1,0.03213935369212462,0.05375701109409925,0.13140000000000002,0.6,0.0,0.0,1.0,0.0,0.0,0.0,0.0,0.0,0.0
547,1,0.035547243846506045,0.05375701109409925,0.254,0.0,0.0,0.0,1.0,0.0,0.0,0.0,0.0,0.0,0.0
548,0,0.0307585724385498,0.05375701109409925,0.3642,0.1,0.0,0.0,1.0,0.0,0.0,0.0,0.0,0.0,0.0
549,0,0.02676317589009337,0.05375701109409925,0.3654,2.5,0.0,0.0,1.0,0.0,0.0,0.0,0.0,0.0,0.0
550,1,0.02964569974977312,0.05375701109409925,0.46740000000000004,-0.5,0.0,0.0,1.0,0.0,0.0,0.0,0.0,0.0,0.0
551,0,0.0275820129268354,0.05375701109409925,0.37920000000000004,-0.8,0.0,0.0,1.0,0.0,0.0,0.0,0.0,0.0,0.0
552,1,0.02844244146190798,0.05375701109409925,0.0274,-0.3,0.0,0.0,1.0,0.0,0.0,0.0,0.0,0.0,0.0
553,1,0.03252116223452408,0.05375701109409925,0.2726,1.6,0.0,0.0,1.0,0.0,0.0,0.0,0.0,0.0,0.0
554,0,0.03131225484671591,0.05375701109409925,0.1042,0.7,0.0,0.0,1.0,0.0,0.0,0.0,0.0,0.0,0.0
555,0,0.030415742685757235,0.05375701109409925,0.0018,-1.7,0.0,0.0,1.0,0.0,0.0,0.0,0.0,0.0,0.0
556,0,0.027182127264618248,0.05375701109409925,0.1666,0.2,0.0,0.0,1.0,0.0,0.0,0.0,0.0,0.0,0.0
557,1,0.03226561107585131,0.05375701109409925,0.0684,0.6,0.0,0.0,1.0,0.0,0.0,0.0,0.0,0.0,0.0
558,1,0.03260010840622791,0.05375701109409925,0.3826,2.3,0.0,0.0,1.0,0.0,0.0,0.0,0.0,0.0,0.0
559,0,0.02695658694939282,0.05375701109409925,0.1592,0.5,0.0,0.0,1.0,0.0,0.0,0.0,0.0,0.0,0.0
560,1,0.032073824132785485,0.05375701109409925,0.14,0.3,0.0,0.0,1.0,0.0,0.0,0.0,0.0,0.0,0.0
561,1,0.03502731481049953,0.05375701109409925,0.32520000000000004,1.3,0.0,0.0,1.0,0.0,0.0,0.0,0.0,0.0,0.0
562,0,0.03367972201909,0.05375701109409925,0.493,-0.9,0.0,0.0,1.0,0.0,0.0,0.0,0.0,0.0,0.0
563,0,0.03188549726343476,0.05375701109409925,0.2582,-0.2,0.0,0.0,1.0,0.0,0.0,0.0,0.0,0.0,0.0
564,1,0.03332015680771622,0.05375701109409925,0.4412,2.2,0.0,0.0,1.0,0.0,0.0,0.0,0.0,0.0,0.0
565,0,0.02951598229233132,0.05375701109409925,0.1164,-1.5,0.0,0.0,1.0,0.0,0.0,0.0,0.0,0.0,0.0
566,1,0.030143809137249684,0.05375701109409925,0.0132,-1.7,0.0,0.0,1.0,0.0,0.0,0.0,0.0,0.0,0.0
567,1,0.03229682235303655,0.05375701109409925,0.1902,-0.6,0.0,0.0,1.0,0.0,0.0,0.0,0.0,0.0,0.0
568,0,0.03224365019982279,0.05375701109409925,0.13,-0.1,0.0,0.0,1.0,0.0,0.0,0.0,0.0,0.0,0.0
569,1,0.03383690822500478,0.05375701109409925,0.31420000000000003,0.9,0.0,0.0,1.0,0.0,0.0,0.0,0.0,0.0,0.0
570,0,0.02945059396049076,0.05375701109409925,0.1362,0.3,0.0,0.0,1.0,0.0,0.0,0.0,0.0,0.0,0.0
571,1,0.03158129323150266,0.05375701109409925,0.07780000000000001,0.6,0.0,0.0,1.0,0.0,0.0,0.0,0.0,0.0,0.0
572,0,0.027466771287997613,0.05375701109409925,0.21960000000000002,-0.9,0.0,0.0,1.0,0.0,0.0,0.0,0.0,0.0,0.0
573,1,0.03311488263853641,0.05375701109409925,0.1568,0.6,0.0,0.0,1.0,0.0,0.0,0.0,0.0,0.0,0.0
574,0,0.029353146986473514,0.05375701109409925,0.0292,-1.6,0.0,0.0,1.0,0.0,0.0,0.0,0.0,0.0,0.0
575,1,0.03153016887701825,0.05375701109409925,0.04,-0.9,0.0,0.0,1.0,0.0,0.0,0.0,0.0,0.0,0.0
576,1,0.031657485466984256,0.05375701109409925,0.1528,1.5,0.0,0.0,1.0,0.0,0.0,0.0,0.0,0.0,0.0
577,0,0.029908524124622533,0.05375701109409925,0.1186,-1.4,0.0,0.0,1.0,0.0,0.0,0.0,0.0,0.0,0.0
578,1,0.03158206998274483,0.05375701109409925,0.256,-0.8,0.0,0.0,1.0,0.0,0.0,0.0,0.0,0.0,0.0
579,1,0.036932897448781726,0.05375701109409925,0.0546,-0.6,0.0,0.0,1.0,0.0,0.0,0.0,0.0,0.0,0.0
580,1,0.03781422765364351,0.05375701109409925,0.3104,-0.5,0.0,0.0,1.0,0.0,0.0,0.0,0.0,0.0,0.0
581,1,0.04340711905223921,0.05375701109409925,0.7186,0.5,0.0,0.0,1.0,0.0,0.0,0.0,0.0,0.0,0.0
582,1,0.05340828559137744,0.05375701109409925,0.27940000000000004,2.2,0.0,0.0,1.0,0.0,0.0,0.0,0.0,0.0,0.0
583,0,0.05025926544188531,0.05375701109409925,0.18,-0.7,0.0,0.0,1.0,0.0,0.0,0.0,0.0,0.0,0.0
584,1,0.05088843394804014,0.05375701109409925,0.13720000000000002,-1.1,0.0,0.0,1.0,0.0,0.0,0.0,0.0,0.0,0.0
585,0,0.049748233738289065,0.05375701109409925,0.0654,0.6,0.0,0.0,1.0,0.0,0.0,0.0,0.0,0.0,0.0
586,0,0.047346518897510355,0.05375701109409925,0.22899999999999998,0.1,0.0,0.0,1.0,0.0,0.0,0.0,0.0,0.0,0.0
587,0,0.04574012671496082,0.05375701109409925,0.45380000000000004,-1.2,0.0,0.0,1.0,0.0,0.0,0.0,0.0,0.0,0.0
588,0,0.03723173483576796,0.05375701109409925,0.1818,-1.2,0.0,0.0,1.0,0.0,0.0,0.0,0.0,0.0,0.0
589,1,0.03954200487121888,0.05375701109409925,0.15,-0.8,0.0,0.0,1.0,0.0,0.0,0.0,0.0,0.0,0.0
590,0,0.035655847792910776,0.05375701109409925,0.33899999999999997,1.2,0.0,0.0,1.0,0.0,0.0,0.0,0.0,0.0,0.0
591,1,0.0446449780772554,0.05375701109409925,0.42840000000000006,-1.1,0.0,0.0,1.0,0.0,0.0,0.0,0.0,0.0,0.0
592,1,0.03977672497385173,0.009566787832424364,0.1162,0.6,0.0,0.0,0.0,1.0,0.0,0.0,0.0,0.0,0.0
593,1,0.04210697870035112,0.009566787832424364,0.11199999999999999,0.0,0.0,0.0,0.0,1.0,0.0,0.0,0.0,0.0,0.0
594,1,0.050687608445065466,0.009566787832424364,0.12300000000000001,0.1,0.0,0.0,0.0,1.0,0.0,0.0,0.0,0.0,0.0
595,1,0.06634599550840063,0.009566787832424364,0.0882,2.5,0.0,0.0,0.0,1.0,0.0,0.0,0.0,0.0,0.0
596,1,0.07194326495945218,0.009566787832424364,0.078,-0.5,0.0,0.0,0.0,1.0,0.0,0.0,0.0,0.0,0.0
597,0,0.07095679088190077,0.009566787832424364,0.2024,-0.8,0.0,0.0,0.0,1.0,0.0,0.0,0.0,0.0,0.0
598,1,0.07358997759284508,0.009566787832424364,0.12480000000000001,-0.3,0.0,0.0,0.0,1.0,0.0,0.0,0.0,0.0,0.0
599,1,0.07862170152585014,0.009566787832424364,0.1366,1.6,0.0,0.0,0.0,1.0,0.0,0.0,0.0,0.0,0.0
600,1,0.08683492793301975,0.009566787832424364,0.25,0.7,0.0,0.0,0.0,1.0,0.0,0.0,0.0,0.0,0.0
601,0,0.08188709313416867,0.009566787832424364,0.2836,-1.7,0.0,0.0,0.0,1.0,0.0,0.0,0.0,0.0,0.0
602,1,0.08478042089748945,0.009566787832424364,0.265,0.2,0.0,0.0,0.0,1.0,0.0,0.0,0.0,0.0,0.0
603,1,0.09596295546221359,0.009566787832424364,0.2122,0.6,0.0,0.0,0.0,1.0,0.0,0.0,0.0,0.0,0.0
604,1,0.10100463593386824,0.009566787832424364,0.09519999999999999,2.3,0.0,0.0,0.0,1.0,0.0,0.0,0.0,0.0,0.0
605,1,0.16002057119744253,0.009566787832424364,0.32299999999999995,0.5,0.0,0.0,0.0,1.0,0.0,0.0,0.0,0.0,0.0
606,1,0.2306528212876163,0.009566787832424364,0.1642,0.3,0.0,0.0,0.0,1.0,0.0,0.0,0.0,0.0,0.0
607,0,0.22562554602081636,0.009566787832424364,0.0922,1.3,0.0,0.0,0.0,1.0,0.0,0.0,0.0,0.0,0.0
608,1,0.2440325026614322,0.009566787832424364,0.34119999999999995,-0.9,0.0,0.0,0.0,1.0,0.0,0.0,0.0,0.0,0.0
609,1,0.24911379744643736,0.009566787832424364,0.11720000000000001,-0.2,0.0,0.0,0.0,1.0,0.0,0.0,0.0,0.0,0.0
610,0,0.2448254244521856,0.009566787832424364,0.43439999999999995,2.2,0.0,0.0,0.0,1.0,0.0,0.0,0.0,0.0,0.0
611,0,0.23474015693764552,0.009566787832424364,0.2662,-1.5,0.0,0.0,0.0,1.0,0.0,0.0,0.0,0.0,0.0
612,1,0.23478492605469403,0.009566787832424364,0.1582,-1.7,0.0,0.0,0.0,1.0,0.0,0.0,0.0,0.0,0.0
613,0,0.22055166567948645,0.009566787832424364,0.059000000000000004,-0.6,0.0,0.0,0.0,1.0,0.0,0.0,0.0,0.0,0.0
614,1,0.22723045531463085,0.009566787832424364,0.1402,-0.1,0.0,0.0,0.0,1.0,0.0,0.0,0.0,0.0,0.0
615,0,0.20333871692557903,0.009566787832424364,0.2112,0.9,0.0,0.0,0.0,1.0,0.0,0.0,0.0,0.0,0.0
616,1,0.23346141255179165,0.009566787832424364,0.20440000000000003,0.3,0.0,0.0,0.0,1.0,0.0,0.0,0.0,0.0,0.0
617,0,0.1789230245168113,0.009566787832424364,0.069,0.6,0.0,0.0,0.0,1.0,0.0,0.0,0.0,0.0,0.0
618,0,0.1743323540618582,0.009566787832424364,0.19079999999999997,-0.9,0.0,0.0,0.0,1.0,0.0,0.0,0.0,0.0,0.0
619,1,0.17559210334915365,0.009566787832424364,0.2758,0.6,0.0,0.0,0.0,1.0,0.0,0.0,0.0,0.0,0.0
620,1,0.19971213598965312,0.009566787832424364,0.2932,-1.6,0.0,0.0,0.0,1.0,0.0,0.0,0.0,0.0,0.0
621,0,0.1828393336660653,0.009566787832424364,0.2588,-0.9,0.0,0.0,0.0,1.0,0.0,0.0,0.0,0.0,0.0
622,0,0.17601677443737082,0.009566787832424364,0.1906,1.5,0.0,0.0,0.0,1.0,0.0,0.0,0.0,0.0,0.0
623,0,0.15260937575468445,0.009566787832424364,0.2554,-1.4,0.0,0.0,0.0,1.0,0.0,0.0,0.0,0.0,0.0
624,1,0.16239199273977675,0.009566787832424364,0.48,-0.8,0.0,0.0,0.0,1.0,0.0,0.0,0.0,0.0,0.0
625,0,0.14850142088986318,0.009566787832424364,0.192,-0.6,0.0,0.0,0.0,1.0,0.0,0.0,0.0,0.0,0.0
626,1,0.15463344826427167,0.009566787832424364,0.303,-0.5,0.0,0.0,0.0,1.0,0.0,0.0,0.0,0.0,0.0
627,1,0.1613250189880372,0.009566787832424364,0.29100000000000004,0.5,0.0,0.0,0.0,1.0,0.0,0.0,0.0,0.0,0.0
628,1,0.17112465388670786,0.009566787832424364,0.385,2.2,0.0,0.0,0.0,1.0,0.0,0.0,0.0,0.0,0.0
629,0,0.15724827540040115,0.009566787832424364,0.40700000000000003,-0.7,0.0,0.0,0.0,1.0,0.0,0.0,0.0,0.0,0.0
630,0,0.14801016103606754,0.009566787832424364,0.34740000000000004,-1.1,0.0,0.0,0.0,1.0,0.0,0.0,0.0,0.0,0.0
631,1,0.1580333590649836,0.009566787832424364,0.41600000000000004,0.6,0.0,0.0,0.0,1.0,0.0,0.0,0.0,0.0,0.0
632,1,0.194585224722608,0.009566787832424364,0.35340000000000005,0.1,0.0,0.0,0.0,1.0,0.0,0.0,0.0,0.0,0.0
633,0,0.18184982319729454,0.009566787832424364,0.33840000000000003,-1.2,0.0,0.0,0.0,1.0,0.0,0.0,0.0,0.0,0.0
634,1,0.20571988316531498,0.009566787832424364,0.061399999999999996,-1.2,0.0,0.0,0.0,1.0,0.0,0.0,0.0,0.0,0.0
635,0,0.20195948917448855,0.009566787832424364,0.38880000000000003,-0.8,0.0,0.0,0.0,1.0,0.0,0.0,0.0,0.0,0.0
636,1,0.205659296568426,0.009566787832424364,0.4374,1.2,0.0,0.0,0.0,1.0,0.0,0.0,0.0,0.0,0.0
637,1,0.21362954106429607,0.009566787832424364,0.1974,-1.1,0.0,0.0,0.0,1.0,0.0,0.0,0.0,0.0,0.0
638,0,0.04364918298479799,1.0,0.1016,0.6,0.0,0.0,0.0,0.0,0.0,0.0,0.0,0.0,1.0
639,1,0.044515048778565734,1.0,0.1656,0.0,0.0,0.0,0.0,0.0,0.0,0.0,0.0,0.0,1.0
640,1,0.04801678460575073,1.0,0.4886,0.1,0.0,0.0,0.0,0.0,0.0,0.0,0.0,0.0,1.0
641,0,0.04488082799987685,1.0,0.5682,2.5,0.0,0.0,0.0,0.0,0.0,0.0,0.0,0.0,1.0
642,0,0.04386504921637098,1.0,0.1202,-0.5,0.0,0.0,0.0,0.0,0.0,0.0,0.0,0.0,1.0
643,0,0.04072146632557401,1.0,0.044199999999999996,-0.8,0.0,0.0,0.0,0.0,0.0,0.0,0.0,0.0,1.0
644,1,0.04142682706721045,1.0,0.139,-0.3,0.0,0.0,0.0,0.0,0.0,0.0,0.0,0.0,1.0
645,1,0.04698250501993144,1.0,0.027999999999999997,1.6,0.0,0.0,0.0,0.0,0.0,0.0,0.0,0.0,1.0
646,1,0.04888356837825921,1.0,0.008199999999999999,0.7,0.0,0.0,0.0,0.0,0.0,0.0,0.0,0.0,1.0
647,0,0.046919235100569515,1.0,0.0154,-1.7,0.0,0.0,0.0,0.0,0.0,0.0,0.0,0.0,1.0
648,1,0.04879162927668642,1.0,0.1656,0.2,0.0,0.0,0.0,0.0,0.0,0.0,0.0,0.0,1.0
649,1,0.05250894888044725,1.0,0.0,0.6,0.0,0.0,0.0,0.0,0.0,0.0,0.0,0.0,1.0
650,1,0.061376270447270315,1.0,0.1998,2.3,0.0,0.0,0.0,0.0,0.0,0.0,0.0,0.0,1.0
651,1,0.07050599270644706,1.0,0.0814,0.5,0.0,0.0,0.0,0.0,0.0,0.0,0.0,0.0,1.0
652,0,0.06860033945441557,1.0,0.001,0.3,0.0,0.0,0.0,0.0,0.0,0.0,0.0,0.0,1.0
653,1,0.0783403763486873,1.0,0.3274,1.3,0.0,0.0,0.0,0.0,0.0,0.0,0.0,0.0,1.0
654,1,0.08397492985936283,1.0,0.6344,-0.9,0.0,0.0,0.0,0.0,0.0,0.0,0.0,0.0,1.0
655,0,0.0839041042688271,1.0,0.295,-0.2,0.0,0.0,0.0,0.0,0.0,0.0,0.0,0.0,1.0
656,0,0.08316506076878036,1.0,0.4722,2.2,0.0,0.0,0.0,0.0,0.0,0.0,0.0,0.0,1.0
657,1,0.08668423819203946,1.0,0.0006,-1.5,0.0,0.0,0.0,0.0,0.0,0.0,0.0,0.0,1.0
658,0,0.0832602481028204,1.0,0.045599999999999995,-1.7,0.0,0.0,0.0,0.0,0.0,0.0,0.0,0.0,1.0
659,0,0.07164725212243746,1.0,0.0748,-0.6,0.0,0.0,0.0,0.0,0.0,0.0,0.0,0.0,1.0
660,0,0.0633826189057863,1.0,0.16879999999999998,-0.1,0.0,0.0,0.0,0.0,0.0,0.0,0.0,0.0,1.0
661,0,0.06287271702217864,1.0,0.2738,0.9,0.0,0.0,0.0,0.0,0.0,0.0,0.0,0.0,1.0
662,0,0.05400680773034135,1.0,0.1116,0.3,0.0,0.0,0.0,0.0,0.0,0.0,0.0,0.0,1.0
663,1,0.0564989787839578,1.0,0.3014,0.6,0.0,0.0,0.0,0.0,0.0,0.0,0.0,0.0,1.0
664,0,0.05256769951985475,1.0,0.1636,-0.9,0.0,0.0,0.0,0.0,0.0,0.0,0.0,0.0,1.0
665,0,0.0497206943760668,1.0,0.2982,0.6,0.0,0.0,0.0,0.0,0.0,0.0,0.0,0.0,1.0
666,1,0.06157081132655837,1.0,0.16760000000000003,-1.6,0.0,0.0,0.0,0.0,0.0,0.0,0.0,0.0,1.0
667,0,0.058508716702439595,1.0,0.005600000000000001,-0.9,0.0,0.0,0.0,0.0,0.0,0.0,0.0,0.0,1.0
668,1,0.06953865495495266,1.0,0.17579999999999998,1.5,0.0,0.0,0.0,0.0,0.0,0.0,0.0,0.0,1.0
669,0,0.06686182894694845,1.0,0.0572,-1.4,0.0,0.0,0.0,0.0,0.0,0.0,0.0,0.0,1.0
670,1,0.06952403790885008,1.0,0.37799999999999995,-0.8,0.0,0.0,0.0,0.0,0.0,0.0,0.0,0.0,1.0
671,0,0.06722231213706298,1.0,0.3486,-0.6,0.0,0.0,0.0,0.0,0.0,0.0,0.0,0.0,1.0
672,1,0.07776776945571205,1.0,0.6265999999999999,-0.5,0.0,0.0,0.0,0.0,0.0,0.0,0.0,0.0,1.0
673,1,0.0815477940688405,1.0,0.6437999999999999,0.5,0.0,0.0,0.0,0.0,0.0,0.0,0.0,0.0,1.0
674,1,0.09153540276811546,1.0,0.33020000000000005,2.2,0.0,0.0,0.0,0.0,0.0,0.0,0.0,0.0,1.0
675,0,0.09143258914915234,1.0,0.5094,-0.7,0.0,0.0,0.0,0.0,0.0,0.0,0.0,0.0,1.0
676,1,0.11853647637955964,1.0,0.252,-1.1,0.0,0.0,0.0,0.0,0.0,0.0,0.0,0.0,1.0
677,1,0.12293465375395402,1.0,0.15539999999999998,0.6,0.0,0.0,0.0,0.0,0.0,0.0,0.0,0.0,1.0
678,0,0.0579048985322791,1.0,0.42200000000000004,0.1,0.0,0.0,0.0,0.0,0.0,0.0,0.0,0.0,1.0
679,1,0.08096226485974556,1.0,0.7173999999999999,-1.2,0.0,0.0,0.0,0.0,0.0,0.0,0.0,0.0,1.0
680,0,0.0797131782485926,1.0,0.4266,-1.2,0.0,0.0,0.0,0.0,0.0,0.0,0.0,0.0,1.0
681,0,0.07764913835690844,1.0,0.1744,-0.8,0.0,0.0,0.0,0.0,0.0,0.0,0.0,0.0,1.0
682,1,0.1017179760291742,1.0,0.332,1.2,0.0,0.0,0.0,0.0,0.0,0.0,0.0,0.0,1.0
683,0,0.09321961130238023,1.0,0.501,-1.1,0.0,0.0,0.0,0.0,0.0,0.0,0.0,0.0,1.0
684,0,0.0006103852488442648,0.018983011244112096,0.0336,0.6,0.0,0.0,0.0,0.0,0.0,1.0,0.0,0.0,0.0
685,1,0.0007167295552717825,0.018983011244112096,0.3034,0.0,0.0,0.0,0.0,0.0,0.0,1.0,0.0,0.0,0.0
686,1,0.0007555671173801056,0.018983011244112096,0.0946,0.1,0.0,0.0,0.0,0.0,0.0,1.0,0.0,0.0,0.0
687,1,0.0007770336971636151,0.018983011244112096,0.2812,2.5,0.0,0.0,0.0,0.0,0.0,1.0,0.0,0.0,0.0
688,1,0.000840303616525538,0.018983011244112096,0.1328,-0.5,0.0,0.0,0.0,0.0,0.0,1.0,0.0,0.0,0.0
689,1,0.0009330194693404986,0.018983011244112096,0.11359999999999999,-0.8,0.0,0.0,0.0,0.0,0.0,1.0,0.0,0.0,0.0
690,1,0.0010859688502980042,0.018983011244112096,0.1782,-0.3,0.0,0.0,0.0,0.0,0.0,1.0,0.0,0.0,0.0
691,1,0.0011520633196314414,0.018983011244112096,0.0236,1.6,0.0,0.0,0.0,0.0,0.0,1.0,0.0,0.0,0.0
692,1,0.0011959850716884905,0.018983011244112096,0.2186,0.7,0.0,0.0,0.0,0.0,0.0,1.0,0.0,0.0,0.0
693,1,0.0013728018999052927,0.018983011244112096,0.19,-1.7,0.0,0.0,0.0,0.0,0.0,1.0,0.0,0.0,0.0
694,0,0.0013700479636830664,0.018983011244112096,0.3998,0.2,0.0,0.0,0.0,0.0,0.0,1.0,0.0,0.0,0.0
695,0,0.0012873592632669819,0.018983011244112096,0.2332,0.6,0.0,0.0,0.0,0.0,0.0,1.0,0.0,0.0,0.0
696,1,0.001523915323381314,0.018983011244112096,0.2158,2.3,0.0,0.0,0.0,0.0,0.0,1.0,0.0,0.0,0.0
697,1,0.0016961422578944054,0.018983011244112096,0.0286,0.5,0.0,0.0,0.0,0.0,0.0,1.0,0.0,0.0,0.0
698,0,0.0011817917080816306,0.018983011244112096,0.15380000000000002,0.3,0.0,0.0,0.0,0.0,0.0,1.0,0.0,0.0,0.0
699,1,0.0023210739390919694,0.018983011244112096,0.12619999999999998,1.3,0.0,0.0,0.0,0.0,0.0,1.0,0.0,0.0,0.0
700,1,0.00248044917123467,0.018983011244112096,0.1568,-0.9,0.0,0.0,0.0,0.0,0.0,1.0,0.0,0.0,0.0
701,1,0.0033346636963699165,0.018983011244112096,0.0676,-0.2,0.0,0.0,0.0,0.0,0.0,1.0,0.0,0.0,0.0
702,1,0.0042464284271747695,0.018983011244112096,0.4384,2.2,0.0,0.0,0.0,0.0,0.0,1.0,0.0,0.0,0.0
703,1,0.005238551604669207,0.018983011244112096,0.201,-1.5,0.0,0.0,0.0,0.0,0.0,1.0,0.0,0.0,0.0
704,1,0.005910653270391062,0.018983011244112096,0.1998,-1.7,0.0,0.0,0.0,0.0,0.0,1.0,0.0,0.0,0.0
705,0,0.005591620351108509,0.018983011244112096,0.133,-0.6,0.0,0.0,0.0,0.0,0.0,1.0,0.0,0.0,0.0
706,1,0.005619583395826502,0.018983011244112096,0.1782,-0.1,0.0,0.0,0.0,0.0,0.0,1.0,0.0,0.0,0.0
707,0,0.0052777422355239694,0.018983011244112096,0.2336,0.9,0.0,0.0,0.0,0.0,0.0,1.0,0.0,0.0,0.0
708,0,0.004795874010383611,0.018983011244112096,0.1168,0.3,0.0,0.0,0.0,0.0,0.0,1.0,0.0,0.0,0.0
709,0,0.004361458224764694,0.018983011244112096,0.0492,0.6,0.0,0.0,0.0,0.0,0.0,1.0,0.0,0.0,0.0
710,1,0.004527894831836181,0.018983011244112096,0.20559999999999998,-0.9,0.0,0.0,0.0,0.0,0.0,1.0,0.0,0.0,0.0
711,0,0.0043000242628842555,0.018983011244112096,0.4142,0.6,0.0,0.0,0.0,0.0,0.0,1.0,0.0,0.0,0.0
712,1,0.004515537425710805,0.018983011244112096,0.0894,-1.6,0.0,0.0,0.0,0.0,0.0,1.0,0.0,0.0,0.0
713,0,0.003672691714210904,0.018983011244112096,0.1226,-0.9,0.0,0.0,0.0,0.0,0.0,1.0,0.0,0.0,0.0
714,1,0.0038053749491227936,0.018983011244112096,0.16519999999999999,1.5,0.0,0.0,0.0,0.0,0.0,1.0,0.0,0.0,0.0
715,1,0.005308106147717749,0.018983011244112096,0.2632,-1.4,0.0,0.0,0.0,0.0,0.0,1.0,0.0,0.0,0.0
716,0,0.004275662519379943,0.018983011244112096,0.3148,-0.8,0.0,0.0,0.0,0.0,0.0,1.0,0.0,0.0,0.0
717,0,0.004123913572160332,0.018983011244112096,0.3456,-0.6,0.0,0.0,0.0,0.0,0.0,1.0,0.0,0.0,0.0
718,1,0.0045803608475570605,0.018983011244112096,0.1352,-0.5,0.0,0.0,0.0,0.0,0.0,1.0,0.0,0.0,0.0
719,1,0.005003831502036359,0.018983011244112096,0.327,0.5,0.0,0.0,0.0,0.0,0.0,1.0,0.0,0.0,0.0
720,1,0.00520147938629308,0.018983011244112096,0.41659999999999997,2.2,0.0,0.0,0.0,0.0,0.0,1.0,0.0,0.0,0.0
721,0,0.003832984925094347,0.018983011244112096,0.4192,-0.7,0.0,0.0,0.0,0.0,0.0,1.0,0.0,0.0,0.0
722,1,0.004011567097043346,0.018983011244112096,0.46740000000000004,-1.1,0.0,0.0,0.0,0.0,0.0,1.0,0.0,0.0,0.0
723,1,0.0055926089435985385,0.018983011244112096,0.43560000000000004,0.6,0.0,0.0,0.0,0.0,0.0,1.0,0.0,0.0,0.0
724,0,0.0034278032316806045,0.018983011244112096,0.5197999999999999,0.1,0.0,0.0,0.0,0.0,0.0,1.0,0.0,0.0,0.0
725,1,0.00591863262406059,0.018983011244112096,0.2394,-1.2,0.0,0.0,0.0,0.0,0.0,1.0,0.0,0.0,0.0
726,0,0.005542331954105582,0.018983011244112096,0.1716,-1.2,0.0,0.0,0.0,0.0,0.0,1.0,0.0,0.0,0.0
727,1,0.0059516798587273085,0.018983011244112096,0.36060000000000003,-0.8,0.0,0.0,0.0,0.0,0.0,1.0,0.0,0.0,0.0
728,1,0.005993200743308571,0.018983011244112096,0.5506,1.2,0.0,0.0,0.0,0.0,0.0,1.0,0.0,0.0,0.0
729,1,0.006309691567616761,0.018983011244112096,0.1476,-1.1,0.0,0.0,0.0,0.0,0.0,1.0,0.0,0.0,0.0
730,1,0.05255385922499433,0.03180379846413318,0.0336,0.6,0.0,0.0,0.0,0.0,0.0,1.0,0.0,0.0,0.0
731,1,0.05255385922499433,0.41091115870335804,0.0336,0.6,0.0,0.0,0.0,0.0,0.0,1.0,0.0,0.0,0.0
732,0,0.03987706711158978,0.03180379846413318,0.3034,0.0,0.0,0.0,0.0,0.0,0.0,1.0,0.0,0.0,0.0
733,0,0.03987706711158978,0.41091115870335804,0.3034,0.0,0.0,0.0,0.0,0.0,0.0,1.0,0.0,0.0,0.0
734,0,0.038849425218203545,0.03180379846413318,0.0946,0.1,0.0,0.0,0.0,0.0,0.0,1.0,0.0,0.0,0.0
735,0,0.038849425218203545,0.41091115870335804,0.0946,0.1,0.0,0.0,0.0,0.0,0.0,1.0,0.0,0.0,0.0
736,1,0.04077513277503279,0.03180379846413318,0.2812,2.5,0.0,0.0,0.0,0.0,0.0,1.0,0.0,0.0,0.0
737,1,0.04077513277503279,0.41091115870335804,0.2812,2.5,0.0,0.0,0.0,0.0,0.0,1.0,0.0,0.0,0.0
738,1,0.04439189839980771,0.03180379846413318,0.1328,-0.5,0.0,0.0,0.0,0.0,0.0,1.0,0.0,0.0,0.0
739,1,0.04439189839980771,0.41091115870335804,0.1328,-0.5,0.0,0.0,0.0,0.0,0.0,1.0,0.0,0.0,0.0
740,1,0.049263399735678615,0.03180379846413318,0.11359999999999999,-0.8,0.0,0.0,0.0,0.0,0.0,1.0,0.0,0.0,0.0
741,1,0.049263399735678615,0.41091115870335804,0.11359999999999999,-0.8,0.0,0.0,0.0,0.0,0.0,1.0,0.0,0.0,0.0
742,1,0.052188644913677515,0.03180379846413318,0.1782,-0.3,0.0,0.0,0.0,0.0,0.0,1.0,0.0,0.0,0.0
743,1,0.052188644913677515,0.41091115870335804,0.1782,-0.3,0.0,0.0,0.0,0.0,0.0,1.0,0.0,0.0,0.0
744,1,0.055607833267945,0.03180379846413318,0.0236,1.6,0.0,0.0,0.0,0.0,0.0,1.0,0.0,0.0,0.0
745,1,0.055607833267945,0.41091115870335804,0.0236,1.6,0.0,0.0,0.0,0.0,0.0,1.0,0.0,0.0,0.0
746,1,0.07246298215421082,0.03180379846413318,0.2186,0.7,0.0,0.0,0.0,0.0,0.0,1.0,0.0,0.0,0.0
747,1,0.07246298215421082,0.41091115870335804,0.2186,0.7,0.0,0.0,0.0,0.0,0.0,1.0,0.0,0.0,0.0
748,0,0.06449662141455158,0.03180379846413318,0.19,-1.7,0.0,0.0,0.0,0.0,0.0,1.0,0.0,0.0,0.0
749,0,0.06449662141455158,0.41091115870335804,0.19,-1.7,0.0,0.0,0.0,0.0,0.0,1.0,0.0,0.0,0.0
750,1,0.06764267578657361,0.03180379846413318,0.3998,0.2,0.0,0.0,0.0,0.0,0.0,1.0,0.0,0.0,0.0
751,1,0.06764267578657361,0.41091115870335804,0.3998,0.2,0.0,0.0,0.0,0.0,0.0,1.0,0.0,0.0,0.0
752,1,0.09123395267240558,0.03180379846413318,0.2332,0.6,0.0,0.0,0.0,0.0,0.0,1.0,0.0,0.0,0.0
753,1,0.09123395267240558,0.41091115870335804,0.2332,0.6,0.0,0.0,0.0,0.0,0.0,1.0,0.0,0.0,0.0
754,0,0.07242753405206832,0.03180379846413318,0.2158,2.3,0.0,0.0,0.0,0.0,0.0,1.0,0.0,0.0,0.0
755,0,0.07242753405206832,0.41091115870335804,0.2158,2.3,0.0,0.0,0.0,0.0,0.0,1.0,0.0,0.0,0.0
756,0,0.06875703136408534,0.03180379846413318,0.0286,0.5,0.0,0.0,0.0,0.0,0.0,1.0,0.0,0.0,0.0
757,0,0.06875703136408534,0.41091115870335804,0.0286,0.5,0.0,0.0,0.0,0.0,0.0,1.0,0.0,0.0,0.0
758,0,0.06259591112497023,0.03180379846413318,0.15380000000000002,0.3,0.0,0.0,0.0,0.0,0.0,1.0,0.0,0.0,0.0
759,0,0.06259591112497023,0.41091115870335804,0.15380000000000002,0.3,0.0,0.0,0.0,0.0,0.0,1.0,0.0,0.0,0.0
760,0,0.05793618042321362,0.03180379846413318,0.12619999999999998,1.3,0.0,0.0,0.0,0.0,0.0,1.0,0.0,0.0,0.0
761,0,0.05793618042321362,0.41091115870335804,0.12619999999999998,1.3,0.0,0.0,0.0,0.0,0.0,1.0,0.0,0.0,0.0
762,1,0.06285802936232678,0.03180379846413318,0.1568,-0.9,0.0,0.0,0.0,0.0,0.0,1.0,0.0,0.0,0.0
763,1,0.06285802936232678,0.41091115870335804,0.1568,-0.9,0.0,0.0,0.0,0.0,0.0,1.0,0.0,0.0,0.0
764,1,0.06987456456031502,0.03180379846413318,0.0676,-0.2,0.0,0.0,0.0,0.0,0.0,1.0,0.0,0.0,0.0
765,1,0.06987456456031502,0.41091115870335804,0.0676,-0.2,0.0,0.0,0.0,0.0,0.0,1.0,0.0,0.0,0.0
766,1,0.07896135365992475,0.03180379846413318,0.4384,2.2,0.0,0.0,0.0,0.0,0.0,1.0,0.0,0.0,0.0
767,1,0.07896135365992475,0.41091115870335804,0.4384,2.2,0.0,0.0,0.0,0.0,0.0,1.0,0.0,0.0,0.0
768,0,0.07583789568767482,0.03180379846413318,0.201,-1.5,0.0,0.0,0.0,0.0,0.0,1.0,0.0,0.0,0.0
769,0,0.07583789568767482,0.41091115870335804,0.201,-1.5,0.0,0.0,0.0,0.0,0.0,1.0,0.0,0.0,0.0
770,0,0.0702882199036433,0.03180379846413318,0.1998,-1.7,0.0,0.0,0.0,0.0,0.0,1.0,0.0,0.0,0.0
771,0,0.0702882199036433,0.41091115870335804,0.1998,-1.7,0.0,0.0,0.0,0.0,0.0,1.0,0.0,0.0,0.0
772,1,0.07413391530360947,0.03180379846413318,0.133,-0.6,0.0,0.0,0.0,0.0,0.0,1.0,0.0,0.0,0.0
773,1,0.07413391530360947,0.41091115870335804,0.133,-0.6,0.0,0.0,0.0,0.0,0.0,1.0,0.0,0.0,0.0
774,0,0.06841829720875148,0.03180379846413318,0.1782,-0.1,0.0,0.0,0.0,0.0,0.0,1.0,0.0,0.0,0.0
775,0,0.06841829720875148,0.41091115870335804,0.1782,-0.1,0.0,0.0,0.0,0.0,0.0,1.0,0.0,0.0,0.0
776,1,0.07348405696891329,0.03180379846413318,0.2336,0.9,0.0,0.0,0.0,0.0,0.0,1.0,0.0,0.0,0.0
777,1,0.07348405696891329,0.41091115870335804,0.2336,0.9,0.0,0.0,0.0,0.0,0.0,1.0,0.0,0.0,0.0
778,1,0.08341990578996025,0.03180379846413318,0.1168,0.3,0.0,0.0,0.0,0.0,0.0,1.0,0.0,0.0,0.0
779,1,0.08341990578996025,0.41091115870335804,0.1168,0.3,0.0,0.0,0.0,0.0,0.0,1.0,0.0,0.0,0.0
780,1,0.08712585658008573,0.03180379846413318,0.0492,0.6,0.0,0.0,0.0,0.0,0.0,1.0,0.0,0.0,0.0
781,1,0.08712585658008573,0.41091115870335804,0.0492,0.6,0.0,0.0,0.0,0.0,0.0,1.0,0.0,0.0,0.0
782,0,0.0673670703231031,0.03180379846413318,0.20559999999999998,-0.9,0.0,0.0,0.0,0.0,0.0,1.0,0.0,0.0,0.0
783,0,0.0673670703231031,0.41091115870335804,0.20559999999999998,-0.9,0.0,0.0,0.0,0.0,0.0,1.0,0.0,0.0,0.0
784,1,0.07589311563961793,0.03180379846413318,0.4142,0.6,0.0,0.0,0.0,0.0,0.0,1.0,0.0,0.0,0.0
785,1,0.07589311563961793,0.41091115870335804,0.4142,0.6,0.0,0.0,0.0,0.0,0.0,1.0,0.0,0.0,0.0
786,0,0.05805283433703717,0.03180379846413318,0.0894,-1.6,0.0,0.0,0.0,0.0,0.0,1.0,0.0,0.0,0.0
787,0,0.05805283433703717,0.41091115870335804,0.0894,-1.6,0.0,0.0,0.0,0.0,0.0,1.0,0.0,0.0,0.0
788,1,0.0636146556859462,0.03180379846413318,0.1226,-0.9,0.0,0.0,0.0,0.0,0.0,1.0,0.0,0.0,0.0
789,1,0.0636146556859462,0.41091115870335804,0.1226,-0.9,0.0,0.0,0.0,0.0,0.0,1.0,0.0,0.0,0.0
790,1,0.06464957079550908,0.03180379846413318,0.16519999999999999,1.5,0.0,0.0,0.0,0.0,0.0,1.0,0.0,0.0,0.0
791,1,0.06464957079550908,0.41091115870335804,0.16519999999999999,1.5,0.0,0.0,0.0,0.0,0.0,1.0,0.0,0.0,0.0
792,1,0.06597802726086159,0.03180379846413318,0.2632,-1.4,0.0,0.0,0.0,0.0,0.0,1.0,0.0,0.0,0.0
793,1,0.06597802726086159,0.41091115870335804,0.2632,-1.4,0.0,0.0,0.0,0.0,0.0,1.0,0.0,0.0,0.0
794,1,0.08063426399430344,0.03180379846413318,0.3148,-0.8,0.0,0.0,0.0,0.0,0.0,1.0,0.0,0.0,0.0
795,1,0.08063426399430344,0.41091115870335804,0.3148,-0.8,0.0,0.0,0.0,0.0,0.0,1.0,0.0,0.0,0.0
796,0,0.07394078669930716,0.03180379846413318,0.3456,-0.6,0.0,0.0,0.0,0.0,0.0,1.0,0.0,0.0,0.0
797,0,0.07394078669930716,0.41091115870335804,0.3456,-0.6,0.0,0.0,0.0,0.0,0.0,1.0,0.0,0.0,0.0
798,1,0.07844488469763333,0.03180379846413318,0.1352,-0.5,0.0,0.0,0.0,0.0,0.0,1.0,0.0,0.0,0.0
799,1,0.07844488469763333,0.41091115870335804,0.1352,-0.5,0.0,0.0,0.0,0.0,0.0,1.0,0.0,0.0,0.0
800,0,0.0760811600539715,0.03180379846413318,0.327,0.5,0.0,0.0,0.0,0.0,0.0,1.0,0.0,0.0,0.0
801,0,0.0760811600539715,0.41091115870335804,0.327,0.5,0.0,0.0,0.0,0.0,0.0,1.0,0.0,0.0,0.0
802,0,0.0657348335083142,0.03180379846413318,0.41659999999999997,2.2,0.0,0.0,0.0,0.0,0.0,1.0,0.0,0.0,0.0
803,0,0.0657348335083142,0.41091115870335804,0.41659999999999997,2.2,0.0,0.0,0.0,0.0,0.0,1.0,0.0,0.0,0.0
804,1,0.07192412863339516,0.03180379846413318,0.4192,-0.7,0.0,0.0,0.0,0.0,0.0,1.0,0.0,0.0,0.0
805,1,0.07192412863339516,0.41091115870335804,0.4192,-0.7,0.0,0.0,0.0,0.0,0.0,1.0,0.0,0.0,0.0
806,0,0.04216516442976432,0.03180379846413318,0.46740000000000004,-1.1,0.0,0.0,0.0,0.0,0.0,1.0,0.0,0.0,0.0
807,0,0.04216516442976432,0.41091115870335804,0.46740000000000004,-1.1,0.0,0.0,0.0,0.0,0.0,1.0,0.0,0.0,0.0
808,1,0.07896735582861422,0.03180379846413318,0.43560000000000004,0.6,0.0,0.0,0.0,0.0,0.0,1.0,0.0,0.0,0.0
809,1,0.07896735582861422,0.41091115870335804,0.43560000000000004,0.6,0.0,0.0,0.0,0.0,0.0,1.0,0.0,0.0,0.0
810,0,0.04959337778610078,0.03180379846413318,0.5197999999999999,0.1,0.0,0.0,0.0,0.0,0.0,1.0,0.0,0.0,0.0
811,0,0.04959337778610078,0.41091115870335804,0.5197999999999999,0.1,0.0,0.0,0.0,0.0,0.0,1.0,0.0,0.0,0.0
812,1,0.06652733161657186,0.03180379846413318,0.2394,-1.2,0.0,0.0,0.0,0.0,0.0,1.0,0.0,0.0,0.0
813,1,0.06652733161657186,0.41091115870335804,0.2394,-1.2,0.0,0.0,0.0,0.0,0.0,1.0,0.0,0.0,0.0
814,1,0.08157250888109124,0.03180379846413318,0.1716,-1.2,0.0,0.0,0.0,0.0,0.0,1.0,0.0,0.0,0.0
815,1,0.08157250888109124,0.41091115870335804,0.1716,-1.2,0.0,0.0,0.0,0.0,0.0,1.0,0.0,0.0,0.0
816,0,0.05721048292178228,0.03180379846413318,0.36060000000000003,-0.8,0.0,0.0,0.0,0.0,0.0,1.0,0.0,0.0,0.0
817,0,0.05721048292178228,0.41091115870335804,0.36060000000000003,-0.8,0.0,0.0,0.0,0.0,0.0,1.0,0.0,0.0,0.0
818,0,0.05239420153785448,0.03180379846413318,0.5506,1.2,0.0,0.0,0.0,0.0,0.0,1.0,0.0,0.0,0.0
819,0,0.05239420153785448,0.41091115870335804,0.5506,1.2,0.0,0.0,0.0,0.0,0.0,1.0,0.0,0.0,0.0
820,1,0.05495147846831434,0.03180379846413318,0.1476,-1.1,0.0,0.0,0.0,0.0,0.0,1.0,0.0,0.0,0.0
821,1,0.05495147846831434,0.41091115870335804,0.1476,-1.1,0.0,0.0,0.0,0.0,0.0,1.0,0.0,0.0,0.0
822,1,0.13620156497015723,5.6575348319585556e-05,0.1162,0.6,0.0,0.0,0.0,1.0,0.0,0.0,0.0,0.0,0.0
823,1,0.16115900606346142,5.6575348319585556e-05,0.11199999999999999,0.0,0.0,0.0,0.0,1.0,0.0,0.0,0.0,0.0,0.0
824,1,0.2095338023781016,5.6575348319585556e-05,0.12300000000000001,0.1,0.0,0.0,0.0,1.0,0.0,0.0,0.0,0.0,0.0
825,0,0.2081708864030966,5.6575348319585556e-05,0.0882,2.5,0.0,0.0,0.0,1.0,0.0,0.0,0.0,0.0,0.0
826,0,0.12074901698599616,5.6575348319585556e-05,0.078,-0.5,0.0,0.0,0.0,1.0,0.0,0.0,0.0,0.0,0.0
827,1,0.15113573742079608,5.6575348319585556e-05,0.2024,-0.8,0.0,0.0,0.0,1.0,0.0,0.0,0.0,0.0,0.0
828,1,0.16319875482539056,5.6575348319585556e-05,0.12480000000000001,-0.3,0.0,0.0,0.0,1.0,0.0,0.0,0.0,0.0,0.0
829,1,0.16697990925850761,5.6575348319585556e-05,0.1366,1.6,0.0,0.0,0.0,1.0,0.0,0.0,0.0,0.0,0.0
830,1,0.1749425980832039,5.6575348319585556e-05,0.25,0.7,0.0,0.0,0.0,1.0,0.0,0.0,0.0,0.0,0.0
831,1,0.17785569769632528,5.6575348319585556e-05,0.2836,-1.7,0.0,0.0,0.0,1.0,0.0,0.0,0.0,0.0,0.0
832,0,0.1682451664182475,5.6575348319585556e-05,0.265,0.2,0.0,0.0,0.0,1.0,0.0,0.0,0.0,0.0,0.0
833,1,0.18517926147621716,5.6575348319585556e-05,0.2122,0.6,0.0,0.0,0.0,1.0,0.0,0.0,0.0,0.0,0.0
834,0,0.17056849999731669,5.6575348319585556e-05,0.09519999999999999,2.3,0.0,0.0,0.0,1.0,0.0,0.0,0.0,0.0,0.0
835,1,0.17934056361635042,5.6575348319585556e-05,0.32299999999999995,0.5,0.0,0.0,0.0,1.0,0.0,0.0,0.0,0.0,0.0
836,1,0.18032604910141178,5.6575348319585556e-05,0.1642,0.3,0.0,0.0,0.0,1.0,0.0,0.0,0.0,0.0,0.0
837,1,0.22843385482999456,5.6575348319585556e-05,0.0922,1.3,0.0,0.0,0.0,1.0,0.0,0.0,0.0,0.0,0.0
838,1,0.257691320186183,5.6575348319585556e-05,0.34119999999999995,-0.9,0.0,0.0,0.0,1.0,0.0,0.0,0.0,0.0,0.0
839,0,0.24150438920942824,5.6575348319585556e-05,0.11720000000000001,-0.2,0.0,0.0,0.0,1.0,0.0,0.0,0.0,0.0,0.0
840,1,0.2415238786042317,5.6575348319585556e-05,0.43439999999999995,2.2,0.0,0.0,0.0,1.0,0.0,0.0,0.0,0.0,0.0
841,1,0.24580942704851194,5.6575348319585556e-05,0.2662,-1.5,0.0,0.0,0.0,1.0,0.0,0.0,0.0,0.0,0.0
842,0,0.24424985178174025,5.6575348319585556e-05,0.1582,-1.7,0.0,0.0,0.0,1.0,0.0,0.0,0.0,0.0,0.0
843,1,0.24944476408934954,5.6575348319585556e-05,0.059000000000000004,-0.6,0.0,0.0,0.0,1.0,0.0,0.0,0.0,0.0,0.0
844,0,0.2353876850186152,5.6575348319585556e-05,0.1402,-0.1,0.0,0.0,0.0,1.0,0.0,0.0,0.0,0.0,0.0
845,0,0.18961338124899904,5.6575348319585556e-05,0.2112,0.9,0.0,0.0,0.0,1.0,0.0,0.0,0.0,0.0,0.0
846,1,0.19626032408321464,5.6575348319585556e-05,0.20440000000000003,0.3,0.0,0.0,0.0,1.0,0.0,0.0,0.0,0.0,0.0
847,1,0.20795579692276578,5.6575348319585556e-05,0.069,0.6,0.0,0.0,0.0,1.0,0.0,0.0,0.0,0.0,0.0
848,0,0.1816236473583255,5.6575348319585556e-05,0.19079999999999997,-0.9,0.0,0.0,0.0,1.0,0.0,0.0,0.0,0.0,0.0
849,0,0.1684411195725213,5.6575348319585556e-05,0.2758,0.6,0.0,0.0,0.0,1.0,0.0,0.0,0.0,0.0,0.0
850,0,0.13803646324540228,5.6575348319585556e-05,0.2932,-1.6,0.0,0.0,0.0,1.0,0.0,0.0,0.0,0.0,0.0
851,1,0.16665614521802277,5.6575348319585556e-05,0.2588,-0.9,0.0,0.0,0.0,1.0,0.0,0.0,0.0,0.0,0.0
852,1,0.17202286077764944,5.6575348319585556e-05,0.1906,1.5,0.0,0.0,0.0,1.0,0.0,0.0,0.0,0.0,0.0
853,0,0.15951787191626227,5.6575348319585556e-05,0.2554,-1.4,0.0,0.0,0.0,1.0,0.0,0.0,0.0,0.0,0.0
854,1,0.1763031838044824,5.6575348319585556e-05,0.48,-0.8,0.0,0.0,0.0,1.0,0.0,0.0,0.0,0.0,0.0
855,0,0.1678671004045603,5.6575348319585556e-05,0.192,-0.6,0.0,0.0,0.0,1.0,0.0,0.0,0.0,0.0,0.0
856,0,0.12831160830722743,5.6575348319585556e-05,0.303,-0.5,0.0,0.0,0.0,1.0,0.0,0.0,0.0,0.0,0.0
857,0,0.1199484689103197,5.6575348319585556e-05,0.29100000000000004,0.5,0.0,0.0,0.0,1.0,0.0,0.0,0.0,0.0,0.0
858,0,0.08981045010051161,5.6575348319585556e-05,0.385,2.2,0.0,0.0,0.0,1.0,0.0,0.0,0.0,0.0,0.0
859,1,0.09873129688929487,5.6575348319585556e-05,0.40700000000000003,-0.7,0.0,0.0,0.0,1.0,0.0,0.0,0.0,0.0,0.0
860,1,0.14237002903919826,5.6575348319585556e-05,0.34740000000000004,-1.1,0.0,0.0,0.0,1.0,0.0,0.0,0.0,0.0,0.0
861,1,0.14513307443508294,5.6575348319585556e-05,0.41600000000000004,0.6,0.0,0.0,0.0,1.0,0.0,0.0,0.0,0.0,0.0
862,0,0.03431976504263517,5.6575348319585556e-05,0.35340000000000005,0.1,0.0,0.0,0.0,1.0,0.0,0.0,0.0,0.0,0.0
863,1,0.0808584626482924,5.6575348319585556e-05,0.33840000000000003,-1.2,0.0,0.0,0.0,1.0,0.0,0.0,0.0,0.0,0.0
864,1,0.11430770138970683,5.6575348319585556e-05,0.061399999999999996,-1.2,0.0,0.0,0.0,1.0,0.0,0.0,0.0,0.0,0.0
865,1,0.1710855338696024,5.6575348319585556e-05,0.38880000000000003,-0.8,0.0,0.0,0.0,1.0,0.0,0.0,0.0,0.0,0.0
866,1,0.18098671133974903,5.6575348319585556e-05,0.4374,1.2,0.0,0.0,0.0,1.0,0.0,0.0,0.0,0.0,0.0
867,0,0.15598774936186355,5.6575348319585556e-05,0.1974,-1.1,0.0,0.0,0.0,1.0,0.0,0.0,0.0,0.0,0.0
868,1,0.10412548119739452,0.2972461671213726,0.09300000000000001,0.6,0.0,1.0,0.0,0.0,0.0,0.0,0.0,0.0,0.0
869,1,0.12615308721899612,0.2972461671213726,0.29960000000000003,0.0,0.0,1.0,0.0,0.0,0.0,0.0,0.0,0.0,0.0
870,0,0.11765055628099413,0.2972461671213726,0.247,0.1,0.0,1.0,0.0,0.0,0.0,0.0,0.0,0.0,0.0
871,1,0.15562189952680314,0.2972461671213726,0.12480000000000001,2.5,0.0,1.0,0.0,0.0,0.0,0.0,0.0,0.0,0.0
872,0,0.13746399757992558,0.2972461671213726,0.14279999999999998,-0.5,0.0,1.0,0.0,0.0,0.0,0.0,0.0,0.0,0.0
873,0,0.1131946168596823,0.2972461671213726,0.17980000000000002,-0.8,0.0,1.0,0.0,0.0,0.0,0.0,0.0,0.0,0.0
874,0,0.11150977280167394,0.2972461671213726,0.1324,-0.3,0.0,1.0,0.0,0.0,0.0,0.0,0.0,0.0,0.0
875,1,0.11727086615107331,0.2972461671213726,0.34979999999999994,1.6,0.0,1.0,0.0,0.0,0.0,0.0,0.0,0.0,0.0
876,1,0.12835694233427022,0.2972461671213726,0.3432,0.7,0.0,1.0,0.0,0.0,0.0,0.0,0.0,0.0,0.0
877,1,0.12862456844407122,0.2972461671213726,0.1446,-1.7,0.0,1.0,0.0,0.0,0.0,0.0,0.0,0.0,0.0
878,1,0.1402909484189158,0.2972461671213726,0.187,0.2,0.0,1.0,0.0,0.0,0.0,0.0,0.0,0.0,0.0
879,1,0.14807463138916735,0.2972461671213726,0.1018,0.6,0.0,1.0,0.0,0.0,0.0,0.0,0.0,0.0,0.0
880,1,0.15533379542970868,0.2972461671213726,0.0674,2.3,0.0,1.0,0.0,0.0,0.0,0.0,0.0,0.0,0.0
881,0,0.15123374930480765,0.2972461671213726,0.36219999999999997,0.5,0.0,1.0,0.0,0.0,0.0,0.0,0.0,0.0,0.0
882,1,0.15203062546552115,0.2972461671213726,0.11699999999999999,0.3,0.0,1.0,0.0,0.0,0.0,0.0,0.0,0.0,0.0
883,0,0.12989526286250627,0.2972461671213726,0.193,1.3,0.0,1.0,0.0,0.0,0.0,0.0,0.0,0.0,0.0
884,0,0.12151249284329652,0.2972461671213726,0.3454,-0.9,0.0,1.0,0.0,0.0,0.0,0.0,0.0,0.0,0.0
885,0,0.12066872915305586,0.2972461671213726,0.11939999999999999,-0.2,0.0,1.0,0.0,0.0,0.0,0.0,0.0,0.0,0.0
886,1,0.12928982057611216,0.2972461671213726,0.3398,2.2,0.0,1.0,0.0,0.0,0.0,0.0,0.0,0.0,0.0
887,0,0.11895620450532668,0.2972461671213726,0.316,-1.5,0.0,1.0,0.0,0.0,0.0,0.0,0.0,0.0,0.0
888,1,0.12206949409767916,0.2972461671213726,0.08439999999999999,-1.7,0.0,1.0,0.0,0.0,0.0,0.0,0.0,0.0,0.0
889,0,0.11867445564566811,0.2972461671213726,0.24420000000000003,-0.6,0.0,1.0,0.0,0.0,0.0,0.0,0.0,0.0,0.0
890,1,0.1345678452666333,0.2972461671213726,0.128,-0.1,0.0,1.0,0.0,0.0,0.0,0.0,0.0,0.0,0.0
891,0,0.11750452704746685,0.2972461671213726,0.1298,0.9,0.0,1.0,0.0,0.0,0.0,0.0,0.0,0.0,0.0
892,1,0.14362363493030564,0.2972461671213726,0.1152,0.3,0.0,1.0,0.0,0.0,0.0,0.0,0.0,0.0,0.0
893,0,0.13593859936780922,0.2972461671213726,0.195,0.6,0.0,1.0,0.0,0.0,0.0,0.0,0.0,0.0,0.0
894,1,0.13871357848732357,0.2972461671213726,0.36939999999999995,-0.9,0.0,1.0,0.0,0.0,0.0,0.0,0.0,0.0,0.0
895,1,0.1471116716901288,0.2972461671213726,0.3518,0.6,0.0,1.0,0.0,0.0,0.0,0.0,0.0,0.0,0.0
896,0,0.12767156528368226,0.2972461671213726,0.109,-1.6,0.0,1.0,0.0,0.0,0.0,0.0,0.0,0.0,0.0
897,1,0.14344109838839653,0.2972461671213726,0.1474,-0.9,0.0,1.0,0.0,0.0,0.0,0.0,0.0,0.0,0.0
898,1,0.15535363789325857,0.2972461671213726,0.2696,1.5,0.0,1.0,0.0,0.0,0.0,0.0,0.0,0.0,0.0
899,0,0.13088710358500355,0.2972461671213726,0.1832,-1.4,0.0,1.0,0.0,0.0,0.0,0.0,0.0,0.0,0.0
900,1,0.15266939744157912,0.2972461671213726,0.49,-0.8,0.0,1.0,0.0,0.0,0.0,0.0,0.0,0.0,0.0
901,1,0.1546705204826478,0.2972461671213726,0.1804,-0.6,0.0,1.0,0.0,0.0,0.0,0.0,0.0,0.0,0.0
902,1,0.16513222989464146,0.2972461671213726,0.12960000000000002,-0.5,0.0,1.0,0.0,0.0,0.0,0.0,0.0,0.0,0.0
903,1,0.1670760851850377,0.2972461671213726,0.41600000000000004,0.5,0.0,1.0,0.0,0.0,0.0,0.0,0.0,0.0,0.0
904,1,0.2080761933653016,0.2972461671213726,0.445,2.2,0.0,1.0,0.0,0.0,0.0,0.0,0.0,0.0,0.0
905,1,0.2334145956360138,0.2972461671213726,0.1528,-0.7,0.0,1.0,0.0,0.0,0.0,0.0,0.0,0.0,0.0
906,0,0.20939158628703586,0.2972461671213726,0.1646,-1.1,0.0,1.0,0.0,0.0,0.0,0.0,0.0,0.0,0.0
907,1,0.21536056651433869,0.2972461671213726,0.4546,0.6,0.0,1.0,0.0,0.0,0.0,0.0,0.0,0.0,0.0
908,0,0.11996315657017156,0.2972461671213726,0.1184,0.1,0.0,1.0,0.0,0.0,0.0,0.0,0.0,0.0,0.0
909,1,0.21760728417543054,0.2972461671213726,0.3624,-1.2,0.0,1.0,0.0,0.0,0.0,0.0,0.0,0.0,0.0
910,0,0.2053771240262717,0.2972461671213726,0.16899999999999998,-1.2,0.0,1.0,0.0,0.0,0.0,0.0,0.0,0.0,0.0
911,1,0.2071536247308557,0.2972461671213726,0.2036,-0.8,0.0,1.0,0.0,0.0,0.0,0.0,0.0,0.0,0.0
912,1,0.2265822210961683,0.2972461671213726,0.4428,1.2,0.0,1.0,0.0,0.0,0.0,0.0,0.0,0.0,0.0
913,0,0.22148404962508336,0.2972461671213726,0.3396,-1.1,0.0,1.0,0.0,0.0,0.0,0.0,0.0,0.0,0.0
914,1,0.16276278553728732,0.3525571709767436,0.12240000000000001,0.6,0.0,0.0,0.0,0.0,0.0,0.0,1.0,0.0,0.0
915,1,0.1745762539518985,0.3525571709767436,0.1376,0.0,0.0,0.0,0.0,0.0,0.0,0.0,1.0,0.0,0.0
916,0,0.1619262950632233,0.3525571709767436,0.15839999999999999,0.1,0.0,0.0,0.0,0.0,0.0,0.0,1.0,0.0,0.0
917,0,0.15874549872655164,0.3525571709767436,0.3452,2.5,0.0,0.0,0.0,0.0,0.0,0.0,1.0,0.0,0.0
918,0,0.15348491563210462,0.3525571709767436,0.2488,-0.5,0.0,0.0,0.0,0.0,0.0,0.0,1.0,0.0,0.0
919,1,0.19147122899276264,0.3525571709767436,0.207,-0.8,0.0,0.0,0.0,0.0,0.0,0.0,1.0,0.0,0.0
920,1,0.21436830210934568,0.3525571709767436,0.2116,-0.3,0.0,0.0,0.0,0.0,0.0,0.0,1.0,0.0,0.0
921,1,0.248068219660732,0.3525571709767436,0.198,1.6,0.0,0.0,0.0,0.0,0.0,0.0,1.0,0.0,0.0
922,1,0.2725610222837221,0.3525571709767436,0.0864,0.7,0.0,0.0,0.0,0.0,0.0,0.0,1.0,0.0,0.0
923,1,0.2800688879492553,0.3525571709767436,0.2018,-1.7,0.0,0.0,0.0,0.0,0.0,0.0,1.0,0.0,0.0
924,0,0.2666858877292228,0.3525571709767436,0.1378,0.2,0.0,0.0,0.0,0.0,0.0,0.0,1.0,0.0,0.0
925,1,0.2744072187588532,0.3525571709767436,0.0834,0.6,0.0,0.0,0.0,0.0,0.0,0.0,1.0,0.0,0.0
926,1,0.29682807275023887,0.3525571709767436,0.2144,2.3,0.0,0.0,0.0,0.0,0.0,0.0,1.0,0.0,0.0
927,1,0.3231004124690323,0.3525571709767436,0.1864,0.5,0.0,0.0,0.0,0.0,0.0,0.0,1.0,0.0,0.0
928,0,0.30818071583699747,0.3525571709767436,0.0834,0.3,0.0,0.0,0.0,0.0,0.0,0.0,1.0,0.0,0.0
929,1,0.32183240137307023,0.3525571709767436,0.107,1.3,0.0,0.0,0.0,0.0,0.0,0.0,1.0,0.0,0.0
930,0,0.3204242219847717,0.3525571709767436,0.1882,-0.9,0.0,0.0,0.0,0.0,0.0,0.0,1.0,0.0,0.0
931,1,0.3383576428226632,0.3525571709767436,0.1804,-0.2,0.0,0.0,0.0,0.0,0.0,0.0,1.0,0.0,0.0
932,0,0.2993798418082543,0.3525571709767436,0.19940000000000002,2.2,0.0,0.0,0.0,0.0,0.0,0.0,1.0,0.0,0.0
933,1,0.32306665909687277,0.3525571709767436,0.1524,-1.5,0.0,0.0,0.0,0.0,0.0,0.0,1.0,0.0,0.0
934,0,0.31495342175869473,0.3525571709767436,0.195,-1.7,0.0,0.0,0.0,0.0,0.0,0.0,1.0,0.0,0.0
935,0,0.2898559536005527,0.3525571709767436,0.1244,-0.6,0.0,0.0,0.0,0.0,0.0,0.0,1.0,0.0,0.0
936,0,0.2825943886925356,0.3525571709767436,0.265,-0.1,0.0,0.0,0.0,0.0,0.0,0.0,1.0,0.0,0.0
937,1,0.2912746544374951,0.3525571709767436,0.491,0.9,0.0,0.0,0.0,0.0,0.0,0.0,1.0,0.0,0.0
938,1,0.3054916030366172,0.3525571709767436,0.057999999999999996,0.3,0.0,0.0,0.0,0.0,0.0,0.0,1.0,0.0,0.0
939,1,0.3108079709930016,0.3525571709767436,0.1444,0.6,0.0,0.0,0.0,0.0,0.0,0.0,1.0,0.0,0.0
940,0,0.30218723263869174,0.3525571709767436,0.0706,-0.9,0.0,0.0,0.0,0.0,0.0,0.0,1.0,0.0,0.0
941,1,0.31166564559185195,0.3525571709767436,0.2086,0.6,0.0,0.0,0.0,0.0,0.0,0.0,1.0,0.0,0.0
942,1,0.3124880133160584,0.3525571709767436,0.099,-1.6,0.0,0.0,0.0,0.0,0.0,0.0,1.0,0.0,0.0
943,0,0.3070333836385683,0.3525571709767436,0.0766,-0.9,0.0,0.0,0.0,0.0,0.0,0.0,1.0,0.0,0.0
944,1,0.3098803887823563,0.3525571709767436,0.0724,1.5,0.0,0.0,0.0,0.0,0.0,0.0,1.0,0.0,0.0
945,0,0.30351046368659695,0.3525571709767436,0.1866,-1.4,0.0,0.0,0.0,0.0,0.0,0.0,1.0,0.0,0.0
946,1,0.3122082416413799,0.3525571709767436,0.5770000000000001,-0.8,0.0,0.0,0.0,0.0,0.0,0.0,1.0,0.0,0.0
947,1,0.3223404672991964,0.3525571709767436,0.1202,-0.6,0.0,0.0,0.0,0.0,0.0,0.0,1.0,0.0,0.0
948,1,0.3358934348137647,0.3525571709767436,0.35200000000000004,-0.5,0.0,0.0,0.0,0.0,0.0,0.0,1.0,0.0,0.0
949,1,0.3898398677884649,0.3525571709767436,0.3858,0.5,0.0,0.0,0.0,0.0,0.0,0.0,1.0,0.0,0.0
950,1,0.4215507372499108,0.3525571709767436,0.3322,2.2,0.0,0.0,0.0,0.0,0.0,0.0,1.0,0.0,0.0
951,1,0.4416351941186091,0.3525571709767436,0.45439999999999997,-0.7,0.0,0.0,0.0,0.0,0.0,0.0,1.0,0.0,0.0
952,1,0.45055067426244644,0.3525571709767436,0.4104,-1.1,0.0,0.0,0.0,0.0,0.0,0.0,1.0,0.0,0.0
953,0,0.421875560496635,0.3525571709767436,0.11,0.6,0.0,0.0,0.0,0.0,0.0,0.0,1.0,0.0,0.0
954,0,0.2045749518343616,0.3525571709767436,0.40659999999999996,0.1,0.0,0.0,0.0,0.0,0.0,0.0,1.0,0.0,0.0
955,1,0.3200693172808509,0.3525571709767436,0.5376,-1.2,0.0,0.0,0.0,0.0,0.0,0.0,1.0,0.0,0.0
956,1,0.33415139361883317,0.3525571709767436,0.132,-1.2,0.0,0.0,0.0,0.0,0.0,0.0,1.0,0.0,0.0
957,1,0.3342646580726909,0.3525571709767436,0.13019999999999998,-0.8,0.0,0.0,0.0,0.0,0.0,0.0,1.0,0.0,0.0
958,1,0.34736054278811895,0.3525571709767436,0.41259999999999997,1.2,0.0,0.0,0.0,0.0,0.0,0.0,1.0,0.0,0.0
959,0,0.31286502012350625,0.3525571709767436,0.5256000000000001,-1.1,0.0,0.0,0.0,0.0,0.0,0.0,1.0,0.0,0.0
960,1,0.18046240425128665,0.09096544967859242,0.09300000000000001,0.6,0.0,1.0,0.0,0.0,0.0,0.0,0.0,0.0,0.0
961,1,0.18046240425128665,0.006976116286736587,0.09300000000000001,0.6,0.0,1.0,0.0,0.0,0.0,0.0,0.0,0.0,0.0
962,1,0.18046240425128665,0.09096544967859242,0.09300000000000001,0.6,0.0,1.0,0.0,0.0,0.0,0.0,0.0,0.0,0.0
963,1,0.18046240425128665,0.006976116286736587,0.09300000000000001,0.6,0.0,1.0,0.0,0.0,0.0,0.0,0.0,0.0,0.0
964,1,0.18667761462235627,0.09096544967859242,0.29960000000000003,0.0,0.0,1.0,0.0,0.0,0.0,0.0,0.0,0.0,0.0
965,1,0.18667761462235627,0.006976116286736587,0.29960000000000003,0.0,0.0,1.0,0.0,0.0,0.0,0.0,0.0,0.0,0.0
966,1,0.18667761462235627,0.09096544967859242,0.29960000000000003,0.0,0.0,1.0,0.0,0.0,0.0,0.0,0.0,0.0,0.0
967,1,0.18667761462235627,0.006976116286736587,0.29960000000000003,0.0,0.0,1.0,0.0,0.0,0.0,0.0,0.0,0.0,0.0
968,0,0.17893728849416746,0.09096544967859242,0.247,0.1,0.0,1.0,0.0,0.0,0.0,0.0,0.0,0.0,0.0
969,0,0.17893728849416746,0.006976116286736587,0.247,0.1,0.0,1.0,0.0,0.0,0.0,0.0,0.0,0.0,0.0
970,0,0.17893728849416746,0.09096544967859242,0.247,0.1,0.0,1.0,0.0,0.0,0.0,0.0,0.0,0.0,0.0
971,0,0.17893728849416746,0.006976116286736587,0.247,0.1,0.0,1.0,0.0,0.0,0.0,0.0,0.0,0.0,0.0
972,0,0.10818273539022712,0.09096544967859242,0.12480000000000001,2.5,0.0,1.0,0.0,0.0,0.0,0.0,0.0,0.0,0.0
973,0,0.10818273539022712,0.006976116286736587,0.12480000000000001,2.5,0.0,1.0,0.0,0.0,0.0,0.0,0.0,0.0,0.0
974,0,0.10818273539022712,0.09096544967859242,0.12480000000000001,2.5,0.0,1.0,0.0,0.0,0.0,0.0,0.0,0.0,0.0
975,0,0.10818273539022712,0.006976116286736587,0.12480000000000001,2.5,0.0,1.0,0.0,0.0,0.0,0.0,0.0,0.0,0.0
976,0,0.09609811017835056,0.09096544967859242,0.14279999999999998,-0.5,0.0,1.0,0.0,0.0,0.0,0.0,0.0,0.0,0.0
977,0,0.09609811017835056,0.006976116286736587,0.14279999999999998,-0.5,0.0,1.0,0.0,0.0,0.0,0.0,0.0,0.0,0.0
978,0,0.09609811017835056,0.09096544967859242,0.14279999999999998,-0.5,0.0,1.0,0.0,0.0,0.0,0.0,0.0,0.0,0.0
979,0,0.09609811017835056,0.006976116286736587,0.14279999999999998,-0.5,0.0,1.0,0.0,0.0,0.0,0.0,0.0,0.0,0.0
980,0,0.09423284799091172,0.09096544967859242,0.17980000000000002,-0.8,0.0,1.0,0.0,0.0,0.0,0.0,0.0,0.0,0.0
981,0,0.09423284799091172,0.006976116286736587,0.17980000000000002,-0.8,0.0,1.0,0.0,0.0,0.0,0.0,0.0,0.0,0.0
982,0,0.09423284799091172,0.09096544967859242,0.17980000000000002,-0.8,0.0,1.0,0.0,0.0,0.0,0.0,0.0,0.0,0.0
983,0,0.09423284799091172,0.006976116286736587,0.17980000000000002,-0.8,0.0,1.0,0.0,0.0,0.0,0.0,0.0,0.0,0.0
984,0,0.09224429419721629,0.09096544967859242,0.1324,-0.3,0.0,1.0,0.0,0.0,0.0,0.0,0.0,0.0,0.0
985,0,0.09224429419721629,0.006976116286736587,0.1324,-0.3,0.0,1.0,0.0,0.0,0.0,0.0,0.0,0.0,0.0
986,0,0.09224429419721629,0.09096544967859242,0.1324,-0.3,0.0,1.0,0.0,0.0,0.0,0.0,0.0,0.0,0.0
987,0,0.09224429419721629,0.006976116286736587,0.1324,-0.3,0.0,1.0,0.0,0.0,0.0,0.0,0.0,0.0,0.0
988,1,0.10244579194308419,0.09096544967859242,0.34979999999999994,1.6,0.0,1.0,0.0,0.0,0.0,0.0,0.0,0.0,0.0
989,1,0.10244579194308419,0.006976116286736587,0.34979999999999994,1.6,0.0,1.0,0.0,0.0,0.0,0.0,0.0,0.0,0.0
990,1,0.10244579194308419,0.09096544967859242,0.34979999999999994,1.6,0.0,1.0,0.0,0.0,0.0,0.0,0.0,0.0,0.0
991,1,0.10244579194308419,0.006976116286736587,0.34979999999999994,1.6,0.0,1.0,0.0,0.0,0.0,0.0,0.0,0.0,0.0
992,0,0.08704493322340184,0.09096544967859242,0.3432,0.7,0.0,1.0,0.0,0.0,0.0,0.0,0.0,0.0,0.0
993,0,0.08704493322340184,0.006976116286736587,0.3432,0.7,0.0,1.0,0.0,0.0,0.0,0.0,0.0,0.0,0.0
994,0,0.08704493322340184,0.09096544967859242,0.3432,0.7,0.0,1.0,0.0,0.0,0.0,0.0,0.0,0.0,0.0
995,0,0.08704493322340184,0.006976116286736587,0.3432,0.7,0.0,1.0,0.0,0.0,0.0,0.0,0.0,0.0,0.0
996,1,0.09403343476292281,0.09096544967859242,0.1446,-1.7,0.0,1.0,0.0,0.0,0.0,0.0,0.0,0.0,0.0
997,1,0.09403343476292281,0.006976116286736587,0.1446,-1.7,0.0,1.0,0.0,0.0,0.0,0.0,0.0,0.0,0.0
998,1,0.09403343476292281,0.09096544967859242,0.1446,-1.7,0.0,1.0,0.0,0.0,0.0,0.0,0.0,0.0,0.0
999,1,0.09403343476292281,0.006976116286736587,0.1446,-1.7,0.0,1.0,0.0,0.0,0.0,0.0,0.0,0.0,0.0
1000,1,0.11215249914769204,0.09096544967859242,0.187,0.2,0.0,1.0,0.0,0.0,0.0,0.0,0.0,0.0,0.0
1001,1,0.11215249914769204,0.006976116286736587,0.187,0.2,0.0,1.0,0.0,0.0,0.0,0.0,0.0,0.0,0.0
1002,1,0.11215249914769204,0.09096544967859242,0.187,0.2,0.0,1.0,0.0,0.0,0.0,0.0,0.0,0.0,0.0
1003,1,0.11215249914769204,0.006976116286736587,0.187,0.2,0.0,1.0,0.0,0.0,0.0,0.0,0.0,0.0,0.0
1004,1,0.11480044413223751,0.09096544967859242,0.1018,0.6,0.0,1.0,0.0,0.0,0.0,0.0,0.0,0.0,0.0
1005,1,0.11480044413223751,0.006976116286736587,0.1018,0.6,0.0,1.0,0.0,0.0,0.0,0.0,0.0,0.0,0.0
1006,1,0.11480044413223751,0.09096544967859242,0.1018,0.6,0.0,1.0,0.0,0.0,0.0,0.0,0.0,0.0,0.0
1007,1,0.11480044413223751,0.006976116286736587,0.1018,0.6,0.0,1.0,0.0,0.0,0.0,0.0,0.0,0.0,0.0
1008,1,0.1231952891025755,0.09096544967859242,0.0674,2.3,0.0,1.0,0.0,0.0,0.0,0.0,0.0,0.0,0.0
1009,1,0.1231952891025755,0.006976116286736587,0.0674,2.3,0.0,1.0,0.0,0.0,0.0,0.0,0.0,0.0,0.0
1010,1,0.1231952891025755,0.09096544967859242,0.0674,2.3,0.0,1.0,0.0,0.0,0.0,0.0,0.0,0.0,0.0
1011,1,0.1231952891025755,0.006976116286736587,0.0674,2.3,0.0,1.0,0.0,0.0,0.0,0.0,0.0,0.0,0.0
1012,1,0.18138476104448467,0.09096544967859242,0.36219999999999997,0.5,0.0,1.0,0.0,0.0,0.0,0.0,0.0,0.0,0.0
1013,1,0.18138476104448467,0.006976116286736587,0.36219999999999997,0.5,0.0,1.0,0.0,0.0,0.0,0.0,0.0,0.0,0.0
1014,1,0.18138476104448467,0.09096544967859242,0.36219999999999997,0.5,0.0,1.0,0.0,0.0,0.0,0.0,0.0,0.0,0.0
1015,1,0.18138476104448467,0.006976116286736587,0.36219999999999997,0.5,0.0,1.0,0.0,0.0,0.0,0.0,0.0,0.0,0.0
1016,0,0.17940828220191748,0.09096544967859242,0.11699999999999999,0.3,0.0,1.0,0.0,0.0,0.0,0.0,0.0,0.0,0.0
1017,0,0.17940828220191748,0.006976116286736587,0.11699999999999999,0.3,0.0,1.0,0.0,0.0,0.0,0.0,0.0,0.0,0.0
1018,0,0.17940828220191748,0.09096544967859242,0.11699999999999999,0.3,0.0,1.0,0.0,0.0,0.0,0.0,0.0,0.0,0.0
1019,0,0.17940828220191748,0.006976116286736587,0.11699999999999999,0.3,0.0,1.0,0.0,0.0,0.0,0.0,0.0,0.0,0.0
1020,1,0.1928472085113859,0.09096544967859242,0.193,1.3,0.0,1.0,0.0,0.0,0.0,0.0,0.0,0.0,0.0
1021,1,0.1928472085113859,0.006976116286736587,0.193,1.3,0.0,1.0,0.0,0.0,0.0,0.0,0.0,0.0,0.0
1022,1,0.1928472085113859,0.09096544967859242,0.193,1.3,0.0,1.0,0.0,0.0,0.0,0.0,0.0,0.0,0.0
1023,1,0.1928472085113859,0.006976116286736587,0.193,1.3,0.0,1.0,0.0,0.0,0.0,0.0,0.0,0.0,0.0
1024,1,0.19301837623965967,0.09096544967859242,0.3454,-0.9,0.0,1.0,0.0,0.0,0.0,0.0,0.0,0.0,0.0
1025,1,0.19301837623965967,0.006976116286736587,0.3454,-0.9,0.0,1.0,0.0,0.0,0.0,0.0,0.0,0.0,0.0
1026,1,0.19301837623965967,0.09096544967859242,0.3454,-0.9,0.0,1.0,0.0,0.0,0.0,0.0,0.0,0.0,0.0
1027,1,0.19301837623965967,0.006976116286736587,0.3454,-0.9,0.0,1.0,0.0,0.0,0.0,0.0,0.0,0.0,0.0
1028,0,0.18774515328409014,0.09096544967859242,0.11939999999999999,-0.2,0.0,1.0,0.0,0.0,0.0,0.0,0.0,0.0,0.0
1029,0,0.18774515328409014,0.006976116286736587,0.11939999999999999,-0.2,0.0,1.0,0.0,0.0,0.0,0.0,0.0,0.0,0.0
1030,0,0.18774515328409014,0.09096544967859242,0.11939999999999999,-0.2,0.0,1.0,0.0,0.0,0.0,0.0,0.0,0.0,0.0
1031,0,0.18774515328409014,0.006976116286736587,0.11939999999999999,-0.2,0.0,1.0,0.0,0.0,0.0,0.0,0.0,0.0,0.0
1032,1,0.19468634361158824,0.09096544967859242,0.3398,2.2,0.0,1.0,0.0,0.0,0.0,0.0,0.0,0.0,0.0
1033,1,0.19468634361158824,0.006976116286736587,0.3398,2.2,0.0,1.0,0.0,0.0,0.0,0.0,0.0,0.0,0.0
1034,1,0.19468634361158824,0.09096544967859242,0.3398,2.2,0.0,1.0,0.0,0.0,0.0,0.0,0.0,0.0,0.0
1035,1,0.19468634361158824,0.006976116286736587,0.3398,2.2,0.0,1.0,0.0,0.0,0.0,0.0,0.0,0.0,0.0
1036,0,0.1892466134351979,0.09096544967859242,0.316,-1.5,0.0,1.0,0.0,0.0,0.0,0.0,0.0,0.0,0.0
1037,0,0.1892466134351979,0.006976116286736587,0.316,-1.5,0.0,1.0,0.0,0.0,0.0,0.0,0.0,0.0,0.0
1038,0,0.1892466134351979,0.09096544967859242,0.316,-1.5,0.0,1.0,0.0,0.0,0.0,0.0,0.0,0.0,0.0
1039,0,0.1892466134351979,0.006976116286736587,0.316,-1.5,0.0,1.0,0.0,0.0,0.0,0.0,0.0,0.0,0.0
1040,0,0.1829336736351139,0.09096544967859242,0.08439999999999999,-1.7,0.0,1.0,0.0,0.0,0.0,0.0,0.0,0.0,0.0
1041,0,0.1829336736351139,0.006976116286736587,0.08439999999999999,-1.7,0.0,1.0,0.0,0.0,0.0,0.0,0.0,0.0,0.0
1042,0,0.1829336736351139,0.09096544967859242,0.08439999999999999,-1.7,0.0,1.0,0.0,0.0,0.0,0.0,0.0,0.0,0.0
1043,0,0.1829336736351139,0.006976116286736587,0.08439999999999999,-1.7,0.0,1.0,0.0,0.0,0.0,0.0,0.0,0.0,0.0
1044,0,0.17901348072964904,0.09096544967859242,0.24420000000000003,-0.6,0.0,1.0,0.0,0.0,0.0,0.0,0.0,0.0,0.0
1045,0,0.17901348072964904,0.006976116286736587,0.24420000000000003,-0.6,0.0,1.0,0.0,0.0,0.0,0.0,0.0,0.0,0.0
1046,0,0.17901348072964904,0.09096544967859242,0.24420000000000003,-0.6,0.0,1.0,0.0,0.0,0.0,0.0,0.0,0.0,0.0
1047,0,0.17901348072964904,0.006976116286736587,0.24420000000000003,-0.6,0.0,1.0,0.0,0.0,0.0,0.0,0.0,0.0,0.0
1048,1,0.18448752918819328,0.09096544967859242,0.128,-0.1,0.0,1.0,0.0,0.0,0.0,0.0,0.0,0.0,0.0
1049,1,0.18448752918819328,0.006976116286736587,0.128,-0.1,0.0,1.0,0.0,0.0,0.0,0.0,0.0,0.0,0.0
1050,1,0.18448752918819328,0.09096544967859242,0.128,-0.1,0.0,1.0,0.0,0.0,0.0,0.0,0.0,0.0,0.0
1051,1,0.18448752918819328,0.006976116286736587,0.128,-0.1,0.0,1.0,0.0,0.0,0.0,0.0,0.0,0.0,0.0
1052,0,0.16634431490116758,0.09096544967859242,0.1298,0.9,0.0,1.0,0.0,0.0,0.0,0.0,0.0,0.0,0.0
1053,0,0.16634431490116758,0.006976116286736587,0.1298,0.9,0.0,1.0,0.0,0.0,0.0,0.0,0.0,0.0,0.0
1054,0,0.16634431490116758,0.09096544967859242,0.1298,0.9,0.0,1.0,0.0,0.0,0.0,0.0,0.0,0.0,0.0
1055,0,0.16634431490116758,0.006976116286736587,0.1298,0.9,0.0,1.0,0.0,0.0,0.0,0.0,0.0,0.0,0.0
1056,1,0.16667478724783477,0.09096544967859242,0.1152,0.3,0.0,1.0,0.0,0.0,0.0,0.0,0.0,0.0,0.0
1057,1,0.16667478724783477,0.006976116286736587,0.1152,0.3,0.0,1.0,0.0,0.0,0.0,0.0,0.0,0.0,0.0
1058,1,0.16667478724783477,0.09096544967859242,0.1152,0.3,0.0,1.0,0.0,0.0,0.0,0.0,0.0,0.0,0.0
1059,1,0.16667478724783477,0.006976116286736587,0.1152,0.3,0.0,1.0,0.0,0.0,0.0,0.0,0.0,0.0,0.0
1060,1,0.17395287577318524,0.09096544967859242,0.195,0.6,0.0,1.0,0.0,0.0,0.0,0.0,0.0,0.0,0.0
1061,1,0.17395287577318524,0.006976116286736587,0.195,0.6,0.0,1.0,0.0,0.0,0.0,0.0,0.0,0.0,0.0
1062,1,0.17395287577318524,0.09096544967859242,0.195,0.6,0.0,1.0,0.0,0.0,0.0,0.0,0.0,0.0,0.0
1063,1,0.17395287577318524,0.006976116286736587,0.195,0.6,0.0,1.0,0.0,0.0,0.0,0.0,0.0,0.0,0.0
1064,0,0.169930292931253,0.09096544967859242,0.36939999999999995,-0.9,0.0,1.0,0.0,0.0,0.0,0.0,0.0,0.0,0.0
1065,0,0.169930292931253,0.006976116286736587,0.36939999999999995,-0.9,0.0,1.0,0.0,0.0,0.0,0.0,0.0,0.0,0.0
1066,0,0.169930292931253,0.09096544967859242,0.36939999999999995,-0.9,0.0,1.0,0.0,0.0,0.0,0.0,0.0,0.0,0.0
1067,0,0.169930292931253,0.006976116286736587,0.36939999999999995,-0.9,0.0,1.0,0.0,0.0,0.0,0.0,0.0,0.0,0.0
1068,1,0.18278891544907377,0.09096544967859242,0.3518,0.6,0.0,1.0,0.0,0.0,0.0,0.0,0.0,0.0,0.0
1069,1,0.18278891544907377,0.006976116286736587,0.3518,0.6,0.0,1.0,0.0,0.0,0.0,0.0,0.0,0.0,0.0
1070,1,0.18278891544907377,0.09096544967859242,0.3518,0.6,0.0,1.0,0.0,0.0,0.0,0.0,0.0,0.0,0.0
1071,1,0.18278891544907377,0.006976116286736587,0.3518,0.6,0.0,1.0,0.0,0.0,0.0,0.0,0.0,0.0,0.0
1072,0,0.17554486275088005,0.09096544967859242,0.109,-1.6,0.0,1.0,0.0,0.0,0.0,0.0,0.0,0.0,0.0
1073,0,0.17554486275088005,0.006976116286736587,0.109,-1.6,0.0,1.0,0.0,0.0,0.0,0.0,0.0,0.0,0.0
1074,0,0.17554486275088005,0.09096544967859242,0.109,-1.6,0.0,1.0,0.0,0.0,0.0,0.0,0.0,0.0,0.0
1075,0,0.17554486275088005,0.006976116286736587,0.109,-1.6,0.0,1.0,0.0,0.0,0.0,0.0,0.0,0.0,0.0
1076,1,0.182189192876372,0.09096544967859242,0.1474,-0.9,0.0,1.0,0.0,0.0,0.0,0.0,0.0,0.0,0.0
1077,1,0.182189192876372,0.006976116286736587,0.1474,-0.9,0.0,1.0,0.0,0.0,0.0,0.0,0.0,0.0,0.0
1078,1,0.182189192876372,0.09096544967859242,0.1474,-0.9,0.0,1.0,0.0,0.0,0.0,0.0,0.0,0.0,0.0
1079,1,0.182189192876372,0.006976116286736587,0.1474,-0.9,0.0,1.0,0.0,0.0,0.0,0.0,0.0,0.0,0.0
1080,1,0.1884945063915329,0.09096544967859242,0.2696,1.5,0.0,1.0,0.0,0.0,0.0,0.0,0.0,0.0,0.0
1081,1,0.1884945063915329,0.006976116286736587,0.2696,1.5,0.0,1.0,0.0,0.0,0.0,0.0,0.0,0.0,0.0
1082,1,0.1884945063915329,0.09096544967859242,0.2696,1.5,0.0,1.0,0.0,0.0,0.0,0.0,0.0,0.0,0.0
1083,1,0.1884945063915329,0.006976116286736587,0.2696,1.5,0.0,1.0,0.0,0.0,0.0,0.0,0.0,0.0,0.0
1084,0,0.1827086276161335,0.09096544967859242,0.1832,-1.4,0.0,1.0,0.0,0.0,0.0,0.0,0.0,0.0,0.0
1085,0,0.1827086276161335,0.006976116286736587,0.1832,-1.4,0.0,1.0,0.0,0.0,0.0,0.0,0.0,0.0,0.0
1086,0,0.1827086276161335,0.09096544967859242,0.1832,-1.4,0.0,1.0,0.0,0.0,0.0,0.0,0.0,0.0,0.0
1087,0,0.1827086276161335,0.006976116286736587,0.1832,-1.4,0.0,1.0,0.0,0.0,0.0,0.0,0.0,0.0,0.0
1088,1,0.1910282689434799,0.09096544967859242,0.49,-0.8,0.0,1.0,0.0,0.0,0.0,0.0,0.0,0.0,0.0
1089,1,0.1910282689434799,0.006976116286736587,0.49,-0.8,0.0,1.0,0.0,0.0,0.0,0.0,0.0,0.0,0.0
1090,1,0.1910282689434799,0.09096544967859242,0.49,-0.8,0.0,1.0,0.0,0.0,0.0,0.0,0.0,0.0,0.0
1091,1,0.1910282689434799,0.006976116286736587,0.49,-0.8,0.0,1.0,0.0,0.0,0.0,0.0,0.0,0.0,0.0
1092,0,0.18986582540270316,0.09096544967859242,0.1804,-0.6,0.0,1.0,0.0,0.0,0.0,0.0,0.0,0.0,0.0
1093,0,0.18986582540270316,0.006976116286736587,0.1804,-0.6,0.0,1.0,0.0,0.0,0.0,0.0,0.0,0.0,0.0
1094,0,0.18986582540270316,0.09096544967859242,0.1804,-0.6,0.0,1.0,0.0,0.0,0.0,0.0,0.0,0.0,0.0
1095,0,0.18986582540270316,0.006976116286736587,0.1804,-0.6,0.0,1.0,0.0,0.0,0.0,0.0,0.0,0.0,0.0
1096,1,0.19711065485213905,0.09096544967859242,0.12960000000000002,-0.5,0.0,1.0,0.0,0.0,0.0,0.0,0.0,0.0,0.0
1097,1,0.19711065485213905,0.006976116286736587,0.12960000000000002,-0.5,0.0,1.0,0.0,0.0,0.0,0.0,0.0,0.0,0.0
1098,1,0.19711065485213905,0.09096544967859242,0.12960000000000002,-0.5,0.0,1.0,0.0,0.0,0.0,0.0,0.0,0.0,0.0
1099,1,0.19711065485213905,0.006976116286736587,0.12960000000000002,-0.5,0.0,1.0,0.0,0.0,0.0,0.0,0.0,0.0,0.0
1100,1,0.22242773177056632,0.09096544967859242,0.41600000000000004,0.5,0.0,1.0,0.0,0.0,0.0,0.0,0.0,0.0,0.0
1101,1,0.22242773177056632,0.006976116286736587,0.41600000000000004,0.5,0.0,1.0,0.0,0.0,0.0,0.0,0.0,0.0,0.0
1102,1,0.22242773177056632,0.09096544967859242,0.41600000000000004,0.5,0.0,1.0,0.0,0.0,0.0,0.0,0.0,0.0,0.0
1103,1,0.22242773177056632,0.006976116286736587,0.41600000000000004,0.5,0.0,1.0,0.0,0.0,0.0,0.0,0.0,0.0,0.0
1104,1,0.23091232681624918,0.09096544967859242,0.445,2.2,0.0,1.0,0.0,0.0,0.0,0.0,0.0,0.0,0.0
1105,1,0.23091232681624918,0.006976116286736587,0.445,2.2,0.0,1.0,0.0,0.0,0.0,0.0,0.0,0.0,0.0
1106,1,0.23091232681624918,0.09096544967859242,0.445,2.2,0.0,1.0,0.0,0.0,0.0,0.0,0.0,0.0,0.0
1107,1,0.23091232681624918,0.006976116286736587,0.445,2.2,0.0,1.0,0.0,0.0,0.0,0.0,0.0,0.0,0.0
1108,1,0.23422580638783275,0.09096544967859242,0.1528,-0.7,0.0,1.0,0.0,0.0,0.0,0.0,0.0,0.0,0.0
1109,1,0.23422580638783275,0.006976116286736587,0.1528,-0.7,0.0,1.0,0.0,0.0,0.0,0.0,0.0,0.0,0.0
1110,1,0.23422580638783275,0.09096544967859242,0.1528,-0.7,0.0,1.0,0.0,0.0,0.0,0.0,0.0,0.0,0.0
1111,1,0.23422580638783275,0.006976116286736587,0.1528,-0.7,0.0,1.0,0.0,0.0,0.0,0.0,0.0,0.0,0.0
1112,1,0.2465232614400629,0.09096544967859242,0.1646,-1.1,0.0,1.0,0.0,0.0,0.0,0.0,0.0,0.0,0.0
1113,1,0.2465232614400629,0.006976116286736587,0.1646,-1.1,0.0,1.0,0.0,0.0,0.0,0.0,0.0,0.0,0.0
1114,1,0.2465232614400629,0.09096544967859242,0.1646,-1.1,0.0,1.0,0.0,0.0,0.0,0.0,0.0,0.0,0.0
1115,1,0.2465232614400629,0.006976116286736587,0.1646,-1.1,0.0,1.0,0.0,0.0,0.0,0.0,0.0,0.0,0.0
1116,0,0.2404831731672272,0.09096544967859242,0.4546,0.6,0.0,1.0,0.0,0.0,0.0,0.0,0.0,0.0,0.0
1117,0,0.2404831731672272,0.006976116286736587,0.4546,0.6,0.0,1.0,0.0,0.0,0.0,0.0,0.0,0.0,0.0
1118,0,0.2404831731672272,0.09096544967859242,0.4546,0.6,0.0,1.0,0.0,0.0,0.0,0.0,0.0,0.0,0.0
1119,0,0.2404831731672272,0.006976116286736587,0.4546,0.6,0.0,1.0,0.0,0.0,0.0,0.0,0.0,0.0,0.0
1120,0,0.23229367297981832,0.09096544967859242,0.1184,0.1,0.0,1.0,0.0,0.0,0.0,0.0,0.0,0.0,0.0
1121,0,0.23229367297981832,0.006976116286736587,0.1184,0.1,0.0,1.0,0.0,0.0,0.0,0.0,0.0,0.0,0.0
1122,0,0.23229367297981832,0.09096544967859242,0.1184,0.1,0.0,1.0,0.0,0.0,0.0,0.0,0.0,0.0,0.0
1123,0,0.23229367297981832,0.006976116286736587,0.1184,0.1,0.0,1.0,0.0,0.0,0.0,0.0,0.0,0.0,0.0
1124,1,0.27435065714567364,0.09096544967859242,0.3624,-1.2,0.0,1.0,0.0,0.0,0.0,0.0,0.0,0.0,0.0
1125,1,0.27435065714567364,0.006976116286736587,0.3624,-1.2,0.0,1.0,0.0,0.0,0.0,0.0,0.0,0.0,0.0
1126,1,0.27435065714567364,0.09096544967859242,0.3624,-1.2,0.0,1.0,0.0,0.0,0.0,0.0,0.0,0.0,0.0
1127,1,0.27435065714567364,0.006976116286736587,0.3624,-1.2,0.0,1.0,0.0,0.0,0.0,0.0,0.0,0.0,0.0
1128,0,0.1981579273678273,0.09096544967859242,0.16899999999999998,-1.2,0.0,1.0,0.0,0.0,0.0,0.0,0.0,0.0,0.0
1129,0,0.1981579273678273,0.006976116286736587,0.16899999999999998,-1.2,0.0,1.0,0.0,0.0,0.0,0.0,0.0,0.0,0.0
1130,0,0.1981579273678273,0.09096544967859242,0.16899999999999998,-1.2,0.0,1.0,0.0,0.0,0.0,0.0,0.0,0.0,0.0
1131,0,0.1981579273678273,0.006976116286736587,0.16899999999999998,-1.2,0.0,1.0,0.0,0.0,0.0,0.0,0.0,0.0,0.0
1132,1,0.2412946663740433,0.09096544967859242,0.2036,-0.8,0.0,1.0,0.0,0.0,0.0,0.0,0.0,0.0,0.0
1133,1,0.2412946663740433,0.006976116286736587,0.2036,-0.8,0.0,1.0,0.0,0.0,0.0,0.0,0.0,0.0,0.0
1134,1,0.2412946663740433,0.09096544967859242,0.2036,-0.8,0.0,1.0,0.0,0.0,0.0,0.0,0.0,0.0,0.0
1135,1,0.2412946663740433,0.006976116286736587,0.2036,-0.8,0.0,1.0,0.0,0.0,0.0,0.0,0.0,0.0,0.0
1136,1,0.2562023586686992,0.09096544967859242,0.4428,1.2,0.0,1.0,0.0,0.0,0.0,0.0,0.0,0.0,0.0
1137,1,0.2562023586686992,0.006976116286736587,0.4428,1.2,0.0,1.0,0.0,0.0,0.0,0.0,0.0,0.0,0.0
1138,1,0.2562023586686992,0.09096544967859242,0.4428,1.2,0.0,1.0,0.0,0.0,0.0,0.0,0.0,0.0,0.0
1139,1,0.2562023586686992,0.006976116286736587,0.4428,1.2,0.0,1.0,0.0,0.0,0.0,0.0,0.0,0.0,0.0
1140,1,0.2683780050034078,0.09096544967859242,0.3396,-1.1,0.0,1.0,0.0,0.0,0.0,0.0,0.0,0.0,0.0
1141,1,0.2683780050034078,0.006976116286736587,0.3396,-1.1,0.0,1.0,0.0,0.0,0.0,0.0,0.0,0.0,0.0
1142,1,0.2683780050034078,0.09096544967859242,0.3396,-1.1,0.0,1.0,0.0,0.0,0.0,0.0,0.0,0.0,0.0
1143,1,0.2683780050034078,0.006976116286736587,0.3396,-1.1,0.0,1.0,0.0,0.0,0.0,0.0,0.0,0.0,0.0
1144,1,0.002357298792476642,0.02264422228546187,0.1016,0.6,0.0,0.0,0.0,0.0,0.0,0.0,0.0,0.0,1.0
1145,0,0.002356168972488036,0.02264422228546187,0.1656,0.0,0.0,0.0,0.0,0.0,0.0,0.0,0.0,0.0,1.0
1146,0,0.002278282007023526,0.02264422228546187,0.4886,0.1,0.0,0.0,0.0,0.0,0.0,0.0,0.0,0.0,1.0
1147,0,0.0021420680846472432,0.02264422228546187,0.5682,2.5,0.0,0.0,0.0,0.0,0.0,0.0,0.0,0.0,1.0
1148,1,0.002660443618169426,0.02264422228546187,0.1202,-0.5,0.0,0.0,0.0,0.0,0.0,0.0,0.0,0.0,1.0
1149,0,0.0025663154903687083,0.02264422228546187,0.044199999999999996,-0.8,0.0,0.0,0.0,0.0,0.0,0.0,0.0,0.0,1.0
1150,1,0.0028499003075087553,0.02264422228546187,0.139,-0.3,0.0,0.0,0.0,0.0,0.0,0.0,0.0,0.0,1.0
1151,1,0.004486232719756343,0.02264422228546187,0.027999999999999997,1.6,0.0,0.0,0.0,0.0,0.0,0.0,0.0,0.0,1.0
1152,1,0.005194276783865718,0.02264422228546187,0.008199999999999999,0.7,0.0,0.0,0.0,0.0,0.0,0.0,0.0,0.0,1.0
1153,0,0.004961251411215779,0.02264422228546187,0.0154,-1.7,0.0,0.0,0.0,0.0,0.0,0.0,0.0,0.0,1.0
1154,0,0.0045917296611924065,0.02264422228546187,0.1656,0.2,0.0,0.0,0.0,0.0,0.0,0.0,0.0,0.0,1.0
1155,0,0.004509676484519913,0.02264422228546187,0.0,0.6,0.0,0.0,0.0,0.0,0.0,0.0,0.0,0.0,1.0
1156,1,0.004882517080759815,0.02264422228546187,0.1998,2.3,0.0,0.0,0.0,0.0,0.0,0.0,0.0,0.0,1.0
1157,1,0.006490462765793683,0.02264422228546187,0.0814,0.5,0.0,0.0,0.0,0.0,0.0,0.0,0.0,0.0,1.0
1158,0,0.006215704667314618,0.02264422228546187,0.001,0.3,0.0,0.0,0.0,0.0,0.0,0.0,0.0,0.0,1.0
1159,0,0.006201934986203485,0.02264422228546187,0.3274,1.3,0.0,0.0,0.0,0.0,0.0,0.0,0.0,0.0,1.0
1160,0,0.00611762216955378,0.02264422228546187,0.6344,-0.9,0.0,0.0,0.0,0.0,0.0,0.0,0.0,0.0,1.0
1161,1,0.0064089038853662045,0.02264422228546187,0.295,-0.2,0.0,0.0,0.0,0.0,0.0,0.0,0.0,0.0,1.0
1162,0,0.00567473273402032,0.02264422228546187,0.4722,2.2,0.0,0.0,0.0,0.0,0.0,0.0,0.0,0.0,1.0
1163,1,0.006363640472072686,0.02264422228546187,0.0006,-1.5,0.0,0.0,0.0,0.0,0.0,0.0,0.0,0.0,1.0
1164,0,0.0057228913110346415,0.02264422228546187,0.045599999999999995,-1.7,0.0,0.0,0.0,0.0,0.0,0.0,0.0,0.0,1.0
1165,1,0.005769990681809644,0.02264422228546187,0.0748,-0.6,0.0,0.0,0.0,0.0,0.0,0.0,0.0,0.0,1.0
1166,1,0.006057035572664796,0.02264422228546187,0.16879999999999998,-0.1,0.0,0.0,0.0,0.0,0.0,0.0,0.0,0.0,1.0
1167,1,0.006144808463029607,0.02264422228546187,0.2738,0.9,0.0,0.0,0.0,0.0,0.0,0.0,0.0,0.0,1.0
1168,0,0.005640555679364996,0.02264422228546187,0.1116,0.3,0.0,0.0,0.0,0.0,0.0,0.0,0.0,0.0,1.0
1169,0,0.005489583483387551,0.02264422228546187,0.3014,0.6,0.0,0.0,0.0,0.0,0.0,0.0,0.0,0.0,1.0
1170,1,0.005544874049079945,0.02264422228546187,0.1636,-0.9,0.0,0.0,0.0,0.0,0.0,0.0,0.0,0.0,1.0
1171,1,0.005745417097057469,0.02264422228546187,0.2982,0.6,0.0,0.0,0.0,0.0,0.0,0.0,0.0,0.0,1.0
1172,0,0.00488894293194501,0.02264422228546187,0.16760000000000003,-1.6,0.0,0.0,0.0,0.0,0.0,0.0,0.0,0.0,1.0
1173,1,0.006000332731986645,0.02264422228546187,0.005600000000000001,-0.9,0.0,0.0,0.0,0.0,0.0,0.0,0.0,0.0,1.0
1174,1,0.006275443899212149,0.02264422228546187,0.17579999999999998,1.5,0.0,0.0,0.0,0.0,0.0,0.0,0.0,0.0,1.0
1175,1,0.006457697986124116,0.02264422228546187,0.0572,-1.4,0.0,0.0,0.0,0.0,0.0,0.0,0.0,0.0,1.0
1176,1,0.006697714119953553,0.02264422228546187,0.37799999999999995,-0.8,0.0,0.0,0.0,0.0,0.0,0.0,0.0,0.0,1.0
1177,0,0.00655952301259721,0.02264422228546187,0.3486,-0.6,0.0,0.0,0.0,0.0,0.0,0.0,0.0,0.0,1.0
1178,1,0.007592814005926471,0.02264422228546187,0.6265999999999999,-0.5,0.0,0.0,0.0,0.0,0.0,0.0,0.0,0.0,1.0
1179,1,0.008199880408554206,0.02264422228546187,0.6437999999999999,0.5,0.0,0.0,0.0,0.0,0.0,0.0,0.0,0.0,1.0
1180,1,0.010228119129349419,0.02264422228546187,0.33020000000000005,2.2,0.0,0.0,0.0,0.0,0.0,0.0,0.0,0.0,1.0
1181,1,0.011865087065340597,0.02264422228546187,0.5094,-0.7,0.0,0.0,0.0,0.0,0.0,0.0,0.0,0.0,1.0
1182,0,0.010810541333475691,0.02264422228546187,0.252,-1.1,0.0,0.0,0.0,0.0,0.0,0.0,0.0,0.0,1.0
1183,0,0.009307033383638568,0.02264422228546187,0.15539999999999998,0.6,0.0,0.0,0.0,0.0,0.0,0.0,0.0,0.0,1.0
1184,0,0.00849116212436663,0.02264422228546187,0.42200000000000004,0.1,0.0,0.0,0.0,0.0,0.0,0.0,0.0,0.0,1.0
1185,1,0.010230166928078767,0.02264422228546187,0.7173999999999999,-1.2,0.0,0.0,0.0,0.0,0.0,0.0,0.0,0.0,1.0
1186,0,0.010035272980044273,0.02264422228546187,0.4266,-1.2,0.0,0.0,0.0,0.0,0.0,0.0,0.0,0.0,1.0
1187,1,0.010116478791725312,0.02264422228546187,0.1744,-0.8,0.0,0.0,0.0,0.0,0.0,0.0,0.0,0.0,1.0
1188,1,0.010738091626706346,0.02264422228546187,0.332,1.2,0.0,0.0,0.0,0.0,0.0,0.0,0.0,0.0,1.0
1189,1,0.011383642522695966,0.02264422228546187,0.501,-1.1,0.0,0.0,0.0,0.0,0.0,0.0,0.0,0.0,1.0
1190,0,0.010057304469822084,0.01223046190971448,0.12240000000000001,0.6,0.0,0.0,0.0,0.0,0.0,0.0,1.0,0.0,0.0
1191,0,0.010057304469822084,0.031492119140237196,0.12240000000000001,0.6,0.0,0.0,0.0,0.0,0.0,0.0,1.0,0.0,0.0
1192,1,0.012181224820902347,0.01223046190971448,0.1376,0.0,0.0,0.0,0.0,0.0,0.0,0.0,1.0,0.0,0.0
1193,1,0.012181224820902347,0.031492119140237196,0.1376,0.0,0.0,0.0,0.0,0.0,0.0,0.0,1.0,0.0,0.0
1194,1,0.012376683678931145,0.01223046190971448,0.15839999999999999,0.1,0.0,0.0,0.0,0.0,0.0,0.0,1.0,0.0,0.0
1195,1,0.012376683678931145,0.031492119140237196,0.15839999999999999,0.1,0.0,0.0,0.0,0.0,0.0,0.0,1.0,0.0,0.0
1196,0,0.010604561026803003,0.01223046190971448,0.3452,2.5,0.0,0.0,0.0,0.0,0.0,0.0,1.0,0.0,0.0
1197,0,0.010604561026803003,0.031492119140237196,0.3452,2.5,0.0,0.0,0.0,0.0,0.0,0.0,1.0,0.0,0.0
1198,0,0.010015359902745095,0.01223046190971448,0.2488,-0.5,0.0,0.0,0.0,0.0,0.0,0.0,1.0,0.0,0.0
1199,0,0.010015359902745095,0.031492119140237196,0.2488,-0.5,0.0,0.0,0.0,0.0,0.0,0.0,1.0,0.0,0.0
1200,1,0.012902049973632826,0.01223046190971448,0.207,-0.8,0.0,0.0,0.0,0.0,0.0,0.0,1.0,0.0,0.0
1201,1,0.012902049973632826,0.031492119140237196,0.207,-0.8,0.0,0.0,0.0,0.0,0.0,0.0,1.0,0.0,0.0
1202,1,0.015637344166047385,0.01223046190971448,0.2116,-0.3,0.0,0.0,0.0,0.0,0.0,0.0,1.0,0.0,0.0
1203,1,0.015637344166047385,0.031492119140237196,0.2116,-0.3,0.0,0.0,0.0,0.0,0.0,0.0,1.0,0.0,0.0
1204,1,0.0159542586728513,0.01223046190971448,0.198,1.6,0.0,0.0,0.0,0.0,0.0,0.0,1.0,0.0,0.0
1205,1,0.0159542586728513,0.031492119140237196,0.198,1.6,0.0,0.0,0.0,0.0,0.0,0.0,1.0,0.0,0.0
1206,1,0.019368362837170063,0.01223046190971448,0.0864,0.7,0.0,0.0,0.0,0.0,0.0,0.0,1.0,0.0,0.0
1207,1,0.019368362837170063,0.031492119140237196,0.0864,0.7,0.0,0.0,0.0,0.0,0.0,0.0,1.0,0.0,0.0
1208,0,0.018805924324092255,0.01223046190971448,0.2018,-1.7,0.0,0.0,0.0,0.0,0.0,0.0,1.0,0.0,0.0
1209,0,0.018805924324092255,0.031492119140237196,0.2018,-1.7,0.0,0.0,0.0,0.0,0.0,0.0,1.0,0.0,0.0
1210,1,0.019216543276201162,0.01223046190971448,0.1378,0.2,0.0,0.0,0.0,0.0,0.0,0.0,1.0,0.0,0.0
1211,1,0.019216543276201162,0.031492119140237196,0.1378,0.2,0.0,0.0,0.0,0.0,0.0,0.0,1.0,0.0,0.0
1212,1,0.02083599900236895,0.01223046190971448,0.0834,0.6,0.0,0.0,0.0,0.0,0.0,0.0,1.0,0.0,0.0
1213,1,0.02083599900236895,0.031492119140237196,0.0834,0.6,0.0,0.0,0.0,0.0,0.0,0.0,1.0,0.0,0.0
1214,0,0.02052416868551376,0.01223046190971448,0.2144,2.3,0.0,0.0,0.0,0.0,0.0,0.0,1.0,0.0,0.0
1215,0,0.02052416868551376,0.031492119140237196,0.2144,2.3,0.0,0.0,0.0,0.0,0.0,0.0,1.0,0.0,0.0
1216,1,0.020780355367930117,0.01223046190971448,0.1864,0.5,0.0,0.0,0.0,0.0,0.0,0.0,1.0,0.0,0.0
1217,1,0.020780355367930117,0.031492119140237196,0.1864,0.5,0.0,0.0,0.0,0.0,0.0,0.0,1.0,0.0,0.0
1218,1,0.022047377871402193,0.01223046190971448,0.0834,0.3,0.0,0.0,0.0,0.0,0.0,0.0,1.0,0.0,0.0
1219,1,0.022047377871402193,0.031492119140237196,0.0834,0.3,0.0,0.0,0.0,0.0,0.0,0.0,1.0,0.0,0.0
1220,1,0.02285505793575674,0.01223046190971448,0.107,1.3,0.0,0.0,0.0,0.0,0.0,0.0,1.0,0.0,0.0
1221,1,0.02285505793575674,0.031492119140237196,0.107,1.3,0.0,0.0,0.0,0.0,0.0,0.0,1.0,0.0,0.0
1222,0,0.02183963222099731,0.01223046190971448,0.1882,-0.9,0.0,0.0,0.0,0.0,0.0,0.0,1.0,0.0,0.0
1223,0,0.02183963222099731,0.031492119140237196,0.1882,-0.9,0.0,0.0,0.0,0.0,0.0,0.0,1.0,0.0,0.0
1224,1,0.021880023285589967,0.01223046190971448,0.1804,-0.2,0.0,0.0,0.0,0.0,0.0,0.0,1.0,0.0,0.0
1225,1,0.021880023285589967,0.031492119140237196,0.1804,-0.2,0.0,0.0,0.0,0.0,0.0,0.0,1.0,0.0,0.0
1226,0,0.01975546741076611,0.01223046190971448,0.19940000000000002,2.2,0.0,0.0,0.0,0.0,0.0,0.0,1.0,0.0,0.0
1227,0,0.01975546741076611,0.031492119140237196,0.19940000000000002,2.2,0.0,0.0,0.0,0.0,0.0,0.0,1.0,0.0,0.0
1228,1,0.020248139539547513,0.01223046190971448,0.1524,-1.5,0.0,0.0,0.0,0.0,0.0,0.0,1.0,0.0,0.0
1229,1,0.020248139539547513,0.031492119140237196,0.1524,-1.5,0.0,0.0,0.0,0.0,0.0,0.0,1.0,0.0,0.0
1230,0,0.01841528906303181,0.01223046190971448,0.195,-1.7,0.0,0.0,0.0,0.0,0.0,0.0,1.0,0.0,0.0
1231,0,0.01841528906303181,0.031492119140237196,0.195,-1.7,0.0,0.0,0.0,0.0,0.0,0.0,1.0,0.0,0.0
1232,1,0.019596939543614866,0.01223046190971448,0.1244,-0.6,0.0,0.0,0.0,0.0,0.0,0.0,1.0,0.0,0.0
1233,1,0.019596939543614866,0.031492119140237196,0.1244,-0.6,0.0,0.0,0.0,0.0,0.0,0.0,1.0,0.0,0.0
1234,0,0.016578413602806697,0.01223046190971448,0.265,-0.1,0.0,0.0,0.0,0.0,0.0,0.0,1.0,0.0,0.0
1235,0,0.016578413602806697,0.031492119140237196,0.265,-0.1,0.0,0.0,0.0,0.0,0.0,0.0,1.0,0.0,0.0
1236,1,0.017750531227235893,0.01223046190971448,0.491,0.9,0.0,0.0,0.0,0.0,0.0,0.0,1.0,0.0,0.0
1237,1,0.017750531227235893,0.031492119140237196,0.491,0.9,0.0,0.0,0.0,0.0,0.0,0.0,1.0,0.0,0.0
1238,1,0.018868276264713435,0.01223046190971448,0.057999999999999996,0.3,0.0,0.0,0.0,0.0,0.0,0.0,1.0,0.0,0.0
1239,1,0.018868276264713435,0.031492119140237196,0.057999999999999996,0.3,0.0,0.0,0.0,0.0,0.0,0.0,1.0,0.0,0.0
1240,1,0.019742827549643585,0.01223046190971448,0.1444,0.6,0.0,0.0,0.0,0.0,0.0,0.0,1.0,0.0,0.0
1241,1,0.019742827549643585,0.031492119140237196,0.1444,0.6,0.0,0.0,0.0,0.0,0.0,0.0,1.0,0.0,0.0
1242,0,0.018264952390797954,0.01223046190971448,0.0706,-0.9,0.0,0.0,0.0,0.0,0.0,0.0,1.0,0.0,0.0
1243,0,0.018264952390797954,0.031492119140237196,0.0706,-0.9,0.0,0.0,0.0,0.0,0.0,0.0,1.0,0.0,0.0
1244,1,0.020133462810704026,0.01223046190971448,0.2086,0.6,0.0,0.0,0.0,0.0,0.0,0.0,1.0,0.0,0.0
1245,1,0.020133462810704026,0.031492119140237196,0.2086,0.6,0.0,0.0,0.0,0.0,0.0,0.0,1.0,0.0,0.0
1246,0,0.01934131777119281,0.01223046190971448,0.099,-1.6,0.0,0.0,0.0,0.0,0.0,0.0,1.0,0.0,0.0
1247,0,0.01934131777119281,0.031492119140237196,0.099,-1.6,0.0,0.0,0.0,0.0,0.0,0.0,1.0,0.0,0.0
1248,1,0.020474809674761545,0.01223046190971448,0.0766,-0.9,0.0,0.0,0.0,0.0,0.0,0.0,1.0,0.0,0.0
1249,1,0.020474809674761545,0.031492119140237196,0.0766,-0.9,0.0,0.0,0.0,0.0,0.0,0.0,1.0,0.0,0.0
1250,0,0.02000374535326223,0.01223046190971448,0.0724,1.5,0.0,0.0,0.0,0.0,0.0,0.0,1.0,0.0,0.0
1251,0,0.02000374535326223,0.031492119140237196,0.0724,1.5,0.0,0.0,0.0,0.0,0.0,0.0,1.0,0.0,0.0
1252,0,0.019775945398059592,0.01223046190971448,0.1866,-1.4,0.0,0.0,0.0,0.0,0.0,0.0,1.0,0.0,0.0
1253,0,0.019775945398059592,0.031492119140237196,0.1866,-1.4,0.0,0.0,0.0,0.0,0.0,0.0,1.0,0.0,0.0
1254,0,0.017983485986136544,0.01223046190971448,0.5770000000000001,-0.8,0.0,0.0,0.0,0.0,0.0,0.0,1.0,0.0,0.0
1255,0,0.017983485986136544,0.031492119140237196,0.5770000000000001,-0.8,0.0,0.0,0.0,0.0,0.0,0.0,1.0,0.0,0.0
1256,0,0.017147913490813294,0.01223046190971448,0.1202,-0.6,0.0,0.0,0.0,0.0,0.0,0.0,1.0,0.0,0.0
1257,0,0.017147913490813294,0.031492119140237196,0.1202,-0.6,0.0,0.0,0.0,0.0,0.0,0.0,1.0,0.0,0.0
1258,1,0.019190981098958955,0.01223046190971448,0.35200000000000004,-0.5,0.0,0.0,0.0,0.0,0.0,0.0,1.0,0.0,0.0
1259,1,0.019190981098958955,0.031492119140237196,0.35200000000000004,-0.5,0.0,0.0,0.0,0.0,0.0,0.0,1.0,0.0,0.0
1260,1,0.021149735890454914,0.01223046190971448,0.3858,0.5,0.0,0.0,0.0,0.0,0.0,0.0,1.0,0.0,0.0
1261,1,0.021149735890454914,0.031492119140237196,0.3858,0.5,0.0,0.0,0.0,0.0,0.0,0.0,1.0,0.0,0.0
1262,1,0.027419883758470473,0.01223046190971448,0.3322,2.2,0.0,0.0,0.0,0.0,0.0,0.0,1.0,0.0,0.0
1263,1,0.027419883758470473,0.031492119140237196,0.3322,2.2,0.0,0.0,0.0,0.0,0.0,0.0,1.0,0.0,0.0
1264,1,0.03438430600948427,0.01223046190971448,0.45439999999999997,-0.7,0.0,0.0,0.0,0.0,0.0,0.0,1.0,0.0,0.0
1265,1,0.03438430600948427,0.031492119140237196,0.45439999999999997,-0.7,0.0,0.0,0.0,0.0,0.0,0.0,1.0,0.0,0.0
1266,0,0.03127518262833978,0.01223046190971448,0.4104,-1.1,0.0,0.0,0.0,0.0,0.0,0.0,1.0,0.0,0.0
1267,0,0.03127518262833978,0.031492119140237196,0.4104,-1.1,0.0,0.0,0.0,0.0,0.0,0.0,1.0,0.0,0.0
1268,1,0.03725200098181357,0.01223046190971448,0.11,0.6,0.0,0.0,0.0,0.0,0.0,0.0,1.0,0.0,0.0
1269,1,0.03725200098181357,0.031492119140237196,0.11,0.6,0.0,0.0,0.0,0.0,0.0,0.0,1.0,0.0,0.0
1270,0,0.03259050493632476,0.01223046190971448,0.40659999999999996,0.1,0.0,0.0,0.0,0.0,0.0,0.0,1.0,0.0,0.0
1271,0,0.03259050493632476,0.031492119140237196,0.40659999999999996,0.1,0.0,0.0,0.0,0.0,0.0,0.0,1.0,0.0,0.0
1272,1,0.04255276329960538,0.01223046190971448,0.5376,-1.2,0.0,0.0,0.0,0.0,0.0,0.0,1.0,0.0,0.0
1273,1,0.04255276329960538,0.031492119140237196,0.5376,-1.2,0.0,0.0,0.0,0.0,0.0,0.0,1.0,0.0,0.0
1274,0,0.034842801083610354,0.01223046190971448,0.132,-1.2,0.0,0.0,0.0,0.0,0.0,0.0,1.0,0.0,0.0
1275,0,0.034842801083610354,0.031492119140237196,0.132,-1.2,0.0,0.0,0.0,0.0,0.0,0.0,1.0,0.0,0.0
1276,1,0.03616970404647853,0.01223046190971448,0.13019999999999998,-0.8,0.0,0.0,0.0,0.0,0.0,0.0,1.0,0.0,0.0
1277,1,0.03616970404647853,0.031492119140237196,0.13019999999999998,-0.8,0.0,0.0,0.0,0.0,0.0,0.0,1.0,0.0,0.0
1278,0,0.030904884127074244,0.01223046190971448,0.41259999999999997,1.2,0.0,0.0,0.0,0.0,0.0,0.0,1.0,0.0,0.0
1279,0,0.030904884127074244,0.031492119140237196,0.41259999999999997,1.2,0.0,0.0,0.0,0.0,0.0,0.0,1.0,0.0,0.0
1280,0,0.03054030533950102,0.01223046190971448,0.5256000000000001,-1.1,0.0,0.0,0.0,0.0,0.0,0.0,1.0,0.0,0.0
1281,0,0.03054030533950102,0.031492119140237196,0.5256000000000001,-1.1,0.0,0.0,0.0,0.0,0.0,0.0,1.0,0.0,0.0
1282,1,0.5960473388926126,0.1532774086372158,0.0336,0.6,0.0,0.0,0.0,0.0,0.0,1.0,0.0,0.0,0.0
1283,0,0.5870039066350656,0.1532774086372158,0.3034,0.0,0.0,0.0,0.0,0.0,0.0,1.0,0.0,0.0,0.0
1284,0,0.5774699912749651,0.1532774086372158,0.0946,0.1,0.0,0.0,0.0,0.0,0.0,1.0,0.0,0.0,0.0
1285,1,0.5956605167740137,0.1532774086372158,0.2812,2.5,0.0,0.0,0.0,0.0,0.0,1.0,0.0,0.0,0.0
1286,1,0.6008093183033381,0.1532774086372158,0.1328,-0.5,0.0,0.0,0.0,0.0,0.0,1.0,0.0,0.0,0.0
1287,1,0.658070007600864,0.1532774086372158,0.11359999999999999,-0.8,0.0,0.0,0.0,0.0,0.0,1.0,0.0,0.0,0.0
1288,1,0.6945784458026764,0.1532774086372158,0.1782,-0.3,0.0,0.0,0.0,0.0,0.0,1.0,0.0,0.0,0.0
1289,1,0.7209551526429173,0.1532774086372158,0.0236,1.6,0.0,0.0,0.0,0.0,0.0,1.0,0.0,0.0,0.0
1290,0,0.619337730592729,0.1532774086372158,0.2186,0.7,0.0,0.0,0.0,0.0,0.0,1.0,0.0,0.0,0.0
1291,0,0.5884634222190964,0.1532774086372158,0.19,-1.7,0.0,0.0,0.0,0.0,0.0,1.0,0.0,0.0,0.0
1292,0,0.575626972418552,0.1532774086372158,0.3998,0.2,0.0,0.0,0.0,0.0,0.0,1.0,0.0,0.0,0.0
1293,1,0.6111237980480665,0.1532774086372158,0.2332,0.6,0.0,0.0,0.0,0.0,0.0,1.0,0.0,0.0,0.0
1294,1,0.6307001183768893,0.1532774086372158,0.2158,2.3,0.0,0.0,0.0,0.0,0.0,1.0,0.0,0.0,0.0
1295,1,0.6555673150986037,0.1532774086372158,0.0286,0.5,0.0,0.0,0.0,0.0,0.0,1.0,0.0,0.0,0.0
1296,0,0.6092677156480351,0.1532774086372158,0.15380000000000002,0.3,0.0,0.0,0.0,0.0,0.0,1.0,0.0,0.0,0.0
1297,1,0.6412025013084728,0.1532774086372158,0.12619999999999998,1.3,0.0,0.0,0.0,0.0,0.0,1.0,0.0,0.0,0.0
1298,1,0.654283486522801,0.1532774086372158,0.1568,-0.9,0.0,0.0,0.0,0.0,0.0,1.0,0.0,0.0,0.0
1299,1,0.7036713076847249,0.1532774086372158,0.0676,-0.2,0.0,0.0,0.0,0.0,0.0,1.0,0.0,0.0,0.0
1300,1,0.7053886340674056,0.1532774086372158,0.4384,2.2,0.0,0.0,0.0,0.0,0.0,1.0,0.0,0.0,0.0
1301,1,0.726163410949142,0.1532774086372158,0.201,-1.5,0.0,0.0,0.0,0.0,0.0,1.0,0.0,0.0,0.0
1302,0,0.7185522373684007,0.1532774086372158,0.1998,-1.7,0.0,0.0,0.0,0.0,0.0,1.0,0.0,0.0,0.0
1303,0,0.6494838699837052,0.1532774086372158,0.133,-0.6,0.0,0.0,0.0,0.0,0.0,1.0,0.0,0.0,0.0
1304,1,0.6578673461404078,0.1532774086372158,0.1782,-0.1,0.0,0.0,0.0,0.0,0.0,1.0,0.0,0.0,0.0
1305,1,0.6614280444482482,0.1532774086372158,0.2336,0.9,0.0,0.0,0.0,0.0,0.0,1.0,0.0,0.0,0.0
1306,0,0.647319487954283,0.1532774086372158,0.1168,0.3,0.0,0.0,0.0,0.0,0.0,1.0,0.0,0.0,0.0
1307,1,0.6491152662124225,0.1532774086372158,0.0492,0.6,0.0,0.0,0.0,0.0,0.0,1.0,0.0,0.0,0.0
1308,1,0.6559462990910315,0.1532774086372158,0.20559999999999998,-0.9,0.0,0.0,0.0,0.0,0.0,1.0,0.0,0.0,0.0
1309,1,0.6618099236043969,0.1532774086372158,0.4142,0.6,0.0,0.0,0.0,0.0,0.0,1.0,0.0,0.0,0.0
1310,0,0.6386314546969017,0.1532774086372158,0.0894,-1.6,0.0,0.0,0.0,0.0,0.0,1.0,0.0,0.0,0.0
1311,1,0.6702259526995212,0.1532774086372158,0.1226,-0.9,0.0,0.0,0.0,0.0,0.0,1.0,0.0,0.0,0.0
1312,0,0.6682558997081393,0.1532774086372158,0.16519999999999999,1.5,0.0,0.0,0.0,0.0,0.0,1.0,0.0,0.0,0.0
1313,0,0.6361472629969549,0.1532774086372158,0.2632,-1.4,0.0,0.0,0.0,0.0,0.0,1.0,0.0,0.0,0.0
1314,1,0.683952700651087,0.1532774086372158,0.3148,-0.8,0.0,0.0,0.0,0.0,0.0,1.0,0.0,0.0,0.0
1315,0,0.6605700873944007,0.1532774086372158,0.3456,-0.6,0.0,0.0,0.0,0.0,0.0,1.0,0.0,0.0,0.0
1316,1,0.713147743452905,0.1532774086372158,0.1352,-0.5,0.0,0.0,0.0,0.0,0.0,1.0,0.0,0.0,0.0
1317,1,0.75646207603858,0.1532774086372158,0.327,0.5,0.0,0.0,0.0,0.0,0.0,1.0,0.0,0.0,0.0
1318,1,0.7988382343512164,0.1532774086372158,0.41659999999999997,2.2,0.0,0.0,0.0,0.0,0.0,1.0,0.0,0.0,0.0
1319,1,0.8006817475038746,0.1532774086372158,0.4192,-0.7,0.0,0.0,0.0,0.0,0.0,1.0,0.0,0.0,0.0
1320,1,0.8064937533665105,0.1532774086372158,0.46740000000000004,-1.1,0.0,0.0,0.0,0.0,0.0,1.0,0.0,0.0,0.0
1321,1,0.8860431783305045,0.1532774086372158,0.43560000000000004,0.6,0.0,0.0,0.0,0.0,0.0,1.0,0.0,0.0,0.0
1322,0,0.8541241395361581,0.1532774086372158,0.5197999999999999,0.1,0.0,0.0,0.0,0.0,0.0,1.0,0.0,0.0,0.0
1323,1,1.0,0.1532774086372158,0.2394,-1.2,0.0,0.0,0.0,0.0,0.0,1.0,0.0,0.0,0.0
1324,0,0.9135747730403484,0.1532774086372158,0.1716,-1.2,0.0,0.0,0.0,0.0,0.0,1.0,0.0,0.0,0.0
1325,1,0.9389967113764681,0.1532774086372158,0.36060000000000003,-0.8,0.0,0.0,0.0,0.0,0.0,1.0,0.0,0.0,0.0
1326,0,0.8609111094352114,0.1532774086372158,0.5506,1.2,0.0,0.0,0.0,0.0,0.0,1.0,0.0,0.0,0.0
1327,0,0.8140309943517474,0.1532774086372158,0.1476,-1.1,0.0,0.0,0.0,0.0,0.0,1.0,0.0,0.0,0.0
1328,1,0.008037610012690703,0.025339671035899382,0.1152,0.6,0.0,0.0,0.0,0.0,1.0,0.0,0.0,0.0,0.0
1329,1,0.010072415812169687,0.025339671035899382,0.1084,0.0,0.0,0.0,0.0,0.0,1.0,0.0,0.0,0.0,0.0
1330,0,0.009929705424858921,0.025339671035899382,0.0484,0.1,0.0,0.0,0.0,0.0,1.0,0.0,0.0,0.0,0.0
1331,1,0.010079124118352033,0.025339671035899382,0.32020000000000004,2.5,0.0,0.0,0.0,0.0,1.0,0.0,0.0,0.0,0.0
1332,1,0.010723545194353047,0.025339671035899382,0.052199999999999996,-0.5,0.0,0.0,0.0,0.0,1.0,0.0,0.0,0.0,0.0
1333,0,0.010433746367275667,0.025339671035899382,0.18960000000000002,-0.8,0.0,0.0,0.0,0.0,1.0,0.0,0.0,0.0,0.0
1334,1,0.011532143237448335,0.025339671035899382,0.1454,-0.3,0.0,0.0,0.0,0.0,1.0,0.0,0.0,0.0,0.0
1335,0,0.011040036018661237,0.025339671035899382,0.1562,1.6,0.0,0.0,0.0,0.0,1.0,0.0,0.0,0.0,0.0
1336,1,0.012633505885091094,0.025339671035899382,0.1286,0.7,0.0,0.0,0.0,0.0,1.0,0.0,0.0,0.0,0.0
1337,0,0.011924685069739552,0.025339671035899382,0.2228,-1.7,0.0,0.0,0.0,0.0,1.0,0.0,0.0,0.0,0.0
1338,1,0.01362068610013538,0.025339671035899382,0.0902,0.2,0.0,0.0,0.0,0.0,1.0,0.0,0.0,0.0,0.0
1339,1,0.014150854129788636,0.025339671035899382,0.2052,0.6,0.0,0.0,0.0,0.0,1.0,0.0,0.0,0.0,0.0
1340,0,0.012365879775290103,0.025339671035899382,0.22399999999999998,2.3,0.0,0.0,0.0,0.0,1.0,0.0,0.0,0.0,0.0
1341,1,0.014197176749321472,0.025339671035899382,0.2568,0.5,0.0,0.0,0.0,0.0,1.0,0.0,0.0,0.0,0.0
1342,1,0.014371310255065337,0.025339671035899382,0.0712,0.3,0.0,0.0,0.0,0.0,1.0,0.0,0.0,0.0,0.0
1343,1,0.01475629641618275,0.025339671035899382,0.10859999999999999,1.3,0.0,0.0,0.0,0.0,1.0,0.0,0.0,0.0,0.0
1344,1,0.015781113759597468,0.025339671035899382,0.14300000000000002,-0.9,0.0,0.0,0.0,0.0,1.0,0.0,0.0,0.0,0.0
1345,1,0.01638097755979784,0.025339671035899382,0.1998,-0.2,0.0,0.0,0.0,0.0,1.0,0.0,0.0,0.0,0.0
1346,0,0.01609456819268628,0.025339671035899382,0.3478,2.2,0.0,0.0,0.0,0.0,1.0,0.0,0.0,0.0,0.0
1347,0,0.01550614381987054,0.025339671035899382,0.24739999999999998,-1.5,0.0,0.0,0.0,0.0,1.0,0.0,0.0,0.0,0.0
1348,0,0.014035330035953697,0.025339671035899382,0.15560000000000002,-1.7,0.0,0.0,0.0,0.0,1.0,0.0,0.0,0.0,0.0
1349,1,0.01569793076293637,0.025339671035899382,0.13140000000000002,-0.6,0.0,0.0,0.0,0.0,1.0,0.0,0.0,0.0,0.0
1350,0,0.014328306481749029,0.025339671035899382,0.081,-0.1,0.0,0.0,0.0,0.0,1.0,0.0,0.0,0.0,0.0
1351,0,0.012806297729598487,0.025339671035899382,0.0848,0.9,0.0,0.0,0.0,0.0,1.0,0.0,0.0,0.0,0.0
1352,1,0.01287648779639062,0.025339671035899382,0.135,0.3,0.0,0.0,0.0,0.0,1.0,0.0,0.0,0.0,0.0
1353,0,0.012031382444913507,0.025339671035899382,0.111,0.6,0.0,0.0,0.0,0.0,1.0,0.0,0.0,0.0,0.0
1354,1,0.012297878734725893,0.025339671035899382,0.3212,-0.9,0.0,0.0,0.0,0.0,1.0,0.0,0.0,0.0,0.0
1355,0,0.01165903614491862,0.025339671035899382,0.2266,0.6,0.0,0.0,0.0,0.0,1.0,0.0,0.0,0.0,0.0
1356,0,0.011560106282166327,0.025339671035899382,0.17739999999999997,-1.6,0.0,0.0,0.0,0.0,1.0,0.0,0.0,0.0,0.0
1357,1,0.01404380368586824,0.025339671035899382,0.1728,-0.9,0.0,0.0,0.0,0.0,1.0,0.0,0.0,0.0,0.0
1358,0,0.013572668750619635,0.025339671035899382,0.115,1.5,0.0,0.0,0.0,0.0,1.0,0.0,0.0,0.0,0.0
1359,0,0.010771844998865944,0.025339671035899382,0.3886,-1.4,0.0,0.0,0.0,0.0,1.0,0.0,0.0,0.0,0.0
1360,1,0.011253007086513424,0.025339671035899382,0.5436,-0.8,0.0,0.0,0.0,0.0,1.0,0.0,0.0,0.0,0.0
1361,0,0.010286304858762616,0.025339671035899382,0.1602,-0.6,0.0,0.0,0.0,0.0,1.0,0.0,0.0,0.0,0.0
1362,1,0.011783175116166679,0.025339671035899382,0.151,-0.5,0.0,0.0,0.0,0.0,1.0,0.0,0.0,0.0,0.0
1363,1,0.011971501985517403,0.025339671035899382,0.3448,0.5,0.0,0.0,0.0,0.0,1.0,0.0,0.0,0.0,0.0
1364,1,0.012840333556755236,0.025339671035899382,0.4218,2.2,0.0,0.0,0.0,0.0,1.0,0.0,0.0,0.0,0.0
1365,1,0.015906241323335558,0.025339671035899382,0.3332,-0.7,0.0,0.0,0.0,0.0,1.0,0.0,0.0,0.0,0.0
1366,0,0.012170067848514866,0.025339671035899382,0.18280000000000002,-1.1,0.0,0.0,0.0,0.0,1.0,0.0,0.0,0.0,0.0
1367,1,0.01333420611927453,0.025339671035899382,0.27,0.6,0.0,0.0,0.0,0.0,1.0,0.0,0.0,0.0,0.0
1368,0,0.010680753262284603,0.025339671035899382,0.24359999999999998,0.1,0.0,0.0,0.0,0.0,1.0,0.0,0.0,0.0,0.0
1369,1,0.01717968967799283,0.025339671035899382,0.1524,-1.2,0.0,0.0,0.0,0.0,1.0,0.0,0.0,0.0,0.0
1370,0,0.015534106864588532,0.025339671035899382,0.2242,-1.2,0.0,0.0,0.0,0.0,1.0,0.0,0.0,0.0,0.0
1371,1,0.01605332976310217,0.025339671035899382,0.46020000000000005,-0.8,0.0,0.0,0.0,0.0,1.0,0.0,0.0,0.0,0.0
1372,0,0.01596816958146101,0.025339671035899382,0.4988,1.2,0.0,0.0,0.0,0.0,1.0,0.0,0.0,0.0,0.0
1373,0,0.014576301969247994,0.025339671035899382,0.32380000000000003,-1.1,0.0,0.0,0.0,0.0,1.0,0.0,0.0,0.0,0.0
1374,1,0.08195347005849925,0.001629559564742136,0.1152,0.6,0.0,0.0,0.0,0.0,1.0,0.0,0.0,0.0,0.0
1375,1,0.08317671203741286,0.001629559564742136,0.1084,0.0,0.0,0.0,0.0,0.0,1.0,0.0,0.0,0.0,0.0
1376,0,0.0717139115017652,0.001629559564742136,0.0484,0.1,0.0,0.0,0.0,0.0,1.0,0.0,0.0,0.0,0.0
1377,1,0.0819125140839123,0.001629559564742136,0.32020000000000004,2.5,0.0,0.0,0.0,0.0,1.0,0.0,0.0,0.0,0.0
1378,0,0.07568755901544097,0.001629559564742136,0.052199999999999996,-0.5,0.0,0.0,0.0,0.0,1.0,0.0,0.0,0.0,0.0
1379,1,0.07857643811255662,0.001629559564742136,0.18960000000000002,-0.8,0.0,0.0,0.0,0.0,1.0,0.0,0.0,0.0,0.0
1380,1,0.08298315975061483,0.001629559564742136,0.1454,-0.3,0.0,0.0,0.0,0.0,1.0,0.0,0.0,0.0,0.0
1381,0,0.0777628264932619,0.001629559564742136,0.1562,1.6,0.0,0.0,0.0,0.0,1.0,0.0,0.0,0.0,0.0
1382,1,0.08373180672056472,0.001629559564742136,0.1286,0.7,0.0,0.0,0.0,0.0,1.0,0.0,0.0,0.0,0.0
1383,1,0.08987513229485929,0.001629559564742136,0.2228,-1.7,0.0,0.0,0.0,0.0,1.0,0.0,0.0,0.0,0.0
1384,0,0.07931159785639254,0.001629559564742136,0.0902,0.2,0.0,0.0,0.0,0.0,1.0,0.0,0.0,0.0,0.0
1385,1,0.08501394056638441,0.001629559564742136,0.2052,0.6,0.0,0.0,0.0,0.0,1.0,0.0,0.0,0.0,0.0
1386,1,0.10620399690768269,0.001629559564742136,0.22399999999999998,2.3,0.0,0.0,0.0,0.0,1.0,0.0,0.0,0.0,0.0
1387,0,0.10431762120920679,0.001629559564742136,0.2568,0.5,0.0,0.0,0.0,0.0,1.0,0.0,0.0,0.0,0.0
1388,1,0.11431285619340485,0.001629559564742136,0.0712,0.3,0.0,0.0,0.0,0.0,1.0,0.0,0.0,0.0,0.0
1389,0,0.11418786985716534,0.001629559564742136,0.10859999999999999,1.3,0.0,0.0,0.0,0.0,1.0,0.0,0.0,0.0,0.0
1390,0,0.10861136084840442,0.001629559564742136,0.14300000000000002,-0.9,0.0,0.0,0.0,0.0,1.0,0.0,0.0,0.0,0.0
1391,0,0.10659823346995681,0.001629559564742136,0.1998,-0.2,0.0,0.0,0.0,0.0,1.0,0.0,0.0,0.0,0.0
1392,0,0.10563767463839405,0.001629559564742136,0.3478,2.2,0.0,0.0,0.0,0.0,1.0,0.0,0.0,0.0,0.0
1393,0,0.09776254686281471,0.001629559564742136,0.24739999999999998,-1.5,0.0,0.0,0.0,0.0,1.0,0.0,0.0,0.0,0.0
1394,0,0.09449221229204603,0.001629559564742136,0.15560000000000002,-1.7,0.0,0.0,0.0,0.0,1.0,0.0,0.0,0.0,0.0
1395,0,0.09157092148400725,0.001629559564742136,0.13140000000000002,-0.6,0.0,0.0,0.0,0.0,1.0,0.0,0.0,0.0,0.0
1396,1,0.10169982829560723,0.001629559564742136,0.081,-0.1,0.0,0.0,0.0,0.0,1.0,0.0,0.0,0.0,0.0
1397,1,0.11025002351437851,0.001629559564742136,0.0848,0.9,0.0,0.0,0.0,0.0,1.0,0.0,0.0,0.0,0.0
1398,0,0.10018219759591254,0.001629559564742136,0.135,0.3,0.0,0.0,0.0,0.0,1.0,0.0,0.0,0.0,0.0
1399,0,0.09463372224561892,0.001629559564742136,0.111,0.6,0.0,0.0,0.0,0.0,1.0,0.0,0.0,0.0,0.0
1400,0,0.08992350271312148,0.001629559564742136,0.3212,-0.9,0.0,0.0,0.0,0.0,1.0,0.0,0.0,0.0,0.0
1401,1,0.0918086073641102,0.001629559564742136,0.2266,0.6,0.0,0.0,0.0,0.0,1.0,0.0,0.0,0.0,0.0
1402,0,0.08743020183951641,0.001629559564742136,0.17739999999999997,-1.6,0.0,0.0,0.0,0.0,1.0,0.0,0.0,0.0,0.0
1403,1,0.0907179780063592,0.001629559564742136,0.1728,-0.9,0.0,0.0,0.0,0.0,1.0,0.0,0.0,0.0,0.0
1404,1,0.09263161061206021,0.001629559564742136,0.115,1.5,0.0,0.0,0.0,0.0,1.0,0.0,0.0,0.0,0.0
1405,1,0.09860179127310094,0.001629559564742136,0.3886,-1.4,0.0,0.0,0.0,0.0,1.0,0.0,0.0,0.0,0.0
1406,0,0.09197476151618453,0.001629559564742136,0.5436,-0.8,0.0,0.0,0.0,0.0,1.0,0.0,0.0,0.0,0.0
1407,1,0.09361398909215292,0.001629559564742136,0.1602,-0.6,0.0,0.0,0.0,0.0,1.0,0.0,0.0,0.0,0.0
1408,1,0.10058815604056845,0.001629559564742136,0.151,-0.5,0.0,0.0,0.0,0.0,1.0,0.0,0.0,0.0,0.0
1409,0,0.1001417359175706,0.001629559564742136,0.3448,0.5,0.0,0.0,0.0,0.0,1.0,0.0,0.0,0.0,0.0
1410,1,0.10904881302524272,0.001629559564742136,0.4218,2.2,0.0,0.0,0.0,0.0,1.0,0.0,0.0,0.0,0.0
1411,1,0.1102715607079113,0.001629559564742136,0.3332,-0.7,0.0,0.0,0.0,0.0,1.0,0.0,0.0,0.0,0.0
1412,0,0.106406940823136,0.001629559564742136,0.18280000000000002,-1.1,0.0,0.0,0.0,0.0,1.0,0.0,0.0,0.0,0.0
1413,0,0.10360117410893216,0.001629559564742136,0.27,0.6,0.0,0.0,0.0,0.0,1.0,0.0,0.0,0.0,0.0
1414,0,0.09520251599613262,0.001629559564742136,0.24359999999999998,0.1,0.0,0.0,0.0,0.0,1.0,0.0,0.0,0.0,0.0
1415,1,0.15272934851472453,0.001629559564742136,0.1524,-1.2,0.0,0.0,0.0,0.0,1.0,0.0,0.0,0.0,0.0
1416,1,0.18685337224433374,0.001629559564742136,0.2242,-1.2,0.0,0.0,0.0,0.0,1.0,0.0,0.0,0.0,0.0
1417,0,0.17674388421378792,0.001629559564742136,0.46020000000000005,-0.8,0.0,0.0,0.0,0.0,1.0,0.0,0.0,0.0,0.0
1418,0,0.17383777536184603,0.001629559564742136,0.4988,1.2,0.0,0.0,0.0,0.0,1.0,0.0,0.0,0.0,0.0
1419,1,0.17615383572473856,0.001629559564742136,0.32380000000000003,-1.1,0.0,0.0,0.0,0.0,1.0,0.0,0.0,0.0,0.0
1420,0,0.08635171804664292,0.004704532287446837,0.1162,0.6,0.0,0.0,0.0,1.0,0.0,0.0,0.0,0.0,0.0
1421,0,0.07226865311617063,0.004704532287446837,0.11199999999999999,0.0,0.0,0.0,0.0,1.0,0.0,0.0,0.0,0.0,0.0
1422,1,0.07531471841920107,0.004704532287446837,0.12300000000000001,0.1,0.0,0.0,0.0,1.0,0.0,0.0,0.0,0.0,0.0
1423,1,0.10667124808672046,0.004704532287446837,0.0882,2.5,0.0,0.0,0.0,1.0,0.0,0.0,0.0,0.0,0.0
1424,1,0.11018767157375733,0.004704532287446837,0.078,-0.5,0.0,0.0,0.0,1.0,0.0,0.0,0.0,0.0,0.0
1425,1,0.12712776880041646,0.004704532287446837,0.2024,-0.8,0.0,0.0,0.0,1.0,0.0,0.0,0.0,0.0,0.0
1426,0,0.11838981162228875,0.004704532287446837,0.12480000000000001,-0.3,0.0,0.0,0.0,1.0,0.0,0.0,0.0,0.0,0.0
1427,0,0.1113040749499984,0.004704532287446837,0.1366,1.6,0.0,0.0,0.0,1.0,0.0,0.0,0.0,0.0,0.0
1428,1,0.13313346817734897,0.004704532287446837,0.25,0.7,0.0,0.0,0.0,1.0,0.0,0.0,0.0,0.0,0.0
1429,0,0.12653291857641552,0.004704532287446837,0.2836,-1.7,0.0,0.0,0.0,1.0,0.0,0.0,0.0,0.0,0.0
1430,1,0.13557140787151234,0.004704532287446837,0.265,0.2,0.0,0.0,0.0,1.0,0.0,0.0,0.0,0.0,0.0
1431,1,0.14537965764759614,0.004704532287446837,0.2122,0.6,0.0,0.0,0.0,1.0,0.0,0.0,0.0,0.0,0.0
1432,0,0.13932784749237867,0.004704532287446837,0.09519999999999999,2.3,0.0,0.0,0.0,1.0,0.0,0.0,0.0,0.0,0.0
1433,0,0.12449867768693083,0.004704532287446837,0.32299999999999995,0.5,0.0,0.0,0.0,1.0,0.0,0.0,0.0,0.0,0.0
1434,0,0.12004040801189249,0.004704532287446837,0.1642,0.3,0.0,0.0,0.0,1.0,0.0,0.0,0.0,0.0,0.0
1435,0,0.11979537830186361,0.004704532287446837,0.0922,1.3,0.0,0.0,0.0,1.0,0.0,0.0,0.0,0.0,0.0
1436,0,0.10776830329565666,0.004704532287446837,0.34119999999999995,-0.9,0.0,0.0,0.0,1.0,0.0,0.0,0.0,0.0,0.0
1437,0,0.10477541014583999,0.004704532287446837,0.11720000000000001,-0.2,0.0,0.0,0.0,1.0,0.0,0.0,0.0,0.0,0.0
1438,1,0.14890949774699772,0.004704532287446837,0.43439999999999995,2.2,0.0,0.0,0.0,1.0,0.0,0.0,0.0,0.0,0.0
1439,0,0.1234361526013964,0.004704532287446837,0.2662,-1.5,0.0,0.0,0.0,1.0,0.0,0.0,0.0,0.0,0.0
1440,1,0.12853312363874345,0.004704532287446837,0.1582,-1.7,0.0,0.0,0.0,1.0,0.0,0.0,0.0,0.0,0.0
1441,0,0.12254338296914999,0.004704532287446837,0.059000000000000004,-0.6,0.0,0.0,0.0,1.0,0.0,0.0,0.0,0.0,0.0
1442,1,0.14051719487163408,0.004704532287446837,0.1402,-0.1,0.0,0.0,0.0,1.0,0.0,0.0,0.0,0.0,0.0
1443,0,0.1379403579326215,0.004704532287446837,0.2112,0.9,0.0,0.0,0.0,1.0,0.0,0.0,0.0,0.0,0.0
1444,0,0.1278341887482922,0.004704532287446837,0.20440000000000003,0.3,0.0,0.0,0.0,1.0,0.0,0.0,0.0,0.0,0.0
1445,1,0.15021917095503967,0.004704532287446837,0.069,0.6,0.0,0.0,0.0,1.0,0.0,0.0,0.0,0.0,0.0
1446,0,0.13685876713477935,0.004704532287446837,0.19079999999999997,-0.9,0.0,0.0,0.0,1.0,0.0,0.0,0.0,0.0,0.0
1447,1,0.1392746047254156,0.004704532287446837,0.2758,0.6,0.0,0.0,0.0,1.0,0.0,0.0,0.0,0.0,0.0
1448,0,0.12947708823922358,0.004704532287446837,0.2932,-1.6,0.0,0.0,0.0,1.0,0.0,0.0,0.0,0.0,0.0
1449,1,0.137313237225196,0.004704532287446837,0.2588,-0.9,0.0,0.0,0.0,1.0,0.0,0.0,0.0,0.0,0.0
1450,1,0.15184392271240404,0.004704532287446837,0.1906,1.5,0.0,0.0,0.0,1.0,0.0,0.0,0.0,0.0,0.0
1451,0,0.1299655235430477,0.004704532287446837,0.2554,-1.4,0.0,0.0,0.0,1.0,0.0,0.0,0.0,0.0,0.0
1452,1,0.13341627624324687,0.004704532287446837,0.48,-0.8,0.0,0.0,0.0,1.0,0.0,0.0,0.0,0.0,0.0
1453,0,0.1187507891086483,0.004704532287446837,0.192,-0.6,0.0,0.0,0.0,1.0,0.0,0.0,0.0,0.0,0.0
1454,0,0.10968942095878219,0.004704532287446837,0.303,-0.5,0.0,0.0,0.0,1.0,0.0,0.0,0.0,0.0,0.0
1455,1,0.11582031851320208,0.004704532287446837,0.29100000000000004,0.5,0.0,0.0,0.0,1.0,0.0,0.0,0.0,0.0,0.0
1456,1,0.11991789315687805,0.004704532287446837,0.385,2.2,0.0,0.0,0.0,1.0,0.0,0.0,0.0,0.0,0.0
1457,1,0.15241773003911718,0.004704532287446837,0.40700000000000003,-0.7,0.0,0.0,0.0,1.0,0.0,0.0,0.0,0.0,0.0
1458,0,0.12400332223567649,0.004704532287446837,0.34740000000000004,-1.1,0.0,0.0,0.0,1.0,0.0,0.0,0.0,0.0,0.0
1459,1,0.150709865898841,0.004704532287446837,0.41600000000000004,0.6,0.0,0.0,0.0,1.0,0.0,0.0,0.0,0.0,0.0
1460,1,0.16192481217448826,0.004704532287446837,0.35340000000000005,0.1,0.0,0.0,0.0,1.0,0.0,0.0,0.0,0.0,0.0
1461,1,0.22435471037488275,0.004704532287446837,0.33840000000000003,-1.2,0.0,0.0,0.0,1.0,0.0,0.0,0.0,0.0,0.0
1462,0,0.20013207595666802,0.004704532287446837,0.061399999999999996,-1.2,0.0,0.0,0.0,1.0,0.0,0.0,0.0,0.0,0.0
1463,0,0.1953100042452986,0.004704532287446837,0.38880000000000003,-0.8,0.0,0.0,0.0,1.0,0.0,0.0,0.0,0.0,0.0
1464,0,0.1910249500972634,0.004704532287446837,0.4374,1.2,0.0,0.0,0.0,1.0,0.0,0.0,0.0,0.0,0.0
1465,0,0.1856786419111809,0.004704532287446837,0.1974,-1.1,0.0,0.0,0.0,1.0,0.0,0.0,0.0,0.0,0.0
1466,1,0.0010575821230842844,0.1677603868083821,0.1334,0.6,0.0,0.0,0.0,0.0,0.0,0.0,0.0,1.0,0.0
1467,0,0.0010279949621326708,0.1677603868083821,0.12119999999999999,0.0,0.0,0.0,0.0,0.0,0.0,0.0,0.0,1.0,0.0
1468,0,0.0009347848130726951,0.1677603868083821,0.155,0.1,0.0,0.0,0.0,0.0,0.0,0.0,0.0,1.0,0.0
1469,0,0.0009128945507934585,0.1677603868083821,0.1604,2.5,0.0,0.0,0.0,0.0,0.0,0.0,0.0,1.0,0.0
1470,0,0.000834230834086782,0.1677603868083821,0.11699999999999999,-0.5,0.0,0.0,0.0,0.0,0.0,0.0,0.0,1.0,0.0
1471,1,0.0011845456443038572,0.1677603868083821,0.18960000000000002,-0.8,0.0,0.0,0.0,0.0,0.0,0.0,0.0,1.0,0.0
1472,1,0.0018445723588974877,0.1677603868083821,0.1784,-0.3,0.0,0.0,0.0,0.0,0.0,0.0,0.0,1.0,0.0
1473,1,0.0022426926773824445,0.1677603868083821,0.4286,1.6,0.0,0.0,0.0,0.0,0.0,0.0,0.0,1.0,0.0
1474,0,0.00187783143481207,0.1677603868083821,0.19039999999999999,0.7,0.0,0.0,0.0,0.0,0.0,0.0,0.0,1.0,0.0
1475,1,0.0019159628594275146,0.1677603868083821,0.20679999999999998,-1.7,0.0,0.0,0.0,0.0,0.0,0.0,0.0,1.0,0.0
1476,0,0.0016590700395182787,0.1677603868083821,0.1452,0.2,0.0,0.0,0.0,0.0,0.0,0.0,0.0,1.0,0.0
1477,0,0.001553784939330079,0.1677603868083821,0.12480000000000001,0.6,0.0,0.0,0.0,0.0,0.0,0.0,0.0,1.0,0.0
1478,1,0.0016049092938144897,0.1677603868083821,0.045,2.3,0.0,0.0,0.0,0.0,0.0,0.0,0.0,1.0,0.0
1479,0,0.0015523020505950338,0.1677603868083821,0.3618,0.5,0.0,0.0,0.0,0.0,0.0,0.0,0.0,1.0,0.0
1480,1,0.0017542573735583144,0.1677603868083821,0.1348,0.3,0.0,0.0,0.0,0.0,0.0,0.0,0.0,1.0,0.0
1481,0,0.0016573046957860822,0.1677603868083821,0.051399999999999994,1.3,0.0,0.0,0.0,0.0,0.0,0.0,0.0,1.0,0.0
1482,0,0.0016555393520538855,0.1677603868083821,0.3508,-0.9,0.0,0.0,0.0,0.0,0.0,0.0,0.0,1.0,0.0
1483,0,0.001509792573523742,0.1677603868083821,0.07339999999999999,-0.2,0.0,0.0,0.0,0.0,0.0,0.0,0.0,1.0,0.0
1484,1,0.0016899282479570735,0.1677603868083821,0.5064,2.2,0.0,0.0,0.0,0.0,0.0,0.0,0.0,1.0,0.0
1485,0,0.0016589288120197028,0.1677603868083821,0.35259999999999997,-1.5,0.0,0.0,0.0,0.0,0.0,0.0,0.0,1.0,0.0
1486,0,0.0014896676549767016,0.1677603868083821,0.12960000000000002,-1.7,0.0,0.0,0.0,0.0,0.0,0.0,0.0,1.0,0.0
1487,0,0.0013720957624124143,0.1677603868083821,0.1882,-0.6,0.0,0.0,0.0,0.0,0.0,0.0,0.0,1.0,0.0
1488,1,0.0013743554023896258,0.1677603868083821,0.099,-0.1,0.0,0.0,0.0,0.0,0.0,0.0,0.0,1.0,0.0
1489,0,0.001256924737323914,0.1677603868083821,0.051399999999999994,0.9,0.0,0.0,0.0,0.0,0.0,0.0,0.0,1.0,0.0
1490,0,0.0012199231326970753,0.1677603868083821,0.10039999999999999,0.3,0.0,0.0,0.0,0.0,0.0,0.0,0.0,1.0,0.0
1491,1,0.001228538010110194,0.1677603868083821,0.1494,0.6,0.0,0.0,0.0,0.0,0.0,0.0,0.0,1.0,0.0
1492,0,0.001205376700343776,0.1677603868083821,0.4224,-0.9,0.0,0.0,0.0,0.0,0.0,0.0,0.0,1.0,0.0
1493,0,0.0011279134173749932,0.1677603868083821,0.1396,0.6,0.0,0.0,0.0,0.0,0.0,0.0,0.0,1.0,0.0
1494,0,0.0009912758125029835,0.1677603868083821,0.2638,-1.6,0.0,0.0,0.0,0.0,0.0,0.0,0.0,1.0,0.0
1495,1,0.0010347032683150174,0.1677603868083821,0.1884,-0.9,0.0,0.0,0.0,0.0,0.0,0.0,0.0,1.0,0.0
1496,1,0.0011152029425031784,0.1677603868083821,0.4482,1.5,0.0,0.0,0.0,0.0,0.0,0.0,0.0,1.0,0.0
1497,1,0.0011221937036826764,0.1677603868083821,0.08439999999999999,-1.4,0.0,0.0,0.0,0.0,0.0,0.0,0.0,1.0,0.0
1498,1,0.0011766369043836168,0.1677603868083821,0.5226,-0.8,0.0,0.0,0.0,0.0,0.0,0.0,0.0,1.0,0.0
1499,0,0.001149168155910639,0.1677603868083821,0.1226,-0.6,0.0,0.0,0.0,0.0,0.0,0.0,0.0,1.0,0.0
1500,0,0.0010281361896312465,0.1677603868083821,0.444,-0.5,0.0,0.0,0.0,0.0,0.0,0.0,0.0,1.0,0.0
1501,1,0.0013193472916943826,0.1677603868083821,0.2528,0.5,0.0,0.0,0.0,0.0,0.0,0.0,0.0,1.0,0.0
1502,1,0.0017629428647207212,0.1677603868083821,0.6198,2.2,0.0,0.0,0.0,0.0,0.0,0.0,0.0,1.0,0.0
1503,1,0.00199102527492051,0.1677603868083821,0.345,-0.7,0.0,0.0,0.0,0.0,0.0,0.0,0.0,1.0,0.0
1504,0,0.001821693504128221,0.1677603868083821,0.2648,-1.1,0.0,0.0,0.0,0.0,0.0,0.0,0.0,1.0,0.0
1505,1,0.0018649091186923915,0.1677603868083821,0.385,0.6,0.0,0.0,0.0,0.0,0.0,0.0,0.0,1.0,0.0
1506,0,0.0004584950741260772,0.1677603868083821,0.2716,0.1,0.0,0.0,0.0,0.0,0.0,0.0,0.0,1.0,0.0
1507,1,0.0018249417365954626,0.1677603868083821,0.4174,-1.2,0.0,0.0,0.0,0.0,0.0,0.0,0.0,1.0,0.0
1508,0,0.001797402374373197,0.1677603868083821,0.0872,-1.2,0.0,0.0,0.0,0.0,0.0,0.0,0.0,1.0,0.0
1509,1,0.0020453272481228747,0.1677603868083821,0.36219999999999997,-0.8,0.0,0.0,0.0,0.0,0.0,0.0,0.0,1.0,0.0
1510,0,0.002034099661986105,0.1677603868083821,0.5182,1.2,0.0,0.0,0.0,0.0,0.0,0.0,0.0,1.0,0.0
1511,1,0.0020542245805331453,0.1677603868083821,0.1204,-1.1,0.0,0.0,0.0,0.0,0.0,0.0,0.0,1.0,0.0
1512,0,0.09206309931654365,0.09096544967859242,0.09300000000000001,0.6,0.0,1.0,0.0,0.0,0.0,0.0,0.0,0.0,0.0
1513,0,0.09206309931654365,0.006976116286736587,0.09300000000000001,0.6,0.0,1.0,0.0,0.0,0.0,0.0,0.0,0.0,0.0
1514,0,0.09206309931654365,0.09096544967859242,0.09300000000000001,0.6,0.0,1.0,0.0,0.0,0.0,0.0,0.0,0.0,0.0
1515,0,0.09206309931654365,0.006976116286736587,0.09300000000000001,0.6,0.0,1.0,0.0,0.0,0.0,0.0,0.0,0.0,0.0
1516,1,0.10699225819098307,0.09096544967859242,0.29960000000000003,0.0,0.0,1.0,0.0,0.0,0.0,0.0,0.0,0.0,0.0
1517,1,0.10699225819098307,0.006976116286736587,0.29960000000000003,0.0,0.0,1.0,0.0,0.0,0.0,0.0,0.0,0.0,0.0
1518,1,0.10699225819098307,0.09096544967859242,0.29960000000000003,0.0,0.0,1.0,0.0,0.0,0.0,0.0,0.0,0.0,0.0
1519,1,0.10699225819098307,0.006976116286736587,0.29960000000000003,0.0,0.0,1.0,0.0,0.0,0.0,0.0,0.0,0.0,0.0
1520,0,0.10558605598766463,0.09096544967859242,0.247,0.1,0.0,1.0,0.0,0.0,0.0,0.0,0.0,0.0,0.0
1521,0,0.10558605598766463,0.006976116286736587,0.247,0.1,0.0,1.0,0.0,0.0,0.0,0.0,0.0,0.0,0.0
1522,0,0.10558605598766463,0.09096544967859242,0.247,0.1,0.0,1.0,0.0,0.0,0.0,0.0,0.0,0.0,0.0
1523,0,0.10558605598766463,0.006976116286736587,0.247,0.1,0.0,1.0,0.0,0.0,0.0,0.0,0.0,0.0,0.0
1524,0,0.0780588393302766,0.09096544967859242,0.12480000000000001,2.5,0.0,1.0,0.0,0.0,0.0,0.0,0.0,0.0,0.0
1525,0,0.0780588393302766,0.006976116286736587,0.12480000000000001,2.5,0.0,1.0,0.0,0.0,0.0,0.0,0.0,0.0,0.0
1526,0,0.0780588393302766,0.09096544967859242,0.12480000000000001,2.5,0.0,1.0,0.0,0.0,0.0,0.0,0.0,0.0,0.0
1527,0,0.0780588393302766,0.006976116286736587,0.12480000000000001,2.5,0.0,1.0,0.0,0.0,0.0,0.0,0.0,0.0,0.0
1528,0,0.07423602278507971,0.09096544967859242,0.14279999999999998,-0.5,0.0,1.0,0.0,0.0,0.0,0.0,0.0,0.0,0.0
1529,0,0.07423602278507971,0.006976116286736587,0.14279999999999998,-0.5,0.0,1.0,0.0,0.0,0.0,0.0,0.0,0.0,0.0
1530,0,0.07423602278507971,0.09096544967859242,0.14279999999999998,-0.5,0.0,1.0,0.0,0.0,0.0,0.0,0.0,0.0,0.0
1531,0,0.07423602278507971,0.006976116286736587,0.14279999999999998,-0.5,0.0,1.0,0.0,0.0,0.0,0.0,0.0,0.0,0.0
1532,1,0.07646282736887239,0.09096544967859242,0.17980000000000002,-0.8,0.0,1.0,0.0,0.0,0.0,0.0,0.0,0.0,0.0
1533,1,0.07646282736887239,0.006976116286736587,0.17980000000000002,-0.8,0.0,1.0,0.0,0.0,0.0,0.0,0.0,0.0,0.0
1534,1,0.07646282736887239,0.09096544967859242,0.17980000000000002,-0.8,0.0,1.0,0.0,0.0,0.0,0.0,0.0,0.0,0.0
1535,1,0.07646282736887239,0.006976116286736587,0.17980000000000002,-0.8,0.0,1.0,0.0,0.0,0.0,0.0,0.0,0.0,0.0
1536,1,0.0769048694394144,0.09096544967859242,0.1324,-0.3,0.0,1.0,0.0,0.0,0.0,0.0,0.0,0.0,0.0
1537,1,0.0769048694394144,0.006976116286736587,0.1324,-0.3,0.0,1.0,0.0,0.0,0.0,0.0,0.0,0.0,0.0
1538,1,0.0769048694394144,0.09096544967859242,0.1324,-0.3,0.0,1.0,0.0,0.0,0.0,0.0,0.0,0.0,0.0
1539,1,0.0769048694394144,0.006976116286736587,0.1324,-0.3,0.0,1.0,0.0,0.0,0.0,0.0,0.0,0.0,0.0
1540,1,0.08660910516279717,0.09096544967859242,0.34979999999999994,1.6,0.0,1.0,0.0,0.0,0.0,0.0,0.0,0.0,0.0
1541,1,0.08660910516279717,0.006976116286736587,0.34979999999999994,1.6,0.0,1.0,0.0,0.0,0.0,0.0,0.0,0.0,0.0
1542,1,0.08660910516279717,0.09096544967859242,0.34979999999999994,1.6,0.0,1.0,0.0,0.0,0.0,0.0,0.0,0.0,0.0
1543,1,0.08660910516279717,0.006976116286736587,0.34979999999999994,1.6,0.0,1.0,0.0,0.0,0.0,0.0,0.0,0.0,0.0
1544,0,0.05624159166780355,0.09096544967859242,0.3432,0.7,0.0,1.0,0.0,0.0,0.0,0.0,0.0,0.0,0.0
1545,0,0.05624159166780355,0.006976116286736587,0.3432,0.7,0.0,1.0,0.0,0.0,0.0,0.0,0.0,0.0,0.0
1546,0,0.05624159166780355,0.09096544967859242,0.3432,0.7,0.0,1.0,0.0,0.0,0.0,0.0,0.0,0.0,0.0
1547,0,0.05624159166780355,0.006976116286736587,0.3432,0.7,0.0,1.0,0.0,0.0,0.0,0.0,0.0,0.0,0.0
1548,1,0.08148692501695436,0.09096544967859242,0.1446,-1.7,0.0,1.0,0.0,0.0,0.0,0.0,0.0,0.0,0.0
1549,1,0.08148692501695436,0.006976116286736587,0.1446,-1.7,0.0,1.0,0.0,0.0,0.0,0.0,0.0,0.0,0.0
1550,1,0.08148692501695436,0.09096544967859242,0.1446,-1.7,0.0,1.0,0.0,0.0,0.0,0.0,0.0,0.0,0.0
1551,1,0.08148692501695436,0.006976116286736587,0.1446,-1.7,0.0,1.0,0.0,0.0,0.0,0.0,0.0,0.0,0.0
1552,1,0.10213848090618342,0.09096544967859242,0.187,0.2,0.0,1.0,0.0,0.0,0.0,0.0,0.0,0.0,0.0
1553,1,0.10213848090618342,0.006976116286736587,0.187,0.2,0.0,1.0,0.0,0.0,0.0,0.0,0.0,0.0,0.0
1554,1,0.10213848090618342,0.09096544967859242,0.187,0.2,0.0,1.0,0.0,0.0,0.0,0.0,0.0,0.0,0.0
1555,1,0.10213848090618342,0.006976116286736587,0.187,0.2,0.0,1.0,0.0,0.0,0.0,0.0,0.0,0.0,0.0
1556,1,0.11134503092458536,0.09096544967859242,0.1018,0.6,0.0,1.0,0.0,0.0,0.0,0.0,0.0,0.0,0.0
1557,1,0.11134503092458536,0.006976116286736587,0.1018,0.6,0.0,1.0,0.0,0.0,0.0,0.0,0.0,0.0,0.0
1558,1,0.11134503092458536,0.09096544967859242,0.1018,0.6,0.0,1.0,0.0,0.0,0.0,0.0,0.0,0.0,0.0
1559,1,0.11134503092458536,0.006976116286736587,0.1018,0.6,0.0,1.0,0.0,0.0,0.0,0.0,0.0,0.0,0.0
1560,1,0.11181983777479694,0.09096544967859242,0.0674,2.3,0.0,1.0,0.0,0.0,0.0,0.0,0.0,0.0,0.0
1561,1,0.11181983777479694,0.006976116286736587,0.0674,2.3,0.0,1.0,0.0,0.0,0.0,0.0,0.0,0.0,0.0
1562,1,0.11181983777479694,0.09096544967859242,0.0674,2.3,0.0,1.0,0.0,0.0,0.0,0.0,0.0,0.0,0.0
1563,1,0.11181983777479694,0.006976116286736587,0.0674,2.3,0.0,1.0,0.0,0.0,0.0,0.0,0.0,0.0,0.0
1564,0,0.09232966622010531,0.09096544967859242,0.36219999999999997,0.5,0.0,1.0,0.0,0.0,0.0,0.0,0.0,0.0,0.0
1565,0,0.09232966622010531,0.006976116286736587,0.36219999999999997,0.5,0.0,1.0,0.0,0.0,0.0,0.0,0.0,0.0,0.0
1566,0,0.09232966622010531,0.09096544967859242,0.36219999999999997,0.5,0.0,1.0,0.0,0.0,0.0,0.0,0.0,0.0,0.0
1567,0,0.09232966622010531,0.006976116286736587,0.36219999999999997,0.5,0.0,1.0,0.0,0.0,0.0,0.0,0.0,0.0,0.0
1568,1,0.10419941379289892,0.09096544967859242,0.11699999999999999,0.3,0.0,1.0,0.0,0.0,0.0,0.0,0.0,0.0,0.0
1569,1,0.10419941379289892,0.006976116286736587,0.11699999999999999,0.3,0.0,1.0,0.0,0.0,0.0,0.0,0.0,0.0,0.0
1570,1,0.10419941379289892,0.09096544967859242,0.11699999999999999,0.3,0.0,1.0,0.0,0.0,0.0,0.0,0.0,0.0,0.0
1571,1,0.10419941379289892,0.006976116286736587,0.11699999999999999,0.3,0.0,1.0,0.0,0.0,0.0,0.0,0.0,0.0,0.0
1572,1,0.1072195638499407,0.09096544967859242,0.193,1.3,0.0,1.0,0.0,0.0,0.0,0.0,0.0,0.0,0.0
1573,1,0.1072195638499407,0.006976116286736587,0.193,1.3,0.0,1.0,0.0,0.0,0.0,0.0,0.0,0.0,0.0
1574,1,0.1072195638499407,0.09096544967859242,0.193,1.3,0.0,1.0,0.0,0.0,0.0,0.0,0.0,0.0,0.0
1575,1,0.1072195638499407,0.006976116286736587,0.193,1.3,0.0,1.0,0.0,0.0,0.0,0.0,0.0,0.0,0.0
1576,0,0.1038748730011719,0.09096544967859242,0.3454,-0.9,0.0,1.0,0.0,0.0,0.0,0.0,0.0,0.0,0.0
1577,0,0.1038748730011719,0.006976116286736587,0.3454,-0.9,0.0,1.0,0.0,0.0,0.0,0.0,0.0,0.0,0.0
1578,0,0.1038748730011719,0.09096544967859242,0.3454,-0.9,0.0,1.0,0.0,0.0,0.0,0.0,0.0,0.0,0.0
1579,0,0.1038748730011719,0.006976116286736587,0.3454,-0.9,0.0,1.0,0.0,0.0,0.0,0.0,0.0,0.0,0.0
1580,0,0.09901869484889646,0.09096544967859242,0.11939999999999999,-0.2,0.0,1.0,0.0,0.0,0.0,0.0,0.0,0.0,0.0
1581,0,0.09901869484889646,0.006976116286736587,0.11939999999999999,-0.2,0.0,1.0,0.0,0.0,0.0,0.0,0.0,0.0,0.0
1582,0,0.09901869484889646,0.09096544967859242,0.11939999999999999,-0.2,0.0,1.0,0.0,0.0,0.0,0.0,0.0,0.0,0.0
1583,0,0.09901869484889646,0.006976116286736587,0.11939999999999999,-0.2,0.0,1.0,0.0,0.0,0.0,0.0,0.0,0.0,0.0
1584,0,0.09851260610775037,0.09096544967859242,0.3398,2.2,0.0,1.0,0.0,0.0,0.0,0.0,0.0,0.0,0.0
1585,0,0.09851260610775037,0.006976116286736587,0.3398,2.2,0.0,1.0,0.0,0.0,0.0,0.0,0.0,0.0,0.0
1586,0,0.09851260610775037,0.09096544967859242,0.3398,2.2,0.0,1.0,0.0,0.0,0.0,0.0,0.0,0.0,0.0
1587,0,0.09851260610775037,0.006976116286736587,0.3398,2.2,0.0,1.0,0.0,0.0,0.0,0.0,0.0,0.0,0.0
1588,0,0.09750579527040405,0.09096544967859242,0.316,-1.5,0.0,1.0,0.0,0.0,0.0,0.0,0.0,0.0,0.0
1589,0,0.09750579527040405,0.006976116286736587,0.316,-1.5,0.0,1.0,0.0,0.0,0.0,0.0,0.0,0.0,0.0
1590,0,0.09750579527040405,0.09096544967859242,0.316,-1.5,0.0,1.0,0.0,0.0,0.0,0.0,0.0,0.0,0.0
1591,0,0.09750579527040405,0.006976116286736587,0.316,-1.5,0.0,1.0,0.0,0.0,0.0,0.0,0.0,0.0,0.0
1592,0,0.08549842150024842,0.09096544967859242,0.08439999999999999,-1.7,0.0,1.0,0.0,0.0,0.0,0.0,0.0,0.0,0.0
1593,0,0.08549842150024842,0.006976116286736587,0.08439999999999999,-1.7,0.0,1.0,0.0,0.0,0.0,0.0,0.0,0.0,0.0
1594,0,0.08549842150024842,0.09096544967859242,0.08439999999999999,-1.7,0.0,1.0,0.0,0.0,0.0,0.0,0.0,0.0,0.0
1595,0,0.08549842150024842,0.006976116286736587,0.08439999999999999,-1.7,0.0,1.0,0.0,0.0,0.0,0.0,0.0,0.0,0.0
1596,0,0.08334385478197723,0.09096544967859242,0.24420000000000003,-0.6,0.0,1.0,0.0,0.0,0.0,0.0,0.0,0.0,0.0
1597,0,0.08334385478197723,0.006976116286736587,0.24420000000000003,-0.6,0.0,1.0,0.0,0.0,0.0,0.0,0.0,0.0,0.0
1598,0,0.08334385478197723,0.09096544967859242,0.24420000000000003,-0.6,0.0,1.0,0.0,0.0,0.0,0.0,0.0,0.0,0.0
1599,0,0.08334385478197723,0.006976116286736587,0.24420000000000003,-0.6,0.0,1.0,0.0,0.0,0.0,0.0,0.0,0.0,0.0
1600,0,0.08079766421015555,0.09096544967859242,0.128,-0.1,0.0,1.0,0.0,0.0,0.0,0.0,0.0,0.0,0.0
1601,0,0.08079766421015555,0.006976116286736587,0.128,-0.1,0.0,1.0,0.0,0.0,0.0,0.0,0.0,0.0,0.0
1602,0,0.08079766421015555,0.09096544967859242,0.128,-0.1,0.0,1.0,0.0,0.0,0.0,0.0,0.0,0.0,0.0
1603,0,0.08079766421015555,0.006976116286736587,0.128,-0.1,0.0,1.0,0.0,0.0,0.0,0.0,0.0,0.0,0.0
1604,0,0.08019349297124863,0.09096544967859242,0.1298,0.9,0.0,1.0,0.0,0.0,0.0,0.0,0.0,0.0,0.0
1605,0,0.08019349297124863,0.006976116286736587,0.1298,0.9,0.0,1.0,0.0,0.0,0.0,0.0,0.0,0.0,0.0
1606,0,0.08019349297124863,0.09096544967859242,0.1298,0.9,0.0,1.0,0.0,0.0,0.0,0.0,0.0,0.0,0.0
1607,0,0.08019349297124863,0.006976116286736587,0.1298,0.9,0.0,1.0,0.0,0.0,0.0,0.0,0.0,0.0,0.0
1608,0,0.0755779664765462,0.09096544967859242,0.1152,0.3,0.0,1.0,0.0,0.0,0.0,0.0,0.0,0.0,0.0
1609,0,0.0755779664765462,0.006976116286736587,0.1152,0.3,0.0,1.0,0.0,0.0,0.0,0.0,0.0,0.0,0.0
1610,0,0.0755779664765462,0.09096544967859242,0.1152,0.3,0.0,1.0,0.0,0.0,0.0,0.0,0.0,0.0,0.0
1611,0,0.0755779664765462,0.006976116286736587,0.1152,0.3,0.0,1.0,0.0,0.0,0.0,0.0,0.0,0.0,0.0
1612,1,0.07609662446506554,0.09096544967859242,0.195,0.6,0.0,1.0,0.0,0.0,0.0,0.0,0.0,0.0,0.0
1613,1,0.07609662446506554,0.006976116286736587,0.195,0.6,0.0,1.0,0.0,0.0,0.0,0.0,0.0,0.0,0.0
1614,1,0.07609662446506554,0.09096544967859242,0.195,0.6,0.0,1.0,0.0,0.0,0.0,0.0,0.0,0.0,0.0
1615,1,0.07609662446506554,0.006976116286736587,0.195,0.6,0.0,1.0,0.0,0.0,0.0,0.0,0.0,0.0,0.0
1616,0,0.07308198228046821,0.09096544967859242,0.36939999999999995,-0.9,0.0,1.0,0.0,0.0,0.0,0.0,0.0,0.0,0.0
1617,0,0.07308198228046821,0.006976116286736587,0.36939999999999995,-0.9,0.0,1.0,0.0,0.0,0.0,0.0,0.0,0.0,0.0
1618,0,0.07308198228046821,0.09096544967859242,0.36939999999999995,-0.9,0.0,1.0,0.0,0.0,0.0,0.0,0.0,0.0,0.0
1619,0,0.07308198228046821,0.006976116286736587,0.36939999999999995,-0.9,0.0,1.0,0.0,0.0,0.0,0.0,0.0,0.0,0.0
1620,1,0.0827681408840333,0.09096544967859242,0.3518,0.6,0.0,1.0,0.0,0.0,0.0,0.0,0.0,0.0,0.0
1621,1,0.0827681408840333,0.006976116286736587,0.3518,0.6,0.0,1.0,0.0,0.0,0.0,0.0,0.0,0.0,0.0
1622,1,0.0827681408840333,0.09096544967859242,0.3518,0.6,0.0,1.0,0.0,0.0,0.0,0.0,0.0,0.0,0.0
1623,1,0.0827681408840333,0.006976116286736587,0.3518,0.6,0.0,1.0,0.0,0.0,0.0,0.0,0.0,0.0,0.0
1624,0,0.07760874729231579,0.09096544967859242,0.109,-1.6,0.0,1.0,0.0,0.0,0.0,0.0,0.0,0.0,0.0
1625,0,0.07760874729231579,0.006976116286736587,0.109,-1.6,0.0,1.0,0.0,0.0,0.0,0.0,0.0,0.0,0.0
1626,0,0.07760874729231579,0.09096544967859242,0.109,-1.6,0.0,1.0,0.0,0.0,0.0,0.0,0.0,0.0,0.0
1627,0,0.07760874729231579,0.006976116286736587,0.109,-1.6,0.0,1.0,0.0,0.0,0.0,0.0,0.0,0.0,0.0
1628,1,0.08049423692946563,0.09096544967859242,0.1474,-0.9,0.0,1.0,0.0,0.0,0.0,0.0,0.0,0.0,0.0
1629,1,0.08049423692946563,0.006976116286736587,0.1474,-0.9,0.0,1.0,0.0,0.0,0.0,0.0,0.0,0.0,0.0
1630,1,0.08049423692946563,0.09096544967859242,0.1474,-0.9,0.0,1.0,0.0,0.0,0.0,0.0,0.0,0.0,0.0
1631,1,0.08049423692946563,0.006976116286736587,0.1474,-0.9,0.0,1.0,0.0,0.0,0.0,0.0,0.0,0.0,0.0
1632,1,0.08635574303035233,0.09096544967859242,0.2696,1.5,0.0,1.0,0.0,0.0,0.0,0.0,0.0,0.0,0.0
1633,1,0.08635574303035233,0.006976116286736587,0.2696,1.5,0.0,1.0,0.0,0.0,0.0,0.0,0.0,0.0,0.0
1634,1,0.08635574303035233,0.09096544967859242,0.2696,1.5,0.0,1.0,0.0,0.0,0.0,0.0,0.0,0.0,0.0
1635,1,0.08635574303035233,0.006976116286736587,0.2696,1.5,0.0,1.0,0.0,0.0,0.0,0.0,0.0,0.0,0.0
1636,0,0.08106359558997364,0.09096544967859242,0.1832,-1.4,0.0,1.0,0.0,0.0,0.0,0.0,0.0,0.0,0.0
1637,0,0.08106359558997364,0.006976116286736587,0.1832,-1.4,0.0,1.0,0.0,0.0,0.0,0.0,0.0,0.0,0.0
1638,0,0.08106359558997364,0.09096544967859242,0.1832,-1.4,0.0,1.0,0.0,0.0,0.0,0.0,0.0,0.0,0.0
1639,0,0.08106359558997364,0.006976116286736587,0.1832,-1.4,0.0,1.0,0.0,0.0,0.0,0.0,0.0,0.0,0.0
1640,1,0.08457761820953472,0.09096544967859242,0.49,-0.8,0.0,1.0,0.0,0.0,0.0,0.0,0.0,0.0,0.0
1641,1,0.08457761820953472,0.006976116286736587,0.49,-0.8,0.0,1.0,0.0,0.0,0.0,0.0,0.0,0.0,0.0
1642,1,0.08457761820953472,0.09096544967859242,0.49,-0.8,0.0,1.0,0.0,0.0,0.0,0.0,0.0,0.0,0.0
1643,1,0.08457761820953472,0.006976116286736587,0.49,-0.8,0.0,1.0,0.0,0.0,0.0,0.0,0.0,0.0,0.0
1644,1,0.086749132227635,0.09096544967859242,0.1804,-0.6,0.0,1.0,0.0,0.0,0.0,0.0,0.0,0.0,0.0
1645,1,0.086749132227635,0.006976116286736587,0.1804,-0.6,0.0,1.0,0.0,0.0,0.0,0.0,0.0,0.0,0.0
1646,1,0.086749132227635,0.09096544967859242,0.1804,-0.6,0.0,1.0,0.0,0.0,0.0,0.0,0.0,0.0,0.0
1647,1,0.086749132227635,0.006976116286736587,0.1804,-0.6,0.0,1.0,0.0,0.0,0.0,0.0,0.0,0.0,0.0
1648,1,0.08931523587675584,0.09096544967859242,0.12960000000000002,-0.5,0.0,1.0,0.0,0.0,0.0,0.0,0.0,0.0,0.0
1649,1,0.08931523587675584,0.006976116286736587,0.12960000000000002,-0.5,0.0,1.0,0.0,0.0,0.0,0.0,0.0,0.0,0.0
1650,1,0.08931523587675584,0.09096544967859242,0.12960000000000002,-0.5,0.0,1.0,0.0,0.0,0.0,0.0,0.0,0.0,0.0
1651,1,0.08931523587675584,0.006976116286736587,0.12960000000000002,-0.5,0.0,1.0,0.0,0.0,0.0,0.0,0.0,0.0,0.0
1652,1,0.1010014583151503,0.09096544967859242,0.41600000000000004,0.5,0.0,1.0,0.0,0.0,0.0,0.0,0.0,0.0,0.0
1653,1,0.1010014583151503,0.006976116286736587,0.41600000000000004,0.5,0.0,1.0,0.0,0.0,0.0,0.0,0.0,0.0,0.0
1654,1,0.1010014583151503,0.09096544967859242,0.41600000000000004,0.5,0.0,1.0,0.0,0.0,0.0,0.0,0.0,0.0,0.0
1655,1,0.1010014583151503,0.006976116286736587,0.41600000000000004,0.5,0.0,1.0,0.0,0.0,0.0,0.0,0.0,0.0,0.0
1656,0,0.09969383290583769,0.09096544967859242,0.445,2.2,0.0,1.0,0.0,0.0,0.0,0.0,0.0,0.0,0.0
1657,0,0.09969383290583769,0.006976116286736587,0.445,2.2,0.0,1.0,0.0,0.0,0.0,0.0,0.0,0.0,0.0
1658,0,0.09969383290583769,0.09096544967859242,0.445,2.2,0.0,1.0,0.0,0.0,0.0,0.0,0.0,0.0,0.0
1659,0,0.09969383290583769,0.006976116286736587,0.445,2.2,0.0,1.0,0.0,0.0,0.0,0.0,0.0,0.0,0.0
1660,1,0.10121012194429592,0.09096544967859242,0.1528,-0.7,0.0,1.0,0.0,0.0,0.0,0.0,0.0,0.0,0.0
1661,1,0.10121012194429592,0.006976116286736587,0.1528,-0.7,0.0,1.0,0.0,0.0,0.0,0.0,0.0,0.0,0.0
1662,1,0.10121012194429592,0.09096544967859242,0.1528,-0.7,0.0,1.0,0.0,0.0,0.0,0.0,0.0,0.0,0.0
1663,1,0.10121012194429592,0.006976116286736587,0.1528,-0.7,0.0,1.0,0.0,0.0,0.0,0.0,0.0,0.0,0.0
1664,1,0.10624269324229244,0.09096544967859242,0.1646,-1.1,0.0,1.0,0.0,0.0,0.0,0.0,0.0,0.0,0.0
1665,1,0.10624269324229244,0.006976116286736587,0.1646,-1.1,0.0,1.0,0.0,0.0,0.0,0.0,0.0,0.0,0.0
1666,1,0.10624269324229244,0.09096544967859242,0.1646,-1.1,0.0,1.0,0.0,0.0,0.0,0.0,0.0,0.0,0.0
1667,1,0.10624269324229244,0.006976116286736587,0.1646,-1.1,0.0,1.0,0.0,0.0,0.0,0.0,0.0,0.0,0.0
1668,0,0.10074223524151456,0.09096544967859242,0.4546,0.6,0.0,1.0,0.0,0.0,0.0,0.0,0.0,0.0,0.0
1669,0,0.10074223524151456,0.006976116286736587,0.4546,0.6,0.0,1.0,0.0,0.0,0.0,0.0,0.0,0.0,0.0
1670,0,0.10074223524151456,0.09096544967859242,0.4546,0.6,0.0,1.0,0.0,0.0,0.0,0.0,0.0,0.0,0.0
1671,0,0.10074223524151456,0.006976116286736587,0.4546,0.6,0.0,1.0,0.0,0.0,0.0,0.0,0.0,0.0,0.0
1672,0,0.09701036920540043,0.09096544967859242,0.1184,0.1,0.0,1.0,0.0,0.0,0.0,0.0,0.0,0.0,0.0
1673,0,0.09701036920540043,0.006976116286736587,0.1184,0.1,0.0,1.0,0.0,0.0,0.0,0.0,0.0,0.0,0.0
1674,0,0.09701036920540043,0.09096544967859242,0.1184,0.1,0.0,1.0,0.0,0.0,0.0,0.0,0.0,0.0,0.0
1675,0,0.09701036920540043,0.006976116286736587,0.1184,0.1,0.0,1.0,0.0,0.0,0.0,0.0,0.0,0.0,0.0
1676,1,0.11326177053525505,0.09096544967859242,0.3624,-1.2,0.0,1.0,0.0,0.0,0.0,0.0,0.0,0.0,0.0
1677,1,0.11326177053525505,0.006976116286736587,0.3624,-1.2,0.0,1.0,0.0,0.0,0.0,0.0,0.0,0.0,0.0
1678,1,0.11326177053525505,0.09096544967859242,0.3624,-1.2,0.0,1.0,0.0,0.0,0.0,0.0,0.0,0.0,0.0
1679,1,0.11326177053525505,0.006976116286736587,0.3624,-1.2,0.0,1.0,0.0,0.0,0.0,0.0,0.0,0.0,0.0
1680,0,0.07705344076791605,0.09096544967859242,0.16899999999999998,-1.2,0.0,1.0,0.0,0.0,0.0,0.0,0.0,0.0,0.0
1681,0,0.07705344076791605,0.006976116286736587,0.16899999999999998,-1.2,0.0,1.0,0.0,0.0,0.0,0.0,0.0,0.0,0.0
1682,0,0.07705344076791605,0.09096544967859242,0.16899999999999998,-1.2,0.0,1.0,0.0,0.0,0.0,0.0,0.0,0.0,0.0
1683,0,0.07705344076791605,0.006976116286736587,0.16899999999999998,-1.2,0.0,1.0,0.0,0.0,0.0,0.0,0.0,0.0,0.0
1684,1,0.0976125632593273,0.09096544967859242,0.2036,-0.8,0.0,1.0,0.0,0.0,0.0,0.0,0.0,0.0,0.0
1685,1,0.0976125632593273,0.006976116286736587,0.2036,-0.8,0.0,1.0,0.0,0.0,0.0,0.0,0.0,0.0,0.0
1686,1,0.0976125632593273,0.09096544967859242,0.2036,-0.8,0.0,1.0,0.0,0.0,0.0,0.0,0.0,0.0,0.0
1687,1,0.0976125632593273,0.006976116286736587,0.2036,-0.8,0.0,1.0,0.0,0.0,0.0,0.0,0.0,0.0,0.0
1688,1,0.10308223366541568,0.09096544967859242,0.4428,1.2,0.0,1.0,0.0,0.0,0.0,0.0,0.0,0.0,0.0
1689,1,0.10308223366541568,0.006976116286736587,0.4428,1.2,0.0,1.0,0.0,0.0,0.0,0.0,0.0,0.0,0.0
1690,1,0.10308223366541568,0.09096544967859242,0.4428,1.2,0.0,1.0,0.0,0.0,0.0,0.0,0.0,0.0,0.0
1691,1,0.10308223366541568,0.006976116286736587,0.4428,1.2,0.0,1.0,0.0,0.0,0.0,0.0,0.0,0.0,0.0
1692,1,0.10574507815106089,0.09096544967859242,0.3396,-1.1,0.0,1.0,0.0,0.0,0.0,0.0,0.0,0.0,0.0
1693,1,0.10574507815106089,0.006976116286736587,0.3396,-1.1,0.0,1.0,0.0,0.0,0.0,0.0,0.0,0.0,0.0
1694,1,0.10574507815106089,0.09096544967859242,0.3396,-1.1,0.0,1.0,0.0,0.0,0.0,0.0,0.0,0.0,0.0
1695,1,0.10574507815106089,0.006976116286736587,0.3396,-1.1,0.0,1.0,0.0,0.0,0.0,0.0,0.0,0.0,0.0
1696,0,0.03850970247037965,0.23329471131103105,0.1016,0.6,0.0,0.0,0.0,0.0,0.0,0.0,0.0,0.0,1.0
1697,1,0.0432838274459826,0.23329471131103105,0.1656,0.0,0.0,0.0,0.0,0.0,0.0,0.0,0.0,0.0,1.0
1698,1,0.047537246634336866,0.23329471131103105,0.4886,0.1,0.0,0.0,0.0,0.0,0.0,0.0,0.0,0.0,1.0
1699,0,0.047411907229350916,0.23329471131103105,0.5682,2.5,0.0,0.0,0.0,0.0,0.0,0.0,0.0,0.0,1.0
1700,0,0.04687326554978312,0.23329471131103105,0.1202,-0.5,0.0,0.0,0.0,0.0,0.0,0.0,0.0,0.0,1.0
1701,0,0.04527555885839599,0.23329471131103105,0.044199999999999996,-0.8,0.0,0.0,0.0,0.0,0.0,0.0,0.0,0.0,1.0
1702,1,0.05530638317223512,0.23329471131103105,0.139,-0.3,0.0,0.0,0.0,0.0,0.0,0.0,0.0,0.0,1.0
1703,1,0.05861541407761355,0.23329471131103105,0.027999999999999997,1.6,0.0,0.0,0.0,0.0,0.0,0.0,0.0,0.0,1.0
1704,1,0.06745350155223144,0.23329471131103105,0.008199999999999999,0.7,0.0,0.0,0.0,0.0,0.0,0.0,0.0,0.0,1.0
1705,1,0.06992272313732933,0.23329471131103105,0.0154,-1.7,0.0,0.0,0.0,0.0,0.0,0.0,0.0,0.0,1.0
1706,1,0.07219521481691125,0.23329471131103105,0.1656,0.2,0.0,0.0,0.0,0.0,0.0,0.0,0.0,0.0,1.0
1707,1,0.08088508403177393,0.23329471131103105,0.0,0.6,0.0,0.0,0.0,0.0,0.0,0.0,0.0,0.0,1.0
1708,1,0.08618683494205577,0.23329471131103105,0.1998,2.3,0.0,0.0,0.0,0.0,0.0,0.0,0.0,0.0,1.0
1709,1,0.08843673022186557,0.23329471131103105,0.0814,0.5,0.0,0.0,0.0,0.0,0.0,0.0,0.0,0.0,1.0
1710,0,0.08366818373245637,0.23329471131103105,0.001,0.3,0.0,0.0,0.0,0.0,0.0,0.0,0.0,0.0,1.0
1711,1,0.0872575512225076,0.23329471131103105,0.3274,1.3,0.0,0.0,0.0,0.0,0.0,0.0,0.0,0.0,1.0
1712,0,0.0773253037026743,0.23329471131103105,0.6344,-0.9,0.0,0.0,0.0,0.0,0.0,0.0,0.0,0.0,1.0
1713,1,0.08659173418047236,0.23329471131103105,0.295,-0.2,0.0,0.0,0.0,0.0,0.0,0.0,0.0,0.0,1.0
1714,1,0.09958741798566088,0.23329471131103105,0.4722,2.2,0.0,0.0,0.0,0.0,0.0,0.0,0.0,0.0,1.0
1715,0,0.09295170273758208,0.23329471131103105,0.0006,-1.5,0.0,0.0,0.0,0.0,0.0,0.0,0.0,0.0,1.0
1716,0,0.08713277672751595,0.23329471131103105,0.045599999999999995,-1.7,0.0,0.0,0.0,0.0,0.0,0.0,0.0,0.0,1.0
1717,1,0.0904503518965582,0.23329471131103105,0.0748,-0.6,0.0,0.0,0.0,0.0,0.0,0.0,0.0,0.0,1.0
1718,0,0.08320954743083171,0.23329471131103105,0.16879999999999998,-0.1,0.0,0.0,0.0,0.0,0.0,0.0,0.0,0.0,1.0
1719,1,0.09062187269357841,0.23329471131103105,0.2738,0.9,0.0,0.0,0.0,0.0,0.0,0.0,0.0,0.0,1.0
1720,0,0.0878194248255911,0.23329471131103105,0.1116,0.3,0.0,0.0,0.0,0.0,0.0,0.0,0.0,0.0,1.0
1721,1,0.09710174339697891,0.23329471131103105,0.3014,0.6,0.0,0.0,0.0,0.0,0.0,0.0,0.0,0.0,1.0
1722,0,0.08872059749400277,0.23329471131103105,0.1636,-0.9,0.0,0.0,0.0,0.0,0.0,0.0,0.0,0.0,1.0
1723,1,0.09172577743619553,0.23329471131103105,0.2982,0.6,0.0,0.0,0.0,0.0,0.0,0.0,0.0,0.0,1.0
1724,1,0.09832583274088398,0.23329471131103105,0.16760000000000003,-1.6,0.0,0.0,0.0,0.0,0.0,0.0,0.0,0.0,1.0
1725,0,0.09211358814728446,0.23329471131103105,0.005600000000000001,-0.9,0.0,0.0,0.0,0.0,0.0,0.0,0.0,0.0,1.0
1726,1,0.10132903549809667,0.23329471131103105,0.17579999999999998,1.5,0.0,0.0,0.0,0.0,0.0,0.0,0.0,0.0,1.0
1727,0,0.09859352946443425,0.23329471131103105,0.0572,-1.4,0.0,0.0,0.0,0.0,0.0,0.0,0.0,0.0,1.0
1728,0,0.0985850558145197,0.23329471131103105,0.37799999999999995,-0.8,0.0,0.0,0.0,0.0,0.0,0.0,0.0,0.0,1.0
1729,0,0.09768282393986873,0.23329471131103105,0.3486,-0.6,0.0,0.0,0.0,0.0,0.0,0.0,0.0,0.0,1.0
1730,1,0.1122690824477663,0.23329471131103105,0.6265999999999999,-0.5,0.0,0.0,0.0,0.0,0.0,0.0,0.0,0.0,1.0
1731,1,0.14304622630237881,0.23329471131103105,0.6437999999999999,0.5,0.0,0.0,0.0,0.0,0.0,0.0,0.0,0.0,1.0
1732,1,0.17690763749838648,0.23329471131103105,0.33020000000000005,2.2,0.0,0.0,0.0,0.0,0.0,0.0,0.0,0.0,1.0
1733,1,0.20150473662907473,0.23329471131103105,0.5094,-0.7,0.0,0.0,0.0,0.0,0.0,0.0,0.0,0.0,1.0
1734,1,0.2077726248571131,0.23329471131103105,0.252,-1.1,0.0,0.0,0.0,0.0,0.0,0.0,0.0,0.0,1.0
1735,1,0.21103250859298714,0.23329471131103105,0.15539999999999998,0.6,0.0,0.0,0.0,0.0,0.0,0.0,0.0,0.0,1.0
1736,0,0.16944065719369097,0.23329471131103105,0.42200000000000004,0.1,0.0,0.0,0.0,0.0,0.0,0.0,0.0,0.0,1.0
1737,1,0.21638877331771922,0.23329471131103105,0.7173999999999999,-1.2,0.0,0.0,0.0,0.0,0.0,0.0,0.0,0.0,1.0
1738,0,0.21595760576456755,0.23329471131103105,0.4266,-1.2,0.0,0.0,0.0,0.0,0.0,0.0,0.0,0.0,1.0
1739,1,0.2309354881260156,0.23329471131103105,0.1744,-0.8,0.0,0.0,0.0,0.0,0.0,0.0,0.0,0.0,1.0
1740,0,0.21126744053686786,0.23329471131103105,0.332,1.2,0.0,0.0,0.0,0.0,0.0,0.0,0.0,0.0,1.0
1741,0,0.20708498816654788,0.23329471131103105,0.501,-1.1,0.0,0.0,0.0,0.0,0.0,0.0,0.0,0.0,1.0
1742,1,0.05783725056046133,0.13551952962217376,0.1016,0.6,0.0,0.0,0.0,0.0,0.0,0.0,0.0,0.0,1.0
1743,1,0.05783725056046133,0.118549935358491,0.1016,0.6,0.0,0.0,0.0,0.0,0.0,0.0,0.0,0.0,1.0
1744,1,0.05783725056046133,0.13551952962217376,0.1016,0.6,0.0,0.0,0.0,0.0,0.0,0.0,0.0,0.0,1.0
1745,1,0.05783725056046133,0.118549935358491,0.1016,0.6,0.0,0.0,0.0,0.0,0.0,0.0,0.0,0.0,1.0
1746,0,0.0548562911342743,0.13551952962217376,0.1656,0.0,0.0,0.0,0.0,0.0,0.0,0.0,0.0,0.0,1.0
1747,0,0.0548562911342743,0.118549935358491,0.1656,0.0,0.0,0.0,0.0,0.0,0.0,0.0,0.0,0.0,1.0
1748,0,0.0548562911342743,0.13551952962217376,0.1656,0.0,0.0,0.0,0.0,0.0,0.0,0.0,0.0,0.0,1.0
1749,0,0.0548562911342743,0.118549935358491,0.1656,0.0,0.0,0.0,0.0,0.0,0.0,0.0,0.0,0.0,1.0
1750,1,0.05868313266318061,0.13551952962217376,0.4886,0.1,0.0,0.0,0.0,0.0,0.0,0.0,0.0,0.0,1.0
1751,1,0.05868313266318061,0.118549935358491,0.4886,0.1,0.0,0.0,0.0,0.0,0.0,0.0,0.0,0.0,1.0
1752,1,0.05868313266318061,0.13551952962217376,0.4886,0.1,0.0,0.0,0.0,0.0,0.0,0.0,0.0,0.0,1.0
1753,1,0.05868313266318061,0.118549935358491,0.4886,0.1,0.0,0.0,0.0,0.0,0.0,0.0,0.0,0.0,1.0
1754,0,0.05407283158592549,0.13551952962217376,0.5682,2.5,0.0,0.0,0.0,0.0,0.0,0.0,0.0,0.0,1.0
1755,0,0.05407283158592549,0.118549935358491,0.5682,2.5,0.0,0.0,0.0,0.0,0.0,0.0,0.0,0.0,1.0
1756,0,0.05407283158592549,0.13551952962217376,0.5682,2.5,0.0,0.0,0.0,0.0,0.0,0.0,0.0,0.0,1.0
1757,0,0.05407283158592549,0.118549935358491,0.5682,2.5,0.0,0.0,0.0,0.0,0.0,0.0,0.0,0.0,1.0
1758,1,0.06618358388503856,0.13551952962217376,0.1202,-0.5,0.0,0.0,0.0,0.0,0.0,0.0,0.0,0.0,1.0
1759,1,0.06618358388503856,0.118549935358491,0.1202,-0.5,0.0,0.0,0.0,0.0,0.0,0.0,0.0,0.0,1.0
1760,1,0.06618358388503856,0.13551952962217376,0.1202,-0.5,0.0,0.0,0.0,0.0,0.0,0.0,0.0,0.0,1.0
1761,1,0.06618358388503856,0.118549935358491,0.1202,-0.5,0.0,0.0,0.0,0.0,0.0,0.0,0.0,0.0,1.0
1762,0,0.0617486167472652,0.13551952962217376,0.044199999999999996,-0.8,0.0,0.0,0.0,0.0,0.0,0.0,0.0,0.0,1.0
1763,0,0.0617486167472652,0.118549935358491,0.044199999999999996,-0.8,0.0,0.0,0.0,0.0,0.0,0.0,0.0,0.0,1.0
1764,0,0.0617486167472652,0.13551952962217376,0.044199999999999996,-0.8,0.0,0.0,0.0,0.0,0.0,0.0,0.0,0.0,1.0
1765,0,0.0617486167472652,0.118549935358491,0.044199999999999996,-0.8,0.0,0.0,0.0,0.0,0.0,0.0,0.0,0.0,1.0
1766,1,0.0726463660611114,0.13551952962217376,0.139,-0.3,0.0,0.0,0.0,0.0,0.0,0.0,0.0,0.0,1.0
1767,1,0.0726463660611114,0.118549935358491,0.139,-0.3,0.0,0.0,0.0,0.0,0.0,0.0,0.0,0.0,1.0
1768,1,0.0726463660611114,0.13551952962217376,0.139,-0.3,0.0,0.0,0.0,0.0,0.0,0.0,0.0,0.0,1.0
1769,1,0.0726463660611114,0.118549935358491,0.139,-0.3,0.0,0.0,0.0,0.0,0.0,0.0,0.0,0.0,1.0
1770,1,0.07634560854505454,0.13551952962217376,0.027999999999999997,1.6,0.0,0.0,0.0,0.0,0.0,0.0,0.0,0.0,1.0
1771,1,0.07634560854505454,0.118549935358491,0.027999999999999997,1.6,0.0,0.0,0.0,0.0,0.0,0.0,0.0,0.0,1.0
1772,1,0.07634560854505454,0.13551952962217376,0.027999999999999997,1.6,0.0,0.0,0.0,0.0,0.0,0.0,0.0,0.0,1.0
1773,1,0.07634560854505454,0.118549935358491,0.027999999999999997,1.6,0.0,0.0,0.0,0.0,0.0,0.0,0.0,0.0,1.0
1774,0,0.07115712208863043,0.13551952962217376,0.008199999999999999,0.7,0.0,0.0,0.0,0.0,0.0,0.0,0.0,0.0,1.0
1775,0,0.07115712208863043,0.118549935358491,0.008199999999999999,0.7,0.0,0.0,0.0,0.0,0.0,0.0,0.0,0.0,1.0
1776,0,0.07115712208863043,0.13551952962217376,0.008199999999999999,0.7,0.0,0.0,0.0,0.0,0.0,0.0,0.0,0.0,1.0
1777,0,0.07115712208863043,0.118549935358491,0.008199999999999999,0.7,0.0,0.0,0.0,0.0,0.0,0.0,0.0,0.0,1.0
1778,1,0.07325110221001263,0.13551952962217376,0.0154,-1.7,0.0,0.0,0.0,0.0,0.0,0.0,0.0,0.0,1.0
1779,1,0.07325110221001263,0.118549935358491,0.0154,-1.7,0.0,0.0,0.0,0.0,0.0,0.0,0.0,0.0,1.0
1780,1,0.07325110221001263,0.13551952962217376,0.0154,-1.7,0.0,0.0,0.0,0.0,0.0,0.0,0.0,0.0,1.0
1781,1,0.07325110221001263,0.118549935358491,0.0154,-1.7,0.0,0.0,0.0,0.0,0.0,0.0,0.0,0.0,1.0
1782,1,0.07505302386434025,0.13551952962217376,0.1656,0.2,0.0,0.0,0.0,0.0,0.0,0.0,0.0,0.0,1.0
1783,1,0.07505302386434025,0.118549935358491,0.1656,0.2,0.0,0.0,0.0,0.0,0.0,0.0,0.0,0.0,1.0
1784,1,0.07505302386434025,0.13551952962217376,0.1656,0.2,0.0,0.0,0.0,0.0,0.0,0.0,0.0,0.0,1.0
1785,1,0.07505302386434025,0.118549935358491,0.1656,0.2,0.0,0.0,0.0,0.0,0.0,0.0,0.0,0.0,1.0
1786,1,0.07562887898978275,0.13551952962217376,0.0,0.6,0.0,0.0,0.0,0.0,0.0,0.0,0.0,0.0,1.0
1787,1,0.07562887898978275,0.118549935358491,0.0,0.6,0.0,0.0,0.0,0.0,0.0,0.0,0.0,0.0,1.0
1788,1,0.07562887898978275,0.13551952962217376,0.0,0.6,0.0,0.0,0.0,0.0,0.0,0.0,0.0,0.0,1.0
1789,1,0.07562887898978275,0.118549935358491,0.0,0.6,0.0,0.0,0.0,0.0,0.0,0.0,0.0,0.0,1.0
1790,0,0.04501245202854942,0.13551952962217376,0.1998,2.3,0.0,0.0,0.0,0.0,0.0,0.0,0.0,0.0,1.0
1791,0,0.04501245202854942,0.118549935358491,0.1998,2.3,0.0,0.0,0.0,0.0,0.0,0.0,0.0,0.0,1.0
1792,0,0.04501245202854942,0.13551952962217376,0.1998,2.3,0.0,0.0,0.0,0.0,0.0,0.0,0.0,0.0,1.0
1793,0,0.04501245202854942,0.118549935358491,0.1998,2.3,0.0,0.0,0.0,0.0,0.0,0.0,0.0,0.0,1.0
1794,0,0.044946710627962426,0.13551952962217376,0.0814,0.5,0.0,0.0,0.0,0.0,0.0,0.0,0.0,0.0,1.0
1795,0,0.044946710627962426,0.118549935358491,0.0814,0.5,0.0,0.0,0.0,0.0,0.0,0.0,0.0,0.0,1.0
1796,0,0.044946710627962426,0.13551952962217376,0.0814,0.5,0.0,0.0,0.0,0.0,0.0,0.0,0.0,0.0,1.0
1797,0,0.044946710627962426,0.118549935358491,0.0814,0.5,0.0,0.0,0.0,0.0,0.0,0.0,0.0,0.0,1.0
1798,1,0.05126063902053646,0.13551952962217376,0.001,0.3,0.0,0.0,0.0,0.0,0.0,0.0,0.0,0.0,1.0
1799,1,0.05126063902053646,0.118549935358491,0.001,0.3,0.0,0.0,0.0,0.0,0.0,0.0,0.0,0.0,1.0
1800,1,0.05126063902053646,0.13551952962217376,0.001,0.3,0.0,0.0,0.0,0.0,0.0,0.0,0.0,0.0,1.0
1801,1,0.05126063902053646,0.118549935358491,0.001,0.3,0.0,0.0,0.0,0.0,0.0,0.0,0.0,0.0,1.0
1802,1,0.05880670672443436,0.13551952962217376,0.3274,1.3,0.0,0.0,0.0,0.0,0.0,0.0,0.0,0.0,1.0
1803,1,0.05880670672443436,0.118549935358491,0.3274,1.3,0.0,0.0,0.0,0.0,0.0,0.0,0.0,0.0,1.0
1804,1,0.05880670672443436,0.13551952962217376,0.3274,1.3,0.0,0.0,0.0,0.0,0.0,0.0,0.0,0.0,1.0
1805,1,0.05880670672443436,0.118549935358491,0.3274,1.3,0.0,0.0,0.0,0.0,0.0,0.0,0.0,0.0,1.0
1806,0,0.035500991840722494,0.13551952962217376,0.6344,-0.9,0.0,0.0,0.0,0.0,0.0,0.0,0.0,0.0,1.0
1807,0,0.035500991840722494,0.118549935358491,0.6344,-0.9,0.0,0.0,0.0,0.0,0.0,0.0,0.0,0.0,1.0
1808,0,0.035500991840722494,0.13551952962217376,0.6344,-0.9,0.0,0.0,0.0,0.0,0.0,0.0,0.0,0.0,1.0
1809,0,0.035500991840722494,0.118549935358491,0.6344,-0.9,0.0,0.0,0.0,0.0,0.0,0.0,0.0,0.0,1.0
1810,0,0.034227755327313085,0.13551952962217376,0.295,-0.2,0.0,0.0,0.0,0.0,0.0,0.0,0.0,0.0,1.0
1811,0,0.034227755327313085,0.118549935358491,0.295,-0.2,0.0,0.0,0.0,0.0,0.0,0.0,0.0,0.0,1.0
1812,0,0.034227755327313085,0.13551952962217376,0.295,-0.2,0.0,0.0,0.0,0.0,0.0,0.0,0.0,0.0,1.0
1813,0,0.034227755327313085,0.118549935358491,0.295,-0.2,0.0,0.0,0.0,0.0,0.0,0.0,0.0,0.0,1.0
1814,1,0.03814639473029361,0.13551952962217376,0.4722,2.2,0.0,0.0,0.0,0.0,0.0,0.0,0.0,0.0,1.0
1815,1,0.03814639473029361,0.118549935358491,0.4722,2.2,0.0,0.0,0.0,0.0,0.0,0.0,0.0,0.0,1.0
1816,1,0.03814639473029361,0.13551952962217376,0.4722,2.2,0.0,0.0,0.0,0.0,0.0,0.0,0.0,0.0,1.0
1817,1,0.03814639473029361,0.118549935358491,0.4722,2.2,0.0,0.0,0.0,0.0,0.0,0.0,0.0,0.0,1.0
1818,1,0.039510793594033644,0.13551952962217376,0.0006,-1.5,0.0,0.0,0.0,0.0,0.0,0.0,0.0,0.0,1.0
1819,1,0.039510793594033644,0.118549935358491,0.0006,-1.5,0.0,0.0,0.0,0.0,0.0,0.0,0.0,0.0,1.0
1820,1,0.039510793594033644,0.13551952962217376,0.0006,-1.5,0.0,0.0,0.0,0.0,0.0,0.0,0.0,0.0,1.0
1821,1,0.039510793594033644,0.118549935358491,0.0006,-1.5,0.0,0.0,0.0,0.0,0.0,0.0,0.0,0.0,1.0
1822,0,0.03735375539453738,0.13551952962217376,0.045599999999999995,-1.7,0.0,0.0,0.0,0.0,0.0,0.0,0.0,0.0,1.0
1823,0,0.03735375539453738,0.118549935358491,0.045599999999999995,-1.7,0.0,0.0,0.0,0.0,0.0,0.0,0.0,0.0,1.0
1824,0,0.03735375539453738,0.13551952962217376,0.045599999999999995,-1.7,0.0,0.0,0.0,0.0,0.0,0.0,0.0,0.0,1.0
1825,0,0.03735375539453738,0.118549935358491,0.045599999999999995,-1.7,0.0,0.0,0.0,0.0,0.0,0.0,0.0,0.0,1.0
1826,1,0.03825761138542199,0.13551952962217376,0.0748,-0.6,0.0,0.0,0.0,0.0,0.0,0.0,0.0,0.0,1.0
1827,1,0.03825761138542199,0.118549935358491,0.0748,-0.6,0.0,0.0,0.0,0.0,0.0,0.0,0.0,0.0,1.0
1828,1,0.03825761138542199,0.13551952962217376,0.0748,-0.6,0.0,0.0,0.0,0.0,0.0,0.0,0.0,0.0,1.0
1829,1,0.03825761138542199,0.118549935358491,0.0748,-0.6,0.0,0.0,0.0,0.0,0.0,0.0,0.0,0.0,1.0
1830,1,0.03851415113658479,0.13551952962217376,0.16879999999999998,-0.1,0.0,0.0,0.0,0.0,0.0,0.0,0.0,0.0,1.0
1831,1,0.03851415113658479,0.118549935358491,0.16879999999999998,-0.1,0.0,0.0,0.0,0.0,0.0,0.0,0.0,0.0,1.0
1832,1,0.03851415113658479,0.13551952962217376,0.16879999999999998,-0.1,0.0,0.0,0.0,0.0,0.0,0.0,0.0,0.0,1.0
1833,1,0.03851415113658479,0.118549935358491,0.16879999999999998,-0.1,0.0,0.0,0.0,0.0,0.0,0.0,0.0,0.0,1.0
1834,1,0.03926032662530961,0.13551952962217376,0.2738,0.9,0.0,0.0,0.0,0.0,0.0,0.0,0.0,0.0,1.0
1835,1,0.03926032662530961,0.118549935358491,0.2738,0.9,0.0,0.0,0.0,0.0,0.0,0.0,0.0,0.0,1.0
1836,1,0.03926032662530961,0.13551952962217376,0.2738,0.9,0.0,0.0,0.0,0.0,0.0,0.0,0.0,0.0,1.0
1837,1,0.03926032662530961,0.118549935358491,0.2738,0.9,0.0,0.0,0.0,0.0,0.0,0.0,0.0,0.0,1.0
1838,0,0.03707468985735175,0.13551952962217376,0.1116,0.3,0.0,0.0,0.0,0.0,0.0,0.0,0.0,0.0,1.0
1839,0,0.03707468985735175,0.118549935358491,0.1116,0.3,0.0,0.0,0.0,0.0,0.0,0.0,0.0,0.0,1.0
1840,0,0.03707468985735175,0.13551952962217376,0.1116,0.3,0.0,0.0,0.0,0.0,0.0,0.0,0.0,0.0,1.0
1841,0,0.03707468985735175,0.118549935358491,0.1116,0.3,0.0,0.0,0.0,0.0,0.0,0.0,0.0,0.0,1.0
1842,1,0.0420076251551031,0.13551952962217376,0.3014,0.6,0.0,0.0,0.0,0.0,0.0,0.0,0.0,0.0,1.0
1843,1,0.0420076251551031,0.118549935358491,0.3014,0.6,0.0,0.0,0.0,0.0,0.0,0.0,0.0,0.0,1.0
1844,1,0.0420076251551031,0.13551952962217376,0.3014,0.6,0.0,0.0,0.0,0.0,0.0,0.0,0.0,0.0,1.0
1845,1,0.0420076251551031,0.118549935358491,0.3014,0.6,0.0,0.0,0.0,0.0,0.0,0.0,0.0,0.0,1.0
1846,0,0.03903287973885341,0.13551952962217376,0.1636,-0.9,0.0,0.0,0.0,0.0,0.0,0.0,0.0,0.0,1.0
1847,0,0.03903287973885341,0.118549935358491,0.1636,-0.9,0.0,0.0,0.0,0.0,0.0,0.0,0.0,0.0,1.0
1848,0,0.03903287973885341,0.13551952962217376,0.1636,-0.9,0.0,0.0,0.0,0.0,0.0,0.0,0.0,0.0,1.0
1849,0,0.03903287973885341,0.118549935358491,0.1636,-0.9,0.0,0.0,0.0,0.0,0.0,0.0,0.0,0.0,1.0
1850,1,0.04096508376061713,0.13551952962217376,0.2982,0.6,0.0,0.0,0.0,0.0,0.0,0.0,0.0,0.0,1.0
1851,1,0.04096508376061713,0.118549935358491,0.2982,0.6,0.0,0.0,0.0,0.0,0.0,0.0,0.0,0.0,1.0
1852,1,0.04096508376061713,0.13551952962217376,0.2982,0.6,0.0,0.0,0.0,0.0,0.0,0.0,0.0,0.0,1.0
1853,1,0.04096508376061713,0.118549935358491,0.2982,0.6,0.0,0.0,0.0,0.0,0.0,0.0,0.0,0.0,1.0
1854,0,0.040593726053112275,0.13551952962217376,0.16760000000000003,-1.6,0.0,0.0,0.0,0.0,0.0,0.0,0.0,0.0,1.0
1855,0,0.040593726053112275,0.118549935358491,0.16760000000000003,-1.6,0.0,0.0,0.0,0.0,0.0,0.0,0.0,0.0,1.0
1856,0,0.040593726053112275,0.13551952962217376,0.16760000000000003,-1.6,0.0,0.0,0.0,0.0,0.0,0.0,0.0,0.0,1.0
1857,0,0.040593726053112275,0.118549935358491,0.16760000000000003,-1.6,0.0,0.0,0.0,0.0,0.0,0.0,0.0,0.0,1.0
1858,1,0.043024674986096155,0.13551952962217376,0.005600000000000001,-0.9,0.0,0.0,0.0,0.0,0.0,0.0,0.0,0.0,1.0
1859,1,0.043024674986096155,0.118549935358491,0.005600000000000001,-0.9,0.0,0.0,0.0,0.0,0.0,0.0,0.0,0.0,1.0
1860,1,0.043024674986096155,0.13551952962217376,0.005600000000000001,-0.9,0.0,0.0,0.0,0.0,0.0,0.0,0.0,0.0,1.0
1861,1,0.043024674986096155,0.118549935358491,0.005600000000000001,-0.9,0.0,0.0,0.0,0.0,0.0,0.0,0.0,0.0,1.0
1862,0,0.04224149789274449,0.13551952962217376,0.17579999999999998,1.5,0.0,0.0,0.0,0.0,0.0,0.0,0.0,0.0,1.0
1863,0,0.04224149789274449,0.118549935358491,0.17579999999999998,1.5,0.0,0.0,0.0,0.0,0.0,0.0,0.0,0.0,1.0
1864,0,0.04224149789274449,0.13551952962217376,0.17579999999999998,1.5,0.0,0.0,0.0,0.0,0.0,0.0,0.0,0.0,1.0
1865,0,0.04224149789274449,0.118549935358491,0.17579999999999998,1.5,0.0,0.0,0.0,0.0,0.0,0.0,0.0,0.0,1.0
1866,0,0.040024579233852116,0.13551952962217376,0.0572,-1.4,0.0,0.0,0.0,0.0,0.0,0.0,0.0,0.0,1.0
1867,0,0.040024579233852116,0.118549935358491,0.0572,-1.4,0.0,0.0,0.0,0.0,0.0,0.0,0.0,0.0,1.0
1868,0,0.040024579233852116,0.13551952962217376,0.0572,-1.4,0.0,0.0,0.0,0.0,0.0,0.0,0.0,0.0,1.0
1869,0,0.040024579233852116,0.118549935358491,0.0572,-1.4,0.0,0.0,0.0,0.0,0.0,0.0,0.0,0.0,1.0
1870,1,0.04173505608285196,0.13551952962217376,0.37799999999999995,-0.8,0.0,0.0,0.0,0.0,0.0,0.0,0.0,0.0,1.0
1871,1,0.04173505608285196,0.118549935358491,0.37799999999999995,-0.8,0.0,0.0,0.0,0.0,0.0,0.0,0.0,0.0,1.0
1872,1,0.04173505608285196,0.13551952962217376,0.37799999999999995,-0.8,0.0,0.0,0.0,0.0,0.0,0.0,0.0,0.0,1.0
1873,1,0.04173505608285196,0.118549935358491,0.37799999999999995,-0.8,0.0,0.0,0.0,0.0,0.0,0.0,0.0,0.0,1.0
1874,0,0.04007640972582941,0.13551952962217376,0.3486,-0.6,0.0,0.0,0.0,0.0,0.0,0.0,0.0,0.0,1.0
1875,0,0.04007640972582941,0.118549935358491,0.3486,-0.6,0.0,0.0,0.0,0.0,0.0,0.0,0.0,0.0,1.0
1876,0,0.04007640972582941,0.13551952962217376,0.3486,-0.6,0.0,0.0,0.0,0.0,0.0,0.0,0.0,0.0,1.0
1877,0,0.04007640972582941,0.118549935358491,0.3486,-0.6,0.0,0.0,0.0,0.0,0.0,0.0,0.0,0.0,1.0
1878,0,0.03546702662731504,0.13551952962217376,0.6265999999999999,-0.5,0.0,0.0,0.0,0.0,0.0,0.0,0.0,0.0,1.0
1879,0,0.03546702662731504,0.118549935358491,0.6265999999999999,-0.5,0.0,0.0,0.0,0.0,0.0,0.0,0.0,0.0,1.0
1880,0,0.03546702662731504,0.13551952962217376,0.6265999999999999,-0.5,0.0,0.0,0.0,0.0,0.0,0.0,0.0,0.0,1.0
1881,0,0.03546702662731504,0.118549935358491,0.6265999999999999,-0.5,0.0,0.0,0.0,0.0,0.0,0.0,0.0,0.0,1.0
1882,0,0.03305471972414315,0.13551952962217376,0.6437999999999999,0.5,0.0,0.0,0.0,0.0,0.0,0.0,0.0,0.0,1.0
1883,0,0.03305471972414315,0.118549935358491,0.6437999999999999,0.5,0.0,0.0,0.0,0.0,0.0,0.0,0.0,0.0,1.0
1884,0,0.03305471972414315,0.13551952962217376,0.6437999999999999,0.5,0.0,0.0,0.0,0.0,0.0,0.0,0.0,0.0,1.0
1885,0,0.03305471972414315,0.118549935358491,0.6437999999999999,0.5,0.0,0.0,0.0,0.0,0.0,0.0,0.0,0.0,1.0
1886,1,0.04289636980364011,0.13551952962217376,0.33020000000000005,2.2,0.0,0.0,0.0,0.0,0.0,0.0,0.0,0.0,1.0
1887,1,0.04289636980364011,0.118549935358491,0.33020000000000005,2.2,0.0,0.0,0.0,0.0,0.0,0.0,0.0,0.0,1.0
1888,1,0.04289636980364011,0.13551952962217376,0.33020000000000005,2.2,0.0,0.0,0.0,0.0,0.0,0.0,0.0,0.0,1.0
1889,1,0.04289636980364011,0.118549935358491,0.33020000000000005,2.2,0.0,0.0,0.0,0.0,0.0,0.0,0.0,0.0,1.0
1890,1,0.04893052652153564,0.13551952962217376,0.5094,-0.7,0.0,0.0,0.0,0.0,0.0,0.0,0.0,0.0,1.0
1891,1,0.04893052652153564,0.118549935358491,0.5094,-0.7,0.0,0.0,0.0,0.0,0.0,0.0,0.0,0.0,1.0
1892,1,0.04893052652153564,0.13551952962217376,0.5094,-0.7,0.0,0.0,0.0,0.0,0.0,0.0,0.0,0.0,1.0
1893,1,0.04893052652153564,0.118549935358491,0.5094,-0.7,0.0,0.0,0.0,0.0,0.0,0.0,0.0,0.0,1.0
1894,1,0.049360634868447995,0.13551952962217376,0.252,-1.1,0.0,0.0,0.0,0.0,0.0,0.0,0.0,0.0,1.0
1895,1,0.049360634868447995,0.118549935358491,0.252,-1.1,0.0,0.0,0.0,0.0,0.0,0.0,0.0,0.0,1.0
1896,1,0.049360634868447995,0.13551952962217376,0.252,-1.1,0.0,0.0,0.0,0.0,0.0,0.0,0.0,0.0,1.0
1897,1,0.049360634868447995,0.118549935358491,0.252,-1.1,0.0,0.0,0.0,0.0,0.0,0.0,0.0,0.0,1.0
1898,0,0.0446356570623494,0.13551952962217376,0.15539999999999998,0.6,0.0,0.0,0.0,0.0,0.0,0.0,0.0,0.0,1.0
1899,0,0.0446356570623494,0.118549935358491,0.15539999999999998,0.6,0.0,0.0,0.0,0.0,0.0,0.0,0.0,0.0,1.0
1900,0,0.0446356570623494,0.13551952962217376,0.15539999999999998,0.6,0.0,0.0,0.0,0.0,0.0,0.0,0.0,0.0,1.0
1901,0,0.0446356570623494,0.118549935358491,0.15539999999999998,0.6,0.0,0.0,0.0,0.0,0.0,0.0,0.0,0.0,1.0
1902,0,0.029310143213157204,0.13551952962217376,0.42200000000000004,0.1,0.0,0.0,0.0,0.0,0.0,0.0,0.0,0.0,1.0
1903,0,0.029310143213157204,0.118549935358491,0.42200000000000004,0.1,0.0,0.0,0.0,0.0,0.0,0.0,0.0,0.0,1.0
1904,0,0.029310143213157204,0.13551952962217376,0.42200000000000004,0.1,0.0,0.0,0.0,0.0,0.0,0.0,0.0,0.0,1.0
1905,0,0.029310143213157204,0.118549935358491,0.42200000000000004,0.1,0.0,0.0,0.0,0.0,0.0,0.0,0.0,0.0,1.0
1906,1,0.039749750521623765,0.13551952962217376,0.7173999999999999,-1.2,0.0,0.0,0.0,0.0,0.0,0.0,0.0,0.0,1.0
1907,1,0.039749750521623765,0.118549935358491,0.7173999999999999,-1.2,0.0,0.0,0.0,0.0,0.0,0.0,0.0,0.0,1.0
1908,1,0.039749750521623765,0.13551952962217376,0.7173999999999999,-1.2,0.0,0.0,0.0,0.0,0.0,0.0,0.0,0.0,1.0
1909,1,0.039749750521623765,0.118549935358491,0.7173999999999999,-1.2,0.0,0.0,0.0,0.0,0.0,0.0,0.0,0.0,1.0
1910,1,0.045262424701028446,0.13551952962217376,0.4266,-1.2,0.0,0.0,0.0,0.0,0.0,0.0,0.0,0.0,1.0
1911,1,0.045262424701028446,0.118549935358491,0.4266,-1.2,0.0,0.0,0.0,0.0,0.0,0.0,0.0,0.0,1.0
1912,1,0.045262424701028446,0.13551952962217376,0.4266,-1.2,0.0,0.0,0.0,0.0,0.0,0.0,0.0,0.0,1.0
1913,1,0.045262424701028446,0.118549935358491,0.4266,-1.2,0.0,0.0,0.0,0.0,0.0,0.0,0.0,0.0,1.0
1914,1,0.045409230685797906,0.13551952962217376,0.1744,-0.8,0.0,0.0,0.0,0.0,0.0,0.0,0.0,0.0,1.0
1915,1,0.045409230685797906,0.118549935358491,0.1744,-0.8,0.0,0.0,0.0,0.0,0.0,0.0,0.0,0.0,1.0
1916,1,0.045409230685797906,0.13551952962217376,0.1744,-0.8,0.0,0.0,0.0,0.0,0.0,0.0,0.0,0.0,1.0
1917,1,0.045409230685797906,0.118549935358491,0.1744,-0.8,0.0,0.0,0.0,0.0,0.0,0.0,0.0,0.0,1.0
1918,1,0.04938647950068736,0.13551952962217376,0.332,1.2,0.0,0.0,0.0,0.0,0.0,0.0,0.0,0.0,1.0
1919,1,0.04938647950068736,0.118549935358491,0.332,1.2,0.0,0.0,0.0,0.0,0.0,0.0,0.0,0.0,1.0
1920,1,0.04938647950068736,0.13551952962217376,0.332,1.2,0.0,0.0,0.0,0.0,0.0,0.0,0.0,0.0,1.0
1921,1,0.04938647950068736,0.118549935358491,0.332,1.2,0.0,0.0,0.0,0.0,0.0,0.0,0.0,0.0,1.0
1922,1,0.0550639661709299,0.13551952962217376,0.501,-1.1,0.0,0.0,0.0,0.0,0.0,0.0,0.0,0.0,1.0
1923,1,0.0550639661709299,0.118549935358491,0.501,-1.1,0.0,0.0,0.0,0.0,0.0,0.0,0.0,0.0,1.0
1924,1,0.0550639661709299,0.13551952962217376,0.501,-1.1,0.0,0.0,0.0,0.0,0.0,0.0,0.0,0.0,1.0
1925,1,0.0550639661709299,0.118549935358491,0.501,-1.1,0.0,0.0,0.0,0.0,0.0,0.0,0.0,0.0,1.0
1926,1,0.004100964103641777,0.01817263385297442,0.0684,0.6,0.0,0.0,1.0,0.0,0.0,0.0,0.0,0.0,0.0
1927,1,0.004100964103641777,0.14810017894304733,0.0684,0.6,0.0,0.0,1.0,0.0,0.0,0.0,0.0,0.0,0.0
1928,1,0.004100964103641777,0.0344957910220529,0.0684,0.6,0.0,0.0,1.0,0.0,0.0,0.0,0.0,0.0,0.0
1929,1,0.004100964103641777,0.01817263385297442,0.0684,0.6,0.0,0.0,1.0,0.0,0.0,0.0,0.0,0.0,0.0
1930,1,0.004100964103641777,0.14810017894304733,0.0684,0.6,0.0,0.0,1.0,0.0,0.0,0.0,0.0,0.0,0.0
1931,1,0.004100964103641777,0.0344957910220529,0.0684,0.6,0.0,0.0,1.0,0.0,0.0,0.0,0.0,0.0,0.0
1932,1,0.004100964103641777,0.01817263385297442,0.0684,0.6,0.0,0.0,1.0,0.0,0.0,0.0,0.0,0.0,0.0
1933,1,0.004100964103641777,0.14810017894304733,0.0684,0.6,0.0,0.0,1.0,0.0,0.0,0.0,0.0,0.0,0.0
1934,1,0.004100964103641777,0.0344957910220529,0.0684,0.6,0.0,0.0,1.0,0.0,0.0,0.0,0.0,0.0,0.0
1935,0,0.0031384987008482405,0.01817263385297442,0.3826,2.3,0.0,0.0,1.0,0.0,0.0,0.0,0.0,0.0,0.0
1936,0,0.0031384987008482405,0.14810017894304733,0.3826,2.3,0.0,0.0,1.0,0.0,0.0,0.0,0.0,0.0,0.0
1937,0,0.0031384987008482405,0.0344957910220529,0.3826,2.3,0.0,0.0,1.0,0.0,0.0,0.0,0.0,0.0,0.0
1938,0,0.0031384987008482405,0.01817263385297442,0.3826,2.3,0.0,0.0,1.0,0.0,0.0,0.0,0.0,0.0,0.0
1939,0,0.0031384987008482405,0.14810017894304733,0.3826,2.3,0.0,0.0,1.0,0.0,0.0,0.0,0.0,0.0,0.0
1940,0,0.0031384987008482405,0.0344957910220529,0.3826,2.3,0.0,0.0,1.0,0.0,0.0,0.0,0.0,0.0,0.0
1941,0,0.0031384987008482405,0.01817263385297442,0.3826,2.3,0.0,0.0,1.0,0.0,0.0,0.0,0.0,0.0,0.0
1942,0,0.0031384987008482405,0.14810017894304733,0.3826,2.3,0.0,0.0,1.0,0.0,0.0,0.0,0.0,0.0,0.0
1943,0,0.0031384987008482405,0.0344957910220529,0.3826,2.3,0.0,0.0,1.0,0.0,0.0,0.0,0.0,0.0,0.0
1944,1,0.00333092116765766,0.01817263385297442,0.1592,0.5,0.0,0.0,1.0,0.0,0.0,0.0,0.0,0.0,0.0
1945,1,0.00333092116765766,0.14810017894304733,0.1592,0.5,0.0,0.0,1.0,0.0,0.0,0.0,0.0,0.0,0.0
1946,1,0.00333092116765766,0.0344957910220529,0.1592,0.5,0.0,0.0,1.0,0.0,0.0,0.0,0.0,0.0,0.0
1947,1,0.00333092116765766,0.01817263385297442,0.1592,0.5,0.0,0.0,1.0,0.0,0.0,0.0,0.0,0.0,0.0
1948,1,0.00333092116765766,0.14810017894304733,0.1592,0.5,0.0,0.0,1.0,0.0,0.0,0.0,0.0,0.0,0.0
1949,1,0.00333092116765766,0.0344957910220529,0.1592,0.5,0.0,0.0,1.0,0.0,0.0,0.0,0.0,0.0,0.0
1950,1,0.00333092116765766,0.01817263385297442,0.1592,0.5,0.0,0.0,1.0,0.0,0.0,0.0,0.0,0.0,0.0
1951,1,0.00333092116765766,0.14810017894304733,0.1592,0.5,0.0,0.0,1.0,0.0,0.0,0.0,0.0,0.0,0.0
1952,1,0.00333092116765766,0.0344957910220529,0.1592,0.5,0.0,0.0,1.0,0.0,0.0,0.0,0.0,0.0,0.0
1953,0,0.002721665738802001,0.01817263385297442,0.14,0.3,0.0,0.0,1.0,0.0,0.0,0.0,0.0,0.0,0.0
1954,0,0.002721665738802001,0.14810017894304733,0.14,0.3,0.0,0.0,1.0,0.0,0.0,0.0,0.0,0.0,0.0
1955,0,0.002721665738802001,0.0344957910220529,0.14,0.3,0.0,0.0,1.0,0.0,0.0,0.0,0.0,0.0,0.0
1956,0,0.002721665738802001,0.01817263385297442,0.14,0.3,0.0,0.0,1.0,0.0,0.0,0.0,0.0,0.0,0.0
1957,0,0.002721665738802001,0.14810017894304733,0.14,0.3,0.0,0.0,1.0,0.0,0.0,0.0,0.0,0.0,0.0
1958,0,0.002721665738802001,0.0344957910220529,0.14,0.3,0.0,0.0,1.0,0.0,0.0,0.0,0.0,0.0,0.0
1959,0,0.002721665738802001,0.01817263385297442,0.14,0.3,0.0,0.0,1.0,0.0,0.0,0.0,0.0,0.0,0.0
1960,0,0.002721665738802001,0.14810017894304733,0.14,0.3,0.0,0.0,1.0,0.0,0.0,0.0,0.0,0.0,0.0
1961,0,0.002721665738802001,0.0344957910220529,0.14,0.3,0.0,0.0,1.0,0.0,0.0,0.0,0.0,0.0,0.0
1962,1,0.0031810787916688203,0.01817263385297442,0.32520000000000004,1.3,0.0,0.0,1.0,0.0,0.0,0.0,0.0,0.0,0.0
1963,1,0.0031810787916688203,0.14810017894304733,0.32520000000000004,1.3,0.0,0.0,1.0,0.0,0.0,0.0,0.0,0.0,0.0
1964,1,0.0031810787916688203,0.0344957910220529,0.32520000000000004,1.3,0.0,0.0,1.0,0.0,0.0,0.0,0.0,0.0,0.0
1965,1,0.0031810787916688203,0.01817263385297442,0.32520000000000004,1.3,0.0,0.0,1.0,0.0,0.0,0.0,0.0,0.0,0.0
1966,1,0.0031810787916688203,0.14810017894304733,0.32520000000000004,1.3,0.0,0.0,1.0,0.0,0.0,0.0,0.0,0.0,0.0
1967,1,0.0031810787916688203,0.0344957910220529,0.32520000000000004,1.3,0.0,0.0,1.0,0.0,0.0,0.0,0.0,0.0,0.0
1968,1,0.0031810787916688203,0.01817263385297442,0.32520000000000004,1.3,0.0,0.0,1.0,0.0,0.0,0.0,0.0,0.0,0.0
1969,1,0.0031810787916688203,0.14810017894304733,0.32520000000000004,1.3,0.0,0.0,1.0,0.0,0.0,0.0,0.0,0.0,0.0
1970,1,0.0031810787916688203,0.0344957910220529,0.32520000000000004,1.3,0.0,0.0,1.0,0.0,0.0,0.0,0.0,0.0,0.0
1971,0,0.0026050118249784557,0.01817263385297442,0.493,-0.9,0.0,0.0,1.0,0.0,0.0,0.0,0.0,0.0,0.0
1972,0,0.0026050118249784557,0.14810017894304733,0.493,-0.9,0.0,0.0,1.0,0.0,0.0,0.0,0.0,0.0,0.0
1973,0,0.0026050118249784557,0.0344957910220529,0.493,-0.9,0.0,0.0,1.0,0.0,0.0,0.0,0.0,0.0,0.0
1974,0,0.0026050118249784557,0.01817263385297442,0.493,-0.9,0.0,0.0,1.0,0.0,0.0,0.0,0.0,0.0,0.0
1975,0,0.0026050118249784557,0.14810017894304733,0.493,-0.9,0.0,0.0,1.0,0.0,0.0,0.0,0.0,0.0,0.0
1976,0,0.0026050118249784557,0.0344957910220529,0.493,-0.9,0.0,0.0,1.0,0.0,0.0,0.0,0.0,0.0,0.0
1977,0,0.0026050118249784557,0.01817263385297442,0.493,-0.9,0.0,0.0,1.0,0.0,0.0,0.0,0.0,0.0,0.0
1978,0,0.0026050118249784557,0.14810017894304733,0.493,-0.9,0.0,0.0,1.0,0.0,0.0,0.0,0.0,0.0,0.0
1979,0,0.0026050118249784557,0.0344957910220529,0.493,-0.9,0.0,0.0,1.0,0.0,0.0,0.0,0.0,0.0,0.0
1980,0,0.0024220516005736097,0.01817263385297442,0.2582,-0.2,0.0,0.0,1.0,0.0,0.0,0.0,0.0,0.0,0.0
1981,0,0.0024220516005736097,0.14810017894304733,0.2582,-0.2,0.0,0.0,1.0,0.0,0.0,0.0,0.0,0.0,0.0
1982,0,0.0024220516005736097,0.0344957910220529,0.2582,-0.2,0.0,0.0,1.0,0.0,0.0,0.0,0.0,0.0,0.0
1983,0,0.0024220516005736097,0.01817263385297442,0.2582,-0.2,0.0,0.0,1.0,0.0,0.0,0.0,0.0,0.0,0.0
1984,0,0.0024220516005736097,0.14810017894304733,0.2582,-0.2,0.0,0.0,1.0,0.0,0.0,0.0,0.0,0.0,0.0
1985,0,0.0024220516005736097,0.0344957910220529,0.2582,-0.2,0.0,0.0,1.0,0.0,0.0,0.0,0.0,0.0,0.0
1986,0,0.0024220516005736097,0.01817263385297442,0.2582,-0.2,0.0,0.0,1.0,0.0,0.0,0.0,0.0,0.0,0.0
1987,0,0.0024220516005736097,0.14810017894304733,0.2582,-0.2,0.0,0.0,1.0,0.0,0.0,0.0,0.0,0.0,0.0
1988,0,0.0024220516005736097,0.0344957910220529,0.2582,-0.2,0.0,0.0,1.0,0.0,0.0,0.0,0.0,0.0,0.0
1989,1,0.0032326268286489586,0.01817263385297442,0.4412,2.2,0.0,0.0,1.0,0.0,0.0,0.0,0.0,0.0,0.0
1990,1,0.0032326268286489586,0.14810017894304733,0.4412,2.2,0.0,0.0,1.0,0.0,0.0,0.0,0.0,0.0,0.0
1991,1,0.0032326268286489586,0.0344957910220529,0.4412,2.2,0.0,0.0,1.0,0.0,0.0,0.0,0.0,0.0,0.0
1992,1,0.0032326268286489586,0.01817263385297442,0.4412,2.2,0.0,0.0,1.0,0.0,0.0,0.0,0.0,0.0,0.0
1993,1,0.0032326268286489586,0.14810017894304733,0.4412,2.2,0.0,0.0,1.0,0.0,0.0,0.0,0.0,0.0,0.0
1994,1,0.0032326268286489586,0.0344957910220529,0.4412,2.2,0.0,0.0,1.0,0.0,0.0,0.0,0.0,0.0,0.0
1995,1,0.0032326268286489586,0.01817263385297442,0.4412,2.2,0.0,0.0,1.0,0.0,0.0,0.0,0.0,0.0,0.0
1996,1,0.0032326268286489586,0.14810017894304733,0.4412,2.2,0.0,0.0,1.0,0.0,0.0,0.0,0.0,0.0,0.0
1997,1,0.0032326268286489586,0.0344957910220529,0.4412,2.2,0.0,0.0,1.0,0.0,0.0,0.0,0.0,0.0,0.0
1998,1,0.0035368308605810608,0.01817263385297442,0.1164,-1.5,0.0,0.0,1.0,0.0,0.0,0.0,0.0,0.0,0.0
1999,1,0.0035368308605810608,0.14810017894304733,0.1164,-1.5,0.0,0.0,1.0,0.0,0.0,0.0,0.0,0.0,0.0
2000,1,0.0035368308605810608,0.0344957910220529,0.1164,-1.5,0.0,0.0,1.0,0.0,0.0,0.0,0.0,0.0,0.0
2001,1,0.0035368308605810608,0.01817263385297442,0.1164,-1.5,0.0,0.0,1.0,0.0,0.0,0.0,0.0,0.0,0.0
2002,1,0.0035368308605810608,0.14810017894304733,0.1164,-1.5,0.0,0.0,1.0,0.0,0.0,0.0,0.0,0.0,0.0
2003,1,0.0035368308605810608,0.0344957910220529,0.1164,-1.5,0.0,0.0,1.0,0.0,0.0,0.0,0.0,0.0,0.0
2004,1,0.0035368308605810608,0.01817263385297442,0.1164,-1.5,0.0,0.0,1.0,0.0,0.0,0.0,0.0,0.0,0.0
2005,1,0.0035368308605810608,0.14810017894304733,0.1164,-1.5,0.0,0.0,1.0,0.0,0.0,0.0,0.0,0.0,0.0
2006,1,0.0035368308605810608,0.0344957910220529,0.1164,-1.5,0.0,0.0,1.0,0.0,0.0,0.0,0.0,0.0,0.0
2007,1,0.003659557556843362,0.01817263385297442,0.0132,-1.7,0.0,0.0,1.0,0.0,0.0,0.0,0.0,0.0,0.0
2008,1,0.003659557556843362,0.14810017894304733,0.0132,-1.7,0.0,0.0,1.0,0.0,0.0,0.0,0.0,0.0,0.0
2009,1,0.003659557556843362,0.0344957910220529,0.0132,-1.7,0.0,0.0,1.0,0.0,0.0,0.0,0.0,0.0,0.0
2010,1,0.003659557556843362,0.01817263385297442,0.0132,-1.7,0.0,0.0,1.0,0.0,0.0,0.0,0.0,0.0,0.0
2011,1,0.003659557556843362,0.14810017894304733,0.0132,-1.7,0.0,0.0,1.0,0.0,0.0,0.0,0.0,0.0,0.0
2012,1,0.003659557556843362,0.0344957910220529,0.0132,-1.7,0.0,0.0,1.0,0.0,0.0,0.0,0.0,0.0,0.0
2013,1,0.003659557556843362,0.01817263385297442,0.0132,-1.7,0.0,0.0,1.0,0.0,0.0,0.0,0.0,0.0,0.0
2014,1,0.003659557556843362,0.14810017894304733,0.0132,-1.7,0.0,0.0,1.0,0.0,0.0,0.0,0.0,0.0,0.0
2015,1,0.003659557556843362,0.0344957910220529,0.0132,-1.7,0.0,0.0,1.0,0.0,0.0,0.0,0.0,0.0,0.0
2016,0,0.0030044738046998815,0.01817263385297442,0.1902,-0.6,0.0,0.0,1.0,0.0,0.0,0.0,0.0,0.0,0.0
2017,0,0.0030044738046998815,0.14810017894304733,0.1902,-0.6,0.0,0.0,1.0,0.0,0.0,0.0,0.0,0.0,0.0
2018,0,0.0030044738046998815,0.0344957910220529,0.1902,-0.6,0.0,0.0,1.0,0.0,0.0,0.0,0.0,0.0,0.0
2019,0,0.0030044738046998815,0.01817263385297442,0.1902,-0.6,0.0,0.0,1.0,0.0,0.0,0.0,0.0,0.0,0.0
2020,0,0.0030044738046998815,0.14810017894304733,0.1902,-0.6,0.0,0.0,1.0,0.0,0.0,0.0,0.0,0.0,0.0
2021,0,0.0030044738046998815,0.0344957910220529,0.1902,-0.6,0.0,0.0,1.0,0.0,0.0,0.0,0.0,0.0,0.0
2022,0,0.0030044738046998815,0.01817263385297442,0.1902,-0.6,0.0,0.0,1.0,0.0,0.0,0.0,0.0,0.0,0.0
2023,0,0.0030044738046998815,0.14810017894304733,0.1902,-0.6,0.0,0.0,1.0,0.0,0.0,0.0,0.0,0.0,0.0
2024,0,0.0030044738046998815,0.0344957910220529,0.1902,-0.6,0.0,0.0,1.0,0.0,0.0,0.0,0.0,0.0,0.0
2025,0,0.0028662120835942512,0.01817263385297442,0.13,-0.1,0.0,0.0,1.0,0.0,0.0,0.0,0.0,0.0,0.0
2026,0,0.0028662120835942512,0.14810017894304733,0.13,-0.1,0.0,0.0,1.0,0.0,0.0,0.0,0.0,0.0,0.0
2027,0,0.0028662120835942512,0.0344957910220529,0.13,-0.1,0.0,0.0,1.0,0.0,0.0,0.0,0.0,0.0,0.0
2028,0,0.0028662120835942512,0.01817263385297442,0.13,-0.1,0.0,0.0,1.0,0.0,0.0,0.0,0.0,0.0,0.0
2029,0,0.0028662120835942512,0.14810017894304733,0.13,-0.1,0.0,0.0,1.0,0.0,0.0,0.0,0.0,0.0,0.0
2030,0,0.0028662120835942512,0.0344957910220529,0.13,-0.1,0.0,0.0,1.0,0.0,0.0,0.0,0.0,0.0,0.0
2031,0,0.0028662120835942512,0.01817263385297442,0.13,-0.1,0.0,0.0,1.0,0.0,0.0,0.0,0.0,0.0,0.0
2032,0,0.0028662120835942512,0.14810017894304733,0.13,-0.1,0.0,0.0,1.0,0.0,0.0,0.0,0.0,0.0,0.0
2033,0,0.0028662120835942512,0.0344957910220529,0.13,-0.1,0.0,0.0,1.0,0.0,0.0,0.0,0.0,0.0,0.0
2034,0,0.0025102481734341473,0.01817263385297442,0.31420000000000003,0.9,0.0,0.0,1.0,0.0,0.0,0.0,0.0,0.0,0.0
2035,0,0.0025102481734341473,0.14810017894304733,0.31420000000000003,0.9,0.0,0.0,1.0,0.0,0.0,0.0,0.0,0.0,0.0
2036,0,0.0025102481734341473,0.0344957910220529,0.31420000000000003,0.9,0.0,0.0,1.0,0.0,0.0,0.0,0.0,0.0,0.0
2037,0,0.0025102481734341473,0.01817263385297442,0.31420000000000003,0.9,0.0,0.0,1.0,0.0,0.0,0.0,0.0,0.0,0.0
2038,0,0.0025102481734341473,0.14810017894304733,0.31420000000000003,0.9,0.0,0.0,1.0,0.0,0.0,0.0,0.0,0.0,0.0
2039,0,0.0025102481734341473,0.0344957910220529,0.31420000000000003,0.9,0.0,0.0,1.0,0.0,0.0,0.0,0.0,0.0,0.0
2040,0,0.0025102481734341473,0.01817263385297442,0.31420000000000003,0.9,0.0,0.0,1.0,0.0,0.0,0.0,0.0,0.0,0.0
2041,0,0.0025102481734341473,0.14810017894304733,0.31420000000000003,0.9,0.0,0.0,1.0,0.0,0.0,0.0,0.0,0.0,0.0
2042,0,0.0025102481734341473,0.0344957910220529,0.31420000000000003,0.9,0.0,0.0,1.0,0.0,0.0,0.0,0.0,0.0,0.0
2043,1,0.0030031321434634125,0.01817263385297442,0.1362,0.3,0.0,0.0,1.0,0.0,0.0,0.0,0.0,0.0,0.0
2044,1,0.0030031321434634125,0.14810017894304733,0.1362,0.3,0.0,0.0,1.0,0.0,0.0,0.0,0.0,0.0,0.0
2045,1,0.0030031321434634125,0.0344957910220529,0.1362,0.3,0.0,0.0,1.0,0.0,0.0,0.0,0.0,0.0,0.0
2046,1,0.0030031321434634125,0.01817263385297442,0.1362,0.3,0.0,0.0,1.0,0.0,0.0,0.0,0.0,0.0,0.0
2047,1,0.0030031321434634125,0.14810017894304733,0.1362,0.3,0.0,0.0,1.0,0.0,0.0,0.0,0.0,0.0,0.0
2048,1,0.0030031321434634125,0.0344957910220529,0.1362,0.3,0.0,0.0,1.0,0.0,0.0,0.0,0.0,0.0,0.0
2049,1,0.0030031321434634125,0.01817263385297442,0.1362,0.3,0.0,0.0,1.0,0.0,0.0,0.0,0.0,0.0,0.0
2050,1,0.0030031321434634125,0.14810017894304733,0.1362,0.3,0.0,0.0,1.0,0.0,0.0,0.0,0.0,0.0,0.0
2051,1,0.0030031321434634125,0.0344957910220529,0.1362,0.3,0.0,0.0,1.0,0.0,0.0,0.0,0.0,0.0,0.0
2052,0,0.0021030892950403444,0.01817263385297442,0.07780000000000001,0.6,0.0,0.0,1.0,0.0,0.0,0.0,0.0,0.0,0.0
2053,0,0.0021030892950403444,0.14810017894304733,0.07780000000000001,0.6,0.0,0.0,1.0,0.0,0.0,0.0,0.0,0.0,0.0
2054,0,0.0021030892950403444,0.0344957910220529,0.07780000000000001,0.6,0.0,0.0,1.0,0.0,0.0,0.0,0.0,0.0,0.0
2055,0,0.0021030892950403444,0.01817263385297442,0.07780000000000001,0.6,0.0,0.0,1.0,0.0,0.0,0.0,0.0,0.0,0.0
2056,0,0.0021030892950403444,0.14810017894304733,0.07780000000000001,0.6,0.0,0.0,1.0,0.0,0.0,0.0,0.0,0.0,0.0
2057,0,0.0021030892950403444,0.0344957910220529,0.07780000000000001,0.6,0.0,0.0,1.0,0.0,0.0,0.0,0.0,0.0,0.0
2058,0,0.0021030892950403444,0.01817263385297442,0.07780000000000001,0.6,0.0,0.0,1.0,0.0,0.0,0.0,0.0,0.0,0.0
2059,0,0.0021030892950403444,0.14810017894304733,0.07780000000000001,0.6,0.0,0.0,1.0,0.0,0.0,0.0,0.0,0.0,0.0
2060,0,0.0021030892950403444,0.0344957910220529,0.07780000000000001,0.6,0.0,0.0,1.0,0.0,0.0,0.0,0.0,0.0,0.0
2061,1,0.002482143901217579,0.01817263385297442,0.21960000000000002,-0.9,0.0,0.0,1.0,0.0,0.0,0.0,0.0,0.0,0.0
2062,1,0.002482143901217579,0.14810017894304733,0.21960000000000002,-0.9,0.0,0.0,1.0,0.0,0.0,0.0,0.0,0.0,0.0
2063,1,0.002482143901217579,0.0344957910220529,0.21960000000000002,-0.9,0.0,0.0,1.0,0.0,0.0,0.0,0.0,0.0,0.0
2064,1,0.002482143901217579,0.01817263385297442,0.21960000000000002,-0.9,0.0,0.0,1.0,0.0,0.0,0.0,0.0,0.0,0.0
2065,1,0.002482143901217579,0.14810017894304733,0.21960000000000002,-0.9,0.0,0.0,1.0,0.0,0.0,0.0,0.0,0.0,0.0
2066,1,0.002482143901217579,0.0344957910220529,0.21960000000000002,-0.9,0.0,0.0,1.0,0.0,0.0,0.0,0.0,0.0,0.0
2067,1,0.002482143901217579,0.01817263385297442,0.21960000000000002,-0.9,0.0,0.0,1.0,0.0,0.0,0.0,0.0,0.0,0.0
2068,1,0.002482143901217579,0.14810017894304733,0.21960000000000002,-0.9,0.0,0.0,1.0,0.0,0.0,0.0,0.0,0.0,0.0
2069,1,0.002482143901217579,0.0344957910220529,0.21960000000000002,-0.9,0.0,0.0,1.0,0.0,0.0,0.0,0.0,0.0,0.0
2070,0,0.0024478256190636786,0.01817263385297442,0.1568,0.6,0.0,0.0,1.0,0.0,0.0,0.0,0.0,0.0,0.0
2071,0,0.0024478256190636786,0.14810017894304733,0.1568,0.6,0.0,0.0,1.0,0.0,0.0,0.0,0.0,0.0,0.0
2072,0,0.0024478256190636786,0.0344957910220529,0.1568,0.6,0.0,0.0,1.0,0.0,0.0,0.0,0.0,0.0,0.0
2073,0,0.0024478256190636786,0.01817263385297442,0.1568,0.6,0.0,0.0,1.0,0.0,0.0,0.0,0.0,0.0,0.0
2074,0,0.0024478256190636786,0.14810017894304733,0.1568,0.6,0.0,0.0,1.0,0.0,0.0,0.0,0.0,0.0,0.0
2075,0,0.0024478256190636786,0.0344957910220529,0.1568,0.6,0.0,0.0,1.0,0.0,0.0,0.0,0.0,0.0,0.0
2076,0,0.0024478256190636786,0.01817263385297442,0.1568,0.6,0.0,0.0,1.0,0.0,0.0,0.0,0.0,0.0,0.0
2077,0,0.0024478256190636786,0.14810017894304733,0.1568,0.6,0.0,0.0,1.0,0.0,0.0,0.0,0.0,0.0,0.0
2078,0,0.0024478256190636786,0.0344957910220529,0.1568,0.6,0.0,0.0,1.0,0.0,0.0,0.0,0.0,0.0,0.0
2079,0,0.001775159043347521,0.01817263385297442,0.0292,-1.6,0.0,0.0,1.0,0.0,0.0,0.0,0.0,0.0,0.0
2080,0,0.001775159043347521,0.14810017894304733,0.0292,-1.6,0.0,0.0,1.0,0.0,0.0,0.0,0.0,0.0,0.0
2081,0,0.001775159043347521,0.0344957910220529,0.0292,-1.6,0.0,0.0,1.0,0.0,0.0,0.0,0.0,0.0,0.0
2082,0,0.001775159043347521,0.01817263385297442,0.0292,-1.6,0.0,0.0,1.0,0.0,0.0,0.0,0.0,0.0,0.0
2083,0,0.001775159043347521,0.14810017894304733,0.0292,-1.6,0.0,0.0,1.0,0.0,0.0,0.0,0.0,0.0,0.0
2084,0,0.001775159043347521,0.0344957910220529,0.0292,-1.6,0.0,0.0,1.0,0.0,0.0,0.0,0.0,0.0,0.0
2085,0,0.001775159043347521,0.01817263385297442,0.0292,-1.6,0.0,0.0,1.0,0.0,0.0,0.0,0.0,0.0,0.0
2086,0,0.001775159043347521,0.14810017894304733,0.0292,-1.6,0.0,0.0,1.0,0.0,0.0,0.0,0.0,0.0,0.0
2087,0,0.001775159043347521,0.0344957910220529,0.0292,-1.6,0.0,0.0,1.0,0.0,0.0,0.0,0.0,0.0,0.0
2088,1,0.002439987492892726,0.01817263385297442,0.04,-0.9,0.0,0.0,1.0,0.0,0.0,0.0,0.0,0.0,0.0
2089,1,0.002439987492892726,0.14810017894304733,0.04,-0.9,0.0,0.0,1.0,0.0,0.0,0.0,0.0,0.0,0.0
2090,1,0.002439987492892726,0.0344957910220529,0.04,-0.9,0.0,0.0,1.0,0.0,0.0,0.0,0.0,0.0,0.0
2091,1,0.002439987492892726,0.01817263385297442,0.04,-0.9,0.0,0.0,1.0,0.0,0.0,0.0,0.0,0.0,0.0
2092,1,0.002439987492892726,0.14810017894304733,0.04,-0.9,0.0,0.0,1.0,0.0,0.0,0.0,0.0,0.0,0.0
2093,1,0.002439987492892726,0.0344957910220529,0.04,-0.9,0.0,0.0,1.0,0.0,0.0,0.0,0.0,0.0,0.0
2094,1,0.002439987492892726,0.01817263385297442,0.04,-0.9,0.0,0.0,1.0,0.0,0.0,0.0,0.0,0.0,0.0
2095,1,0.002439987492892726,0.14810017894304733,0.04,-0.9,0.0,0.0,1.0,0.0,0.0,0.0,0.0,0.0,0.0
2096,1,0.002439987492892726,0.0344957910220529,0.04,-0.9,0.0,0.0,1.0,0.0,0.0,0.0,0.0,0.0,0.0
2097,1,0.0027715190457992304,0.01817263385297442,0.1528,1.5,0.0,0.0,1.0,0.0,0.0,0.0,0.0,0.0,0.0
2098,1,0.0027715190457992304,0.14810017894304733,0.1528,1.5,0.0,0.0,1.0,0.0,0.0,0.0,0.0,0.0,0.0
2099,1,0.0027715190457992304,0.0344957910220529,0.1528,1.5,0.0,0.0,1.0,0.0,0.0,0.0,0.0,0.0,0.0
2100,1,0.0027715190457992304,0.01817263385297442,0.1528,1.5,0.0,0.0,1.0,0.0,0.0,0.0,0.0,0.0,0.0
2101,1,0.0027715190457992304,0.14810017894304733,0.1528,1.5,0.0,0.0,1.0,0.0,0.0,0.0,0.0,0.0,0.0
2102,1,0.0027715190457992304,0.0344957910220529,0.1528,1.5,0.0,0.0,1.0,0.0,0.0,0.0,0.0,0.0,0.0
2103,1,0.0027715190457992304,0.01817263385297442,0.1528,1.5,0.0,0.0,1.0,0.0,0.0,0.0,0.0,0.0,0.0
2104,1,0.0027715190457992304,0.14810017894304733,0.1528,1.5,0.0,0.0,1.0,0.0,0.0,0.0,0.0,0.0,0.0
2105,1,0.0027715190457992304,0.0344957910220529,0.1528,1.5,0.0,0.0,1.0,0.0,0.0,0.0,0.0,0.0,0.0
2106,1,0.0030947887900390552,0.01817263385297442,0.1186,-1.4,0.0,0.0,1.0,0.0,0.0,0.0,0.0,0.0,0.0
2107,1,0.0030947887900390552,0.14810017894304733,0.1186,-1.4,0.0,0.0,1.0,0.0,0.0,0.0,0.0,0.0,0.0
2108,1,0.0030947887900390552,0.0344957910220529,0.1186,-1.4,0.0,0.0,1.0,0.0,0.0,0.0,0.0,0.0,0.0
2109,1,0.0030947887900390552,0.01817263385297442,0.1186,-1.4,0.0,0.0,1.0,0.0,0.0,0.0,0.0,0.0,0.0
2110,1,0.0030947887900390552,0.14810017894304733,0.1186,-1.4,0.0,0.0,1.0,0.0,0.0,0.0,0.0,0.0,0.0
2111,1,0.0030947887900390552,0.0344957910220529,0.1186,-1.4,0.0,0.0,1.0,0.0,0.0,0.0,0.0,0.0,0.0
2112,1,0.0030947887900390552,0.01817263385297442,0.1186,-1.4,0.0,0.0,1.0,0.0,0.0,0.0,0.0,0.0,0.0
2113,1,0.0030947887900390552,0.14810017894304733,0.1186,-1.4,0.0,0.0,1.0,0.0,0.0,0.0,0.0,0.0,0.0
2114,1,0.0030947887900390552,0.0344957910220529,0.1186,-1.4,0.0,0.0,1.0,0.0,0.0,0.0,0.0,0.0,0.0
2115,0,0.0028831593834233375,0.01817263385297442,0.256,-0.8,0.0,0.0,1.0,0.0,0.0,0.0,0.0,0.0,0.0
2116,0,0.0028831593834233375,0.14810017894304733,0.256,-0.8,0.0,0.0,1.0,0.0,0.0,0.0,0.0,0.0,0.0
2117,0,0.0028831593834233375,0.0344957910220529,0.256,-0.8,0.0,0.0,1.0,0.0,0.0,0.0,0.0,0.0,0.0
2118,0,0.0028831593834233375,0.01817263385297442,0.256,-0.8,0.0,0.0,1.0,0.0,0.0,0.0,0.0,0.0,0.0
2119,0,0.0028831593834233375,0.14810017894304733,0.256,-0.8,0.0,0.0,1.0,0.0,0.0,0.0,0.0,0.0,0.0
2120,0,0.0028831593834233375,0.0344957910220529,0.256,-0.8,0.0,0.0,1.0,0.0,0.0,0.0,0.0,0.0,0.0
2121,0,0.0028831593834233375,0.01817263385297442,0.256,-0.8,0.0,0.0,1.0,0.0,0.0,0.0,0.0,0.0,0.0
2122,0,0.0028831593834233375,0.14810017894304733,0.256,-0.8,0.0,0.0,1.0,0.0,0.0,0.0,0.0,0.0,0.0
2123,0,0.0028831593834233375,0.0344957910220529,0.256,-0.8,0.0,0.0,1.0,0.0,0.0,0.0,0.0,0.0,0.0
2124,0,0.0026349520546765084,0.01817263385297442,0.0546,-0.6,0.0,0.0,1.0,0.0,0.0,0.0,0.0,0.0,0.0
2125,0,0.0026349520546765084,0.14810017894304733,0.0546,-0.6,0.0,0.0,1.0,0.0,0.0,0.0,0.0,0.0,0.0
2126,0,0.0026349520546765084,0.0344957910220529,0.0546,-0.6,0.0,0.0,1.0,0.0,0.0,0.0,0.0,0.0,0.0
2127,0,0.0026349520546765084,0.01817263385297442,0.0546,-0.6,0.0,0.0,1.0,0.0,0.0,0.0,0.0,0.0,0.0
2128,0,0.0026349520546765084,0.14810017894304733,0.0546,-0.6,0.0,0.0,1.0,0.0,0.0,0.0,0.0,0.0,0.0
2129,0,0.0026349520546765084,0.0344957910220529,0.0546,-0.6,0.0,0.0,1.0,0.0,0.0,0.0,0.0,0.0,0.0
2130,0,0.0026349520546765084,0.01817263385297442,0.0546,-0.6,0.0,0.0,1.0,0.0,0.0,0.0,0.0,0.0,0.0
2131,0,0.0026349520546765084,0.14810017894304733,0.0546,-0.6,0.0,0.0,1.0,0.0,0.0,0.0,0.0,0.0,0.0
2132,0,0.0026349520546765084,0.0344957910220529,0.0546,-0.6,0.0,0.0,1.0,0.0,0.0,0.0,0.0,0.0,0.0
2133,0,0.0024969021748187416,0.01817263385297442,0.3104,-0.5,0.0,0.0,1.0,0.0,0.0,0.0,0.0,0.0,0.0
2134,0,0.0024969021748187416,0.14810017894304733,0.3104,-0.5,0.0,0.0,1.0,0.0,0.0,0.0,0.0,0.0,0.0
2135,0,0.0024969021748187416,0.0344957910220529,0.3104,-0.5,0.0,0.0,1.0,0.0,0.0,0.0,0.0,0.0,0.0
2136,0,0.0024969021748187416,0.01817263385297442,0.3104,-0.5,0.0,0.0,1.0,0.0,0.0,0.0,0.0,0.0,0.0
2137,0,0.0024969021748187416,0.14810017894304733,0.3104,-0.5,0.0,0.0,1.0,0.0,0.0,0.0,0.0,0.0,0.0
2138,0,0.0024969021748187416,0.0344957910220529,0.3104,-0.5,0.0,0.0,1.0,0.0,0.0,0.0,0.0,0.0,0.0
2139,0,0.0024969021748187416,0.01817263385297442,0.3104,-0.5,0.0,0.0,1.0,0.0,0.0,0.0,0.0,0.0,0.0
2140,0,0.0024969021748187416,0.14810017894304733,0.3104,-0.5,0.0,0.0,1.0,0.0,0.0,0.0,0.0,0.0,0.0
2141,0,0.0024969021748187416,0.0344957910220529,0.3104,-0.5,0.0,0.0,1.0,0.0,0.0,0.0,0.0,0.0,0.0
2142,0,0.0022727741345790727,0.01817263385297442,0.7186,0.5,0.0,0.0,1.0,0.0,0.0,0.0,0.0,0.0,0.0
2143,0,0.0022727741345790727,0.14810017894304733,0.7186,0.5,0.0,0.0,1.0,0.0,0.0,0.0,0.0,0.0,0.0
2144,0,0.0022727741345790727,0.0344957910220529,0.7186,0.5,0.0,0.0,1.0,0.0,0.0,0.0,0.0,0.0,0.0
2145,0,0.0022727741345790727,0.01817263385297442,0.7186,0.5,0.0,0.0,1.0,0.0,0.0,0.0,0.0,0.0,0.0
2146,0,0.0022727741345790727,0.14810017894304733,0.7186,0.5,0.0,0.0,1.0,0.0,0.0,0.0,0.0,0.0,0.0
2147,0,0.0022727741345790727,0.0344957910220529,0.7186,0.5,0.0,0.0,1.0,0.0,0.0,0.0,0.0,0.0,0.0
2148,0,0.0022727741345790727,0.01817263385297442,0.7186,0.5,0.0,0.0,1.0,0.0,0.0,0.0,0.0,0.0,0.0
2149,0,0.0022727741345790727,0.14810017894304733,0.7186,0.5,0.0,0.0,1.0,0.0,0.0,0.0,0.0,0.0,0.0
2150,0,0.0022727741345790727,0.0344957910220529,0.7186,0.5,0.0,0.0,1.0,0.0,0.0,0.0,0.0,0.0,0.0
2151,1,0.0032139141850876752,0.01817263385297442,0.27940000000000004,2.2,0.0,0.0,1.0,0.0,0.0,0.0,0.0,0.0,0.0
2152,1,0.0032139141850876752,0.14810017894304733,0.27940000000000004,2.2,0.0,0.0,1.0,0.0,0.0,0.0,0.0,0.0,0.0
2153,1,0.0032139141850876752,0.0344957910220529,0.27940000000000004,2.2,0.0,0.0,1.0,0.0,0.0,0.0,0.0,0.0,0.0
2154,1,0.0032139141850876752,0.01817263385297442,0.27940000000000004,2.2,0.0,0.0,1.0,0.0,0.0,0.0,0.0,0.0,0.0
2155,1,0.0032139141850876752,0.14810017894304733,0.27940000000000004,2.2,0.0,0.0,1.0,0.0,0.0,0.0,0.0,0.0,0.0
2156,1,0.0032139141850876752,0.0344957910220529,0.27940000000000004,2.2,0.0,0.0,1.0,0.0,0.0,0.0,0.0,0.0,0.0
2157,1,0.0032139141850876752,0.01817263385297442,0.27940000000000004,2.2,0.0,0.0,1.0,0.0,0.0,0.0,0.0,0.0,0.0
2158,1,0.0032139141850876752,0.14810017894304733,0.27940000000000004,2.2,0.0,0.0,1.0,0.0,0.0,0.0,0.0,0.0,0.0
2159,1,0.0032139141850876752,0.0344957910220529,0.27940000000000004,2.2,0.0,0.0,1.0,0.0,0.0,0.0,0.0,0.0,0.0
2160,0,0.00271608725260826,0.01817263385297442,0.18,-0.7,0.0,0.0,1.0,0.0,0.0,0.0,0.0,0.0,0.0
2161,0,0.00271608725260826,0.14810017894304733,0.18,-0.7,0.0,0.0,1.0,0.0,0.0,0.0,0.0,0.0,0.0
2162,0,0.00271608725260826,0.0344957910220529,0.18,-0.7,0.0,0.0,1.0,0.0,0.0,0.0,0.0,0.0,0.0
2163,0,0.00271608725260826,0.01817263385297442,0.18,-0.7,0.0,0.0,1.0,0.0,0.0,0.0,0.0,0.0,0.0
2164,0,0.00271608725260826,0.14810017894304733,0.18,-0.7,0.0,0.0,1.0,0.0,0.0,0.0,0.0,0.0,0.0
2165,0,0.00271608725260826,0.0344957910220529,0.18,-0.7,0.0,0.0,1.0,0.0,0.0,0.0,0.0,0.0,0.0
2166,0,0.00271608725260826,0.01817263385297442,0.18,-0.7,0.0,0.0,1.0,0.0,0.0,0.0,0.0,0.0,0.0
2167,0,0.00271608725260826,0.14810017894304733,0.18,-0.7,0.0,0.0,1.0,0.0,0.0,0.0,0.0,0.0,0.0
2168,0,0.00271608725260826,0.0344957910220529,0.18,-0.7,0.0,0.0,1.0,0.0,0.0,0.0,0.0,0.0,0.0
2169,1,0.0027425674085912078,0.01817263385297442,0.13720000000000002,-1.1,0.0,0.0,1.0,0.0,0.0,0.0,0.0,0.0,0.0
2170,1,0.0027425674085912078,0.14810017894304733,0.13720000000000002,-1.1,0.0,0.0,1.0,0.0,0.0,0.0,0.0,0.0,0.0
2171,1,0.0027425674085912078,0.0344957910220529,0.13720000000000002,-1.1,0.0,0.0,1.0,0.0,0.0,0.0,0.0,0.0,0.0
2172,1,0.0027425674085912078,0.01817263385297442,0.13720000000000002,-1.1,0.0,0.0,1.0,0.0,0.0,0.0,0.0,0.0,0.0
2173,1,0.0027425674085912078,0.14810017894304733,0.13720000000000002,-1.1,0.0,0.0,1.0,0.0,0.0,0.0,0.0,0.0,0.0
2174,1,0.0027425674085912078,0.0344957910220529,0.13720000000000002,-1.1,0.0,0.0,1.0,0.0,0.0,0.0,0.0,0.0,0.0
2175,1,0.0027425674085912078,0.01817263385297442,0.13720000000000002,-1.1,0.0,0.0,1.0,0.0,0.0,0.0,0.0,0.0,0.0
2176,1,0.0027425674085912078,0.14810017894304733,0.13720000000000002,-1.1,0.0,0.0,1.0,0.0,0.0,0.0,0.0,0.0,0.0
2177,1,0.0027425674085912078,0.0344957910220529,0.13720000000000002,-1.1,0.0,0.0,1.0,0.0,0.0,0.0,0.0,0.0,0.0
2178,0,0.0027387542661296634,0.01817263385297442,0.0654,0.6,0.0,0.0,1.0,0.0,0.0,0.0,0.0,0.0,0.0
2179,0,0.0027387542661296634,0.14810017894304733,0.0654,0.6,0.0,0.0,1.0,0.0,0.0,0.0,0.0,0.0,0.0
2180,0,0.0027387542661296634,0.0344957910220529,0.0654,0.6,0.0,0.0,1.0,0.0,0.0,0.0,0.0,0.0,0.0
2181,0,0.0027387542661296634,0.01817263385297442,0.0654,0.6,0.0,0.0,1.0,0.0,0.0,0.0,0.0,0.0,0.0
2182,0,0.0027387542661296634,0.14810017894304733,0.0654,0.6,0.0,0.0,1.0,0.0,0.0,0.0,0.0,0.0,0.0
2183,0,0.0027387542661296634,0.0344957910220529,0.0654,0.6,0.0,0.0,1.0,0.0,0.0,0.0,0.0,0.0,0.0
2184,0,0.0027387542661296634,0.01817263385297442,0.0654,0.6,0.0,0.0,1.0,0.0,0.0,0.0,0.0,0.0,0.0
2185,0,0.0027387542661296634,0.14810017894304733,0.0654,0.6,0.0,0.0,1.0,0.0,0.0,0.0,0.0,0.0,0.0
2186,0,0.0027387542661296634,0.0344957910220529,0.0654,0.6,0.0,0.0,1.0,0.0,0.0,0.0,0.0,0.0,0.0
2187,0,0.0021606395007099507,0.01817263385297442,0.22899999999999998,0.1,0.0,0.0,1.0,0.0,0.0,0.0,0.0,0.0,0.0
2188,0,0.0021606395007099507,0.14810017894304733,0.22899999999999998,0.1,0.0,0.0,1.0,0.0,0.0,0.0,0.0,0.0,0.0
2189,0,0.0021606395007099507,0.0344957910220529,0.22899999999999998,0.1,0.0,0.0,1.0,0.0,0.0,0.0,0.0,0.0,0.0
2190,0,0.0021606395007099507,0.01817263385297442,0.22899999999999998,0.1,0.0,0.0,1.0,0.0,0.0,0.0,0.0,0.0,0.0
2191,0,0.0021606395007099507,0.14810017894304733,0.22899999999999998,0.1,0.0,0.0,1.0,0.0,0.0,0.0,0.0,0.0,0.0
2192,0,0.0021606395007099507,0.0344957910220529,0.22899999999999998,0.1,0.0,0.0,1.0,0.0,0.0,0.0,0.0,0.0,0.0
2193,0,0.0021606395007099507,0.01817263385297442,0.22899999999999998,0.1,0.0,0.0,1.0,0.0,0.0,0.0,0.0,0.0,0.0
2194,0,0.0021606395007099507,0.14810017894304733,0.22899999999999998,0.1,0.0,0.0,1.0,0.0,0.0,0.0,0.0,0.0,0.0
2195,0,0.0021606395007099507,0.0344957910220529,0.22899999999999998,0.1,0.0,0.0,1.0,0.0,0.0,0.0,0.0,0.0,0.0
2196,1,0.00286063359740051,0.01817263385297442,0.45380000000000004,-1.2,0.0,0.0,1.0,0.0,0.0,0.0,0.0,0.0,0.0
2197,1,0.00286063359740051,0.14810017894304733,0.45380000000000004,-1.2,0.0,0.0,1.0,0.0,0.0,0.0,0.0,0.0,0.0
2198,1,0.00286063359740051,0.0344957910220529,0.45380000000000004,-1.2,0.0,0.0,1.0,0.0,0.0,0.0,0.0,0.0,0.0
2199,1,0.00286063359740051,0.01817263385297442,0.45380000000000004,-1.2,0.0,0.0,1.0,0.0,0.0,0.0,0.0,0.0,0.0
2200,1,0.00286063359740051,0.14810017894304733,0.45380000000000004,-1.2,0.0,0.0,1.0,0.0,0.0,0.0,0.0,0.0,0.0
2201,1,0.00286063359740051,0.0344957910220529,0.45380000000000004,-1.2,0.0,0.0,1.0,0.0,0.0,0.0,0.0,0.0,0.0
2202,1,0.00286063359740051,0.01817263385297442,0.45380000000000004,-1.2,0.0,0.0,1.0,0.0,0.0,0.0,0.0,0.0,0.0
2203,1,0.00286063359740051,0.14810017894304733,0.45380000000000004,-1.2,0.0,0.0,1.0,0.0,0.0,0.0,0.0,0.0,0.0
2204,1,0.00286063359740051,0.0344957910220529,0.45380000000000004,-1.2,0.0,0.0,1.0,0.0,0.0,0.0,0.0,0.0,0.0
2205,0,0.00269793951904128,0.01817263385297442,0.1818,-1.2,0.0,0.0,1.0,0.0,0.0,0.0,0.0,0.0,0.0
2206,0,0.00269793951904128,0.14810017894304733,0.1818,-1.2,0.0,0.0,1.0,0.0,0.0,0.0,0.0,0.0,0.0
2207,0,0.00269793951904128,0.0344957910220529,0.1818,-1.2,0.0,0.0,1.0,0.0,0.0,0.0,0.0,0.0,0.0
2208,0,0.00269793951904128,0.01817263385297442,0.1818,-1.2,0.0,0.0,1.0,0.0,0.0,0.0,0.0,0.0,0.0
2209,0,0.00269793951904128,0.14810017894304733,0.1818,-1.2,0.0,0.0,1.0,0.0,0.0,0.0,0.0,0.0,0.0
2210,0,0.00269793951904128,0.0344957910220529,0.1818,-1.2,0.0,0.0,1.0,0.0,0.0,0.0,0.0,0.0,0.0
2211,0,0.00269793951904128,0.01817263385297442,0.1818,-1.2,0.0,0.0,1.0,0.0,0.0,0.0,0.0,0.0,0.0
2212,0,0.00269793951904128,0.14810017894304733,0.1818,-1.2,0.0,0.0,1.0,0.0,0.0,0.0,0.0,0.0,0.0
2213,0,0.00269793951904128,0.0344957910220529,0.1818,-1.2,0.0,0.0,1.0,0.0,0.0,0.0,0.0,0.0,0.0
2214,1,0.0027835233831781667,0.01817263385297442,0.15,-0.8,0.0,0.0,1.0,0.0,0.0,0.0,0.0,0.0,0.0
2215,1,0.0027835233831781667,0.14810017894304733,0.15,-0.8,0.0,0.0,1.0,0.0,0.0,0.0,0.0,0.0,0.0
2216,1,0.0027835233831781667,0.0344957910220529,0.15,-0.8,0.0,0.0,1.0,0.0,0.0,0.0,0.0,0.0,0.0
2217,1,0.0027835233831781667,0.01817263385297442,0.15,-0.8,0.0,0.0,1.0,0.0,0.0,0.0,0.0,0.0,0.0
2218,1,0.0027835233831781667,0.14810017894304733,0.15,-0.8,0.0,0.0,1.0,0.0,0.0,0.0,0.0,0.0,0.0
2219,1,0.0027835233831781667,0.0344957910220529,0.15,-0.8,0.0,0.0,1.0,0.0,0.0,0.0,0.0,0.0,0.0
2220,1,0.0027835233831781667,0.01817263385297442,0.15,-0.8,0.0,0.0,1.0,0.0,0.0,0.0,0.0,0.0,0.0
2221,1,0.0027835233831781667,0.14810017894304733,0.15,-0.8,0.0,0.0,1.0,0.0,0.0,0.0,0.0,0.0,0.0
2222,1,0.0027835233831781667,0.0344957910220529,0.15,-0.8,0.0,0.0,1.0,0.0,0.0,0.0,0.0,0.0,0.0
2223,0,0.002175962684305416,0.01817263385297442,0.33899999999999997,1.2,0.0,0.0,1.0,0.0,0.0,0.0,0.0,0.0,0.0
2224,0,0.002175962684305416,0.14810017894304733,0.33899999999999997,1.2,0.0,0.0,1.0,0.0,0.0,0.0,0.0,0.0,0.0
2225,0,0.002175962684305416,0.0344957910220529,0.33899999999999997,1.2,0.0,0.0,1.0,0.0,0.0,0.0,0.0,0.0,0.0
2226,0,0.002175962684305416,0.01817263385297442,0.33899999999999997,1.2,0.0,0.0,1.0,0.0,0.0,0.0,0.0,0.0,0.0
2227,0,0.002175962684305416,0.14810017894304733,0.33899999999999997,1.2,0.0,0.0,1.0,0.0,0.0,0.0,0.0,0.0,0.0
2228,0,0.002175962684305416,0.0344957910220529,0.33899999999999997,1.2,0.0,0.0,1.0,0.0,0.0,0.0,0.0,0.0,0.0
2229,0,0.002175962684305416,0.01817263385297442,0.33899999999999997,1.2,0.0,0.0,1.0,0.0,0.0,0.0,0.0,0.0,0.0
2230,0,0.002175962684305416,0.14810017894304733,0.33899999999999997,1.2,0.0,0.0,1.0,0.0,0.0,0.0,0.0,0.0,0.0
2231,0,0.002175962684305416,0.0344957910220529,0.33899999999999997,1.2,0.0,0.0,1.0,0.0,0.0,0.0,0.0,0.0,0.0
2232,1,0.0027868422293946963,0.01817263385297442,0.42840000000000006,-1.1,0.0,0.0,1.0,0.0,0.0,0.0,0.0,0.0,0.0
2233,1,0.0027868422293946963,0.14810017894304733,0.42840000000000006,-1.1,0.0,0.0,1.0,0.0,0.0,0.0,0.0,0.0,0.0
2234,1,0.0027868422293946963,0.0344957910220529,0.42840000000000006,-1.1,0.0,0.0,1.0,0.0,0.0,0.0,0.0,0.0,0.0
2235,1,0.0027868422293946963,0.01817263385297442,0.42840000000000006,-1.1,0.0,0.0,1.0,0.0,0.0,0.0,0.0,0.0,0.0
2236,1,0.0027868422293946963,0.14810017894304733,0.42840000000000006,-1.1,0.0,0.0,1.0,0.0,0.0,0.0,0.0,0.0,0.0
2237,1,0.0027868422293946963,0.0344957910220529,0.42840000000000006,-1.1,0.0,0.0,1.0,0.0,0.0,0.0,0.0,0.0,0.0
2238,1,0.0027868422293946963,0.01817263385297442,0.42840000000000006,-1.1,0.0,0.0,1.0,0.0,0.0,0.0,0.0,0.0,0.0
2239,1,0.0027868422293946963,0.14810017894304733,0.42840000000000006,-1.1,0.0,0.0,1.0,0.0,0.0,0.0,0.0,0.0,0.0
2240,1,0.0027868422293946963,0.0344957910220529,0.42840000000000006,-1.1,0.0,0.0,1.0,0.0,0.0,0.0,0.0,0.0,0.0
2241,1,0.027851828062864313,0.03127268025485283,0.1016,0.6,0.0,0.0,0.0,0.0,0.0,0.0,0.0,0.0,1.0
2242,1,0.029307883573179993,0.03127268025485283,0.1656,0.0,0.0,0.0,0.0,0.0,0.0,0.0,0.0,0.0,1.0
2243,0,0.029294749415812452,0.03127268025485283,0.4886,0.1,0.0,0.0,0.0,0.0,0.0,0.0,0.0,0.0,1.0
2244,1,0.030354520565124662,0.03127268025485283,0.5682,2.5,0.0,0.0,0.0,0.0,0.0,0.0,0.0,0.0,1.0
2245,1,0.032713584701333495,0.03127268025485283,0.1202,-0.5,0.0,0.0,0.0,0.0,0.0,0.0,0.0,0.0,1.0
2246,0,0.03188189596222108,0.03127268025485283,0.044199999999999996,-0.8,0.0,0.0,0.0,0.0,0.0,0.0,0.0,0.0,1.0
2247,0,0.03105048967810581,0.03127268025485283,0.139,-0.3,0.0,0.0,0.0,0.0,0.0,0.0,0.0,0.0,1.0
2248,1,0.03336012418981315,0.03127268025485283,0.027999999999999997,1.6,0.0,0.0,0.0,0.0,0.0,0.0,0.0,0.0,1.0
2249,1,0.03499815133204364,0.03127268025485283,0.008199999999999999,0.7,0.0,0.0,0.0,0.0,0.0,0.0,0.0,0.0,1.0
2250,0,0.032914127749311024,0.03127268025485283,0.0154,-1.7,0.0,0.0,0.0,0.0,0.0,0.0,0.0,0.0,1.0
2251,0,0.03254707748051272,0.03127268025485283,0.1656,0.2,0.0,0.0,0.0,0.0,0.0,0.0,0.0,0.0,1.0
2252,1,0.032706805781401865,0.03127268025485283,0.0,0.6,0.0,0.0,0.0,0.0,0.0,0.0,0.0,0.0,1.0
2253,1,0.03304801141796081,0.03127268025485283,0.1998,2.3,0.0,0.0,0.0,0.0,0.0,0.0,0.0,0.0,1.0
2254,0,0.030665009220743382,0.03127268025485283,0.0814,0.5,0.0,0.0,0.0,0.0,0.0,0.0,0.0,0.0,1.0
2255,0,0.027220823599227995,0.03127268025485283,0.001,0.3,0.0,0.0,0.0,0.0,0.0,0.0,0.0,0.0,1.0
2256,0,0.024785496613788267,0.03127268025485283,0.3274,1.3,0.0,0.0,0.0,0.0,0.0,0.0,0.0,0.0,1.0
2257,1,0.024830053889588907,0.03127268025485283,0.6344,-0.9,0.0,0.0,0.0,0.0,0.0,0.0,0.0,0.0,1.0
2258,1,0.027667596790972287,0.03127268025485283,0.295,-0.2,0.0,0.0,0.0,0.0,0.0,0.0,0.0,0.0,1.0
2259,0,0.022458632347254693,0.03127268025485283,0.4722,2.2,0.0,0.0,0.0,0.0,0.0,0.0,0.0,0.0,1.0
2260,1,0.024980037493076323,0.03127268025485283,0.0006,-1.5,0.0,0.0,0.0,0.0,0.0,0.0,0.0,0.0,1.0
2261,1,0.026473871359261006,0.03127268025485283,0.045599999999999995,-1.7,0.0,0.0,0.0,0.0,0.0,0.0,0.0,0.0,1.0
2262,1,0.02659984628799055,0.03127268025485283,0.0748,-0.6,0.0,0.0,0.0,0.0,0.0,0.0,0.0,0.0,1.0
2263,1,0.027408656172333703,0.03127268025485283,0.16879999999999998,-0.1,0.0,0.0,0.0,0.0,0.0,0.0,0.0,0.0,1.0
2264,1,0.028555070392022115,0.03127268025485283,0.2738,0.9,0.0,0.0,0.0,0.0,0.0,0.0,0.0,0.0,1.0
2265,0,0.02680971035087407,0.03127268025485283,0.1116,0.3,0.0,0.0,0.0,0.0,0.0,0.0,0.0,0.0,1.0
2266,0,0.02581179684593803,0.03127268025485283,0.3014,0.6,0.0,0.0,0.0,0.0,0.0,0.0,0.0,0.0,1.0
2267,1,0.027450459511912117,0.03127268025485283,0.1636,-0.9,0.0,0.0,0.0,0.0,0.0,0.0,0.0,0.0,1.0
2268,1,0.027896455952414242,0.03127268025485283,0.2982,0.6,0.0,0.0,0.0,0.0,0.0,0.0,0.0,0.0,1.0
2269,0,0.026646875045016265,0.03127268025485283,0.16760000000000003,-1.6,0.0,0.0,0.0,0.0,0.0,0.0,0.0,0.0,1.0
2270,0,0.025819140675863966,0.03127268025485283,0.005600000000000001,-0.9,0.0,0.0,0.0,0.0,0.0,0.0,0.0,0.0,1.0
2271,1,0.027155929563632452,0.03127268025485283,0.17579999999999998,1.5,0.0,0.0,0.0,0.0,0.0,0.0,0.0,0.0,1.0
2272,0,0.02480442109859741,0.03127268025485283,0.0572,-1.4,0.0,0.0,0.0,0.0,0.0,0.0,0.0,0.0,1.0
2273,1,0.028785906738444132,0.03127268025485283,0.37799999999999995,-0.8,0.0,0.0,0.0,0.0,0.0,0.0,0.0,0.0,1.0
2274,1,0.0301809519693751,0.03127268025485283,0.3486,-0.6,0.0,0.0,0.0,0.0,0.0,0.0,0.0,0.0,1.0
2275,1,0.030574129325409906,0.03127268025485283,0.6265999999999999,-0.5,0.0,0.0,0.0,0.0,0.0,0.0,0.0,0.0,1.0
2276,1,0.03305373113165312,0.03127268025485283,0.6437999999999999,0.5,0.0,0.0,0.0,0.0,0.0,0.0,0.0,0.0,1.0
2277,1,0.03785377135324471,0.03127268025485283,0.33020000000000005,2.2,0.0,0.0,0.0,0.0,0.0,0.0,0.0,0.0,1.0
2278,0,0.035819248008762884,0.03127268025485283,0.5094,-0.7,0.0,0.0,0.0,0.0,0.0,0.0,0.0,0.0,1.0
2279,0,0.03526697787558253,0.03127268025485283,0.252,-1.1,0.0,0.0,0.0,0.0,0.0,0.0,0.0,0.0,1.0
2280,1,0.03651006231804602,0.03127268025485283,0.15539999999999998,0.6,0.0,0.0,0.0,0.0,0.0,0.0,0.0,0.0,1.0
2281,1,0.03829200028132518,0.03127268025485283,0.42200000000000004,0.1,0.0,0.0,0.0,0.0,0.0,0.0,0.0,0.0,1.0
2282,0,0.025395175725139652,0.03127268025485283,0.7173999999999999,-1.2,0.0,0.0,0.0,0.0,0.0,0.0,0.0,0.0,1.0
2283,1,0.03151428078342848,0.03127268025485283,0.4266,-1.2,0.0,0.0,0.0,0.0,0.0,0.0,0.0,0.0,1.0
2284,0,0.02958560744912915,0.03127268025485283,0.1744,-0.8,0.0,0.0,0.0,0.0,0.0,0.0,0.0,0.0,1.0
2285,0,0.025255078046552536,0.03127268025485283,0.332,1.2,0.0,0.0,0.0,0.0,0.0,0.0,0.0,0.0,1.0
2286,1,0.03564419652427828,0.03127268025485283,0.501,-1.1,0.0,0.0,0.0,0.0,0.0,0.0,0.0,0.0,1.0
2287,1,0.10562312820604075,0.021136679812765315,0.1162,0.6,0.0,0.0,0.0,1.0,0.0,0.0,0.0,0.0,0.0
2288,0,0.09916408855868017,0.021136679812765315,0.11199999999999999,0.0,0.0,0.0,0.0,1.0,0.0,0.0,0.0,0.0,0.0
2289,1,0.10780431630779347,0.021136679812765315,0.12300000000000001,0.1,0.0,0.0,0.0,1.0,0.0,0.0,0.0,0.0,0.0
2290,0,0.10581491514910658,0.021136679812765315,0.0882,2.5,0.0,0.0,0.0,1.0,0.0,0.0,0.0,0.0,0.0
2291,1,0.10602301386825791,0.021136679812765315,0.078,-0.5,0.0,0.0,0.0,1.0,0.0,0.0,0.0,0.0,0.0
2292,1,0.10648122648738684,0.021136679812765315,0.2024,-0.8,0.0,0.0,0.0,1.0,0.0,0.0,0.0,0.0,0.0
2293,1,0.11627775438108885,0.021136679812765315,0.12480000000000001,-0.3,0.0,0.0,0.0,1.0,0.0,0.0,0.0,0.0,0.0
2294,0,0.11554810250969738,0.021136679812765315,0.1366,1.6,0.0,0.0,0.0,1.0,0.0,0.0,0.0,0.0,0.0
2295,1,0.12255792940150328,0.021136679812765315,0.25,0.7,0.0,0.0,0.0,1.0,0.0,0.0,0.0,0.0,0.0
2296,0,0.1181255043587043,0.021136679812765315,0.2836,-1.7,0.0,0.0,0.0,1.0,0.0,0.0,0.0,0.0,0.0
2297,1,0.13589884382696016,0.021136679812765315,0.265,0.2,0.0,0.0,0.0,1.0,0.0,0.0,0.0,0.0,0.0
2298,1,0.15239824064431373,0.021136679812765315,0.2122,0.6,0.0,0.0,0.0,1.0,0.0,0.0,0.0,0.0,0.0
2299,1,0.1689686748934509,0.021136679812765315,0.09519999999999999,2.3,0.0,0.0,0.0,1.0,0.0,0.0,0.0,0.0,0.0
2300,1,0.16920706691104673,0.021136679812765315,0.32299999999999995,0.5,0.0,0.0,0.0,1.0,0.0,0.0,0.0,0.0,0.0
2301,0,0.14192904617489557,0.021136679812765315,0.1642,0.3,0.0,0.0,0.0,1.0,0.0,0.0,0.0,0.0,0.0
2302,0,0.13668767002025484,0.021136679812765315,0.0922,1.3,0.0,0.0,0.0,1.0,0.0,0.0,0.0,0.0,0.0
2303,0,0.13394220744794283,0.021136679812765315,0.34119999999999995,-0.9,0.0,0.0,0.0,1.0,0.0,0.0,0.0,0.0,0.0
2304,1,0.1410621211748885,0.021136679812765315,0.11720000000000001,-0.2,0.0,0.0,0.0,1.0,0.0,0.0,0.0,0.0,0.0
2305,1,0.14927690108454245,0.021136679812765315,0.43439999999999995,2.2,0.0,0.0,0.0,1.0,0.0,0.0,0.0,0.0,0.0
2306,0,0.12081892459779114,0.021136679812765315,0.2662,-1.5,0.0,0.0,0.0,1.0,0.0,0.0,0.0,0.0,0.0
2307,1,0.12352237198927687,0.021136679812765315,0.1582,-1.7,0.0,0.0,0.0,1.0,0.0,0.0,0.0,0.0,0.0
2308,1,0.13300664588362798,0.021136679812765315,0.059000000000000004,-0.6,0.0,0.0,0.0,1.0,0.0,0.0,0.0,0.0,0.0
2309,1,0.13355227832437527,0.021136679812765315,0.1402,-0.1,0.0,0.0,0.0,1.0,0.0,0.0,0.0,0.0,0.0
2310,0,0.1319867715026634,0.021136679812765315,0.2112,0.9,0.0,0.0,0.0,1.0,0.0,0.0,0.0,0.0,0.0
2311,1,0.13333761252654017,0.021136679812765315,0.20440000000000003,0.3,0.0,0.0,0.0,1.0,0.0,0.0,0.0,0.0,0.0
2312,0,0.13261304484509745,0.021136679812765315,0.069,0.6,0.0,0.0,0.0,1.0,0.0,0.0,0.0,0.0,0.0
2313,0,0.04222236156668748,0.021136679812765315,0.19079999999999997,-0.9,0.0,0.0,0.0,1.0,0.0,0.0,0.0,0.0,0.0
2314,0,0.03441043309672078,0.021136679812765315,0.2758,0.6,0.0,0.0,0.0,1.0,0.0,0.0,0.0,0.0,0.0
2315,0,0.031506018974761796,0.021136679812765315,0.2932,-1.6,0.0,0.0,0.0,1.0,0.0,0.0,0.0,0.0,0.0
2316,1,0.035579161261184156,0.021136679812765315,0.2588,-0.9,0.0,0.0,0.0,1.0,0.0,0.0,0.0,0.0,0.0
2317,0,0.03511092148965635,0.021136679812765315,0.1906,1.5,0.0,0.0,0.0,1.0,0.0,0.0,0.0,0.0,0.0
2318,0,0.03412896669205937,0.021136679812765315,0.2554,-1.4,0.0,0.0,0.0,1.0,0.0,0.0,0.0,0.0,0.0
2319,1,0.035875597780694594,0.021136679812765315,0.48,-0.8,0.0,0.0,0.0,1.0,0.0,0.0,0.0,0.0,0.0
2320,0,0.03492139418656774,0.021136679812765315,0.192,-0.6,0.0,0.0,0.0,1.0,0.0,0.0,0.0,0.0,0.0
2321,1,0.03690472256281587,0.021136679812765315,0.303,-0.5,0.0,0.0,0.0,1.0,0.0,0.0,0.0,0.0,0.0
2322,1,0.040030581402541586,0.021136679812765315,0.29100000000000004,0.5,0.0,0.0,0.0,1.0,0.0,0.0,0.0,0.0,0.0
2323,1,0.04141595254982012,0.021136679812765315,0.385,2.2,0.0,0.0,0.0,1.0,0.0,0.0,0.0,0.0,0.0
2324,1,0.041510504360116565,0.021136679812765315,0.40700000000000003,-0.7,0.0,0.0,0.0,1.0,0.0,0.0,0.0,0.0,0.0
2325,0,0.03765167480278286,0.021136679812765315,0.34740000000000004,-1.1,0.0,0.0,0.0,1.0,0.0,0.0,0.0,0.0,0.0
2326,1,0.038949837969690884,0.021136679812765315,0.41600000000000004,0.6,0.0,0.0,0.0,1.0,0.0,0.0,0.0,0.0,0.0
2327,0,0.02050566788320034,0.021136679812765315,0.35340000000000005,0.1,0.0,0.0,0.0,1.0,0.0,0.0,0.0,0.0,0.0
2328,1,0.03642073592519688,0.021136679812765315,0.33840000000000003,-1.2,0.0,0.0,0.0,1.0,0.0,0.0,0.0,0.0,0.0
2329,1,0.04682729599899672,0.021136679812765315,0.061399999999999996,-1.2,0.0,0.0,0.0,1.0,0.0,0.0,0.0,0.0,0.0
2330,0,0.0462131682214402,0.021136679812765315,0.38880000000000003,-0.8,0.0,0.0,0.0,1.0,0.0,0.0,0.0,0.0,0.0
2331,1,0.05275143649550176,0.021136679812765315,0.4374,1.2,0.0,0.0,0.0,1.0,0.0,0.0,0.0,0.0,0.0
2332,0,0.046656905021965116,0.021136679812765315,0.1974,-1.1,0.0,0.0,0.0,1.0,0.0,0.0,0.0,0.0,0.0
2333,1,0.038078958599723704,0.015398883858127169,0.12240000000000001,0.6,0.0,0.0,0.0,0.0,0.0,0.0,1.0,0.0,0.0
2334,1,0.0415638177408289,0.015398883858127169,0.1376,0.0,0.0,0.0,0.0,0.0,0.0,0.0,1.0,0.0,0.0
2335,1,0.04257783118060257,0.015398883858127169,0.15839999999999999,0.1,0.0,0.0,0.0,0.0,0.0,0.0,1.0,0.0,0.0
2336,1,0.04265882515103575,0.015398883858127169,0.3452,2.5,0.0,0.0,0.0,0.0,0.0,0.0,1.0,0.0,0.0
2337,0,0.036497775525669934,0.015398883858127169,0.2488,-0.5,0.0,0.0,0.0,0.0,0.0,0.0,1.0,0.0,0.0
2338,1,0.04634175585889339,0.015398883858127169,0.207,-0.8,0.0,0.0,0.0,0.0,0.0,0.0,1.0,0.0,0.0
2339,1,0.046526552040779726,0.015398883858127169,0.2116,-0.3,0.0,0.0,0.0,0.0,0.0,0.0,1.0,0.0,0.0
2340,1,0.051446776863659255,0.015398883858127169,0.198,1.6,0.0,0.0,0.0,0.0,0.0,0.0,1.0,0.0,0.0
2341,1,0.05452673676634786,0.015398883858127169,0.0864,0.7,0.0,0.0,0.0,0.0,0.0,0.0,1.0,0.0,0.0
2342,0,0.042371427191434156,0.015398883858127169,0.2018,-1.7,0.0,0.0,0.0,0.0,0.0,0.0,1.0,0.0,0.0
2343,1,0.043171480970865615,0.015398883858127169,0.1378,0.2,0.0,0.0,0.0,0.0,0.0,0.0,1.0,0.0,0.0
2344,1,0.0478814180483659,0.015398883858127169,0.0834,0.6,0.0,0.0,0.0,0.0,0.0,0.0,1.0,0.0,0.0
2345,1,0.0524010510715354,0.015398883858127169,0.2144,2.3,0.0,0.0,0.0,0.0,0.0,0.0,1.0,0.0,0.0
2346,0,0.04703257016817653,0.015398883858127169,0.1864,0.5,0.0,0.0,0.0,0.0,0.0,0.0,1.0,0.0,0.0
2347,1,0.04837260728841226,0.015398883858127169,0.0834,0.3,0.0,0.0,0.0,0.0,0.0,0.0,1.0,0.0,0.0
2348,0,0.046872983094785964,0.015398883858127169,0.107,1.3,0.0,0.0,0.0,0.0,0.0,0.0,1.0,0.0,0.0
2349,0,0.043594104260353456,0.015398883858127169,0.1882,-0.9,0.0,0.0,0.0,0.0,0.0,0.0,1.0,0.0,0.0
2350,1,0.04432566270297569,0.015398883858127169,0.1804,-0.2,0.0,0.0,0.0,0.0,0.0,0.0,1.0,0.0,0.0
2351,0,0.042689965814471695,0.015398883858127169,0.19940000000000002,2.2,0.0,0.0,0.0,0.0,0.0,0.0,1.0,0.0,0.0
2352,1,0.04489170251726718,0.015398883858127169,0.1524,-1.5,0.0,0.0,0.0,0.0,0.0,0.0,1.0,0.0,0.0
2353,0,0.03193768082415849,0.015398883858127169,0.195,-1.7,0.0,0.0,0.0,0.0,0.0,0.0,1.0,0.0,0.0
2354,1,0.03625373440813109,0.015398883858127169,0.1244,-0.6,0.0,0.0,0.0,0.0,0.0,0.0,1.0,0.0,0.0
2355,0,0.028696368504347123,0.015398883858127169,0.265,-0.1,0.0,0.0,0.0,0.0,0.0,0.0,1.0,0.0,0.0
2356,1,0.030970484300162665,0.015398883858127169,0.491,0.9,0.0,0.0,0.0,0.0,0.0,0.0,1.0,0.0,0.0
2357,1,0.03155099993305817,0.015398883858127169,0.057999999999999996,0.3,0.0,0.0,0.0,0.0,0.0,0.0,1.0,0.0,0.0
2358,1,0.03518916152386731,0.015398883858127169,0.1444,0.6,0.0,0.0,0.0,0.0,0.0,0.0,1.0,0.0,0.0
2359,1,0.039349370563161595,0.015398883858127169,0.0706,-0.9,0.0,0.0,0.0,0.0,0.0,0.0,1.0,0.0,0.0
2360,0,0.0382092409671598,0.015398883858127169,0.2086,0.6,0.0,0.0,0.0,0.0,0.0,0.0,1.0,0.0,0.0
2361,1,0.03893966958979343,0.015398883858127169,0.099,-1.6,0.0,0.0,0.0,0.0,0.0,0.0,1.0,0.0,0.0
2362,0,0.03886418349180471,0.015398883858127169,0.0766,-0.9,0.0,0.0,0.0,0.0,0.0,0.0,1.0,0.0,0.0
2363,1,0.03952336284140689,0.015398883858127169,0.0724,1.5,0.0,0.0,0.0,0.0,0.0,0.0,1.0,0.0,0.0
2364,1,0.04041429651617182,0.015398883858127169,0.1866,-1.4,0.0,0.0,0.0,0.0,0.0,0.0,1.0,0.0,0.0
2365,0,0.034520237476863405,0.015398883858127169,0.5770000000000001,-0.8,0.0,0.0,0.0,0.0,0.0,0.0,1.0,0.0,0.0
2366,0,0.03249906013099698,0.015398883858127169,0.1202,-0.6,0.0,0.0,0.0,0.0,0.0,0.0,1.0,0.0,0.0
2367,1,0.035417243934067096,0.015398883858127169,0.35200000000000004,-0.5,0.0,0.0,0.0,0.0,0.0,0.0,1.0,0.0,0.0
2368,1,0.03864867032897816,0.015398883858127169,0.3858,0.5,0.0,0.0,0.0,0.0,0.0,0.0,1.0,0.0,0.0
2369,1,0.04120502928069728,0.015398883858127169,0.3322,2.2,0.0,0.0,0.0,0.0,0.0,0.0,1.0,0.0,0.0
2370,1,0.04334187194789722,0.015398883858127169,0.45439999999999997,-0.7,0.0,0.0,0.0,0.0,0.0,0.0,1.0,0.0,0.0
2371,0,0.03978519862376627,0.015398883858127169,0.4104,-1.1,0.0,0.0,0.0,0.0,0.0,0.0,1.0,0.0,0.0
2372,0,0.039275579195155785,0.015398883858127169,0.11,0.6,0.0,0.0,0.0,0.0,0.0,0.0,1.0,0.0,0.0
2373,0,0.020299828804026226,0.015398883858127169,0.40659999999999996,0.1,0.0,0.0,0.0,0.0,0.0,0.0,1.0,0.0,0.0
2374,1,0.038730017368157774,0.015398883858127169,0.5376,-1.2,0.0,0.0,0.0,0.0,0.0,0.0,1.0,0.0,0.0
2375,0,0.03529204575657972,0.015398883858127169,0.132,-1.2,0.0,0.0,0.0,0.0,0.0,0.0,1.0,0.0,0.0
2376,1,0.03567364245773132,0.015398883858127169,0.13019999999999998,-0.8,0.0,0.0,0.0,0.0,0.0,0.0,1.0,0.0,0.0
2377,0,0.03389918955187667,0.015398883858127169,0.41259999999999997,1.2,0.0,0.0,0.0,0.0,0.0,0.0,1.0,0.0,0.0
2378,0,0.03270334570768676,0.015398883858127169,0.5256000000000001,-1.1,0.0,0.0,0.0,0.0,0.0,0.0,1.0,0.0,0.0
2379,0,0.0895563112168246,0.0693531795848928,0.13140000000000002,0.6,0.0,0.0,1.0,0.0,0.0,0.0,0.0,0.0,0.0
2380,0,0.08711413469770395,0.0693531795848928,0.254,0.0,0.0,0.0,1.0,0.0,0.0,0.0,0.0,0.0,0.0
2381,0,0.07112922965766172,0.0693531795848928,0.3642,0.1,0.0,0.0,1.0,0.0,0.0,0.0,0.0,0.0,0.0
2382,1,0.07812041451965562,0.0693531795848928,0.3654,2.5,0.0,0.0,1.0,0.0,0.0,0.0,0.0,0.0,0.0
2383,1,0.08137606143057242,0.0693531795848928,0.46740000000000004,-0.5,0.0,0.0,1.0,0.0,0.0,0.0,0.0,0.0,0.0
2384,1,0.08231021071990152,0.0693531795848928,0.37920000000000004,-0.8,0.0,0.0,1.0,0.0,0.0,0.0,0.0,0.0,0.0
2385,1,0.09168891705906727,0.0693531795848928,0.0274,-0.3,0.0,0.0,1.0,0.0,0.0,0.0,0.0,0.0,0.0
2386,0,0.09123487065114633,0.0693531795848928,0.2726,1.6,0.0,0.0,1.0,0.0,0.0,0.0,0.0,0.0,0.0
2387,0,0.08866389465332462,0.0693531795848928,0.1042,0.7,0.0,0.0,1.0,0.0,0.0,0.0,0.0,0.0,0.0
2388,1,0.09563234188804783,0.0693531795848928,0.0018,-1.7,0.0,0.0,1.0,0.0,0.0,0.0,0.0,0.0,0.0
2389,0,0.09371157729366875,0.0693531795848928,0.1666,0.2,0.0,0.0,1.0,0.0,0.0,0.0,0.0,0.0,0.0
2390,1,0.10940979051160227,0.0693531795848928,0.0684,0.6,0.0,0.0,1.0,0.0,0.0,0.0,0.0,0.0,0.0
2391,0,0.10747815139983284,0.0693531795848928,0.3826,2.3,0.0,0.0,1.0,0.0,0.0,0.0,0.0,0.0,0.0
2392,0,0.09640280850652767,0.0693531795848928,0.1592,0.5,0.0,0.0,1.0,0.0,0.0,0.0,0.0,0.0,0.0
2393,1,0.10071243623931508,0.0693531795848928,0.14,0.3,0.0,0.0,1.0,0.0,0.0,0.0,0.0,0.0,0.0
2394,1,0.10155860079703151,0.0693531795848928,0.32520000000000004,1.3,0.0,0.0,1.0,0.0,0.0,0.0,0.0,0.0,0.0
2395,0,0.09454905636022276,0.0693531795848928,0.493,-0.9,0.0,0.0,1.0,0.0,0.0,0.0,0.0,0.0,0.0
2396,0,0.09291166474173586,0.0693531795848928,0.2582,-0.2,0.0,0.0,1.0,0.0,0.0,0.0,0.0,0.0,0.0
2397,1,0.09559639948966031,0.0693531795848928,0.4412,2.2,0.0,0.0,1.0,0.0,0.0,0.0,0.0,0.0,0.0
2398,0,0.09119038398909497,0.0693531795848928,0.1164,-1.5,0.0,0.0,1.0,0.0,0.0,0.0,0.0,0.0,0.0
2399,1,0.09496370029604108,0.0693531795848928,0.0132,-1.7,0.0,0.0,1.0,0.0,0.0,0.0,0.0,0.0,0.0
2400,0,0.09187576103968295,0.0693531795848928,0.1902,-0.6,0.0,0.0,1.0,0.0,0.0,0.0,0.0,0.0,0.0
2401,1,0.0925315509293193,0.0693531795848928,0.13,-0.1,0.0,0.0,1.0,0.0,0.0,0.0,0.0,0.0,0.0
2402,0,0.08913933702727979,0.0693531795848928,0.31420000000000003,0.9,0.0,0.0,1.0,0.0,0.0,0.0,0.0,0.0,0.0
2403,0,0.08598989319529193,0.0693531795848928,0.1362,0.3,0.0,0.0,1.0,0.0,0.0,0.0,0.0,0.0,0.0
2404,0,0.08289326844777138,0.0693531795848928,0.07780000000000001,0.6,0.0,0.0,1.0,0.0,0.0,0.0,0.0,0.0,0.0
2405,0,0.07863554182071056,0.0693531795848928,0.21960000000000002,-0.9,0.0,0.0,1.0,0.0,0.0,0.0,0.0,0.0,0.0
2406,0,0.07398096592265196,0.0693531795848928,0.1568,0.6,0.0,0.0,1.0,0.0,0.0,0.0,0.0,0.0,0.0
2407,1,0.08213981974286992,0.0693531795848928,0.0292,-1.6,0.0,0.0,1.0,0.0,0.0,0.0,0.0,0.0,0.0
2408,0,0.0813226068223615,0.0693531795848928,0.04,-0.9,0.0,0.0,1.0,0.0,0.0,0.0,0.0,0.0,0.0
2409,1,0.08415421816880471,0.0693531795848928,0.1528,1.5,0.0,0.0,1.0,0.0,0.0,0.0,0.0,0.0,0.0
2410,0,0.07331324230938595,0.0693531795848928,0.1186,-1.4,0.0,0.0,1.0,0.0,0.0,0.0,0.0,0.0,0.0
2411,1,0.07408639225033874,0.0693531795848928,0.256,-0.8,0.0,0.0,1.0,0.0,0.0,0.0,0.0,0.0,0.0
2412,1,0.08110356297207057,0.0693531795848928,0.0546,-0.6,0.0,0.0,1.0,0.0,0.0,0.0,0.0,0.0,0.0
2413,1,0.08927406806092103,0.0693531795848928,0.3104,-0.5,0.0,0.0,1.0,0.0,0.0,0.0,0.0,0.0,0.0
2414,0,0.08736551964516874,0.0693531795848928,0.7186,0.5,0.0,0.0,1.0,0.0,0.0,0.0,0.0,0.0,0.0
2415,1,0.09581671438743844,0.0693531795848928,0.27940000000000004,2.2,0.0,0.0,1.0,0.0,0.0,0.0,0.0,0.0,0.0
2416,1,0.09997967736295496,0.0693531795848928,0.18,-0.7,0.0,0.0,1.0,0.0,0.0,0.0,0.0,0.0,0.0
2417,1,0.10722634276987233,0.0693531795848928,0.13720000000000002,-1.1,0.0,0.0,1.0,0.0,0.0,0.0,0.0,0.0,0.0
2418,0,0.10603508881938613,0.0693531795848928,0.0654,0.6,0.0,0.0,1.0,0.0,0.0,0.0,0.0,0.0,0.0
2419,0,0.08196519194088103,0.0693531795848928,0.22899999999999998,0.1,0.0,0.0,1.0,0.0,0.0,0.0,0.0,0.0,0.0
2420,1,0.1179294099769319,0.0693531795848928,0.45380000000000004,-1.2,0.0,0.0,1.0,0.0,0.0,0.0,0.0,0.0,0.0
2421,0,0.11456339377587818,0.0693531795848928,0.1818,-1.2,0.0,0.0,1.0,0.0,0.0,0.0,0.0,0.0,0.0
2422,1,0.11822817675016883,0.0693531795848928,0.15,-0.8,0.0,0.0,1.0,0.0,0.0,0.0,0.0,0.0,0.0
2423,0,0.11439469752882947,0.0693531795848928,0.33899999999999997,1.2,0.0,0.0,1.0,0.0,0.0,0.0,0.0,0.0,0.0
2424,1,0.1154776299879081,0.0693531795848928,0.42840000000000006,-1.1,0.0,0.0,1.0,0.0,0.0,0.0,0.0,0.0,0.0
2425,1,0.018572898951442315,0.021239127461607474,0.2024,-0.8,0.0,0.0,0.0,1.0,0.0,0.0,0.0,0.0,0.0
2426,1,0.027827395705610714,0.021239127461607474,0.12480000000000001,-0.3,0.0,0.0,0.0,1.0,0.0,0.0,0.0,0.0,0.0
2427,1,0.030843450165193805,0.021239127461607474,0.1366,1.6,0.0,0.0,0.0,1.0,0.0,0.0,0.0,0.0,0.0
2428,0,0.02822586909284211,0.021239127461607474,0.25,0.7,0.0,0.0,0.0,1.0,0.0,0.0,0.0,0.0,0.0
2429,1,0.02903602063842173,0.021239127461607474,0.2836,-1.7,0.0,0.0,0.0,1.0,0.0,0.0,0.0,0.0,0.0
2430,0,0.026694468712036283,0.021239127461607474,0.265,0.2,0.0,0.0,0.0,1.0,0.0,0.0,0.0,0.0,0.0
2431,1,0.05452596001510569,0.021239127461607474,0.2122,0.6,0.0,0.0,0.0,1.0,0.0,0.0,0.0,0.0,0.0
2432,1,0.06639881459286795,0.021239127461607474,0.09519999999999999,2.3,0.0,0.0,0.0,1.0,0.0,0.0,0.0,0.0,0.0
2433,1,0.07100904505637379,0.021239127461607474,0.32299999999999995,0.5,0.0,0.0,0.0,1.0,0.0,0.0,0.0,0.0,0.0
2434,1,0.07626242554839344,0.021239127461607474,0.1642,0.3,0.0,0.0,0.0,1.0,0.0,0.0,0.0,0.0,0.0
2435,1,0.08312918898414214,0.021239127461607474,0.0922,1.3,0.0,0.0,0.0,1.0,0.0,0.0,0.0,0.0,0.0
2436,1,0.0873941888273796,0.021239127461607474,0.34119999999999995,-0.9,0.0,0.0,0.0,1.0,0.0,0.0,0.0,0.0,0.0
2437,0,0.08673077265282016,0.021239127461607474,0.11720000000000001,-0.2,0.0,0.0,0.0,1.0,0.0,0.0,0.0,0.0,0.0
2438,0,0.08457048622085665,0.021239127461607474,0.43439999999999995,2.2,0.0,0.0,0.0,1.0,0.0,0.0,0.0,0.0,0.0
2439,0,0.08378328414379559,0.021239127461607474,0.2662,-1.5,0.0,0.0,0.0,1.0,0.0,0.0,0.0,0.0,0.0
2440,0,0.07997226009472976,0.021239127461607474,0.1582,-1.7,0.0,0.0,0.0,1.0,0.0,0.0,0.0,0.0,0.0
2441,1,0.08696288004672935,0.021239127461607474,0.059000000000000004,-0.6,0.0,0.0,0.0,1.0,0.0,0.0,0.0,0.0,0.0
2442,0,0.08585749241537718,0.021239127461607474,0.1402,-0.1,0.0,0.0,0.0,1.0,0.0,0.0,0.0,0.0,0.0
2443,0,0.07846345611369604,0.021239127461607474,0.2112,0.9,0.0,0.0,0.0,1.0,0.0,0.0,0.0,0.0,0.0
2444,1,0.08133164538227036,0.021239127461607474,0.20440000000000003,0.3,0.0,0.0,0.0,1.0,0.0,0.0,0.0,0.0,0.0
2445,0,0.07384884759773437,0.021239127461607474,0.069,0.6,0.0,0.0,0.0,1.0,0.0,0.0,0.0,0.0,0.0
2446,1,0.07941843645906507,0.021239127461607474,0.19079999999999997,-0.9,0.0,0.0,0.0,1.0,0.0,0.0,0.0,0.0,0.0
2447,1,0.08318384402609093,0.021239127461607474,0.2758,0.6,0.0,0.0,0.0,1.0,0.0,0.0,0.0,0.0,0.0
2448,1,0.08564416827877856,0.021239127461607474,0.2932,-1.6,0.0,0.0,0.0,1.0,0.0,0.0,0.0,0.0,0.0
2449,0,0.08080458435758577,0.021239127461607474,0.2588,-0.9,0.0,0.0,0.0,1.0,0.0,0.0,0.0,0.0,0.0
2450,1,0.08129146615892556,0.021239127461607474,0.1906,1.5,0.0,0.0,0.0,1.0,0.0,0.0,0.0,0.0,0.0
2451,0,0.07563353949723575,0.021239127461607474,0.2554,-1.4,0.0,0.0,0.0,1.0,0.0,0.0,0.0,0.0,0.0
2452,1,0.0796660788778176,0.021239127461607474,0.48,-0.8,0.0,0.0,0.0,1.0,0.0,0.0,0.0,0.0,0.0
2453,0,0.07568544060296233,0.021239127461607474,0.192,-0.6,0.0,0.0,0.0,1.0,0.0,0.0,0.0,0.0,0.0
2454,1,0.07942627458523602,0.021239127461607474,0.303,-0.5,0.0,0.0,0.0,1.0,0.0,0.0,0.0,0.0,0.0
2455,1,0.08323616881431324,0.021239127461607474,0.29100000000000004,0.5,0.0,0.0,0.0,1.0,0.0,0.0,0.0,0.0,0.0
2456,1,0.08459039929815582,0.021239127461607474,0.385,2.2,0.0,0.0,0.0,1.0,0.0,0.0,0.0,0.0,0.0
2457,0,0.08252332301525228,0.021239127461607474,0.40700000000000003,-0.7,0.0,0.0,0.0,1.0,0.0,0.0,0.0,0.0,0.0
2458,1,0.08704041394344743,0.021239127461607474,0.34740000000000004,-1.1,0.0,0.0,0.0,1.0,0.0,0.0,0.0,0.0,0.0
2459,0,0.08443434291222965,0.021239127461607474,0.41600000000000004,0.6,0.0,0.0,0.0,1.0,0.0,0.0,0.0,0.0,0.0
2460,0,0.07445330129163846,0.021239127461607474,0.35340000000000005,0.1,0.0,0.0,0.0,1.0,0.0,0.0,0.0,0.0,0.0
2461,1,0.11882316820166836,0.021239127461607474,0.33840000000000003,-1.2,0.0,0.0,0.0,1.0,0.0,0.0,0.0,0.0,0.0
2462,0,0.11252463360643906,0.021239127461607474,0.061399999999999996,-1.2,0.0,0.0,0.0,1.0,0.0,0.0,0.0,0.0,0.0
2463,1,0.1205534169004688,0.021239127461607474,0.38880000000000003,-0.8,0.0,0.0,0.0,1.0,0.0,0.0,0.0,0.0,0.0
2464,1,0.1279476650433978,0.021239127461607474,0.4374,1.2,0.0,0.0,0.0,1.0,0.0,0.0,0.0,0.0,0.0
2465,1,0.1382927911553172,0.021239127461607474,0.1974,-1.1,0.0,0.0,0.0,1.0,0.0,0.0,0.0,0.0,0.0
2466,1,0.05621412291933057,0.01817263385297442,0.13140000000000002,0.6,0.0,0.0,1.0,0.0,0.0,0.0,0.0,0.0,0.0
2467,1,0.05621412291933057,0.14810017894304733,0.13140000000000002,0.6,0.0,0.0,1.0,0.0,0.0,0.0,0.0,0.0,0.0
2468,1,0.05621412291933057,0.0344957910220529,0.13140000000000002,0.6,0.0,0.0,1.0,0.0,0.0,0.0,0.0,0.0,0.0
2469,1,0.05621412291933057,0.01817263385297442,0.13140000000000002,0.6,0.0,0.0,1.0,0.0,0.0,0.0,0.0,0.0,0.0
2470,1,0.05621412291933057,0.14810017894304733,0.13140000000000002,0.6,0.0,0.0,1.0,0.0,0.0,0.0,0.0,0.0,0.0
2471,1,0.05621412291933057,0.0344957910220529,0.13140000000000002,0.6,0.0,0.0,1.0,0.0,0.0,0.0,0.0,0.0,0.0
2472,1,0.05621412291933057,0.01817263385297442,0.13140000000000002,0.6,0.0,0.0,1.0,0.0,0.0,0.0,0.0,0.0,0.0
2473,1,0.05621412291933057,0.14810017894304733,0.13140000000000002,0.6,0.0,0.0,1.0,0.0,0.0,0.0,0.0,0.0,0.0
2474,1,0.05621412291933057,0.0344957910220529,0.13140000000000002,0.6,0.0,0.0,1.0,0.0,0.0,0.0,0.0,0.0,0.0
2475,1,0.058540634117117706,0.01817263385297442,0.254,0.0,0.0,0.0,1.0,0.0,0.0,0.0,0.0,0.0,0.0
2476,1,0.058540634117117706,0.14810017894304733,0.254,0.0,0.0,0.0,1.0,0.0,0.0,0.0,0.0,0.0,0.0
2477,1,0.058540634117117706,0.0344957910220529,0.254,0.0,0.0,0.0,1.0,0.0,0.0,0.0,0.0,0.0,0.0
2478,1,0.058540634117117706,0.01817263385297442,0.254,0.0,0.0,0.0,1.0,0.0,0.0,0.0,0.0,0.0,0.0
2479,1,0.058540634117117706,0.14810017894304733,0.254,0.0,0.0,0.0,1.0,0.0,0.0,0.0,0.0,0.0,0.0
2480,1,0.058540634117117706,0.0344957910220529,0.254,0.0,0.0,0.0,1.0,0.0,0.0,0.0,0.0,0.0,0.0
2481,1,0.058540634117117706,0.01817263385297442,0.254,0.0,0.0,0.0,1.0,0.0,0.0,0.0,0.0,0.0,0.0
2482,1,0.058540634117117706,0.14810017894304733,0.254,0.0,0.0,0.0,1.0,0.0,0.0,0.0,0.0,0.0,0.0
2483,1,0.058540634117117706,0.0344957910220529,0.254,0.0,0.0,0.0,1.0,0.0,0.0,0.0,0.0,0.0,0.0
2484,1,0.06051711295968491,0.01817263385297442,0.3642,0.1,0.0,0.0,1.0,0.0,0.0,0.0,0.0,0.0,0.0
2485,1,0.06051711295968491,0.14810017894304733,0.3642,0.1,0.0,0.0,1.0,0.0,0.0,0.0,0.0,0.0,0.0
2486,1,0.06051711295968491,0.0344957910220529,0.3642,0.1,0.0,0.0,1.0,0.0,0.0,0.0,0.0,0.0,0.0
2487,1,0.06051711295968491,0.01817263385297442,0.3642,0.1,0.0,0.0,1.0,0.0,0.0,0.0,0.0,0.0,0.0
2488,1,0.06051711295968491,0.14810017894304733,0.3642,0.1,0.0,0.0,1.0,0.0,0.0,0.0,0.0,0.0,0.0
2489,1,0.06051711295968491,0.0344957910220529,0.3642,0.1,0.0,0.0,1.0,0.0,0.0,0.0,0.0,0.0,0.0
2490,1,0.06051711295968491,0.01817263385297442,0.3642,0.1,0.0,0.0,1.0,0.0,0.0,0.0,0.0,0.0,0.0
2491,1,0.06051711295968491,0.14810017894304733,0.3642,0.1,0.0,0.0,1.0,0.0,0.0,0.0,0.0,0.0,0.0
2492,1,0.06051711295968491,0.0344957910220529,0.3642,0.1,0.0,0.0,1.0,0.0,0.0,0.0,0.0,0.0,0.0
2493,1,0.060589492052704974,0.01817263385297442,0.3654,2.5,0.0,0.0,1.0,0.0,0.0,0.0,0.0,0.0,0.0
2494,1,0.060589492052704974,0.14810017894304733,0.3654,2.5,0.0,0.0,1.0,0.0,0.0,0.0,0.0,0.0,0.0
2495,1,0.060589492052704974,0.0344957910220529,0.3654,2.5,0.0,0.0,1.0,0.0,0.0,0.0,0.0,0.0,0.0
2496,1,0.060589492052704974,0.01817263385297442,0.3654,2.5,0.0,0.0,1.0,0.0,0.0,0.0,0.0,0.0,0.0
2497,1,0.060589492052704974,0.14810017894304733,0.3654,2.5,0.0,0.0,1.0,0.0,0.0,0.0,0.0,0.0,0.0
2498,1,0.060589492052704974,0.0344957910220529,0.3654,2.5,0.0,0.0,1.0,0.0,0.0,0.0,0.0,0.0,0.0
2499,1,0.060589492052704974,0.01817263385297442,0.3654,2.5,0.0,0.0,1.0,0.0,0.0,0.0,0.0,0.0,0.0
2500,1,0.060589492052704974,0.14810017894304733,0.3654,2.5,0.0,0.0,1.0,0.0,0.0,0.0,0.0,0.0,0.0
2501,1,0.060589492052704974,0.0344957910220529,0.3654,2.5,0.0,0.0,1.0,0.0,0.0,0.0,0.0,0.0,0.0
2502,0,0.04503999139077169,0.01817263385297442,0.46740000000000004,-0.5,0.0,0.0,1.0,0.0,0.0,0.0,0.0,0.0,0.0
2503,0,0.04503999139077169,0.14810017894304733,0.46740000000000004,-0.5,0.0,0.0,1.0,0.0,0.0,0.0,0.0,0.0,0.0
2504,0,0.04503999139077169,0.0344957910220529,0.46740000000000004,-0.5,0.0,0.0,1.0,0.0,0.0,0.0,0.0,0.0,0.0
2505,0,0.04503999139077169,0.01817263385297442,0.46740000000000004,-0.5,0.0,0.0,1.0,0.0,0.0,0.0,0.0,0.0,0.0
2506,0,0.04503999139077169,0.14810017894304733,0.46740000000000004,-0.5,0.0,0.0,1.0,0.0,0.0,0.0,0.0,0.0,0.0
2507,0,0.04503999139077169,0.0344957910220529,0.46740000000000004,-0.5,0.0,0.0,1.0,0.0,0.0,0.0,0.0,0.0,0.0
2508,0,0.04503999139077169,0.01817263385297442,0.46740000000000004,-0.5,0.0,0.0,1.0,0.0,0.0,0.0,0.0,0.0,0.0
2509,0,0.04503999139077169,0.14810017894304733,0.46740000000000004,-0.5,0.0,0.0,1.0,0.0,0.0,0.0,0.0,0.0,0.0
2510,0,0.04503999139077169,0.0344957910220529,0.46740000000000004,-0.5,0.0,0.0,1.0,0.0,0.0,0.0,0.0,0.0,0.0
2511,0,0.044432571919397514,0.01817263385297442,0.37920000000000004,-0.8,0.0,0.0,1.0,0.0,0.0,0.0,0.0,0.0,0.0
2512,0,0.044432571919397514,0.14810017894304733,0.37920000000000004,-0.8,0.0,0.0,1.0,0.0,0.0,0.0,0.0,0.0,0.0
2513,0,0.044432571919397514,0.0344957910220529,0.37920000000000004,-0.8,0.0,0.0,1.0,0.0,0.0,0.0,0.0,0.0,0.0
2514,0,0.044432571919397514,0.01817263385297442,0.37920000000000004,-0.8,0.0,0.0,1.0,0.0,0.0,0.0,0.0,0.0,0.0
2515,0,0.044432571919397514,0.14810017894304733,0.37920000000000004,-0.8,0.0,0.0,1.0,0.0,0.0,0.0,0.0,0.0,0.0
2516,0,0.044432571919397514,0.0344957910220529,0.37920000000000004,-0.8,0.0,0.0,1.0,0.0,0.0,0.0,0.0,0.0,0.0
2517,0,0.044432571919397514,0.01817263385297442,0.37920000000000004,-0.8,0.0,0.0,1.0,0.0,0.0,0.0,0.0,0.0,0.0
2518,0,0.044432571919397514,0.14810017894304733,0.37920000000000004,-0.8,0.0,0.0,1.0,0.0,0.0,0.0,0.0,0.0,0.0
2519,0,0.044432571919397514,0.0344957910220529,0.37920000000000004,-0.8,0.0,0.0,1.0,0.0,0.0,0.0,0.0,0.0,0.0
2520,1,0.04823314513356873,0.01817263385297442,0.0274,-0.3,0.0,0.0,1.0,0.0,0.0,0.0,0.0,0.0,0.0
2521,1,0.04823314513356873,0.14810017894304733,0.0274,-0.3,0.0,0.0,1.0,0.0,0.0,0.0,0.0,0.0,0.0
2522,1,0.04823314513356873,0.0344957910220529,0.0274,-0.3,0.0,0.0,1.0,0.0,0.0,0.0,0.0,0.0,0.0
2523,1,0.04823314513356873,0.01817263385297442,0.0274,-0.3,0.0,0.0,1.0,0.0,0.0,0.0,0.0,0.0,0.0
2524,1,0.04823314513356873,0.14810017894304733,0.0274,-0.3,0.0,0.0,1.0,0.0,0.0,0.0,0.0,0.0,0.0
2525,1,0.04823314513356873,0.0344957910220529,0.0274,-0.3,0.0,0.0,1.0,0.0,0.0,0.0,0.0,0.0,0.0
2526,1,0.04823314513356873,0.01817263385297442,0.0274,-0.3,0.0,0.0,1.0,0.0,0.0,0.0,0.0,0.0,0.0
2527,1,0.04823314513356873,0.14810017894304733,0.0274,-0.3,0.0,0.0,1.0,0.0,0.0,0.0,0.0,0.0,0.0
2528,1,0.04823314513356873,0.0344957910220529,0.0274,-0.3,0.0,0.0,1.0,0.0,0.0,0.0,0.0,0.0,0.0
2529,0,0.04601234271846552,0.01817263385297442,0.2726,1.6,0.0,0.0,1.0,0.0,0.0,0.0,0.0,0.0,0.0
2530,0,0.04601234271846552,0.14810017894304733,0.2726,1.6,0.0,0.0,1.0,0.0,0.0,0.0,0.0,0.0,0.0
2531,0,0.04601234271846552,0.0344957910220529,0.2726,1.6,0.0,0.0,1.0,0.0,0.0,0.0,0.0,0.0,0.0
2532,0,0.04601234271846552,0.01817263385297442,0.2726,1.6,0.0,0.0,1.0,0.0,0.0,0.0,0.0,0.0,0.0
2533,0,0.04601234271846552,0.14810017894304733,0.2726,1.6,0.0,0.0,1.0,0.0,0.0,0.0,0.0,0.0,0.0
2534,0,0.04601234271846552,0.0344957910220529,0.2726,1.6,0.0,0.0,1.0,0.0,0.0,0.0,0.0,0.0,0.0
2535,0,0.04601234271846552,0.01817263385297442,0.2726,1.6,0.0,0.0,1.0,0.0,0.0,0.0,0.0,0.0,0.0
2536,0,0.04601234271846552,0.14810017894304733,0.2726,1.6,0.0,0.0,1.0,0.0,0.0,0.0,0.0,0.0,0.0
2537,0,0.04601234271846552,0.0344957910220529,0.2726,1.6,0.0,0.0,1.0,0.0,0.0,0.0,0.0,0.0,0.0
2538,0,0.04278960181471687,0.01817263385297442,0.1042,0.7,0.0,0.0,1.0,0.0,0.0,0.0,0.0,0.0,0.0
2539,0,0.04278960181471687,0.14810017894304733,0.1042,0.7,0.0,0.0,1.0,0.0,0.0,0.0,0.0,0.0,0.0
2540,0,0.04278960181471687,0.0344957910220529,0.1042,0.7,0.0,0.0,1.0,0.0,0.0,0.0,0.0,0.0,0.0
2541,0,0.04278960181471687,0.01817263385297442,0.1042,0.7,0.0,0.0,1.0,0.0,0.0,0.0,0.0,0.0,0.0
2542,0,0.04278960181471687,0.14810017894304733,0.1042,0.7,0.0,0.0,1.0,0.0,0.0,0.0,0.0,0.0,0.0
2543,0,0.04278960181471687,0.0344957910220529,0.1042,0.7,0.0,0.0,1.0,0.0,0.0,0.0,0.0,0.0,0.0
2544,0,0.04278960181471687,0.01817263385297442,0.1042,0.7,0.0,0.0,1.0,0.0,0.0,0.0,0.0,0.0,0.0
2545,0,0.04278960181471687,0.14810017894304733,0.1042,0.7,0.0,0.0,1.0,0.0,0.0,0.0,0.0,0.0,0.0
2546,0,0.04278960181471687,0.0344957910220529,0.1042,0.7,0.0,0.0,1.0,0.0,0.0,0.0,0.0,0.0,0.0
2547,0,0.027640551724995036,0.01817263385297442,0.0018,-1.7,0.0,0.0,1.0,0.0,0.0,0.0,0.0,0.0,0.0
2548,0,0.027640551724995036,0.14810017894304733,0.0018,-1.7,0.0,0.0,1.0,0.0,0.0,0.0,0.0,0.0,0.0
2549,0,0.027640551724995036,0.0344957910220529,0.0018,-1.7,0.0,0.0,1.0,0.0,0.0,0.0,0.0,0.0,0.0
2550,0,0.027640551724995036,0.01817263385297442,0.0018,-1.7,0.0,0.0,1.0,0.0,0.0,0.0,0.0,0.0,0.0
2551,0,0.027640551724995036,0.14810017894304733,0.0018,-1.7,0.0,0.0,1.0,0.0,0.0,0.0,0.0,0.0,0.0
2552,0,0.027640551724995036,0.0344957910220529,0.0018,-1.7,0.0,0.0,1.0,0.0,0.0,0.0,0.0,0.0,0.0
2553,0,0.027640551724995036,0.01817263385297442,0.0018,-1.7,0.0,0.0,1.0,0.0,0.0,0.0,0.0,0.0,0.0
2554,0,0.027640551724995036,0.14810017894304733,0.0018,-1.7,0.0,0.0,1.0,0.0,0.0,0.0,0.0,0.0,0.0
2555,0,0.027640551724995036,0.0344957910220529,0.0018,-1.7,0.0,0.0,1.0,0.0,0.0,0.0,0.0,0.0,0.0
2556,1,0.03223122217994812,0.01817263385297442,0.1666,0.2,0.0,0.0,1.0,0.0,0.0,0.0,0.0,0.0,0.0
2557,1,0.03223122217994812,0.14810017894304733,0.1666,0.2,0.0,0.0,1.0,0.0,0.0,0.0,0.0,0.0,0.0
2558,1,0.03223122217994812,0.0344957910220529,0.1666,0.2,0.0,0.0,1.0,0.0,0.0,0.0,0.0,0.0,0.0
2559,1,0.03223122217994812,0.01817263385297442,0.1666,0.2,0.0,0.0,1.0,0.0,0.0,0.0,0.0,0.0,0.0
2560,1,0.03223122217994812,0.14810017894304733,0.1666,0.2,0.0,0.0,1.0,0.0,0.0,0.0,0.0,0.0,0.0
2561,1,0.03223122217994812,0.0344957910220529,0.1666,0.2,0.0,0.0,1.0,0.0,0.0,0.0,0.0,0.0,0.0
2562,1,0.03223122217994812,0.01817263385297442,0.1666,0.2,0.0,0.0,1.0,0.0,0.0,0.0,0.0,0.0,0.0
2563,1,0.03223122217994812,0.14810017894304733,0.1666,0.2,0.0,0.0,1.0,0.0,0.0,0.0,0.0,0.0,0.0
2564,1,0.03223122217994812,0.0344957910220529,0.1666,0.2,0.0,0.0,1.0,0.0,0.0,0.0,0.0,0.0,0.0
2565,0,0.0016097110287660642,0.01817263385297442,0.0684,0.6,0.0,0.0,1.0,0.0,0.0,0.0,0.0,0.0,0.0
2566,0,0.0016097110287660642,0.14810017894304733,0.0684,0.6,0.0,0.0,1.0,0.0,0.0,0.0,0.0,0.0,0.0
2567,0,0.0016097110287660642,0.0344957910220529,0.0684,0.6,0.0,0.0,1.0,0.0,0.0,0.0,0.0,0.0,0.0
2568,0,0.0016097110287660642,0.01817263385297442,0.0684,0.6,0.0,0.0,1.0,0.0,0.0,0.0,0.0,0.0,0.0
2569,0,0.0016097110287660642,0.14810017894304733,0.0684,0.6,0.0,0.0,1.0,0.0,0.0,0.0,0.0,0.0,0.0
2570,0,0.0016097110287660642,0.0344957910220529,0.0684,0.6,0.0,0.0,1.0,0.0,0.0,0.0,0.0,0.0,0.0
2571,0,0.0016097110287660642,0.01817263385297442,0.0684,0.6,0.0,0.0,1.0,0.0,0.0,0.0,0.0,0.0,0.0
2572,0,0.0016097110287660642,0.14810017894304733,0.0684,0.6,0.0,0.0,1.0,0.0,0.0,0.0,0.0,0.0,0.0
2573,0,0.0016097110287660642,0.0344957910220529,0.0684,0.6,0.0,0.0,1.0,0.0,0.0,0.0,0.0,0.0,0.0
2574,0,0.0014331060417971256,0.01817263385297442,0.3826,2.3,0.0,0.0,1.0,0.0,0.0,0.0,0.0,0.0,0.0
2575,0,0.0014331060417971256,0.14810017894304733,0.3826,2.3,0.0,0.0,1.0,0.0,0.0,0.0,0.0,0.0,0.0
2576,0,0.0014331060417971256,0.0344957910220529,0.3826,2.3,0.0,0.0,1.0,0.0,0.0,0.0,0.0,0.0,0.0
2577,0,0.0014331060417971256,0.01817263385297442,0.3826,2.3,0.0,0.0,1.0,0.0,0.0,0.0,0.0,0.0,0.0
2578,0,0.0014331060417971256,0.14810017894304733,0.3826,2.3,0.0,0.0,1.0,0.0,0.0,0.0,0.0,0.0,0.0
2579,0,0.0014331060417971256,0.0344957910220529,0.3826,2.3,0.0,0.0,1.0,0.0,0.0,0.0,0.0,0.0,0.0
2580,0,0.0014331060417971256,0.01817263385297442,0.3826,2.3,0.0,0.0,1.0,0.0,0.0,0.0,0.0,0.0,0.0
2581,0,0.0014331060417971256,0.14810017894304733,0.3826,2.3,0.0,0.0,1.0,0.0,0.0,0.0,0.0,0.0,0.0
2582,0,0.0014331060417971256,0.0344957910220529,0.3826,2.3,0.0,0.0,1.0,0.0,0.0,0.0,0.0,0.0,0.0
2583,1,0.0015095807322758783,0.01817263385297442,0.1592,0.5,0.0,0.0,1.0,0.0,0.0,0.0,0.0,0.0,0.0
2584,1,0.0015095807322758783,0.14810017894304733,0.1592,0.5,0.0,0.0,1.0,0.0,0.0,0.0,0.0,0.0,0.0
2585,1,0.0015095807322758783,0.0344957910220529,0.1592,0.5,0.0,0.0,1.0,0.0,0.0,0.0,0.0,0.0,0.0
2586,1,0.0015095807322758783,0.01817263385297442,0.1592,0.5,0.0,0.0,1.0,0.0,0.0,0.0,0.0,0.0,0.0
2587,1,0.0015095807322758783,0.14810017894304733,0.1592,0.5,0.0,0.0,1.0,0.0,0.0,0.0,0.0,0.0,0.0
2588,1,0.0015095807322758783,0.0344957910220529,0.1592,0.5,0.0,0.0,1.0,0.0,0.0,0.0,0.0,0.0,0.0
2589,1,0.0015095807322758783,0.01817263385297442,0.1592,0.5,0.0,0.0,1.0,0.0,0.0,0.0,0.0,0.0,0.0
2590,1,0.0015095807322758783,0.14810017894304733,0.1592,0.5,0.0,0.0,1.0,0.0,0.0,0.0,0.0,0.0,0.0
2591,1,0.0015095807322758783,0.0344957910220529,0.1592,0.5,0.0,0.0,1.0,0.0,0.0,0.0,0.0,0.0,0.0
2592,0,0.0013644694774893253,0.01817263385297442,0.14,0.3,0.0,0.0,1.0,0.0,0.0,0.0,0.0,0.0,0.0
2593,0,0.0013644694774893253,0.14810017894304733,0.14,0.3,0.0,0.0,1.0,0.0,0.0,0.0,0.0,0.0,0.0
2594,0,0.0013644694774893253,0.0344957910220529,0.14,0.3,0.0,0.0,1.0,0.0,0.0,0.0,0.0,0.0,0.0
2595,0,0.0013644694774893253,0.01817263385297442,0.14,0.3,0.0,0.0,1.0,0.0,0.0,0.0,0.0,0.0,0.0
2596,0,0.0013644694774893253,0.14810017894304733,0.14,0.3,0.0,0.0,1.0,0.0,0.0,0.0,0.0,0.0,0.0
2597,0,0.0013644694774893253,0.0344957910220529,0.14,0.3,0.0,0.0,1.0,0.0,0.0,0.0,0.0,0.0,0.0
2598,0,0.0013644694774893253,0.01817263385297442,0.14,0.3,0.0,0.0,1.0,0.0,0.0,0.0,0.0,0.0,0.0
2599,0,0.0013644694774893253,0.14810017894304733,0.14,0.3,0.0,0.0,1.0,0.0,0.0,0.0,0.0,0.0,0.0
2600,0,0.0013644694774893253,0.0344957910220529,0.14,0.3,0.0,0.0,1.0,0.0,0.0,0.0,0.0,0.0,0.0
2601,1,0.0046593776330101765,0.01817263385297442,0.32520000000000004,1.3,0.0,0.0,1.0,0.0,0.0,0.0,0.0,0.0,0.0
2602,1,0.0046593776330101765,0.14810017894304733,0.32520000000000004,1.3,0.0,0.0,1.0,0.0,0.0,0.0,0.0,0.0,0.0
2603,1,0.0046593776330101765,0.0344957910220529,0.32520000000000004,1.3,0.0,0.0,1.0,0.0,0.0,0.0,0.0,0.0,0.0
2604,1,0.0046593776330101765,0.01817263385297442,0.32520000000000004,1.3,0.0,0.0,1.0,0.0,0.0,0.0,0.0,0.0,0.0
2605,1,0.0046593776330101765,0.14810017894304733,0.32520000000000004,1.3,0.0,0.0,1.0,0.0,0.0,0.0,0.0,0.0,0.0
2606,1,0.0046593776330101765,0.0344957910220529,0.32520000000000004,1.3,0.0,0.0,1.0,0.0,0.0,0.0,0.0,0.0,0.0
2607,1,0.0046593776330101765,0.01817263385297442,0.32520000000000004,1.3,0.0,0.0,1.0,0.0,0.0,0.0,0.0,0.0,0.0
2608,1,0.0046593776330101765,0.14810017894304733,0.32520000000000004,1.3,0.0,0.0,1.0,0.0,0.0,0.0,0.0,0.0,0.0
2609,1,0.0046593776330101765,0.0344957910220529,0.32520000000000004,1.3,0.0,0.0,1.0,0.0,0.0,0.0,0.0,0.0,0.0
2610,0,0.001970829742624182,0.01817263385297442,0.493,-0.9,0.0,0.0,1.0,0.0,0.0,0.0,0.0,0.0,0.0
2611,0,0.001970829742624182,0.14810017894304733,0.493,-0.9,0.0,0.0,1.0,0.0,0.0,0.0,0.0,0.0,0.0
2612,0,0.001970829742624182,0.0344957910220529,0.493,-0.9,0.0,0.0,1.0,0.0,0.0,0.0,0.0,0.0,0.0
2613,0,0.001970829742624182,0.01817263385297442,0.493,-0.9,0.0,0.0,1.0,0.0,0.0,0.0,0.0,0.0,0.0
2614,0,0.001970829742624182,0.14810017894304733,0.493,-0.9,0.0,0.0,1.0,0.0,0.0,0.0,0.0,0.0,0.0
2615,0,0.001970829742624182,0.0344957910220529,0.493,-0.9,0.0,0.0,1.0,0.0,0.0,0.0,0.0,0.0,0.0
2616,0,0.001970829742624182,0.01817263385297442,0.493,-0.9,0.0,0.0,1.0,0.0,0.0,0.0,0.0,0.0,0.0
2617,0,0.001970829742624182,0.14810017894304733,0.493,-0.9,0.0,0.0,1.0,0.0,0.0,0.0,0.0,0.0,0.0
2618,0,0.001970829742624182,0.0344957910220529,0.493,-0.9,0.0,0.0,1.0,0.0,0.0,0.0,0.0,0.0,0.0
2619,0,0.0019209058218776648,0.01817263385297442,0.2582,-0.2,0.0,0.0,1.0,0.0,0.0,0.0,0.0,0.0,0.0
2620,0,0.0019209058218776648,0.14810017894304733,0.2582,-0.2,0.0,0.0,1.0,0.0,0.0,0.0,0.0,0.0,0.0
2621,0,0.0019209058218776648,0.0344957910220529,0.2582,-0.2,0.0,0.0,1.0,0.0,0.0,0.0,0.0,0.0,0.0
2622,0,0.0019209058218776648,0.01817263385297442,0.2582,-0.2,0.0,0.0,1.0,0.0,0.0,0.0,0.0,0.0,0.0
2623,0,0.0019209058218776648,0.14810017894304733,0.2582,-0.2,0.0,0.0,1.0,0.0,0.0,0.0,0.0,0.0,0.0
2624,0,0.0019209058218776648,0.0344957910220529,0.2582,-0.2,0.0,0.0,1.0,0.0,0.0,0.0,0.0,0.0,0.0
2625,0,0.0019209058218776648,0.01817263385297442,0.2582,-0.2,0.0,0.0,1.0,0.0,0.0,0.0,0.0,0.0,0.0
2626,0,0.0019209058218776648,0.14810017894304733,0.2582,-0.2,0.0,0.0,1.0,0.0,0.0,0.0,0.0,0.0,0.0
2627,0,0.0019209058218776648,0.0344957910220529,0.2582,-0.2,0.0,0.0,1.0,0.0,0.0,0.0,0.0,0.0,0.0
2628,1,0.0023128121304252895,0.01817263385297442,0.4412,2.2,0.0,0.0,1.0,0.0,0.0,0.0,0.0,0.0,0.0
2629,1,0.0023128121304252895,0.14810017894304733,0.4412,2.2,0.0,0.0,1.0,0.0,0.0,0.0,0.0,0.0,0.0
2630,1,0.0023128121304252895,0.0344957910220529,0.4412,2.2,0.0,0.0,1.0,0.0,0.0,0.0,0.0,0.0,0.0
2631,1,0.0023128121304252895,0.01817263385297442,0.4412,2.2,0.0,0.0,1.0,0.0,0.0,0.0,0.0,0.0,0.0
2632,1,0.0023128121304252895,0.14810017894304733,0.4412,2.2,0.0,0.0,1.0,0.0,0.0,0.0,0.0,0.0,0.0
2633,1,0.0023128121304252895,0.0344957910220529,0.4412,2.2,0.0,0.0,1.0,0.0,0.0,0.0,0.0,0.0,0.0
2634,1,0.0023128121304252895,0.01817263385297442,0.4412,2.2,0.0,0.0,1.0,0.0,0.0,0.0,0.0,0.0,0.0
2635,1,0.0023128121304252895,0.14810017894304733,0.4412,2.2,0.0,0.0,1.0,0.0,0.0,0.0,0.0,0.0,0.0
2636,1,0.0023128121304252895,0.0344957910220529,0.4412,2.2,0.0,0.0,1.0,0.0,0.0,0.0,0.0,0.0,0.0
2637,0,0.001517348244697543,0.01817263385297442,0.1164,-1.5,0.0,0.0,1.0,0.0,0.0,0.0,0.0,0.0,0.0
2638,0,0.001517348244697543,0.14810017894304733,0.1164,-1.5,0.0,0.0,1.0,0.0,0.0,0.0,0.0,0.0,0.0
2639,0,0.001517348244697543,0.0344957910220529,0.1164,-1.5,0.0,0.0,1.0,0.0,0.0,0.0,0.0,0.0,0.0
2640,0,0.001517348244697543,0.01817263385297442,0.1164,-1.5,0.0,0.0,1.0,0.0,0.0,0.0,0.0,0.0,0.0
2641,0,0.001517348244697543,0.14810017894304733,0.1164,-1.5,0.0,0.0,1.0,0.0,0.0,0.0,0.0,0.0,0.0
2642,0,0.001517348244697543,0.0344957910220529,0.1164,-1.5,0.0,0.0,1.0,0.0,0.0,0.0,0.0,0.0,0.0
2643,0,0.001517348244697543,0.01817263385297442,0.1164,-1.5,0.0,0.0,1.0,0.0,0.0,0.0,0.0,0.0,0.0
2644,0,0.001517348244697543,0.14810017894304733,0.1164,-1.5,0.0,0.0,1.0,0.0,0.0,0.0,0.0,0.0,0.0
2645,0,0.001517348244697543,0.0344957910220529,0.1164,-1.5,0.0,0.0,1.0,0.0,0.0,0.0,0.0,0.0,0.0
2646,1,0.0018150558116951621,0.01817263385297442,0.0132,-1.7,0.0,0.0,1.0,0.0,0.0,0.0,0.0,0.0,0.0
2647,1,0.0018150558116951621,0.14810017894304733,0.0132,-1.7,0.0,0.0,1.0,0.0,0.0,0.0,0.0,0.0,0.0
2648,1,0.0018150558116951621,0.0344957910220529,0.0132,-1.7,0.0,0.0,1.0,0.0,0.0,0.0,0.0,0.0,0.0
2649,1,0.0018150558116951621,0.01817263385297442,0.0132,-1.7,0.0,0.0,1.0,0.0,0.0,0.0,0.0,0.0,0.0
2650,1,0.0018150558116951621,0.14810017894304733,0.0132,-1.7,0.0,0.0,1.0,0.0,0.0,0.0,0.0,0.0,0.0
2651,1,0.0018150558116951621,0.0344957910220529,0.0132,-1.7,0.0,0.0,1.0,0.0,0.0,0.0,0.0,0.0,0.0
2652,1,0.0018150558116951621,0.01817263385297442,0.0132,-1.7,0.0,0.0,1.0,0.0,0.0,0.0,0.0,0.0,0.0
2653,1,0.0018150558116951621,0.14810017894304733,0.0132,-1.7,0.0,0.0,1.0,0.0,0.0,0.0,0.0,0.0,0.0
2654,1,0.0018150558116951621,0.0344957910220529,0.0132,-1.7,0.0,0.0,1.0,0.0,0.0,0.0,0.0,0.0,0.0
2655,1,0.001958754791495958,0.01817263385297442,0.1902,-0.6,0.0,0.0,1.0,0.0,0.0,0.0,0.0,0.0,0.0
2656,1,0.001958754791495958,0.14810017894304733,0.1902,-0.6,0.0,0.0,1.0,0.0,0.0,0.0,0.0,0.0,0.0
2657,1,0.001958754791495958,0.0344957910220529,0.1902,-0.6,0.0,0.0,1.0,0.0,0.0,0.0,0.0,0.0,0.0
2658,1,0.001958754791495958,0.01817263385297442,0.1902,-0.6,0.0,0.0,1.0,0.0,0.0,0.0,0.0,0.0,0.0
2659,1,0.001958754791495958,0.14810017894304733,0.1902,-0.6,0.0,0.0,1.0,0.0,0.0,0.0,0.0,0.0,0.0
2660,1,0.001958754791495958,0.0344957910220529,0.1902,-0.6,0.0,0.0,1.0,0.0,0.0,0.0,0.0,0.0,0.0
2661,1,0.001958754791495958,0.01817263385297442,0.1902,-0.6,0.0,0.0,1.0,0.0,0.0,0.0,0.0,0.0,0.0
2662,1,0.001958754791495958,0.14810017894304733,0.1902,-0.6,0.0,0.0,1.0,0.0,0.0,0.0,0.0,0.0,0.0
2663,1,0.001958754791495958,0.0344957910220529,0.1902,-0.6,0.0,0.0,1.0,0.0,0.0,0.0,0.0,0.0,0.0
2664,0,0.0014610690865151182,0.01817263385297442,0.13,-0.1,0.0,0.0,1.0,0.0,0.0,0.0,0.0,0.0,0.0
2665,0,0.0014610690865151182,0.14810017894304733,0.13,-0.1,0.0,0.0,1.0,0.0,0.0,0.0,0.0,0.0,0.0
2666,0,0.0014610690865151182,0.0344957910220529,0.13,-0.1,0.0,0.0,1.0,0.0,0.0,0.0,0.0,0.0,0.0
2667,0,0.0014610690865151182,0.01817263385297442,0.13,-0.1,0.0,0.0,1.0,0.0,0.0,0.0,0.0,0.0,0.0
2668,0,0.0014610690865151182,0.14810017894304733,0.13,-0.1,0.0,0.0,1.0,0.0,0.0,0.0,0.0,0.0,0.0
2669,0,0.0014610690865151182,0.0344957910220529,0.13,-0.1,0.0,0.0,1.0,0.0,0.0,0.0,0.0,0.0,0.0
2670,0,0.0014610690865151182,0.01817263385297442,0.13,-0.1,0.0,0.0,1.0,0.0,0.0,0.0,0.0,0.0,0.0
2671,0,0.0014610690865151182,0.14810017894304733,0.13,-0.1,0.0,0.0,1.0,0.0,0.0,0.0,0.0,0.0,0.0
2672,0,0.0014610690865151182,0.0344957910220529,0.13,-0.1,0.0,0.0,1.0,0.0,0.0,0.0,0.0,0.0,0.0
2673,1,0.0014633993402416176,0.01817263385297442,0.31420000000000003,0.9,0.0,0.0,1.0,0.0,0.0,0.0,0.0,0.0,0.0
2674,1,0.0014633993402416176,0.14810017894304733,0.31420000000000003,0.9,0.0,0.0,1.0,0.0,0.0,0.0,0.0,0.0,0.0
2675,1,0.0014633993402416176,0.0344957910220529,0.31420000000000003,0.9,0.0,0.0,1.0,0.0,0.0,0.0,0.0,0.0,0.0
2676,1,0.0014633993402416176,0.01817263385297442,0.31420000000000003,0.9,0.0,0.0,1.0,0.0,0.0,0.0,0.0,0.0,0.0
2677,1,0.0014633993402416176,0.14810017894304733,0.31420000000000003,0.9,0.0,0.0,1.0,0.0,0.0,0.0,0.0,0.0,0.0
2678,1,0.0014633993402416176,0.0344957910220529,0.31420000000000003,0.9,0.0,0.0,1.0,0.0,0.0,0.0,0.0,0.0,0.0
2679,1,0.0014633993402416176,0.01817263385297442,0.31420000000000003,0.9,0.0,0.0,1.0,0.0,0.0,0.0,0.0,0.0,0.0
2680,1,0.0014633993402416176,0.14810017894304733,0.31420000000000003,0.9,0.0,0.0,1.0,0.0,0.0,0.0,0.0,0.0,0.0
2681,1,0.0014633993402416176,0.0344957910220529,0.31420000000000003,0.9,0.0,0.0,1.0,0.0,0.0,0.0,0.0,0.0,0.0
2682,0,0.001194219727956294,0.01817263385297442,0.1362,0.3,0.0,0.0,1.0,0.0,0.0,0.0,0.0,0.0,0.0
2683,0,0.001194219727956294,0.14810017894304733,0.1362,0.3,0.0,0.0,1.0,0.0,0.0,0.0,0.0,0.0,0.0
2684,0,0.001194219727956294,0.0344957910220529,0.1362,0.3,0.0,0.0,1.0,0.0,0.0,0.0,0.0,0.0,0.0
2685,0,0.001194219727956294,0.01817263385297442,0.1362,0.3,0.0,0.0,1.0,0.0,0.0,0.0,0.0,0.0,0.0
2686,0,0.001194219727956294,0.14810017894304733,0.1362,0.3,0.0,0.0,1.0,0.0,0.0,0.0,0.0,0.0,0.0
2687,0,0.001194219727956294,0.0344957910220529,0.1362,0.3,0.0,0.0,1.0,0.0,0.0,0.0,0.0,0.0,0.0
2688,0,0.001194219727956294,0.01817263385297442,0.1362,0.3,0.0,0.0,1.0,0.0,0.0,0.0,0.0,0.0,0.0
2689,0,0.001194219727956294,0.14810017894304733,0.1362,0.3,0.0,0.0,1.0,0.0,0.0,0.0,0.0,0.0,0.0
2690,0,0.001194219727956294,0.0344957910220529,0.1362,0.3,0.0,0.0,1.0,0.0,0.0,0.0,0.0,0.0,0.0
2691,1,0.0013194885191929583,0.01817263385297442,0.07780000000000001,0.6,0.0,0.0,1.0,0.0,0.0,0.0,0.0,0.0,0.0
2692,1,0.0013194885191929583,0.14810017894304733,0.07780000000000001,0.6,0.0,0.0,1.0,0.0,0.0,0.0,0.0,0.0,0.0
2693,1,0.0013194885191929583,0.0344957910220529,0.07780000000000001,0.6,0.0,0.0,1.0,0.0,0.0,0.0,0.0,0.0,0.0
2694,1,0.0013194885191929583,0.01817263385297442,0.07780000000000001,0.6,0.0,0.0,1.0,0.0,0.0,0.0,0.0,0.0,0.0
2695,1,0.0013194885191929583,0.14810017894304733,0.07780000000000001,0.6,0.0,0.0,1.0,0.0,0.0,0.0,0.0,0.0,0.0
2696,1,0.0013194885191929583,0.0344957910220529,0.07780000000000001,0.6,0.0,0.0,1.0,0.0,0.0,0.0,0.0,0.0,0.0
2697,1,0.0013194885191929583,0.01817263385297442,0.07780000000000001,0.6,0.0,0.0,1.0,0.0,0.0,0.0,0.0,0.0,0.0
2698,1,0.0013194885191929583,0.14810017894304733,0.07780000000000001,0.6,0.0,0.0,1.0,0.0,0.0,0.0,0.0,0.0,0.0
2699,1,0.0013194885191929583,0.0344957910220529,0.07780000000000001,0.6,0.0,0.0,1.0,0.0,0.0,0.0,0.0,0.0,0.0
2700,1,0.001353453732600419,0.01817263385297442,0.21960000000000002,-0.9,0.0,0.0,1.0,0.0,0.0,0.0,0.0,0.0,0.0
2701,1,0.001353453732600419,0.14810017894304733,0.21960000000000002,-0.9,0.0,0.0,1.0,0.0,0.0,0.0,0.0,0.0,0.0
2702,1,0.001353453732600419,0.0344957910220529,0.21960000000000002,-0.9,0.0,0.0,1.0,0.0,0.0,0.0,0.0,0.0,0.0
2703,1,0.001353453732600419,0.01817263385297442,0.21960000000000002,-0.9,0.0,0.0,1.0,0.0,0.0,0.0,0.0,0.0,0.0
2704,1,0.001353453732600419,0.14810017894304733,0.21960000000000002,-0.9,0.0,0.0,1.0,0.0,0.0,0.0,0.0,0.0,0.0
2705,1,0.001353453732600419,0.0344957910220529,0.21960000000000002,-0.9,0.0,0.0,1.0,0.0,0.0,0.0,0.0,0.0,0.0
2706,1,0.001353453732600419,0.01817263385297442,0.21960000000000002,-0.9,0.0,0.0,1.0,0.0,0.0,0.0,0.0,0.0,0.0
2707,1,0.001353453732600419,0.14810017894304733,0.21960000000000002,-0.9,0.0,0.0,1.0,0.0,0.0,0.0,0.0,0.0,0.0
2708,1,0.001353453732600419,0.0344957910220529,0.21960000000000002,-0.9,0.0,0.0,1.0,0.0,0.0,0.0,0.0,0.0,0.0
2709,1,0.001379368978589064,0.01817263385297442,0.1568,0.6,0.0,0.0,1.0,0.0,0.0,0.0,0.0,0.0,0.0
2710,1,0.001379368978589064,0.14810017894304733,0.1568,0.6,0.0,0.0,1.0,0.0,0.0,0.0,0.0,0.0,0.0
2711,1,0.001379368978589064,0.0344957910220529,0.1568,0.6,0.0,0.0,1.0,0.0,0.0,0.0,0.0,0.0,0.0
2712,1,0.001379368978589064,0.01817263385297442,0.1568,0.6,0.0,0.0,1.0,0.0,0.0,0.0,0.0,0.0,0.0
2713,1,0.001379368978589064,0.14810017894304733,0.1568,0.6,0.0,0.0,1.0,0.0,0.0,0.0,0.0,0.0,0.0
2714,1,0.001379368978589064,0.0344957910220529,0.1568,0.6,0.0,0.0,1.0,0.0,0.0,0.0,0.0,0.0,0.0
2715,1,0.001379368978589064,0.01817263385297442,0.1568,0.6,0.0,0.0,1.0,0.0,0.0,0.0,0.0,0.0,0.0
2716,1,0.001379368978589064,0.14810017894304733,0.1568,0.6,0.0,0.0,1.0,0.0,0.0,0.0,0.0,0.0,0.0
2717,1,0.001379368978589064,0.0344957910220529,0.1568,0.6,0.0,0.0,1.0,0.0,0.0,0.0,0.0,0.0,0.0
2718,0,0.001322242455415185,0.01817263385297442,0.0292,-1.6,0.0,0.0,1.0,0.0,0.0,0.0,0.0,0.0,0.0
2719,0,0.001322242455415185,0.14810017894304733,0.0292,-1.6,0.0,0.0,1.0,0.0,0.0,0.0,0.0,0.0,0.0
2720,0,0.001322242455415185,0.0344957910220529,0.0292,-1.6,0.0,0.0,1.0,0.0,0.0,0.0,0.0,0.0,0.0
2721,0,0.001322242455415185,0.01817263385297442,0.0292,-1.6,0.0,0.0,1.0,0.0,0.0,0.0,0.0,0.0,0.0
2722,0,0.001322242455415185,0.14810017894304733,0.0292,-1.6,0.0,0.0,1.0,0.0,0.0,0.0,0.0,0.0,0.0
2723,0,0.001322242455415185,0.0344957910220529,0.0292,-1.6,0.0,0.0,1.0,0.0,0.0,0.0,0.0,0.0,0.0
2724,0,0.001322242455415185,0.01817263385297442,0.0292,-1.6,0.0,0.0,1.0,0.0,0.0,0.0,0.0,0.0,0.0
2725,0,0.001322242455415185,0.14810017894304733,0.0292,-1.6,0.0,0.0,1.0,0.0,0.0,0.0,0.0,0.0,0.0
2726,0,0.001322242455415185,0.0344957910220529,0.0292,-1.6,0.0,0.0,1.0,0.0,0.0,0.0,0.0,0.0,0.0
2727,1,0.001904594045792169,0.01817263385297442,0.04,-0.9,0.0,0.0,1.0,0.0,0.0,0.0,0.0,0.0,0.0
2728,1,0.001904594045792169,0.14810017894304733,0.04,-0.9,0.0,0.0,1.0,0.0,0.0,0.0,0.0,0.0,0.0
2729,1,0.001904594045792169,0.0344957910220529,0.04,-0.9,0.0,0.0,1.0,0.0,0.0,0.0,0.0,0.0,0.0
2730,1,0.001904594045792169,0.01817263385297442,0.04,-0.9,0.0,0.0,1.0,0.0,0.0,0.0,0.0,0.0,0.0
2731,1,0.001904594045792169,0.14810017894304733,0.04,-0.9,0.0,0.0,1.0,0.0,0.0,0.0,0.0,0.0,0.0
2732,1,0.001904594045792169,0.0344957910220529,0.04,-0.9,0.0,0.0,1.0,0.0,0.0,0.0,0.0,0.0,0.0
2733,1,0.001904594045792169,0.01817263385297442,0.04,-0.9,0.0,0.0,1.0,0.0,0.0,0.0,0.0,0.0,0.0
2734,1,0.001904594045792169,0.14810017894304733,0.04,-0.9,0.0,0.0,1.0,0.0,0.0,0.0,0.0,0.0,0.0
2735,1,0.001904594045792169,0.0344957910220529,0.04,-0.9,0.0,0.0,1.0,0.0,0.0,0.0,0.0,0.0,0.0
2736,0,0.001741264443689348,0.01817263385297442,0.1528,1.5,0.0,0.0,1.0,0.0,0.0,0.0,0.0,0.0,0.0
2737,0,0.001741264443689348,0.14810017894304733,0.1528,1.5,0.0,0.0,1.0,0.0,0.0,0.0,0.0,0.0,0.0
2738,0,0.001741264443689348,0.0344957910220529,0.1528,1.5,0.0,0.0,1.0,0.0,0.0,0.0,0.0,0.0,0.0
2739,0,0.001741264443689348,0.01817263385297442,0.1528,1.5,0.0,0.0,1.0,0.0,0.0,0.0,0.0,0.0,0.0
2740,0,0.001741264443689348,0.14810017894304733,0.1528,1.5,0.0,0.0,1.0,0.0,0.0,0.0,0.0,0.0,0.0
2741,0,0.001741264443689348,0.0344957910220529,0.1528,1.5,0.0,0.0,1.0,0.0,0.0,0.0,0.0,0.0,0.0
2742,0,0.001741264443689348,0.01817263385297442,0.1528,1.5,0.0,0.0,1.0,0.0,0.0,0.0,0.0,0.0,0.0
2743,0,0.001741264443689348,0.14810017894304733,0.1528,1.5,0.0,0.0,1.0,0.0,0.0,0.0,0.0,0.0,0.0
2744,0,0.001741264443689348,0.0344957910220529,0.1528,1.5,0.0,0.0,1.0,0.0,0.0,0.0,0.0,0.0,0.0
2745,0,0.0013563488963212213,0.01817263385297442,0.1186,-1.4,0.0,0.0,1.0,0.0,0.0,0.0,0.0,0.0,0.0
2746,0,0.0013563488963212213,0.14810017894304733,0.1186,-1.4,0.0,0.0,1.0,0.0,0.0,0.0,0.0,0.0,0.0
2747,0,0.0013563488963212213,0.0344957910220529,0.1186,-1.4,0.0,0.0,1.0,0.0,0.0,0.0,0.0,0.0,0.0
2748,0,0.0013563488963212213,0.01817263385297442,0.1186,-1.4,0.0,0.0,1.0,0.0,0.0,0.0,0.0,0.0,0.0
2749,0,0.0013563488963212213,0.14810017894304733,0.1186,-1.4,0.0,0.0,1.0,0.0,0.0,0.0,0.0,0.0,0.0
2750,0,0.0013563488963212213,0.0344957910220529,0.1186,-1.4,0.0,0.0,1.0,0.0,0.0,0.0,0.0,0.0,0.0
2751,0,0.0013563488963212213,0.01817263385297442,0.1186,-1.4,0.0,0.0,1.0,0.0,0.0,0.0,0.0,0.0,0.0
2752,0,0.0013563488963212213,0.14810017894304733,0.1186,-1.4,0.0,0.0,1.0,0.0,0.0,0.0,0.0,0.0,0.0
2753,0,0.0013563488963212213,0.0344957910220529,0.1186,-1.4,0.0,0.0,1.0,0.0,0.0,0.0,0.0,0.0,0.0
2754,1,0.0019019813370685181,0.01817263385297442,0.256,-0.8,0.0,0.0,1.0,0.0,0.0,0.0,0.0,0.0,0.0
2755,1,0.0019019813370685181,0.14810017894304733,0.256,-0.8,0.0,0.0,1.0,0.0,0.0,0.0,0.0,0.0,0.0
2756,1,0.0019019813370685181,0.0344957910220529,0.256,-0.8,0.0,0.0,1.0,0.0,0.0,0.0,0.0,0.0,0.0
2757,1,0.0019019813370685181,0.01817263385297442,0.256,-0.8,0.0,0.0,1.0,0.0,0.0,0.0,0.0,0.0,0.0
2758,1,0.0019019813370685181,0.14810017894304733,0.256,-0.8,0.0,0.0,1.0,0.0,0.0,0.0,0.0,0.0,0.0
2759,1,0.0019019813370685181,0.0344957910220529,0.256,-0.8,0.0,0.0,1.0,0.0,0.0,0.0,0.0,0.0,0.0
2760,1,0.0019019813370685181,0.01817263385297442,0.256,-0.8,0.0,0.0,1.0,0.0,0.0,0.0,0.0,0.0,0.0
2761,1,0.0019019813370685181,0.14810017894304733,0.256,-0.8,0.0,0.0,1.0,0.0,0.0,0.0,0.0,0.0,0.0
2762,1,0.0019019813370685181,0.0344957910220529,0.256,-0.8,0.0,0.0,1.0,0.0,0.0,0.0,0.0,0.0,0.0
2763,0,0.0015268811008514042,0.01817263385297442,0.0546,-0.6,0.0,0.0,1.0,0.0,0.0,0.0,0.0,0.0,0.0
2764,0,0.0015268811008514042,0.14810017894304733,0.0546,-0.6,0.0,0.0,1.0,0.0,0.0,0.0,0.0,0.0,0.0
2765,0,0.0015268811008514042,0.0344957910220529,0.0546,-0.6,0.0,0.0,1.0,0.0,0.0,0.0,0.0,0.0,0.0
2766,0,0.0015268811008514042,0.01817263385297442,0.0546,-0.6,0.0,0.0,1.0,0.0,0.0,0.0,0.0,0.0,0.0
2767,0,0.0015268811008514042,0.14810017894304733,0.0546,-0.6,0.0,0.0,1.0,0.0,0.0,0.0,0.0,0.0,0.0
2768,0,0.0015268811008514042,0.0344957910220529,0.0546,-0.6,0.0,0.0,1.0,0.0,0.0,0.0,0.0,0.0,0.0
2769,0,0.0015268811008514042,0.01817263385297442,0.0546,-0.6,0.0,0.0,1.0,0.0,0.0,0.0,0.0,0.0,0.0
2770,0,0.0015268811008514042,0.14810017894304733,0.0546,-0.6,0.0,0.0,1.0,0.0,0.0,0.0,0.0,0.0,0.0
2771,0,0.0015268811008514042,0.0344957910220529,0.0546,-0.6,0.0,0.0,1.0,0.0,0.0,0.0,0.0,0.0,0.0
2772,1,0.001685197126754787,0.01817263385297442,0.3104,-0.5,0.0,0.0,1.0,0.0,0.0,0.0,0.0,0.0,0.0
2773,1,0.001685197126754787,0.14810017894304733,0.3104,-0.5,0.0,0.0,1.0,0.0,0.0,0.0,0.0,0.0,0.0
2774,1,0.001685197126754787,0.0344957910220529,0.3104,-0.5,0.0,0.0,1.0,0.0,0.0,0.0,0.0,0.0,0.0
2775,1,0.001685197126754787,0.01817263385297442,0.3104,-0.5,0.0,0.0,1.0,0.0,0.0,0.0,0.0,0.0,0.0
2776,1,0.001685197126754787,0.14810017894304733,0.3104,-0.5,0.0,0.0,1.0,0.0,0.0,0.0,0.0,0.0,0.0
2777,1,0.001685197126754787,0.0344957910220529,0.3104,-0.5,0.0,0.0,1.0,0.0,0.0,0.0,0.0,0.0,0.0
2778,1,0.001685197126754787,0.01817263385297442,0.3104,-0.5,0.0,0.0,1.0,0.0,0.0,0.0,0.0,0.0,0.0
2779,1,0.001685197126754787,0.14810017894304733,0.3104,-0.5,0.0,0.0,1.0,0.0,0.0,0.0,0.0,0.0,0.0
2780,1,0.001685197126754787,0.0344957910220529,0.3104,-0.5,0.0,0.0,1.0,0.0,0.0,0.0,0.0,0.0,0.0
2781,0,0.0014600804940250883,0.01817263385297442,0.7186,0.5,0.0,0.0,1.0,0.0,0.0,0.0,0.0,0.0,0.0
2782,0,0.0014600804940250883,0.14810017894304733,0.7186,0.5,0.0,0.0,1.0,0.0,0.0,0.0,0.0,0.0,0.0
2783,0,0.0014600804940250883,0.0344957910220529,0.7186,0.5,0.0,0.0,1.0,0.0,0.0,0.0,0.0,0.0,0.0
2784,0,0.0014600804940250883,0.01817263385297442,0.7186,0.5,0.0,0.0,1.0,0.0,0.0,0.0,0.0,0.0,0.0
2785,0,0.0014600804940250883,0.14810017894304733,0.7186,0.5,0.0,0.0,1.0,0.0,0.0,0.0,0.0,0.0,0.0
2786,0,0.0014600804940250883,0.0344957910220529,0.7186,0.5,0.0,0.0,1.0,0.0,0.0,0.0,0.0,0.0,0.0
2787,0,0.0014600804940250883,0.01817263385297442,0.7186,0.5,0.0,0.0,1.0,0.0,0.0,0.0,0.0,0.0,0.0
2788,0,0.0014600804940250883,0.14810017894304733,0.7186,0.5,0.0,0.0,1.0,0.0,0.0,0.0,0.0,0.0,0.0
2789,0,0.0014600804940250883,0.0344957910220529,0.7186,0.5,0.0,0.0,1.0,0.0,0.0,0.0,0.0,0.0,0.0
2790,1,0.0020228014621000473,0.01817263385297442,0.27940000000000004,2.2,0.0,0.0,1.0,0.0,0.0,0.0,0.0,0.0,0.0
2791,1,0.0020228014621000473,0.14810017894304733,0.27940000000000004,2.2,0.0,0.0,1.0,0.0,0.0,0.0,0.0,0.0,0.0
2792,1,0.0020228014621000473,0.0344957910220529,0.27940000000000004,2.2,0.0,0.0,1.0,0.0,0.0,0.0,0.0,0.0,0.0
2793,1,0.0020228014621000473,0.01817263385297442,0.27940000000000004,2.2,0.0,0.0,1.0,0.0,0.0,0.0,0.0,0.0,0.0
2794,1,0.0020228014621000473,0.14810017894304733,0.27940000000000004,2.2,0.0,0.0,1.0,0.0,0.0,0.0,0.0,0.0,0.0
2795,1,0.0020228014621000473,0.0344957910220529,0.27940000000000004,2.2,0.0,0.0,1.0,0.0,0.0,0.0,0.0,0.0,0.0
2796,1,0.0020228014621000473,0.01817263385297442,0.27940000000000004,2.2,0.0,0.0,1.0,0.0,0.0,0.0,0.0,0.0,0.0
2797,1,0.0020228014621000473,0.14810017894304733,0.27940000000000004,2.2,0.0,0.0,1.0,0.0,0.0,0.0,0.0,0.0,0.0
2798,1,0.0020228014621000473,0.0344957910220529,0.27940000000000004,2.2,0.0,0.0,1.0,0.0,0.0,0.0,0.0,0.0,0.0
2799,1,0.0021414325609036525,0.01817263385297442,0.18,-0.7,0.0,0.0,1.0,0.0,0.0,0.0,0.0,0.0,0.0
2800,1,0.0021414325609036525,0.14810017894304733,0.18,-0.7,0.0,0.0,1.0,0.0,0.0,0.0,0.0,0.0,0.0
2801,1,0.0021414325609036525,0.0344957910220529,0.18,-0.7,0.0,0.0,1.0,0.0,0.0,0.0,0.0,0.0,0.0
2802,1,0.0021414325609036525,0.01817263385297442,0.18,-0.7,0.0,0.0,1.0,0.0,0.0,0.0,0.0,0.0,0.0
2803,1,0.0021414325609036525,0.14810017894304733,0.18,-0.7,0.0,0.0,1.0,0.0,0.0,0.0,0.0,0.0,0.0
2804,1,0.0021414325609036525,0.0344957910220529,0.18,-0.7,0.0,0.0,1.0,0.0,0.0,0.0,0.0,0.0,0.0
2805,1,0.0021414325609036525,0.01817263385297442,0.18,-0.7,0.0,0.0,1.0,0.0,0.0,0.0,0.0,0.0,0.0
2806,1,0.0021414325609036525,0.14810017894304733,0.18,-0.7,0.0,0.0,1.0,0.0,0.0,0.0,0.0,0.0,0.0
2807,1,0.0021414325609036525,0.0344957910220529,0.18,-0.7,0.0,0.0,1.0,0.0,0.0,0.0,0.0,0.0,0.0
2808,0,0.0021244146473252783,0.01817263385297442,0.13720000000000002,-1.1,0.0,0.0,1.0,0.0,0.0,0.0,0.0,0.0,0.0
2809,0,0.0021244146473252783,0.14810017894304733,0.13720000000000002,-1.1,0.0,0.0,1.0,0.0,0.0,0.0,0.0,0.0,0.0
2810,0,0.0021244146473252783,0.0344957910220529,0.13720000000000002,-1.1,0.0,0.0,1.0,0.0,0.0,0.0,0.0,0.0,0.0
2811,0,0.0021244146473252783,0.01817263385297442,0.13720000000000002,-1.1,0.0,0.0,1.0,0.0,0.0,0.0,0.0,0.0,0.0
2812,0,0.0021244146473252783,0.14810017894304733,0.13720000000000002,-1.1,0.0,0.0,1.0,0.0,0.0,0.0,0.0,0.0,0.0
2813,0,0.0021244146473252783,0.0344957910220529,0.13720000000000002,-1.1,0.0,0.0,1.0,0.0,0.0,0.0,0.0,0.0,0.0
2814,0,0.0021244146473252783,0.01817263385297442,0.13720000000000002,-1.1,0.0,0.0,1.0,0.0,0.0,0.0,0.0,0.0,0.0
2815,0,0.0021244146473252783,0.14810017894304733,0.13720000000000002,-1.1,0.0,0.0,1.0,0.0,0.0,0.0,0.0,0.0,0.0
2816,0,0.0021244146473252783,0.0344957910220529,0.13720000000000002,-1.1,0.0,0.0,1.0,0.0,0.0,0.0,0.0,0.0,0.0
2817,1,0.002698010132790568,0.01817263385297442,0.0654,0.6,0.0,0.0,1.0,0.0,0.0,0.0,0.0,0.0,0.0
2818,1,0.002698010132790568,0.14810017894304733,0.0654,0.6,0.0,0.0,1.0,0.0,0.0,0.0,0.0,0.0,0.0
2819,1,0.002698010132790568,0.0344957910220529,0.0654,0.6,0.0,0.0,1.0,0.0,0.0,0.0,0.0,0.0,0.0
2820,1,0.002698010132790568,0.01817263385297442,0.0654,0.6,0.0,0.0,1.0,0.0,0.0,0.0,0.0,0.0,0.0
2821,1,0.002698010132790568,0.14810017894304733,0.0654,0.6,0.0,0.0,1.0,0.0,0.0,0.0,0.0,0.0,0.0
2822,1,0.002698010132790568,0.0344957910220529,0.0654,0.6,0.0,0.0,1.0,0.0,0.0,0.0,0.0,0.0,0.0
2823,1,0.002698010132790568,0.01817263385297442,0.0654,0.6,0.0,0.0,1.0,0.0,0.0,0.0,0.0,0.0,0.0
2824,1,0.002698010132790568,0.14810017894304733,0.0654,0.6,0.0,0.0,1.0,0.0,0.0,0.0,0.0,0.0,0.0
2825,1,0.002698010132790568,0.0344957910220529,0.0654,0.6,0.0,0.0,1.0,0.0,0.0,0.0,0.0,0.0,0.0
2826,0,0.0021809056467555665,0.01817263385297442,0.22899999999999998,0.1,0.0,0.0,1.0,0.0,0.0,0.0,0.0,0.0,0.0
2827,0,0.0021809056467555665,0.14810017894304733,0.22899999999999998,0.1,0.0,0.0,1.0,0.0,0.0,0.0,0.0,0.0,0.0
2828,0,0.0021809056467555665,0.0344957910220529,0.22899999999999998,0.1,0.0,0.0,1.0,0.0,0.0,0.0,0.0,0.0,0.0
2829,0,0.0021809056467555665,0.01817263385297442,0.22899999999999998,0.1,0.0,0.0,1.0,0.0,0.0,0.0,0.0,0.0,0.0
2830,0,0.0021809056467555665,0.14810017894304733,0.22899999999999998,0.1,0.0,0.0,1.0,0.0,0.0,0.0,0.0,0.0,0.0
2831,0,0.0021809056467555665,0.0344957910220529,0.22899999999999998,0.1,0.0,0.0,1.0,0.0,0.0,0.0,0.0,0.0,0.0
2832,0,0.0021809056467555665,0.01817263385297442,0.22899999999999998,0.1,0.0,0.0,1.0,0.0,0.0,0.0,0.0,0.0,0.0
2833,0,0.0021809056467555665,0.14810017894304733,0.22899999999999998,0.1,0.0,0.0,1.0,0.0,0.0,0.0,0.0,0.0,0.0
2834,0,0.0021809056467555665,0.0344957910220529,0.22899999999999998,0.1,0.0,0.0,1.0,0.0,0.0,0.0,0.0,0.0,0.0
2835,0,0.0012608084935347463,0.01817263385297442,0.45380000000000004,-1.2,0.0,0.0,1.0,0.0,0.0,0.0,0.0,0.0,0.0
2836,0,0.0012608084935347463,0.14810017894304733,0.45380000000000004,-1.2,0.0,0.0,1.0,0.0,0.0,0.0,0.0,0.0,0.0
2837,0,0.0012608084935347463,0.0344957910220529,0.45380000000000004,-1.2,0.0,0.0,1.0,0.0,0.0,0.0,0.0,0.0,0.0
2838,0,0.0012608084935347463,0.01817263385297442,0.45380000000000004,-1.2,0.0,0.0,1.0,0.0,0.0,0.0,0.0,0.0,0.0
2839,0,0.0012608084935347463,0.14810017894304733,0.45380000000000004,-1.2,0.0,0.0,1.0,0.0,0.0,0.0,0.0,0.0,0.0
2840,0,0.0012608084935347463,0.0344957910220529,0.45380000000000004,-1.2,0.0,0.0,1.0,0.0,0.0,0.0,0.0,0.0,0.0
2841,0,0.0012608084935347463,0.01817263385297442,0.45380000000000004,-1.2,0.0,0.0,1.0,0.0,0.0,0.0,0.0,0.0,0.0
2842,0,0.0012608084935347463,0.14810017894304733,0.45380000000000004,-1.2,0.0,0.0,1.0,0.0,0.0,0.0,0.0,0.0,0.0
2843,0,0.0012608084935347463,0.0344957910220529,0.45380000000000004,-1.2,0.0,0.0,1.0,0.0,0.0,0.0,0.0,0.0,0.0
2844,1,0.0021292869960261407,0.01817263385297442,0.1818,-1.2,0.0,0.0,1.0,0.0,0.0,0.0,0.0,0.0,0.0
2845,1,0.0021292869960261407,0.14810017894304733,0.1818,-1.2,0.0,0.0,1.0,0.0,0.0,0.0,0.0,0.0,0.0
2846,1,0.0021292869960261407,0.0344957910220529,0.1818,-1.2,0.0,0.0,1.0,0.0,0.0,0.0,0.0,0.0,0.0
2847,1,0.0021292869960261407,0.01817263385297442,0.1818,-1.2,0.0,0.0,1.0,0.0,0.0,0.0,0.0,0.0,0.0
2848,1,0.0021292869960261407,0.14810017894304733,0.1818,-1.2,0.0,0.0,1.0,0.0,0.0,0.0,0.0,0.0,0.0
2849,1,0.0021292869960261407,0.0344957910220529,0.1818,-1.2,0.0,0.0,1.0,0.0,0.0,0.0,0.0,0.0,0.0
2850,1,0.0021292869960261407,0.01817263385297442,0.1818,-1.2,0.0,0.0,1.0,0.0,0.0,0.0,0.0,0.0,0.0
2851,1,0.0021292869960261407,0.14810017894304733,0.1818,-1.2,0.0,0.0,1.0,0.0,0.0,0.0,0.0,0.0,0.0
2852,1,0.0021292869960261407,0.0344957910220529,0.1818,-1.2,0.0,0.0,1.0,0.0,0.0,0.0,0.0,0.0,0.0
2853,1,0.0028493353975144525,0.01817263385297442,0.15,-0.8,0.0,0.0,1.0,0.0,0.0,0.0,0.0,0.0,0.0
2854,1,0.0028493353975144525,0.14810017894304733,0.15,-0.8,0.0,0.0,1.0,0.0,0.0,0.0,0.0,0.0,0.0
2855,1,0.0028493353975144525,0.0344957910220529,0.15,-0.8,0.0,0.0,1.0,0.0,0.0,0.0,0.0,0.0,0.0
2856,1,0.0028493353975144525,0.01817263385297442,0.15,-0.8,0.0,0.0,1.0,0.0,0.0,0.0,0.0,0.0,0.0
2857,1,0.0028493353975144525,0.14810017894304733,0.15,-0.8,0.0,0.0,1.0,0.0,0.0,0.0,0.0,0.0,0.0
2858,1,0.0028493353975144525,0.0344957910220529,0.15,-0.8,0.0,0.0,1.0,0.0,0.0,0.0,0.0,0.0,0.0
2859,1,0.0028493353975144525,0.01817263385297442,0.15,-0.8,0.0,0.0,1.0,0.0,0.0,0.0,0.0,0.0,0.0
2860,1,0.0028493353975144525,0.14810017894304733,0.15,-0.8,0.0,0.0,1.0,0.0,0.0,0.0,0.0,0.0,0.0
2861,1,0.0028493353975144525,0.0344957910220529,0.15,-0.8,0.0,0.0,1.0,0.0,0.0,0.0,0.0,0.0,0.0
2862,0,0.0011640676570103777,0.01817263385297442,0.33899999999999997,1.2,0.0,0.0,1.0,0.0,0.0,0.0,0.0,0.0,0.0
2863,0,0.0011640676570103777,0.14810017894304733,0.33899999999999997,1.2,0.0,0.0,1.0,0.0,0.0,0.0,0.0,0.0,0.0
2864,0,0.0011640676570103777,0.0344957910220529,0.33899999999999997,1.2,0.0,0.0,1.0,0.0,0.0,0.0,0.0,0.0,0.0
2865,0,0.0011640676570103777,0.01817263385297442,0.33899999999999997,1.2,0.0,0.0,1.0,0.0,0.0,0.0,0.0,0.0,0.0
2866,0,0.0011640676570103777,0.14810017894304733,0.33899999999999997,1.2,0.0,0.0,1.0,0.0,0.0,0.0,0.0,0.0,0.0
2867,0,0.0011640676570103777,0.0344957910220529,0.33899999999999997,1.2,0.0,0.0,1.0,0.0,0.0,0.0,0.0,0.0,0.0
2868,0,0.0011640676570103777,0.01817263385297442,0.33899999999999997,1.2,0.0,0.0,1.0,0.0,0.0,0.0,0.0,0.0,0.0
2869,0,0.0011640676570103777,0.14810017894304733,0.33899999999999997,1.2,0.0,0.0,1.0,0.0,0.0,0.0,0.0,0.0,0.0
2870,0,0.0011640676570103777,0.0344957910220529,0.33899999999999997,1.2,0.0,0.0,1.0,0.0,0.0,0.0,0.0,0.0,0.0
2871,1,0.0033135501853328465,0.01817263385297442,0.42840000000000006,-1.1,0.0,0.0,1.0,0.0,0.0,0.0,0.0,0.0,0.0
2872,1,0.0033135501853328465,0.14810017894304733,0.42840000000000006,-1.1,0.0,0.0,1.0,0.0,0.0,0.0,0.0,0.0,0.0
2873,1,0.0033135501853328465,0.0344957910220529,0.42840000000000006,-1.1,0.0,0.0,1.0,0.0,0.0,0.0,0.0,0.0,0.0
2874,1,0.0033135501853328465,0.01817263385297442,0.42840000000000006,-1.1,0.0,0.0,1.0,0.0,0.0,0.0,0.0,0.0,0.0
2875,1,0.0033135501853328465,0.14810017894304733,0.42840000000000006,-1.1,0.0,0.0,1.0,0.0,0.0,0.0,0.0,0.0,0.0
2876,1,0.0033135501853328465,0.0344957910220529,0.42840000000000006,-1.1,0.0,0.0,1.0,0.0,0.0,0.0,0.0,0.0,0.0
2877,1,0.0033135501853328465,0.01817263385297442,0.42840000000000006,-1.1,0.0,0.0,1.0,0.0,0.0,0.0,0.0,0.0,0.0
2878,1,0.0033135501853328465,0.14810017894304733,0.42840000000000006,-1.1,0.0,0.0,1.0,0.0,0.0,0.0,0.0,0.0,0.0
2879,1,0.0033135501853328465,0.0344957910220529,0.42840000000000006,-1.1,0.0,0.0,1.0,0.0,0.0,0.0,0.0,0.0,0.0
2880,0,0.14351665510013453,0.27081697687045847,0.13140000000000002,0.6,0.0,0.0,1.0,0.0,0.0,0.0,0.0,0.0,0.0
2881,1,0.16283756549778317,0.27081697687045847,0.254,0.0,0.0,0.0,1.0,0.0,0.0,0.0,0.0,0.0,0.0
2882,1,0.17503305429604166,0.27081697687045847,0.3642,0.1,0.0,0.0,1.0,0.0,0.0,0.0,0.0,0.0,0.0
2883,0,0.17023011891072926,0.27081697687045847,0.3654,2.5,0.0,0.0,1.0,0.0,0.0,0.0,0.0,0.0,0.0
2884,1,0.19482411103644884,0.27081697687045847,0.46740000000000004,-0.5,0.0,0.0,1.0,0.0,0.0,0.0,0.0,0.0,0.0
2885,0,0.1788042521905091,0.27081697687045847,0.37920000000000004,-0.8,0.0,0.0,1.0,0.0,0.0,0.0,0.0,0.0,0.0
2886,1,0.20760682377378517,0.27081697687045847,0.0274,-0.3,0.0,0.0,1.0,0.0,0.0,0.0,0.0,0.0,0.0
2887,0,0.19933202217723656,0.27081697687045847,0.2726,1.6,0.0,0.0,1.0,0.0,0.0,0.0,0.0,0.0,0.0
2888,1,0.20895469902019187,0.27081697687045847,0.1042,0.7,0.0,0.0,1.0,0.0,0.0,0.0,0.0,0.0,0.0
2889,0,0.19331297680168863,0.27081697687045847,0.0018,-1.7,0.0,0.0,1.0,0.0,0.0,0.0,0.0,0.0,0.0
2890,1,0.19735857972588872,0.27081697687045847,0.1666,0.2,0.0,0.0,1.0,0.0,0.0,0.0,0.0,0.0,0.0
2891,0,0.1948708573384774,0.27081697687045847,0.0684,0.6,0.0,0.0,1.0,0.0,0.0,0.0,0.0,0.0,0.0
2892,1,0.21397343002332797,0.27081697687045847,0.3826,2.3,0.0,0.0,1.0,0.0,0.0,0.0,0.0,0.0,0.0
2893,0,0.189216461364252,0.27081697687045847,0.1592,0.5,0.0,0.0,1.0,0.0,0.0,0.0,0.0,0.0,0.0
2894,1,0.23878554802059776,0.27081697687045847,0.14,0.3,0.0,0.0,1.0,0.0,0.0,0.0,0.0,0.0,0.0
2895,1,0.25834852235080513,0.27081697687045847,0.32520000000000004,1.3,0.0,0.0,1.0,0.0,0.0,0.0,0.0,0.0,0.0
2896,0,0.23646588635649154,0.27081697687045847,0.493,-0.9,0.0,0.0,1.0,0.0,0.0,0.0,0.0,0.0,0.0
2897,1,0.27163054490935595,0.27081697687045847,0.2582,-0.2,0.0,0.0,1.0,0.0,0.0,0.0,0.0,0.0,0.0
2898,0,0.2525858754989214,0.27081697687045847,0.4412,2.2,0.0,0.0,1.0,0.0,0.0,0.0,0.0,0.0,0.0
2899,0,0.23756343586167275,0.27081697687045847,0.1164,-1.5,0.0,0.0,1.0,0.0,0.0,0.0,0.0,0.0,0.0
2900,0,0.23498292700769718,0.27081697687045847,0.0132,-1.7,0.0,0.0,1.0,0.0,0.0,0.0,0.0,0.0,0.0
2901,1,0.2412214399160318,0.27081697687045847,0.1902,-0.6,0.0,0.0,1.0,0.0,0.0,0.0,0.0,0.0,0.0
2902,1,0.26065723888377174,0.27081697687045847,0.13,-0.1,0.0,0.0,1.0,0.0,0.0,0.0,0.0,0.0,0.0
2903,0,0.22775243214936672,0.27081697687045847,0.31420000000000003,0.9,0.0,0.0,1.0,0.0,0.0,0.0,0.0,0.0,0.0
2904,0,0.21704703468858066,0.27081697687045847,0.1362,0.3,0.0,0.0,1.0,0.0,0.0,0.0,0.0,0.0,0.0
2905,1,0.22192305530440598,0.27081697687045847,0.07780000000000001,0.6,0.0,0.0,1.0,0.0,0.0,0.0,0.0,0.0,0.0
2906,0,0.19413110770093778,0.27081697687045847,0.21960000000000002,-0.9,0.0,0.0,1.0,0.0,0.0,0.0,0.0,0.0,0.0
2907,1,0.21104232390413816,0.27081697687045847,0.1568,0.6,0.0,0.0,1.0,0.0,0.0,0.0,0.0,0.0,0.0
2908,1,0.21759280835682654,0.27081697687045847,0.0292,-1.6,0.0,0.0,1.0,0.0,0.0,0.0,0.0,0.0,0.0
2909,1,0.2313630543779536,0.27081697687045847,0.04,-0.9,0.0,0.0,1.0,0.0,0.0,0.0,0.0,0.0,0.0
2910,0,0.20086525851552386,0.27081697687045847,0.1528,1.5,0.0,0.0,1.0,0.0,0.0,0.0,0.0,0.0,0.0
2911,1,0.20947582848993626,0.27081697687045847,0.1186,-1.4,0.0,0.0,1.0,0.0,0.0,0.0,0.0,0.0,0.0
2912,0,0.19947734527327096,0.27081697687045847,0.256,-0.8,0.0,0.0,1.0,0.0,0.0,0.0,0.0,0.0,0.0
2913,1,0.21786742522780703,0.27081697687045847,0.0546,-0.6,0.0,0.0,1.0,0.0,0.0,0.0,0.0,0.0,0.0
2914,1,0.2290619641299101,0.27081697687045847,0.3104,-0.5,0.0,0.0,1.0,0.0,0.0,0.0,0.0,0.0,0.0
2915,1,0.23046640098949633,0.27081697687045847,0.7186,0.5,0.0,0.0,1.0,0.0,0.0,0.0,0.0,0.0,0.0
2916,1,0.23939621572443917,0.27081697687045847,0.27940000000000004,2.2,0.0,0.0,1.0,0.0,0.0,0.0,0.0,0.0,0.0
2917,1,0.24022769262230373,0.27081697687045847,0.18,-0.7,0.0,0.0,1.0,0.0,0.0,0.0,0.0,0.0,0.0
2918,0,0.21921720704544448,0.27081697687045847,0.13720000000000002,-1.1,0.0,0.0,1.0,0.0,0.0,0.0,0.0,0.0,0.0
2919,1,0.2291985311210328,0.27081697687045847,0.0654,0.6,0.0,0.0,1.0,0.0,0.0,0.0,0.0,0.0,0.0
2920,0,0.17647625810398693,0.27081697687045847,0.22899999999999998,0.1,0.0,0.0,1.0,0.0,0.0,0.0,0.0,0.0,0.0
2921,1,0.19199348828249568,0.27081697687045847,0.45380000000000004,-1.2,0.0,0.0,1.0,0.0,0.0,0.0,0.0,0.0,0.0
2922,0,0.17180127483238414,0.27081697687045847,0.1818,-1.2,0.0,0.0,1.0,0.0,0.0,0.0,0.0,0.0,0.0
2923,1,0.20813423786721622,0.27081697687045847,0.15,-0.8,0.0,0.0,1.0,0.0,0.0,0.0,0.0,0.0,0.0
2924,1,0.26249015997403674,0.27081697687045847,0.33899999999999997,1.2,0.0,0.0,1.0,0.0,0.0,0.0,0.0,0.0,0.0
2925,0,0.25309288221880827,0.27081697687045847,0.42840000000000006,-1.1,0.0,0.0,1.0,0.0,0.0,0.0,0.0,0.0,0.0
2926,1,0.048237735027272445,0.06495476972097802,0.12240000000000001,0.6,0.0,0.0,0.0,0.0,0.0,0.0,1.0,0.0,0.0
2927,1,0.05280722135743917,0.06495476972097802,0.1376,0.0,0.0,0.0,0.0,0.0,0.0,0.0,1.0,0.0,0.0
2928,0,0.05017947190519002,0.06495476972097802,0.15839999999999999,0.1,0.0,0.0,0.0,0.0,0.0,0.0,1.0,0.0,0.0
2929,0,0.050030688735440504,0.06495476972097802,0.3452,2.5,0.0,0.0,0.0,0.0,0.0,0.0,1.0,0.0,0.0
2930,1,0.050471954054740344,0.06495476972097802,0.2488,-0.5,0.0,0.0,0.0,0.0,0.0,0.0,1.0,0.0,0.0
2931,1,0.05201825393664591,0.06495476972097802,0.207,-0.8,0.0,0.0,0.0,0.0,0.0,0.0,1.0,0.0,0.0
2932,1,0.053755210941628696,0.06495476972097802,0.2116,-0.3,0.0,0.0,0.0,0.0,0.0,0.0,1.0,0.0,0.0
2933,0,0.05353101228763974,0.06495476972097802,0.198,1.6,0.0,0.0,0.0,0.0,0.0,0.0,1.0,0.0,0.0
2934,1,0.060518172165924235,0.06495476972097802,0.0864,0.7,0.0,0.0,0.0,0.0,0.0,0.0,1.0,0.0,0.0
2935,0,0.05819568595184651,0.06495476972097802,0.2018,-1.7,0.0,0.0,0.0,0.0,0.0,0.0,1.0,0.0,0.0
2936,1,0.05963980773853254,0.06495476972097802,0.1378,0.2,0.0,0.0,0.0,0.0,0.0,0.0,1.0,0.0,0.0
2937,1,0.06175320664096891,0.06495476972097802,0.0834,0.6,0.0,0.0,0.0,0.0,0.0,0.0,1.0,0.0,0.0
2938,1,0.06567297586393804,0.06495476972097802,0.2144,2.3,0.0,0.0,0.0,0.0,0.0,0.0,1.0,0.0,0.0
2939,1,0.06612476263188177,0.06495476972097802,0.1864,0.5,0.0,0.0,0.0,0.0,0.0,0.0,1.0,0.0,0.0
2940,0,0.06517133578899707,0.06495476972097802,0.0834,0.3,0.0,0.0,0.0,0.0,0.0,0.0,1.0,0.0,0.0
2941,1,0.06602844547785312,0.06495476972097802,0.107,1.3,0.0,0.0,0.0,0.0,0.0,0.0,1.0,0.0,0.0
2942,0,0.05857375196553371,0.06495476972097802,0.1882,-0.9,0.0,0.0,0.0,0.0,0.0,0.0,1.0,0.0,0.0
2943,0,0.05813389892121963,0.06495476972097802,0.1804,-0.2,0.0,0.0,0.0,0.0,0.0,0.0,1.0,0.0,0.0
2944,0,0.05765654997603369,0.06495476972097802,0.19940000000000002,2.2,0.0,0.0,0.0,0.0,0.0,0.0,1.0,0.0,0.0
2945,0,0.047097817272518515,0.06495476972097802,0.1524,-1.5,0.0,0.0,0.0,0.0,0.0,0.0,1.0,0.0,0.0
2946,0,0.042734876159018775,0.06495476972097802,0.195,-1.7,0.0,0.0,0.0,0.0,0.0,0.0,1.0,0.0,0.0
2947,0,0.041231650664178804,0.06495476972097802,0.1244,-0.6,0.0,0.0,0.0,0.0,0.0,0.0,1.0,0.0,0.0
2948,0,0.04036183050045094,0.06495476972097802,0.265,-0.1,0.0,0.0,0.0,0.0,0.0,0.0,1.0,0.0,0.0
2949,1,0.041396957451261686,0.06495476972097802,0.491,0.9,0.0,0.0,0.0,0.0,0.0,0.0,1.0,0.0,0.0
2950,0,0.040955974586958994,0.06495476972097802,0.057999999999999996,0.3,0.0,0.0,0.0,0.0,0.0,0.0,1.0,0.0,0.0
2951,1,0.042253714071371296,0.06495476972097802,0.1444,0.6,0.0,0.0,0.0,0.0,0.0,0.0,1.0,0.0,0.0
2952,0,0.04107467629951189,0.06495476972097802,0.0706,-0.9,0.0,0.0,0.0,0.0,0.0,0.0,1.0,0.0,0.0
2953,0,0.03979720296114521,0.06495476972097802,0.2086,0.6,0.0,0.0,0.0,0.0,0.0,0.0,1.0,0.0,0.0
2954,0,0.038393684080299695,0.06495476972097802,0.099,-1.6,0.0,0.0,0.0,0.0,0.0,0.0,1.0,0.0,0.0
2955,1,0.04460056202895333,0.06495476972097802,0.0766,-0.9,0.0,0.0,0.0,0.0,0.0,0.0,1.0,0.0,0.0
2956,1,0.046938724495372966,0.06495476972097802,0.0724,1.5,0.0,0.0,0.0,0.0,0.0,0.0,1.0,0.0,0.0
2957,0,0.04336065520520779,0.06495476972097802,0.1866,-1.4,0.0,0.0,0.0,0.0,0.0,0.0,1.0,0.0,0.0
2958,1,0.04694804551027896,0.06495476972097802,0.5770000000000001,-0.8,0.0,0.0,0.0,0.0,0.0,0.0,1.0,0.0,0.0
2959,0,0.04552101225092059,0.06495476972097802,0.1202,-0.6,0.0,0.0,0.0,0.0,0.0,0.0,1.0,0.0,0.0
2960,1,0.05908951479033225,0.06495476972097802,0.35200000000000004,-0.5,0.0,0.0,0.0,0.0,0.0,0.0,1.0,0.0,0.0
2961,0,0.056012591278863016,0.06495476972097802,0.3858,0.5,0.0,0.0,0.0,0.0,0.0,0.0,1.0,0.0,0.0
2962,0,0.04542398895939907,0.06495476972097802,0.3322,2.2,0.0,0.0,0.0,0.0,0.0,0.0,1.0,0.0,0.0
2963,0,0.04432827541169934,0.06495476972097802,0.45439999999999997,-0.7,0.0,0.0,0.0,0.0,0.0,0.0,1.0,0.0,0.0
2964,1,0.04554036041822546,0.06495476972097802,0.4104,-1.1,0.0,0.0,0.0,0.0,0.0,0.0,1.0,0.0,0.0
2965,0,0.04544616167667546,0.06495476972097802,0.11,0.6,0.0,0.0,0.0,0.0,0.0,0.0,1.0,0.0,0.0
2966,0,0.027149786167444408,0.06495476972097802,0.40659999999999996,0.1,0.0,0.0,0.0,0.0,0.0,0.0,1.0,0.0,0.0
2967,1,0.041685697072099744,0.06495476972097802,0.5376,-1.2,0.0,0.0,0.0,0.0,0.0,0.0,1.0,0.0,0.0
2968,0,0.03567470166397063,0.06495476972097802,0.132,-1.2,0.0,0.0,0.0,0.0,0.0,0.0,1.0,0.0,0.0
2969,1,0.036753820980587715,0.06495476972097802,0.13019999999999998,-0.8,0.0,0.0,0.0,0.0,0.0,0.0,1.0,0.0,0.0
2970,1,0.039491021744233044,0.06495476972097802,0.41259999999999997,1.2,0.0,0.0,0.0,0.0,0.0,0.0,1.0,0.0,0.0
2971,0,0.022310484701248762,0.06495476972097802,0.5256000000000001,-1.1,0.0,0.0,0.0,0.0,0.0,0.0,1.0,0.0,0.0
2972,1,0.011554245340975437,0.007829458434436621,0.1016,0.6,0.0,0.0,0.0,0.0,0.0,0.0,0.0,0.0,1.0
2973,0,0.010959606958222365,0.007829458434436621,0.1656,0.0,0.0,0.0,0.0,0.0,0.0,0.0,0.0,0.0,1.0
2974,1,0.012076787085705603,0.007829458434436621,0.4886,0.1,0.0,0.0,0.0,0.0,0.0,0.0,0.0,0.0,1.0
2975,0,0.012048894654736898,0.007829458434436621,0.5682,2.5,0.0,0.0,0.0,0.0,0.0,0.0,0.0,0.0,1.0
2976,0,0.011740100729101085,0.007829458434436621,0.1202,-0.5,0.0,0.0,0.0,0.0,0.0,0.0,0.0,0.0,1.0
2977,1,0.013528040861069708,0.007829458434436621,0.044199999999999996,-0.8,0.0,0.0,0.0,0.0,0.0,0.0,0.0,0.0,1.0
2978,1,0.013998187203828283,0.007829458434436621,0.139,-0.3,0.0,0.0,0.0,0.0,0.0,0.0,0.0,0.0,1.0
2979,1,0.01445498754797145,0.007829458434436621,0.027999999999999997,1.6,0.0,0.0,0.0,0.0,0.0,0.0,0.0,0.0,1.0
2980,1,0.014976752541459451,0.007829458434436621,0.008199999999999999,0.7,0.0,0.0,0.0,0.0,0.0,0.0,0.0,0.0,1.0
2981,1,0.015436236208075558,0.007829458434436621,0.0154,-1.7,0.0,0.0,0.0,0.0,0.0,0.0,0.0,0.0,1.0
2982,0,0.01513026683241126,0.007829458434436621,0.1656,0.2,0.0,0.0,0.0,0.0,0.0,0.0,0.0,0.0,1.0
2983,0,0.01360091425033478,0.007829458434436621,0.0,0.6,0.0,0.0,0.0,0.0,0.0,0.0,0.0,0.0,1.0
2984,0,0.013535455304744932,0.007829458434436621,0.1998,2.3,0.0,0.0,0.0,0.0,0.0,0.0,0.0,0.0,1.0
2985,1,0.013752521970055815,0.007829458434436621,0.0814,0.5,0.0,0.0,0.0,0.0,0.0,0.0,0.0,0.0,1.0
2986,0,0.012190898904554784,0.007829458434436621,0.001,0.3,0.0,0.0,0.0,0.0,0.0,0.0,0.0,0.0,1.0
2987,1,0.012535847069825983,0.007829458434436621,0.3274,1.3,0.0,0.0,0.0,0.0,0.0,0.0,0.0,0.0,1.0
2988,0,0.01161349027662795,0.007829458434436621,0.6344,-0.9,0.0,0.0,0.0,0.0,0.0,0.0,0.0,0.0,1.0
2989,1,0.012143517078782631,0.007829458434436621,0.295,-0.2,0.0,0.0,0.0,0.0,0.0,0.0,0.0,0.0,1.0
2990,0,0.006682814618853814,0.007829458434436621,0.4722,2.2,0.0,0.0,0.0,0.0,0.0,0.0,0.0,0.0,1.0
2991,1,0.011640959025100928,0.007829458434436621,0.0006,-1.5,0.0,0.0,0.0,0.0,0.0,0.0,0.0,0.0,1.0
2992,0,0.011447194897055039,0.007829458434436621,0.045599999999999995,-1.7,0.0,0.0,0.0,0.0,0.0,0.0,0.0,0.0,1.0
2993,1,0.012586406514316091,0.007829458434436621,0.0748,-0.6,0.0,0.0,0.0,0.0,0.0,0.0,0.0,0.0,1.0
2994,0,0.011458210641943946,0.007829458434436621,0.16879999999999998,-0.1,0.0,0.0,0.0,0.0,0.0,0.0,0.0,0.0,1.0
2995,1,0.011495282860320073,0.007829458434436621,0.2738,0.9,0.0,0.0,0.0,0.0,0.0,0.0,0.0,0.0,1.0
2996,0,0.011114392296661354,0.007829458434436621,0.1116,0.3,0.0,0.0,0.0,0.0,0.0,0.0,0.0,0.0,1.0
2997,1,0.012074527445728392,0.007829458434436621,0.3014,0.6,0.0,0.0,0.0,0.0,0.0,0.0,0.0,0.0,1.0
2998,0,0.01121515811689513,0.007829458434436621,0.1636,-0.9,0.0,0.0,0.0,0.0,0.0,0.0,0.0,0.0,1.0
2999,1,0.011370155296581985,0.007829458434436621,0.2982,0.6,0.0,0.0,0.0,0.0,0.0,0.0,0.0,0.0,1.0
3000,1,0.011791648766081223,0.007829458434436621,0.16760000000000003,-1.6,0.0,0.0,0.0,0.0,0.0,0.0,0.0,0.0,1.0
3001,1,0.012082859868144358,0.007829458434436621,0.005600000000000001,-0.9,0.0,0.0,0.0,0.0,0.0,0.0,0.0,0.0,1.0
3002,1,0.017411585230654163,0.007829458434436621,0.17579999999999998,1.5,0.0,0.0,0.0,0.0,0.0,0.0,0.0,0.0,1.0
3003,1,0.027766667881223155,0.007829458434436621,0.0572,-1.4,0.0,0.0,0.0,0.0,0.0,0.0,0.0,0.0,1.0
3004,0,0.015851091985141737,0.007829458434436621,0.37799999999999995,-0.8,0.0,0.0,0.0,0.0,0.0,0.0,0.0,0.0,1.0
3005,1,0.016783264089490782,0.007829458434436621,0.3486,-0.6,0.0,0.0,0.0,0.0,0.0,0.0,0.0,0.0,1.0
3006,0,0.013885134591218418,0.007829458434436621,0.6265999999999999,-0.5,0.0,0.0,0.0,0.0,0.0,0.0,0.0,0.0,1.0
3007,1,0.014584069481669659,0.007829458434436621,0.6437999999999999,0.5,0.0,0.0,0.0,0.0,0.0,0.0,0.0,0.0,1.0
3008,1,0.015221146727744736,0.007829458434436621,0.33020000000000005,2.2,0.0,0.0,0.0,0.0,0.0,0.0,0.0,0.0,1.0
3009,1,0.016476588576333603,0.007829458434436621,0.5094,-0.7,0.0,0.0,0.0,0.0,0.0,0.0,0.0,0.0,1.0
3010,0,0.01568698563179675,0.007829458434436621,0.252,-1.1,0.0,0.0,0.0,0.0,0.0,0.0,0.0,0.0,1.0
3011,0,0.012514451103791761,0.007829458434436621,0.15539999999999998,0.6,0.0,0.0,0.0,0.0,0.0,0.0,0.0,0.0,1.0
3012,0,0.011703522806969973,0.007829458434436621,0.42200000000000004,0.1,0.0,0.0,0.0,0.0,0.0,0.0,0.0,0.0,1.0
3013,1,0.024634100735315093,0.007829458434436621,0.7173999999999999,-1.2,0.0,0.0,0.0,0.0,0.0,0.0,0.0,0.0,1.0
3014,0,0.019420405170395214,0.007829458434436621,0.4266,-1.2,0.0,0.0,0.0,0.0,0.0,0.0,0.0,0.0,1.0
3015,1,0.024094823532003706,0.007829458434436621,0.1744,-0.8,0.0,0.0,0.0,0.0,0.0,0.0,0.0,0.0,1.0
3016,1,0.025002633892848437,0.007829458434436621,0.332,1.2,0.0,0.0,0.0,0.0,0.0,0.0,0.0,0.0,1.0
3017,0,0.02423520366558797,0.007829458434436621,0.501,-1.1,0.0,0.0,0.0,0.0,0.0,0.0,0.0,0.0,1.0
3018,1,0.18655707695232188,0.07801892218460295,0.12240000000000001,0.6,0.0,0.0,0.0,0.0,0.0,0.0,1.0,0.0,0.0
3019,1,0.20557371270428912,0.07801892218460295,0.1376,0.0,0.0,0.0,0.0,0.0,0.0,0.0,1.0,0.0,0.0
3020,0,0.1810618443689913,0.07801892218460295,0.15839999999999999,0.1,0.0,0.0,0.0,0.0,0.0,0.0,1.0,0.0,0.0
3021,1,0.18352555808164475,0.07801892218460295,0.3452,2.5,0.0,0.0,0.0,0.0,0.0,0.0,1.0,0.0,0.0
3022,0,0.15757090962089737,0.07801892218460295,0.2488,-0.5,0.0,0.0,0.0,0.0,0.0,0.0,1.0,0.0,0.0
3023,1,0.15880001254100187,0.07801892218460295,0.207,-0.8,0.0,0.0,0.0,0.0,0.0,0.0,1.0,0.0,0.0
3024,1,0.17005443190250105,0.07801892218460295,0.2116,-0.3,0.0,0.0,0.0,0.0,0.0,0.0,1.0,0.0,0.0
3025,1,0.17878440972695922,0.07801892218460295,0.198,1.6,0.0,0.0,0.0,0.0,0.0,0.0,1.0,0.0,0.0
3026,1,0.17965627768941644,0.07801892218460295,0.0864,0.7,0.0,0.0,0.0,0.0,0.0,0.0,1.0,0.0,0.0
3027,0,0.17674021229882497,0.07801892218460295,0.2018,-1.7,0.0,0.0,0.0,0.0,0.0,0.0,1.0,0.0,0.0
3028,1,0.1869374026059863,0.07801892218460295,0.1378,0.2,0.0,0.0,0.0,0.0,0.0,0.0,1.0,0.0,0.0
3029,1,0.1943135736290976,0.07801892218460295,0.0834,0.6,0.0,0.0,0.0,0.0,0.0,0.0,1.0,0.0,0.0
3030,1,0.1969324257489365,0.07801892218460295,0.2144,2.3,0.0,0.0,0.0,0.0,0.0,0.0,1.0,0.0,0.0
3031,0,0.19633037292250818,0.07801892218460295,0.1864,0.5,0.0,0.0,0.0,0.0,0.0,0.0,1.0,0.0,0.0
3032,1,0.20961338407354901,0.07801892218460295,0.0834,0.3,0.0,0.0,0.0,0.0,0.0,0.0,1.0,0.0,0.0
3033,0,0.2032383041740917,0.07801892218460295,0.107,1.3,0.0,0.0,0.0,0.0,0.0,0.0,1.0,0.0,0.0
3034,1,0.2064573025491281,0.07801892218460295,0.1882,-0.9,0.0,0.0,0.0,0.0,0.0,0.0,1.0,0.0,0.0
3035,1,0.20939476390575382,0.07801892218460295,0.1804,-0.2,0.0,0.0,0.0,0.0,0.0,0.0,1.0,0.0,0.0
3036,1,0.2143425280908556,0.07801892218460295,0.19940000000000002,2.2,0.0,0.0,0.0,0.0,0.0,0.0,1.0,0.0,0.0
3037,1,0.22499821347214302,0.07801892218460295,0.1524,-1.5,0.0,0.0,0.0,0.0,0.0,0.0,1.0,0.0,0.0
3038,0,0.224932472071556,0.07801892218460295,0.195,-1.7,0.0,0.0,0.0,0.0,0.0,0.0,1.0,0.0,0.0
3039,0,0.22170492943285577,0.07801892218460295,0.1244,-0.6,0.0,0.0,0.0,0.0,0.0,0.0,1.0,0.0,0.0
3040,0,0.21102742440303843,0.07801892218460295,0.265,-0.1,0.0,0.0,0.0,0.0,0.0,0.0,1.0,0.0,0.0
3041,1,0.21659044618568535,0.07801892218460295,0.491,0.9,0.0,0.0,0.0,0.0,0.0,0.0,1.0,0.0,0.0
3042,0,0.1964403185301494,0.07801892218460295,0.057999999999999996,0.3,0.0,0.0,0.0,0.0,0.0,0.0,1.0,0.0,0.0
3043,1,0.19760325636717116,0.07801892218460295,0.1444,0.6,0.0,0.0,0.0,0.0,0.0,0.0,1.0,0.0,0.0
3044,0,0.1937412491911195,0.07801892218460295,0.0706,-0.9,0.0,0.0,0.0,0.0,0.0,0.0,1.0,0.0,0.0
3045,1,0.20445384925433294,0.07801892218460295,0.2086,0.6,0.0,0.0,0.0,0.0,0.0,0.0,1.0,0.0,0.0
3046,0,0.19470964614885322,0.07801892218460295,0.099,-1.6,0.0,0.0,0.0,0.0,0.0,0.0,1.0,0.0,0.0
3047,1,0.19929494995886043,0.07801892218460295,0.0766,-0.9,0.0,0.0,0.0,0.0,0.0,0.0,1.0,0.0,0.0
3048,1,0.20872160303379264,0.07801892218460295,0.0724,1.5,0.0,0.0,0.0,0.0,0.0,0.0,1.0,0.0,0.0
3049,1,0.22433571527632432,0.07801892218460295,0.1866,-1.4,0.0,0.0,0.0,0.0,0.0,0.0,1.0,0.0,0.0
3050,1,0.22805536513381164,0.07801892218460295,0.5770000000000001,-0.8,0.0,0.0,0.0,0.0,0.0,0.0,1.0,0.0,0.0
3051,0,0.21121568065863985,0.07801892218460295,0.1202,-0.6,0.0,0.0,0.0,0.0,0.0,0.0,1.0,0.0,0.0
3052,1,0.2425406459802276,0.07801892218460295,0.35200000000000004,-0.5,0.0,0.0,0.0,0.0,0.0,0.0,1.0,0.0,0.0
3053,1,0.2934648104854074,0.07801892218460295,0.3858,0.5,0.0,0.0,0.0,0.0,0.0,0.0,1.0,0.0,0.0
3054,1,0.31900361457659854,0.07801892218460295,0.3322,2.2,0.0,0.0,0.0,0.0,0.0,0.0,1.0,0.0,0.0
3055,0,0.3133283875463332,0.07801892218460295,0.45439999999999997,-0.7,0.0,0.0,0.0,0.0,0.0,0.0,1.0,0.0,0.0
3056,1,0.3241519218096779,0.07801892218460295,0.4104,-1.1,0.0,0.0,0.0,0.0,0.0,0.0,1.0,0.0,0.0
3057,1,0.32976995170302004,0.07801892218460295,0.11,0.6,0.0,0.0,0.0,0.0,0.0,0.0,1.0,0.0,0.0
3058,0,0.2333924935324867,0.07801892218460295,0.40659999999999996,0.1,0.0,0.0,0.0,0.0,0.0,0.0,1.0,0.0,0.0
3059,1,0.3131612448017688,0.07801892218460295,0.5376,-1.2,0.0,0.0,0.0,0.0,0.0,0.0,1.0,0.0,0.0
3060,0,0.3036690621674975,0.07801892218460295,0.132,-1.2,0.0,0.0,0.0,0.0,0.0,0.0,1.0,0.0,0.0
3061,0,0.2906346820276992,0.07801892218460295,0.13019999999999998,-0.8,0.0,0.0,0.0,0.0,0.0,0.0,1.0,0.0,0.0
3062,1,0.2933541587402733,0.07801892218460295,0.41259999999999997,1.2,0.0,0.0,0.0,0.0,0.0,0.0,1.0,0.0,0.0
3063,1,0.29456038280560853,0.07801892218460295,0.5256000000000001,-1.1,0.0,0.0,0.0,0.0,0.0,0.0,1.0,0.0,0.0
3064,1,0.021109839122107274,0.01817263385297442,0.0684,0.6,0.0,0.0,1.0,0.0,0.0,0.0,0.0,0.0,0.0
3065,1,0.021109839122107274,0.14810017894304733,0.0684,0.6,0.0,0.0,1.0,0.0,0.0,0.0,0.0,0.0,0.0
3066,1,0.021109839122107274,0.0344957910220529,0.0684,0.6,0.0,0.0,1.0,0.0,0.0,0.0,0.0,0.0,0.0
3067,1,0.021109839122107274,0.01817263385297442,0.0684,0.6,0.0,0.0,1.0,0.0,0.0,0.0,0.0,0.0,0.0
3068,1,0.021109839122107274,0.14810017894304733,0.0684,0.6,0.0,0.0,1.0,0.0,0.0,0.0,0.0,0.0,0.0
3069,1,0.021109839122107274,0.0344957910220529,0.0684,0.6,0.0,0.0,1.0,0.0,0.0,0.0,0.0,0.0,0.0
3070,1,0.021109839122107274,0.01817263385297442,0.0684,0.6,0.0,0.0,1.0,0.0,0.0,0.0,0.0,0.0,0.0
3071,1,0.021109839122107274,0.14810017894304733,0.0684,0.6,0.0,0.0,1.0,0.0,0.0,0.0,0.0,0.0,0.0
3072,1,0.021109839122107274,0.0344957910220529,0.0684,0.6,0.0,0.0,1.0,0.0,0.0,0.0,0.0,0.0,0.0
3073,1,0.02330359647123323,0.01817263385297442,0.3826,2.3,0.0,0.0,1.0,0.0,0.0,0.0,0.0,0.0,0.0
3074,1,0.02330359647123323,0.14810017894304733,0.3826,2.3,0.0,0.0,1.0,0.0,0.0,0.0,0.0,0.0,0.0
3075,1,0.02330359647123323,0.0344957910220529,0.3826,2.3,0.0,0.0,1.0,0.0,0.0,0.0,0.0,0.0,0.0
3076,1,0.02330359647123323,0.01817263385297442,0.3826,2.3,0.0,0.0,1.0,0.0,0.0,0.0,0.0,0.0,0.0
3077,1,0.02330359647123323,0.14810017894304733,0.3826,2.3,0.0,0.0,1.0,0.0,0.0,0.0,0.0,0.0,0.0
3078,1,0.02330359647123323,0.0344957910220529,0.3826,2.3,0.0,0.0,1.0,0.0,0.0,0.0,0.0,0.0,0.0
3079,1,0.02330359647123323,0.01817263385297442,0.3826,2.3,0.0,0.0,1.0,0.0,0.0,0.0,0.0,0.0,0.0
3080,1,0.02330359647123323,0.14810017894304733,0.3826,2.3,0.0,0.0,1.0,0.0,0.0,0.0,0.0,0.0,0.0
3081,1,0.02330359647123323,0.0344957910220529,0.3826,2.3,0.0,0.0,1.0,0.0,0.0,0.0,0.0,0.0,0.0
3082,0,0.022011435473014672,0.01817263385297442,0.1592,0.5,0.0,0.0,1.0,0.0,0.0,0.0,0.0,0.0,0.0
3083,0,0.022011435473014672,0.14810017894304733,0.1592,0.5,0.0,0.0,1.0,0.0,0.0,0.0,0.0,0.0,0.0
3084,0,0.022011435473014672,0.0344957910220529,0.1592,0.5,0.0,0.0,1.0,0.0,0.0,0.0,0.0,0.0,0.0
3085,0,0.022011435473014672,0.01817263385297442,0.1592,0.5,0.0,0.0,1.0,0.0,0.0,0.0,0.0,0.0,0.0
3086,0,0.022011435473014672,0.14810017894304733,0.1592,0.5,0.0,0.0,1.0,0.0,0.0,0.0,0.0,0.0,0.0
3087,0,0.022011435473014672,0.0344957910220529,0.1592,0.5,0.0,0.0,1.0,0.0,0.0,0.0,0.0,0.0,0.0
3088,0,0.022011435473014672,0.01817263385297442,0.1592,0.5,0.0,0.0,1.0,0.0,0.0,0.0,0.0,0.0,0.0
3089,0,0.022011435473014672,0.14810017894304733,0.1592,0.5,0.0,0.0,1.0,0.0,0.0,0.0,0.0,0.0,0.0
3090,0,0.022011435473014672,0.0344957910220529,0.1592,0.5,0.0,0.0,1.0,0.0,0.0,0.0,0.0,0.0,0.0
3091,1,0.02459173248574238,0.01817263385297442,0.14,0.3,0.0,0.0,1.0,0.0,0.0,0.0,0.0,0.0,0.0
3092,1,0.02459173248574238,0.14810017894304733,0.14,0.3,0.0,0.0,1.0,0.0,0.0,0.0,0.0,0.0,0.0
3093,1,0.02459173248574238,0.0344957910220529,0.14,0.3,0.0,0.0,1.0,0.0,0.0,0.0,0.0,0.0,0.0
3094,1,0.02459173248574238,0.01817263385297442,0.14,0.3,0.0,0.0,1.0,0.0,0.0,0.0,0.0,0.0,0.0
3095,1,0.02459173248574238,0.14810017894304733,0.14,0.3,0.0,0.0,1.0,0.0,0.0,0.0,0.0,0.0,0.0
3096,1,0.02459173248574238,0.0344957910220529,0.14,0.3,0.0,0.0,1.0,0.0,0.0,0.0,0.0,0.0,0.0
3097,1,0.02459173248574238,0.01817263385297442,0.14,0.3,0.0,0.0,1.0,0.0,0.0,0.0,0.0,0.0,0.0
3098,1,0.02459173248574238,0.14810017894304733,0.14,0.3,0.0,0.0,1.0,0.0,0.0,0.0,0.0,0.0,0.0
3099,1,0.02459173248574238,0.0344957910220529,0.14,0.3,0.0,0.0,1.0,0.0,0.0,0.0,0.0,0.0,0.0
3100,0,0.024354823356881605,0.01817263385297442,0.32520000000000004,1.3,0.0,0.0,1.0,0.0,0.0,0.0,0.0,0.0,0.0
3101,0,0.024354823356881605,0.14810017894304733,0.32520000000000004,1.3,0.0,0.0,1.0,0.0,0.0,0.0,0.0,0.0,0.0
3102,0,0.024354823356881605,0.0344957910220529,0.32520000000000004,1.3,0.0,0.0,1.0,0.0,0.0,0.0,0.0,0.0,0.0
3103,0,0.024354823356881605,0.01817263385297442,0.32520000000000004,1.3,0.0,0.0,1.0,0.0,0.0,0.0,0.0,0.0,0.0
3104,0,0.024354823356881605,0.14810017894304733,0.32520000000000004,1.3,0.0,0.0,1.0,0.0,0.0,0.0,0.0,0.0,0.0
3105,0,0.024354823356881605,0.0344957910220529,0.32520000000000004,1.3,0.0,0.0,1.0,0.0,0.0,0.0,0.0,0.0,0.0
3106,0,0.024354823356881605,0.01817263385297442,0.32520000000000004,1.3,0.0,0.0,1.0,0.0,0.0,0.0,0.0,0.0,0.0
3107,0,0.024354823356881605,0.14810017894304733,0.32520000000000004,1.3,0.0,0.0,1.0,0.0,0.0,0.0,0.0,0.0,0.0
3108,0,0.024354823356881605,0.0344957910220529,0.32520000000000004,1.3,0.0,0.0,1.0,0.0,0.0,0.0,0.0,0.0,0.0
3109,0,0.02214200029544793,0.01817263385297442,0.493,-0.9,0.0,0.0,1.0,0.0,0.0,0.0,0.0,0.0,0.0
3110,0,0.02214200029544793,0.14810017894304733,0.493,-0.9,0.0,0.0,1.0,0.0,0.0,0.0,0.0,0.0,0.0
3111,0,0.02214200029544793,0.0344957910220529,0.493,-0.9,0.0,0.0,1.0,0.0,0.0,0.0,0.0,0.0,0.0
3112,0,0.02214200029544793,0.01817263385297442,0.493,-0.9,0.0,0.0,1.0,0.0,0.0,0.0,0.0,0.0,0.0
3113,0,0.02214200029544793,0.14810017894304733,0.493,-0.9,0.0,0.0,1.0,0.0,0.0,0.0,0.0,0.0,0.0
3114,0,0.02214200029544793,0.0344957910220529,0.493,-0.9,0.0,0.0,1.0,0.0,0.0,0.0,0.0,0.0,0.0
3115,0,0.02214200029544793,0.01817263385297442,0.493,-0.9,0.0,0.0,1.0,0.0,0.0,0.0,0.0,0.0,0.0
3116,0,0.02214200029544793,0.14810017894304733,0.493,-0.9,0.0,0.0,1.0,0.0,0.0,0.0,0.0,0.0,0.0
3117,0,0.02214200029544793,0.0344957910220529,0.493,-0.9,0.0,0.0,1.0,0.0,0.0,0.0,0.0,0.0,0.0
3118,1,0.02345534541845284,0.01817263385297442,0.2582,-0.2,0.0,0.0,1.0,0.0,0.0,0.0,0.0,0.0,0.0
3119,1,0.02345534541845284,0.14810017894304733,0.2582,-0.2,0.0,0.0,1.0,0.0,0.0,0.0,0.0,0.0,0.0
3120,1,0.02345534541845284,0.0344957910220529,0.2582,-0.2,0.0,0.0,1.0,0.0,0.0,0.0,0.0,0.0,0.0
3121,1,0.02345534541845284,0.01817263385297442,0.2582,-0.2,0.0,0.0,1.0,0.0,0.0,0.0,0.0,0.0,0.0
3122,1,0.02345534541845284,0.14810017894304733,0.2582,-0.2,0.0,0.0,1.0,0.0,0.0,0.0,0.0,0.0,0.0
3123,1,0.02345534541845284,0.0344957910220529,0.2582,-0.2,0.0,0.0,1.0,0.0,0.0,0.0,0.0,0.0,0.0
3124,1,0.02345534541845284,0.01817263385297442,0.2582,-0.2,0.0,0.0,1.0,0.0,0.0,0.0,0.0,0.0,0.0
3125,1,0.02345534541845284,0.14810017894304733,0.2582,-0.2,0.0,0.0,1.0,0.0,0.0,0.0,0.0,0.0,0.0
3126,1,0.02345534541845284,0.0344957910220529,0.2582,-0.2,0.0,0.0,1.0,0.0,0.0,0.0,0.0,0.0,0.0
3127,1,0.030025601720941805,0.01817263385297442,0.4412,2.2,0.0,0.0,1.0,0.0,0.0,0.0,0.0,0.0,0.0
3128,1,0.030025601720941805,0.14810017894304733,0.4412,2.2,0.0,0.0,1.0,0.0,0.0,0.0,0.0,0.0,0.0
3129,1,0.030025601720941805,0.0344957910220529,0.4412,2.2,0.0,0.0,1.0,0.0,0.0,0.0,0.0,0.0,0.0
3130,1,0.030025601720941805,0.01817263385297442,0.4412,2.2,0.0,0.0,1.0,0.0,0.0,0.0,0.0,0.0,0.0
3131,1,0.030025601720941805,0.14810017894304733,0.4412,2.2,0.0,0.0,1.0,0.0,0.0,0.0,0.0,0.0,0.0
3132,1,0.030025601720941805,0.0344957910220529,0.4412,2.2,0.0,0.0,1.0,0.0,0.0,0.0,0.0,0.0,0.0
3133,1,0.030025601720941805,0.01817263385297442,0.4412,2.2,0.0,0.0,1.0,0.0,0.0,0.0,0.0,0.0,0.0
3134,1,0.030025601720941805,0.14810017894304733,0.4412,2.2,0.0,0.0,1.0,0.0,0.0,0.0,0.0,0.0,0.0
3135,1,0.030025601720941805,0.0344957910220529,0.4412,2.2,0.0,0.0,1.0,0.0,0.0,0.0,0.0,0.0,0.0
3136,0,0.023581037892185235,0.01817263385297442,0.1164,-1.5,0.0,0.0,1.0,0.0,0.0,0.0,0.0,0.0,0.0
3137,0,0.023581037892185235,0.14810017894304733,0.1164,-1.5,0.0,0.0,1.0,0.0,0.0,0.0,0.0,0.0,0.0
3138,0,0.023581037892185235,0.0344957910220529,0.1164,-1.5,0.0,0.0,1.0,0.0,0.0,0.0,0.0,0.0,0.0
3139,0,0.023581037892185235,0.01817263385297442,0.1164,-1.5,0.0,0.0,1.0,0.0,0.0,0.0,0.0,0.0,0.0
3140,0,0.023581037892185235,0.14810017894304733,0.1164,-1.5,0.0,0.0,1.0,0.0,0.0,0.0,0.0,0.0,0.0
3141,0,0.023581037892185235,0.0344957910220529,0.1164,-1.5,0.0,0.0,1.0,0.0,0.0,0.0,0.0,0.0,0.0
3142,0,0.023581037892185235,0.01817263385297442,0.1164,-1.5,0.0,0.0,1.0,0.0,0.0,0.0,0.0,0.0,0.0
3143,0,0.023581037892185235,0.14810017894304733,0.1164,-1.5,0.0,0.0,1.0,0.0,0.0,0.0,0.0,0.0,0.0
3144,0,0.023581037892185235,0.0344957910220529,0.1164,-1.5,0.0,0.0,1.0,0.0,0.0,0.0,0.0,0.0,0.0
3145,0,0.019326700725090223,0.01817263385297442,0.0132,-1.7,0.0,0.0,1.0,0.0,0.0,0.0,0.0,0.0,0.0
3146,0,0.019326700725090223,0.14810017894304733,0.0132,-1.7,0.0,0.0,1.0,0.0,0.0,0.0,0.0,0.0,0.0
3147,0,0.019326700725090223,0.0344957910220529,0.0132,-1.7,0.0,0.0,1.0,0.0,0.0,0.0,0.0,0.0,0.0
3148,0,0.019326700725090223,0.01817263385297442,0.0132,-1.7,0.0,0.0,1.0,0.0,0.0,0.0,0.0,0.0,0.0
3149,0,0.019326700725090223,0.14810017894304733,0.0132,-1.7,0.0,0.0,1.0,0.0,0.0,0.0,0.0,0.0,0.0
3150,0,0.019326700725090223,0.0344957910220529,0.0132,-1.7,0.0,0.0,1.0,0.0,0.0,0.0,0.0,0.0,0.0
3151,0,0.019326700725090223,0.01817263385297442,0.0132,-1.7,0.0,0.0,1.0,0.0,0.0,0.0,0.0,0.0,0.0
3152,0,0.019326700725090223,0.14810017894304733,0.0132,-1.7,0.0,0.0,1.0,0.0,0.0,0.0,0.0,0.0,0.0
3153,0,0.019326700725090223,0.0344957910220529,0.0132,-1.7,0.0,0.0,1.0,0.0,0.0,0.0,0.0,0.0,0.0
3154,1,0.02339737153028751,0.01817263385297442,0.1902,-0.6,0.0,0.0,1.0,0.0,0.0,0.0,0.0,0.0,0.0
3155,1,0.02339737153028751,0.14810017894304733,0.1902,-0.6,0.0,0.0,1.0,0.0,0.0,0.0,0.0,0.0,0.0
3156,1,0.02339737153028751,0.0344957910220529,0.1902,-0.6,0.0,0.0,1.0,0.0,0.0,0.0,0.0,0.0,0.0
3157,1,0.02339737153028751,0.01817263385297442,0.1902,-0.6,0.0,0.0,1.0,0.0,0.0,0.0,0.0,0.0,0.0
3158,1,0.02339737153028751,0.14810017894304733,0.1902,-0.6,0.0,0.0,1.0,0.0,0.0,0.0,0.0,0.0,0.0
3159,1,0.02339737153028751,0.0344957910220529,0.1902,-0.6,0.0,0.0,1.0,0.0,0.0,0.0,0.0,0.0,0.0
3160,1,0.02339737153028751,0.01817263385297442,0.1902,-0.6,0.0,0.0,1.0,0.0,0.0,0.0,0.0,0.0,0.0
3161,1,0.02339737153028751,0.14810017894304733,0.1902,-0.6,0.0,0.0,1.0,0.0,0.0,0.0,0.0,0.0,0.0
3162,1,0.02339737153028751,0.0344957910220529,0.1902,-0.6,0.0,0.0,1.0,0.0,0.0,0.0,0.0,0.0,0.0
3163,1,0.02734277354424813,0.01817263385297442,0.13,-0.1,0.0,0.0,1.0,0.0,0.0,0.0,0.0,0.0,0.0
3164,1,0.02734277354424813,0.14810017894304733,0.13,-0.1,0.0,0.0,1.0,0.0,0.0,0.0,0.0,0.0,0.0
3165,1,0.02734277354424813,0.0344957910220529,0.13,-0.1,0.0,0.0,1.0,0.0,0.0,0.0,0.0,0.0,0.0
3166,1,0.02734277354424813,0.01817263385297442,0.13,-0.1,0.0,0.0,1.0,0.0,0.0,0.0,0.0,0.0,0.0
3167,1,0.02734277354424813,0.14810017894304733,0.13,-0.1,0.0,0.0,1.0,0.0,0.0,0.0,0.0,0.0,0.0
3168,1,0.02734277354424813,0.0344957910220529,0.13,-0.1,0.0,0.0,1.0,0.0,0.0,0.0,0.0,0.0,0.0
3169,1,0.02734277354424813,0.01817263385297442,0.13,-0.1,0.0,0.0,1.0,0.0,0.0,0.0,0.0,0.0,0.0
3170,1,0.02734277354424813,0.14810017894304733,0.13,-0.1,0.0,0.0,1.0,0.0,0.0,0.0,0.0,0.0,0.0
3171,1,0.02734277354424813,0.0344957910220529,0.13,-0.1,0.0,0.0,1.0,0.0,0.0,0.0,0.0,0.0,0.0
3172,0,0.024470629905713696,0.01817263385297442,0.31420000000000003,0.9,0.0,0.0,1.0,0.0,0.0,0.0,0.0,0.0,0.0
3173,0,0.024470629905713696,0.14810017894304733,0.31420000000000003,0.9,0.0,0.0,1.0,0.0,0.0,0.0,0.0,0.0,0.0
3174,0,0.024470629905713696,0.0344957910220529,0.31420000000000003,0.9,0.0,0.0,1.0,0.0,0.0,0.0,0.0,0.0,0.0
3175,0,0.024470629905713696,0.01817263385297442,0.31420000000000003,0.9,0.0,0.0,1.0,0.0,0.0,0.0,0.0,0.0,0.0
3176,0,0.024470629905713696,0.14810017894304733,0.31420000000000003,0.9,0.0,0.0,1.0,0.0,0.0,0.0,0.0,0.0,0.0
3177,0,0.024470629905713696,0.0344957910220529,0.31420000000000003,0.9,0.0,0.0,1.0,0.0,0.0,0.0,0.0,0.0,0.0
3178,0,0.024470629905713696,0.01817263385297442,0.31420000000000003,0.9,0.0,0.0,1.0,0.0,0.0,0.0,0.0,0.0,0.0
3179,0,0.024470629905713696,0.14810017894304733,0.31420000000000003,0.9,0.0,0.0,1.0,0.0,0.0,0.0,0.0,0.0,0.0
3180,0,0.024470629905713696,0.0344957910220529,0.31420000000000003,0.9,0.0,0.0,1.0,0.0,0.0,0.0,0.0,0.0,0.0
3181,0,0.02213719856049635,0.01817263385297442,0.1362,0.3,0.0,0.0,1.0,0.0,0.0,0.0,0.0,0.0,0.0
3182,0,0.02213719856049635,0.14810017894304733,0.1362,0.3,0.0,0.0,1.0,0.0,0.0,0.0,0.0,0.0,0.0
3183,0,0.02213719856049635,0.0344957910220529,0.1362,0.3,0.0,0.0,1.0,0.0,0.0,0.0,0.0,0.0,0.0
3184,0,0.02213719856049635,0.01817263385297442,0.1362,0.3,0.0,0.0,1.0,0.0,0.0,0.0,0.0,0.0,0.0
3185,0,0.02213719856049635,0.14810017894304733,0.1362,0.3,0.0,0.0,1.0,0.0,0.0,0.0,0.0,0.0,0.0
3186,0,0.02213719856049635,0.0344957910220529,0.1362,0.3,0.0,0.0,1.0,0.0,0.0,0.0,0.0,0.0,0.0
3187,0,0.02213719856049635,0.01817263385297442,0.1362,0.3,0.0,0.0,1.0,0.0,0.0,0.0,0.0,0.0,0.0
3188,0,0.02213719856049635,0.14810017894304733,0.1362,0.3,0.0,0.0,1.0,0.0,0.0,0.0,0.0,0.0,0.0
3189,0,0.02213719856049635,0.0344957910220529,0.1362,0.3,0.0,0.0,1.0,0.0,0.0,0.0,0.0,0.0,0.0
3190,0,0.01974226263964928,0.01817263385297442,0.07780000000000001,0.6,0.0,0.0,1.0,0.0,0.0,0.0,0.0,0.0,0.0
3191,0,0.01974226263964928,0.14810017894304733,0.07780000000000001,0.6,0.0,0.0,1.0,0.0,0.0,0.0,0.0,0.0,0.0
3192,0,0.01974226263964928,0.0344957910220529,0.07780000000000001,0.6,0.0,0.0,1.0,0.0,0.0,0.0,0.0,0.0,0.0
3193,0,0.01974226263964928,0.01817263385297442,0.07780000000000001,0.6,0.0,0.0,1.0,0.0,0.0,0.0,0.0,0.0,0.0
3194,0,0.01974226263964928,0.14810017894304733,0.07780000000000001,0.6,0.0,0.0,1.0,0.0,0.0,0.0,0.0,0.0,0.0
3195,0,0.01974226263964928,0.0344957910220529,0.07780000000000001,0.6,0.0,0.0,1.0,0.0,0.0,0.0,0.0,0.0,0.0
3196,0,0.01974226263964928,0.01817263385297442,0.07780000000000001,0.6,0.0,0.0,1.0,0.0,0.0,0.0,0.0,0.0,0.0
3197,0,0.01974226263964928,0.14810017894304733,0.07780000000000001,0.6,0.0,0.0,1.0,0.0,0.0,0.0,0.0,0.0,0.0
3198,0,0.01974226263964928,0.0344957910220529,0.07780000000000001,0.6,0.0,0.0,1.0,0.0,0.0,0.0,0.0,0.0,0.0
3199,0,0.018714197063767323,0.01817263385297442,0.21960000000000002,-0.9,0.0,0.0,1.0,0.0,0.0,0.0,0.0,0.0,0.0
3200,0,0.018714197063767323,0.14810017894304733,0.21960000000000002,-0.9,0.0,0.0,1.0,0.0,0.0,0.0,0.0,0.0,0.0
3201,0,0.018714197063767323,0.0344957910220529,0.21960000000000002,-0.9,0.0,0.0,1.0,0.0,0.0,0.0,0.0,0.0,0.0
3202,0,0.018714197063767323,0.01817263385297442,0.21960000000000002,-0.9,0.0,0.0,1.0,0.0,0.0,0.0,0.0,0.0,0.0
3203,0,0.018714197063767323,0.14810017894304733,0.21960000000000002,-0.9,0.0,0.0,1.0,0.0,0.0,0.0,0.0,0.0,0.0
3204,0,0.018714197063767323,0.0344957910220529,0.21960000000000002,-0.9,0.0,0.0,1.0,0.0,0.0,0.0,0.0,0.0,0.0
3205,0,0.018714197063767323,0.01817263385297442,0.21960000000000002,-0.9,0.0,0.0,1.0,0.0,0.0,0.0,0.0,0.0,0.0
3206,0,0.018714197063767323,0.14810017894304733,0.21960000000000002,-0.9,0.0,0.0,1.0,0.0,0.0,0.0,0.0,0.0,0.0
3207,0,0.018714197063767323,0.0344957910220529,0.21960000000000002,-0.9,0.0,0.0,1.0,0.0,0.0,0.0,0.0,0.0,0.0
3208,1,0.02052748753173029,0.01817263385297442,0.1568,0.6,0.0,0.0,1.0,0.0,0.0,0.0,0.0,0.0,0.0
3209,1,0.02052748753173029,0.14810017894304733,0.1568,0.6,0.0,0.0,1.0,0.0,0.0,0.0,0.0,0.0,0.0
3210,1,0.02052748753173029,0.0344957910220529,0.1568,0.6,0.0,0.0,1.0,0.0,0.0,0.0,0.0,0.0,0.0
3211,1,0.02052748753173029,0.01817263385297442,0.1568,0.6,0.0,0.0,1.0,0.0,0.0,0.0,0.0,0.0,0.0
3212,1,0.02052748753173029,0.14810017894304733,0.1568,0.6,0.0,0.0,1.0,0.0,0.0,0.0,0.0,0.0,0.0
3213,1,0.02052748753173029,0.0344957910220529,0.1568,0.6,0.0,0.0,1.0,0.0,0.0,0.0,0.0,0.0,0.0
3214,1,0.02052748753173029,0.01817263385297442,0.1568,0.6,0.0,0.0,1.0,0.0,0.0,0.0,0.0,0.0,0.0
3215,1,0.02052748753173029,0.14810017894304733,0.1568,0.6,0.0,0.0,1.0,0.0,0.0,0.0,0.0,0.0,0.0
3216,1,0.02052748753173029,0.0344957910220529,0.1568,0.6,0.0,0.0,1.0,0.0,0.0,0.0,0.0,0.0,0.0
3217,0,0.017888792948341524,0.01817263385297442,0.0292,-1.6,0.0,0.0,1.0,0.0,0.0,0.0,0.0,0.0,0.0
3218,0,0.017888792948341524,0.14810017894304733,0.0292,-1.6,0.0,0.0,1.0,0.0,0.0,0.0,0.0,0.0,0.0
3219,0,0.017888792948341524,0.0344957910220529,0.0292,-1.6,0.0,0.0,1.0,0.0,0.0,0.0,0.0,0.0,0.0
3220,0,0.017888792948341524,0.01817263385297442,0.0292,-1.6,0.0,0.0,1.0,0.0,0.0,0.0,0.0,0.0,0.0
3221,0,0.017888792948341524,0.14810017894304733,0.0292,-1.6,0.0,0.0,1.0,0.0,0.0,0.0,0.0,0.0,0.0
3222,0,0.017888792948341524,0.0344957910220529,0.0292,-1.6,0.0,0.0,1.0,0.0,0.0,0.0,0.0,0.0,0.0
3223,0,0.017888792948341524,0.01817263385297442,0.0292,-1.6,0.0,0.0,1.0,0.0,0.0,0.0,0.0,0.0,0.0
3224,0,0.017888792948341524,0.14810017894304733,0.0292,-1.6,0.0,0.0,1.0,0.0,0.0,0.0,0.0,0.0,0.0
3225,0,0.017888792948341524,0.0344957910220529,0.0292,-1.6,0.0,0.0,1.0,0.0,0.0,0.0,0.0,0.0,0.0
3226,1,0.020369100892077618,0.01817263385297442,0.04,-0.9,0.0,0.0,1.0,0.0,0.0,0.0,0.0,0.0,0.0
3227,1,0.020369100892077618,0.14810017894304733,0.04,-0.9,0.0,0.0,1.0,0.0,0.0,0.0,0.0,0.0,0.0
3228,1,0.020369100892077618,0.0344957910220529,0.04,-0.9,0.0,0.0,1.0,0.0,0.0,0.0,0.0,0.0,0.0
3229,1,0.020369100892077618,0.01817263385297442,0.04,-0.9,0.0,0.0,1.0,0.0,0.0,0.0,0.0,0.0,0.0
3230,1,0.020369100892077618,0.14810017894304733,0.04,-0.9,0.0,0.0,1.0,0.0,0.0,0.0,0.0,0.0,0.0
3231,1,0.020369100892077618,0.0344957910220529,0.04,-0.9,0.0,0.0,1.0,0.0,0.0,0.0,0.0,0.0,0.0
3232,1,0.020369100892077618,0.01817263385297442,0.04,-0.9,0.0,0.0,1.0,0.0,0.0,0.0,0.0,0.0,0.0
3233,1,0.020369100892077618,0.14810017894304733,0.04,-0.9,0.0,0.0,1.0,0.0,0.0,0.0,0.0,0.0,0.0
3234,1,0.020369100892077618,0.0344957910220529,0.04,-0.9,0.0,0.0,1.0,0.0,0.0,0.0,0.0,0.0,0.0
3235,1,0.04821054873379661,0.01817263385297442,0.1528,1.5,0.0,0.0,1.0,0.0,0.0,0.0,0.0,0.0,0.0
3236,1,0.04821054873379661,0.14810017894304733,0.1528,1.5,0.0,0.0,1.0,0.0,0.0,0.0,0.0,0.0,0.0
3237,1,0.04821054873379661,0.0344957910220529,0.1528,1.5,0.0,0.0,1.0,0.0,0.0,0.0,0.0,0.0,0.0
3238,1,0.04821054873379661,0.01817263385297442,0.1528,1.5,0.0,0.0,1.0,0.0,0.0,0.0,0.0,0.0,0.0
3239,1,0.04821054873379661,0.14810017894304733,0.1528,1.5,0.0,0.0,1.0,0.0,0.0,0.0,0.0,0.0,0.0
3240,1,0.04821054873379661,0.0344957910220529,0.1528,1.5,0.0,0.0,1.0,0.0,0.0,0.0,0.0,0.0,0.0
3241,1,0.04821054873379661,0.01817263385297442,0.1528,1.5,0.0,0.0,1.0,0.0,0.0,0.0,0.0,0.0,0.0
3242,1,0.04821054873379661,0.14810017894304733,0.1528,1.5,0.0,0.0,1.0,0.0,0.0,0.0,0.0,0.0,0.0
3243,1,0.04821054873379661,0.0344957910220529,0.1528,1.5,0.0,0.0,1.0,0.0,0.0,0.0,0.0,0.0,0.0
3244,1,0.05143173613506094,0.01817263385297442,0.1186,-1.4,0.0,0.0,1.0,0.0,0.0,0.0,0.0,0.0,0.0
3245,1,0.05143173613506094,0.14810017894304733,0.1186,-1.4,0.0,0.0,1.0,0.0,0.0,0.0,0.0,0.0,0.0
3246,1,0.05143173613506094,0.0344957910220529,0.1186,-1.4,0.0,0.0,1.0,0.0,0.0,0.0,0.0,0.0,0.0
3247,1,0.05143173613506094,0.01817263385297442,0.1186,-1.4,0.0,0.0,1.0,0.0,0.0,0.0,0.0,0.0,0.0
3248,1,0.05143173613506094,0.14810017894304733,0.1186,-1.4,0.0,0.0,1.0,0.0,0.0,0.0,0.0,0.0,0.0
3249,1,0.05143173613506094,0.0344957910220529,0.1186,-1.4,0.0,0.0,1.0,0.0,0.0,0.0,0.0,0.0,0.0
3250,1,0.05143173613506094,0.01817263385297442,0.1186,-1.4,0.0,0.0,1.0,0.0,0.0,0.0,0.0,0.0,0.0
3251,1,0.05143173613506094,0.14810017894304733,0.1186,-1.4,0.0,0.0,1.0,0.0,0.0,0.0,0.0,0.0,0.0
3252,1,0.05143173613506094,0.0344957910220529,0.1186,-1.4,0.0,0.0,1.0,0.0,0.0,0.0,0.0,0.0,0.0
3253,1,0.05240952472144994,0.01817263385297442,0.256,-0.8,0.0,0.0,1.0,0.0,0.0,0.0,0.0,0.0,0.0
3254,1,0.05240952472144994,0.14810017894304733,0.256,-0.8,0.0,0.0,1.0,0.0,0.0,0.0,0.0,0.0,0.0
3255,1,0.05240952472144994,0.0344957910220529,0.256,-0.8,0.0,0.0,1.0,0.0,0.0,0.0,0.0,0.0,0.0
3256,1,0.05240952472144994,0.01817263385297442,0.256,-0.8,0.0,0.0,1.0,0.0,0.0,0.0,0.0,0.0,0.0
3257,1,0.05240952472144994,0.14810017894304733,0.256,-0.8,0.0,0.0,1.0,0.0,0.0,0.0,0.0,0.0,0.0
3258,1,0.05240952472144994,0.0344957910220529,0.256,-0.8,0.0,0.0,1.0,0.0,0.0,0.0,0.0,0.0,0.0
3259,1,0.05240952472144994,0.01817263385297442,0.256,-0.8,0.0,0.0,1.0,0.0,0.0,0.0,0.0,0.0,0.0
3260,1,0.05240952472144994,0.14810017894304733,0.256,-0.8,0.0,0.0,1.0,0.0,0.0,0.0,0.0,0.0,0.0
3261,1,0.05240952472144994,0.0344957910220529,0.256,-0.8,0.0,0.0,1.0,0.0,0.0,0.0,0.0,0.0,0.0
3262,0,0.051259721041795714,0.01817263385297442,0.0546,-0.6,0.0,0.0,1.0,0.0,0.0,0.0,0.0,0.0,0.0
3263,0,0.051259721041795714,0.14810017894304733,0.0546,-0.6,0.0,0.0,1.0,0.0,0.0,0.0,0.0,0.0,0.0
3264,0,0.051259721041795714,0.0344957910220529,0.0546,-0.6,0.0,0.0,1.0,0.0,0.0,0.0,0.0,0.0,0.0
3265,0,0.051259721041795714,0.01817263385297442,0.0546,-0.6,0.0,0.0,1.0,0.0,0.0,0.0,0.0,0.0,0.0
3266,0,0.051259721041795714,0.14810017894304733,0.0546,-0.6,0.0,0.0,1.0,0.0,0.0,0.0,0.0,0.0,0.0
3267,0,0.051259721041795714,0.0344957910220529,0.0546,-0.6,0.0,0.0,1.0,0.0,0.0,0.0,0.0,0.0,0.0
3268,0,0.051259721041795714,0.01817263385297442,0.0546,-0.6,0.0,0.0,1.0,0.0,0.0,0.0,0.0,0.0,0.0
3269,0,0.051259721041795714,0.14810017894304733,0.0546,-0.6,0.0,0.0,1.0,0.0,0.0,0.0,0.0,0.0,0.0
3270,0,0.051259721041795714,0.0344957910220529,0.0546,-0.6,0.0,0.0,1.0,0.0,0.0,0.0,0.0,0.0,0.0
3271,0,0.05017897760894501,0.01817263385297442,0.3104,-0.5,0.0,0.0,1.0,0.0,0.0,0.0,0.0,0.0,0.0
3272,0,0.05017897760894501,0.14810017894304733,0.3104,-0.5,0.0,0.0,1.0,0.0,0.0,0.0,0.0,0.0,0.0
3273,0,0.05017897760894501,0.0344957910220529,0.3104,-0.5,0.0,0.0,1.0,0.0,0.0,0.0,0.0,0.0,0.0
3274,0,0.05017897760894501,0.01817263385297442,0.3104,-0.5,0.0,0.0,1.0,0.0,0.0,0.0,0.0,0.0,0.0
3275,0,0.05017897760894501,0.14810017894304733,0.3104,-0.5,0.0,0.0,1.0,0.0,0.0,0.0,0.0,0.0,0.0
3276,0,0.05017897760894501,0.0344957910220529,0.3104,-0.5,0.0,0.0,1.0,0.0,0.0,0.0,0.0,0.0,0.0
3277,0,0.05017897760894501,0.01817263385297442,0.3104,-0.5,0.0,0.0,1.0,0.0,0.0,0.0,0.0,0.0,0.0
3278,0,0.05017897760894501,0.14810017894304733,0.3104,-0.5,0.0,0.0,1.0,0.0,0.0,0.0,0.0,0.0,0.0
3279,0,0.05017897760894501,0.0344957910220529,0.3104,-0.5,0.0,0.0,1.0,0.0,0.0,0.0,0.0,0.0,0.0
3280,1,0.05455469981106585,0.01817263385297442,0.7186,0.5,0.0,0.0,1.0,0.0,0.0,0.0,0.0,0.0,0.0
3281,1,0.05455469981106585,0.14810017894304733,0.7186,0.5,0.0,0.0,1.0,0.0,0.0,0.0,0.0,0.0,0.0
3282,1,0.05455469981106585,0.0344957910220529,0.7186,0.5,0.0,0.0,1.0,0.0,0.0,0.0,0.0,0.0,0.0
3283,1,0.05455469981106585,0.01817263385297442,0.7186,0.5,0.0,0.0,1.0,0.0,0.0,0.0,0.0,0.0,0.0
3284,1,0.05455469981106585,0.14810017894304733,0.7186,0.5,0.0,0.0,1.0,0.0,0.0,0.0,0.0,0.0,0.0
3285,1,0.05455469981106585,0.0344957910220529,0.7186,0.5,0.0,0.0,1.0,0.0,0.0,0.0,0.0,0.0,0.0
3286,1,0.05455469981106585,0.01817263385297442,0.7186,0.5,0.0,0.0,1.0,0.0,0.0,0.0,0.0,0.0,0.0
3287,1,0.05455469981106585,0.14810017894304733,0.7186,0.5,0.0,0.0,1.0,0.0,0.0,0.0,0.0,0.0,0.0
3288,1,0.05455469981106585,0.0344957910220529,0.7186,0.5,0.0,0.0,1.0,0.0,0.0,0.0,0.0,0.0,0.0
3289,1,0.06393495965271594,0.01817263385297442,0.27940000000000004,2.2,0.0,0.0,1.0,0.0,0.0,0.0,0.0,0.0,0.0
3290,1,0.06393495965271594,0.14810017894304733,0.27940000000000004,2.2,0.0,0.0,1.0,0.0,0.0,0.0,0.0,0.0,0.0
3291,1,0.06393495965271594,0.0344957910220529,0.27940000000000004,2.2,0.0,0.0,1.0,0.0,0.0,0.0,0.0,0.0,0.0
3292,1,0.06393495965271594,0.01817263385297442,0.27940000000000004,2.2,0.0,0.0,1.0,0.0,0.0,0.0,0.0,0.0,0.0
3293,1,0.06393495965271594,0.14810017894304733,0.27940000000000004,2.2,0.0,0.0,1.0,0.0,0.0,0.0,0.0,0.0,0.0
3294,1,0.06393495965271594,0.0344957910220529,0.27940000000000004,2.2,0.0,0.0,1.0,0.0,0.0,0.0,0.0,0.0,0.0
3295,1,0.06393495965271594,0.01817263385297442,0.27940000000000004,2.2,0.0,0.0,1.0,0.0,0.0,0.0,0.0,0.0,0.0
3296,1,0.06393495965271594,0.14810017894304733,0.27940000000000004,2.2,0.0,0.0,1.0,0.0,0.0,0.0,0.0,0.0,0.0
3297,1,0.06393495965271594,0.0344957910220529,0.27940000000000004,2.2,0.0,0.0,1.0,0.0,0.0,0.0,0.0,0.0,0.0
3298,0,0.053642158329018835,0.01817263385297442,0.18,-0.7,0.0,0.0,1.0,0.0,0.0,0.0,0.0,0.0,0.0
3299,0,0.053642158329018835,0.14810017894304733,0.18,-0.7,0.0,0.0,1.0,0.0,0.0,0.0,0.0,0.0,0.0
3300,0,0.053642158329018835,0.0344957910220529,0.18,-0.7,0.0,0.0,1.0,0.0,0.0,0.0,0.0,0.0,0.0
3301,0,0.053642158329018835,0.01817263385297442,0.18,-0.7,0.0,0.0,1.0,0.0,0.0,0.0,0.0,0.0,0.0
3302,0,0.053642158329018835,0.14810017894304733,0.18,-0.7,0.0,0.0,1.0,0.0,0.0,0.0,0.0,0.0,0.0
3303,0,0.053642158329018835,0.0344957910220529,0.18,-0.7,0.0,0.0,1.0,0.0,0.0,0.0,0.0,0.0,0.0
3304,0,0.053642158329018835,0.01817263385297442,0.18,-0.7,0.0,0.0,1.0,0.0,0.0,0.0,0.0,0.0,0.0
3305,0,0.053642158329018835,0.14810017894304733,0.18,-0.7,0.0,0.0,1.0,0.0,0.0,0.0,0.0,0.0,0.0
3306,0,0.053642158329018835,0.0344957910220529,0.18,-0.7,0.0,0.0,1.0,0.0,0.0,0.0,0.0,0.0,0.0
3307,1,0.06299057136974008,0.01817263385297442,0.13720000000000002,-1.1,0.0,0.0,1.0,0.0,0.0,0.0,0.0,0.0,0.0
3308,1,0.06299057136974008,0.14810017894304733,0.13720000000000002,-1.1,0.0,0.0,1.0,0.0,0.0,0.0,0.0,0.0,0.0
3309,1,0.06299057136974008,0.0344957910220529,0.13720000000000002,-1.1,0.0,0.0,1.0,0.0,0.0,0.0,0.0,0.0,0.0
3310,1,0.06299057136974008,0.01817263385297442,0.13720000000000002,-1.1,0.0,0.0,1.0,0.0,0.0,0.0,0.0,0.0,0.0
3311,1,0.06299057136974008,0.14810017894304733,0.13720000000000002,-1.1,0.0,0.0,1.0,0.0,0.0,0.0,0.0,0.0,0.0
3312,1,0.06299057136974008,0.0344957910220529,0.13720000000000002,-1.1,0.0,0.0,1.0,0.0,0.0,0.0,0.0,0.0,0.0
3313,1,0.06299057136974008,0.01817263385297442,0.13720000000000002,-1.1,0.0,0.0,1.0,0.0,0.0,0.0,0.0,0.0,0.0
3314,1,0.06299057136974008,0.14810017894304733,0.13720000000000002,-1.1,0.0,0.0,1.0,0.0,0.0,0.0,0.0,0.0,0.0
3315,1,0.06299057136974008,0.0344957910220529,0.13720000000000002,-1.1,0.0,0.0,1.0,0.0,0.0,0.0,0.0,0.0,0.0
3316,1,0.07686504328481604,0.01817263385297442,0.0654,0.6,0.0,0.0,1.0,0.0,0.0,0.0,0.0,0.0,0.0
3317,1,0.07686504328481604,0.14810017894304733,0.0654,0.6,0.0,0.0,1.0,0.0,0.0,0.0,0.0,0.0,0.0
3318,1,0.07686504328481604,0.0344957910220529,0.0654,0.6,0.0,0.0,1.0,0.0,0.0,0.0,0.0,0.0,0.0
3319,1,0.07686504328481604,0.01817263385297442,0.0654,0.6,0.0,0.0,1.0,0.0,0.0,0.0,0.0,0.0,0.0
3320,1,0.07686504328481604,0.14810017894304733,0.0654,0.6,0.0,0.0,1.0,0.0,0.0,0.0,0.0,0.0,0.0
3321,1,0.07686504328481604,0.0344957910220529,0.0654,0.6,0.0,0.0,1.0,0.0,0.0,0.0,0.0,0.0,0.0
3322,1,0.07686504328481604,0.01817263385297442,0.0654,0.6,0.0,0.0,1.0,0.0,0.0,0.0,0.0,0.0,0.0
3323,1,0.07686504328481604,0.14810017894304733,0.0654,0.6,0.0,0.0,1.0,0.0,0.0,0.0,0.0,0.0,0.0
3324,1,0.07686504328481604,0.0344957910220529,0.0654,0.6,0.0,0.0,1.0,0.0,0.0,0.0,0.0,0.0,0.0
3325,0,0.06500179217695692,0.01817263385297442,0.22899999999999998,0.1,0.0,0.0,1.0,0.0,0.0,0.0,0.0,0.0,0.0
3326,0,0.06500179217695692,0.14810017894304733,0.22899999999999998,0.1,0.0,0.0,1.0,0.0,0.0,0.0,0.0,0.0,0.0
3327,0,0.06500179217695692,0.0344957910220529,0.22899999999999998,0.1,0.0,0.0,1.0,0.0,0.0,0.0,0.0,0.0,0.0
3328,0,0.06500179217695692,0.01817263385297442,0.22899999999999998,0.1,0.0,0.0,1.0,0.0,0.0,0.0,0.0,0.0,0.0
3329,0,0.06500179217695692,0.14810017894304733,0.22899999999999998,0.1,0.0,0.0,1.0,0.0,0.0,0.0,0.0,0.0,0.0
3330,0,0.06500179217695692,0.0344957910220529,0.22899999999999998,0.1,0.0,0.0,1.0,0.0,0.0,0.0,0.0,0.0,0.0
3331,0,0.06500179217695692,0.01817263385297442,0.22899999999999998,0.1,0.0,0.0,1.0,0.0,0.0,0.0,0.0,0.0,0.0
3332,0,0.06500179217695692,0.14810017894304733,0.22899999999999998,0.1,0.0,0.0,1.0,0.0,0.0,0.0,0.0,0.0,0.0
3333,0,0.06500179217695692,0.0344957910220529,0.22899999999999998,0.1,0.0,0.0,1.0,0.0,0.0,0.0,0.0,0.0,0.0
3334,0,0.06044014397296115,0.01817263385297442,0.45380000000000004,-1.2,0.0,0.0,1.0,0.0,0.0,0.0,0.0,0.0,0.0
3335,0,0.06044014397296115,0.14810017894304733,0.45380000000000004,-1.2,0.0,0.0,1.0,0.0,0.0,0.0,0.0,0.0,0.0
3336,0,0.06044014397296115,0.0344957910220529,0.45380000000000004,-1.2,0.0,0.0,1.0,0.0,0.0,0.0,0.0,0.0,0.0
3337,0,0.06044014397296115,0.01817263385297442,0.45380000000000004,-1.2,0.0,0.0,1.0,0.0,0.0,0.0,0.0,0.0,0.0
3338,0,0.06044014397296115,0.14810017894304733,0.45380000000000004,-1.2,0.0,0.0,1.0,0.0,0.0,0.0,0.0,0.0,0.0
3339,0,0.06044014397296115,0.0344957910220529,0.45380000000000004,-1.2,0.0,0.0,1.0,0.0,0.0,0.0,0.0,0.0,0.0
3340,0,0.06044014397296115,0.01817263385297442,0.45380000000000004,-1.2,0.0,0.0,1.0,0.0,0.0,0.0,0.0,0.0,0.0
3341,0,0.06044014397296115,0.14810017894304733,0.45380000000000004,-1.2,0.0,0.0,1.0,0.0,0.0,0.0,0.0,0.0,0.0
3342,0,0.06044014397296115,0.0344957910220529,0.45380000000000004,-1.2,0.0,0.0,1.0,0.0,0.0,0.0,0.0,0.0,0.0
3343,1,0.07047386345052109,0.01817263385297442,0.1818,-1.2,0.0,0.0,1.0,0.0,0.0,0.0,0.0,0.0,0.0
3344,1,0.07047386345052109,0.14810017894304733,0.1818,-1.2,0.0,0.0,1.0,0.0,0.0,0.0,0.0,0.0,0.0
3345,1,0.07047386345052109,0.0344957910220529,0.1818,-1.2,0.0,0.0,1.0,0.0,0.0,0.0,0.0,0.0,0.0
3346,1,0.07047386345052109,0.01817263385297442,0.1818,-1.2,0.0,0.0,1.0,0.0,0.0,0.0,0.0,0.0,0.0
3347,1,0.07047386345052109,0.14810017894304733,0.1818,-1.2,0.0,0.0,1.0,0.0,0.0,0.0,0.0,0.0,0.0
3348,1,0.07047386345052109,0.0344957910220529,0.1818,-1.2,0.0,0.0,1.0,0.0,0.0,0.0,0.0,0.0,0.0
3349,1,0.07047386345052109,0.01817263385297442,0.1818,-1.2,0.0,0.0,1.0,0.0,0.0,0.0,0.0,0.0,0.0
3350,1,0.07047386345052109,0.14810017894304733,0.1818,-1.2,0.0,0.0,1.0,0.0,0.0,0.0,0.0,0.0,0.0
3351,1,0.07047386345052109,0.0344957910220529,0.1818,-1.2,0.0,0.0,1.0,0.0,0.0,0.0,0.0,0.0,0.0
3352,0,0.0622698168307589,0.01817263385297442,0.15,-0.8,0.0,0.0,1.0,0.0,0.0,0.0,0.0,0.0,0.0
3353,0,0.0622698168307589,0.14810017894304733,0.15,-0.8,0.0,0.0,1.0,0.0,0.0,0.0,0.0,0.0,0.0
3354,0,0.0622698168307589,0.0344957910220529,0.15,-0.8,0.0,0.0,1.0,0.0,0.0,0.0,0.0,0.0,0.0
3355,0,0.0622698168307589,0.01817263385297442,0.15,-0.8,0.0,0.0,1.0,0.0,0.0,0.0,0.0,0.0,0.0
3356,0,0.0622698168307589,0.14810017894304733,0.15,-0.8,0.0,0.0,1.0,0.0,0.0,0.0,0.0,0.0,0.0
3357,0,0.0622698168307589,0.0344957910220529,0.15,-0.8,0.0,0.0,1.0,0.0,0.0,0.0,0.0,0.0,0.0
3358,0,0.0622698168307589,0.01817263385297442,0.15,-0.8,0.0,0.0,1.0,0.0,0.0,0.0,0.0,0.0,0.0
3359,0,0.0622698168307589,0.14810017894304733,0.15,-0.8,0.0,0.0,1.0,0.0,0.0,0.0,0.0,0.0,0.0
3360,0,0.0622698168307589,0.0344957910220529,0.15,-0.8,0.0,0.0,1.0,0.0,0.0,0.0,0.0,0.0,0.0
3361,1,0.06857816673713919,0.01817263385297442,0.33899999999999997,1.2,0.0,0.0,1.0,0.0,0.0,0.0,0.0,0.0,0.0
3362,1,0.06857816673713919,0.14810017894304733,0.33899999999999997,1.2,0.0,0.0,1.0,0.0,0.0,0.0,0.0,0.0,0.0
3363,1,0.06857816673713919,0.0344957910220529,0.33899999999999997,1.2,0.0,0.0,1.0,0.0,0.0,0.0,0.0,0.0,0.0
3364,1,0.06857816673713919,0.01817263385297442,0.33899999999999997,1.2,0.0,0.0,1.0,0.0,0.0,0.0,0.0,0.0,0.0
3365,1,0.06857816673713919,0.14810017894304733,0.33899999999999997,1.2,0.0,0.0,1.0,0.0,0.0,0.0,0.0,0.0,0.0
3366,1,0.06857816673713919,0.0344957910220529,0.33899999999999997,1.2,0.0,0.0,1.0,0.0,0.0,0.0,0.0,0.0,0.0
3367,1,0.06857816673713919,0.01817263385297442,0.33899999999999997,1.2,0.0,0.0,1.0,0.0,0.0,0.0,0.0,0.0,0.0
3368,1,0.06857816673713919,0.14810017894304733,0.33899999999999997,1.2,0.0,0.0,1.0,0.0,0.0,0.0,0.0,0.0,0.0
3369,1,0.06857816673713919,0.0344957910220529,0.33899999999999997,1.2,0.0,0.0,1.0,0.0,0.0,0.0,0.0,0.0,0.0
3370,1,0.08283190509964024,0.01817263385297442,0.42840000000000006,-1.1,0.0,0.0,1.0,0.0,0.0,0.0,0.0,0.0,0.0
3371,1,0.08283190509964024,0.14810017894304733,0.42840000000000006,-1.1,0.0,0.0,1.0,0.0,0.0,0.0,0.0,0.0,0.0
3372,1,0.08283190509964024,0.0344957910220529,0.42840000000000006,-1.1,0.0,0.0,1.0,0.0,0.0,0.0,0.0,0.0,0.0
3373,1,0.08283190509964024,0.01817263385297442,0.42840000000000006,-1.1,0.0,0.0,1.0,0.0,0.0,0.0,0.0,0.0,0.0
3374,1,0.08283190509964024,0.14810017894304733,0.42840000000000006,-1.1,0.0,0.0,1.0,0.0,0.0,0.0,0.0,0.0,0.0
3375,1,0.08283190509964024,0.0344957910220529,0.42840000000000006,-1.1,0.0,0.0,1.0,0.0,0.0,0.0,0.0,0.0,0.0
3376,1,0.08283190509964024,0.01817263385297442,0.42840000000000006,-1.1,0.0,0.0,1.0,0.0,0.0,0.0,0.0,0.0,0.0
3377,1,0.08283190509964024,0.14810017894304733,0.42840000000000006,-1.1,0.0,0.0,1.0,0.0,0.0,0.0,0.0,0.0,0.0
3378,1,0.08283190509964024,0.0344957910220529,0.42840000000000006,-1.1,0.0,0.0,1.0,0.0,0.0,0.0,0.0,0.0,0.0
3379,1,0.04316738537340692,0.02722697219682359,0.12240000000000001,0.6,0.0,0.0,0.0,0.0,0.0,0.0,1.0,0.0,0.0
3380,0,0.033230689187368496,0.02722697219682359,0.1376,0.0,0.0,0.0,0.0,0.0,0.0,0.0,1.0,0.0,0.0
3381,1,0.04002436739260425,0.02722697219682359,0.15839999999999999,0.1,0.0,0.0,0.0,0.0,0.0,0.0,1.0,0.0,0.0
3382,1,0.0448176993080135,0.02722697219682359,0.3452,2.5,0.0,0.0,0.0,0.0,0.0,0.0,1.0,0.0,0.0
3383,1,0.049379629967006435,0.02722697219682359,0.2488,-0.5,0.0,0.0,0.0,0.0,0.0,0.0,1.0,0.0,0.0
3384,0,0.04496055092282284,0.02722697219682359,0.207,-0.8,0.0,0.0,0.0,0.0,0.0,0.0,1.0,0.0,0.0
3385,0,0.04333219786424478,0.02722697219682359,0.2116,-0.3,0.0,0.0,0.0,0.0,0.0,0.0,1.0,0.0,0.0
3386,1,0.04871875588742135,0.02722697219682359,0.198,1.6,0.0,0.0,0.0,0.0,0.0,0.0,1.0,0.0,0.0
3387,0,0.04769231442777301,0.02722697219682359,0.0864,0.7,0.0,0.0,0.0,0.0,0.0,0.0,1.0,0.0,0.0
3388,1,0.04986679422334338,0.02722697219682359,0.2018,-1.7,0.0,0.0,0.0,0.0,0.0,0.0,1.0,0.0,0.0
3389,0,0.04959401330984438,0.02722697219682359,0.1378,0.2,0.0,0.0,0.0,0.0,0.0,0.0,1.0,0.0,0.0
3390,0,0.04794913663393296,0.02722697219682359,0.0834,0.6,0.0,0.0,0.0,0.0,0.0,0.0,1.0,0.0,0.0
3391,1,0.05720130313437486,0.02722697219682359,0.2144,2.3,0.0,0.0,0.0,0.0,0.0,0.0,1.0,0.0,0.0
3392,1,0.05848703828140822,0.02722697219682359,0.1864,0.5,0.0,0.0,0.0,0.0,0.0,0.0,1.0,0.0,0.0
3393,0,0.05427972987133892,0.02722697219682359,0.0834,0.3,0.0,0.0,0.0,0.0,0.0,0.0,1.0,0.0,0.0
3394,0,0.0517466734568848,0.02722697219682359,0.107,1.3,0.0,0.0,0.0,0.0,0.0,0.0,1.0,0.0,0.0
3395,0,0.04742723041294638,0.02722697219682359,0.1882,-0.9,0.0,0.0,0.0,0.0,0.0,0.0,1.0,0.0,0.0
3396,1,0.05221251236093681,0.02722697219682359,0.1804,-0.2,0.0,0.0,0.0,0.0,0.0,0.0,1.0,0.0,0.0
3397,0,0.05057074268999406,0.02722697219682359,0.19940000000000002,2.2,0.0,0.0,0.0,0.0,0.0,0.0,1.0,0.0,0.0
3398,1,0.05289068680909742,0.02722697219682359,0.1524,-1.5,0.0,0.0,0.0,0.0,0.0,0.0,1.0,0.0,0.0
3399,1,0.05403328788632429,0.02722697219682359,0.195,-1.7,0.0,0.0,0.0,0.0,0.0,0.0,1.0,0.0,0.0
3400,0,0.05125668465057633,0.02722697219682359,0.1244,-0.6,0.0,0.0,0.0,0.0,0.0,0.0,1.0,0.0,0.0
3401,0,0.04343063343075206,0.02722697219682359,0.265,-0.1,0.0,0.0,0.0,0.0,0.0,0.0,1.0,0.0,0.0
3402,1,0.04545385857534784,0.02722697219682359,0.491,0.9,0.0,0.0,0.0,0.0,0.0,0.0,1.0,0.0,0.0
3403,1,0.04600231556606665,0.02722697219682359,0.057999999999999996,0.3,0.0,0.0,0.0,0.0,0.0,0.0,1.0,0.0,0.0
3404,1,0.05135088339212634,0.02722697219682359,0.1444,0.6,0.0,0.0,0.0,0.0,0.0,0.0,1.0,0.0,0.0
3405,0,0.043779324124735515,0.02722697219682359,0.0706,-0.9,0.0,0.0,0.0,0.0,0.0,0.0,1.0,0.0,0.0
3406,1,0.04649752978982241,0.02722697219682359,0.2086,0.6,0.0,0.0,0.0,0.0,0.0,0.0,1.0,0.0,0.0
3407,1,0.049368684835866816,0.02722697219682359,0.099,-1.6,0.0,0.0,0.0,0.0,0.0,0.0,1.0,0.0,0.0
3408,0,0.04697466689376049,0.02722697219682359,0.0766,-0.9,0.0,0.0,0.0,0.0,0.0,0.0,1.0,0.0,0.0
3409,1,0.05067341508145861,0.02722697219682359,0.0724,1.5,0.0,0.0,0.0,0.0,0.0,0.0,1.0,0.0,0.0
3410,0,0.04307756468431276,0.02722697219682359,0.1866,-1.4,0.0,0.0,0.0,0.0,0.0,0.0,1.0,0.0,0.0
3411,1,0.04478931258079978,0.02722697219682359,0.5770000000000001,-0.8,0.0,0.0,0.0,0.0,0.0,0.0,1.0,0.0,0.0
3412,1,0.047894552205733444,0.02722697219682359,0.1202,-0.6,0.0,0.0,0.0,0.0,0.0,0.0,1.0,0.0,0.0
3413,0,0.04756344433532266,0.02722697219682359,0.35200000000000004,-0.5,0.0,0.0,0.0,0.0,0.0,0.0,1.0,0.0,0.0
3414,1,0.05320364694594122,0.02722697219682359,0.3858,0.5,0.0,0.0,0.0,0.0,0.0,0.0,1.0,0.0,0.0
3415,1,0.05793335587324211,0.02722697219682359,0.3322,2.2,0.0,0.0,0.0,0.0,0.0,0.0,1.0,0.0,0.0
3416,1,0.06812532076295615,0.02722697219682359,0.45439999999999997,-0.7,0.0,0.0,0.0,0.0,0.0,0.0,1.0,0.0,0.0
3417,0,0.06760595663694392,0.02722697219682359,0.4104,-1.1,0.0,0.0,0.0,0.0,0.0,0.0,1.0,0.0,0.0
3418,1,0.0720419829809566,0.02722697219682359,0.11,0.6,0.0,0.0,0.0,0.0,0.0,0.0,1.0,0.0,0.0
3419,0,0.05382363566468863,0.02722697219682359,0.40659999999999996,0.1,0.0,0.0,0.0,0.0,0.0,0.0,1.0,0.0,0.0
3420,1,0.07624773788854157,0.02722697219682359,0.5376,-1.2,0.0,0.0,0.0,0.0,0.0,0.0,1.0,0.0,0.0
3421,0,0.06413098342073903,0.02722697219682359,0.132,-1.2,0.0,0.0,0.0,0.0,0.0,0.0,1.0,0.0,0.0
3422,1,0.07138386283759374,0.02722697219682359,0.13019999999999998,-0.8,0.0,0.0,0.0,0.0,0.0,0.0,1.0,0.0,0.0
3423,0,0.06682666329980311,0.02722697219682359,0.41259999999999997,1.2,0.0,0.0,0.0,0.0,0.0,0.0,1.0,0.0,0.0
3424,0,0.059862735345034314,0.02722697219682359,0.5256000000000001,-1.1,0.0,0.0,0.0,0.0,0.0,0.0,1.0,0.0,0.0
3425,1,0.060897085544602894,0.13551952962217376,0.1016,0.6,0.0,0.0,0.0,0.0,0.0,0.0,0.0,0.0,1.0
3426,1,0.060897085544602894,0.118549935358491,0.1016,0.6,0.0,0.0,0.0,0.0,0.0,0.0,0.0,0.0,1.0
3427,1,0.060897085544602894,0.13551952962217376,0.1016,0.6,0.0,0.0,0.0,0.0,0.0,0.0,0.0,0.0,1.0
3428,1,0.060897085544602894,0.118549935358491,0.1016,0.6,0.0,0.0,0.0,0.0,0.0,0.0,0.0,0.0,1.0
3429,1,0.07647483170625133,0.13551952962217376,0.1656,0.0,0.0,0.0,0.0,0.0,0.0,0.0,0.0,0.0,1.0
3430,1,0.07647483170625133,0.118549935358491,0.1656,0.0,0.0,0.0,0.0,0.0,0.0,0.0,0.0,0.0,1.0
3431,1,0.07647483170625133,0.13551952962217376,0.1656,0.0,0.0,0.0,0.0,0.0,0.0,0.0,0.0,0.0,1.0
3432,1,0.07647483170625133,0.118549935358491,0.1656,0.0,0.0,0.0,0.0,0.0,0.0,0.0,0.0,0.0,1.0
3433,0,0.07206133114826148,0.13551952962217376,0.4886,0.1,0.0,0.0,0.0,0.0,0.0,0.0,0.0,0.0,1.0
3434,0,0.07206133114826148,0.118549935358491,0.4886,0.1,0.0,0.0,0.0,0.0,0.0,0.0,0.0,0.0,1.0
3435,0,0.07206133114826148,0.13551952962217376,0.4886,0.1,0.0,0.0,0.0,0.0,0.0,0.0,0.0,0.0,1.0
3436,0,0.07206133114826148,0.118549935358491,0.4886,0.1,0.0,0.0,0.0,0.0,0.0,0.0,0.0,0.0,1.0
3437,0,0.0603205948954168,0.13551952962217376,0.5682,2.5,0.0,0.0,0.0,0.0,0.0,0.0,0.0,0.0,1.0
3438,0,0.0603205948954168,0.118549935358491,0.5682,2.5,0.0,0.0,0.0,0.0,0.0,0.0,0.0,0.0,1.0
3439,0,0.0603205948954168,0.13551952962217376,0.5682,2.5,0.0,0.0,0.0,0.0,0.0,0.0,0.0,0.0,1.0
3440,0,0.0603205948954168,0.118549935358491,0.5682,2.5,0.0,0.0,0.0,0.0,0.0,0.0,0.0,0.0,1.0
3441,1,0.0691754884423652,0.13551952962217376,0.1202,-0.5,0.0,0.0,0.0,0.0,0.0,0.0,0.0,0.0,1.0
3442,1,0.0691754884423652,0.118549935358491,0.1202,-0.5,0.0,0.0,0.0,0.0,0.0,0.0,0.0,0.0,1.0
3443,1,0.0691754884423652,0.13551952962217376,0.1202,-0.5,0.0,0.0,0.0,0.0,0.0,0.0,0.0,0.0,1.0
3444,1,0.0691754884423652,0.118549935358491,0.1202,-0.5,0.0,0.0,0.0,0.0,0.0,0.0,0.0,0.0,1.0
3445,0,0.06633935781596757,0.13551952962217376,0.044199999999999996,-0.8,0.0,0.0,0.0,0.0,0.0,0.0,0.0,0.0,1.0
3446,0,0.06633935781596757,0.118549935358491,0.044199999999999996,-0.8,0.0,0.0,0.0,0.0,0.0,0.0,0.0,0.0,1.0
3447,0,0.06633935781596757,0.13551952962217376,0.044199999999999996,-0.8,0.0,0.0,0.0,0.0,0.0,0.0,0.0,0.0,1.0
3448,0,0.06633935781596757,0.118549935358491,0.044199999999999996,-0.8,0.0,0.0,0.0,0.0,0.0,0.0,0.0,0.0,1.0
3449,1,0.07460533269385522,0.13551952962217376,0.139,-0.3,0.0,0.0,0.0,0.0,0.0,0.0,0.0,0.0,1.0
3450,1,0.07460533269385522,0.118549935358491,0.139,-0.3,0.0,0.0,0.0,0.0,0.0,0.0,0.0,0.0,1.0
3451,1,0.07460533269385522,0.13551952962217376,0.139,-0.3,0.0,0.0,0.0,0.0,0.0,0.0,0.0,0.0,1.0
3452,1,0.07460533269385522,0.118549935358491,0.139,-0.3,0.0,0.0,0.0,0.0,0.0,0.0,0.0,0.0,1.0
3453,1,0.0804565291873459,0.13551952962217376,0.027999999999999997,1.6,0.0,0.0,0.0,0.0,0.0,0.0,0.0,0.0,1.0
3454,1,0.0804565291873459,0.118549935358491,0.027999999999999997,1.6,0.0,0.0,0.0,0.0,0.0,0.0,0.0,0.0,1.0
3455,1,0.0804565291873459,0.13551952962217376,0.027999999999999997,1.6,0.0,0.0,0.0,0.0,0.0,0.0,0.0,0.0,1.0
3456,1,0.0804565291873459,0.118549935358491,0.027999999999999997,1.6,0.0,0.0,0.0,0.0,0.0,0.0,0.0,0.0,1.0
3457,0,0.07281188468944215,0.13551952962217376,0.008199999999999999,0.7,0.0,0.0,0.0,0.0,0.0,0.0,0.0,0.0,1.0
3458,0,0.07281188468944215,0.118549935358491,0.008199999999999999,0.7,0.0,0.0,0.0,0.0,0.0,0.0,0.0,0.0,1.0
3459,0,0.07281188468944215,0.13551952962217376,0.008199999999999999,0.7,0.0,0.0,0.0,0.0,0.0,0.0,0.0,0.0,1.0
3460,0,0.07281188468944215,0.118549935358491,0.008199999999999999,0.7,0.0,0.0,0.0,0.0,0.0,0.0,0.0,0.0,1.0
3461,1,0.07456953152296628,0.13551952962217376,0.0154,-1.7,0.0,0.0,0.0,0.0,0.0,0.0,0.0,0.0,1.0
3462,1,0.07456953152296628,0.118549935358491,0.0154,-1.7,0.0,0.0,0.0,0.0,0.0,0.0,0.0,0.0,1.0
3463,1,0.07456953152296628,0.13551952962217376,0.0154,-1.7,0.0,0.0,0.0,0.0,0.0,0.0,0.0,0.0,1.0
3464,1,0.07456953152296628,0.118549935358491,0.0154,-1.7,0.0,0.0,0.0,0.0,0.0,0.0,0.0,0.0,1.0
3465,1,0.0751004056901124,0.13551952962217376,0.1656,0.2,0.0,0.0,0.0,0.0,0.0,0.0,0.0,0.0,1.0
3466,1,0.0751004056901124,0.118549935358491,0.1656,0.2,0.0,0.0,0.0,0.0,0.0,0.0,0.0,0.0,1.0
3467,1,0.0751004056901124,0.13551952962217376,0.1656,0.2,0.0,0.0,0.0,0.0,0.0,0.0,0.0,0.0,1.0
3468,1,0.0751004056901124,0.118549935358491,0.1656,0.2,0.0,0.0,0.0,0.0,0.0,0.0,0.0,0.0,1.0
3469,1,0.0791070298247056,0.13551952962217376,0.0,0.6,0.0,0.0,0.0,0.0,0.0,0.0,0.0,0.0,1.0
3470,1,0.0791070298247056,0.118549935358491,0.0,0.6,0.0,0.0,0.0,0.0,0.0,0.0,0.0,0.0,1.0
3471,1,0.0791070298247056,0.13551952962217376,0.0,0.6,0.0,0.0,0.0,0.0,0.0,0.0,0.0,0.0,1.0
3472,1,0.0791070298247056,0.118549935358491,0.0,0.6,0.0,0.0,0.0,0.0,0.0,0.0,0.0,0.0,1.0
3473,0,0.06786652137181613,0.13551952962217376,0.1998,2.3,0.0,0.0,0.0,0.0,0.0,0.0,0.0,0.0,1.0
3474,0,0.06786652137181613,0.118549935358491,0.1998,2.3,0.0,0.0,0.0,0.0,0.0,0.0,0.0,0.0,1.0
3475,0,0.06786652137181613,0.13551952962217376,0.1998,2.3,0.0,0.0,0.0,0.0,0.0,0.0,0.0,0.0,1.0
3476,0,0.06786652137181613,0.118549935358491,0.1998,2.3,0.0,0.0,0.0,0.0,0.0,0.0,0.0,0.0,1.0
3477,1,0.07531323553046602,0.13551952962217376,0.0814,0.5,0.0,0.0,0.0,0.0,0.0,0.0,0.0,0.0,1.0
3478,1,0.07531323553046602,0.118549935358491,0.0814,0.5,0.0,0.0,0.0,0.0,0.0,0.0,0.0,0.0,1.0
3479,1,0.07531323553046602,0.13551952962217376,0.0814,0.5,0.0,0.0,0.0,0.0,0.0,0.0,0.0,0.0,1.0
3480,1,0.07531323553046602,0.118549935358491,0.0814,0.5,0.0,0.0,0.0,0.0,0.0,0.0,0.0,0.0,1.0
3481,0,0.07302400839230287,0.13551952962217376,0.001,0.3,0.0,0.0,0.0,0.0,0.0,0.0,0.0,0.0,1.0
3482,0,0.07302400839230287,0.118549935358491,0.001,0.3,0.0,0.0,0.0,0.0,0.0,0.0,0.0,0.0,1.0
3483,0,0.07302400839230287,0.13551952962217376,0.001,0.3,0.0,0.0,0.0,0.0,0.0,0.0,0.0,0.0,1.0
3484,0,0.07302400839230287,0.118549935358491,0.001,0.3,0.0,0.0,0.0,0.0,0.0,0.0,0.0,0.0,1.0
3485,0,0.05963910160103966,0.13551952962217376,0.3274,1.3,0.0,0.0,0.0,0.0,0.0,0.0,0.0,0.0,1.0
3486,0,0.05963910160103966,0.118549935358491,0.3274,1.3,0.0,0.0,0.0,0.0,0.0,0.0,0.0,0.0,1.0
3487,0,0.05963910160103966,0.13551952962217376,0.3274,1.3,0.0,0.0,0.0,0.0,0.0,0.0,0.0,0.0,1.0
3488,0,0.05963910160103966,0.118549935358491,0.3274,1.3,0.0,0.0,0.0,0.0,0.0,0.0,0.0,0.0,1.0
3489,0,0.059178558728184234,0.13551952962217376,0.6344,-0.9,0.0,0.0,0.0,0.0,0.0,0.0,0.0,0.0,1.0
3490,0,0.059178558728184234,0.118549935358491,0.6344,-0.9,0.0,0.0,0.0,0.0,0.0,0.0,0.0,0.0,1.0
3491,0,0.059178558728184234,0.13551952962217376,0.6344,-0.9,0.0,0.0,0.0,0.0,0.0,0.0,0.0,0.0,1.0
3492,0,0.059178558728184234,0.118549935358491,0.6344,-0.9,0.0,0.0,0.0,0.0,0.0,0.0,0.0,0.0,1.0
3493,1,0.07124440068275022,0.13551952962217376,0.295,-0.2,0.0,0.0,0.0,0.0,0.0,0.0,0.0,0.0,1.0
3494,1,0.07124440068275022,0.118549935358491,0.295,-0.2,0.0,0.0,0.0,0.0,0.0,0.0,0.0,0.0,1.0
3495,1,0.07124440068275022,0.13551952962217376,0.295,-0.2,0.0,0.0,0.0,0.0,0.0,0.0,0.0,0.0,1.0
3496,1,0.07124440068275022,0.118549935358491,0.295,-0.2,0.0,0.0,0.0,0.0,0.0,0.0,0.0,0.0,1.0
3497,0,0.06081983410288197,0.13551952962217376,0.4722,2.2,0.0,0.0,0.0,0.0,0.0,0.0,0.0,0.0,1.0
3498,0,0.06081983410288197,0.118549935358491,0.4722,2.2,0.0,0.0,0.0,0.0,0.0,0.0,0.0,0.0,1.0
3499,0,0.06081983410288197,0.13551952962217376,0.4722,2.2,0.0,0.0,0.0,0.0,0.0,0.0,0.0,0.0,1.0
3500,0,0.06081983410288197,0.118549935358491,0.4722,2.2,0.0,0.0,0.0,0.0,0.0,0.0,0.0,0.0,1.0
3501,1,0.061661973676889,0.13551952962217376,0.0006,-1.5,0.0,0.0,0.0,0.0,0.0,0.0,0.0,0.0,1.0
3502,1,0.061661973676889,0.118549935358491,0.0006,-1.5,0.0,0.0,0.0,0.0,0.0,0.0,0.0,0.0,1.0
3503,1,0.061661973676889,0.13551952962217376,0.0006,-1.5,0.0,0.0,0.0,0.0,0.0,0.0,0.0,0.0,1.0
3504,1,0.061661973676889,0.118549935358491,0.0006,-1.5,0.0,0.0,0.0,0.0,0.0,0.0,0.0,0.0,1.0
3505,0,0.05924119312380257,0.13551952962217376,0.045599999999999995,-1.7,0.0,0.0,0.0,0.0,0.0,0.0,0.0,0.0,1.0
3506,0,0.05924119312380257,0.118549935358491,0.045599999999999995,-1.7,0.0,0.0,0.0,0.0,0.0,0.0,0.0,0.0,1.0
3507,0,0.05924119312380257,0.13551952962217376,0.045599999999999995,-1.7,0.0,0.0,0.0,0.0,0.0,0.0,0.0,0.0,1.0
3508,0,0.05924119312380257,0.118549935358491,0.045599999999999995,-1.7,0.0,0.0,0.0,0.0,0.0,0.0,0.0,0.0,1.0
3509,1,0.061457052576455624,0.13551952962217376,0.0748,-0.6,0.0,0.0,0.0,0.0,0.0,0.0,0.0,0.0,1.0
3510,1,0.061457052576455624,0.118549935358491,0.0748,-0.6,0.0,0.0,0.0,0.0,0.0,0.0,0.0,0.0,1.0
3511,1,0.061457052576455624,0.13551952962217376,0.0748,-0.6,0.0,0.0,0.0,0.0,0.0,0.0,0.0,0.0,1.0
3512,1,0.061457052576455624,0.118549935358491,0.0748,-0.6,0.0,0.0,0.0,0.0,0.0,0.0,0.0,0.0,1.0
3513,1,0.06498526855962357,0.13551952962217376,0.16879999999999998,-0.1,0.0,0.0,0.0,0.0,0.0,0.0,0.0,0.0,1.0
3514,1,0.06498526855962357,0.118549935358491,0.16879999999999998,-0.1,0.0,0.0,0.0,0.0,0.0,0.0,0.0,0.0,1.0
3515,1,0.06498526855962357,0.13551952962217376,0.16879999999999998,-0.1,0.0,0.0,0.0,0.0,0.0,0.0,0.0,0.0,1.0
3516,1,0.06498526855962357,0.118549935358491,0.16879999999999998,-0.1,0.0,0.0,0.0,0.0,0.0,0.0,0.0,0.0,1.0
3517,1,0.06915183283635376,0.13551952962217376,0.2738,0.9,0.0,0.0,0.0,0.0,0.0,0.0,0.0,0.0,1.0
3518,1,0.06915183283635376,0.118549935358491,0.2738,0.9,0.0,0.0,0.0,0.0,0.0,0.0,0.0,0.0,1.0
3519,1,0.06915183283635376,0.13551952962217376,0.2738,0.9,0.0,0.0,0.0,0.0,0.0,0.0,0.0,0.0,1.0
3520,1,0.06915183283635376,0.118549935358491,0.2738,0.9,0.0,0.0,0.0,0.0,0.0,0.0,0.0,0.0,1.0
3521,1,0.0706262479214843,0.13551952962217376,0.1116,0.3,0.0,0.0,0.0,0.0,0.0,0.0,0.0,0.0,1.0
3522,1,0.0706262479214843,0.118549935358491,0.1116,0.3,0.0,0.0,0.0,0.0,0.0,0.0,0.0,0.0,1.0
3523,1,0.0706262479214843,0.13551952962217376,0.1116,0.3,0.0,0.0,0.0,0.0,0.0,0.0,0.0,0.0,1.0
3524,1,0.0706262479214843,0.118549935358491,0.1116,0.3,0.0,0.0,0.0,0.0,0.0,0.0,0.0,0.0,1.0
3525,1,0.07095573167566145,0.13551952962217376,0.3014,0.6,0.0,0.0,0.0,0.0,0.0,0.0,0.0,0.0,1.0
3526,1,0.07095573167566145,0.118549935358491,0.3014,0.6,0.0,0.0,0.0,0.0,0.0,0.0,0.0,0.0,1.0
3527,1,0.07095573167566145,0.13551952962217376,0.3014,0.6,0.0,0.0,0.0,0.0,0.0,0.0,0.0,0.0,1.0
3528,1,0.07095573167566145,0.118549935358491,0.3014,0.6,0.0,0.0,0.0,0.0,0.0,0.0,0.0,0.0,1.0
3529,0,0.06740131799150771,0.13551952962217376,0.1636,-0.9,0.0,0.0,0.0,0.0,0.0,0.0,0.0,0.0,1.0
3530,0,0.06740131799150771,0.118549935358491,0.1636,-0.9,0.0,0.0,0.0,0.0,0.0,0.0,0.0,0.0,1.0
3531,0,0.06740131799150771,0.13551952962217376,0.1636,-0.9,0.0,0.0,0.0,0.0,0.0,0.0,0.0,0.0,1.0
3532,0,0.06740131799150771,0.118549935358491,0.1636,-0.9,0.0,0.0,0.0,0.0,0.0,0.0,0.0,0.0,1.0
3533,1,0.06916878013618286,0.13551952962217376,0.2982,0.6,0.0,0.0,0.0,0.0,0.0,0.0,0.0,0.0,1.0
3534,1,0.06916878013618286,0.118549935358491,0.2982,0.6,0.0,0.0,0.0,0.0,0.0,0.0,0.0,0.0,1.0
3535,1,0.06916878013618286,0.13551952962217376,0.2982,0.6,0.0,0.0,0.0,0.0,0.0,0.0,0.0,0.0,1.0
3536,1,0.06916878013618286,0.118549935358491,0.2982,0.6,0.0,0.0,0.0,0.0,0.0,0.0,0.0,0.0,1.0
3537,0,0.06567156358895228,0.13551952962217376,0.16760000000000003,-1.6,0.0,0.0,0.0,0.0,0.0,0.0,0.0,0.0,1.0
3538,0,0.06567156358895228,0.118549935358491,0.16760000000000003,-1.6,0.0,0.0,0.0,0.0,0.0,0.0,0.0,0.0,1.0
3539,0,0.06567156358895228,0.13551952962217376,0.16760000000000003,-1.6,0.0,0.0,0.0,0.0,0.0,0.0,0.0,0.0,1.0
3540,0,0.06567156358895228,0.118549935358491,0.16760000000000003,-1.6,0.0,0.0,0.0,0.0,0.0,0.0,0.0,0.0,1.0
3541,1,0.06815427240016417,0.13551952962217376,0.005600000000000001,-0.9,0.0,0.0,0.0,0.0,0.0,0.0,0.0,0.0,1.0
3542,1,0.06815427240016417,0.118549935358491,0.005600000000000001,-0.9,0.0,0.0,0.0,0.0,0.0,0.0,0.0,0.0,1.0
3543,1,0.06815427240016417,0.13551952962217376,0.005600000000000001,-0.9,0.0,0.0,0.0,0.0,0.0,0.0,0.0,0.0,1.0
3544,1,0.06815427240016417,0.118549935358491,0.005600000000000001,-0.9,0.0,0.0,0.0,0.0,0.0,0.0,0.0,0.0,1.0
3545,1,0.07082410764698888,0.13551952962217376,0.17579999999999998,1.5,0.0,0.0,0.0,0.0,0.0,0.0,0.0,0.0,1.0
3546,1,0.07082410764698888,0.118549935358491,0.17579999999999998,1.5,0.0,0.0,0.0,0.0,0.0,0.0,0.0,0.0,1.0
3547,1,0.07082410764698888,0.13551952962217376,0.17579999999999998,1.5,0.0,0.0,0.0,0.0,0.0,0.0,0.0,0.0,1.0
3548,1,0.07082410764698888,0.118549935358491,0.17579999999999998,1.5,0.0,0.0,0.0,0.0,0.0,0.0,0.0,0.0,1.0
3549,1,0.07107859959942232,0.13551952962217376,0.0572,-1.4,0.0,0.0,0.0,0.0,0.0,0.0,0.0,0.0,1.0
3550,1,0.07107859959942232,0.118549935358491,0.0572,-1.4,0.0,0.0,0.0,0.0,0.0,0.0,0.0,0.0,1.0
3551,1,0.07107859959942232,0.13551952962217376,0.0572,-1.4,0.0,0.0,0.0,0.0,0.0,0.0,0.0,0.0,1.0
3552,1,0.07107859959942232,0.118549935358491,0.0572,-1.4,0.0,0.0,0.0,0.0,0.0,0.0,0.0,0.0,1.0
3553,1,0.07814004514195765,0.13551952962217376,0.37799999999999995,-0.8,0.0,0.0,0.0,0.0,0.0,0.0,0.0,0.0,1.0
3554,1,0.07814004514195765,0.118549935358491,0.37799999999999995,-0.8,0.0,0.0,0.0,0.0,0.0,0.0,0.0,0.0,1.0
3555,1,0.07814004514195765,0.13551952962217376,0.37799999999999995,-0.8,0.0,0.0,0.0,0.0,0.0,0.0,0.0,0.0,1.0
3556,1,0.07814004514195765,0.118549935358491,0.37799999999999995,-0.8,0.0,0.0,0.0,0.0,0.0,0.0,0.0,0.0,1.0
3557,0,0.06420724626996992,0.13551952962217376,0.3486,-0.6,0.0,0.0,0.0,0.0,0.0,0.0,0.0,0.0,1.0
3558,0,0.06420724626996992,0.118549935358491,0.3486,-0.6,0.0,0.0,0.0,0.0,0.0,0.0,0.0,0.0,1.0
3559,0,0.06420724626996992,0.13551952962217376,0.3486,-0.6,0.0,0.0,0.0,0.0,0.0,0.0,0.0,0.0,1.0
3560,0,0.06420724626996992,0.118549935358491,0.3486,-0.6,0.0,0.0,0.0,0.0,0.0,0.0,0.0,0.0,1.0
3561,1,0.07337735959373932,0.13551952962217376,0.6265999999999999,-0.5,0.0,0.0,0.0,0.0,0.0,0.0,0.0,0.0,1.0
3562,1,0.07337735959373932,0.118549935358491,0.6265999999999999,-0.5,0.0,0.0,0.0,0.0,0.0,0.0,0.0,0.0,1.0
3563,1,0.07337735959373932,0.13551952962217376,0.6265999999999999,-0.5,0.0,0.0,0.0,0.0,0.0,0.0,0.0,0.0,1.0
3564,1,0.07337735959373932,0.118549935358491,0.6265999999999999,-0.5,0.0,0.0,0.0,0.0,0.0,0.0,0.0,0.0,1.0
3565,1,0.07749604774845235,0.13551952962217376,0.6437999999999999,0.5,0.0,0.0,0.0,0.0,0.0,0.0,0.0,0.0,1.0
3566,1,0.07749604774845235,0.118549935358491,0.6437999999999999,0.5,0.0,0.0,0.0,0.0,0.0,0.0,0.0,0.0,1.0
3567,1,0.07749604774845235,0.13551952962217376,0.6437999999999999,0.5,0.0,0.0,0.0,0.0,0.0,0.0,0.0,0.0,1.0
3568,1,0.07749604774845235,0.118549935358491,0.6437999999999999,0.5,0.0,0.0,0.0,0.0,0.0,0.0,0.0,0.0,1.0
3569,1,0.08859822386648691,0.13551952962217376,0.33020000000000005,2.2,0.0,0.0,0.0,0.0,0.0,0.0,0.0,0.0,1.0
3570,1,0.08859822386648691,0.118549935358491,0.33020000000000005,2.2,0.0,0.0,0.0,0.0,0.0,0.0,0.0,0.0,1.0
3571,1,0.08859822386648691,0.13551952962217376,0.33020000000000005,2.2,0.0,0.0,0.0,0.0,0.0,0.0,0.0,0.0,1.0
3572,1,0.08859822386648691,0.118549935358491,0.33020000000000005,2.2,0.0,0.0,0.0,0.0,0.0,0.0,0.0,0.0,1.0
3573,1,0.09118042745044538,0.13551952962217376,0.5094,-0.7,0.0,0.0,0.0,0.0,0.0,0.0,0.0,0.0,1.0
3574,1,0.09118042745044538,0.118549935358491,0.5094,-0.7,0.0,0.0,0.0,0.0,0.0,0.0,0.0,0.0,1.0
3575,1,0.09118042745044538,0.13551952962217376,0.5094,-0.7,0.0,0.0,0.0,0.0,0.0,0.0,0.0,0.0,1.0
3576,1,0.09118042745044538,0.118549935358491,0.5094,-0.7,0.0,0.0,0.0,0.0,0.0,0.0,0.0,0.0,1.0
3577,0,0.08682624244185734,0.13551952962217376,0.252,-1.1,0.0,0.0,0.0,0.0,0.0,0.0,0.0,0.0,1.0
3578,0,0.08682624244185734,0.118549935358491,0.252,-1.1,0.0,0.0,0.0,0.0,0.0,0.0,0.0,0.0,1.0
3579,0,0.08682624244185734,0.13551952962217376,0.252,-1.1,0.0,0.0,0.0,0.0,0.0,0.0,0.0,0.0,1.0
3580,0,0.08682624244185734,0.118549935358491,0.252,-1.1,0.0,0.0,0.0,0.0,0.0,0.0,0.0,0.0,1.0
3581,1,0.08798847414138623,0.13551952962217376,0.15539999999999998,0.6,0.0,0.0,0.0,0.0,0.0,0.0,0.0,0.0,1.0
3582,1,0.08798847414138623,0.118549935358491,0.15539999999999998,0.6,0.0,0.0,0.0,0.0,0.0,0.0,0.0,0.0,1.0
3583,1,0.08798847414138623,0.13551952962217376,0.15539999999999998,0.6,0.0,0.0,0.0,0.0,0.0,0.0,0.0,0.0,1.0
3584,1,0.08798847414138623,0.118549935358491,0.15539999999999998,0.6,0.0,0.0,0.0,0.0,0.0,0.0,0.0,0.0,1.0
3585,0,0.05621461721557559,0.13551952962217376,0.42200000000000004,0.1,0.0,0.0,0.0,0.0,0.0,0.0,0.0,0.0,1.0
3586,0,0.05621461721557559,0.118549935358491,0.42200000000000004,0.1,0.0,0.0,0.0,0.0,0.0,0.0,0.0,0.0,1.0
3587,0,0.05621461721557559,0.13551952962217376,0.42200000000000004,0.1,0.0,0.0,0.0,0.0,0.0,0.0,0.0,0.0,1.0
3588,0,0.05621461721557559,0.118549935358491,0.42200000000000004,0.1,0.0,0.0,0.0,0.0,0.0,0.0,0.0,0.0,1.0
3589,1,0.07481865683045384,0.13551952962217376,0.7173999999999999,-1.2,0.0,0.0,0.0,0.0,0.0,0.0,0.0,0.0,1.0
3590,1,0.07481865683045384,0.118549935358491,0.7173999999999999,-1.2,0.0,0.0,0.0,0.0,0.0,0.0,0.0,0.0,1.0
3591,1,0.07481865683045384,0.13551952962217376,0.7173999999999999,-1.2,0.0,0.0,0.0,0.0,0.0,0.0,0.0,0.0,1.0
3592,1,0.07481865683045384,0.118549935358491,0.7173999999999999,-1.2,0.0,0.0,0.0,0.0,0.0,0.0,0.0,0.0,1.0
3593,1,0.08143163445126196,0.13551952962217376,0.4266,-1.2,0.0,0.0,0.0,0.0,0.0,0.0,0.0,0.0,1.0
3594,1,0.08143163445126196,0.118549935358491,0.4266,-1.2,0.0,0.0,0.0,0.0,0.0,0.0,0.0,0.0,1.0
3595,1,0.08143163445126196,0.13551952962217376,0.4266,-1.2,0.0,0.0,0.0,0.0,0.0,0.0,0.0,0.0,1.0
3596,1,0.08143163445126196,0.118549935358491,0.4266,-1.2,0.0,0.0,0.0,0.0,0.0,0.0,0.0,0.0,1.0
3597,0,0.06924151229794935,0.13551952962217376,0.1744,-0.8,0.0,0.0,0.0,0.0,0.0,0.0,0.0,0.0,1.0
3598,0,0.06924151229794935,0.118549935358491,0.1744,-0.8,0.0,0.0,0.0,0.0,0.0,0.0,0.0,0.0,1.0
3599,0,0.06924151229794935,0.13551952962217376,0.1744,-0.8,0.0,0.0,0.0,0.0,0.0,0.0,0.0,0.0,1.0
3600,0,0.06924151229794935,0.118549935358491,0.1744,-0.8,0.0,0.0,0.0,0.0,0.0,0.0,0.0,0.0,1.0
3601,1,0.09247385949615113,0.13551952962217376,0.332,1.2,0.0,0.0,0.0,0.0,0.0,0.0,0.0,0.0,1.0
3602,1,0.09247385949615113,0.118549935358491,0.332,1.2,0.0,0.0,0.0,0.0,0.0,0.0,0.0,0.0,1.0
3603,1,0.09247385949615113,0.13551952962217376,0.332,1.2,0.0,0.0,0.0,0.0,0.0,0.0,0.0,0.0,1.0
3604,1,0.09247385949615113,0.118549935358491,0.332,1.2,0.0,0.0,0.0,0.0,0.0,0.0,0.0,0.0,1.0
3605,1,0.09732954335218155,0.13551952962217376,0.501,-1.1,0.0,0.0,0.0,0.0,0.0,0.0,0.0,0.0,1.0
3606,1,0.09732954335218155,0.118549935358491,0.501,-1.1,0.0,0.0,0.0,0.0,0.0,0.0,0.0,0.0,1.0
3607,1,0.09732954335218155,0.13551952962217376,0.501,-1.1,0.0,0.0,0.0,0.0,0.0,0.0,0.0,0.0,1.0
3608,1,0.09732954335218155,0.118549935358491,0.501,-1.1,0.0,0.0,0.0,0.0,0.0,0.0,0.0,0.0,1.0
3609,1,0.11998885997491235,0.0588121943567271,0.0336,0.6,0.0,0.0,0.0,0.0,0.0,1.0,0.0,0.0,0.0
3610,1,0.12848496506172913,0.0588121943567271,0.3034,0.0,0.0,0.0,0.0,0.0,0.0,1.0,0.0,0.0,0.0
3611,0,0.12371331156735126,0.0588121943567271,0.0946,0.1,0.0,0.0,0.0,0.0,0.0,1.0,0.0,0.0,0.0
3612,1,0.12487180073816789,0.0588121943567271,0.2812,2.5,0.0,0.0,0.0,0.0,0.0,1.0,0.0,0.0,0.0
3613,1,0.13199877584004235,0.0588121943567271,0.1328,-0.5,0.0,0.0,0.0,0.0,0.0,1.0,0.0,0.0,0.0
3614,1,0.1365023795421235,0.0588121943567271,0.11359999999999999,-0.8,0.0,0.0,0.0,0.0,0.0,1.0,0.0,0.0,0.0
3615,0,0.13021069448057515,0.0588121943567271,0.1782,-0.3,0.0,0.0,0.0,0.0,0.0,1.0,0.0,0.0,0.0
3616,0,0.1248258311873815,0.0588121943567271,0.0236,1.6,0.0,0.0,0.0,0.0,0.0,1.0,0.0,0.0,0.0
3617,1,0.1367897775017251,0.0588121943567271,0.2186,0.7,0.0,0.0,0.0,0.0,0.0,1.0,0.0,0.0,0.0
3618,0,0.1323172438493306,0.0588121943567271,0.19,-1.7,0.0,0.0,0.0,0.0,0.0,1.0,0.0,0.0,0.0
3619,0,0.1251120287132452,0.0588121943567271,0.3998,0.2,0.0,0.0,0.0,0.0,0.0,1.0,0.0,0.0,0.0
3620,1,0.1369543781513151,0.0588121943567271,0.2332,0.6,0.0,0.0,0.0,0.0,0.0,1.0,0.0,0.0,0.0
3621,0,0.12867187965609408,0.0588121943567271,0.2158,2.3,0.0,0.0,0.0,0.0,0.0,1.0,0.0,0.0,0.0
3622,1,0.13779326949285486,0.0588121943567271,0.0286,0.5,0.0,0.0,0.0,0.0,0.0,1.0,0.0,0.0,0.0
3623,0,0.1360644330690402,0.0588121943567271,0.15380000000000002,0.3,0.0,0.0,0.0,0.0,0.0,1.0,0.0,0.0,0.0
3624,0,0.12412442481570518,0.0588121943567271,0.12619999999999998,1.3,0.0,0.0,0.0,0.0,0.0,1.0,0.0,0.0,0.0
3625,0,0.11093554179246506,0.0588121943567271,0.1568,-0.9,0.0,0.0,0.0,0.0,0.0,1.0,0.0,0.0,0.0
3626,1,0.11211980498177176,0.0588121943567271,0.0676,-0.2,0.0,0.0,0.0,0.0,0.0,1.0,0.0,0.0,0.0
3627,0,0.10402111407594707,0.0588121943567271,0.4384,2.2,0.0,0.0,0.0,0.0,0.0,1.0,0.0,0.0,0.0
3628,0,0.09457200582874133,0.0588121943567271,0.201,-1.5,0.0,0.0,0.0,0.0,0.0,1.0,0.0,0.0,0.0
3629,1,0.10024179560031149,0.0588121943567271,0.1998,-1.7,0.0,0.0,0.0,0.0,0.0,1.0,0.0,0.0,0.0
3630,1,0.10581901074656527,0.0588121943567271,0.133,-0.6,0.0,0.0,0.0,0.0,0.0,1.0,0.0,0.0,0.0
3631,0,0.09809972751566425,0.0588121943567271,0.1782,-0.1,0.0,0.0,0.0,0.0,0.0,1.0,0.0,0.0,0.0
3632,0,0.08219087348360504,0.0588121943567271,0.2336,0.9,0.0,0.0,0.0,0.0,0.0,1.0,0.0,0.0,0.0
3633,1,0.08904393785199188,0.0588121943567271,0.1168,0.3,0.0,0.0,0.0,0.0,0.0,1.0,0.0,0.0,0.0
3634,0,0.07731584146026974,0.0588121943567271,0.0492,0.6,0.0,0.0,0.0,0.0,0.0,1.0,0.0,0.0,0.0
3635,0,0.07599098629613091,0.0588121943567271,0.20559999999999998,-0.9,0.0,0.0,0.0,0.0,0.0,1.0,0.0,0.0,0.0
3636,1,0.07818544978274974,0.0588121943567271,0.4142,0.6,0.0,0.0,0.0,0.0,0.0,1.0,0.0,0.0,0.0
3637,0,0.07597177935632461,0.0588121943567271,0.0894,-1.6,0.0,0.0,0.0,0.0,0.0,1.0,0.0,0.0,0.0
3638,1,0.07915667129045496,0.0588121943567271,0.1226,-0.9,0.0,0.0,0.0,0.0,0.0,1.0,0.0,0.0,0.0
3639,1,0.08850628476491412,0.0588121943567271,0.16519999999999999,1.5,0.0,0.0,0.0,0.0,0.0,1.0,0.0,0.0,0.0
3640,0,0.08543437482964433,0.0588121943567271,0.2632,-1.4,0.0,0.0,0.0,0.0,0.0,1.0,0.0,0.0,0.0
3641,1,0.08545675938816859,0.0588121943567271,0.3148,-0.8,0.0,0.0,0.0,0.0,0.0,1.0,0.0,0.0,0.0
3642,0,0.08025287913439971,0.0588121943567271,0.3456,-0.6,0.0,0.0,0.0,0.0,0.0,1.0,0.0,0.0,0.0
3643,1,0.08864292236978613,0.0588121943567271,0.1352,-0.5,0.0,0.0,0.0,0.0,0.0,1.0,0.0,0.0,0.0
3644,1,0.0933424086123918,0.0588121943567271,0.327,0.5,0.0,0.0,0.0,0.0,0.0,1.0,0.0,0.0,0.0
3645,1,0.10149603701516247,0.0588121943567271,0.41659999999999997,2.2,0.0,0.0,0.0,0.0,0.0,1.0,0.0,0.0,0.0
3646,1,0.10301656287857797,0.0588121943567271,0.4192,-0.7,0.0,0.0,0.0,0.0,0.0,1.0,0.0,0.0,0.0
3647,0,0.08931791919922878,0.0588121943567271,0.46740000000000004,-1.1,0.0,0.0,0.0,0.0,0.0,1.0,0.0,0.0,0.0
3648,1,0.10066039390608993,0.0588121943567271,0.43560000000000004,0.6,0.0,0.0,0.0,0.0,0.0,1.0,0.0,0.0,0.0
3649,1,0.1176612189571366,0.0588121943567271,0.5197999999999999,0.1,0.0,0.0,0.0,0.0,0.0,1.0,0.0,0.0,0.0
3650,0,0.11243912035605147,0.0588121943567271,0.2394,-1.2,0.0,0.0,0.0,0.0,0.0,1.0,0.0,0.0,0.0
3651,0,0.10234050684289599,0.0588121943567271,0.1716,-1.2,0.0,0.0,0.0,0.0,0.0,1.0,0.0,0.0,0.0
3652,1,0.1112878337876622,0.0588121943567271,0.36060000000000003,-0.8,0.0,0.0,0.0,0.0,0.0,1.0,0.0,0.0,0.0
3653,1,0.12147054827621952,0.0588121943567271,0.5506,1.2,0.0,0.0,0.0,0.0,0.0,1.0,0.0,0.0,0.0
3654,0,0.11878305959207285,0.0588121943567271,0.1476,-1.1,0.0,0.0,0.0,0.0,0.0,1.0,0.0,0.0,0.0
3655,1,0.04206701131825419,0.02066876180978856,0.09300000000000001,0.6,0.0,1.0,0.0,0.0,0.0,0.0,0.0,0.0,0.0
3656,1,0.04963249780320626,0.02066876180978856,0.29960000000000003,0.0,0.0,1.0,0.0,0.0,0.0,0.0,0.0,0.0,0.0
3657,0,0.04780649686037148,0.02066876180978856,0.247,0.1,0.0,1.0,0.0,0.0,0.0,0.0,0.0,0.0,0.0
3658,0,0.029313038376878008,0.02066876180978856,0.12480000000000001,2.5,0.0,1.0,0.0,0.0,0.0,0.0,0.0,0.0,0.0
3659,0,0.025501378804068595,0.02066876180978856,0.14279999999999998,-0.5,0.0,1.0,0.0,0.0,0.0,0.0,0.0,0.0,0.0
3660,1,0.026632116771415103,0.02066876180978856,0.17980000000000002,-0.8,0.0,1.0,0.0,0.0,0.0,0.0,0.0,0.0,0.0
3661,1,0.027578411625621718,0.02066876180978856,0.1324,-0.3,0.0,1.0,0.0,0.0,0.0,0.0,0.0,0.0,0.0
3662,1,0.029999968929950313,0.02066876180978856,0.34979999999999994,1.6,0.0,1.0,0.0,0.0,0.0,0.0,0.0,0.0,0.0
3663,0,0.02920069190176102,0.02066876180978856,0.3432,0.7,0.0,1.0,0.0,0.0,0.0,0.0,0.0,0.0,0.0
3664,1,0.03242378587425612,0.02066876180978856,0.1446,-1.7,0.0,1.0,0.0,0.0,0.0,0.0,0.0,0.0,0.0
3665,1,0.03253302534440444,0.02066876180978856,0.187,0.2,0.0,1.0,0.0,0.0,0.0,0.0,0.0,0.0,0.0
3666,1,0.033112622998559195,0.02066876180978856,0.1018,0.6,0.0,1.0,0.0,0.0,0.0,0.0,0.0,0.0,0.0
3667,1,0.03360769599481639,0.02066876180978856,0.0674,2.3,0.0,1.0,0.0,0.0,0.0,0.0,0.0,0.0,0.0
3668,0,0.03355282911161972,0.02066876180978856,0.36219999999999997,0.5,0.0,1.0,0.0,0.0,0.0,0.0,0.0,0.0,0.0
3669,1,0.035684587588870935,0.02066876180978856,0.11699999999999999,0.3,0.0,1.0,0.0,0.0,0.0,0.0,0.0,0.0,0.0
3670,0,0.03253168368316797,0.02066876180978856,0.193,1.3,0.0,1.0,0.0,0.0,0.0,0.0,0.0,0.0,0.0
3671,0,0.030793314403199424,0.02066876180978856,0.3454,-0.9,0.0,1.0,0.0,0.0,0.0,0.0,0.0,0.0,0.0
3672,0,0.027769916113690396,0.02066876180978856,0.11939999999999999,-0.2,0.0,1.0,0.0,0.0,0.0,0.0,0.0,0.0,0.0
3673,1,0.03165515521325776,0.02066876180978856,0.3398,2.2,0.0,1.0,0.0,0.0,0.0,0.0,0.0,0.0,0.0
3674,0,0.03045648681909633,0.02066876180978856,0.316,-1.5,0.0,1.0,0.0,0.0,0.0,0.0,0.0,0.0,0.0
3675,1,0.030491934921238837,0.02066876180978856,0.08439999999999999,-1.7,0.0,1.0,0.0,0.0,0.0,0.0,0.0,0.0,0.0
3676,1,0.03153673595570202,0.02066876180978856,0.24420000000000003,-0.6,0.0,1.0,0.0,0.0,0.0,0.0,0.0,0.0,0.0
3677,1,0.03329798409043983,0.02066876180978856,0.128,-0.1,0.0,1.0,0.0,0.0,0.0,0.0,0.0,0.0,0.0
3678,1,0.03462156820709148,0.02066876180978856,0.1298,0.9,0.0,1.0,0.0,0.0,0.0,0.0,0.0,0.0,0.0
3679,0,0.03351250866077635,0.02066876180978856,0.1152,0.3,0.0,1.0,0.0,0.0,0.0,0.0,0.0,0.0,0.0
3680,1,0.03482655992127414,0.02066876180978856,0.195,0.6,0.0,1.0,0.0,0.0,0.0,0.0,0.0,0.0,0.0
3681,0,0.030742331276213588,0.02066876180978856,0.36939999999999995,-0.9,0.0,1.0,0.0,0.0,0.0,0.0,0.0,0.0,0.0
3682,1,0.032241390559845574,0.02066876180978856,0.3518,0.6,0.0,1.0,0.0,0.0,0.0,0.0,0.0,0.0,0.0
3683,1,0.036493468086963375,0.02066876180978856,0.109,-1.6,0.0,1.0,0.0,0.0,0.0,0.0,0.0,0.0,0.0
3684,1,0.041445186642025296,0.02066876180978856,0.1474,-0.9,0.0,1.0,0.0,0.0,0.0,0.0,0.0,0.0,0.0
3685,1,0.04404518489080431,0.02066876180978856,0.2696,1.5,0.0,1.0,0.0,0.0,0.0,0.0,0.0,0.0,0.0
3686,0,0.03978428064502553,0.02066876180978856,0.1832,-1.4,0.0,1.0,0.0,0.0,0.0,0.0,0.0,0.0,0.0
3687,1,0.045231990175085376,0.02066876180978856,0.49,-0.8,0.0,1.0,0.0,0.0,0.0,0.0,0.0,0.0,0.0
3688,0,0.03849084859931979,0.02066876180978856,0.1804,-0.6,0.0,1.0,0.0,0.0,0.0,0.0,0.0,0.0,0.0
3689,1,0.03951404182650089,0.02066876180978856,0.12960000000000002,-0.5,0.0,1.0,0.0,0.0,0.0,0.0,0.0,0.0,0.0
3690,1,0.040958304840685494,0.02066876180978856,0.41600000000000004,0.5,0.0,1.0,0.0,0.0,0.0,0.0,0.0,0.0,0.0
3691,1,0.053234293313132154,0.02066876180978856,0.445,2.2,0.0,1.0,0.0,0.0,0.0,0.0,0.0,0.0,0.0
3692,0,0.04999474633705298,0.02066876180978856,0.1528,-0.7,0.0,1.0,0.0,0.0,0.0,0.0,0.0,0.0,0.0
3693,1,0.05291716696508037,0.02066876180978856,0.1646,-1.1,0.0,1.0,0.0,0.0,0.0,0.0,0.0,0.0,0.0
3694,0,0.048840564604942904,0.02066876180978856,0.4546,0.6,0.0,1.0,0.0,0.0,0.0,0.0,0.0,0.0,0.0
3695,0,0.038929571823645266,0.02066876180978856,0.1184,0.1,0.0,1.0,0.0,0.0,0.0,0.0,0.0,0.0,0.0
3696,1,0.056214546601826294,0.02066876180978856,0.3624,-1.2,0.0,1.0,0.0,0.0,0.0,0.0,0.0,0.0,0.0
3697,0,0.04721793126005716,0.02066876180978856,0.16899999999999998,-1.2,0.0,1.0,0.0,0.0,0.0,0.0,0.0,0.0,0.0
3698,1,0.05273872602062995,0.02066876180978856,0.2036,-0.8,0.0,1.0,0.0,0.0,0.0,0.0,0.0,0.0,0.0
3699,0,0.05175641815428652,0.02066876180978856,0.4428,1.2,0.0,1.0,0.0,0.0,0.0,0.0,0.0,0.0,0.0
3700,0,0.05154048130896425,0.02066876180978856,0.3396,-1.1,0.0,1.0,0.0,0.0,0.0,0.0,0.0,0.0,0.0
3701,1,0.018849281166155,0.0640255996483016,0.1334,0.6,0.0,0.0,0.0,0.0,0.0,0.0,0.0,1.0,0.0
3702,0,0.01818233430413116,0.0640255996483016,0.12119999999999999,0.0,0.0,0.0,0.0,0.0,0.0,0.0,0.0,1.0,0.0
3703,0,0.01014889050264844,0.0640255996483016,0.155,0.1,0.0,0.0,0.0,0.0,0.0,0.0,0.0,1.0,0.0
3704,1,0.010341666038204298,0.0640255996483016,0.1604,2.5,0.0,0.0,0.0,0.0,0.0,0.0,0.0,1.0,0.0
3705,1,0.010925571131065615,0.0640255996483016,0.11699999999999999,-0.5,0.0,0.0,0.0,0.0,0.0,0.0,0.0,1.0,0.0
3706,1,0.012991800048977696,0.0640255996483016,0.18960000000000002,-0.8,0.0,0.0,0.0,0.0,0.0,0.0,0.0,1.0,0.0
3707,0,0.012155238961164416,0.0640255996483016,0.1784,-0.3,0.0,0.0,0.0,0.0,0.0,0.0,0.0,1.0,0.0
3708,1,0.014244699802592202,0.0640255996483016,0.4286,1.6,0.0,0.0,0.0,0.0,0.0,0.0,0.0,1.0,0.0
3709,1,0.015798767196919434,0.0640255996483016,0.19039999999999999,0.7,0.0,0.0,0.0,0.0,0.0,0.0,0.0,1.0,0.0
3710,0,0.014802477808217012,0.0640255996483016,0.20679999999999998,-1.7,0.0,0.0,0.0,0.0,0.0,0.0,0.0,1.0,0.0
3711,1,0.01578598610829833,0.0640255996483016,0.1452,0.2,0.0,0.0,0.0,0.0,0.0,0.0,0.0,1.0,0.0
3712,0,0.015666154575756833,0.0640255996483016,0.12480000000000001,0.6,0.0,0.0,0.0,0.0,0.0,0.0,0.0,1.0,0.0
3713,1,0.01606448673548965,0.0640255996483016,0.045,2.3,0.0,0.0,0.0,0.0,0.0,0.0,0.0,1.0,0.0
3714,1,0.01611003260378032,0.0640255996483016,0.3618,0.5,0.0,0.0,0.0,0.0,0.0,0.0,0.0,1.0,0.0
3715,0,0.01583026092910182,0.0640255996483016,0.1348,0.3,0.0,0.0,0.0,0.0,0.0,0.0,0.0,1.0,0.0
3716,0,0.014895123047282684,0.0640255996483016,0.051399999999999994,1.3,0.0,0.0,0.0,0.0,0.0,0.0,0.0,1.0,0.0
3717,1,0.017412503209394904,0.0640255996483016,0.3508,-0.9,0.0,0.0,0.0,0.0,0.0,0.0,0.0,1.0,0.0
3718,0,0.015776382638395182,0.0640255996483016,0.07339999999999999,-0.2,0.0,0.0,0.0,0.0,0.0,0.0,0.0,1.0,0.0
3719,1,0.016379424057313508,0.0640255996483016,0.5064,2.2,0.0,0.0,0.0,0.0,0.0,0.0,0.0,1.0,0.0
3720,0,0.016163345984492657,0.0640255996483016,0.35259999999999997,-1.5,0.0,0.0,0.0,0.0,0.0,0.0,0.0,1.0,0.0
3721,0,0.016055518789330092,0.0640255996483016,0.12960000000000002,-1.7,0.0,0.0,0.0,0.0,0.0,0.0,0.0,1.0,0.0
3722,1,0.017185550619183722,0.0640255996483016,0.1882,-0.6,0.0,0.0,0.0,0.0,0.0,0.0,0.0,1.0,0.0
3723,0,0.016822101651599104,0.0640255996483016,0.099,-0.1,0.0,0.0,0.0,0.0,0.0,0.0,0.0,1.0,0.0
3724,0,0.016539929109444816,0.0640255996483016,0.051399999999999994,0.9,0.0,0.0,0.0,0.0,0.0,0.0,0.0,1.0,0.0
3725,1,0.017585718736398026,0.0640255996483016,0.10039999999999999,0.3,0.0,0.0,0.0,0.0,0.0,0.0,0.0,1.0,0.0
3726,0,0.016564361466698416,0.0640255996483016,0.1494,0.6,0.0,0.0,0.0,0.0,0.0,0.0,0.0,1.0,0.0
3727,0,0.016373563116122616,0.0640255996483016,0.4224,-0.9,0.0,0.0,0.0,0.0,0.0,0.0,0.0,1.0,0.0
3728,0,0.015580923780366384,0.0640255996483016,0.1396,0.6,0.0,0.0,0.0,0.0,0.0,0.0,0.0,1.0,0.0
3729,1,0.015646947635950533,0.0640255996483016,0.2638,-1.6,0.0,0.0,0.0,0.0,0.0,0.0,0.0,1.0,0.0
3730,1,0.015706545640349488,0.0640255996483016,0.1884,-0.9,0.0,0.0,0.0,0.0,0.0,0.0,0.0,1.0,0.0
3731,1,0.01792819542044415,0.0640255996483016,0.4482,1.5,0.0,0.0,0.0,0.0,0.0,0.0,0.0,1.0,0.0
3732,0,0.012511626553820246,0.0640255996483016,0.08439999999999999,-1.4,0.0,0.0,0.0,0.0,0.0,0.0,0.0,1.0,0.0
3733,1,0.015170728510753203,0.0640255996483016,0.5226,-0.8,0.0,0.0,0.0,0.0,0.0,0.0,0.0,1.0,0.0
3734,1,0.016480542946293725,0.0640255996483016,0.1226,-0.6,0.0,0.0,0.0,0.0,0.0,0.0,0.0,1.0,0.0
3735,1,0.01688798427968468,0.0640255996483016,0.444,-0.5,0.0,0.0,0.0,0.0,0.0,0.0,0.0,1.0,0.0
3736,0,0.016828174434037863,0.0640255996483016,0.2528,0.5,0.0,0.0,0.0,0.0,0.0,0.0,0.0,1.0,0.0
3737,1,0.01708231331772487,0.0640255996483016,0.6198,2.2,0.0,0.0,0.0,0.0,0.0,0.0,0.0,1.0,0.0
3738,0,0.016753112018544864,0.0640255996483016,0.345,-0.7,0.0,0.0,0.0,0.0,0.0,0.0,0.0,1.0,0.0
3739,1,0.016923008699331457,0.0640255996483016,0.2648,-1.1,0.0,0.0,0.0,0.0,0.0,0.0,0.0,1.0,0.0
3740,0,0.016451167626589974,0.0640255996483016,0.385,0.6,0.0,0.0,0.0,0.0,0.0,0.0,0.0,1.0,0.0
3741,1,0.018577841913892463,0.0640255996483016,0.2716,0.1,0.0,0.0,0.0,0.0,0.0,0.0,0.0,1.0,0.0
3742,0,0.017162106854420153,0.0640255996483016,0.4174,-1.2,0.0,0.0,0.0,0.0,0.0,0.0,0.0,1.0,0.0
3743,0,0.015636284959808067,0.0640255996483016,0.0872,-1.2,0.0,0.0,0.0,0.0,0.0,0.0,0.0,1.0,0.0
3744,0,0.01559328118649176,0.0640255996483016,0.36219999999999997,-0.8,0.0,0.0,0.0,0.0,0.0,0.0,0.0,1.0,0.0
3745,0,0.014054254520762843,0.0640255996483016,0.5182,1.2,0.0,0.0,0.0,0.0,0.0,0.0,0.0,1.0,0.0
3746,1,0.014569452435567072,0.0640255996483016,0.1204,-1.1,0.0,0.0,0.0,0.0,0.0,0.0,0.0,1.0,0.0
3747,0,0.036117238030757656,0.04293668159954057,0.12240000000000001,0.6,0.0,0.0,0.0,0.0,0.0,0.0,1.0,0.0,0.0
3748,1,0.03929612779619855,0.04293668159954057,0.1376,0.0,0.0,0.0,0.0,0.0,0.0,0.0,1.0,0.0,0.0
3749,0,0.03838429245164441,0.04293668159954057,0.15839999999999999,0.1,0.0,0.0,0.0,0.0,0.0,0.0,1.0,0.0,0.0
3750,0,0.03480565825148493,0.04293668159954057,0.3452,2.5,0.0,0.0,0.0,0.0,0.0,0.0,1.0,0.0,0.0
3751,1,0.038338322900858014,0.04293668159954057,0.2488,-0.5,0.0,0.0,0.0,0.0,0.0,0.0,1.0,0.0,0.0
3752,0,0.03437152492086317,0.04293668159954057,0.207,-0.8,0.0,0.0,0.0,0.0,0.0,0.0,1.0,0.0,0.0
3753,1,0.047090826511339015,0.04293668159954057,0.2116,-0.3,0.0,0.0,0.0,0.0,0.0,0.0,1.0,0.0,0.0
3754,0,0.040081282074530274,0.04293668159954057,0.198,1.6,0.0,0.0,0.0,0.0,0.0,0.0,1.0,0.0,0.0
3755,0,0.0392743081476686,0.04293668159954057,0.0864,0.7,0.0,0.0,0.0,0.0,0.0,0.0,1.0,0.0,0.0
3756,1,0.04014603488262724,0.04293668159954057,0.2018,-1.7,0.0,0.0,0.0,0.0,0.0,0.0,1.0,0.0,0.0
3757,1,0.041131590981437906,0.04293668159954057,0.1378,0.2,0.0,0.0,0.0,0.0,0.0,0.0,1.0,0.0,0.0
3758,1,0.04155922784712519,0.04293668159954057,0.0834,0.6,0.0,0.0,0.0,0.0,0.0,0.0,1.0,0.0,0.0
3759,1,0.0416883097808234,0.04293668159954057,0.2144,2.3,0.0,0.0,0.0,0.0,0.0,0.0,1.0,0.0,0.0
3760,1,0.043162795479703205,0.04293668159954057,0.1864,0.5,0.0,0.0,0.0,0.0,0.0,0.0,1.0,0.0,0.0
3761,0,0.041172123273529135,0.04293668159954057,0.0834,0.3,0.0,0.0,0.0,0.0,0.0,0.0,1.0,0.0,0.0
3762,1,0.04270691311430078,0.04293668159954057,0.107,1.3,0.0,0.0,0.0,0.0,0.0,0.0,1.0,0.0,0.0
3763,1,0.043547428572074186,0.04293668159954057,0.1882,-0.9,0.0,0.0,0.0,0.0,0.0,0.0,1.0,0.0,0.0
3764,1,0.044451849472953095,0.04293668159954057,0.1804,-0.2,0.0,0.0,0.0,0.0,0.0,0.0,1.0,0.0,0.0
3765,0,0.0418709169364818,0.04293668159954057,0.19940000000000002,2.2,0.0,0.0,0.0,0.0,0.0,0.0,1.0,0.0,0.0
3766,0,0.03911634519051166,0.04293668159954057,0.1524,-1.5,0.0,0.0,0.0,0.0,0.0,0.0,1.0,0.0,0.0
3767,0,0.036382251431834996,0.04293668159954057,0.195,-1.7,0.0,0.0,0.0,0.0,0.0,0.0,1.0,0.0,0.0
3768,1,0.036645570102929424,0.04293668159954057,0.1244,-0.6,0.0,0.0,0.0,0.0,0.0,0.0,1.0,0.0,0.0
3769,0,0.03523371879966795,0.04293668159954057,0.265,-0.1,0.0,0.0,0.0,0.0,0.0,0.0,1.0,0.0,0.0
3770,0,0.034742529559621586,0.04293668159954057,0.491,0.9,0.0,0.0,0.0,0.0,0.0,0.0,1.0,0.0,0.0
3771,0,0.031648023224579686,0.04293668159954057,0.057999999999999996,0.3,0.0,0.0,0.0,0.0,0.0,0.0,1.0,0.0,0.0
3772,1,0.03180775152546882,0.04293668159954057,0.1444,0.6,0.0,0.0,0.0,0.0,0.0,0.0,1.0,0.0,0.0
3773,0,0.031135508632248395,0.04293668159954057,0.0706,-0.9,0.0,0.0,0.0,0.0,0.0,0.0,1.0,0.0,0.0
3774,0,0.03086117421626506,0.04293668159954057,0.2086,0.6,0.0,0.0,0.0,0.0,0.0,0.0,1.0,0.0,0.0
3775,1,0.030964905813968924,0.04293668159954057,0.099,-1.6,0.0,0.0,0.0,0.0,0.0,0.0,1.0,0.0,0.0
3776,1,0.03327086841071329,0.04293668159954057,0.0766,-0.9,0.0,0.0,0.0,0.0,0.0,0.0,1.0,0.0,0.0
3777,0,0.03325349742838848,0.04293668159954057,0.0724,1.5,0.0,0.0,0.0,0.0,0.0,0.0,1.0,0.0,0.0
3778,0,0.030287931799546208,0.04293668159954057,0.1866,-1.4,0.0,0.0,0.0,0.0,0.0,0.0,1.0,0.0,0.0
3779,1,0.0315915322251494,0.04293668159954057,0.5770000000000001,-0.8,0.0,0.0,0.0,0.0,0.0,0.0,1.0,0.0,0.0
3780,1,0.03463915103066416,0.04293668159954057,0.1202,-0.6,0.0,0.0,0.0,0.0,0.0,0.0,1.0,0.0,0.0
3781,1,0.03556532096632374,0.04293668159954057,0.35200000000000004,-0.5,0.0,0.0,0.0,0.0,0.0,0.0,1.0,0.0,0.0
3782,0,0.035130763953206245,0.04293668159954057,0.3858,0.5,0.0,0.0,0.0,0.0,0.0,0.0,1.0,0.0,0.0
3783,1,0.039246627557947764,0.04293668159954057,0.3322,2.2,0.0,0.0,0.0,0.0,0.0,0.0,1.0,0.0,0.0
3784,1,0.04324866179883725,0.04293668159954057,0.45439999999999997,-0.7,0.0,0.0,0.0,0.0,0.0,0.0,1.0,0.0,0.0
3785,0,0.04258065573057409,0.04293668159954057,0.4104,-1.1,0.0,0.0,0.0,0.0,0.0,0.0,1.0,0.0,0.0
3786,1,0.042988591360210056,0.04293668159954057,0.11,0.6,0.0,0.0,0.0,0.0,0.0,0.0,1.0,0.0,0.0
3787,0,0.029331751020439292,0.04293668159954057,0.40659999999999996,0.1,0.0,0.0,0.0,0.0,0.0,0.0,1.0,0.0,0.0
3788,1,0.055253069791522794,0.04293668159954057,0.5376,-1.2,0.0,0.0,0.0,0.0,0.0,0.0,1.0,0.0,0.0
3789,0,0.0497916611941011,0.04293668159954057,0.132,-1.2,0.0,0.0,0.0,0.0,0.0,0.0,1.0,0.0,0.0
3790,1,0.051484202150781824,0.04293668159954057,0.13019999999999998,-0.8,0.0,0.0,0.0,0.0,0.0,0.0,1.0,0.0,0.0
3791,0,0.04958751684490989,0.04293668159954057,0.41259999999999997,1.2,0.0,0.0,0.0,0.0,0.0,0.0,1.0,0.0,0.0
3792,0,0.046586856182671554,0.04293668159954057,0.5256000000000001,-1.1,0.0,0.0,0.0,0.0,0.0,0.0,1.0,0.0,0.0
3793,1,0.0334046108518645,0.009966872922827929,0.09300000000000001,0.6,0.0,1.0,0.0,0.0,0.0,0.0,0.0,0.0,0.0
3794,1,0.0355486561214918,0.009966872922827929,0.29960000000000003,0.0,0.0,1.0,0.0,0.0,0.0,0.0,0.0,0.0,0.0
3795,0,0.03300430150715162,0.009966872922827929,0.247,0.1,0.0,1.0,0.0,0.0,0.0,0.0,0.0,0.0,0.0
3796,1,0.03557089945251748,0.009966872922827929,0.12480000000000001,2.5,0.0,1.0,0.0,0.0,0.0,0.0,0.0,0.0,0.0
3797,1,0.037850523120777475,0.009966872922827929,0.14279999999999998,-0.5,0.0,1.0,0.0,0.0,0.0,0.0,0.0,0.0,0.0
3798,0,0.03372406745364278,0.009966872922827929,0.17980000000000002,-0.8,0.0,1.0,0.0,0.0,0.0,0.0,0.0,0.0,0.0
3799,1,0.03413002589829869,0.009966872922827929,0.1324,-0.3,0.0,1.0,0.0,0.0,0.0,0.0,0.0,0.0,0.0
3800,1,0.03980638274855263,0.009966872922827929,0.34979999999999994,1.6,0.0,1.0,0.0,0.0,0.0,0.0,0.0,0.0,0.0
3801,1,0.04081587690837188,0.009966872922827929,0.3432,0.7,0.0,1.0,0.0,0.0,0.0,0.0,0.0,0.0,0.0
3802,0,0.03966783857244985,0.009966872922827929,0.1446,-1.7,0.0,1.0,0.0,0.0,0.0,0.0,0.0,0.0,0.0
3803,1,0.041412421862355726,0.009966872922827929,0.187,0.2,0.0,1.0,0.0,0.0,0.0,0.0,0.0,0.0,0.0
3804,1,0.04216043330856203,0.009966872922827929,0.1018,0.6,0.0,1.0,0.0,0.0,0.0,0.0,0.0,0.0,0.0
3805,1,0.04662597619977703,0.009966872922827929,0.0674,2.3,0.0,1.0,0.0,0.0,0.0,0.0,0.0,0.0,0.0
3806,0,0.03792487939877759,0.009966872922827929,0.36219999999999997,0.5,0.0,1.0,0.0,0.0,0.0,0.0,0.0,0.0,0.0
3807,1,0.06150888306843291,0.009966872922827929,0.11699999999999999,0.3,0.0,1.0,0.0,0.0,0.0,0.0,0.0,0.0,0.0
3808,0,0.05689265043623762,0.009966872922827929,0.193,1.3,0.0,1.0,0.0,0.0,0.0,0.0,0.0,0.0,0.0
3809,0,0.05516141314494715,0.009966872922827929,0.3454,-0.9,0.0,1.0,0.0,0.0,0.0,0.0,0.0,0.0,0.0
3810,1,0.0587529696612263,0.009966872922827929,0.11939999999999999,-0.2,0.0,1.0,0.0,0.0,0.0,0.0,0.0,0.0,0.0
3811,1,0.0600198509371998,0.009966872922827929,0.3398,2.2,0.0,1.0,0.0,0.0,0.0,0.0,0.0,0.0,0.0
3812,0,0.05378769326630111,0.009966872922827929,0.316,-1.5,0.0,1.0,0.0,0.0,0.0,0.0,0.0,0.0,0.0
3813,0,0.04720578569517965,0.009966872922827929,0.08439999999999999,-1.7,0.0,1.0,0.0,0.0,0.0,0.0,0.0,0.0,0.0
3814,0,0.045924146145604985,0.009966872922827929,0.24420000000000003,-0.6,0.0,1.0,0.0,0.0,0.0,0.0,0.0,0.0,0.0
3815,1,0.05721817982045466,0.009966872922827929,0.128,-0.1,0.0,1.0,0.0,0.0,0.0,0.0,0.0,0.0,0.0
3816,1,0.06172820937372101,0.009966872922827929,0.1298,0.9,0.0,1.0,0.0,0.0,0.0,0.0,0.0,0.0,0.0
3817,0,0.04193588158582663,0.009966872922827929,0.1152,0.3,0.0,1.0,0.0,0.0,0.0,0.0,0.0,0.0,0.0
3818,1,0.04324936793633012,0.009966872922827929,0.195,0.6,0.0,1.0,0.0,0.0,0.0,0.0,0.0,0.0,0.0
3819,0,0.04173618590284057,0.009966872922827929,0.36939999999999995,-0.9,0.0,1.0,0.0,0.0,0.0,0.0,0.0,0.0,0.0
3820,1,0.04259124779296727,0.009966872922827929,0.3518,0.6,0.0,1.0,0.0,0.0,0.0,0.0,0.0,0.0,0.0
3821,0,0.040492254095385614,0.009966872922827929,0.109,-1.6,0.0,1.0,0.0,0.0,0.0,0.0,0.0,0.0,0.0
3822,1,0.04151156356635588,0.009966872922827929,0.1474,-0.9,0.0,1.0,0.0,0.0,0.0,0.0,0.0,0.0,0.0
3823,0,0.040754089877745,0.009966872922827929,0.2696,1.5,0.0,1.0,0.0,0.0,0.0,0.0,0.0,0.0,0.0
3824,0,0.03801801893408828,0.009966872922827929,0.1832,-1.4,0.0,1.0,0.0,0.0,0.0,0.0,0.0,0.0,0.0
3825,0,0.037360534314469014,0.009966872922827929,0.49,-0.8,0.0,1.0,0.0,0.0,0.0,0.0,0.0,0.0,0.0
3826,0,0.03644672178493481,0.009966872922827929,0.1804,-0.6,0.0,1.0,0.0,0.0,0.0,0.0,0.0,0.0,0.0
3827,1,0.038627274362943935,0.009966872922827929,0.12960000000000002,-0.5,0.0,1.0,0.0,0.0,0.0,0.0,0.0,0.0,0.0
3828,1,0.04322959608652952,0.009966872922827929,0.41600000000000004,0.5,0.0,1.0,0.0,0.0,0.0,0.0,0.0,0.0,0.0
3829,1,0.043595304694091355,0.009966872922827929,0.445,2.2,0.0,1.0,0.0,0.0,0.0,0.0,0.0,0.0,0.0
3830,1,0.04377515791352753,0.009966872922827929,0.1528,-0.7,0.0,1.0,0.0,0.0,0.0,0.0,0.0,0.0,0.0
3831,1,0.046350653191303666,0.009966872922827929,0.1646,-1.1,0.0,1.0,0.0,0.0,0.0,0.0,0.0,0.0,0.0
3832,0,0.04345217062428486,0.009966872922827929,0.4546,0.6,0.0,1.0,0.0,0.0,0.0,0.0,0.0,0.0,0.0
3833,0,0.03166355824942302,0.009966872922827929,0.1184,0.1,0.0,1.0,0.0,0.0,0.0,0.0,0.0,0.0,0.0
3834,1,0.05006521885884227,0.009966872922827929,0.3624,-1.2,0.0,1.0,0.0,0.0,0.0,0.0,0.0,0.0,0.0
3835,0,0.04289206236493355,0.009966872922827929,0.16899999999999998,-1.2,0.0,1.0,0.0,0.0,0.0,0.0,0.0,0.0,0.0
3836,0,0.04183575128933645,0.009966872922827929,0.2036,-0.8,0.0,1.0,0.0,0.0,0.0,0.0,0.0,0.0,0.0
3837,0,0.034558298287729564,0.009966872922827929,0.4428,1.2,0.0,1.0,0.0,0.0,0.0,0.0,0.0,0.0,0.0
3838,1,0.04281015041575963,0.009966872922827929,0.3396,-1.1,0.0,1.0,0.0,0.0,0.0,0.0,0.0,0.0,0.0
3839,1,0.1412464936742791,0.651275385649692,0.001044,0.6,0.0,0.0,0.0,0.0,0.0,0.0,0.0,0.0,0.0
3840,1,0.17807594198035412,0.651275385649692,0.0017300000000000002,0.0,0.0,0.0,0.0,0.0,0.0,0.0,0.0,0.0,0.0
3841,0,0.1672766988467645,0.651275385649692,0.001928,0.1,0.0,0.0,0.0,0.0,0.0,0.0,0.0,0.0,0.0
3842,0,0.1657475581059359,0.651275385649692,0.002552,2.5,0.0,0.0,0.0,0.0,0.0,0.0,0.0,0.0,0.0
3843,0,0.15690565748885643,0.651275385649692,0.0014980000000000002,-0.5,0.0,0.0,0.0,0.0,0.0,0.0,0.0,0.0,0.0
3844,1,0.1571974335009139,0.651275385649692,0.001794,-0.8,0.0,0.0,0.0,0.0,0.0,0.0,0.0,0.0,0.0
3845,1,0.1669136735616756,0.651275385649692,0.001442,-0.3,0.0,0.0,0.0,0.0,0.0,0.0,0.0,0.0,0.0
3846,1,0.1817028759850265,0.651275385649692,0.00193,1.6,0.0,0.0,0.0,0.0,0.0,0.0,0.0,0.0,0.0
3847,0,0.15408718029978077,0.651275385649692,0.00165,0.7,0.0,0.0,0.0,0.0,0.0,0.0,0.0,0.0,0.0
3848,1,0.18673396439428797,0.651275385649692,0.0017420000000000003,-1.7,0.0,0.0,0.0,0.0,0.0,0.0,0.0,0.0,0.0
3849,1,0.1993830053042224,0.651275385649692,0.00193,0.2,0.0,0.0,0.0,0.0,0.0,0.0,0.0,0.0,0.0
3850,1,0.20623006750391976,0.651275385649692,0.001476,0.6,0.0,0.0,0.0,0.0,0.0,0.0,0.0,0.0,0.0
3851,1,0.2220382263294945,0.651275385649692,0.0017399999999999998,2.3,0.0,0.0,0.0,0.0,0.0,0.0,0.0,0.0,0.0
3852,0,0.20564086637986187,0.651275385649692,0.002152,0.5,0.0,0.0,0.0,0.0,0.0,0.0,0.0,0.0,0.0
3853,1,0.21509971932446934,0.651275385649692,0.00099,0.3,0.0,0.0,0.0,0.0,0.0,0.0,0.0,0.0,0.0
3854,1,0.2206880914431106,0.651275385649692,0.001562,1.3,0.0,0.0,0.0,0.0,0.0,0.0,0.0,0.0,0.0
3855,0,0.21270068780616355,0.651275385649692,0.0030519999999999996,-0.9,0.0,0.0,0.0,0.0,0.0,0.0,0.0,0.0,0.0
3856,0,0.2040393465460132,0.651275385649692,0.001452,-0.2,0.0,0.0,0.0,0.0,0.0,0.0,0.0,0.0,0.0
3857,1,0.22037350719003318,0.651275385649692,0.003862,2.2,0.0,0.0,0.0,0.0,0.0,0.0,0.0,0.0,0.0
3858,1,0.22111855285876938,0.651275385649692,0.002228,-1.5,0.0,0.0,0.0,0.0,0.0,0.0,0.0,0.0,0.0
3859,0,0.20041827348253172,0.651275385649692,0.0011560000000000001,-1.7,0.0,0.0,0.0,0.0,0.0,0.0,0.0,0.0,0.0
3860,0,0.19478986336804424,0.651275385649692,0.0015060000000000002,-0.6,0.0,0.0,0.0,0.0,0.0,0.0,0.0,0.0,0.0
3861,1,0.20998248214107668,0.651275385649692,0.00149,-0.1,0.0,0.0,0.0,0.0,0.0,0.0,0.0,0.0,0.0
3862,1,0.2132093892560333,0.651275385649692,0.00224,0.9,0.0,0.0,0.0,0.0,0.0,0.0,0.0,0.0,0.0
3863,0,0.2025426175161077,0.651275385649692,0.0013980000000000002,0.3,0.0,0.0,0.0,0.0,0.0,0.0,0.0,0.0,0.0
3864,0,0.20023594878187045,0.651275385649692,0.001476,0.6,0.0,0.0,0.0,0.0,0.0,0.0,0.0,0.0,0.0
3865,1,0.2026822915121991,0.651275385649692,0.002732,-0.9,0.0,0.0,0.0,0.0,0.0,0.0,0.0,0.0,0.0
3866,1,0.22252814452205366,0.651275385649692,0.002516,0.6,0.0,0.0,0.0,0.0,0.0,0.0,0.0,0.0,0.0
3867,0,0.21654271129116676,0.651275385649692,0.001546,-1.6,0.0,0.0,0.0,0.0,0.0,0.0,0.0,0.0,0.0
3868,1,0.23268550867461665,0.651275385649692,0.001376,-0.9,0.0,0.0,0.0,0.0,0.0,0.0,0.0,0.0,0.0
3869,1,0.2570471109514299,0.651275385649692,0.002108,1.5,0.0,0.0,0.0,0.0,0.0,0.0,0.0,0.0,0.0
3870,0,0.23968608516526582,0.651275385649692,0.002294,-1.4,0.0,0.0,0.0,0.0,0.0,0.0,0.0,0.0,0.0
3871,1,0.24345707121848545,0.651275385649692,0.004725999999999999,-0.8,0.0,0.0,0.0,0.0,0.0,0.0,0.0,0.0,0.0
3872,0,0.2251187511421774,0.651275385649692,0.0017360000000000001,-0.6,0.0,0.0,0.0,0.0,0.0,0.0,0.0,0.0,0.0
3873,1,0.2481002783029087,0.651275385649692,0.0025739999999999995,-0.5,0.0,0.0,0.0,0.0,0.0,0.0,0.0,0.0,0.0
3874,1,0.2893546665943582,0.651275385649692,0.00395,0.5,0.0,0.0,0.0,0.0,0.0,0.0,0.0,0.0,0.0
3875,1,0.30061522935204543,0.651275385649692,0.004006,2.2,0.0,0.0,0.0,0.0,0.0,0.0,0.0,0.0,0.0
3876,0,0.29068319367346,0.651275385649692,0.003408,-0.7,0.0,0.0,0.0,0.0,0.0,0.0,0.0,0.0,0.0
3877,0,0.2905755783195453,0.651275385649692,0.002828,-1.1,0.0,0.0,0.0,0.0,0.0,0.0,0.0,0.0,0.0
3878,0,0.28388760889699344,0.651275385649692,0.002884,0.6,0.0,0.0,0.0,0.0,0.0,0.0,0.0,0.0,0.0
3879,0,0.26877753759687856,0.651275385649692,0.0032299999999999994,0.1,0.0,0.0,0.0,0.0,0.0,0.0,0.0,0.0,0.0
3880,1,0.3431999100663289,0.651275385649692,0.003814,-1.2,0.0,0.0,0.0,0.0,0.0,0.0,0.0,0.0,0.0
3881,0,0.23233632368438817,0.651275385649692,0.0017579999999999998,-1.2,0.0,0.0,0.0,0.0,0.0,0.0,0.0,0.0,0.0
3882,1,0.31785945999688736,0.651275385649692,0.00308,-0.8,0.0,0.0,0.0,0.0,0.0,0.0,0.0,0.0,0.0
3883,1,0.33501655327510804,0.651275385649692,0.0045899999999999995,1.2,0.0,0.0,0.0,0.0,0.0,0.0,0.0,0.0,0.0
3884,1,0.33633244049308736,0.651275385649692,0.003166,-1.1,0.0,0.0,0.0,0.0,0.0,0.0,0.0,0.0,0.0
3885,1,0.17584814880407143,0.2234928701139527,0.1016,0.6,0.0,0.0,0.0,0.0,0.0,0.0,0.0,0.0,1.0
3886,1,0.17772725128637068,0.2234928701139527,0.1656,0.0,0.0,0.0,0.0,0.0,0.0,0.0,0.0,0.0,1.0
3887,0,0.1705736548010147,0.2234928701139527,0.4886,0.1,0.0,0.0,0.0,0.0,0.0,0.0,0.0,0.0,1.0
3888,1,0.17353074677994243,0.2234928701139527,0.5682,2.5,0.0,0.0,0.0,0.0,0.0,0.0,0.0,0.0,1.0
3889,1,0.19337342217107903,0.2234928701139527,0.1202,-0.5,0.0,0.0,0.0,0.0,0.0,0.0,0.0,0.0,1.0
3890,1,0.19997474852325467,0.2234928701139527,0.044199999999999996,-0.8,0.0,0.0,0.0,0.0,0.0,0.0,0.0,0.0,1.0
3891,1,0.20313577301012573,0.2234928701139527,0.139,-0.3,0.0,0.0,0.0,0.0,0.0,0.0,0.0,0.0,1.0
3892,1,0.22259395653638994,0.2234928701139527,0.027999999999999997,1.6,0.0,0.0,0.0,0.0,0.0,0.0,0.0,0.0,1.0
3893,1,0.2271419056730239,0.2234928701139527,0.008199999999999999,0.7,0.0,0.0,0.0,0.0,0.0,0.0,0.0,0.0,1.0
3894,1,0.23360151023037876,0.2234928701139527,0.0154,-1.7,0.0,0.0,0.0,0.0,0.0,0.0,0.0,0.0,1.0
3895,0,0.220663659085857,0.2234928701139527,0.1656,0.2,0.0,0.0,0.0,0.0,0.0,0.0,0.0,0.0,1.0
3896,1,0.24171799580102402,0.2234928701139527,0.0,0.6,0.0,0.0,0.0,0.0,0.0,0.0,0.0,0.0,1.0
3897,1,0.26971048645246976,0.2234928701139527,0.1998,2.3,0.0,0.0,0.0,0.0,0.0,0.0,0.0,0.0,1.0
3898,1,0.2711317293843865,0.2234928701139527,0.0814,0.5,0.0,0.0,0.0,0.0,0.0,0.0,0.0,0.0,1.0
3899,1,0.27977993648716937,0.2234928701139527,0.001,0.3,0.0,0.0,0.0,0.0,0.0,0.0,0.0,0.0,1.0
3900,0,0.2795178888635621,0.2234928701139527,0.3274,1.3,0.0,0.0,0.0,0.0,0.0,0.0,0.0,0.0,1.0
3901,1,0.2857178466647855,0.2234928701139527,0.6344,-0.9,0.0,0.0,0.0,0.0,0.0,0.0,0.0,0.0,1.0
3902,0,0.2591503414739688,0.2234928701139527,0.295,-0.2,0.0,0.0,0.0,0.0,0.0,0.0,0.0,0.0,1.0
3903,0,0.25824380216061127,0.2234928701139527,0.4722,2.2,0.0,0.0,0.0,0.0,0.0,0.0,0.0,0.0,1.0
3904,0,0.24669668880831389,0.2234928701139527,0.0006,-1.5,0.0,0.0,0.0,0.0,0.0,0.0,0.0,0.0,1.0
3905,0,0.24015051179433208,0.2234928701139527,0.045599999999999995,-1.7,0.0,0.0,0.0,0.0,0.0,0.0,0.0,0.0,1.0
3906,0,0.23787872625224304,0.2234928701139527,0.0748,-0.6,0.0,0.0,0.0,0.0,0.0,0.0,0.0,0.0,1.0
3907,0,0.23739403347713117,0.2234928701139527,0.16879999999999998,-0.1,0.0,0.0,0.0,0.0,0.0,0.0,0.0,0.0,1.0
3908,1,0.23858013262391936,0.2234928701139527,0.2738,0.9,0.0,0.0,0.0,0.0,0.0,0.0,0.0,0.0,1.0
3909,0,0.23167742678978315,0.2234928701139527,0.1116,0.3,0.0,0.0,0.0,0.0,0.0,0.0,0.0,0.0,1.0
3910,1,0.23331799602698802,0.2234928701139527,0.3014,0.6,0.0,0.0,0.0,0.0,0.0,0.0,0.0,0.0,1.0
3911,0,0.2289752504457846,0.2234928701139527,0.1636,-0.9,0.0,0.0,0.0,0.0,0.0,0.0,0.0,0.0,1.0
3912,1,0.24739018644006996,0.2234928701139527,0.2982,0.6,0.0,0.0,0.0,0.0,0.0,0.0,0.0,0.0,1.0
3913,0,0.2423120692737828,0.2234928701139527,0.16760000000000003,-1.6,0.0,0.0,0.0,0.0,0.0,0.0,0.0,0.0,1.0
3914,1,0.26391691077839796,0.2234928701139527,0.005600000000000001,-0.9,0.0,0.0,0.0,0.0,0.0,0.0,0.0,0.0,1.0
3915,1,0.2754930463816526,0.2234928701139527,0.17579999999999998,1.5,0.0,0.0,0.0,0.0,0.0,0.0,0.0,0.0,1.0
3916,1,0.27902267463980635,0.2234928701139527,0.0572,-1.4,0.0,0.0,0.0,0.0,0.0,0.0,0.0,0.0,1.0
3917,0,0.2721033039608382,0.2234928701139527,0.37799999999999995,-0.8,0.0,0.0,0.0,0.0,0.0,0.0,0.0,0.0,1.0
3918,0,0.2606488358476065,0.2234928701139527,0.3486,-0.6,0.0,0.0,0.0,0.0,0.0,0.0,0.0,0.0,1.0
3919,1,0.2741679087625166,0.2234928701139527,0.6265999999999999,-0.5,0.0,0.0,0.0,0.0,0.0,0.0,0.0,0.0,1.0
3920,1,0.2930623827282159,0.2234928701139527,0.6437999999999999,0.5,0.0,0.0,0.0,0.0,0.0,0.0,0.0,0.0,1.0
3921,1,0.35510722415374363,0.2234928701139527,0.33020000000000005,2.2,0.0,0.0,0.0,0.0,0.0,0.0,0.0,0.0,1.0
3922,0,0.30624406314902863,0.2234928701139527,0.5094,-0.7,0.0,0.0,0.0,0.0,0.0,0.0,0.0,0.0,1.0
3923,0,0.2831213084897216,0.2234928701139527,0.252,-1.1,0.0,0.0,0.0,0.0,0.0,0.0,0.0,0.0,1.0
3924,1,0.31231479778905524,0.2234928701139527,0.15539999999999998,0.6,0.0,0.0,0.0,0.0,0.0,0.0,0.0,0.0,1.0
3925,0,0.16017408548839435,0.2234928701139527,0.42200000000000004,0.1,0.0,0.0,0.0,0.0,0.0,0.0,0.0,0.0,1.0
3926,1,0.2321494090900232,0.2234928701139527,0.7173999999999999,-1.2,0.0,0.0,0.0,0.0,0.0,0.0,0.0,0.0,1.0
3927,1,0.2589794562006922,0.2234928701139527,0.4266,-1.2,0.0,0.0,0.0,0.0,0.0,0.0,0.0,0.0,1.0
3928,1,0.27518672393724186,0.2234928701139527,0.1744,-0.8,0.0,0.0,0.0,0.0,0.0,0.0,0.0,0.0,1.0
3929,1,0.29105624611094777,0.2234928701139527,0.332,1.2,0.0,0.0,0.0,0.0,0.0,0.0,0.0,0.0,1.0
3930,1,0.3021147829319224,0.2234928701139527,0.501,-1.1,0.0,0.0,0.0,0.0,0.0,0.0,0.0,0.0,1.0
3931,1,0.0793589796821647,0.04320025295339059,0.12240000000000001,0.6,0.0,0.0,0.0,0.0,0.0,0.0,1.0,0.0,0.0
3932,1,0.0910075649921887,0.04320025295339059,0.1376,0.0,0.0,0.0,0.0,0.0,0.0,0.0,1.0,0.0,0.0
3933,0,0.08800520959996747,0.04320025295339059,0.15839999999999999,0.1,0.0,0.0,0.0,0.0,0.0,0.0,1.0,0.0,0.0
3934,1,0.08989342125592485,0.04320025295339059,0.3452,2.5,0.0,0.0,0.0,0.0,0.0,0.0,1.0,0.0,0.0
3935,1,0.0972530686617028,0.04320025295339059,0.2488,-0.5,0.0,0.0,0.0,0.0,0.0,0.0,1.0,0.0,0.0
3936,1,0.10615167211946039,0.04320025295339059,0.207,-0.8,0.0,0.0,0.0,0.0,0.0,0.0,1.0,0.0,0.0
3937,1,0.11796048002661856,0.04320025295339059,0.2116,-0.3,0.0,0.0,0.0,0.0,0.0,0.0,1.0,0.0,0.0
3938,1,0.125524342395337,0.04320025295339059,0.198,1.6,0.0,0.0,0.0,0.0,0.0,0.0,1.0,0.0,0.0
3939,1,0.1375790273775155,0.04320025295339059,0.0864,0.7,0.0,0.0,0.0,0.0,0.0,0.0,1.0,0.0,0.0
3940,1,0.14114671644653537,0.04320025295339059,0.2018,-1.7,0.0,0.0,0.0,0.0,0.0,0.0,1.0,0.0,0.0
3941,1,0.14845834650279757,0.04320025295339059,0.1378,0.2,0.0,0.0,0.0,0.0,0.0,0.0,1.0,0.0,0.0
3942,1,0.1579627453156957,0.04320025295339059,0.0834,0.6,0.0,0.0,0.0,0.0,0.0,0.0,1.0,0.0,0.0
3943,1,0.16881106500504042,0.04320025295339059,0.2144,2.3,0.0,0.0,0.0,0.0,0.0,0.0,1.0,0.0,0.0
3944,1,0.1689490442711489,0.04320025295339059,0.1864,0.5,0.0,0.0,0.0,0.0,0.0,0.0,1.0,0.0,0.0
3945,0,0.1603547154590727,0.04320025295339059,0.0834,0.3,0.0,0.0,0.0,0.0,0.0,0.0,1.0,0.0,0.0
3946,1,0.17160285019688526,0.04320025295339059,0.107,1.3,0.0,0.0,0.0,0.0,0.0,0.0,1.0,0.0,0.0
3947,1,0.1763932163348244,0.04320025295339059,0.1882,-0.9,0.0,0.0,0.0,0.0,0.0,0.0,1.0,0.0,0.0
3948,0,0.17268832475093823,0.04320025295339059,0.1804,-0.2,0.0,0.0,0.0,0.0,0.0,0.0,1.0,0.0,0.0
3949,0,0.16735797527219481,0.04320025295339059,0.19940000000000002,2.2,0.0,0.0,0.0,0.0,0.0,0.0,1.0,0.0,0.0
3950,1,0.1729799595354971,0.04320025295339059,0.1524,-1.5,0.0,0.0,0.0,0.0,0.0,0.0,1.0,0.0,0.0
3951,0,0.17175721185282852,0.04320025295339059,0.195,-1.7,0.0,0.0,0.0,0.0,0.0,0.0,1.0,0.0,0.0
3952,0,0.15660569028188162,0.04320025295339059,0.1244,-0.6,0.0,0.0,0.0,0.0,0.0,0.0,1.0,0.0,0.0
3953,1,0.18306932264749587,0.04320025295339059,0.265,-0.1,0.0,0.0,0.0,0.0,0.0,0.0,1.0,0.0,0.0
3954,0,0.1736245218389967,0.04320025295339059,0.491,0.9,0.0,0.0,0.0,0.0,0.0,0.0,1.0,0.0,0.0
3955,1,0.18905715674585857,0.04320025295339059,0.057999999999999996,0.3,0.0,0.0,0.0,0.0,0.0,0.0,1.0,0.0,0.0
3956,0,0.18265411380168325,0.04320025295339059,0.1444,0.6,0.0,0.0,0.0,0.0,0.0,0.0,1.0,0.0,0.0
3957,0,0.18129020923418823,0.04320025295339059,0.0706,-0.9,0.0,0.0,0.0,0.0,0.0,0.0,1.0,0.0,0.0
3958,1,0.1876405743213948,0.04320025295339059,0.2086,0.6,0.0,0.0,0.0,0.0,0.0,0.0,1.0,0.0,0.0
3959,1,0.18996186010173463,0.04320025295339059,0.099,-1.6,0.0,0.0,0.0,0.0,0.0,0.0,1.0,0.0,0.0
3960,1,0.19315699102951175,0.04320025295339059,0.0766,-0.9,0.0,0.0,0.0,0.0,0.0,0.0,1.0,0.0,0.0
3961,0,0.1882542784164556,0.04320025295339059,0.0724,1.5,0.0,0.0,0.0,0.0,0.0,0.0,1.0,0.0,0.0
3962,1,0.19951950168159582,0.04320025295339059,0.1866,-1.4,0.0,0.0,0.0,0.0,0.0,0.0,1.0,0.0,0.0
3963,1,0.20997753917862652,0.04320025295339059,0.5770000000000001,-0.8,0.0,0.0,0.0,0.0,0.0,0.0,1.0,0.0,0.0
3964,0,0.19824012177199837,0.04320025295339059,0.1202,-0.6,0.0,0.0,0.0,0.0,0.0,0.0,1.0,0.0,0.0
3965,1,0.22523639364849096,0.04320025295339059,0.35200000000000004,-0.5,0.0,0.0,0.0,0.0,0.0,0.0,1.0,0.0,0.0
3966,1,0.25765869663401203,0.04320025295339059,0.3858,0.5,0.0,0.0,0.0,0.0,0.0,0.0,1.0,0.0,0.0
3967,1,0.3032950211375197,0.04320025295339059,0.3322,2.2,0.0,0.0,0.0,0.0,0.0,0.0,1.0,0.0,0.0
3968,1,0.3181016651569447,0.04320025295339059,0.45439999999999997,-0.7,0.0,0.0,0.0,0.0,0.0,0.0,1.0,0.0,0.0
3969,0,0.3050537271772832,0.04320025295339059,0.4104,-1.1,0.0,0.0,0.0,0.0,0.0,0.0,1.0,0.0,0.0
3970,1,0.31693343128872636,0.04320025295339059,0.11,0.6,0.0,0.0,0.0,0.0,0.0,0.0,1.0,0.0,0.0
3971,0,0.2535919095850256,0.04320025295339059,0.40659999999999996,0.1,0.0,0.0,0.0,0.0,0.0,0.0,1.0,0.0,0.0
3972,1,0.3558816451421836,0.04320025295339059,0.5376,-1.2,0.0,0.0,0.0,0.0,0.0,0.0,1.0,0.0,0.0
3973,0,0.33134915759209377,0.04320025295339059,0.132,-1.2,0.0,0.0,0.0,0.0,0.0,0.0,1.0,0.0,0.0
3974,0,0.32646416903010883,0.04320025295339059,0.13019999999999998,-0.8,0.0,0.0,0.0,0.0,0.0,0.0,1.0,0.0,0.0
3975,1,0.34929740731733566,0.04320025295339059,0.41259999999999997,1.2,0.0,0.0,0.0,0.0,0.0,0.0,1.0,0.0,0.0
3976,1,0.35197599866907203,0.04320025295339059,0.5256000000000001,-1.1,0.0,0.0,0.0,0.0,0.0,0.0,1.0,0.0,0.0
